#usda 1.0
(
    defaultPrim = "WorkbenchPart"
    metersPerUnit = 1
    upAxis = "Y"
)
def Xform "WorkbenchPart" (
    kind = "component"
    customData = {
        string catalogID = "battery-1s-550"
        string forwardAxis = "+Z"
    }
)
{
    def Scope "Materials"
    {
        def Material "gold"
        {
            token outputs:surface.connect = </WorkbenchPart/Materials/gold/Surface.outputs:surface>
            def Shader "Surface"
            {
                uniform token info:id = "UsdPreviewSurface"
                color3f inputs:diffuseColor = (0.6444797, 0.4286905, 0.09758735)
                float inputs:roughness = 0.27
                float inputs:metallic = 0.78
                float inputs:ior = 1.46
                token outputs:surface
            }
        }
        def Material "label_battery_1s_550_1S__550_mAh"
        {
            token outputs:surface.connect = </WorkbenchPart/Materials/label_battery_1s_550_1S__550_mAh/Surface.outputs:surface>
            def Shader "Surface"
            {
                uniform token info:id = "UsdPreviewSurface"
                color3f inputs:diffuseColor = (1, 1, 1)
                float inputs:roughness = 0.72
                float inputs:metallic = 0
                float inputs:ior = 1.46
                color3f inputs:diffuseColor.connect = </WorkbenchPart/Materials/label_battery_1s_550_1S__550_mAh/Color.outputs:rgb>
                token outputs:surface
            }
            def Shader "UV"
            {
                uniform token info:id = "UsdPrimvarReader_float2"
                string inputs:varname = "st"
                float2 outputs:result
            }
            def Shader "Color"
            {
                uniform token info:id = "UsdUVTexture"
                asset inputs:file = @textures/battery_1s_550_1S__550_mAh.png@
                token inputs:sourceColorSpace = "sRGB"
                token inputs:wrapS = "repeat"
                token inputs:wrapT = "repeat"
                float2 inputs:st.connect = </WorkbenchPart/Materials/label_battery_1s_550_1S__550_mAh/UV.outputs:result>
                float3 outputs:rgb
                float outputs:r
            }
        }
        def Material "plastic_battery_1s_550"
        {
            token outputs:surface.connect = </WorkbenchPart/Materials/plastic_battery_1s_550/Surface.outputs:surface>
            def Shader "Surface"
            {
                uniform token info:id = "UsdPreviewSurface"
                color3f inputs:diffuseColor = (0.1470273, 0.2831487, 0.7454042)
                float inputs:roughness = 0.54
                float inputs:metallic = 0.02
                float inputs:ior = 1.46
                color3f inputs:diffuseColor.connect = </WorkbenchPart/Materials/plastic_battery_1s_550/Color.outputs:rgb>
                normal3f inputs:normal.connect = </WorkbenchPart/Materials/plastic_battery_1s_550/Normal.outputs:rgb>
                float inputs:roughness.connect = </WorkbenchPart/Materials/plastic_battery_1s_550/Rough.outputs:r>
                token outputs:surface
            }
            def Shader "UV"
            {
                uniform token info:id = "UsdPrimvarReader_float2"
                string inputs:varname = "st"
                float2 outputs:result
            }
            def Shader "Color"
            {
                uniform token info:id = "UsdUVTexture"
                asset inputs:file = @textures/surface-429402d7c3cf74-color.png@
                token inputs:sourceColorSpace = "sRGB"
                token inputs:wrapS = "repeat"
                token inputs:wrapT = "repeat"
                float2 inputs:st.connect = </WorkbenchPart/Materials/plastic_battery_1s_550/UV.outputs:result>
                float3 outputs:rgb
                float outputs:r
            }
            def Shader "Normal"
            {
                uniform token info:id = "UsdUVTexture"
                asset inputs:file = @textures/grain-normal.png@
                token inputs:sourceColorSpace = "raw"
                token inputs:wrapS = "repeat"
                token inputs:wrapT = "repeat"
                float2 inputs:st.connect = </WorkbenchPart/Materials/plastic_battery_1s_550/UV.outputs:result>
                float4 inputs:scale = (2, 2, 2, 1)
                float4 inputs:bias = (-1, -1, -1, 0)
                float3 outputs:rgb
                float outputs:r
            }
            def Shader "Rough"
            {
                uniform token info:id = "UsdUVTexture"
                asset inputs:file = @textures/surface-429402d7c3cf74-rough.png@
                token inputs:sourceColorSpace = "raw"
                token inputs:wrapS = "repeat"
                token inputs:wrapT = "repeat"
                float2 inputs:st.connect = </WorkbenchPart/Materials/plastic_battery_1s_550/UV.outputs:result>
                float3 outputs:rgb
                float outputs:r
            }
        }
        def Material "polymer"
        {
            token outputs:surface.connect = </WorkbenchPart/Materials/polymer/Surface.outputs:surface>
            def Shader "Surface"
            {
                uniform token info:id = "UsdPreviewSurface"
                color3f inputs:diffuseColor = (0.01850022, 0.02624122, 0.03560131)
                float inputs:roughness = 0.58
                float inputs:metallic = 0.02
                float inputs:ior = 1.46
                color3f inputs:diffuseColor.connect = </WorkbenchPart/Materials/polymer/Color.outputs:rgb>
                normal3f inputs:normal.connect = </WorkbenchPart/Materials/polymer/Normal.outputs:rgb>
                float inputs:roughness.connect = </WorkbenchPart/Materials/polymer/Rough.outputs:r>
                token outputs:surface
            }
            def Shader "UV"
            {
                uniform token info:id = "UsdPrimvarReader_float2"
                string inputs:varname = "st"
                float2 outputs:result
            }
            def Shader "Color"
            {
                uniform token info:id = "UsdUVTexture"
                asset inputs:file = @textures/surface-7e58029f8b2b78-color.png@
                token inputs:sourceColorSpace = "sRGB"
                token inputs:wrapS = "repeat"
                token inputs:wrapT = "repeat"
                float2 inputs:st.connect = </WorkbenchPart/Materials/polymer/UV.outputs:result>
                float3 outputs:rgb
                float outputs:r
            }
            def Shader "Normal"
            {
                uniform token info:id = "UsdUVTexture"
                asset inputs:file = @textures/grain-normal.png@
                token inputs:sourceColorSpace = "raw"
                token inputs:wrapS = "repeat"
                token inputs:wrapT = "repeat"
                float2 inputs:st.connect = </WorkbenchPart/Materials/polymer/UV.outputs:result>
                float4 inputs:scale = (2, 2, 2, 1)
                float4 inputs:bias = (-1, -1, -1, 0)
                float3 outputs:rgb
                float outputs:r
            }
            def Shader "Rough"
            {
                uniform token info:id = "UsdUVTexture"
                asset inputs:file = @textures/surface-7e58029f8b2b78-rough.png@
                token inputs:sourceColorSpace = "raw"
                token inputs:wrapS = "repeat"
                token inputs:wrapT = "repeat"
                float2 inputs:st.connect = </WorkbenchPart/Materials/polymer/UV.outputs:result>
                float3 outputs:rgb
                float outputs:r
            }
        }
        def Material "seam"
        {
            token outputs:surface.connect = </WorkbenchPart/Materials/seam/Surface.outputs:surface>
            def Shader "Surface"
            {
                uniform token info:id = "UsdPreviewSurface"
                color3f inputs:diffuseColor = (0.01599629, 0.02624122, 0.03433981)
                float inputs:roughness = 0.82
                float inputs:metallic = 0
                float inputs:ior = 1.46
                token outputs:surface
            }
        }
        def Material "strap"
        {
            token outputs:surface.connect = </WorkbenchPart/Materials/strap/Surface.outputs:surface>
            def Shader "Surface"
            {
                uniform token info:id = "UsdPreviewSurface"
                color3f inputs:diffuseColor = (0.03310477, 0.04373503, 0.05780543)
                float inputs:roughness = 0.91
                float inputs:metallic = 0
                float inputs:ior = 1.46
                color3f inputs:diffuseColor.connect = </WorkbenchPart/Materials/strap/Color.outputs:rgb>
                normal3f inputs:normal.connect = </WorkbenchPart/Materials/strap/Normal.outputs:rgb>
                float inputs:roughness.connect = </WorkbenchPart/Materials/strap/Rough.outputs:r>
                token outputs:surface
            }
            def Shader "UV"
            {
                uniform token info:id = "UsdPrimvarReader_float2"
                string inputs:varname = "st"
                float2 outputs:result
            }
            def Shader "Color"
            {
                uniform token info:id = "UsdUVTexture"
                asset inputs:file = @textures/surface-6922c5691fab5f-color.png@
                token inputs:sourceColorSpace = "sRGB"
                token inputs:wrapS = "repeat"
                token inputs:wrapT = "repeat"
                float2 inputs:st.connect = </WorkbenchPart/Materials/strap/UV.outputs:result>
                float3 outputs:rgb
                float outputs:r
            }
            def Shader "Normal"
            {
                uniform token info:id = "UsdUVTexture"
                asset inputs:file = @textures/weave-normal.png@
                token inputs:sourceColorSpace = "raw"
                token inputs:wrapS = "repeat"
                token inputs:wrapT = "repeat"
                float2 inputs:st.connect = </WorkbenchPart/Materials/strap/UV.outputs:result>
                float4 inputs:scale = (2, 2, 2, 1)
                float4 inputs:bias = (-1, -1, -1, 0)
                float3 outputs:rgb
                float outputs:r
            }
            def Shader "Rough"
            {
                uniform token info:id = "UsdUVTexture"
                asset inputs:file = @textures/surface-6922c5691fab5f-rough.png@
                token inputs:sourceColorSpace = "raw"
                token inputs:wrapS = "repeat"
                token inputs:wrapT = "repeat"
                float2 inputs:st.connect = </WorkbenchPart/Materials/strap/UV.outputs:result>
                float3 outputs:rgb
                float outputs:r
            }
        }
        def Material "yellow"
        {
            token outputs:surface.connect = </WorkbenchPart/Materials/yellow/Surface.outputs:surface>
            def Shader "Surface"
            {
                uniform token info:id = "UsdPreviewSurface"
                color3f inputs:diffuseColor = (0.7156935, 0.456411, 0.08865559)
                float inputs:roughness = 0.53
                float inputs:metallic = 0
                float inputs:ior = 1.46
                color3f inputs:diffuseColor.connect = </WorkbenchPart/Materials/yellow/Color.outputs:rgb>
                normal3f inputs:normal.connect = </WorkbenchPart/Materials/yellow/Normal.outputs:rgb>
                float inputs:roughness.connect = </WorkbenchPart/Materials/yellow/Rough.outputs:r>
                token outputs:surface
            }
            def Shader "UV"
            {
                uniform token info:id = "UsdPrimvarReader_float2"
                string inputs:varname = "st"
                float2 outputs:result
            }
            def Shader "Color"
            {
                uniform token info:id = "UsdUVTexture"
                asset inputs:file = @textures/surface-a3852df502fb56-color.png@
                token inputs:sourceColorSpace = "sRGB"
                token inputs:wrapS = "repeat"
                token inputs:wrapT = "repeat"
                float2 inputs:st.connect = </WorkbenchPart/Materials/yellow/UV.outputs:result>
                float3 outputs:rgb
                float outputs:r
            }
            def Shader "Normal"
            {
                uniform token info:id = "UsdUVTexture"
                asset inputs:file = @textures/grain-normal.png@
                token inputs:sourceColorSpace = "raw"
                token inputs:wrapS = "repeat"
                token inputs:wrapT = "repeat"
                float2 inputs:st.connect = </WorkbenchPart/Materials/yellow/UV.outputs:result>
                float4 inputs:scale = (2, 2, 2, 1)
                float4 inputs:bias = (-1, -1, -1, 0)
                float3 outputs:rgb
                float outputs:r
            }
            def Shader "Rough"
            {
                uniform token info:id = "UsdUVTexture"
                asset inputs:file = @textures/surface-a3852df502fb56-rough.png@
                token inputs:sourceColorSpace = "raw"
                token inputs:wrapS = "repeat"
                token inputs:wrapT = "repeat"
                float2 inputs:st.connect = </WorkbenchPart/Materials/yellow/UV.outputs:result>
                float3 outputs:rgb
                float outputs:r
            }
        }
    }
    def Xform "Pack"
    {
        def Mesh "HeatShrinkEnvelope_01" (prepend apiSchemas = ["MaterialBindingAPI"])
        {
            uniform token subdivisionScheme = "none"
            uniform token orientation = "rightHanded"
            bool doubleSided = false
            point3f[] points = [(-0.008128068, -0.003628068, -0.02212807), (-0.008206667, -0.003706667, -0.02191333), (-0.008242254, -0.003742254, -0.02162), (-0.008242254, -0.003742254, 0.02162), (-0.008206667, -0.003706667, 0.02191333), (-0.008128068, -0.003628068, 0.02212807), (-0.008206667, -0.003413333, -0.02220667), (-0.008338517, -0.003479258, -0.02197926), (-0.008407096, -0.003513548, -0.02162), (-0.008407096, -0.003513548, 0.02162), (-0.008338517, -0.003479258, 0.02197926), (-0.008206667, -0.003413333, 0.02220667), (-0.008242254, -0.00312, -0.02224225), (-0.008407096, -0.00312, -0.02201355), (-0.0085, -0.00312, -0.02162), (-0.0085, -0.00312, 0.02162), (-0.008407096, -0.00312, 0.02201355), (-0.008242254, -0.00312, 0.02224225), (-0.008242254, 0.00312, -0.02224225), (-0.008407096, 0.00312, -0.02201355), (-0.0085, 0.00312, -0.02162), (-0.0085, 0.00312, 0.02162), (-0.008407096, 0.00312, 0.02201355), (-0.008242254, 0.00312, 0.02224225), (-0.008206667, 0.003413333, -0.02220667), (-0.008338517, 0.003479258, -0.02197926), (-0.008407096, 0.003513548, -0.02162), (-0.008407096, 0.003513548, 0.02162), (-0.008338517, 0.003479258, 0.02197926), (-0.008206667, 0.003413333, 0.02220667), (-0.008128068, 0.003628068, -0.02212807), (-0.008206667, 0.003706667, -0.02191333), (-0.008242254, 0.003742254, -0.02162), (-0.008242254, 0.003742254, 0.02162), (-0.008206667, 0.003706667, 0.02191333), (-0.008128068, 0.003628068, 0.02212807), (0.008128068, -0.003628068, -0.02212807), (0.008206667, -0.003706667, -0.02191333), (0.008242254, -0.003742254, -0.02162), (0.008242254, -0.003742254, 0.02162), (0.008206667, -0.003706667, 0.02191333), (0.008128068, -0.003628068, 0.02212807), (0.008206667, -0.003413333, -0.02220667), (0.008338517, -0.003479258, -0.02197926), (0.008407096, -0.003513548, -0.02162), (0.008407096, -0.003513548, 0.02162), (0.008338517, -0.003479258, 0.02197926), (0.008206667, -0.003413333, 0.02220667), (0.008242254, -0.00312, -0.02224225), (0.008407096, -0.00312, -0.02201355), (0.0085, -0.00312, -0.02162), (0.0085, -0.00312, 0.02162), (0.008407096, -0.00312, 0.02201355), (0.008242254, -0.00312, 0.02224225), (0.008242254, 0.00312, -0.02224225), (0.008407096, 0.00312, -0.02201355), (0.0085, 0.00312, -0.02162), (0.0085, 0.00312, 0.02162), (0.008407096, 0.00312, 0.02201355), (0.008242254, 0.00312, 0.02224225), (0.008206667, 0.003413333, -0.02220667), (0.008338517, 0.003479258, -0.02197926), (0.008407096, 0.003513548, -0.02162), (0.008407096, 0.003513548, 0.02162), (0.008338517, 0.003479258, 0.02197926), (0.008206667, 0.003413333, 0.02220667), (0.008128068, 0.003628068, -0.02212807), (0.008206667, 0.003706667, -0.02191333), (0.008242254, 0.003742254, -0.02162), (0.008242254, 0.003742254, 0.02162), (0.008206667, 0.003706667, 0.02191333), (0.008128068, 0.003628068, 0.02212807), (-0.008128068, -0.003628068, -0.02212807), (-0.007913333, -0.003706667, -0.02220667), (-0.00762, -0.003742254, -0.02224225), (0.00762, -0.003742254, -0.02224225), (0.007913333, -0.003706667, -0.02220667), (0.008128068, -0.003628068, -0.02212807), (-0.008206667, -0.003706667, -0.02191333), (-0.007979258, -0.003838517, -0.02197926), (-0.00762, -0.003907096, -0.02201355), (0.00762, -0.003907096, -0.02201355), (0.007979258, -0.003838517, -0.02197926), (0.008206667, -0.003706667, -0.02191333), (-0.008242254, -0.003742254, -0.02162), (-0.008013548, -0.003907096, -0.02162), (-0.00762, -0.004, -0.02162), (0.00762, -0.004, -0.02162), (0.008013548, -0.003907096, -0.02162), (0.008242254, -0.003742254, -0.02162), (-0.008242254, -0.003742254, 0.02162), (-0.008013548, -0.003907096, 0.02162), (-0.00762, -0.004, 0.02162), (0.00762, -0.004, 0.02162), (0.008013548, -0.003907096, 0.02162), (0.008242254, -0.003742254, 0.02162), (-0.008206667, -0.003706667, 0.02191333), (-0.007979258, -0.003838517, 0.02197926), (-0.00762, -0.003907096, 0.02201355), (0.00762, -0.003907096, 0.02201355), (0.007979258, -0.003838517, 0.02197926), (0.008206667, -0.003706667, 0.02191333), (-0.008128068, -0.003628068, 0.02212807), (-0.007913333, -0.003706667, 0.02220667), (-0.00762, -0.003742254, 0.02224225), (0.00762, -0.003742254, 0.02224225), (0.007913333, -0.003706667, 0.02220667), (0.008128068, -0.003628068, 0.02212807), (-0.008128068, 0.003628068, -0.02212807), (-0.007913333, 0.003706667, -0.02220667), (-0.00762, 0.003742254, -0.02224225), (0.00762, 0.003742254, -0.02224225), (0.007913333, 0.003706667, -0.02220667), (0.008128068, 0.003628068, -0.02212807), (-0.008206667, 0.003706667, -0.02191333), (-0.007979258, 0.003838517, -0.02197926), (-0.00762, 0.003907096, -0.02201355), (0.00762, 0.003907096, -0.02201355), (0.007979258, 0.003838517, -0.02197926), (0.008206667, 0.003706667, -0.02191333), (-0.008242254, 0.003742254, -0.02162), (-0.008013548, 0.003907096, -0.02162), (-0.00762, 0.004, -0.02162), (0.00762, 0.004, -0.02162), (0.008013548, 0.003907096, -0.02162), (0.008242254, 0.003742254, -0.02162), (-0.008242254, 0.003742254, 0.02162), (-0.008013548, 0.003907096, 0.02162), (-0.00762, 0.004, 0.02162), (0.00762, 0.004, 0.02162), (0.008013548, 0.003907096, 0.02162), (0.008242254, 0.003742254, 0.02162), (-0.008206667, 0.003706667, 0.02191333), (-0.007979258, 0.003838517, 0.02197926), (-0.00762, 0.003907096, 0.02201355), (0.00762, 0.003907096, 0.02201355), (0.007979258, 0.003838517, 0.02197926), (0.008206667, 0.003706667, 0.02191333), (-0.008128068, 0.003628068, 0.02212807), (-0.007913333, 0.003706667, 0.02220667), (-0.00762, 0.003742254, 0.02224225), (0.00762, 0.003742254, 0.02224225), (0.007913333, 0.003706667, 0.02220667), (0.008128068, 0.003628068, 0.02212807), (-0.008128068, -0.003628068, -0.02212807), (-0.008206667, -0.003413333, -0.02220667), (-0.008242254, -0.00312, -0.02224225), (-0.008242254, 0.00312, -0.02224225), (-0.008206667, 0.003413333, -0.02220667), (-0.008128068, 0.003628068, -0.02212807), (-0.007913333, -0.003706667, -0.02220667), (-0.007979258, -0.003479258, -0.02233852), (-0.008013548, -0.00312, -0.0224071), (-0.008013548, 0.00312, -0.0224071), (-0.007979258, 0.003479258, -0.02233852), (-0.007913333, 0.003706667, -0.02220667), (-0.00762, -0.003742254, -0.02224225), (-0.00762, -0.003513548, -0.0224071), (-0.00762, -0.00312, -0.0225), (-0.00762, 0.00312, -0.0225), (-0.00762, 0.003513548, -0.0224071), (-0.00762, 0.003742254, -0.02224225), (0.00762, -0.003742254, -0.02224225), (0.00762, -0.003513548, -0.0224071), (0.00762, -0.00312, -0.0225), (0.00762, 0.00312, -0.0225), (0.00762, 0.003513548, -0.0224071), (0.00762, 0.003742254, -0.02224225), (0.007913333, -0.003706667, -0.02220667), (0.007979258, -0.003479258, -0.02233852), (0.008013548, -0.00312, -0.0224071), (0.008013548, 0.00312, -0.0224071), (0.007979258, 0.003479258, -0.02233852), (0.007913333, 0.003706667, -0.02220667), (0.008128068, -0.003628068, -0.02212807), (0.008206667, -0.003413333, -0.02220667), (0.008242254, -0.00312, -0.02224225), (0.008242254, 0.00312, -0.02224225), (0.008206667, 0.003413333, -0.02220667), (0.008128068, 0.003628068, -0.02212807), (-0.008128068, -0.003628068, 0.02212807), (-0.008206667, -0.003413333, 0.02220667), (-0.008242254, -0.00312, 0.02224225), (-0.008242254, 0.00312, 0.02224225), (-0.008206667, 0.003413333, 0.02220667), (-0.008128068, 0.003628068, 0.02212807), (-0.007913333, -0.003706667, 0.02220667), (-0.007979258, -0.003479258, 0.02233852), (-0.008013548, -0.00312, 0.0224071), (-0.008013548, 0.00312, 0.0224071), (-0.007979258, 0.003479258, 0.02233852), (-0.007913333, 0.003706667, 0.02220667), (-0.00762, -0.003742254, 0.02224225), (-0.00762, -0.003513548, 0.0224071), (-0.00762, -0.00312, 0.0225), (-0.00762, 0.00312, 0.0225), (-0.00762, 0.003513548, 0.0224071), (-0.00762, 0.003742254, 0.02224225), (0.00762, -0.003742254, 0.02224225), (0.00762, -0.003513548, 0.0224071), (0.00762, -0.00312, 0.0225), (0.00762, 0.00312, 0.0225), (0.00762, 0.003513548, 0.0224071), (0.00762, 0.003742254, 0.02224225), (0.007913333, -0.003706667, 0.02220667), (0.007979258, -0.003479258, 0.02233852), (0.008013548, -0.00312, 0.0224071), (0.008013548, 0.00312, 0.0224071), (0.007979258, 0.003479258, 0.02233852), (0.007913333, 0.003706667, 0.02220667), (0.008128068, -0.003628068, 0.02212807), (0.008206667, -0.003413333, 0.02220667), (0.008242254, -0.00312, 0.02224225), (0.008242254, 0.00312, 0.02224225), (0.008206667, 0.003413333, 0.02220667), (0.008128068, 0.003628068, 0.02212807)]
            int[] faceVertexCounts = [3, 3, 3, 3, 3, 3, 3, 3, 3, 3, 3, 3, 3, 3, 3, 3, 3, 3, 3, 3, 3, 3, 3, 3, 3, 3, 3, 3, 3, 3, 3, 3, 3, 3, 3, 3, 3, 3, 3, 3, 3, 3, 3, 3, 3, 3, 3, 3, 3, 3, 3, 3, 3, 3, 3, 3, 3, 3, 3, 3, 3, 3, 3, 3, 3, 3, 3, 3, 3, 3, 3, 3, 3, 3, 3, 3, 3, 3, 3, 3, 3, 3, 3, 3, 3, 3, 3, 3, 3, 3, 3, 3, 3, 3, 3, 3, 3, 3, 3, 3, 3, 3, 3, 3, 3, 3, 3, 3, 3, 3, 3, 3, 3, 3, 3, 3, 3, 3, 3, 3, 3, 3, 3, 3, 3, 3, 3, 3, 3, 3, 3, 3, 3, 3, 3, 3, 3, 3, 3, 3, 3, 3, 3, 3, 3, 3, 3, 3, 3, 3, 3, 3, 3, 3, 3, 3, 3, 3, 3, 3, 3, 3, 3, 3, 3, 3, 3, 3, 3, 3, 3, 3, 3, 3, 3, 3, 3, 3, 3, 3, 3, 3, 3, 3, 3, 3, 3, 3, 3, 3, 3, 3, 3, 3, 3, 3, 3, 3, 3, 3, 3, 3, 3, 3, 3, 3, 3, 3, 3, 3, 3, 3, 3, 3, 3, 3, 3, 3, 3, 3, 3, 3, 3, 3, 3, 3, 3, 3, 3, 3, 3, 3, 3, 3, 3, 3, 3, 3, 3, 3, 3, 3, 3, 3, 3, 3, 3, 3, 3, 3, 3, 3, 3, 3, 3, 3, 3, 3, 3, 3, 3, 3, 3, 3, 3, 3, 3, 3, 3, 3, 3, 3, 3, 3, 3, 3, 3, 3, 3, 3, 3, 3, 3, 3, 3, 3, 3, 3, 3, 3, 3, 3, 3, 3, 3, 3, 3, 3, 3, 3]
            int[] faceVertexIndices = [1, 7, 6, 1, 6, 0, 2, 8, 7, 2, 7, 1, 3, 9, 8, 3, 8, 2, 4, 10, 9, 4, 9, 3, 5, 11, 10, 5, 10, 4, 7, 13, 12, 7, 12, 6, 8, 14, 13, 8, 13, 7, 9, 15, 14, 9, 14, 8, 10, 16, 15, 10, 15, 9, 11, 17, 16, 11, 16, 10, 13, 19, 18, 13, 18, 12, 14, 20, 19, 14, 19, 13, 15, 21, 20, 15, 20, 14, 16, 22, 21, 16, 21, 15, 17, 23, 22, 17, 22, 16, 19, 25, 24, 19, 24, 18, 20, 26, 25, 20, 25, 19, 21, 27, 26, 21, 26, 20, 22, 28, 27, 22, 27, 21, 23, 29, 28, 23, 28, 22, 25, 31, 30, 25, 30, 24, 26, 32, 31, 26, 31, 25, 27, 33, 32, 27, 32, 26, 28, 34, 33, 28, 33, 27, 29, 35, 34, 29, 34, 28, 36, 42, 43, 36, 43, 37, 37, 43, 44, 37, 44, 38, 38, 44, 45, 38, 45, 39, 39, 45, 46, 39, 46, 40, 40, 46, 47, 40, 47, 41, 42, 48, 49, 42, 49, 43, 43, 49, 50, 43, 50, 44, 44, 50, 51, 44, 51, 45, 45, 51, 52, 45, 52, 46, 46, 52, 53, 46, 53, 47, 48, 54, 55, 48, 55, 49, 49, 55, 56, 49, 56, 50, 50, 56, 57, 50, 57, 51, 51, 57, 58, 51, 58, 52, 52, 58, 59, 52, 59, 53, 54, 60, 61, 54, 61, 55, 55, 61, 62, 55, 62, 56, 56, 62, 63, 56, 63, 57, 57, 63, 64, 57, 64, 58, 58, 64, 65, 58, 65, 59, 60, 66, 67, 60, 67, 61, 61, 67, 68, 61, 68, 62, 62, 68, 69, 62, 69, 63, 63, 69, 70, 63, 70, 64, 64, 70, 71, 64, 71, 65, 73, 79, 78, 73, 78, 72, 74, 80, 79, 74, 79, 73, 75, 81, 80, 75, 80, 74, 76, 82, 81, 76, 81, 75, 77, 83, 82, 77, 82, 76, 79, 85, 84, 79, 84, 78, 80, 86, 85, 80, 85, 79, 81, 87, 86, 81, 86, 80, 82, 88, 87, 82, 87, 81, 83, 89, 88, 83, 88, 82, 85, 91, 90, 85, 90, 84, 86, 92, 91, 86, 91, 85, 87, 93, 92, 87, 92, 86, 88, 94, 93, 88, 93, 87, 89, 95, 94, 89, 94, 88, 91, 97, 96, 91, 96, 90, 92, 98, 97, 92, 97, 91, 93, 99, 98, 93, 98, 92, 94, 100, 99, 94, 99, 93, 95, 101, 100, 95, 100, 94, 97, 103, 102, 97, 102, 96, 98, 104, 103, 98, 103, 97, 99, 105, 104, 99, 104, 98, 100, 106, 105, 100, 105, 99, 101, 107, 106, 101, 106, 100, 108, 114, 115, 108, 115, 109, 109, 115, 116, 109, 116, 110, 110, 116, 117, 110, 117, 111, 111, 117, 118, 111, 118, 112, 112, 118, 119, 112, 119, 113, 114, 120, 121, 114, 121, 115, 115, 121, 122, 115, 122, 116, 116, 122, 123, 116, 123, 117, 117, 123, 124, 117, 124, 118, 118, 124, 125, 118, 125, 119, 120, 126, 127, 120, 127, 121, 121, 127, 128, 121, 128, 122, 122, 128, 129, 122, 129, 123, 123, 129, 130, 123, 130, 124, 124, 130, 131, 124, 131, 125, 126, 132, 133, 126, 133, 127, 127, 133, 134, 127, 134, 128, 128, 134, 135, 128, 135, 129, 129, 135, 136, 129, 136, 130, 130, 136, 137, 130, 137, 131, 132, 138, 139, 132, 139, 133, 133, 139, 140, 133, 140, 134, 134, 140, 141, 134, 141, 135, 135, 141, 142, 135, 142, 136, 136, 142, 143, 136, 143, 137, 145, 151, 150, 145, 150, 144, 146, 152, 151, 146, 151, 145, 147, 153, 152, 147, 152, 146, 148, 154, 153, 148, 153, 147, 149, 155, 154, 149, 154, 148, 151, 157, 156, 151, 156, 150, 152, 158, 157, 152, 157, 151, 153, 159, 158, 153, 158, 152, 154, 160, 159, 154, 159, 153, 155, 161, 160, 155, 160, 154, 157, 163, 162, 157, 162, 156, 158, 164, 163, 158, 163, 157, 159, 165, 164, 159, 164, 158, 160, 166, 165, 160, 165, 159, 161, 167, 166, 161, 166, 160, 163, 169, 168, 163, 168, 162, 164, 170, 169, 164, 169, 163, 165, 171, 170, 165, 170, 164, 166, 172, 171, 166, 171, 165, 167, 173, 172, 167, 172, 166, 169, 175, 174, 169, 174, 168, 170, 176, 175, 170, 175, 169, 171, 177, 176, 171, 176, 170, 172, 178, 177, 172, 177, 171, 173, 179, 178, 173, 178, 172, 180, 186, 187, 180, 187, 181, 181, 187, 188, 181, 188, 182, 182, 188, 189, 182, 189, 183, 183, 189, 190, 183, 190, 184, 184, 190, 191, 184, 191, 185, 186, 192, 193, 186, 193, 187, 187, 193, 194, 187, 194, 188, 188, 194, 195, 188, 195, 189, 189, 195, 196, 189, 196, 190, 190, 196, 197, 190, 197, 191, 192, 198, 199, 192, 199, 193, 193, 199, 200, 193, 200, 194, 194, 200, 201, 194, 201, 195, 195, 201, 202, 195, 202, 196, 196, 202, 203, 196, 203, 197, 198, 204, 205, 198, 205, 199, 199, 205, 206, 199, 206, 200, 200, 206, 207, 200, 207, 201, 201, 207, 208, 201, 208, 202, 202, 208, 209, 202, 209, 203, 204, 210, 211, 204, 211, 205, 205, 211, 212, 205, 212, 206, 206, 212, 213, 206, 213, 207, 207, 213, 214, 207, 214, 208, 208, 214, 215, 208, 215, 209]
            normal3f[] normals = [(-0.7745967, -0.4472136, -0.4472136), (-0.7668657, -0.5195657, -0.376787), (-0.8114449, -0.5844225, -0.002758926), (-0.8112421, -0.5847102, 0.0005725051), (-0.7900625, -0.5555967, 0.2590629), (-0.7071068, -0.5, 0.5), (-0.7668657, -0.376787, -0.5195657), (-0.8559572, -0.3656073, -0.3656073), (-0.8962004, -0.4436447, -0.00204725), (-0.945039, -0.3269548, 0.001374374), (-0.8844941, -0.3299016, 0.3299016), (-0.7900625, -0.2590629, 0.5555967), (-0.8124283, -0.01761606, -0.5827949), (-0.8992194, -0.01345092, -0.4372912), (-0.9996514, -0.02611726, -0.003870244), (-0.9999727, -0.007294744, 0.001149921), (-0.9437123, -0.009156764, 0.3306406), (-0.811236, -0.003889181, 0.5847059), (-0.811236, 0.003889181, -0.5847059), (-0.9437123, 0.009156764, -0.3306406), (-0.9999727, 0.007294744, -0.001149921), (-0.9996514, 0.02611726, 0.003870244), (-0.8992194, 0.01345092, 0.4372912), (-0.8124283, 0.01761606, 0.5827949), (-0.7900625, 0.2590629, -0.5555967), (-0.8844941, 0.3299016, -0.3299016), (-0.945039, 0.3269548, -0.001374374), (-0.8962004, 0.4436447, 0.00204725), (-0.8559572, 0.3656073, 0.3656073), (-0.7668657, 0.376787, 0.5195657), (-0.7071068, 0.5, -0.5), (-0.7900625, 0.5555967, -0.2590629), (-0.8112421, 0.5847102, -0.0005725051), (-0.8114449, 0.5844225, 0.002758926), (-0.7668657, 0.5195657, 0.376787), (-0.7745967, 0.4472136, 0.4472136), (0.7071068, -0.5, -0.5), (0.7900625, -0.5555967, -0.2590629), (0.8112421, -0.5847102, -0.0005725051), (0.8114449, -0.5844225, 0.002758926), (0.7668657, -0.5195657, 0.376787), (0.7745967, -0.4472136, 0.4472136), (0.7900625, -0.2590629, -0.5555967), (0.8844941, -0.3299016, -0.3299016), (0.945039, -0.3269548, -0.001374374), (0.8962004, -0.4436447, 0.00204725), (0.8559572, -0.3656073, 0.3656073), (0.7668657, -0.376787, 0.5195657), (0.811236, -0.003889181, -0.5847059), (0.9437123, -0.009156764, -0.3306406), (0.9999727, -0.007294744, -0.001149921), (0.9996514, -0.02611726, 0.003870244), (0.8992194, -0.01345092, 0.4372912), (0.8124283, -0.01761606, 0.5827949), (0.8124283, 0.01761606, -0.5827949), (0.8992194, 0.01345092, -0.4372912), (0.9996514, 0.02611726, -0.003870244), (0.9999727, 0.007294744, 0.001149921), (0.9437123, 0.009156764, 0.3306406), (0.811236, 0.003889181, 0.5847059), (0.7668657, 0.376787, -0.5195657), (0.8559572, 0.3656073, -0.3656073), (0.8962004, 0.4436447, -0.00204725), (0.945039, 0.3269548, 0.001374374), (0.8844941, 0.3299016, 0.3299016), (0.7900625, 0.2590629, 0.5555967), (0.7745967, 0.4472136, -0.4472136), (0.7668657, 0.5195657, -0.376787), (0.8114449, 0.5844225, -0.002758926), (0.8112421, 0.5847102, 0.0005725051), (0.7900625, 0.5555967, 0.2590629), (0.7071068, 0.5, 0.5), (-0.4472136, -0.7745967, -0.4472136), (-0.376787, -0.7668657, -0.5195657), (-0.007626543, -0.8117871, -0.5839037), (0.001614324, -0.8112411, -0.5847095), (0.2590629, -0.7900625, -0.5555967), (0.5, -0.7071068, -0.5), (-0.5195657, -0.7668657, -0.376787), (-0.3656073, -0.8559572, -0.3656073), (-0.005711943, -0.8971881, -0.4416116), (0.003851678, -0.9446245, -0.3281308), (0.3299016, -0.8844941, -0.3299016), (0.5555967, -0.7900625, -0.2590629), (-0.5844225, -0.8114449, -0.002758926), (-0.4436447, -0.8962004, -0.00204725), (-0.01144462, -0.9999262, -0.004067246), (0.003042456, -0.9999948, -0.001103), (0.3269548, -0.945039, -0.001374374), (0.5847102, -0.8112421, -0.0005725051), (-0.5847102, -0.8112421, 0.0005725051), (-0.3269548, -0.945039, 0.001374374), (-0.003042456, -0.9999948, 0.001103), (0.01144462, -0.9999262, 0.004067246), (0.4436447, -0.8962004, 0.00204725), (0.5844225, -0.8114449, 0.002758926), (-0.5555967, -0.7900625, 0.2590629), (-0.3299016, -0.8844941, 0.3299016), (-0.003851678, -0.9446245, 0.3281308), (0.005711943, -0.8971881, 0.4416116), (0.3656073, -0.8559572, 0.3656073), (0.5195657, -0.7668657, 0.376787), (-0.5, -0.7071068, 0.5), (-0.2590629, -0.7900625, 0.5555967), (-0.001614324, -0.8112411, 0.5847095), (0.007626543, -0.8117871, 0.5839037), (0.376787, -0.7668657, 0.5195657), (0.4472136, -0.7745967, 0.4472136), (-0.5, 0.7071068, -0.5), (-0.2590629, 0.7900625, -0.5555967), (-0.001614324, 0.8112411, -0.5847095), (0.007626543, 0.8117871, -0.5839037), (0.376787, 0.7668657, -0.5195657), (0.4472136, 0.7745967, -0.4472136), (-0.5555967, 0.7900625, -0.2590629), (-0.3299016, 0.8844941, -0.3299016), (-0.003851678, 0.9446245, -0.3281308), (0.005711943, 0.8971881, -0.4416116), (0.3656073, 0.8559572, -0.3656073), (0.5195657, 0.7668657, -0.376787), (-0.5847102, 0.8112421, -0.0005725051), (-0.3269548, 0.945039, -0.001374374), (-0.003042456, 0.9999948, -0.001103), (0.01144462, 0.9999262, -0.004067246), (0.4436447, 0.8962004, -0.00204725), (0.5844225, 0.8114449, -0.002758926), (-0.5844225, 0.8114449, 0.002758926), (-0.4436447, 0.8962004, 0.00204725), (-0.01144462, 0.9999262, 0.004067246), (0.003042456, 0.9999948, 0.001103), (0.3269548, 0.945039, 0.001374374), (0.5847102, 0.8112421, 0.0005725051), (-0.5195657, 0.7668657, 0.376787), (-0.3656073, 0.8559572, 0.3656073), (-0.005711943, 0.8971881, 0.4416116), (0.003851678, 0.9446245, 0.3281308), (0.3299016, 0.8844941, 0.3299016), (0.5555967, 0.7900625, 0.2590629), (-0.4472136, 0.7745967, 0.4472136), (-0.376787, 0.7668657, 0.5195657), (-0.007626543, 0.8117871, 0.5839037), (0.001614324, 0.8112411, 0.5847095), (0.2590629, 0.7900625, 0.5555967), (0.5, 0.7071068, 0.5), (-0.4472136, -0.4472136, -0.7745967), (-0.5195657, -0.376787, -0.7668657), (-0.5827949, -0.01761606, -0.8124283), (-0.5847059, 0.003889181, -0.811236), (-0.5555967, 0.2590629, -0.7900625), (-0.5, 0.5, -0.7071068), (-0.376787, -0.5195657, -0.7668657), (-0.3656073, -0.3656073, -0.8559572), (-0.4372912, -0.01345092, -0.8992194), (-0.3306406, 0.009156764, -0.9437123), (-0.3299016, 0.3299016, -0.8844941), (-0.2590629, 0.5555967, -0.7900625), (-0.007626543, -0.5839037, -0.8117871), (-0.005711943, -0.4416116, -0.8971881), (-0.01065936, -0.02556344, -0.9996164), (-0.003233535, 0.007436538, -0.9999671), (-0.003851678, 0.3281308, -0.9446245), (-0.001614324, 0.5847095, -0.8112411), (0.001614324, -0.5847095, -0.8112411), (0.003851678, -0.3281308, -0.9446245), (0.003233535, -0.007436538, -0.9999671), (0.01065936, 0.02556344, -0.9996164), (0.005711943, 0.4416116, -0.8971881), (0.007626543, 0.5839037, -0.8117871), (0.2590629, -0.5555967, -0.7900625), (0.3299016, -0.3299016, -0.8844941), (0.3306406, -0.009156764, -0.9437123), (0.4372912, 0.01345092, -0.8992194), (0.3656073, 0.3656073, -0.8559572), (0.376787, 0.5195657, -0.7668657), (0.5, -0.5, -0.7071068), (0.5555967, -0.2590629, -0.7900625), (0.5847059, -0.003889181, -0.811236), (0.5827949, 0.01761606, -0.8124283), (0.5195657, 0.376787, -0.7668657), (0.4472136, 0.4472136, -0.7745967), (-0.5, -0.5, 0.7071068), (-0.5555967, -0.2590629, 0.7900625), (-0.5847059, -0.003889181, 0.811236), (-0.5827949, 0.01761606, 0.8124283), (-0.5195657, 0.376787, 0.7668657), (-0.4472136, 0.4472136, 0.7745967), (-0.2590629, -0.5555967, 0.7900625), (-0.3299016, -0.3299016, 0.8844941), (-0.3306406, -0.009156764, 0.9437123), (-0.4372912, 0.01345092, 0.8992194), (-0.3656073, 0.3656073, 0.8559572), (-0.376787, 0.5195657, 0.7668657), (-0.001614324, -0.5847095, 0.8112411), (-0.003851678, -0.3281308, 0.9446245), (-0.003233535, -0.007436538, 0.9999671), (-0.01065936, 0.02556344, 0.9996164), (-0.005711943, 0.4416116, 0.8971881), (-0.007626543, 0.5839037, 0.8117871), (0.007626543, -0.5839037, 0.8117871), (0.005711943, -0.4416116, 0.8971881), (0.01065936, -0.02556344, 0.9996164), (0.003233535, 0.007436538, 0.9999671), (0.003851678, 0.3281308, 0.9446245), (0.001614324, 0.5847095, 0.8112411), (0.376787, -0.5195657, 0.7668657), (0.3656073, -0.3656073, 0.8559572), (0.4372912, -0.01345092, 0.8992194), (0.3306406, 0.009156764, 0.9437123), (0.3299016, 0.3299016, 0.8844941), (0.2590629, 0.5555967, 0.7900625), (0.4472136, -0.4472136, 0.7745967), (0.5195657, -0.376787, 0.7668657), (0.5827949, -0.01761606, 0.8124283), (0.5847059, 0.003889181, 0.811236), (0.5555967, 0.2590629, 0.7900625), (0.5, 0.5, 0.7071068)] (interpolation = "vertex")
            float3[] extent = [(-0.0085, -0.004, -0.0225), (0.0085, 0.004, 0.0225)]
            rel material:binding = </WorkbenchPart/Materials/plastic_battery_1s_550>
            texCoord2f[] primvars:st = [(-0.4118519, -2.434815), (-0.3865843, -2.44214), (-0.3792593, -2.467407), (-0.4118519, -2.434815), (-0.3792593, -2.467407), (-0.4031187, -2.458674), (-0.415806, -2.402222), (-0.3903942, -2.402222), (-0.3865843, -2.44214), (-0.415806, -2.402222), (-0.3865843, -2.44214), (-0.4118519, -2.434815), (-0.415806, 2.402222), (-0.3903942, 2.402222), (-0.3903942, -2.402222), (-0.415806, 2.402222), (-0.3903942, -2.402222), (-0.415806, -2.402222), (-0.4118519, 2.434815), (-0.3865843, 2.44214), (-0.3903942, 2.402222), (-0.4118519, 2.434815), (-0.3903942, 2.402222), (-0.415806, 2.402222), (-0.4031187, 2.458674), (-0.3792593, 2.467407), (-0.3865843, 2.44214), (-0.4031187, 2.458674), (-0.3865843, 2.44214), (-0.4118519, 2.434815), (-0.3865843, -2.44214), (-0.3466667, -2.44595), (-0.3466667, -2.471362), (-0.3865843, -2.44214), (-0.3466667, -2.471362), (-0.3792593, -2.467407), (-0.3903942, -2.402222), (-0.3466667, -2.402222), (-0.3466667, -2.44595), (-0.3903942, -2.402222), (-0.3466667, -2.44595), (-0.3865843, -2.44214), (-0.3903942, 2.402222), (-0.3466667, 2.402222), (-0.3466667, -2.402222), (-0.3903942, 2.402222), (-0.3466667, -2.402222), (-0.3903942, -2.402222), (-0.3865843, 2.44214), (-0.3466667, 2.44595), (-0.3466667, 2.402222), (-0.3865843, 2.44214), (-0.3466667, 2.402222), (-0.3903942, 2.402222), (-0.3792593, 2.467407), (-0.3466667, 2.471362), (-0.3466667, 2.44595), (-0.3792593, 2.467407), (-0.3466667, 2.44595), (-0.3865843, 2.44214), (-0.3466667, -2.44595), (0.3466667, -2.44595), (0.3466667, -2.471362), (-0.3466667, -2.44595), (0.3466667, -2.471362), (-0.3466667, -2.471362), (-0.3466667, -2.402222), (0.3466667, -2.402222), (0.3466667, -2.44595), (-0.3466667, -2.402222), (0.3466667, -2.44595), (-0.3466667, -2.44595), (-0.3466667, 2.402222), (0.3466667, 2.402222), (0.3466667, -2.402222), (-0.3466667, 2.402222), (0.3466667, -2.402222), (-0.3466667, -2.402222), (-0.3466667, 2.44595), (0.3466667, 2.44595), (0.3466667, 2.402222), (-0.3466667, 2.44595), (0.3466667, 2.402222), (-0.3466667, 2.402222), (-0.3466667, 2.471362), (0.3466667, 2.471362), (0.3466667, 2.44595), (-0.3466667, 2.471362), (0.3466667, 2.44595), (-0.3466667, 2.44595), (0.3466667, -2.44595), (0.3865843, -2.44214), (0.3792593, -2.467407), (0.3466667, -2.44595), (0.3792593, -2.467407), (0.3466667, -2.471362), (0.3466667, -2.402222), (0.3903942, -2.402222), (0.3865843, -2.44214), (0.3466667, -2.402222), (0.3865843, -2.44214), (0.3466667, -2.44595), (0.3466667, 2.402222), (0.3903942, 2.402222), (0.3903942, -2.402222), (0.3466667, 2.402222), (0.3903942, -2.402222), (0.3466667, -2.402222), (0.3466667, 2.44595), (0.3865843, 2.44214), (0.3903942, 2.402222), (0.3466667, 2.44595), (0.3903942, 2.402222), (0.3466667, 2.402222), (0.3466667, 2.471362), (0.3792593, 2.467407), (0.3865843, 2.44214), (0.3466667, 2.471362), (0.3865843, 2.44214), (0.3466667, 2.44595), (0.3865843, -2.44214), (0.4118519, -2.434815), (0.4031187, -2.458674), (0.3865843, -2.44214), (0.4031187, -2.458674), (0.3792593, -2.467407), (0.3903942, -2.402222), (0.415806, -2.402222), (0.4118519, -2.434815), (0.3903942, -2.402222), (0.4118519, -2.434815), (0.3865843, -2.44214), (0.3903942, 2.402222), (0.415806, 2.402222), (0.415806, -2.402222), (0.3903942, 2.402222), (0.415806, -2.402222), (0.3903942, -2.402222), (0.3865843, 2.44214), (0.4118519, 2.434815), (0.415806, 2.402222), (0.3865843, 2.44214), (0.415806, 2.402222), (0.3903942, 2.402222), (0.3792593, 2.467407), (0.4031187, 2.458674), (0.4118519, 2.434815), (0.3792593, 2.467407), (0.4118519, 2.434815), (0.3865843, 2.44214), (-0.4031187, -2.458674), (-0.3792593, -2.467407), (-0.3865843, -2.44214), (-0.4031187, -2.458674), (-0.3865843, -2.44214), (-0.4118519, -2.434815), (-0.4118519, -2.434815), (-0.3865843, -2.44214), (-0.3903942, -2.402222), (-0.4118519, -2.434815), (-0.3903942, -2.402222), (-0.415806, -2.402222), (-0.415806, -2.402222), (-0.3903942, -2.402222), (-0.3903942, 2.402222), (-0.415806, -2.402222), (-0.3903942, 2.402222), (-0.415806, 2.402222), (-0.415806, 2.402222), (-0.3903942, 2.402222), (-0.3865843, 2.44214), (-0.415806, 2.402222), (-0.3865843, 2.44214), (-0.4118519, 2.434815), (-0.4118519, 2.434815), (-0.3865843, 2.44214), (-0.3792593, 2.467407), (-0.4118519, 2.434815), (-0.3792593, 2.467407), (-0.4031187, 2.458674), (-0.3792593, -2.467407), (-0.3466667, -2.471362), (-0.3466667, -2.44595), (-0.3792593, -2.467407), (-0.3466667, -2.44595), (-0.3865843, -2.44214), (-0.3865843, -2.44214), (-0.3466667, -2.44595), (-0.3466667, -2.402222), (-0.3865843, -2.44214), (-0.3466667, -2.402222), (-0.3903942, -2.402222), (-0.3903942, -2.402222), (-0.3466667, -2.402222), (-0.3466667, 2.402222), (-0.3903942, -2.402222), (-0.3466667, 2.402222), (-0.3903942, 2.402222), (-0.3903942, 2.402222), (-0.3466667, 2.402222), (-0.3466667, 2.44595), (-0.3903942, 2.402222), (-0.3466667, 2.44595), (-0.3865843, 2.44214), (-0.3865843, 2.44214), (-0.3466667, 2.44595), (-0.3466667, 2.471362), (-0.3865843, 2.44214), (-0.3466667, 2.471362), (-0.3792593, 2.467407), (-0.3466667, -2.471362), (0.3466667, -2.471362), (0.3466667, -2.44595), (-0.3466667, -2.471362), (0.3466667, -2.44595), (-0.3466667, -2.44595), (-0.3466667, -2.44595), (0.3466667, -2.44595), (0.3466667, -2.402222), (-0.3466667, -2.44595), (0.3466667, -2.402222), (-0.3466667, -2.402222), (-0.3466667, -2.402222), (0.3466667, -2.402222), (0.3466667, 2.402222), (-0.3466667, -2.402222), (0.3466667, 2.402222), (-0.3466667, 2.402222), (-0.3466667, 2.402222), (0.3466667, 2.402222), (0.3466667, 2.44595), (-0.3466667, 2.402222), (0.3466667, 2.44595), (-0.3466667, 2.44595), (-0.3466667, 2.44595), (0.3466667, 2.44595), (0.3466667, 2.471362), (-0.3466667, 2.44595), (0.3466667, 2.471362), (-0.3466667, 2.471362), (0.3466667, -2.471362), (0.3792593, -2.467407), (0.3865843, -2.44214), (0.3466667, -2.471362), (0.3865843, -2.44214), (0.3466667, -2.44595), (0.3466667, -2.44595), (0.3865843, -2.44214), (0.3903942, -2.402222), (0.3466667, -2.44595), (0.3903942, -2.402222), (0.3466667, -2.402222), (0.3466667, -2.402222), (0.3903942, -2.402222), (0.3903942, 2.402222), (0.3466667, -2.402222), (0.3903942, 2.402222), (0.3466667, 2.402222), (0.3466667, 2.402222), (0.3903942, 2.402222), (0.3865843, 2.44214), (0.3466667, 2.402222), (0.3865843, 2.44214), (0.3466667, 2.44595), (0.3466667, 2.44595), (0.3865843, 2.44214), (0.3792593, 2.467407), (0.3466667, 2.44595), (0.3792593, 2.467407), (0.3466667, 2.471362), (0.3792593, -2.467407), (0.4031187, -2.458674), (0.4118519, -2.434815), (0.3792593, -2.467407), (0.4118519, -2.434815), (0.3865843, -2.44214), (0.3865843, -2.44214), (0.4118519, -2.434815), (0.415806, -2.402222), (0.3865843, -2.44214), (0.415806, -2.402222), (0.3903942, -2.402222), (0.3903942, -2.402222), (0.415806, -2.402222), (0.415806, 2.402222), (0.3903942, -2.402222), (0.415806, 2.402222), (0.3903942, 2.402222), (0.3903942, 2.402222), (0.415806, 2.402222), (0.4118519, 2.434815), (0.3903942, 2.402222), (0.4118519, 2.434815), (0.3865843, 2.44214), (0.3865843, 2.44214), (0.4118519, 2.434815), (0.4031187, 2.458674), (0.3865843, 2.44214), (0.4031187, 2.458674), (0.3792593, 2.467407), (-0.8792593, -2.467407), (-0.8865843, -2.44214), (-0.9118519, -2.434815), (-0.8792593, -2.467407), (-0.9118519, -2.434815), (-0.9031187, -2.458674), (-0.8466667, -2.471362), (-0.8466667, -2.44595), (-0.8865843, -2.44214), (-0.8466667, -2.471362), (-0.8865843, -2.44214), (-0.8792593, -2.467407), (0.8466667, -2.471362), (0.8466667, -2.44595), (-0.8466667, -2.44595), (0.8466667, -2.471362), (-0.8466667, -2.44595), (-0.8466667, -2.471362), (0.8792593, -2.467407), (0.8865843, -2.44214), (0.8466667, -2.44595), (0.8792593, -2.467407), (0.8466667, -2.44595), (0.8466667, -2.471362), (0.9031187, -2.458674), (0.9118519, -2.434815), (0.8865843, -2.44214), (0.9031187, -2.458674), (0.8865843, -2.44214), (0.8792593, -2.467407), (-0.8865843, -2.44214), (-0.8903942, -2.402222), (-0.915806, -2.402222), (-0.8865843, -2.44214), (-0.915806, -2.402222), (-0.9118519, -2.434815), (-0.8466667, -2.44595), (-0.8466667, -2.402222), (-0.8903942, -2.402222), (-0.8466667, -2.44595), (-0.8903942, -2.402222), (-0.8865843, -2.44214), (0.8466667, -2.44595), (0.8466667, -2.402222), (-0.8466667, -2.402222), (0.8466667, -2.44595), (-0.8466667, -2.402222), (-0.8466667, -2.44595), (0.8865843, -2.44214), (0.8903942, -2.402222), (0.8466667, -2.402222), (0.8865843, -2.44214), (0.8466667, -2.402222), (0.8466667, -2.44595), (0.9118519, -2.434815), (0.915806, -2.402222), (0.8903942, -2.402222), (0.9118519, -2.434815), (0.8903942, -2.402222), (0.8865843, -2.44214), (-0.8903942, -2.402222), (-0.8903942, 2.402222), (-0.915806, 2.402222), (-0.8903942, -2.402222), (-0.915806, 2.402222), (-0.915806, -2.402222), (-0.8466667, -2.402222), (-0.8466667, 2.402222), (-0.8903942, 2.402222), (-0.8466667, -2.402222), (-0.8903942, 2.402222), (-0.8903942, -2.402222), (0.8466667, -2.402222), (0.8466667, 2.402222), (-0.8466667, 2.402222), (0.8466667, -2.402222), (-0.8466667, 2.402222), (-0.8466667, -2.402222), (0.8903942, -2.402222), (0.8903942, 2.402222), (0.8466667, 2.402222), (0.8903942, -2.402222), (0.8466667, 2.402222), (0.8466667, -2.402222), (0.915806, -2.402222), (0.915806, 2.402222), (0.8903942, 2.402222), (0.915806, -2.402222), (0.8903942, 2.402222), (0.8903942, -2.402222), (-0.8903942, 2.402222), (-0.8865843, 2.44214), (-0.9118519, 2.434815), (-0.8903942, 2.402222), (-0.9118519, 2.434815), (-0.915806, 2.402222), (-0.8466667, 2.402222), (-0.8466667, 2.44595), (-0.8865843, 2.44214), (-0.8466667, 2.402222), (-0.8865843, 2.44214), (-0.8903942, 2.402222), (0.8466667, 2.402222), (0.8466667, 2.44595), (-0.8466667, 2.44595), (0.8466667, 2.402222), (-0.8466667, 2.44595), (-0.8466667, 2.402222), (0.8903942, 2.402222), (0.8865843, 2.44214), (0.8466667, 2.44595), (0.8903942, 2.402222), (0.8466667, 2.44595), (0.8466667, 2.402222), (0.915806, 2.402222), (0.9118519, 2.434815), (0.8865843, 2.44214), (0.915806, 2.402222), (0.8865843, 2.44214), (0.8903942, 2.402222), (-0.8865843, 2.44214), (-0.8792593, 2.467407), (-0.9031187, 2.458674), (-0.8865843, 2.44214), (-0.9031187, 2.458674), (-0.9118519, 2.434815), (-0.8466667, 2.44595), (-0.8466667, 2.471362), (-0.8792593, 2.467407), (-0.8466667, 2.44595), (-0.8792593, 2.467407), (-0.8865843, 2.44214), (0.8466667, 2.44595), (0.8466667, 2.471362), (-0.8466667, 2.471362), (0.8466667, 2.44595), (-0.8466667, 2.471362), (-0.8466667, 2.44595), (0.8865843, 2.44214), (0.8792593, 2.467407), (0.8466667, 2.471362), (0.8865843, 2.44214), (0.8466667, 2.471362), (0.8466667, 2.44595), (0.9118519, 2.434815), (0.9031187, 2.458674), (0.8792593, 2.467407), (0.9118519, 2.434815), (0.8792593, 2.467407), (0.8865843, 2.44214), (-0.9031187, -2.458674), (-0.9118519, -2.434815), (-0.8865843, -2.44214), (-0.9031187, -2.458674), (-0.8865843, -2.44214), (-0.8792593, -2.467407), (-0.8792593, -2.467407), (-0.8865843, -2.44214), (-0.8466667, -2.44595), (-0.8792593, -2.467407), (-0.8466667, -2.44595), (-0.8466667, -2.471362), (-0.8466667, -2.471362), (-0.8466667, -2.44595), (0.8466667, -2.44595), (-0.8466667, -2.471362), (0.8466667, -2.44595), (0.8466667, -2.471362), (0.8466667, -2.471362), (0.8466667, -2.44595), (0.8865843, -2.44214), (0.8466667, -2.471362), (0.8865843, -2.44214), (0.8792593, -2.467407), (0.8792593, -2.467407), (0.8865843, -2.44214), (0.9118519, -2.434815), (0.8792593, -2.467407), (0.9118519, -2.434815), (0.9031187, -2.458674), (-0.9118519, -2.434815), (-0.915806, -2.402222), (-0.8903942, -2.402222), (-0.9118519, -2.434815), (-0.8903942, -2.402222), (-0.8865843, -2.44214), (-0.8865843, -2.44214), (-0.8903942, -2.402222), (-0.8466667, -2.402222), (-0.8865843, -2.44214), (-0.8466667, -2.402222), (-0.8466667, -2.44595), (-0.8466667, -2.44595), (-0.8466667, -2.402222), (0.8466667, -2.402222), (-0.8466667, -2.44595), (0.8466667, -2.402222), (0.8466667, -2.44595), (0.8466667, -2.44595), (0.8466667, -2.402222), (0.8903942, -2.402222), (0.8466667, -2.44595), (0.8903942, -2.402222), (0.8865843, -2.44214), (0.8865843, -2.44214), (0.8903942, -2.402222), (0.915806, -2.402222), (0.8865843, -2.44214), (0.915806, -2.402222), (0.9118519, -2.434815), (-0.915806, -2.402222), (-0.915806, 2.402222), (-0.8903942, 2.402222), (-0.915806, -2.402222), (-0.8903942, 2.402222), (-0.8903942, -2.402222), (-0.8903942, -2.402222), (-0.8903942, 2.402222), (-0.8466667, 2.402222), (-0.8903942, -2.402222), (-0.8466667, 2.402222), (-0.8466667, -2.402222), (-0.8466667, -2.402222), (-0.8466667, 2.402222), (0.8466667, 2.402222), (-0.8466667, -2.402222), (0.8466667, 2.402222), (0.8466667, -2.402222), (0.8466667, -2.402222), (0.8466667, 2.402222), (0.8903942, 2.402222), (0.8466667, -2.402222), (0.8903942, 2.402222), (0.8903942, -2.402222), (0.8903942, -2.402222), (0.8903942, 2.402222), (0.915806, 2.402222), (0.8903942, -2.402222), (0.915806, 2.402222), (0.915806, -2.402222), (-0.915806, 2.402222), (-0.9118519, 2.434815), (-0.8865843, 2.44214), (-0.915806, 2.402222), (-0.8865843, 2.44214), (-0.8903942, 2.402222), (-0.8903942, 2.402222), (-0.8865843, 2.44214), (-0.8466667, 2.44595), (-0.8903942, 2.402222), (-0.8466667, 2.44595), (-0.8466667, 2.402222), (-0.8466667, 2.402222), (-0.8466667, 2.44595), (0.8466667, 2.44595), (-0.8466667, 2.402222), (0.8466667, 2.44595), (0.8466667, 2.402222), (0.8466667, 2.402222), (0.8466667, 2.44595), (0.8865843, 2.44214), (0.8466667, 2.402222), (0.8865843, 2.44214), (0.8903942, 2.402222), (0.8903942, 2.402222), (0.8865843, 2.44214), (0.9118519, 2.434815), (0.8903942, 2.402222), (0.9118519, 2.434815), (0.915806, 2.402222), (-0.9118519, 2.434815), (-0.9031187, 2.458674), (-0.8792593, 2.467407), (-0.9118519, 2.434815), (-0.8792593, 2.467407), (-0.8865843, 2.44214), (-0.8865843, 2.44214), (-0.8792593, 2.467407), (-0.8466667, 2.471362), (-0.8865843, 2.44214), (-0.8466667, 2.471362), (-0.8466667, 2.44595), (-0.8466667, 2.44595), (-0.8466667, 2.471362), (0.8466667, 2.471362), (-0.8466667, 2.44595), (0.8466667, 2.471362), (0.8466667, 2.44595), (0.8466667, 2.44595), (0.8466667, 2.471362), (0.8792593, 2.467407), (0.8466667, 2.44595), (0.8792593, 2.467407), (0.8865843, 2.44214), (0.8865843, 2.44214), (0.8792593, 2.467407), (0.9031187, 2.458674), (0.8865843, 2.44214), (0.9031187, 2.458674), (0.9118519, 2.434815), (-0.9118519, -0.3792593), (-0.8865843, -0.3865843), (-0.8792593, -0.4118519), (-0.9118519, -0.3792593), (-0.8792593, -0.4118519), (-0.9031187, -0.4031187), (-0.915806, -0.3466667), (-0.8903942, -0.3466667), (-0.8865843, -0.3865843), (-0.915806, -0.3466667), (-0.8865843, -0.3865843), (-0.9118519, -0.3792593), (-0.915806, 0.3466667), (-0.8903942, 0.3466667), (-0.8903942, -0.3466667), (-0.915806, 0.3466667), (-0.8903942, -0.3466667), (-0.915806, -0.3466667), (-0.9118519, 0.3792593), (-0.8865843, 0.3865843), (-0.8903942, 0.3466667), (-0.9118519, 0.3792593), (-0.8903942, 0.3466667), (-0.915806, 0.3466667), (-0.9031187, 0.4031187), (-0.8792593, 0.4118519), (-0.8865843, 0.3865843), (-0.9031187, 0.4031187), (-0.8865843, 0.3865843), (-0.9118519, 0.3792593), (-0.8865843, -0.3865843), (-0.8466667, -0.3903942), (-0.8466667, -0.415806), (-0.8865843, -0.3865843), (-0.8466667, -0.415806), (-0.8792593, -0.4118519), (-0.8903942, -0.3466667), (-0.8466667, -0.3466667), (-0.8466667, -0.3903942), (-0.8903942, -0.3466667), (-0.8466667, -0.3903942), (-0.8865843, -0.3865843), (-0.8903942, 0.3466667), (-0.8466667, 0.3466667), (-0.8466667, -0.3466667), (-0.8903942, 0.3466667), (-0.8466667, -0.3466667), (-0.8903942, -0.3466667), (-0.8865843, 0.3865843), (-0.8466667, 0.3903942), (-0.8466667, 0.3466667), (-0.8865843, 0.3865843), (-0.8466667, 0.3466667), (-0.8903942, 0.3466667), (-0.8792593, 0.4118519), (-0.8466667, 0.415806), (-0.8466667, 0.3903942), (-0.8792593, 0.4118519), (-0.8466667, 0.3903942), (-0.8865843, 0.3865843), (-0.8466667, -0.3903942), (0.8466667, -0.3903942), (0.8466667, -0.415806), (-0.8466667, -0.3903942), (0.8466667, -0.415806), (-0.8466667, -0.415806), (-0.8466667, -0.3466667), (0.8466667, -0.3466667), (0.8466667, -0.3903942), (-0.8466667, -0.3466667), (0.8466667, -0.3903942), (-0.8466667, -0.3903942), (-0.8466667, 0.3466667), (0.8466667, 0.3466667), (0.8466667, -0.3466667), (-0.8466667, 0.3466667), (0.8466667, -0.3466667), (-0.8466667, -0.3466667), (-0.8466667, 0.3903942), (0.8466667, 0.3903942), (0.8466667, 0.3466667), (-0.8466667, 0.3903942), (0.8466667, 0.3466667), (-0.8466667, 0.3466667), (-0.8466667, 0.415806), (0.8466667, 0.415806), (0.8466667, 0.3903942), (-0.8466667, 0.415806), (0.8466667, 0.3903942), (-0.8466667, 0.3903942), (0.8466667, -0.3903942), (0.8865843, -0.3865843), (0.8792593, -0.4118519), (0.8466667, -0.3903942), (0.8792593, -0.4118519), (0.8466667, -0.415806), (0.8466667, -0.3466667), (0.8903942, -0.3466667), (0.8865843, -0.3865843), (0.8466667, -0.3466667), (0.8865843, -0.3865843), (0.8466667, -0.3903942), (0.8466667, 0.3466667), (0.8903942, 0.3466667), (0.8903942, -0.3466667), (0.8466667, 0.3466667), (0.8903942, -0.3466667), (0.8466667, -0.3466667), (0.8466667, 0.3903942), (0.8865843, 0.3865843), (0.8903942, 0.3466667), (0.8466667, 0.3903942), (0.8903942, 0.3466667), (0.8466667, 0.3466667), (0.8466667, 0.415806), (0.8792593, 0.4118519), (0.8865843, 0.3865843), (0.8466667, 0.415806), (0.8865843, 0.3865843), (0.8466667, 0.3903942), (0.8865843, -0.3865843), (0.9118519, -0.3792593), (0.9031187, -0.4031187), (0.8865843, -0.3865843), (0.9031187, -0.4031187), (0.8792593, -0.4118519), (0.8903942, -0.3466667), (0.915806, -0.3466667), (0.9118519, -0.3792593), (0.8903942, -0.3466667), (0.9118519, -0.3792593), (0.8865843, -0.3865843), (0.8903942, 0.3466667), (0.915806, 0.3466667), (0.915806, -0.3466667), (0.8903942, 0.3466667), (0.915806, -0.3466667), (0.8903942, -0.3466667), (0.8865843, 0.3865843), (0.9118519, 0.3792593), (0.915806, 0.3466667), (0.8865843, 0.3865843), (0.915806, 0.3466667), (0.8903942, 0.3466667), (0.8792593, 0.4118519), (0.9031187, 0.4031187), (0.9118519, 0.3792593), (0.8792593, 0.4118519), (0.9118519, 0.3792593), (0.8865843, 0.3865843), (-0.9031187, -0.4031187), (-0.8792593, -0.4118519), (-0.8865843, -0.3865843), (-0.9031187, -0.4031187), (-0.8865843, -0.3865843), (-0.9118519, -0.3792593), (-0.9118519, -0.3792593), (-0.8865843, -0.3865843), (-0.8903942, -0.3466667), (-0.9118519, -0.3792593), (-0.8903942, -0.3466667), (-0.915806, -0.3466667), (-0.915806, -0.3466667), (-0.8903942, -0.3466667), (-0.8903942, 0.3466667), (-0.915806, -0.3466667), (-0.8903942, 0.3466667), (-0.915806, 0.3466667), (-0.915806, 0.3466667), (-0.8903942, 0.3466667), (-0.8865843, 0.3865843), (-0.915806, 0.3466667), (-0.8865843, 0.3865843), (-0.9118519, 0.3792593), (-0.9118519, 0.3792593), (-0.8865843, 0.3865843), (-0.8792593, 0.4118519), (-0.9118519, 0.3792593), (-0.8792593, 0.4118519), (-0.9031187, 0.4031187), (-0.8792593, -0.4118519), (-0.8466667, -0.415806), (-0.8466667, -0.3903942), (-0.8792593, -0.4118519), (-0.8466667, -0.3903942), (-0.8865843, -0.3865843), (-0.8865843, -0.3865843), (-0.8466667, -0.3903942), (-0.8466667, -0.3466667), (-0.8865843, -0.3865843), (-0.8466667, -0.3466667), (-0.8903942, -0.3466667), (-0.8903942, -0.3466667), (-0.8466667, -0.3466667), (-0.8466667, 0.3466667), (-0.8903942, -0.3466667), (-0.8466667, 0.3466667), (-0.8903942, 0.3466667), (-0.8903942, 0.3466667), (-0.8466667, 0.3466667), (-0.8466667, 0.3903942), (-0.8903942, 0.3466667), (-0.8466667, 0.3903942), (-0.8865843, 0.3865843), (-0.8865843, 0.3865843), (-0.8466667, 0.3903942), (-0.8466667, 0.415806), (-0.8865843, 0.3865843), (-0.8466667, 0.415806), (-0.8792593, 0.4118519), (-0.8466667, -0.415806), (0.8466667, -0.415806), (0.8466667, -0.3903942), (-0.8466667, -0.415806), (0.8466667, -0.3903942), (-0.8466667, -0.3903942), (-0.8466667, -0.3903942), (0.8466667, -0.3903942), (0.8466667, -0.3466667), (-0.8466667, -0.3903942), (0.8466667, -0.3466667), (-0.8466667, -0.3466667), (-0.8466667, -0.3466667), (0.8466667, -0.3466667), (0.8466667, 0.3466667), (-0.8466667, -0.3466667), (0.8466667, 0.3466667), (-0.8466667, 0.3466667), (-0.8466667, 0.3466667), (0.8466667, 0.3466667), (0.8466667, 0.3903942), (-0.8466667, 0.3466667), (0.8466667, 0.3903942), (-0.8466667, 0.3903942), (-0.8466667, 0.3903942), (0.8466667, 0.3903942), (0.8466667, 0.415806), (-0.8466667, 0.3903942), (0.8466667, 0.415806), (-0.8466667, 0.415806), (0.8466667, -0.415806), (0.8792593, -0.4118519), (0.8865843, -0.3865843), (0.8466667, -0.415806), (0.8865843, -0.3865843), (0.8466667, -0.3903942), (0.8466667, -0.3903942), (0.8865843, -0.3865843), (0.8903942, -0.3466667), (0.8466667, -0.3903942), (0.8903942, -0.3466667), (0.8466667, -0.3466667), (0.8466667, -0.3466667), (0.8903942, -0.3466667), (0.8903942, 0.3466667), (0.8466667, -0.3466667), (0.8903942, 0.3466667), (0.8466667, 0.3466667), (0.8466667, 0.3466667), (0.8903942, 0.3466667), (0.8865843, 0.3865843), (0.8466667, 0.3466667), (0.8865843, 0.3865843), (0.8466667, 0.3903942), (0.8466667, 0.3903942), (0.8865843, 0.3865843), (0.8792593, 0.4118519), (0.8466667, 0.3903942), (0.8792593, 0.4118519), (0.8466667, 0.415806), (0.8792593, -0.4118519), (0.9031187, -0.4031187), (0.9118519, -0.3792593), (0.8792593, -0.4118519), (0.9118519, -0.3792593), (0.8865843, -0.3865843), (0.8865843, -0.3865843), (0.9118519, -0.3792593), (0.915806, -0.3466667), (0.8865843, -0.3865843), (0.915806, -0.3466667), (0.8903942, -0.3466667), (0.8903942, -0.3466667), (0.915806, -0.3466667), (0.915806, 0.3466667), (0.8903942, -0.3466667), (0.915806, 0.3466667), (0.8903942, 0.3466667), (0.8903942, 0.3466667), (0.915806, 0.3466667), (0.9118519, 0.3792593), (0.8903942, 0.3466667), (0.9118519, 0.3792593), (0.8865843, 0.3865843), (0.8865843, 0.3865843), (0.9118519, 0.3792593), (0.9031187, 0.4031187), (0.8865843, 0.3865843), (0.9031187, 0.4031187), (0.8792593, 0.4118519)] (interpolation = "faceVarying")
        }
        def Mesh "InternalEndProtection_01" (prepend apiSchemas = ["MaterialBindingAPI"])
        {
            uniform token subdivisionScheme = "none"
            uniform token orientation = "rightHanded"
            bool doubleSided = false
            point3f[] points = [(-0.00746171, -0.00325171, -0.02073671), (-0.0075015, -0.0032915, -0.020628), (-0.007519516, -0.003309516, -0.0204795), (-0.007519516, -0.003309516, -0.0203805), (-0.0075015, -0.0032915, -0.020232), (-0.00746171, -0.00325171, -0.02012329), (-0.0075015, -0.003143, -0.0207765), (-0.007568249, -0.003176375, -0.02066137), (-0.007602967, -0.003193734, -0.0204795), (-0.007602967, -0.003193734, -0.0203805), (-0.007568249, -0.003176375, -0.02019863), (-0.0075015, -0.003143, -0.0200835), (-0.007519516, -0.0029945, -0.02079452), (-0.007602967, -0.0029945, -0.02067873), (-0.00765, -0.0029945, -0.0204795), (-0.00765, -0.0029945, -0.0203805), (-0.007602967, -0.0029945, -0.02018127), (-0.007519516, -0.0029945, -0.02006548), (-0.007519516, 0.0029945, -0.02079452), (-0.007602967, 0.0029945, -0.02067873), (-0.00765, 0.0029945, -0.0204795), (-0.00765, 0.0029945, -0.0203805), (-0.007602967, 0.0029945, -0.02018127), (-0.007519516, 0.0029945, -0.02006548), (-0.0075015, 0.003143, -0.0207765), (-0.007568249, 0.003176375, -0.02066137), (-0.007602967, 0.003193734, -0.0204795), (-0.007602967, 0.003193734, -0.0203805), (-0.007568249, 0.003176375, -0.02019863), (-0.0075015, 0.003143, -0.0200835), (-0.00746171, 0.00325171, -0.02073671), (-0.0075015, 0.0032915, -0.020628), (-0.007519516, 0.003309516, -0.0204795), (-0.007519516, 0.003309516, -0.0203805), (-0.0075015, 0.0032915, -0.020232), (-0.00746171, 0.00325171, -0.02012329), (0.00746171, -0.00325171, -0.02073671), (0.0075015, -0.0032915, -0.020628), (0.007519516, -0.003309516, -0.0204795), (0.007519516, -0.003309516, -0.0203805), (0.0075015, -0.0032915, -0.020232), (0.00746171, -0.00325171, -0.02012329), (0.0075015, -0.003143, -0.0207765), (0.007568249, -0.003176375, -0.02066137), (0.007602967, -0.003193734, -0.0204795), (0.007602967, -0.003193734, -0.0203805), (0.007568249, -0.003176375, -0.02019863), (0.0075015, -0.003143, -0.0200835), (0.007519516, -0.0029945, -0.02079452), (0.007602967, -0.0029945, -0.02067873), (0.00765, -0.0029945, -0.0204795), (0.00765, -0.0029945, -0.0203805), (0.007602967, -0.0029945, -0.02018127), (0.007519516, -0.0029945, -0.02006548), (0.007519516, 0.0029945, -0.02079452), (0.007602967, 0.0029945, -0.02067873), (0.00765, 0.0029945, -0.0204795), (0.00765, 0.0029945, -0.0203805), (0.007602967, 0.0029945, -0.02018127), (0.007519516, 0.0029945, -0.02006548), (0.0075015, 0.003143, -0.0207765), (0.007568249, 0.003176375, -0.02066137), (0.007602967, 0.003193734, -0.0204795), (0.007602967, 0.003193734, -0.0203805), (0.007568249, 0.003176375, -0.02019863), (0.0075015, 0.003143, -0.0200835), (0.00746171, 0.00325171, -0.02073671), (0.0075015, 0.0032915, -0.020628), (0.007519516, 0.003309516, -0.0204795), (0.007519516, 0.003309516, -0.0203805), (0.0075015, 0.0032915, -0.020232), (0.00746171, 0.00325171, -0.02012329), (-0.00746171, -0.00325171, -0.02073671), (-0.007353, -0.0032915, -0.0207765), (-0.0072045, -0.003309516, -0.02079452), (0.0072045, -0.003309516, -0.02079452), (0.007353, -0.0032915, -0.0207765), (0.00746171, -0.00325171, -0.02073671), (-0.0075015, -0.0032915, -0.020628), (-0.007386375, -0.003358249, -0.02066137), (-0.0072045, -0.003392967, -0.02067873), (0.0072045, -0.003392967, -0.02067873), (0.007386375, -0.003358249, -0.02066137), (0.0075015, -0.0032915, -0.020628), (-0.007519516, -0.003309516, -0.0204795), (-0.007403734, -0.003392967, -0.0204795), (-0.0072045, -0.00344, -0.0204795), (0.0072045, -0.00344, -0.0204795), (0.007403734, -0.003392967, -0.0204795), (0.007519516, -0.003309516, -0.0204795), (-0.007519516, -0.003309516, -0.0203805), (-0.007403734, -0.003392967, -0.0203805), (-0.0072045, -0.00344, -0.0203805), (0.0072045, -0.00344, -0.0203805), (0.007403734, -0.003392967, -0.0203805), (0.007519516, -0.003309516, -0.0203805), (-0.0075015, -0.0032915, -0.020232), (-0.007386375, -0.003358249, -0.02019863), (-0.0072045, -0.003392967, -0.02018127), (0.0072045, -0.003392967, -0.02018127), (0.007386375, -0.003358249, -0.02019863), (0.0075015, -0.0032915, -0.020232), (-0.00746171, -0.00325171, -0.02012329), (-0.007353, -0.0032915, -0.0200835), (-0.0072045, -0.003309516, -0.02006548), (0.0072045, -0.003309516, -0.02006548), (0.007353, -0.0032915, -0.0200835), (0.00746171, -0.00325171, -0.02012329), (-0.00746171, 0.00325171, -0.02073671), (-0.007353, 0.0032915, -0.0207765), (-0.0072045, 0.003309516, -0.02079452), (0.0072045, 0.003309516, -0.02079452), (0.007353, 0.0032915, -0.0207765), (0.00746171, 0.00325171, -0.02073671), (-0.0075015, 0.0032915, -0.020628), (-0.007386375, 0.003358249, -0.02066137), (-0.0072045, 0.003392967, -0.02067873), (0.0072045, 0.003392967, -0.02067873), (0.007386375, 0.003358249, -0.02066137), (0.0075015, 0.0032915, -0.020628), (-0.007519516, 0.003309516, -0.0204795), (-0.007403734, 0.003392967, -0.0204795), (-0.0072045, 0.00344, -0.0204795), (0.0072045, 0.00344, -0.0204795), (0.007403734, 0.003392967, -0.0204795), (0.007519516, 0.003309516, -0.0204795), (-0.007519516, 0.003309516, -0.0203805), (-0.007403734, 0.003392967, -0.0203805), (-0.0072045, 0.00344, -0.0203805), (0.0072045, 0.00344, -0.0203805), (0.007403734, 0.003392967, -0.0203805), (0.007519516, 0.003309516, -0.0203805), (-0.0075015, 0.0032915, -0.020232), (-0.007386375, 0.003358249, -0.02019863), (-0.0072045, 0.003392967, -0.02018127), (0.0072045, 0.003392967, -0.02018127), (0.007386375, 0.003358249, -0.02019863), (0.0075015, 0.0032915, -0.020232), (-0.00746171, 0.00325171, -0.02012329), (-0.007353, 0.0032915, -0.0200835), (-0.0072045, 0.003309516, -0.02006548), (0.0072045, 0.003309516, -0.02006548), (0.007353, 0.0032915, -0.0200835), (0.00746171, 0.00325171, -0.02012329), (-0.00746171, -0.00325171, -0.02073671), (-0.0075015, -0.003143, -0.0207765), (-0.007519516, -0.0029945, -0.02079452), (-0.007519516, 0.0029945, -0.02079452), (-0.0075015, 0.003143, -0.0207765), (-0.00746171, 0.00325171, -0.02073671), (-0.007353, -0.0032915, -0.0207765), (-0.007386375, -0.003176375, -0.02084325), (-0.007403734, -0.0029945, -0.02087797), (-0.007403734, 0.0029945, -0.02087797), (-0.007386375, 0.003176375, -0.02084325), (-0.007353, 0.0032915, -0.0207765), (-0.0072045, -0.003309516, -0.02079452), (-0.0072045, -0.003193734, -0.02087797), (-0.0072045, -0.0029945, -0.020925), (-0.0072045, 0.0029945, -0.020925), (-0.0072045, 0.003193734, -0.02087797), (-0.0072045, 0.003309516, -0.02079452), (0.0072045, -0.003309516, -0.02079452), (0.0072045, -0.003193734, -0.02087797), (0.0072045, -0.0029945, -0.020925), (0.0072045, 0.0029945, -0.020925), (0.0072045, 0.003193734, -0.02087797), (0.0072045, 0.003309516, -0.02079452), (0.007353, -0.0032915, -0.0207765), (0.007386375, -0.003176375, -0.02084325), (0.007403734, -0.0029945, -0.02087797), (0.007403734, 0.0029945, -0.02087797), (0.007386375, 0.003176375, -0.02084325), (0.007353, 0.0032915, -0.0207765), (0.00746171, -0.00325171, -0.02073671), (0.0075015, -0.003143, -0.0207765), (0.007519516, -0.0029945, -0.02079452), (0.007519516, 0.0029945, -0.02079452), (0.0075015, 0.003143, -0.0207765), (0.00746171, 0.00325171, -0.02073671), (-0.00746171, -0.00325171, -0.02012329), (-0.0075015, -0.003143, -0.0200835), (-0.007519516, -0.0029945, -0.02006548), (-0.007519516, 0.0029945, -0.02006548), (-0.0075015, 0.003143, -0.0200835), (-0.00746171, 0.00325171, -0.02012329), (-0.007353, -0.0032915, -0.0200835), (-0.007386375, -0.003176375, -0.02001675), (-0.007403734, -0.0029945, -0.01998203), (-0.007403734, 0.0029945, -0.01998203), (-0.007386375, 0.003176375, -0.02001675), (-0.007353, 0.0032915, -0.0200835), (-0.0072045, -0.003309516, -0.02006548), (-0.0072045, -0.003193734, -0.01998203), (-0.0072045, -0.0029945, -0.019935), (-0.0072045, 0.0029945, -0.019935), (-0.0072045, 0.003193734, -0.01998203), (-0.0072045, 0.003309516, -0.02006548), (0.0072045, -0.003309516, -0.02006548), (0.0072045, -0.003193734, -0.01998203), (0.0072045, -0.0029945, -0.019935), (0.0072045, 0.0029945, -0.019935), (0.0072045, 0.003193734, -0.01998203), (0.0072045, 0.003309516, -0.02006548), (0.007353, -0.0032915, -0.0200835), (0.007386375, -0.003176375, -0.02001675), (0.007403734, -0.0029945, -0.01998203), (0.007403734, 0.0029945, -0.01998203), (0.007386375, 0.003176375, -0.02001675), (0.007353, 0.0032915, -0.0200835), (0.00746171, -0.00325171, -0.02012329), (0.0075015, -0.003143, -0.0200835), (0.007519516, -0.0029945, -0.02006548), (0.007519516, 0.0029945, -0.02006548), (0.0075015, 0.003143, -0.0200835), (0.00746171, 0.00325171, -0.02012329)]
            int[] faceVertexCounts = [3, 3, 3, 3, 3, 3, 3, 3, 3, 3, 3, 3, 3, 3, 3, 3, 3, 3, 3, 3, 3, 3, 3, 3, 3, 3, 3, 3, 3, 3, 3, 3, 3, 3, 3, 3, 3, 3, 3, 3, 3, 3, 3, 3, 3, 3, 3, 3, 3, 3, 3, 3, 3, 3, 3, 3, 3, 3, 3, 3, 3, 3, 3, 3, 3, 3, 3, 3, 3, 3, 3, 3, 3, 3, 3, 3, 3, 3, 3, 3, 3, 3, 3, 3, 3, 3, 3, 3, 3, 3, 3, 3, 3, 3, 3, 3, 3, 3, 3, 3, 3, 3, 3, 3, 3, 3, 3, 3, 3, 3, 3, 3, 3, 3, 3, 3, 3, 3, 3, 3, 3, 3, 3, 3, 3, 3, 3, 3, 3, 3, 3, 3, 3, 3, 3, 3, 3, 3, 3, 3, 3, 3, 3, 3, 3, 3, 3, 3, 3, 3, 3, 3, 3, 3, 3, 3, 3, 3, 3, 3, 3, 3, 3, 3, 3, 3, 3, 3, 3, 3, 3, 3, 3, 3, 3, 3, 3, 3, 3, 3, 3, 3, 3, 3, 3, 3, 3, 3, 3, 3, 3, 3, 3, 3, 3, 3, 3, 3, 3, 3, 3, 3, 3, 3, 3, 3, 3, 3, 3, 3, 3, 3, 3, 3, 3, 3, 3, 3, 3, 3, 3, 3, 3, 3, 3, 3, 3, 3, 3, 3, 3, 3, 3, 3, 3, 3, 3, 3, 3, 3, 3, 3, 3, 3, 3, 3, 3, 3, 3, 3, 3, 3, 3, 3, 3, 3, 3, 3, 3, 3, 3, 3, 3, 3, 3, 3, 3, 3, 3, 3, 3, 3, 3, 3, 3, 3, 3, 3, 3, 3, 3, 3, 3, 3, 3, 3, 3, 3, 3, 3, 3, 3, 3, 3, 3, 3, 3, 3, 3, 3]
            int[] faceVertexIndices = [1, 7, 6, 1, 6, 0, 2, 8, 7, 2, 7, 1, 3, 9, 8, 3, 8, 2, 4, 10, 9, 4, 9, 3, 5, 11, 10, 5, 10, 4, 7, 13, 12, 7, 12, 6, 8, 14, 13, 8, 13, 7, 9, 15, 14, 9, 14, 8, 10, 16, 15, 10, 15, 9, 11, 17, 16, 11, 16, 10, 13, 19, 18, 13, 18, 12, 14, 20, 19, 14, 19, 13, 15, 21, 20, 15, 20, 14, 16, 22, 21, 16, 21, 15, 17, 23, 22, 17, 22, 16, 19, 25, 24, 19, 24, 18, 20, 26, 25, 20, 25, 19, 21, 27, 26, 21, 26, 20, 22, 28, 27, 22, 27, 21, 23, 29, 28, 23, 28, 22, 25, 31, 30, 25, 30, 24, 26, 32, 31, 26, 31, 25, 27, 33, 32, 27, 32, 26, 28, 34, 33, 28, 33, 27, 29, 35, 34, 29, 34, 28, 36, 42, 43, 36, 43, 37, 37, 43, 44, 37, 44, 38, 38, 44, 45, 38, 45, 39, 39, 45, 46, 39, 46, 40, 40, 46, 47, 40, 47, 41, 42, 48, 49, 42, 49, 43, 43, 49, 50, 43, 50, 44, 44, 50, 51, 44, 51, 45, 45, 51, 52, 45, 52, 46, 46, 52, 53, 46, 53, 47, 48, 54, 55, 48, 55, 49, 49, 55, 56, 49, 56, 50, 50, 56, 57, 50, 57, 51, 51, 57, 58, 51, 58, 52, 52, 58, 59, 52, 59, 53, 54, 60, 61, 54, 61, 55, 55, 61, 62, 55, 62, 56, 56, 62, 63, 56, 63, 57, 57, 63, 64, 57, 64, 58, 58, 64, 65, 58, 65, 59, 60, 66, 67, 60, 67, 61, 61, 67, 68, 61, 68, 62, 62, 68, 69, 62, 69, 63, 63, 69, 70, 63, 70, 64, 64, 70, 71, 64, 71, 65, 73, 79, 78, 73, 78, 72, 74, 80, 79, 74, 79, 73, 75, 81, 80, 75, 80, 74, 76, 82, 81, 76, 81, 75, 77, 83, 82, 77, 82, 76, 79, 85, 84, 79, 84, 78, 80, 86, 85, 80, 85, 79, 81, 87, 86, 81, 86, 80, 82, 88, 87, 82, 87, 81, 83, 89, 88, 83, 88, 82, 85, 91, 90, 85, 90, 84, 86, 92, 91, 86, 91, 85, 87, 93, 92, 87, 92, 86, 88, 94, 93, 88, 93, 87, 89, 95, 94, 89, 94, 88, 91, 97, 96, 91, 96, 90, 92, 98, 97, 92, 97, 91, 93, 99, 98, 93, 98, 92, 94, 100, 99, 94, 99, 93, 95, 101, 100, 95, 100, 94, 97, 103, 102, 97, 102, 96, 98, 104, 103, 98, 103, 97, 99, 105, 104, 99, 104, 98, 100, 106, 105, 100, 105, 99, 101, 107, 106, 101, 106, 100, 108, 114, 115, 108, 115, 109, 109, 115, 116, 109, 116, 110, 110, 116, 117, 110, 117, 111, 111, 117, 118, 111, 118, 112, 112, 118, 119, 112, 119, 113, 114, 120, 121, 114, 121, 115, 115, 121, 122, 115, 122, 116, 116, 122, 123, 116, 123, 117, 117, 123, 124, 117, 124, 118, 118, 124, 125, 118, 125, 119, 120, 126, 127, 120, 127, 121, 121, 127, 128, 121, 128, 122, 122, 128, 129, 122, 129, 123, 123, 129, 130, 123, 130, 124, 124, 130, 131, 124, 131, 125, 126, 132, 133, 126, 133, 127, 127, 133, 134, 127, 134, 128, 128, 134, 135, 128, 135, 129, 129, 135, 136, 129, 136, 130, 130, 136, 137, 130, 137, 131, 132, 138, 139, 132, 139, 133, 133, 139, 140, 133, 140, 134, 134, 140, 141, 134, 141, 135, 135, 141, 142, 135, 142, 136, 136, 142, 143, 136, 143, 137, 145, 151, 150, 145, 150, 144, 146, 152, 151, 146, 151, 145, 147, 153, 152, 147, 152, 146, 148, 154, 153, 148, 153, 147, 149, 155, 154, 149, 154, 148, 151, 157, 156, 151, 156, 150, 152, 158, 157, 152, 157, 151, 153, 159, 158, 153, 158, 152, 154, 160, 159, 154, 159, 153, 155, 161, 160, 155, 160, 154, 157, 163, 162, 157, 162, 156, 158, 164, 163, 158, 163, 157, 159, 165, 164, 159, 164, 158, 160, 166, 165, 160, 165, 159, 161, 167, 166, 161, 166, 160, 163, 169, 168, 163, 168, 162, 164, 170, 169, 164, 169, 163, 165, 171, 170, 165, 170, 164, 166, 172, 171, 166, 171, 165, 167, 173, 172, 167, 172, 166, 169, 175, 174, 169, 174, 168, 170, 176, 175, 170, 175, 169, 171, 177, 176, 171, 176, 170, 172, 178, 177, 172, 177, 171, 173, 179, 178, 173, 178, 172, 180, 186, 187, 180, 187, 181, 181, 187, 188, 181, 188, 182, 182, 188, 189, 182, 189, 183, 183, 189, 190, 183, 190, 184, 184, 190, 191, 184, 191, 185, 186, 192, 193, 186, 193, 187, 187, 193, 194, 187, 194, 188, 188, 194, 195, 188, 195, 189, 189, 195, 196, 189, 196, 190, 190, 196, 197, 190, 197, 191, 192, 198, 199, 192, 199, 193, 193, 199, 200, 193, 200, 194, 194, 200, 201, 194, 201, 195, 195, 201, 202, 195, 202, 196, 196, 202, 203, 196, 203, 197, 198, 204, 205, 198, 205, 199, 199, 205, 206, 199, 206, 200, 200, 206, 207, 200, 207, 201, 201, 207, 208, 201, 208, 202, 202, 208, 209, 202, 209, 203, 204, 210, 211, 204, 211, 205, 205, 211, 212, 205, 212, 206, 206, 212, 213, 206, 213, 207, 207, 213, 214, 207, 214, 208, 208, 214, 215, 208, 215, 209]
            normal3f[] normals = [(-0.7745967, -0.4472136, -0.4472136), (-0.7668657, -0.5195657, -0.376787), (-0.8133397, -0.5634014, -0.145112), (-0.8091137, -0.5831762, 0.07239132), (-0.7900625, -0.5555967, 0.2590629), (-0.7071068, -0.5, 0.5), (-0.7668657, -0.376787, -0.5195657), (-0.8559572, -0.3656073, -0.3656073), (-0.9225416, -0.3566433, -0.1473858), (-0.916641, -0.3809156, 0.1211306), (-0.8844941, -0.3299016, 0.3299016), (-0.7900625, -0.2590629, 0.5555967), (-0.8119279, -0.009713545, -0.5836769), (-0.8976121, -0.00730419, -0.4407257), (-0.9828973, -0.006004117, -0.1840568), (-0.9927741, -0.008413796, 0.1197029), (-0.9444409, -0.004934938, 0.3286442), (-0.8112404, -0.002073931, 0.584709), (-0.8112404, 0.002073931, -0.584709), (-0.9444409, 0.004934938, -0.3286442), (-0.9927741, 0.008413796, -0.1197029), (-0.9828973, 0.006004117, 0.1840568), (-0.8976121, 0.00730419, 0.4407257), (-0.8119279, 0.009713545, 0.5836769), (-0.7900625, 0.2590629, -0.5555967), (-0.8844941, 0.3299016, -0.3299016), (-0.916641, 0.3809156, -0.1211306), (-0.9225416, 0.3566433, 0.1473858), (-0.8559572, 0.3656073, 0.3656073), (-0.7668657, 0.376787, 0.5195657), (-0.7071068, 0.5, -0.5), (-0.7900625, 0.5555967, -0.2590629), (-0.8091137, 0.5831762, -0.07239132), (-0.8133397, 0.5634014, 0.145112), (-0.7668657, 0.5195657, 0.376787), (-0.7745967, 0.4472136, 0.4472136), (0.7071068, -0.5, -0.5), (0.7900625, -0.5555967, -0.2590629), (0.8091137, -0.5831762, -0.07239132), (0.8133397, -0.5634014, 0.145112), (0.7668657, -0.5195657, 0.376787), (0.7745967, -0.4472136, 0.4472136), (0.7900625, -0.2590629, -0.5555967), (0.8844941, -0.3299016, -0.3299016), (0.916641, -0.3809156, -0.1211306), (0.9225416, -0.3566433, 0.1473858), (0.8559572, -0.3656073, 0.3656073), (0.7668657, -0.376787, 0.5195657), (0.8112404, -0.002073931, -0.584709), (0.9444409, -0.004934938, -0.3286442), (0.9927741, -0.008413796, -0.1197029), (0.9828973, -0.006004117, 0.1840568), (0.8976121, -0.00730419, 0.4407257), (0.8119279, -0.009713545, 0.5836769), (0.8119279, 0.009713545, -0.5836769), (0.8976121, 0.00730419, -0.4407257), (0.9828973, 0.006004117, -0.1840568), (0.9927741, 0.008413796, 0.1197029), (0.9444409, 0.004934938, 0.3286442), (0.8112404, 0.002073931, 0.584709), (0.7668657, 0.376787, -0.5195657), (0.8559572, 0.3656073, -0.3656073), (0.9225416, 0.3566433, -0.1473858), (0.916641, 0.3809156, 0.1211306), (0.8844941, 0.3299016, 0.3299016), (0.7900625, 0.2590629, 0.5555967), (0.7745967, 0.4472136, -0.4472136), (0.7668657, 0.5195657, -0.376787), (0.8133397, 0.5634014, -0.145112), (0.8091137, 0.5831762, 0.07239132), (0.7900625, 0.5555967, 0.2590629), (0.7071068, 0.5, 0.5), (-0.4472136, -0.7745967, -0.4472136), (-0.376787, -0.7668657, -0.5195657), (-0.004160361, -0.8115454, -0.5842746), (0.0008682295, -0.8112419, -0.5847101), (0.2590629, -0.7900625, -0.5555967), (0.5, -0.7071068, -0.5), (-0.5195657, -0.7668657, -0.376787), (-0.3656073, -0.8559572, -0.3656073), (-0.003095399, -0.8964846, -0.4430641), (0.002080664, -0.9449215, -0.3272904), (0.3299016, -0.8844941, -0.3299016), (0.5555967, -0.7900625, -0.2590629), (-0.5634014, -0.8133397, -0.145112), (-0.3566433, -0.9225416, -0.1473858), (-0.002533436, -0.9827234, -0.1850631), (0.003575707, -0.9929497, -0.1184829), (0.3809156, -0.916641, -0.1211306), (0.5831762, -0.8091137, -0.07239132), (-0.5831762, -0.8091137, 0.07239132), (-0.3809156, -0.916641, 0.1211306), (-0.003575707, -0.9929497, 0.1184829), (0.002533436, -0.9827234, 0.1850631), (0.3566433, -0.9225416, 0.1473858), (0.5634014, -0.8133397, 0.145112), (-0.5555967, -0.7900625, 0.2590629), (-0.3299016, -0.8844941, 0.3299016), (-0.002080664, -0.9449215, 0.3272904), (0.003095399, -0.8964846, 0.4430641), (0.3656073, -0.8559572, 0.3656073), (0.5195657, -0.7668657, 0.376787), (-0.5, -0.7071068, 0.5), (-0.2590629, -0.7900625, 0.5555967), (-0.0008682295, -0.8112419, 0.5847101), (0.004160361, -0.8115454, 0.5842746), (0.376787, -0.7668657, 0.5195657), (0.4472136, -0.7745967, 0.4472136), (-0.5, 0.7071068, -0.5), (-0.2590629, 0.7900625, -0.5555967), (-0.0008682295, 0.8112419, -0.5847101), (0.004160361, 0.8115454, -0.5842746), (0.376787, 0.7668657, -0.5195657), (0.4472136, 0.7745967, -0.4472136), (-0.5555967, 0.7900625, -0.2590629), (-0.3299016, 0.8844941, -0.3299016), (-0.002080664, 0.9449215, -0.3272904), (0.003095399, 0.8964846, -0.4430641), (0.3656073, 0.8559572, -0.3656073), (0.5195657, 0.7668657, -0.376787), (-0.5831762, 0.8091137, -0.07239132), (-0.3809156, 0.916641, -0.1211306), (-0.003575707, 0.9929497, -0.1184829), (0.002533436, 0.9827234, -0.1850631), (0.3566433, 0.9225416, -0.1473858), (0.5634014, 0.8133397, -0.145112), (-0.5634014, 0.8133397, 0.145112), (-0.3566433, 0.9225416, 0.1473858), (-0.002533436, 0.9827234, 0.1850631), (0.003575707, 0.9929497, 0.1184829), (0.3809156, 0.916641, 0.1211306), (0.5831762, 0.8091137, 0.07239132), (-0.5195657, 0.7668657, 0.376787), (-0.3656073, 0.8559572, 0.3656073), (-0.003095399, 0.8964846, 0.4430641), (0.002080664, 0.9449215, 0.3272904), (0.3299016, 0.8844941, 0.3299016), (0.5555967, 0.7900625, 0.2590629), (-0.4472136, 0.7745967, 0.4472136), (-0.376787, 0.7668657, 0.5195657), (-0.004160361, 0.8115454, 0.5842746), (0.0008682295, 0.8112419, 0.5847101), (0.2590629, 0.7900625, 0.5555967), (0.5, 0.7071068, 0.5), (-0.4472136, -0.4472136, -0.7745967), (-0.5195657, -0.376787, -0.7668657), (-0.5836769, -0.009713545, -0.8119279), (-0.584709, 0.002073931, -0.8112404), (-0.5555967, 0.2590629, -0.7900625), (-0.5, 0.5, -0.7071068), (-0.376787, -0.5195657, -0.7668657), (-0.3656073, -0.3656073, -0.8559572), (-0.4407257, -0.00730419, -0.8976121), (-0.3286442, 0.004934938, -0.9444409), (-0.3299016, 0.3299016, -0.8844941), (-0.2590629, 0.5555967, -0.7900625), (-0.004160361, -0.5842746, -0.8115454), (-0.003095399, -0.4430641, -0.8964846), (-0.006062235, -0.01444575, -0.9998773), (-0.001686006, 0.00392681, -0.9999909), (-0.002080664, 0.3272904, -0.9449215), (-0.0008682295, 0.5847101, -0.8112419), (0.0008682295, -0.5847101, -0.8112419), (0.002080664, -0.3272904, -0.9449215), (0.001686006, -0.00392681, -0.9999909), (0.006062235, 0.01444575, -0.9998773), (0.003095399, 0.4430641, -0.8964846), (0.004160361, 0.5842746, -0.8115454), (0.2590629, -0.5555967, -0.7900625), (0.3299016, -0.3299016, -0.8844941), (0.3286442, -0.004934938, -0.9444409), (0.4407257, 0.00730419, -0.8976121), (0.3656073, 0.3656073, -0.8559572), (0.376787, 0.5195657, -0.7668657), (0.5, -0.5, -0.7071068), (0.5555967, -0.2590629, -0.7900625), (0.584709, -0.002073931, -0.8112404), (0.5836769, 0.009713545, -0.8119279), (0.5195657, 0.376787, -0.7668657), (0.4472136, 0.4472136, -0.7745967), (-0.5, -0.5, 0.7071068), (-0.5555967, -0.2590629, 0.7900625), (-0.584709, -0.002073931, 0.8112404), (-0.5836769, 0.009713545, 0.8119279), (-0.5195657, 0.376787, 0.7668657), (-0.4472136, 0.4472136, 0.7745967), (-0.2590629, -0.5555967, 0.7900625), (-0.3299016, -0.3299016, 0.8844941), (-0.3286442, -0.004934938, 0.9444409), (-0.4407257, 0.00730419, 0.8976121), (-0.3656073, 0.3656073, 0.8559572), (-0.376787, 0.5195657, 0.7668657), (-0.0008682295, -0.5847101, 0.8112419), (-0.002080664, -0.3272904, 0.9449215), (-0.001686006, -0.00392681, 0.9999909), (-0.006062235, 0.01444575, 0.9998773), (-0.003095399, 0.4430641, 0.8964846), (-0.004160361, 0.5842746, 0.8115454), (0.004160361, -0.5842746, 0.8115454), (0.003095399, -0.4430641, 0.8964846), (0.006062235, -0.01444575, 0.9998773), (0.001686006, 0.00392681, 0.9999909), (0.002080664, 0.3272904, 0.9449215), (0.0008682295, 0.5847101, 0.8112419), (0.376787, -0.5195657, 0.7668657), (0.3656073, -0.3656073, 0.8559572), (0.4407257, -0.00730419, 0.8976121), (0.3286442, 0.004934938, 0.9444409), (0.3299016, 0.3299016, 0.8844941), (0.2590629, 0.5555967, 0.7900625), (0.4472136, -0.4472136, 0.7745967), (0.5195657, -0.376787, 0.7668657), (0.5836769, -0.009713545, 0.8119279), (0.584709, 0.002073931, 0.8112404), (0.5555967, 0.2590629, 0.7900625), (0.5, 0.5, 0.7071068)] (interpolation = "vertex")
            float3[] extent = [(-0.00765, -0.00344, -0.020925), (0.00765, 0.00344, -0.019935)]
            rel material:binding = </WorkbenchPart/Materials/polymer>
            texCoord2f[] primvars:st = [(-0.3657222, -2.292), (-0.3529305, -2.295708), (-0.3492222, -2.3085), (-0.3657222, -2.292), (-0.3492222, -2.3085), (-0.3613011, -2.304079), (-0.367724, -2.2755), (-0.3548593, -2.2755), (-0.3529305, -2.295708), (-0.367724, -2.2755), (-0.3529305, -2.295708), (-0.3657222, -2.292), (-0.367724, -2.2645), (-0.3548593, -2.2645), (-0.3548593, -2.2755), (-0.367724, -2.2645), (-0.3548593, -2.2755), (-0.367724, -2.2755), (-0.3657222, -2.248), (-0.3529305, -2.244292), (-0.3548593, -2.2645), (-0.3657222, -2.248), (-0.3548593, -2.2645), (-0.367724, -2.2645), (-0.3613011, -2.235921), (-0.3492222, -2.2315), (-0.3529305, -2.244292), (-0.3613011, -2.235921), (-0.3529305, -2.244292), (-0.3657222, -2.248), (-0.3529305, -2.295708), (-0.3327222, -2.297637), (-0.3327222, -2.310502), (-0.3529305, -2.295708), (-0.3327222, -2.310502), (-0.3492222, -2.3085), (-0.3548593, -2.2755), (-0.3327222, -2.2755), (-0.3327222, -2.297637), (-0.3548593, -2.2755), (-0.3327222, -2.297637), (-0.3529305, -2.295708), (-0.3548593, -2.2645), (-0.3327222, -2.2645), (-0.3327222, -2.2755), (-0.3548593, -2.2645), (-0.3327222, -2.2755), (-0.3548593, -2.2755), (-0.3529305, -2.244292), (-0.3327222, -2.242363), (-0.3327222, -2.2645), (-0.3529305, -2.244292), (-0.3327222, -2.2645), (-0.3548593, -2.2645), (-0.3492222, -2.2315), (-0.3327222, -2.229498), (-0.3327222, -2.242363), (-0.3492222, -2.2315), (-0.3327222, -2.242363), (-0.3529305, -2.244292), (-0.3327222, -2.297637), (0.3327222, -2.297637), (0.3327222, -2.310502), (-0.3327222, -2.297637), (0.3327222, -2.310502), (-0.3327222, -2.310502), (-0.3327222, -2.2755), (0.3327222, -2.2755), (0.3327222, -2.297637), (-0.3327222, -2.2755), (0.3327222, -2.297637), (-0.3327222, -2.297637), (-0.3327222, -2.2645), (0.3327222, -2.2645), (0.3327222, -2.2755), (-0.3327222, -2.2645), (0.3327222, -2.2755), (-0.3327222, -2.2755), (-0.3327222, -2.242363), (0.3327222, -2.242363), (0.3327222, -2.2645), (-0.3327222, -2.242363), (0.3327222, -2.2645), (-0.3327222, -2.2645), (-0.3327222, -2.229498), (0.3327222, -2.229498), (0.3327222, -2.242363), (-0.3327222, -2.229498), (0.3327222, -2.242363), (-0.3327222, -2.242363), (0.3327222, -2.297637), (0.3529305, -2.295708), (0.3492222, -2.3085), (0.3327222, -2.297637), (0.3492222, -2.3085), (0.3327222, -2.310502), (0.3327222, -2.2755), (0.3548593, -2.2755), (0.3529305, -2.295708), (0.3327222, -2.2755), (0.3529305, -2.295708), (0.3327222, -2.297637), (0.3327222, -2.2645), (0.3548593, -2.2645), (0.3548593, -2.2755), (0.3327222, -2.2645), (0.3548593, -2.2755), (0.3327222, -2.2755), (0.3327222, -2.242363), (0.3529305, -2.244292), (0.3548593, -2.2645), (0.3327222, -2.242363), (0.3548593, -2.2645), (0.3327222, -2.2645), (0.3327222, -2.229498), (0.3492222, -2.2315), (0.3529305, -2.244292), (0.3327222, -2.229498), (0.3529305, -2.244292), (0.3327222, -2.242363), (0.3529305, -2.295708), (0.3657222, -2.292), (0.3613011, -2.304079), (0.3529305, -2.295708), (0.3613011, -2.304079), (0.3492222, -2.3085), (0.3548593, -2.2755), (0.367724, -2.2755), (0.3657222, -2.292), (0.3548593, -2.2755), (0.3657222, -2.292), (0.3529305, -2.295708), (0.3548593, -2.2645), (0.367724, -2.2645), (0.367724, -2.2755), (0.3548593, -2.2645), (0.367724, -2.2755), (0.3548593, -2.2755), (0.3529305, -2.244292), (0.3657222, -2.248), (0.367724, -2.2645), (0.3529305, -2.244292), (0.367724, -2.2645), (0.3548593, -2.2645), (0.3492222, -2.2315), (0.3613011, -2.235921), (0.3657222, -2.248), (0.3492222, -2.2315), (0.3657222, -2.248), (0.3529305, -2.244292), (-0.3613011, -2.304079), (-0.3492222, -2.3085), (-0.3529305, -2.295708), (-0.3613011, -2.304079), (-0.3529305, -2.295708), (-0.3657222, -2.292), (-0.3657222, -2.292), (-0.3529305, -2.295708), (-0.3548593, -2.2755), (-0.3657222, -2.292), (-0.3548593, -2.2755), (-0.367724, -2.2755), (-0.367724, -2.2755), (-0.3548593, -2.2755), (-0.3548593, -2.2645), (-0.367724, -2.2755), (-0.3548593, -2.2645), (-0.367724, -2.2645), (-0.367724, -2.2645), (-0.3548593, -2.2645), (-0.3529305, -2.244292), (-0.367724, -2.2645), (-0.3529305, -2.244292), (-0.3657222, -2.248), (-0.3657222, -2.248), (-0.3529305, -2.244292), (-0.3492222, -2.2315), (-0.3657222, -2.248), (-0.3492222, -2.2315), (-0.3613011, -2.235921), (-0.3492222, -2.3085), (-0.3327222, -2.310502), (-0.3327222, -2.297637), (-0.3492222, -2.3085), (-0.3327222, -2.297637), (-0.3529305, -2.295708), (-0.3529305, -2.295708), (-0.3327222, -2.297637), (-0.3327222, -2.2755), (-0.3529305, -2.295708), (-0.3327222, -2.2755), (-0.3548593, -2.2755), (-0.3548593, -2.2755), (-0.3327222, -2.2755), (-0.3327222, -2.2645), (-0.3548593, -2.2755), (-0.3327222, -2.2645), (-0.3548593, -2.2645), (-0.3548593, -2.2645), (-0.3327222, -2.2645), (-0.3327222, -2.242363), (-0.3548593, -2.2645), (-0.3327222, -2.242363), (-0.3529305, -2.244292), (-0.3529305, -2.244292), (-0.3327222, -2.242363), (-0.3327222, -2.229498), (-0.3529305, -2.244292), (-0.3327222, -2.229498), (-0.3492222, -2.2315), (-0.3327222, -2.310502), (0.3327222, -2.310502), (0.3327222, -2.297637), (-0.3327222, -2.310502), (0.3327222, -2.297637), (-0.3327222, -2.297637), (-0.3327222, -2.297637), (0.3327222, -2.297637), (0.3327222, -2.2755), (-0.3327222, -2.297637), (0.3327222, -2.2755), (-0.3327222, -2.2755), (-0.3327222, -2.2755), (0.3327222, -2.2755), (0.3327222, -2.2645), (-0.3327222, -2.2755), (0.3327222, -2.2645), (-0.3327222, -2.2645), (-0.3327222, -2.2645), (0.3327222, -2.2645), (0.3327222, -2.242363), (-0.3327222, -2.2645), (0.3327222, -2.242363), (-0.3327222, -2.242363), (-0.3327222, -2.242363), (0.3327222, -2.242363), (0.3327222, -2.229498), (-0.3327222, -2.242363), (0.3327222, -2.229498), (-0.3327222, -2.229498), (0.3327222, -2.310502), (0.3492222, -2.3085), (0.3529305, -2.295708), (0.3327222, -2.310502), (0.3529305, -2.295708), (0.3327222, -2.297637), (0.3327222, -2.297637), (0.3529305, -2.295708), (0.3548593, -2.2755), (0.3327222, -2.297637), (0.3548593, -2.2755), (0.3327222, -2.2755), (0.3327222, -2.2755), (0.3548593, -2.2755), (0.3548593, -2.2645), (0.3327222, -2.2755), (0.3548593, -2.2645), (0.3327222, -2.2645), (0.3327222, -2.2645), (0.3548593, -2.2645), (0.3529305, -2.244292), (0.3327222, -2.2645), (0.3529305, -2.244292), (0.3327222, -2.242363), (0.3327222, -2.242363), (0.3529305, -2.244292), (0.3492222, -2.2315), (0.3327222, -2.242363), (0.3492222, -2.2315), (0.3327222, -2.229498), (0.3492222, -2.3085), (0.3613011, -2.304079), (0.3657222, -2.292), (0.3492222, -2.3085), (0.3657222, -2.292), (0.3529305, -2.295708), (0.3529305, -2.295708), (0.3657222, -2.292), (0.367724, -2.2755), (0.3529305, -2.295708), (0.367724, -2.2755), (0.3548593, -2.2755), (0.3548593, -2.2755), (0.367724, -2.2755), (0.367724, -2.2645), (0.3548593, -2.2755), (0.367724, -2.2645), (0.3548593, -2.2645), (0.3548593, -2.2645), (0.367724, -2.2645), (0.3657222, -2.248), (0.3548593, -2.2645), (0.3657222, -2.248), (0.3529305, -2.244292), (0.3529305, -2.244292), (0.3657222, -2.248), (0.3613011, -2.235921), (0.3529305, -2.244292), (0.3613011, -2.235921), (0.3492222, -2.2315), (-0.817, -2.3085), (-0.8207083, -2.295708), (-0.8335, -2.292), (-0.817, -2.3085), (-0.8335, -2.292), (-0.8290788, -2.304079), (-0.8005, -2.310502), (-0.8005, -2.297637), (-0.8207083, -2.295708), (-0.8005, -2.310502), (-0.8207083, -2.295708), (-0.817, -2.3085), (0.8005, -2.310502), (0.8005, -2.297637), (-0.8005, -2.297637), (0.8005, -2.310502), (-0.8005, -2.297637), (-0.8005, -2.310502), (0.817, -2.3085), (0.8207083, -2.295708), (0.8005, -2.297637), (0.817, -2.3085), (0.8005, -2.297637), (0.8005, -2.310502), (0.8290788, -2.304079), (0.8335, -2.292), (0.8207083, -2.295708), (0.8290788, -2.304079), (0.8207083, -2.295708), (0.817, -2.3085), (-0.8207083, -2.295708), (-0.8226371, -2.2755), (-0.8355018, -2.2755), (-0.8207083, -2.295708), (-0.8355018, -2.2755), (-0.8335, -2.292), (-0.8005, -2.297637), (-0.8005, -2.2755), (-0.8226371, -2.2755), (-0.8005, -2.297637), (-0.8226371, -2.2755), (-0.8207083, -2.295708), (0.8005, -2.297637), (0.8005, -2.2755), (-0.8005, -2.2755), (0.8005, -2.297637), (-0.8005, -2.2755), (-0.8005, -2.297637), (0.8207083, -2.295708), (0.8226371, -2.2755), (0.8005, -2.2755), (0.8207083, -2.295708), (0.8005, -2.2755), (0.8005, -2.297637), (0.8335, -2.292), (0.8355018, -2.2755), (0.8226371, -2.2755), (0.8335, -2.292), (0.8226371, -2.2755), (0.8207083, -2.295708), (-0.8226371, -2.2755), (-0.8226371, -2.2645), (-0.8355018, -2.2645), (-0.8226371, -2.2755), (-0.8355018, -2.2645), (-0.8355018, -2.2755), (-0.8005, -2.2755), (-0.8005, -2.2645), (-0.8226371, -2.2645), (-0.8005, -2.2755), (-0.8226371, -2.2645), (-0.8226371, -2.2755), (0.8005, -2.2755), (0.8005, -2.2645), (-0.8005, -2.2645), (0.8005, -2.2755), (-0.8005, -2.2645), (-0.8005, -2.2755), (0.8226371, -2.2755), (0.8226371, -2.2645), (0.8005, -2.2645), (0.8226371, -2.2755), (0.8005, -2.2645), (0.8005, -2.2755), (0.8355018, -2.2755), (0.8355018, -2.2645), (0.8226371, -2.2645), (0.8355018, -2.2755), (0.8226371, -2.2645), (0.8226371, -2.2755), (-0.8226371, -2.2645), (-0.8207083, -2.244292), (-0.8335, -2.248), (-0.8226371, -2.2645), (-0.8335, -2.248), (-0.8355018, -2.2645), (-0.8005, -2.2645), (-0.8005, -2.242363), (-0.8207083, -2.244292), (-0.8005, -2.2645), (-0.8207083, -2.244292), (-0.8226371, -2.2645), (0.8005, -2.2645), (0.8005, -2.242363), (-0.8005, -2.242363), (0.8005, -2.2645), (-0.8005, -2.242363), (-0.8005, -2.2645), (0.8226371, -2.2645), (0.8207083, -2.244292), (0.8005, -2.242363), (0.8226371, -2.2645), (0.8005, -2.242363), (0.8005, -2.2645), (0.8355018, -2.2645), (0.8335, -2.248), (0.8207083, -2.244292), (0.8355018, -2.2645), (0.8207083, -2.244292), (0.8226371, -2.2645), (-0.8207083, -2.244292), (-0.817, -2.2315), (-0.8290788, -2.235921), (-0.8207083, -2.244292), (-0.8290788, -2.235921), (-0.8335, -2.248), (-0.8005, -2.242363), (-0.8005, -2.229498), (-0.817, -2.2315), (-0.8005, -2.242363), (-0.817, -2.2315), (-0.8207083, -2.244292), (0.8005, -2.242363), (0.8005, -2.229498), (-0.8005, -2.229498), (0.8005, -2.242363), (-0.8005, -2.229498), (-0.8005, -2.242363), (0.8207083, -2.244292), (0.817, -2.2315), (0.8005, -2.229498), (0.8207083, -2.244292), (0.8005, -2.229498), (0.8005, -2.242363), (0.8335, -2.248), (0.8290788, -2.235921), (0.817, -2.2315), (0.8335, -2.248), (0.817, -2.2315), (0.8207083, -2.244292), (-0.8290788, -2.304079), (-0.8335, -2.292), (-0.8207083, -2.295708), (-0.8290788, -2.304079), (-0.8207083, -2.295708), (-0.817, -2.3085), (-0.817, -2.3085), (-0.8207083, -2.295708), (-0.8005, -2.297637), (-0.817, -2.3085), (-0.8005, -2.297637), (-0.8005, -2.310502), (-0.8005, -2.310502), (-0.8005, -2.297637), (0.8005, -2.297637), (-0.8005, -2.310502), (0.8005, -2.297637), (0.8005, -2.310502), (0.8005, -2.310502), (0.8005, -2.297637), (0.8207083, -2.295708), (0.8005, -2.310502), (0.8207083, -2.295708), (0.817, -2.3085), (0.817, -2.3085), (0.8207083, -2.295708), (0.8335, -2.292), (0.817, -2.3085), (0.8335, -2.292), (0.8290788, -2.304079), (-0.8335, -2.292), (-0.8355018, -2.2755), (-0.8226371, -2.2755), (-0.8335, -2.292), (-0.8226371, -2.2755), (-0.8207083, -2.295708), (-0.8207083, -2.295708), (-0.8226371, -2.2755), (-0.8005, -2.2755), (-0.8207083, -2.295708), (-0.8005, -2.2755), (-0.8005, -2.297637), (-0.8005, -2.297637), (-0.8005, -2.2755), (0.8005, -2.2755), (-0.8005, -2.297637), (0.8005, -2.2755), (0.8005, -2.297637), (0.8005, -2.297637), (0.8005, -2.2755), (0.8226371, -2.2755), (0.8005, -2.297637), (0.8226371, -2.2755), (0.8207083, -2.295708), (0.8207083, -2.295708), (0.8226371, -2.2755), (0.8355018, -2.2755), (0.8207083, -2.295708), (0.8355018, -2.2755), (0.8335, -2.292), (-0.8355018, -2.2755), (-0.8355018, -2.2645), (-0.8226371, -2.2645), (-0.8355018, -2.2755), (-0.8226371, -2.2645), (-0.8226371, -2.2755), (-0.8226371, -2.2755), (-0.8226371, -2.2645), (-0.8005, -2.2645), (-0.8226371, -2.2755), (-0.8005, -2.2645), (-0.8005, -2.2755), (-0.8005, -2.2755), (-0.8005, -2.2645), (0.8005, -2.2645), (-0.8005, -2.2755), (0.8005, -2.2645), (0.8005, -2.2755), (0.8005, -2.2755), (0.8005, -2.2645), (0.8226371, -2.2645), (0.8005, -2.2755), (0.8226371, -2.2645), (0.8226371, -2.2755), (0.8226371, -2.2755), (0.8226371, -2.2645), (0.8355018, -2.2645), (0.8226371, -2.2755), (0.8355018, -2.2645), (0.8355018, -2.2755), (-0.8355018, -2.2645), (-0.8335, -2.248), (-0.8207083, -2.244292), (-0.8355018, -2.2645), (-0.8207083, -2.244292), (-0.8226371, -2.2645), (-0.8226371, -2.2645), (-0.8207083, -2.244292), (-0.8005, -2.242363), (-0.8226371, -2.2645), (-0.8005, -2.242363), (-0.8005, -2.2645), (-0.8005, -2.2645), (-0.8005, -2.242363), (0.8005, -2.242363), (-0.8005, -2.2645), (0.8005, -2.242363), (0.8005, -2.2645), (0.8005, -2.2645), (0.8005, -2.242363), (0.8207083, -2.244292), (0.8005, -2.2645), (0.8207083, -2.244292), (0.8226371, -2.2645), (0.8226371, -2.2645), (0.8207083, -2.244292), (0.8335, -2.248), (0.8226371, -2.2645), (0.8335, -2.248), (0.8355018, -2.2645), (-0.8335, -2.248), (-0.8290788, -2.235921), (-0.817, -2.2315), (-0.8335, -2.248), (-0.817, -2.2315), (-0.8207083, -2.244292), (-0.8207083, -2.244292), (-0.817, -2.2315), (-0.8005, -2.229498), (-0.8207083, -2.244292), (-0.8005, -2.229498), (-0.8005, -2.242363), (-0.8005, -2.242363), (-0.8005, -2.229498), (0.8005, -2.229498), (-0.8005, -2.242363), (0.8005, -2.229498), (0.8005, -2.242363), (0.8005, -2.242363), (0.8005, -2.229498), (0.817, -2.2315), (0.8005, -2.242363), (0.817, -2.2315), (0.8207083, -2.244292), (0.8207083, -2.244292), (0.817, -2.2315), (0.8290788, -2.235921), (0.8207083, -2.244292), (0.8290788, -2.235921), (0.8335, -2.248), (-0.8335, -0.3492222), (-0.8207083, -0.3529305), (-0.817, -0.3657222), (-0.8335, -0.3492222), (-0.817, -0.3657222), (-0.8290788, -0.3613011), (-0.8355018, -0.3327222), (-0.8226371, -0.3327222), (-0.8207083, -0.3529305), (-0.8355018, -0.3327222), (-0.8207083, -0.3529305), (-0.8335, -0.3492222), (-0.8355018, 0.3327222), (-0.8226371, 0.3327222), (-0.8226371, -0.3327222), (-0.8355018, 0.3327222), (-0.8226371, -0.3327222), (-0.8355018, -0.3327222), (-0.8335, 0.3492222), (-0.8207083, 0.3529305), (-0.8226371, 0.3327222), (-0.8335, 0.3492222), (-0.8226371, 0.3327222), (-0.8355018, 0.3327222), (-0.8290788, 0.3613011), (-0.817, 0.3657222), (-0.8207083, 0.3529305), (-0.8290788, 0.3613011), (-0.8207083, 0.3529305), (-0.8335, 0.3492222), (-0.8207083, -0.3529305), (-0.8005, -0.3548593), (-0.8005, -0.367724), (-0.8207083, -0.3529305), (-0.8005, -0.367724), (-0.817, -0.3657222), (-0.8226371, -0.3327222), (-0.8005, -0.3327222), (-0.8005, -0.3548593), (-0.8226371, -0.3327222), (-0.8005, -0.3548593), (-0.8207083, -0.3529305), (-0.8226371, 0.3327222), (-0.8005, 0.3327222), (-0.8005, -0.3327222), (-0.8226371, 0.3327222), (-0.8005, -0.3327222), (-0.8226371, -0.3327222), (-0.8207083, 0.3529305), (-0.8005, 0.3548593), (-0.8005, 0.3327222), (-0.8207083, 0.3529305), (-0.8005, 0.3327222), (-0.8226371, 0.3327222), (-0.817, 0.3657222), (-0.8005, 0.367724), (-0.8005, 0.3548593), (-0.817, 0.3657222), (-0.8005, 0.3548593), (-0.8207083, 0.3529305), (-0.8005, -0.3548593), (0.8005, -0.3548593), (0.8005, -0.367724), (-0.8005, -0.3548593), (0.8005, -0.367724), (-0.8005, -0.367724), (-0.8005, -0.3327222), (0.8005, -0.3327222), (0.8005, -0.3548593), (-0.8005, -0.3327222), (0.8005, -0.3548593), (-0.8005, -0.3548593), (-0.8005, 0.3327222), (0.8005, 0.3327222), (0.8005, -0.3327222), (-0.8005, 0.3327222), (0.8005, -0.3327222), (-0.8005, -0.3327222), (-0.8005, 0.3548593), (0.8005, 0.3548593), (0.8005, 0.3327222), (-0.8005, 0.3548593), (0.8005, 0.3327222), (-0.8005, 0.3327222), (-0.8005, 0.367724), (0.8005, 0.367724), (0.8005, 0.3548593), (-0.8005, 0.367724), (0.8005, 0.3548593), (-0.8005, 0.3548593), (0.8005, -0.3548593), (0.8207083, -0.3529305), (0.817, -0.3657222), (0.8005, -0.3548593), (0.817, -0.3657222), (0.8005, -0.367724), (0.8005, -0.3327222), (0.8226371, -0.3327222), (0.8207083, -0.3529305), (0.8005, -0.3327222), (0.8207083, -0.3529305), (0.8005, -0.3548593), (0.8005, 0.3327222), (0.8226371, 0.3327222), (0.8226371, -0.3327222), (0.8005, 0.3327222), (0.8226371, -0.3327222), (0.8005, -0.3327222), (0.8005, 0.3548593), (0.8207083, 0.3529305), (0.8226371, 0.3327222), (0.8005, 0.3548593), (0.8226371, 0.3327222), (0.8005, 0.3327222), (0.8005, 0.367724), (0.817, 0.3657222), (0.8207083, 0.3529305), (0.8005, 0.367724), (0.8207083, 0.3529305), (0.8005, 0.3548593), (0.8207083, -0.3529305), (0.8335, -0.3492222), (0.8290788, -0.3613011), (0.8207083, -0.3529305), (0.8290788, -0.3613011), (0.817, -0.3657222), (0.8226371, -0.3327222), (0.8355018, -0.3327222), (0.8335, -0.3492222), (0.8226371, -0.3327222), (0.8335, -0.3492222), (0.8207083, -0.3529305), (0.8226371, 0.3327222), (0.8355018, 0.3327222), (0.8355018, -0.3327222), (0.8226371, 0.3327222), (0.8355018, -0.3327222), (0.8226371, -0.3327222), (0.8207083, 0.3529305), (0.8335, 0.3492222), (0.8355018, 0.3327222), (0.8207083, 0.3529305), (0.8355018, 0.3327222), (0.8226371, 0.3327222), (0.817, 0.3657222), (0.8290788, 0.3613011), (0.8335, 0.3492222), (0.817, 0.3657222), (0.8335, 0.3492222), (0.8207083, 0.3529305), (-0.8290788, -0.3613011), (-0.817, -0.3657222), (-0.8207083, -0.3529305), (-0.8290788, -0.3613011), (-0.8207083, -0.3529305), (-0.8335, -0.3492222), (-0.8335, -0.3492222), (-0.8207083, -0.3529305), (-0.8226371, -0.3327222), (-0.8335, -0.3492222), (-0.8226371, -0.3327222), (-0.8355018, -0.3327222), (-0.8355018, -0.3327222), (-0.8226371, -0.3327222), (-0.8226371, 0.3327222), (-0.8355018, -0.3327222), (-0.8226371, 0.3327222), (-0.8355018, 0.3327222), (-0.8355018, 0.3327222), (-0.8226371, 0.3327222), (-0.8207083, 0.3529305), (-0.8355018, 0.3327222), (-0.8207083, 0.3529305), (-0.8335, 0.3492222), (-0.8335, 0.3492222), (-0.8207083, 0.3529305), (-0.817, 0.3657222), (-0.8335, 0.3492222), (-0.817, 0.3657222), (-0.8290788, 0.3613011), (-0.817, -0.3657222), (-0.8005, -0.367724), (-0.8005, -0.3548593), (-0.817, -0.3657222), (-0.8005, -0.3548593), (-0.8207083, -0.3529305), (-0.8207083, -0.3529305), (-0.8005, -0.3548593), (-0.8005, -0.3327222), (-0.8207083, -0.3529305), (-0.8005, -0.3327222), (-0.8226371, -0.3327222), (-0.8226371, -0.3327222), (-0.8005, -0.3327222), (-0.8005, 0.3327222), (-0.8226371, -0.3327222), (-0.8005, 0.3327222), (-0.8226371, 0.3327222), (-0.8226371, 0.3327222), (-0.8005, 0.3327222), (-0.8005, 0.3548593), (-0.8226371, 0.3327222), (-0.8005, 0.3548593), (-0.8207083, 0.3529305), (-0.8207083, 0.3529305), (-0.8005, 0.3548593), (-0.8005, 0.367724), (-0.8207083, 0.3529305), (-0.8005, 0.367724), (-0.817, 0.3657222), (-0.8005, -0.367724), (0.8005, -0.367724), (0.8005, -0.3548593), (-0.8005, -0.367724), (0.8005, -0.3548593), (-0.8005, -0.3548593), (-0.8005, -0.3548593), (0.8005, -0.3548593), (0.8005, -0.3327222), (-0.8005, -0.3548593), (0.8005, -0.3327222), (-0.8005, -0.3327222), (-0.8005, -0.3327222), (0.8005, -0.3327222), (0.8005, 0.3327222), (-0.8005, -0.3327222), (0.8005, 0.3327222), (-0.8005, 0.3327222), (-0.8005, 0.3327222), (0.8005, 0.3327222), (0.8005, 0.3548593), (-0.8005, 0.3327222), (0.8005, 0.3548593), (-0.8005, 0.3548593), (-0.8005, 0.3548593), (0.8005, 0.3548593), (0.8005, 0.367724), (-0.8005, 0.3548593), (0.8005, 0.367724), (-0.8005, 0.367724), (0.8005, -0.367724), (0.817, -0.3657222), (0.8207083, -0.3529305), (0.8005, -0.367724), (0.8207083, -0.3529305), (0.8005, -0.3548593), (0.8005, -0.3548593), (0.8207083, -0.3529305), (0.8226371, -0.3327222), (0.8005, -0.3548593), (0.8226371, -0.3327222), (0.8005, -0.3327222), (0.8005, -0.3327222), (0.8226371, -0.3327222), (0.8226371, 0.3327222), (0.8005, -0.3327222), (0.8226371, 0.3327222), (0.8005, 0.3327222), (0.8005, 0.3327222), (0.8226371, 0.3327222), (0.8207083, 0.3529305), (0.8005, 0.3327222), (0.8207083, 0.3529305), (0.8005, 0.3548593), (0.8005, 0.3548593), (0.8207083, 0.3529305), (0.817, 0.3657222), (0.8005, 0.3548593), (0.817, 0.3657222), (0.8005, 0.367724), (0.817, -0.3657222), (0.8290788, -0.3613011), (0.8335, -0.3492222), (0.817, -0.3657222), (0.8335, -0.3492222), (0.8207083, -0.3529305), (0.8207083, -0.3529305), (0.8335, -0.3492222), (0.8355018, -0.3327222), (0.8207083, -0.3529305), (0.8355018, -0.3327222), (0.8226371, -0.3327222), (0.8226371, -0.3327222), (0.8355018, -0.3327222), (0.8355018, 0.3327222), (0.8226371, -0.3327222), (0.8355018, 0.3327222), (0.8226371, 0.3327222), (0.8226371, 0.3327222), (0.8355018, 0.3327222), (0.8335, 0.3492222), (0.8226371, 0.3327222), (0.8335, 0.3492222), (0.8207083, 0.3529305), (0.8207083, 0.3529305), (0.8335, 0.3492222), (0.8290788, 0.3613011), (0.8207083, 0.3529305), (0.8290788, 0.3613011), (0.817, 0.3657222)] (interpolation = "faceVarying")
        }
        def Mesh "InternalEndProtection_02" (prepend apiSchemas = ["MaterialBindingAPI"])
        {
            uniform token subdivisionScheme = "none"
            uniform token orientation = "rightHanded"
            bool doubleSided = false
            point3f[] points = [(-0.00746171, -0.00325171, 0.02012329), (-0.0075015, -0.0032915, 0.020232), (-0.007519516, -0.003309516, 0.0203805), (-0.007519516, -0.003309516, 0.0204795), (-0.0075015, -0.0032915, 0.020628), (-0.00746171, -0.00325171, 0.02073671), (-0.0075015, -0.003143, 0.0200835), (-0.007568249, -0.003176375, 0.02019863), (-0.007602967, -0.003193734, 0.0203805), (-0.007602967, -0.003193734, 0.0204795), (-0.007568249, -0.003176375, 0.02066137), (-0.0075015, -0.003143, 0.0207765), (-0.007519516, -0.0029945, 0.02006548), (-0.007602967, -0.0029945, 0.02018127), (-0.00765, -0.0029945, 0.0203805), (-0.00765, -0.0029945, 0.0204795), (-0.007602967, -0.0029945, 0.02067873), (-0.007519516, -0.0029945, 0.02079452), (-0.007519516, 0.0029945, 0.02006548), (-0.007602967, 0.0029945, 0.02018127), (-0.00765, 0.0029945, 0.0203805), (-0.00765, 0.0029945, 0.0204795), (-0.007602967, 0.0029945, 0.02067873), (-0.007519516, 0.0029945, 0.02079452), (-0.0075015, 0.003143, 0.0200835), (-0.007568249, 0.003176375, 0.02019863), (-0.007602967, 0.003193734, 0.0203805), (-0.007602967, 0.003193734, 0.0204795), (-0.007568249, 0.003176375, 0.02066137), (-0.0075015, 0.003143, 0.0207765), (-0.00746171, 0.00325171, 0.02012329), (-0.0075015, 0.0032915, 0.020232), (-0.007519516, 0.003309516, 0.0203805), (-0.007519516, 0.003309516, 0.0204795), (-0.0075015, 0.0032915, 0.020628), (-0.00746171, 0.00325171, 0.02073671), (0.00746171, -0.00325171, 0.02012329), (0.0075015, -0.0032915, 0.020232), (0.007519516, -0.003309516, 0.0203805), (0.007519516, -0.003309516, 0.0204795), (0.0075015, -0.0032915, 0.020628), (0.00746171, -0.00325171, 0.02073671), (0.0075015, -0.003143, 0.0200835), (0.007568249, -0.003176375, 0.02019863), (0.007602967, -0.003193734, 0.0203805), (0.007602967, -0.003193734, 0.0204795), (0.007568249, -0.003176375, 0.02066137), (0.0075015, -0.003143, 0.0207765), (0.007519516, -0.0029945, 0.02006548), (0.007602967, -0.0029945, 0.02018127), (0.00765, -0.0029945, 0.0203805), (0.00765, -0.0029945, 0.0204795), (0.007602967, -0.0029945, 0.02067873), (0.007519516, -0.0029945, 0.02079452), (0.007519516, 0.0029945, 0.02006548), (0.007602967, 0.0029945, 0.02018127), (0.00765, 0.0029945, 0.0203805), (0.00765, 0.0029945, 0.0204795), (0.007602967, 0.0029945, 0.02067873), (0.007519516, 0.0029945, 0.02079452), (0.0075015, 0.003143, 0.0200835), (0.007568249, 0.003176375, 0.02019863), (0.007602967, 0.003193734, 0.0203805), (0.007602967, 0.003193734, 0.0204795), (0.007568249, 0.003176375, 0.02066137), (0.0075015, 0.003143, 0.0207765), (0.00746171, 0.00325171, 0.02012329), (0.0075015, 0.0032915, 0.020232), (0.007519516, 0.003309516, 0.0203805), (0.007519516, 0.003309516, 0.0204795), (0.0075015, 0.0032915, 0.020628), (0.00746171, 0.00325171, 0.02073671), (-0.00746171, -0.00325171, 0.02012329), (-0.007353, -0.0032915, 0.0200835), (-0.0072045, -0.003309516, 0.02006548), (0.0072045, -0.003309516, 0.02006548), (0.007353, -0.0032915, 0.0200835), (0.00746171, -0.00325171, 0.02012329), (-0.0075015, -0.0032915, 0.020232), (-0.007386375, -0.003358249, 0.02019863), (-0.0072045, -0.003392967, 0.02018127), (0.0072045, -0.003392967, 0.02018127), (0.007386375, -0.003358249, 0.02019863), (0.0075015, -0.0032915, 0.020232), (-0.007519516, -0.003309516, 0.0203805), (-0.007403734, -0.003392967, 0.0203805), (-0.0072045, -0.00344, 0.0203805), (0.0072045, -0.00344, 0.0203805), (0.007403734, -0.003392967, 0.0203805), (0.007519516, -0.003309516, 0.0203805), (-0.007519516, -0.003309516, 0.0204795), (-0.007403734, -0.003392967, 0.0204795), (-0.0072045, -0.00344, 0.0204795), (0.0072045, -0.00344, 0.0204795), (0.007403734, -0.003392967, 0.0204795), (0.007519516, -0.003309516, 0.0204795), (-0.0075015, -0.0032915, 0.020628), (-0.007386375, -0.003358249, 0.02066137), (-0.0072045, -0.003392967, 0.02067873), (0.0072045, -0.003392967, 0.02067873), (0.007386375, -0.003358249, 0.02066137), (0.0075015, -0.0032915, 0.020628), (-0.00746171, -0.00325171, 0.02073671), (-0.007353, -0.0032915, 0.0207765), (-0.0072045, -0.003309516, 0.02079452), (0.0072045, -0.003309516, 0.02079452), (0.007353, -0.0032915, 0.0207765), (0.00746171, -0.00325171, 0.02073671), (-0.00746171, 0.00325171, 0.02012329), (-0.007353, 0.0032915, 0.0200835), (-0.0072045, 0.003309516, 0.02006548), (0.0072045, 0.003309516, 0.02006548), (0.007353, 0.0032915, 0.0200835), (0.00746171, 0.00325171, 0.02012329), (-0.0075015, 0.0032915, 0.020232), (-0.007386375, 0.003358249, 0.02019863), (-0.0072045, 0.003392967, 0.02018127), (0.0072045, 0.003392967, 0.02018127), (0.007386375, 0.003358249, 0.02019863), (0.0075015, 0.0032915, 0.020232), (-0.007519516, 0.003309516, 0.0203805), (-0.007403734, 0.003392967, 0.0203805), (-0.0072045, 0.00344, 0.0203805), (0.0072045, 0.00344, 0.0203805), (0.007403734, 0.003392967, 0.0203805), (0.007519516, 0.003309516, 0.0203805), (-0.007519516, 0.003309516, 0.0204795), (-0.007403734, 0.003392967, 0.0204795), (-0.0072045, 0.00344, 0.0204795), (0.0072045, 0.00344, 0.0204795), (0.007403734, 0.003392967, 0.0204795), (0.007519516, 0.003309516, 0.0204795), (-0.0075015, 0.0032915, 0.020628), (-0.007386375, 0.003358249, 0.02066137), (-0.0072045, 0.003392967, 0.02067873), (0.0072045, 0.003392967, 0.02067873), (0.007386375, 0.003358249, 0.02066137), (0.0075015, 0.0032915, 0.020628), (-0.00746171, 0.00325171, 0.02073671), (-0.007353, 0.0032915, 0.0207765), (-0.0072045, 0.003309516, 0.02079452), (0.0072045, 0.003309516, 0.02079452), (0.007353, 0.0032915, 0.0207765), (0.00746171, 0.00325171, 0.02073671), (-0.00746171, -0.00325171, 0.02012329), (-0.0075015, -0.003143, 0.0200835), (-0.007519516, -0.0029945, 0.02006548), (-0.007519516, 0.0029945, 0.02006548), (-0.0075015, 0.003143, 0.0200835), (-0.00746171, 0.00325171, 0.02012329), (-0.007353, -0.0032915, 0.0200835), (-0.007386375, -0.003176375, 0.02001675), (-0.007403734, -0.0029945, 0.01998203), (-0.007403734, 0.0029945, 0.01998203), (-0.007386375, 0.003176375, 0.02001675), (-0.007353, 0.0032915, 0.0200835), (-0.0072045, -0.003309516, 0.02006548), (-0.0072045, -0.003193734, 0.01998203), (-0.0072045, -0.0029945, 0.019935), (-0.0072045, 0.0029945, 0.019935), (-0.0072045, 0.003193734, 0.01998203), (-0.0072045, 0.003309516, 0.02006548), (0.0072045, -0.003309516, 0.02006548), (0.0072045, -0.003193734, 0.01998203), (0.0072045, -0.0029945, 0.019935), (0.0072045, 0.0029945, 0.019935), (0.0072045, 0.003193734, 0.01998203), (0.0072045, 0.003309516, 0.02006548), (0.007353, -0.0032915, 0.0200835), (0.007386375, -0.003176375, 0.02001675), (0.007403734, -0.0029945, 0.01998203), (0.007403734, 0.0029945, 0.01998203), (0.007386375, 0.003176375, 0.02001675), (0.007353, 0.0032915, 0.0200835), (0.00746171, -0.00325171, 0.02012329), (0.0075015, -0.003143, 0.0200835), (0.007519516, -0.0029945, 0.02006548), (0.007519516, 0.0029945, 0.02006548), (0.0075015, 0.003143, 0.0200835), (0.00746171, 0.00325171, 0.02012329), (-0.00746171, -0.00325171, 0.02073671), (-0.0075015, -0.003143, 0.0207765), (-0.007519516, -0.0029945, 0.02079452), (-0.007519516, 0.0029945, 0.02079452), (-0.0075015, 0.003143, 0.0207765), (-0.00746171, 0.00325171, 0.02073671), (-0.007353, -0.0032915, 0.0207765), (-0.007386375, -0.003176375, 0.02084325), (-0.007403734, -0.0029945, 0.02087797), (-0.007403734, 0.0029945, 0.02087797), (-0.007386375, 0.003176375, 0.02084325), (-0.007353, 0.0032915, 0.0207765), (-0.0072045, -0.003309516, 0.02079452), (-0.0072045, -0.003193734, 0.02087797), (-0.0072045, -0.0029945, 0.020925), (-0.0072045, 0.0029945, 0.020925), (-0.0072045, 0.003193734, 0.02087797), (-0.0072045, 0.003309516, 0.02079452), (0.0072045, -0.003309516, 0.02079452), (0.0072045, -0.003193734, 0.02087797), (0.0072045, -0.0029945, 0.020925), (0.0072045, 0.0029945, 0.020925), (0.0072045, 0.003193734, 0.02087797), (0.0072045, 0.003309516, 0.02079452), (0.007353, -0.0032915, 0.0207765), (0.007386375, -0.003176375, 0.02084325), (0.007403734, -0.0029945, 0.02087797), (0.007403734, 0.0029945, 0.02087797), (0.007386375, 0.003176375, 0.02084325), (0.007353, 0.0032915, 0.0207765), (0.00746171, -0.00325171, 0.02073671), (0.0075015, -0.003143, 0.0207765), (0.007519516, -0.0029945, 0.02079452), (0.007519516, 0.0029945, 0.02079452), (0.0075015, 0.003143, 0.0207765), (0.00746171, 0.00325171, 0.02073671)]
            int[] faceVertexCounts = [3, 3, 3, 3, 3, 3, 3, 3, 3, 3, 3, 3, 3, 3, 3, 3, 3, 3, 3, 3, 3, 3, 3, 3, 3, 3, 3, 3, 3, 3, 3, 3, 3, 3, 3, 3, 3, 3, 3, 3, 3, 3, 3, 3, 3, 3, 3, 3, 3, 3, 3, 3, 3, 3, 3, 3, 3, 3, 3, 3, 3, 3, 3, 3, 3, 3, 3, 3, 3, 3, 3, 3, 3, 3, 3, 3, 3, 3, 3, 3, 3, 3, 3, 3, 3, 3, 3, 3, 3, 3, 3, 3, 3, 3, 3, 3, 3, 3, 3, 3, 3, 3, 3, 3, 3, 3, 3, 3, 3, 3, 3, 3, 3, 3, 3, 3, 3, 3, 3, 3, 3, 3, 3, 3, 3, 3, 3, 3, 3, 3, 3, 3, 3, 3, 3, 3, 3, 3, 3, 3, 3, 3, 3, 3, 3, 3, 3, 3, 3, 3, 3, 3, 3, 3, 3, 3, 3, 3, 3, 3, 3, 3, 3, 3, 3, 3, 3, 3, 3, 3, 3, 3, 3, 3, 3, 3, 3, 3, 3, 3, 3, 3, 3, 3, 3, 3, 3, 3, 3, 3, 3, 3, 3, 3, 3, 3, 3, 3, 3, 3, 3, 3, 3, 3, 3, 3, 3, 3, 3, 3, 3, 3, 3, 3, 3, 3, 3, 3, 3, 3, 3, 3, 3, 3, 3, 3, 3, 3, 3, 3, 3, 3, 3, 3, 3, 3, 3, 3, 3, 3, 3, 3, 3, 3, 3, 3, 3, 3, 3, 3, 3, 3, 3, 3, 3, 3, 3, 3, 3, 3, 3, 3, 3, 3, 3, 3, 3, 3, 3, 3, 3, 3, 3, 3, 3, 3, 3, 3, 3, 3, 3, 3, 3, 3, 3, 3, 3, 3, 3, 3, 3, 3, 3, 3, 3, 3, 3, 3, 3, 3]
            int[] faceVertexIndices = [1, 7, 6, 1, 6, 0, 2, 8, 7, 2, 7, 1, 3, 9, 8, 3, 8, 2, 4, 10, 9, 4, 9, 3, 5, 11, 10, 5, 10, 4, 7, 13, 12, 7, 12, 6, 8, 14, 13, 8, 13, 7, 9, 15, 14, 9, 14, 8, 10, 16, 15, 10, 15, 9, 11, 17, 16, 11, 16, 10, 13, 19, 18, 13, 18, 12, 14, 20, 19, 14, 19, 13, 15, 21, 20, 15, 20, 14, 16, 22, 21, 16, 21, 15, 17, 23, 22, 17, 22, 16, 19, 25, 24, 19, 24, 18, 20, 26, 25, 20, 25, 19, 21, 27, 26, 21, 26, 20, 22, 28, 27, 22, 27, 21, 23, 29, 28, 23, 28, 22, 25, 31, 30, 25, 30, 24, 26, 32, 31, 26, 31, 25, 27, 33, 32, 27, 32, 26, 28, 34, 33, 28, 33, 27, 29, 35, 34, 29, 34, 28, 36, 42, 43, 36, 43, 37, 37, 43, 44, 37, 44, 38, 38, 44, 45, 38, 45, 39, 39, 45, 46, 39, 46, 40, 40, 46, 47, 40, 47, 41, 42, 48, 49, 42, 49, 43, 43, 49, 50, 43, 50, 44, 44, 50, 51, 44, 51, 45, 45, 51, 52, 45, 52, 46, 46, 52, 53, 46, 53, 47, 48, 54, 55, 48, 55, 49, 49, 55, 56, 49, 56, 50, 50, 56, 57, 50, 57, 51, 51, 57, 58, 51, 58, 52, 52, 58, 59, 52, 59, 53, 54, 60, 61, 54, 61, 55, 55, 61, 62, 55, 62, 56, 56, 62, 63, 56, 63, 57, 57, 63, 64, 57, 64, 58, 58, 64, 65, 58, 65, 59, 60, 66, 67, 60, 67, 61, 61, 67, 68, 61, 68, 62, 62, 68, 69, 62, 69, 63, 63, 69, 70, 63, 70, 64, 64, 70, 71, 64, 71, 65, 73, 79, 78, 73, 78, 72, 74, 80, 79, 74, 79, 73, 75, 81, 80, 75, 80, 74, 76, 82, 81, 76, 81, 75, 77, 83, 82, 77, 82, 76, 79, 85, 84, 79, 84, 78, 80, 86, 85, 80, 85, 79, 81, 87, 86, 81, 86, 80, 82, 88, 87, 82, 87, 81, 83, 89, 88, 83, 88, 82, 85, 91, 90, 85, 90, 84, 86, 92, 91, 86, 91, 85, 87, 93, 92, 87, 92, 86, 88, 94, 93, 88, 93, 87, 89, 95, 94, 89, 94, 88, 91, 97, 96, 91, 96, 90, 92, 98, 97, 92, 97, 91, 93, 99, 98, 93, 98, 92, 94, 100, 99, 94, 99, 93, 95, 101, 100, 95, 100, 94, 97, 103, 102, 97, 102, 96, 98, 104, 103, 98, 103, 97, 99, 105, 104, 99, 104, 98, 100, 106, 105, 100, 105, 99, 101, 107, 106, 101, 106, 100, 108, 114, 115, 108, 115, 109, 109, 115, 116, 109, 116, 110, 110, 116, 117, 110, 117, 111, 111, 117, 118, 111, 118, 112, 112, 118, 119, 112, 119, 113, 114, 120, 121, 114, 121, 115, 115, 121, 122, 115, 122, 116, 116, 122, 123, 116, 123, 117, 117, 123, 124, 117, 124, 118, 118, 124, 125, 118, 125, 119, 120, 126, 127, 120, 127, 121, 121, 127, 128, 121, 128, 122, 122, 128, 129, 122, 129, 123, 123, 129, 130, 123, 130, 124, 124, 130, 131, 124, 131, 125, 126, 132, 133, 126, 133, 127, 127, 133, 134, 127, 134, 128, 128, 134, 135, 128, 135, 129, 129, 135, 136, 129, 136, 130, 130, 136, 137, 130, 137, 131, 132, 138, 139, 132, 139, 133, 133, 139, 140, 133, 140, 134, 134, 140, 141, 134, 141, 135, 135, 141, 142, 135, 142, 136, 136, 142, 143, 136, 143, 137, 145, 151, 150, 145, 150, 144, 146, 152, 151, 146, 151, 145, 147, 153, 152, 147, 152, 146, 148, 154, 153, 148, 153, 147, 149, 155, 154, 149, 154, 148, 151, 157, 156, 151, 156, 150, 152, 158, 157, 152, 157, 151, 153, 159, 158, 153, 158, 152, 154, 160, 159, 154, 159, 153, 155, 161, 160, 155, 160, 154, 157, 163, 162, 157, 162, 156, 158, 164, 163, 158, 163, 157, 159, 165, 164, 159, 164, 158, 160, 166, 165, 160, 165, 159, 161, 167, 166, 161, 166, 160, 163, 169, 168, 163, 168, 162, 164, 170, 169, 164, 169, 163, 165, 171, 170, 165, 170, 164, 166, 172, 171, 166, 171, 165, 167, 173, 172, 167, 172, 166, 169, 175, 174, 169, 174, 168, 170, 176, 175, 170, 175, 169, 171, 177, 176, 171, 176, 170, 172, 178, 177, 172, 177, 171, 173, 179, 178, 173, 178, 172, 180, 186, 187, 180, 187, 181, 181, 187, 188, 181, 188, 182, 182, 188, 189, 182, 189, 183, 183, 189, 190, 183, 190, 184, 184, 190, 191, 184, 191, 185, 186, 192, 193, 186, 193, 187, 187, 193, 194, 187, 194, 188, 188, 194, 195, 188, 195, 189, 189, 195, 196, 189, 196, 190, 190, 196, 197, 190, 197, 191, 192, 198, 199, 192, 199, 193, 193, 199, 200, 193, 200, 194, 194, 200, 201, 194, 201, 195, 195, 201, 202, 195, 202, 196, 196, 202, 203, 196, 203, 197, 198, 204, 205, 198, 205, 199, 199, 205, 206, 199, 206, 200, 200, 206, 207, 200, 207, 201, 201, 207, 208, 201, 208, 202, 202, 208, 209, 202, 209, 203, 204, 210, 211, 204, 211, 205, 205, 211, 212, 205, 212, 206, 206, 212, 213, 206, 213, 207, 207, 213, 214, 207, 214, 208, 208, 214, 215, 208, 215, 209]
            normal3f[] normals = [(-0.7745967, -0.4472136, -0.4472136), (-0.7668657, -0.5195657, -0.376787), (-0.8133397, -0.5634014, -0.145112), (-0.8091137, -0.5831762, 0.07239132), (-0.7900625, -0.5555967, 0.2590629), (-0.7071068, -0.5, 0.5), (-0.7668657, -0.376787, -0.5195657), (-0.8559572, -0.3656073, -0.3656073), (-0.9225416, -0.3566433, -0.1473858), (-0.916641, -0.3809156, 0.1211306), (-0.8844941, -0.3299016, 0.3299016), (-0.7900625, -0.2590629, 0.5555967), (-0.8119279, -0.009713545, -0.5836769), (-0.8976121, -0.00730419, -0.4407257), (-0.9828973, -0.006004117, -0.1840568), (-0.9927741, -0.008413796, 0.1197029), (-0.9444409, -0.004934938, 0.3286442), (-0.8112404, -0.002073931, 0.584709), (-0.8112404, 0.002073931, -0.584709), (-0.9444409, 0.004934938, -0.3286442), (-0.9927741, 0.008413796, -0.1197029), (-0.9828973, 0.006004117, 0.1840568), (-0.8976121, 0.00730419, 0.4407257), (-0.8119279, 0.009713545, 0.5836769), (-0.7900625, 0.2590629, -0.5555967), (-0.8844941, 0.3299016, -0.3299016), (-0.916641, 0.3809156, -0.1211306), (-0.9225416, 0.3566433, 0.1473858), (-0.8559572, 0.3656073, 0.3656073), (-0.7668657, 0.376787, 0.5195657), (-0.7071068, 0.5, -0.5), (-0.7900625, 0.5555967, -0.2590629), (-0.8091137, 0.5831762, -0.07239132), (-0.8133397, 0.5634014, 0.145112), (-0.7668657, 0.5195657, 0.376787), (-0.7745967, 0.4472136, 0.4472136), (0.7071068, -0.5, -0.5), (0.7900625, -0.5555967, -0.2590629), (0.8091137, -0.5831762, -0.07239132), (0.8133397, -0.5634014, 0.145112), (0.7668657, -0.5195657, 0.376787), (0.7745967, -0.4472136, 0.4472136), (0.7900625, -0.2590629, -0.5555967), (0.8844941, -0.3299016, -0.3299016), (0.916641, -0.3809156, -0.1211306), (0.9225416, -0.3566433, 0.1473858), (0.8559572, -0.3656073, 0.3656073), (0.7668657, -0.376787, 0.5195657), (0.8112404, -0.002073931, -0.584709), (0.9444409, -0.004934938, -0.3286442), (0.9927741, -0.008413796, -0.1197029), (0.9828973, -0.006004117, 0.1840568), (0.8976121, -0.00730419, 0.4407257), (0.8119279, -0.009713545, 0.5836769), (0.8119279, 0.009713545, -0.5836769), (0.8976121, 0.00730419, -0.4407257), (0.9828973, 0.006004117, -0.1840568), (0.9927741, 0.008413796, 0.1197029), (0.9444409, 0.004934938, 0.3286442), (0.8112404, 0.002073931, 0.584709), (0.7668657, 0.376787, -0.5195657), (0.8559572, 0.3656073, -0.3656073), (0.9225416, 0.3566433, -0.1473858), (0.916641, 0.3809156, 0.1211306), (0.8844941, 0.3299016, 0.3299016), (0.7900625, 0.2590629, 0.5555967), (0.7745967, 0.4472136, -0.4472136), (0.7668657, 0.5195657, -0.376787), (0.8133397, 0.5634014, -0.145112), (0.8091137, 0.5831762, 0.07239132), (0.7900625, 0.5555967, 0.2590629), (0.7071068, 0.5, 0.5), (-0.4472136, -0.7745967, -0.4472136), (-0.376787, -0.7668657, -0.5195657), (-0.004160361, -0.8115454, -0.5842746), (0.0008682295, -0.8112419, -0.5847101), (0.2590629, -0.7900625, -0.5555967), (0.5, -0.7071068, -0.5), (-0.5195657, -0.7668657, -0.376787), (-0.3656073, -0.8559572, -0.3656073), (-0.003095399, -0.8964846, -0.4430641), (0.002080664, -0.9449215, -0.3272904), (0.3299016, -0.8844941, -0.3299016), (0.5555967, -0.7900625, -0.2590629), (-0.5634014, -0.8133397, -0.145112), (-0.3566433, -0.9225416, -0.1473858), (-0.002533436, -0.9827234, -0.1850631), (0.003575707, -0.9929497, -0.1184829), (0.3809156, -0.916641, -0.1211306), (0.5831762, -0.8091137, -0.07239132), (-0.5831762, -0.8091137, 0.07239132), (-0.3809156, -0.916641, 0.1211306), (-0.003575707, -0.9929497, 0.1184829), (0.002533436, -0.9827234, 0.1850631), (0.3566433, -0.9225416, 0.1473858), (0.5634014, -0.8133397, 0.145112), (-0.5555967, -0.7900625, 0.2590629), (-0.3299016, -0.8844941, 0.3299016), (-0.002080664, -0.9449215, 0.3272904), (0.003095399, -0.8964846, 0.4430641), (0.3656073, -0.8559572, 0.3656073), (0.5195657, -0.7668657, 0.376787), (-0.5, -0.7071068, 0.5), (-0.2590629, -0.7900625, 0.5555967), (-0.0008682295, -0.8112419, 0.5847101), (0.004160361, -0.8115454, 0.5842746), (0.376787, -0.7668657, 0.5195657), (0.4472136, -0.7745967, 0.4472136), (-0.5, 0.7071068, -0.5), (-0.2590629, 0.7900625, -0.5555967), (-0.0008682295, 0.8112419, -0.5847101), (0.004160361, 0.8115454, -0.5842746), (0.376787, 0.7668657, -0.5195657), (0.4472136, 0.7745967, -0.4472136), (-0.5555967, 0.7900625, -0.2590629), (-0.3299016, 0.8844941, -0.3299016), (-0.002080664, 0.9449215, -0.3272904), (0.003095399, 0.8964846, -0.4430641), (0.3656073, 0.8559572, -0.3656073), (0.5195657, 0.7668657, -0.376787), (-0.5831762, 0.8091137, -0.07239132), (-0.3809156, 0.916641, -0.1211306), (-0.003575707, 0.9929497, -0.1184829), (0.002533436, 0.9827234, -0.1850631), (0.3566433, 0.9225416, -0.1473858), (0.5634014, 0.8133397, -0.145112), (-0.5634014, 0.8133397, 0.145112), (-0.3566433, 0.9225416, 0.1473858), (-0.002533436, 0.9827234, 0.1850631), (0.003575707, 0.9929497, 0.1184829), (0.3809156, 0.916641, 0.1211306), (0.5831762, 0.8091137, 0.07239132), (-0.5195657, 0.7668657, 0.376787), (-0.3656073, 0.8559572, 0.3656073), (-0.003095399, 0.8964846, 0.4430641), (0.002080664, 0.9449215, 0.3272904), (0.3299016, 0.8844941, 0.3299016), (0.5555967, 0.7900625, 0.2590629), (-0.4472136, 0.7745967, 0.4472136), (-0.376787, 0.7668657, 0.5195657), (-0.004160361, 0.8115454, 0.5842746), (0.0008682295, 0.8112419, 0.5847101), (0.2590629, 0.7900625, 0.5555967), (0.5, 0.7071068, 0.5), (-0.4472136, -0.4472136, -0.7745967), (-0.5195657, -0.376787, -0.7668657), (-0.5836769, -0.009713545, -0.8119279), (-0.584709, 0.002073931, -0.8112404), (-0.5555967, 0.2590629, -0.7900625), (-0.5, 0.5, -0.7071068), (-0.376787, -0.5195657, -0.7668657), (-0.3656073, -0.3656073, -0.8559572), (-0.4407257, -0.00730419, -0.8976121), (-0.3286442, 0.004934938, -0.9444409), (-0.3299016, 0.3299016, -0.8844941), (-0.2590629, 0.5555967, -0.7900625), (-0.004160361, -0.5842746, -0.8115454), (-0.003095399, -0.4430641, -0.8964846), (-0.006062235, -0.01444575, -0.9998773), (-0.001686006, 0.00392681, -0.9999909), (-0.002080664, 0.3272904, -0.9449215), (-0.0008682295, 0.5847101, -0.8112419), (0.0008682295, -0.5847101, -0.8112419), (0.002080664, -0.3272904, -0.9449215), (0.001686006, -0.00392681, -0.9999909), (0.006062235, 0.01444575, -0.9998773), (0.003095399, 0.4430641, -0.8964846), (0.004160361, 0.5842746, -0.8115454), (0.2590629, -0.5555967, -0.7900625), (0.3299016, -0.3299016, -0.8844941), (0.3286442, -0.004934938, -0.9444409), (0.4407257, 0.00730419, -0.8976121), (0.3656073, 0.3656073, -0.8559572), (0.376787, 0.5195657, -0.7668657), (0.5, -0.5, -0.7071068), (0.5555967, -0.2590629, -0.7900625), (0.584709, -0.002073931, -0.8112404), (0.5836769, 0.009713545, -0.8119279), (0.5195657, 0.376787, -0.7668657), (0.4472136, 0.4472136, -0.7745967), (-0.5, -0.5, 0.7071068), (-0.5555967, -0.2590629, 0.7900625), (-0.584709, -0.002073931, 0.8112404), (-0.5836769, 0.009713545, 0.8119279), (-0.5195657, 0.376787, 0.7668657), (-0.4472136, 0.4472136, 0.7745967), (-0.2590629, -0.5555967, 0.7900625), (-0.3299016, -0.3299016, 0.8844941), (-0.3286442, -0.004934938, 0.9444409), (-0.4407257, 0.00730419, 0.8976121), (-0.3656073, 0.3656073, 0.8559572), (-0.376787, 0.5195657, 0.7668657), (-0.0008682295, -0.5847101, 0.8112419), (-0.002080664, -0.3272904, 0.9449215), (-0.001686006, -0.00392681, 0.9999909), (-0.006062235, 0.01444575, 0.9998773), (-0.003095399, 0.4430641, 0.8964846), (-0.004160361, 0.5842746, 0.8115454), (0.004160361, -0.5842746, 0.8115454), (0.003095399, -0.4430641, 0.8964846), (0.006062235, -0.01444575, 0.9998773), (0.001686006, 0.00392681, 0.9999909), (0.002080664, 0.3272904, 0.9449215), (0.0008682295, 0.5847101, 0.8112419), (0.376787, -0.5195657, 0.7668657), (0.3656073, -0.3656073, 0.8559572), (0.4407257, -0.00730419, 0.8976121), (0.3286442, 0.004934938, 0.9444409), (0.3299016, 0.3299016, 0.8844941), (0.2590629, 0.5555967, 0.7900625), (0.4472136, -0.4472136, 0.7745967), (0.5195657, -0.376787, 0.7668657), (0.5836769, -0.009713545, 0.8119279), (0.584709, 0.002073931, 0.8112404), (0.5555967, 0.2590629, 0.7900625), (0.5, 0.5, 0.7071068)] (interpolation = "vertex")
            float3[] extent = [(-0.00765, -0.00344, 0.019935), (0.00765, 0.00344, 0.020925)]
            rel material:binding = </WorkbenchPart/Materials/polymer>
            texCoord2f[] primvars:st = [(-0.3657222, 2.248), (-0.3529305, 2.244292), (-0.3492222, 2.2315), (-0.3657222, 2.248), (-0.3492222, 2.2315), (-0.3613011, 2.235921), (-0.367724, 2.2645), (-0.3548593, 2.2645), (-0.3529305, 2.244292), (-0.367724, 2.2645), (-0.3529305, 2.244292), (-0.3657222, 2.248), (-0.367724, 2.2755), (-0.3548593, 2.2755), (-0.3548593, 2.2645), (-0.367724, 2.2755), (-0.3548593, 2.2645), (-0.367724, 2.2645), (-0.3657222, 2.292), (-0.3529305, 2.295708), (-0.3548593, 2.2755), (-0.3657222, 2.292), (-0.3548593, 2.2755), (-0.367724, 2.2755), (-0.3613011, 2.304079), (-0.3492222, 2.3085), (-0.3529305, 2.295708), (-0.3613011, 2.304079), (-0.3529305, 2.295708), (-0.3657222, 2.292), (-0.3529305, 2.244292), (-0.3327222, 2.242363), (-0.3327222, 2.229498), (-0.3529305, 2.244292), (-0.3327222, 2.229498), (-0.3492222, 2.2315), (-0.3548593, 2.2645), (-0.3327222, 2.2645), (-0.3327222, 2.242363), (-0.3548593, 2.2645), (-0.3327222, 2.242363), (-0.3529305, 2.244292), (-0.3548593, 2.2755), (-0.3327222, 2.2755), (-0.3327222, 2.2645), (-0.3548593, 2.2755), (-0.3327222, 2.2645), (-0.3548593, 2.2645), (-0.3529305, 2.295708), (-0.3327222, 2.297637), (-0.3327222, 2.2755), (-0.3529305, 2.295708), (-0.3327222, 2.2755), (-0.3548593, 2.2755), (-0.3492222, 2.3085), (-0.3327222, 2.310502), (-0.3327222, 2.297637), (-0.3492222, 2.3085), (-0.3327222, 2.297637), (-0.3529305, 2.295708), (-0.3327222, 2.242363), (0.3327222, 2.242363), (0.3327222, 2.229498), (-0.3327222, 2.242363), (0.3327222, 2.229498), (-0.3327222, 2.229498), (-0.3327222, 2.2645), (0.3327222, 2.2645), (0.3327222, 2.242363), (-0.3327222, 2.2645), (0.3327222, 2.242363), (-0.3327222, 2.242363), (-0.3327222, 2.2755), (0.3327222, 2.2755), (0.3327222, 2.2645), (-0.3327222, 2.2755), (0.3327222, 2.2645), (-0.3327222, 2.2645), (-0.3327222, 2.297637), (0.3327222, 2.297637), (0.3327222, 2.2755), (-0.3327222, 2.297637), (0.3327222, 2.2755), (-0.3327222, 2.2755), (-0.3327222, 2.310502), (0.3327222, 2.310502), (0.3327222, 2.297637), (-0.3327222, 2.310502), (0.3327222, 2.297637), (-0.3327222, 2.297637), (0.3327222, 2.242363), (0.3529305, 2.244292), (0.3492222, 2.2315), (0.3327222, 2.242363), (0.3492222, 2.2315), (0.3327222, 2.229498), (0.3327222, 2.2645), (0.3548593, 2.2645), (0.3529305, 2.244292), (0.3327222, 2.2645), (0.3529305, 2.244292), (0.3327222, 2.242363), (0.3327222, 2.2755), (0.3548593, 2.2755), (0.3548593, 2.2645), (0.3327222, 2.2755), (0.3548593, 2.2645), (0.3327222, 2.2645), (0.3327222, 2.297637), (0.3529305, 2.295708), (0.3548593, 2.2755), (0.3327222, 2.297637), (0.3548593, 2.2755), (0.3327222, 2.2755), (0.3327222, 2.310502), (0.3492222, 2.3085), (0.3529305, 2.295708), (0.3327222, 2.310502), (0.3529305, 2.295708), (0.3327222, 2.297637), (0.3529305, 2.244292), (0.3657222, 2.248), (0.3613011, 2.235921), (0.3529305, 2.244292), (0.3613011, 2.235921), (0.3492222, 2.2315), (0.3548593, 2.2645), (0.367724, 2.2645), (0.3657222, 2.248), (0.3548593, 2.2645), (0.3657222, 2.248), (0.3529305, 2.244292), (0.3548593, 2.2755), (0.367724, 2.2755), (0.367724, 2.2645), (0.3548593, 2.2755), (0.367724, 2.2645), (0.3548593, 2.2645), (0.3529305, 2.295708), (0.3657222, 2.292), (0.367724, 2.2755), (0.3529305, 2.295708), (0.367724, 2.2755), (0.3548593, 2.2755), (0.3492222, 2.3085), (0.3613011, 2.304079), (0.3657222, 2.292), (0.3492222, 2.3085), (0.3657222, 2.292), (0.3529305, 2.295708), (-0.3613011, 2.235921), (-0.3492222, 2.2315), (-0.3529305, 2.244292), (-0.3613011, 2.235921), (-0.3529305, 2.244292), (-0.3657222, 2.248), (-0.3657222, 2.248), (-0.3529305, 2.244292), (-0.3548593, 2.2645), (-0.3657222, 2.248), (-0.3548593, 2.2645), (-0.367724, 2.2645), (-0.367724, 2.2645), (-0.3548593, 2.2645), (-0.3548593, 2.2755), (-0.367724, 2.2645), (-0.3548593, 2.2755), (-0.367724, 2.2755), (-0.367724, 2.2755), (-0.3548593, 2.2755), (-0.3529305, 2.295708), (-0.367724, 2.2755), (-0.3529305, 2.295708), (-0.3657222, 2.292), (-0.3657222, 2.292), (-0.3529305, 2.295708), (-0.3492222, 2.3085), (-0.3657222, 2.292), (-0.3492222, 2.3085), (-0.3613011, 2.304079), (-0.3492222, 2.2315), (-0.3327222, 2.229498), (-0.3327222, 2.242363), (-0.3492222, 2.2315), (-0.3327222, 2.242363), (-0.3529305, 2.244292), (-0.3529305, 2.244292), (-0.3327222, 2.242363), (-0.3327222, 2.2645), (-0.3529305, 2.244292), (-0.3327222, 2.2645), (-0.3548593, 2.2645), (-0.3548593, 2.2645), (-0.3327222, 2.2645), (-0.3327222, 2.2755), (-0.3548593, 2.2645), (-0.3327222, 2.2755), (-0.3548593, 2.2755), (-0.3548593, 2.2755), (-0.3327222, 2.2755), (-0.3327222, 2.297637), (-0.3548593, 2.2755), (-0.3327222, 2.297637), (-0.3529305, 2.295708), (-0.3529305, 2.295708), (-0.3327222, 2.297637), (-0.3327222, 2.310502), (-0.3529305, 2.295708), (-0.3327222, 2.310502), (-0.3492222, 2.3085), (-0.3327222, 2.229498), (0.3327222, 2.229498), (0.3327222, 2.242363), (-0.3327222, 2.229498), (0.3327222, 2.242363), (-0.3327222, 2.242363), (-0.3327222, 2.242363), (0.3327222, 2.242363), (0.3327222, 2.2645), (-0.3327222, 2.242363), (0.3327222, 2.2645), (-0.3327222, 2.2645), (-0.3327222, 2.2645), (0.3327222, 2.2645), (0.3327222, 2.2755), (-0.3327222, 2.2645), (0.3327222, 2.2755), (-0.3327222, 2.2755), (-0.3327222, 2.2755), (0.3327222, 2.2755), (0.3327222, 2.297637), (-0.3327222, 2.2755), (0.3327222, 2.297637), (-0.3327222, 2.297637), (-0.3327222, 2.297637), (0.3327222, 2.297637), (0.3327222, 2.310502), (-0.3327222, 2.297637), (0.3327222, 2.310502), (-0.3327222, 2.310502), (0.3327222, 2.229498), (0.3492222, 2.2315), (0.3529305, 2.244292), (0.3327222, 2.229498), (0.3529305, 2.244292), (0.3327222, 2.242363), (0.3327222, 2.242363), (0.3529305, 2.244292), (0.3548593, 2.2645), (0.3327222, 2.242363), (0.3548593, 2.2645), (0.3327222, 2.2645), (0.3327222, 2.2645), (0.3548593, 2.2645), (0.3548593, 2.2755), (0.3327222, 2.2645), (0.3548593, 2.2755), (0.3327222, 2.2755), (0.3327222, 2.2755), (0.3548593, 2.2755), (0.3529305, 2.295708), (0.3327222, 2.2755), (0.3529305, 2.295708), (0.3327222, 2.297637), (0.3327222, 2.297637), (0.3529305, 2.295708), (0.3492222, 2.3085), (0.3327222, 2.297637), (0.3492222, 2.3085), (0.3327222, 2.310502), (0.3492222, 2.2315), (0.3613011, 2.235921), (0.3657222, 2.248), (0.3492222, 2.2315), (0.3657222, 2.248), (0.3529305, 2.244292), (0.3529305, 2.244292), (0.3657222, 2.248), (0.367724, 2.2645), (0.3529305, 2.244292), (0.367724, 2.2645), (0.3548593, 2.2645), (0.3548593, 2.2645), (0.367724, 2.2645), (0.367724, 2.2755), (0.3548593, 2.2645), (0.367724, 2.2755), (0.3548593, 2.2755), (0.3548593, 2.2755), (0.367724, 2.2755), (0.3657222, 2.292), (0.3548593, 2.2755), (0.3657222, 2.292), (0.3529305, 2.295708), (0.3529305, 2.295708), (0.3657222, 2.292), (0.3613011, 2.304079), (0.3529305, 2.295708), (0.3613011, 2.304079), (0.3492222, 2.3085), (-0.817, 2.2315), (-0.8207083, 2.244292), (-0.8335, 2.248), (-0.817, 2.2315), (-0.8335, 2.248), (-0.8290788, 2.235921), (-0.8005, 2.229498), (-0.8005, 2.242363), (-0.8207083, 2.244292), (-0.8005, 2.229498), (-0.8207083, 2.244292), (-0.817, 2.2315), (0.8005, 2.229498), (0.8005, 2.242363), (-0.8005, 2.242363), (0.8005, 2.229498), (-0.8005, 2.242363), (-0.8005, 2.229498), (0.817, 2.2315), (0.8207083, 2.244292), (0.8005, 2.242363), (0.817, 2.2315), (0.8005, 2.242363), (0.8005, 2.229498), (0.8290788, 2.235921), (0.8335, 2.248), (0.8207083, 2.244292), (0.8290788, 2.235921), (0.8207083, 2.244292), (0.817, 2.2315), (-0.8207083, 2.244292), (-0.8226371, 2.2645), (-0.8355018, 2.2645), (-0.8207083, 2.244292), (-0.8355018, 2.2645), (-0.8335, 2.248), (-0.8005, 2.242363), (-0.8005, 2.2645), (-0.8226371, 2.2645), (-0.8005, 2.242363), (-0.8226371, 2.2645), (-0.8207083, 2.244292), (0.8005, 2.242363), (0.8005, 2.2645), (-0.8005, 2.2645), (0.8005, 2.242363), (-0.8005, 2.2645), (-0.8005, 2.242363), (0.8207083, 2.244292), (0.8226371, 2.2645), (0.8005, 2.2645), (0.8207083, 2.244292), (0.8005, 2.2645), (0.8005, 2.242363), (0.8335, 2.248), (0.8355018, 2.2645), (0.8226371, 2.2645), (0.8335, 2.248), (0.8226371, 2.2645), (0.8207083, 2.244292), (-0.8226371, 2.2645), (-0.8226371, 2.2755), (-0.8355018, 2.2755), (-0.8226371, 2.2645), (-0.8355018, 2.2755), (-0.8355018, 2.2645), (-0.8005, 2.2645), (-0.8005, 2.2755), (-0.8226371, 2.2755), (-0.8005, 2.2645), (-0.8226371, 2.2755), (-0.8226371, 2.2645), (0.8005, 2.2645), (0.8005, 2.2755), (-0.8005, 2.2755), (0.8005, 2.2645), (-0.8005, 2.2755), (-0.8005, 2.2645), (0.8226371, 2.2645), (0.8226371, 2.2755), (0.8005, 2.2755), (0.8226371, 2.2645), (0.8005, 2.2755), (0.8005, 2.2645), (0.8355018, 2.2645), (0.8355018, 2.2755), (0.8226371, 2.2755), (0.8355018, 2.2645), (0.8226371, 2.2755), (0.8226371, 2.2645), (-0.8226371, 2.2755), (-0.8207083, 2.295708), (-0.8335, 2.292), (-0.8226371, 2.2755), (-0.8335, 2.292), (-0.8355018, 2.2755), (-0.8005, 2.2755), (-0.8005, 2.297637), (-0.8207083, 2.295708), (-0.8005, 2.2755), (-0.8207083, 2.295708), (-0.8226371, 2.2755), (0.8005, 2.2755), (0.8005, 2.297637), (-0.8005, 2.297637), (0.8005, 2.2755), (-0.8005, 2.297637), (-0.8005, 2.2755), (0.8226371, 2.2755), (0.8207083, 2.295708), (0.8005, 2.297637), (0.8226371, 2.2755), (0.8005, 2.297637), (0.8005, 2.2755), (0.8355018, 2.2755), (0.8335, 2.292), (0.8207083, 2.295708), (0.8355018, 2.2755), (0.8207083, 2.295708), (0.8226371, 2.2755), (-0.8207083, 2.295708), (-0.817, 2.3085), (-0.8290788, 2.304079), (-0.8207083, 2.295708), (-0.8290788, 2.304079), (-0.8335, 2.292), (-0.8005, 2.297637), (-0.8005, 2.310502), (-0.817, 2.3085), (-0.8005, 2.297637), (-0.817, 2.3085), (-0.8207083, 2.295708), (0.8005, 2.297637), (0.8005, 2.310502), (-0.8005, 2.310502), (0.8005, 2.297637), (-0.8005, 2.310502), (-0.8005, 2.297637), (0.8207083, 2.295708), (0.817, 2.3085), (0.8005, 2.310502), (0.8207083, 2.295708), (0.8005, 2.310502), (0.8005, 2.297637), (0.8335, 2.292), (0.8290788, 2.304079), (0.817, 2.3085), (0.8335, 2.292), (0.817, 2.3085), (0.8207083, 2.295708), (-0.8290788, 2.235921), (-0.8335, 2.248), (-0.8207083, 2.244292), (-0.8290788, 2.235921), (-0.8207083, 2.244292), (-0.817, 2.2315), (-0.817, 2.2315), (-0.8207083, 2.244292), (-0.8005, 2.242363), (-0.817, 2.2315), (-0.8005, 2.242363), (-0.8005, 2.229498), (-0.8005, 2.229498), (-0.8005, 2.242363), (0.8005, 2.242363), (-0.8005, 2.229498), (0.8005, 2.242363), (0.8005, 2.229498), (0.8005, 2.229498), (0.8005, 2.242363), (0.8207083, 2.244292), (0.8005, 2.229498), (0.8207083, 2.244292), (0.817, 2.2315), (0.817, 2.2315), (0.8207083, 2.244292), (0.8335, 2.248), (0.817, 2.2315), (0.8335, 2.248), (0.8290788, 2.235921), (-0.8335, 2.248), (-0.8355018, 2.2645), (-0.8226371, 2.2645), (-0.8335, 2.248), (-0.8226371, 2.2645), (-0.8207083, 2.244292), (-0.8207083, 2.244292), (-0.8226371, 2.2645), (-0.8005, 2.2645), (-0.8207083, 2.244292), (-0.8005, 2.2645), (-0.8005, 2.242363), (-0.8005, 2.242363), (-0.8005, 2.2645), (0.8005, 2.2645), (-0.8005, 2.242363), (0.8005, 2.2645), (0.8005, 2.242363), (0.8005, 2.242363), (0.8005, 2.2645), (0.8226371, 2.2645), (0.8005, 2.242363), (0.8226371, 2.2645), (0.8207083, 2.244292), (0.8207083, 2.244292), (0.8226371, 2.2645), (0.8355018, 2.2645), (0.8207083, 2.244292), (0.8355018, 2.2645), (0.8335, 2.248), (-0.8355018, 2.2645), (-0.8355018, 2.2755), (-0.8226371, 2.2755), (-0.8355018, 2.2645), (-0.8226371, 2.2755), (-0.8226371, 2.2645), (-0.8226371, 2.2645), (-0.8226371, 2.2755), (-0.8005, 2.2755), (-0.8226371, 2.2645), (-0.8005, 2.2755), (-0.8005, 2.2645), (-0.8005, 2.2645), (-0.8005, 2.2755), (0.8005, 2.2755), (-0.8005, 2.2645), (0.8005, 2.2755), (0.8005, 2.2645), (0.8005, 2.2645), (0.8005, 2.2755), (0.8226371, 2.2755), (0.8005, 2.2645), (0.8226371, 2.2755), (0.8226371, 2.2645), (0.8226371, 2.2645), (0.8226371, 2.2755), (0.8355018, 2.2755), (0.8226371, 2.2645), (0.8355018, 2.2755), (0.8355018, 2.2645), (-0.8355018, 2.2755), (-0.8335, 2.292), (-0.8207083, 2.295708), (-0.8355018, 2.2755), (-0.8207083, 2.295708), (-0.8226371, 2.2755), (-0.8226371, 2.2755), (-0.8207083, 2.295708), (-0.8005, 2.297637), (-0.8226371, 2.2755), (-0.8005, 2.297637), (-0.8005, 2.2755), (-0.8005, 2.2755), (-0.8005, 2.297637), (0.8005, 2.297637), (-0.8005, 2.2755), (0.8005, 2.297637), (0.8005, 2.2755), (0.8005, 2.2755), (0.8005, 2.297637), (0.8207083, 2.295708), (0.8005, 2.2755), (0.8207083, 2.295708), (0.8226371, 2.2755), (0.8226371, 2.2755), (0.8207083, 2.295708), (0.8335, 2.292), (0.8226371, 2.2755), (0.8335, 2.292), (0.8355018, 2.2755), (-0.8335, 2.292), (-0.8290788, 2.304079), (-0.817, 2.3085), (-0.8335, 2.292), (-0.817, 2.3085), (-0.8207083, 2.295708), (-0.8207083, 2.295708), (-0.817, 2.3085), (-0.8005, 2.310502), (-0.8207083, 2.295708), (-0.8005, 2.310502), (-0.8005, 2.297637), (-0.8005, 2.297637), (-0.8005, 2.310502), (0.8005, 2.310502), (-0.8005, 2.297637), (0.8005, 2.310502), (0.8005, 2.297637), (0.8005, 2.297637), (0.8005, 2.310502), (0.817, 2.3085), (0.8005, 2.297637), (0.817, 2.3085), (0.8207083, 2.295708), (0.8207083, 2.295708), (0.817, 2.3085), (0.8290788, 2.304079), (0.8207083, 2.295708), (0.8290788, 2.304079), (0.8335, 2.292), (-0.8335, -0.3492222), (-0.8207083, -0.3529305), (-0.817, -0.3657222), (-0.8335, -0.3492222), (-0.817, -0.3657222), (-0.8290788, -0.3613011), (-0.8355018, -0.3327222), (-0.8226371, -0.3327222), (-0.8207083, -0.3529305), (-0.8355018, -0.3327222), (-0.8207083, -0.3529305), (-0.8335, -0.3492222), (-0.8355018, 0.3327222), (-0.8226371, 0.3327222), (-0.8226371, -0.3327222), (-0.8355018, 0.3327222), (-0.8226371, -0.3327222), (-0.8355018, -0.3327222), (-0.8335, 0.3492222), (-0.8207083, 0.3529305), (-0.8226371, 0.3327222), (-0.8335, 0.3492222), (-0.8226371, 0.3327222), (-0.8355018, 0.3327222), (-0.8290788, 0.3613011), (-0.817, 0.3657222), (-0.8207083, 0.3529305), (-0.8290788, 0.3613011), (-0.8207083, 0.3529305), (-0.8335, 0.3492222), (-0.8207083, -0.3529305), (-0.8005, -0.3548593), (-0.8005, -0.367724), (-0.8207083, -0.3529305), (-0.8005, -0.367724), (-0.817, -0.3657222), (-0.8226371, -0.3327222), (-0.8005, -0.3327222), (-0.8005, -0.3548593), (-0.8226371, -0.3327222), (-0.8005, -0.3548593), (-0.8207083, -0.3529305), (-0.8226371, 0.3327222), (-0.8005, 0.3327222), (-0.8005, -0.3327222), (-0.8226371, 0.3327222), (-0.8005, -0.3327222), (-0.8226371, -0.3327222), (-0.8207083, 0.3529305), (-0.8005, 0.3548593), (-0.8005, 0.3327222), (-0.8207083, 0.3529305), (-0.8005, 0.3327222), (-0.8226371, 0.3327222), (-0.817, 0.3657222), (-0.8005, 0.367724), (-0.8005, 0.3548593), (-0.817, 0.3657222), (-0.8005, 0.3548593), (-0.8207083, 0.3529305), (-0.8005, -0.3548593), (0.8005, -0.3548593), (0.8005, -0.367724), (-0.8005, -0.3548593), (0.8005, -0.367724), (-0.8005, -0.367724), (-0.8005, -0.3327222), (0.8005, -0.3327222), (0.8005, -0.3548593), (-0.8005, -0.3327222), (0.8005, -0.3548593), (-0.8005, -0.3548593), (-0.8005, 0.3327222), (0.8005, 0.3327222), (0.8005, -0.3327222), (-0.8005, 0.3327222), (0.8005, -0.3327222), (-0.8005, -0.3327222), (-0.8005, 0.3548593), (0.8005, 0.3548593), (0.8005, 0.3327222), (-0.8005, 0.3548593), (0.8005, 0.3327222), (-0.8005, 0.3327222), (-0.8005, 0.367724), (0.8005, 0.367724), (0.8005, 0.3548593), (-0.8005, 0.367724), (0.8005, 0.3548593), (-0.8005, 0.3548593), (0.8005, -0.3548593), (0.8207083, -0.3529305), (0.817, -0.3657222), (0.8005, -0.3548593), (0.817, -0.3657222), (0.8005, -0.367724), (0.8005, -0.3327222), (0.8226371, -0.3327222), (0.8207083, -0.3529305), (0.8005, -0.3327222), (0.8207083, -0.3529305), (0.8005, -0.3548593), (0.8005, 0.3327222), (0.8226371, 0.3327222), (0.8226371, -0.3327222), (0.8005, 0.3327222), (0.8226371, -0.3327222), (0.8005, -0.3327222), (0.8005, 0.3548593), (0.8207083, 0.3529305), (0.8226371, 0.3327222), (0.8005, 0.3548593), (0.8226371, 0.3327222), (0.8005, 0.3327222), (0.8005, 0.367724), (0.817, 0.3657222), (0.8207083, 0.3529305), (0.8005, 0.367724), (0.8207083, 0.3529305), (0.8005, 0.3548593), (0.8207083, -0.3529305), (0.8335, -0.3492222), (0.8290788, -0.3613011), (0.8207083, -0.3529305), (0.8290788, -0.3613011), (0.817, -0.3657222), (0.8226371, -0.3327222), (0.8355018, -0.3327222), (0.8335, -0.3492222), (0.8226371, -0.3327222), (0.8335, -0.3492222), (0.8207083, -0.3529305), (0.8226371, 0.3327222), (0.8355018, 0.3327222), (0.8355018, -0.3327222), (0.8226371, 0.3327222), (0.8355018, -0.3327222), (0.8226371, -0.3327222), (0.8207083, 0.3529305), (0.8335, 0.3492222), (0.8355018, 0.3327222), (0.8207083, 0.3529305), (0.8355018, 0.3327222), (0.8226371, 0.3327222), (0.817, 0.3657222), (0.8290788, 0.3613011), (0.8335, 0.3492222), (0.817, 0.3657222), (0.8335, 0.3492222), (0.8207083, 0.3529305), (-0.8290788, -0.3613011), (-0.817, -0.3657222), (-0.8207083, -0.3529305), (-0.8290788, -0.3613011), (-0.8207083, -0.3529305), (-0.8335, -0.3492222), (-0.8335, -0.3492222), (-0.8207083, -0.3529305), (-0.8226371, -0.3327222), (-0.8335, -0.3492222), (-0.8226371, -0.3327222), (-0.8355018, -0.3327222), (-0.8355018, -0.3327222), (-0.8226371, -0.3327222), (-0.8226371, 0.3327222), (-0.8355018, -0.3327222), (-0.8226371, 0.3327222), (-0.8355018, 0.3327222), (-0.8355018, 0.3327222), (-0.8226371, 0.3327222), (-0.8207083, 0.3529305), (-0.8355018, 0.3327222), (-0.8207083, 0.3529305), (-0.8335, 0.3492222), (-0.8335, 0.3492222), (-0.8207083, 0.3529305), (-0.817, 0.3657222), (-0.8335, 0.3492222), (-0.817, 0.3657222), (-0.8290788, 0.3613011), (-0.817, -0.3657222), (-0.8005, -0.367724), (-0.8005, -0.3548593), (-0.817, -0.3657222), (-0.8005, -0.3548593), (-0.8207083, -0.3529305), (-0.8207083, -0.3529305), (-0.8005, -0.3548593), (-0.8005, -0.3327222), (-0.8207083, -0.3529305), (-0.8005, -0.3327222), (-0.8226371, -0.3327222), (-0.8226371, -0.3327222), (-0.8005, -0.3327222), (-0.8005, 0.3327222), (-0.8226371, -0.3327222), (-0.8005, 0.3327222), (-0.8226371, 0.3327222), (-0.8226371, 0.3327222), (-0.8005, 0.3327222), (-0.8005, 0.3548593), (-0.8226371, 0.3327222), (-0.8005, 0.3548593), (-0.8207083, 0.3529305), (-0.8207083, 0.3529305), (-0.8005, 0.3548593), (-0.8005, 0.367724), (-0.8207083, 0.3529305), (-0.8005, 0.367724), (-0.817, 0.3657222), (-0.8005, -0.367724), (0.8005, -0.367724), (0.8005, -0.3548593), (-0.8005, -0.367724), (0.8005, -0.3548593), (-0.8005, -0.3548593), (-0.8005, -0.3548593), (0.8005, -0.3548593), (0.8005, -0.3327222), (-0.8005, -0.3548593), (0.8005, -0.3327222), (-0.8005, -0.3327222), (-0.8005, -0.3327222), (0.8005, -0.3327222), (0.8005, 0.3327222), (-0.8005, -0.3327222), (0.8005, 0.3327222), (-0.8005, 0.3327222), (-0.8005, 0.3327222), (0.8005, 0.3327222), (0.8005, 0.3548593), (-0.8005, 0.3327222), (0.8005, 0.3548593), (-0.8005, 0.3548593), (-0.8005, 0.3548593), (0.8005, 0.3548593), (0.8005, 0.367724), (-0.8005, 0.3548593), (0.8005, 0.367724), (-0.8005, 0.367724), (0.8005, -0.367724), (0.817, -0.3657222), (0.8207083, -0.3529305), (0.8005, -0.367724), (0.8207083, -0.3529305), (0.8005, -0.3548593), (0.8005, -0.3548593), (0.8207083, -0.3529305), (0.8226371, -0.3327222), (0.8005, -0.3548593), (0.8226371, -0.3327222), (0.8005, -0.3327222), (0.8005, -0.3327222), (0.8226371, -0.3327222), (0.8226371, 0.3327222), (0.8005, -0.3327222), (0.8226371, 0.3327222), (0.8005, 0.3327222), (0.8005, 0.3327222), (0.8226371, 0.3327222), (0.8207083, 0.3529305), (0.8005, 0.3327222), (0.8207083, 0.3529305), (0.8005, 0.3548593), (0.8005, 0.3548593), (0.8207083, 0.3529305), (0.817, 0.3657222), (0.8005, 0.3548593), (0.817, 0.3657222), (0.8005, 0.367724), (0.817, -0.3657222), (0.8290788, -0.3613011), (0.8335, -0.3492222), (0.817, -0.3657222), (0.8335, -0.3492222), (0.8207083, -0.3529305), (0.8207083, -0.3529305), (0.8335, -0.3492222), (0.8355018, -0.3327222), (0.8207083, -0.3529305), (0.8355018, -0.3327222), (0.8226371, -0.3327222), (0.8226371, -0.3327222), (0.8355018, -0.3327222), (0.8355018, 0.3327222), (0.8226371, -0.3327222), (0.8355018, 0.3327222), (0.8226371, 0.3327222), (0.8226371, 0.3327222), (0.8355018, 0.3327222), (0.8335, 0.3492222), (0.8226371, 0.3327222), (0.8335, 0.3492222), (0.8207083, 0.3529305), (0.8207083, 0.3529305), (0.8335, 0.3492222), (0.8290788, 0.3613011), (0.8207083, 0.3529305), (0.8290788, 0.3613011), (0.817, 0.3657222)] (interpolation = "faceVarying")
        }
        def Mesh "IdentificationLabel_01" (prepend apiSchemas = ["MaterialBindingAPI"])
        {
            uniform token subdivisionScheme = "none"
            uniform token orientation = "rightHanded"
            bool doubleSided = true
            point3f[] points = [(-0.006545, 0.004015, -0.01395), (-0.006545, 0.004015, -0.01125), (-0.006545, 0.004015, -0.00855), (-0.006545, 0.004015, -0.00585), (-0.006545, 0.004015, -0.00315), (-0.006545, 0.004015, -0.00045), (-0.006545, 0.004015, 0.00225), (-0.006545, 0.004015, 0.00495), (-0.006545, 0.004015, 0.00765), (-0.00490875, 0.004015, -0.01395), (-0.00490875, 0.004015, -0.01125), (-0.00490875, 0.004015, -0.00855), (-0.00490875, 0.004015, -0.00585), (-0.00490875, 0.004015, -0.00315), (-0.00490875, 0.004015, -0.00045), (-0.00490875, 0.004015, 0.00225), (-0.00490875, 0.004015, 0.00495), (-0.00490875, 0.004015, 0.00765), (-0.0032725, 0.004015, -0.01395), (-0.0032725, 0.004015, -0.01125), (-0.0032725, 0.004015, -0.00855), (-0.0032725, 0.004015, -0.00585), (-0.0032725, 0.004015, -0.00315), (-0.0032725, 0.004015, -0.00045), (-0.0032725, 0.004015, 0.00225), (-0.0032725, 0.004015, 0.00495), (-0.0032725, 0.004015, 0.00765), (-0.00163625, 0.004015, -0.01395), (-0.00163625, 0.004015, -0.01125), (-0.00163625, 0.004015, -0.00855), (-0.00163625, 0.004015, -0.00585), (-0.00163625, 0.004015, -0.00315), (-0.00163625, 0.004015, -0.00045), (-0.00163625, 0.004015, 0.00225), (-0.00163625, 0.004015, 0.00495), (-0.00163625, 0.004015, 0.00765), (0, 0.004015, -0.01395), (0, 0.004015, -0.01125), (0, 0.004015, -0.00855), (0, 0.004015, -0.00585), (0, 0.004015, -0.00315), (0, 0.004015, -0.00045), (0, 0.004015, 0.00225), (0, 0.004015, 0.00495), (0, 0.004015, 0.00765), (0.00163625, 0.004015, -0.01395), (0.00163625, 0.004015, -0.01125), (0.00163625, 0.004015, -0.00855), (0.00163625, 0.004015, -0.00585), (0.00163625, 0.004015, -0.00315), (0.00163625, 0.004015, -0.00045), (0.00163625, 0.004015, 0.00225), (0.00163625, 0.004015, 0.00495), (0.00163625, 0.004015, 0.00765), (0.0032725, 0.004015, -0.01395), (0.0032725, 0.004015, -0.01125), (0.0032725, 0.004015, -0.00855), (0.0032725, 0.004015, -0.00585), (0.0032725, 0.004015, -0.00315), (0.0032725, 0.004015, -0.00045), (0.0032725, 0.004015, 0.00225), (0.0032725, 0.004015, 0.00495), (0.0032725, 0.004015, 0.00765), (0.00490875, 0.004015, -0.01395), (0.00490875, 0.004015, -0.01125), (0.00490875, 0.004015, -0.00855), (0.00490875, 0.004015, -0.00585), (0.00490875, 0.004015, -0.00315), (0.00490875, 0.004015, -0.00045), (0.00490875, 0.004015, 0.00225), (0.00490875, 0.004015, 0.00495), (0.00490875, 0.004015, 0.00765), (0.006545, 0.004015, -0.01395), (0.006545, 0.004015, -0.01125), (0.006545, 0.004015, -0.00855), (0.006545, 0.004015, -0.00585), (0.006545, 0.004015, -0.00315), (0.006545, 0.004015, -0.00045), (0.006545, 0.004015, 0.00225), (0.006545, 0.004015, 0.00495), (0.006545, 0.004015, 0.00765)]
            int[] faceVertexCounts = [3, 3, 3, 3, 3, 3, 3, 3, 3, 3, 3, 3, 3, 3, 3, 3, 3, 3, 3, 3, 3, 3, 3, 3, 3, 3, 3, 3, 3, 3, 3, 3, 3, 3, 3, 3, 3, 3, 3, 3, 3, 3, 3, 3, 3, 3, 3, 3, 3, 3, 3, 3, 3, 3, 3, 3, 3, 3, 3, 3, 3, 3, 3, 3, 3, 3, 3, 3, 3, 3, 3, 3, 3, 3, 3, 3, 3, 3, 3, 3, 3, 3, 3, 3, 3, 3, 3, 3, 3, 3, 3, 3, 3, 3, 3, 3, 3, 3, 3, 3, 3, 3, 3, 3, 3, 3, 3, 3, 3, 3, 3, 3, 3, 3, 3, 3, 3, 3, 3, 3, 3, 3, 3, 3, 3, 3, 3, 3]
            int[] faceVertexIndices = [0, 1, 10, 0, 10, 9, 1, 2, 11, 1, 11, 10, 2, 3, 12, 2, 12, 11, 3, 4, 13, 3, 13, 12, 4, 5, 14, 4, 14, 13, 5, 6, 15, 5, 15, 14, 6, 7, 16, 6, 16, 15, 7, 8, 17, 7, 17, 16, 9, 10, 19, 9, 19, 18, 10, 11, 20, 10, 20, 19, 11, 12, 21, 11, 21, 20, 12, 13, 22, 12, 22, 21, 13, 14, 23, 13, 23, 22, 14, 15, 24, 14, 24, 23, 15, 16, 25, 15, 25, 24, 16, 17, 26, 16, 26, 25, 18, 19, 28, 18, 28, 27, 19, 20, 29, 19, 29, 28, 20, 21, 30, 20, 30, 29, 21, 22, 31, 21, 31, 30, 22, 23, 32, 22, 32, 31, 23, 24, 33, 23, 33, 32, 24, 25, 34, 24, 34, 33, 25, 26, 35, 25, 35, 34, 27, 28, 37, 27, 37, 36, 28, 29, 38, 28, 38, 37, 29, 30, 39, 29, 39, 38, 30, 31, 40, 30, 40, 39, 31, 32, 41, 31, 41, 40, 32, 33, 42, 32, 42, 41, 33, 34, 43, 33, 43, 42, 34, 35, 44, 34, 44, 43, 36, 37, 46, 36, 46, 45, 37, 38, 47, 37, 47, 46, 38, 39, 48, 38, 48, 47, 39, 40, 49, 39, 49, 48, 40, 41, 50, 40, 50, 49, 41, 42, 51, 41, 51, 50, 42, 43, 52, 42, 52, 51, 43, 44, 53, 43, 53, 52, 45, 46, 55, 45, 55, 54, 46, 47, 56, 46, 56, 55, 47, 48, 57, 47, 57, 56, 48, 49, 58, 48, 58, 57, 49, 50, 59, 49, 59, 58, 50, 51, 60, 50, 60, 59, 51, 52, 61, 51, 61, 60, 52, 53, 62, 52, 62, 61, 54, 55, 64, 54, 64, 63, 55, 56, 65, 55, 65, 64, 56, 57, 66, 56, 66, 65, 57, 58, 67, 57, 67, 66, 58, 59, 68, 58, 68, 67, 59, 60, 69, 59, 69, 68, 60, 61, 70, 60, 70, 69, 61, 62, 71, 61, 71, 70, 63, 64, 73, 63, 73, 72, 64, 65, 74, 64, 74, 73, 65, 66, 75, 65, 75, 74, 66, 67, 76, 66, 76, 75, 67, 68, 77, 67, 77, 76, 68, 69, 78, 68, 78, 77, 69, 70, 79, 69, 79, 78, 70, 71, 80, 70, 80, 79]
            normal3f[] normals = [(0, 1, 0), (0, 1, 0), (0, 1, 0), (0, 1, 0), (0, 1, 0), (0, 1, 0), (0, 1, 0), (0, 1, 0), (0, 1, 0), (0, 1, 0), (0, 1, 0), (0, 1, 0), (0, 1, 0), (0, 1, 0), (0, 1, 0), (0, 1, 0), (0, 1, 0), (0, 1, 0), (0, 1, 0), (0, 1, 0), (0, 1, 0), (0, 1, 0), (0, 1, 0), (0, 1, 0), (0, 1, 0), (0, 1, 0), (0, 1, 0), (0, 1, 0), (0, 1, 0), (0, 1, 0), (0, 1, 0), (0, 1, 0), (0, 1, 0), (0, 1, 0), (0, 1, 0), (0, 1, 0), (0, 1, 0), (0, 1, 0), (0, 1, 0), (0, 1, 0), (0, 1, 0), (0, 1, 0), (0, 1, 0), (0, 1, 0), (0, 1, 0), (0, 1, 0), (0, 1, 0), (0, 1, 0), (0, 1, 0), (0, 1, 0), (0, 1, 0), (0, 1, 0), (0, 1, 0), (0, 1, 0), (0, 1, 0), (0, 1, 0), (0, 1, 0), (0, 1, 0), (0, 1, 0), (0, 1, 0), (0, 1, 0), (0, 1, 0), (0, 1, 0), (0, 1, 0), (0, 1, 0), (0, 1, 0), (0, 1, 0), (0, 1, 0), (0, 1, 0), (0, 1, 0), (0, 1, 0), (0, 1, 0), (0, 1, 0), (0, 1, 0), (0, 1, 0), (0, 1, 0), (0, 1, 0), (0, 1, 0), (0, 1, 0), (0, 1, 0), (0, 1, 0)] (interpolation = "vertex")
            float3[] extent = [(-0.006545, 0.004015, -0.01395), (0.006545, 0.004015, 0.00765)]
            rel material:binding = </WorkbenchPart/Materials/label_battery_1s_550_1S__550_mAh>
            texCoord2f[] primvars:st = [(0, 1), (0, 0.875), (0, 0.75), (0, 0.625), (0, 0.5), (0, 0.375), (0, 0.25), (0, 0.125), (0, 0), (0.125, 1), (0.125, 0.875), (0.125, 0.75), (0.125, 0.625), (0.125, 0.5), (0.125, 0.375), (0.125, 0.25), (0.125, 0.125), (0.125, 0), (0.25, 1), (0.25, 0.875), (0.25, 0.75), (0.25, 0.625), (0.25, 0.5), (0.25, 0.375), (0.25, 0.25), (0.25, 0.125), (0.25, 0), (0.375, 1), (0.375, 0.875), (0.375, 0.75), (0.375, 0.625), (0.375, 0.5), (0.375, 0.375), (0.375, 0.25), (0.375, 0.125), (0.375, 0), (0.5, 1), (0.5, 0.875), (0.5, 0.75), (0.5, 0.625), (0.5, 0.5), (0.5, 0.375), (0.5, 0.25), (0.5, 0.125), (0.5, 0), (0.625, 1), (0.625, 0.875), (0.625, 0.75), (0.625, 0.625), (0.625, 0.5), (0.625, 0.375), (0.625, 0.25), (0.625, 0.125), (0.625, 0), (0.75, 1), (0.75, 0.875), (0.75, 0.75), (0.75, 0.625), (0.75, 0.5), (0.75, 0.375), (0.75, 0.25), (0.75, 0.125), (0.75, 0), (0.875, 1), (0.875, 0.875), (0.875, 0.75), (0.875, 0.625), (0.875, 0.5), (0.875, 0.375), (0.875, 0.25), (0.875, 0.125), (0.875, 0), (1, 1), (1, 0.875), (1, 0.75), (1, 0.625), (1, 0.5), (1, 0.375), (1, 0.25), (1, 0.125), (1, 0)] (interpolation = "vertex")
        }
        def Mesh "RetentionStrapTop_01" (prepend apiSchemas = ["MaterialBindingAPI"])
        {
            uniform token subdivisionScheme = "none"
            uniform token orientation = "rightHanded"
            bool doubleSided = false
            point3f[] points = [(-0.008653188, 0.004065812, 0.01083381), (-0.008660333, 0.004058667, 0.01085333), (-0.008663569, 0.004055431, 0.01088), (-0.008663569, 0.004055431, 0.01387), (-0.008660333, 0.004058667, 0.01389667), (-0.008653188, 0.004065812, 0.01391619), (-0.008660333, 0.004085333, 0.01082667), (-0.00867232, 0.00407934, 0.01084734), (-0.008678554, 0.004076223, 0.01088), (-0.008678554, 0.004076223, 0.01387), (-0.00867232, 0.00407934, 0.01390266), (-0.008660333, 0.004085333, 0.01392333), (-0.008663569, 0.004112, 0.01082343), (-0.008678554, 0.004112, 0.01084422), (-0.008687, 0.004112, 0.01088), (-0.008687, 0.004112, 0.01387), (-0.008678554, 0.004112, 0.01390578), (-0.008663569, 0.004112, 0.01392657), (-0.008663569, 0.004208, 0.01082343), (-0.008678554, 0.004208, 0.01084422), (-0.008687, 0.004208, 0.01088), (-0.008687, 0.004208, 0.01387), (-0.008678554, 0.004208, 0.01390578), (-0.008663569, 0.004208, 0.01392657), (-0.008660333, 0.004234667, 0.01082667), (-0.00867232, 0.00424066, 0.01084734), (-0.008678554, 0.004243777, 0.01088), (-0.008678554, 0.004243777, 0.01387), (-0.00867232, 0.00424066, 0.01390266), (-0.008660333, 0.004234667, 0.01392333), (-0.008653188, 0.004254188, 0.01083381), (-0.008660333, 0.004261333, 0.01085333), (-0.008663569, 0.004264569, 0.01088), (-0.008663569, 0.004264569, 0.01387), (-0.008660333, 0.004261333, 0.01389667), (-0.008653188, 0.004254188, 0.01391619), (0.008653188, 0.004065812, 0.01083381), (0.008660333, 0.004058667, 0.01085333), (0.008663569, 0.004055431, 0.01088), (0.008663569, 0.004055431, 0.01387), (0.008660333, 0.004058667, 0.01389667), (0.008653188, 0.004065812, 0.01391619), (0.008660333, 0.004085333, 0.01082667), (0.00867232, 0.00407934, 0.01084734), (0.008678554, 0.004076223, 0.01088), (0.008678554, 0.004076223, 0.01387), (0.00867232, 0.00407934, 0.01390266), (0.008660333, 0.004085333, 0.01392333), (0.008663569, 0.004112, 0.01082343), (0.008678554, 0.004112, 0.01084422), (0.008687, 0.004112, 0.01088), (0.008687, 0.004112, 0.01387), (0.008678554, 0.004112, 0.01390578), (0.008663569, 0.004112, 0.01392657), (0.008663569, 0.004208, 0.01082343), (0.008678554, 0.004208, 0.01084422), (0.008687, 0.004208, 0.01088), (0.008687, 0.004208, 0.01387), (0.008678554, 0.004208, 0.01390578), (0.008663569, 0.004208, 0.01392657), (0.008660333, 0.004234667, 0.01082667), (0.00867232, 0.00424066, 0.01084734), (0.008678554, 0.004243777, 0.01088), (0.008678554, 0.004243777, 0.01387), (0.00867232, 0.00424066, 0.01390266), (0.008660333, 0.004234667, 0.01392333), (0.008653188, 0.004254188, 0.01083381), (0.008660333, 0.004261333, 0.01085333), (0.008663569, 0.004264569, 0.01088), (0.008663569, 0.004264569, 0.01387), (0.008660333, 0.004261333, 0.01389667), (0.008653188, 0.004254188, 0.01391619), (-0.008653188, 0.004065812, 0.01083381), (-0.008633667, 0.004058667, 0.01082667), (-0.008607, 0.004055431, 0.01082343), (0.008607, 0.004055431, 0.01082343), (0.008633667, 0.004058667, 0.01082667), (0.008653188, 0.004065812, 0.01083381), (-0.008660333, 0.004058667, 0.01085333), (-0.00863966, 0.00404668, 0.01084734), (-0.008607, 0.004040446, 0.01084422), (0.008607, 0.004040446, 0.01084422), (0.00863966, 0.00404668, 0.01084734), (0.008660333, 0.004058667, 0.01085333), (-0.008663569, 0.004055431, 0.01088), (-0.008642777, 0.004040446, 0.01088), (-0.008607, 0.004032, 0.01088), (0.008607, 0.004032, 0.01088), (0.008642777, 0.004040446, 0.01088), (0.008663569, 0.004055431, 0.01088), (-0.008663569, 0.004055431, 0.01387), (-0.008642777, 0.004040446, 0.01387), (-0.008607, 0.004032, 0.01387), (0.008607, 0.004032, 0.01387), (0.008642777, 0.004040446, 0.01387), (0.008663569, 0.004055431, 0.01387), (-0.008660333, 0.004058667, 0.01389667), (-0.00863966, 0.00404668, 0.01390266), (-0.008607, 0.004040446, 0.01390578), (0.008607, 0.004040446, 0.01390578), (0.00863966, 0.00404668, 0.01390266), (0.008660333, 0.004058667, 0.01389667), (-0.008653188, 0.004065812, 0.01391619), (-0.008633667, 0.004058667, 0.01392333), (-0.008607, 0.004055431, 0.01392657), (0.008607, 0.004055431, 0.01392657), (0.008633667, 0.004058667, 0.01392333), (0.008653188, 0.004065812, 0.01391619), (-0.008653188, 0.004254188, 0.01083381), (-0.008633667, 0.004261333, 0.01082667), (-0.008607, 0.004264569, 0.01082343), (0.008607, 0.004264569, 0.01082343), (0.008633667, 0.004261333, 0.01082667), (0.008653188, 0.004254188, 0.01083381), (-0.008660333, 0.004261333, 0.01085333), (-0.00863966, 0.00427332, 0.01084734), (-0.008607, 0.004279554, 0.01084422), (0.008607, 0.004279554, 0.01084422), (0.00863966, 0.00427332, 0.01084734), (0.008660333, 0.004261333, 0.01085333), (-0.008663569, 0.004264569, 0.01088), (-0.008642777, 0.004279554, 0.01088), (-0.008607, 0.004288, 0.01088), (0.008607, 0.004288, 0.01088), (0.008642777, 0.004279554, 0.01088), (0.008663569, 0.004264569, 0.01088), (-0.008663569, 0.004264569, 0.01387), (-0.008642777, 0.004279554, 0.01387), (-0.008607, 0.004288, 0.01387), (0.008607, 0.004288, 0.01387), (0.008642777, 0.004279554, 0.01387), (0.008663569, 0.004264569, 0.01387), (-0.008660333, 0.004261333, 0.01389667), (-0.00863966, 0.00427332, 0.01390266), (-0.008607, 0.004279554, 0.01390578), (0.008607, 0.004279554, 0.01390578), (0.00863966, 0.00427332, 0.01390266), (0.008660333, 0.004261333, 0.01389667), (-0.008653188, 0.004254188, 0.01391619), (-0.008633667, 0.004261333, 0.01392333), (-0.008607, 0.004264569, 0.01392657), (0.008607, 0.004264569, 0.01392657), (0.008633667, 0.004261333, 0.01392333), (0.008653188, 0.004254188, 0.01391619), (-0.008653188, 0.004065812, 0.01083381), (-0.008660333, 0.004085333, 0.01082667), (-0.008663569, 0.004112, 0.01082343), (-0.008663569, 0.004208, 0.01082343), (-0.008660333, 0.004234667, 0.01082667), (-0.008653188, 0.004254188, 0.01083381), (-0.008633667, 0.004058667, 0.01082667), (-0.00863966, 0.00407934, 0.01081468), (-0.008642777, 0.004112, 0.01080845), (-0.008642777, 0.004208, 0.01080845), (-0.00863966, 0.00424066, 0.01081468), (-0.008633667, 0.004261333, 0.01082667), (-0.008607, 0.004055431, 0.01082343), (-0.008607, 0.004076223, 0.01080845), (-0.008607, 0.004112, 0.0108), (-0.008607, 0.004208, 0.0108), (-0.008607, 0.004243777, 0.01080845), (-0.008607, 0.004264569, 0.01082343), (0.008607, 0.004055431, 0.01082343), (0.008607, 0.004076223, 0.01080845), (0.008607, 0.004112, 0.0108), (0.008607, 0.004208, 0.0108), (0.008607, 0.004243777, 0.01080845), (0.008607, 0.004264569, 0.01082343), (0.008633667, 0.004058667, 0.01082667), (0.00863966, 0.00407934, 0.01081468), (0.008642777, 0.004112, 0.01080845), (0.008642777, 0.004208, 0.01080845), (0.00863966, 0.00424066, 0.01081468), (0.008633667, 0.004261333, 0.01082667), (0.008653188, 0.004065812, 0.01083381), (0.008660333, 0.004085333, 0.01082667), (0.008663569, 0.004112, 0.01082343), (0.008663569, 0.004208, 0.01082343), (0.008660333, 0.004234667, 0.01082667), (0.008653188, 0.004254188, 0.01083381), (-0.008653188, 0.004065812, 0.01391619), (-0.008660333, 0.004085333, 0.01392333), (-0.008663569, 0.004112, 0.01392657), (-0.008663569, 0.004208, 0.01392657), (-0.008660333, 0.004234667, 0.01392333), (-0.008653188, 0.004254188, 0.01391619), (-0.008633667, 0.004058667, 0.01392333), (-0.00863966, 0.00407934, 0.01393532), (-0.008642777, 0.004112, 0.01394155), (-0.008642777, 0.004208, 0.01394155), (-0.00863966, 0.00424066, 0.01393532), (-0.008633667, 0.004261333, 0.01392333), (-0.008607, 0.004055431, 0.01392657), (-0.008607, 0.004076223, 0.01394155), (-0.008607, 0.004112, 0.01395), (-0.008607, 0.004208, 0.01395), (-0.008607, 0.004243777, 0.01394155), (-0.008607, 0.004264569, 0.01392657), (0.008607, 0.004055431, 0.01392657), (0.008607, 0.004076223, 0.01394155), (0.008607, 0.004112, 0.01395), (0.008607, 0.004208, 0.01395), (0.008607, 0.004243777, 0.01394155), (0.008607, 0.004264569, 0.01392657), (0.008633667, 0.004058667, 0.01392333), (0.00863966, 0.00407934, 0.01393532), (0.008642777, 0.004112, 0.01394155), (0.008642777, 0.004208, 0.01394155), (0.00863966, 0.00424066, 0.01393532), (0.008633667, 0.004261333, 0.01392333), (0.008653188, 0.004065812, 0.01391619), (0.008660333, 0.004085333, 0.01392333), (0.008663569, 0.004112, 0.01392657), (0.008663569, 0.004208, 0.01392657), (0.008660333, 0.004234667, 0.01392333), (0.008653188, 0.004254188, 0.01391619)]
            int[] faceVertexCounts = [3, 3, 3, 3, 3, 3, 3, 3, 3, 3, 3, 3, 3, 3, 3, 3, 3, 3, 3, 3, 3, 3, 3, 3, 3, 3, 3, 3, 3, 3, 3, 3, 3, 3, 3, 3, 3, 3, 3, 3, 3, 3, 3, 3, 3, 3, 3, 3, 3, 3, 3, 3, 3, 3, 3, 3, 3, 3, 3, 3, 3, 3, 3, 3, 3, 3, 3, 3, 3, 3, 3, 3, 3, 3, 3, 3, 3, 3, 3, 3, 3, 3, 3, 3, 3, 3, 3, 3, 3, 3, 3, 3, 3, 3, 3, 3, 3, 3, 3, 3, 3, 3, 3, 3, 3, 3, 3, 3, 3, 3, 3, 3, 3, 3, 3, 3, 3, 3, 3, 3, 3, 3, 3, 3, 3, 3, 3, 3, 3, 3, 3, 3, 3, 3, 3, 3, 3, 3, 3, 3, 3, 3, 3, 3, 3, 3, 3, 3, 3, 3, 3, 3, 3, 3, 3, 3, 3, 3, 3, 3, 3, 3, 3, 3, 3, 3, 3, 3, 3, 3, 3, 3, 3, 3, 3, 3, 3, 3, 3, 3, 3, 3, 3, 3, 3, 3, 3, 3, 3, 3, 3, 3, 3, 3, 3, 3, 3, 3, 3, 3, 3, 3, 3, 3, 3, 3, 3, 3, 3, 3, 3, 3, 3, 3, 3, 3, 3, 3, 3, 3, 3, 3, 3, 3, 3, 3, 3, 3, 3, 3, 3, 3, 3, 3, 3, 3, 3, 3, 3, 3, 3, 3, 3, 3, 3, 3, 3, 3, 3, 3, 3, 3, 3, 3, 3, 3, 3, 3, 3, 3, 3, 3, 3, 3, 3, 3, 3, 3, 3, 3, 3, 3, 3, 3, 3, 3, 3, 3, 3, 3, 3, 3, 3, 3, 3, 3, 3, 3, 3, 3, 3, 3, 3, 3, 3, 3, 3, 3, 3, 3]
            int[] faceVertexIndices = [1, 7, 6, 1, 6, 0, 2, 8, 7, 2, 7, 1, 3, 9, 8, 3, 8, 2, 4, 10, 9, 4, 9, 3, 5, 11, 10, 5, 10, 4, 7, 13, 12, 7, 12, 6, 8, 14, 13, 8, 13, 7, 9, 15, 14, 9, 14, 8, 10, 16, 15, 10, 15, 9, 11, 17, 16, 11, 16, 10, 13, 19, 18, 13, 18, 12, 14, 20, 19, 14, 19, 13, 15, 21, 20, 15, 20, 14, 16, 22, 21, 16, 21, 15, 17, 23, 22, 17, 22, 16, 19, 25, 24, 19, 24, 18, 20, 26, 25, 20, 25, 19, 21, 27, 26, 21, 26, 20, 22, 28, 27, 22, 27, 21, 23, 29, 28, 23, 28, 22, 25, 31, 30, 25, 30, 24, 26, 32, 31, 26, 31, 25, 27, 33, 32, 27, 32, 26, 28, 34, 33, 28, 33, 27, 29, 35, 34, 29, 34, 28, 36, 42, 43, 36, 43, 37, 37, 43, 44, 37, 44, 38, 38, 44, 45, 38, 45, 39, 39, 45, 46, 39, 46, 40, 40, 46, 47, 40, 47, 41, 42, 48, 49, 42, 49, 43, 43, 49, 50, 43, 50, 44, 44, 50, 51, 44, 51, 45, 45, 51, 52, 45, 52, 46, 46, 52, 53, 46, 53, 47, 48, 54, 55, 48, 55, 49, 49, 55, 56, 49, 56, 50, 50, 56, 57, 50, 57, 51, 51, 57, 58, 51, 58, 52, 52, 58, 59, 52, 59, 53, 54, 60, 61, 54, 61, 55, 55, 61, 62, 55, 62, 56, 56, 62, 63, 56, 63, 57, 57, 63, 64, 57, 64, 58, 58, 64, 65, 58, 65, 59, 60, 66, 67, 60, 67, 61, 61, 67, 68, 61, 68, 62, 62, 68, 69, 62, 69, 63, 63, 69, 70, 63, 70, 64, 64, 70, 71, 64, 71, 65, 73, 79, 78, 73, 78, 72, 74, 80, 79, 74, 79, 73, 75, 81, 80, 75, 80, 74, 76, 82, 81, 76, 81, 75, 77, 83, 82, 77, 82, 76, 79, 85, 84, 79, 84, 78, 80, 86, 85, 80, 85, 79, 81, 87, 86, 81, 86, 80, 82, 88, 87, 82, 87, 81, 83, 89, 88, 83, 88, 82, 85, 91, 90, 85, 90, 84, 86, 92, 91, 86, 91, 85, 87, 93, 92, 87, 92, 86, 88, 94, 93, 88, 93, 87, 89, 95, 94, 89, 94, 88, 91, 97, 96, 91, 96, 90, 92, 98, 97, 92, 97, 91, 93, 99, 98, 93, 98, 92, 94, 100, 99, 94, 99, 93, 95, 101, 100, 95, 100, 94, 97, 103, 102, 97, 102, 96, 98, 104, 103, 98, 103, 97, 99, 105, 104, 99, 104, 98, 100, 106, 105, 100, 105, 99, 101, 107, 106, 101, 106, 100, 108, 114, 115, 108, 115, 109, 109, 115, 116, 109, 116, 110, 110, 116, 117, 110, 117, 111, 111, 117, 118, 111, 118, 112, 112, 118, 119, 112, 119, 113, 114, 120, 121, 114, 121, 115, 115, 121, 122, 115, 122, 116, 116, 122, 123, 116, 123, 117, 117, 123, 124, 117, 124, 118, 118, 124, 125, 118, 125, 119, 120, 126, 127, 120, 127, 121, 121, 127, 128, 121, 128, 122, 122, 128, 129, 122, 129, 123, 123, 129, 130, 123, 130, 124, 124, 130, 131, 124, 131, 125, 126, 132, 133, 126, 133, 127, 127, 133, 134, 127, 134, 128, 128, 134, 135, 128, 135, 129, 129, 135, 136, 129, 136, 130, 130, 136, 137, 130, 137, 131, 132, 138, 139, 132, 139, 133, 133, 139, 140, 133, 140, 134, 134, 140, 141, 134, 141, 135, 135, 141, 142, 135, 142, 136, 136, 142, 143, 136, 143, 137, 145, 151, 150, 145, 150, 144, 146, 152, 151, 146, 151, 145, 147, 153, 152, 147, 152, 146, 148, 154, 153, 148, 153, 147, 149, 155, 154, 149, 154, 148, 151, 157, 156, 151, 156, 150, 152, 158, 157, 152, 157, 151, 153, 159, 158, 153, 158, 152, 154, 160, 159, 154, 159, 153, 155, 161, 160, 155, 160, 154, 157, 163, 162, 157, 162, 156, 158, 164, 163, 158, 163, 157, 159, 165, 164, 159, 164, 158, 160, 166, 165, 160, 165, 159, 161, 167, 166, 161, 166, 160, 163, 169, 168, 163, 168, 162, 164, 170, 169, 164, 169, 163, 165, 171, 170, 165, 170, 164, 166, 172, 171, 166, 171, 165, 167, 173, 172, 167, 172, 166, 169, 175, 174, 169, 174, 168, 170, 176, 175, 170, 175, 169, 171, 177, 176, 171, 176, 170, 172, 178, 177, 172, 177, 171, 173, 179, 178, 173, 178, 172, 180, 186, 187, 180, 187, 181, 181, 187, 188, 181, 188, 182, 182, 188, 189, 182, 189, 183, 183, 189, 190, 183, 190, 184, 184, 190, 191, 184, 191, 185, 186, 192, 193, 186, 193, 187, 187, 193, 194, 187, 194, 188, 188, 194, 195, 188, 195, 189, 189, 195, 196, 189, 196, 190, 190, 196, 197, 190, 197, 191, 192, 198, 199, 192, 199, 193, 193, 199, 200, 193, 200, 194, 194, 200, 201, 194, 201, 195, 195, 201, 202, 195, 202, 196, 196, 202, 203, 196, 203, 197, 198, 204, 205, 198, 205, 199, 199, 205, 206, 199, 206, 200, 200, 206, 207, 200, 207, 201, 201, 207, 208, 201, 208, 202, 202, 208, 209, 202, 209, 203, 204, 210, 211, 204, 211, 205, 205, 211, 212, 205, 212, 206, 206, 212, 213, 206, 213, 207, 207, 213, 214, 207, 214, 208, 208, 214, 215, 208, 215, 209]
            normal3f[] normals = [(-0.7745967, -0.4472136, -0.4472136), (-0.7668657, -0.5195657, -0.376787), (-0.8115062, -0.5843327, -0.003610804), (-0.811242, -0.5847101, 0.0007518641), (-0.7900625, -0.5555967, 0.2590629), (-0.7071068, -0.5, 0.5), (-0.7668657, -0.376787, -0.5195657), (-0.8559572, -0.3656073, -0.3656073), (-0.8963732, -0.4432922, -0.002683715), (-0.9449678, -0.3271585, 0.001803039), (-0.8844941, -0.3299016, 0.3299016), (-0.7900625, -0.2590629, 0.5555967), (-0.8144675, -0.07161945, -0.5757719), (-0.9101, -0.06114255, -0.4098532), (-0.9950505, -0.09929902, -0.003759787), (-0.9992945, -0.03750598, 0.001943834), (-0.9368335, -0.04427111, 0.3469625), (-0.8110692, -0.02064894, 0.5845856), (-0.8110692, 0.02064894, -0.5845856), (-0.9368335, 0.04427111, -0.3469625), (-0.9992945, 0.03750598, -0.001943834), (-0.9950505, 0.09929902, 0.003759787), (-0.9101, 0.06114255, 0.4098532), (-0.8144675, 0.07161945, 0.5757719), (-0.7900625, 0.2590629, -0.5555967), (-0.8844941, 0.3299016, -0.3299016), (-0.9449678, 0.3271585, -0.001803039), (-0.8963732, 0.4432922, 0.002683715), (-0.8559572, 0.3656073, 0.3656073), (-0.7668657, 0.376787, 0.5195657), (-0.7071068, 0.5, -0.5), (-0.7900625, 0.5555967, -0.2590629), (-0.811242, 0.5847101, -0.0007518641), (-0.8115062, 0.5843327, 0.003610804), (-0.7668657, 0.5195657, 0.376787), (-0.7745967, 0.4472136, 0.4472136), (0.7071068, -0.5, -0.5), (0.7900625, -0.5555967, -0.2590629), (0.811242, -0.5847101, -0.0007518641), (0.8115062, -0.5843327, 0.003610804), (0.7668657, -0.5195657, 0.376787), (0.7745967, -0.4472136, 0.4472136), (0.7900625, -0.2590629, -0.5555967), (0.8844941, -0.3299016, -0.3299016), (0.9449678, -0.3271585, -0.001803039), (0.8963732, -0.4432922, 0.002683715), (0.8559572, -0.3656073, 0.3656073), (0.7668657, -0.376787, 0.5195657), (0.8110692, -0.02064894, -0.5845856), (0.9368335, -0.04427111, -0.3469625), (0.9992945, -0.03750598, -0.001943834), (0.9950505, -0.09929902, 0.003759787), (0.9101, -0.06114255, 0.4098532), (0.8144675, -0.07161945, 0.5757719), (0.8144675, 0.07161945, -0.5757719), (0.9101, 0.06114255, -0.4098532), (0.9950505, 0.09929902, -0.003759787), (0.9992945, 0.03750598, 0.001943834), (0.9368335, 0.04427111, 0.3469625), (0.8110692, 0.02064894, 0.5845856), (0.7668657, 0.376787, -0.5195657), (0.8559572, 0.3656073, -0.3656073), (0.8963732, 0.4432922, -0.002683715), (0.9449678, 0.3271585, 0.001803039), (0.8844941, 0.3299016, 0.3299016), (0.7900625, 0.2590629, 0.5555967), (0.7745967, 0.4472136, -0.4472136), (0.7668657, 0.5195657, -0.376787), (0.8115062, 0.5843327, -0.003610804), (0.811242, 0.5847101, 0.0007518641), (0.7900625, 0.5555967, 0.2590629), (0.7071068, 0.5, 0.5), (-0.4472136, -0.7745967, -0.4472136), (-0.376787, -0.7668657, -0.5195657), (-0.0006370724, -0.8112895, -0.5846442), (0.0001310765, -0.8112422, -0.5847103), (0.2590629, -0.7900625, -0.5555967), (0.5, -0.7071068, -0.5), (-0.5195657, -0.7668657, -0.376787), (-0.3656073, -0.8559572, -0.3656073), (-0.0004708443, -0.8957704, -0.4445167), (0.0003154892, -0.9452139, -0.3264514), (0.3299016, -0.8844941, -0.3299016), (0.5555967, -0.7900625, -0.2590629), (-0.5843327, -0.8115062, -0.003610804), (-0.4432922, -0.8963732, -0.002683715), (-0.0009601372, -0.9999844, -0.005500529), (0.0002486686, -0.999999, -0.00140753), (0.3271585, -0.9449678, -0.001803039), (0.5847101, -0.811242, -0.0007518641), (-0.5847101, -0.811242, 0.0007518641), (-0.3271585, -0.9449678, 0.001803039), (-0.0002486686, -0.999999, 0.00140753), (0.0009601372, -0.9999844, 0.005500529), (0.4432922, -0.8963732, 0.002683715), (0.5843327, -0.8115062, 0.003610804), (-0.5555967, -0.7900625, 0.2590629), (-0.3299016, -0.8844941, 0.3299016), (-0.0003154892, -0.9452139, 0.3264514), (0.0004708443, -0.8957704, 0.4445167), (0.3656073, -0.8559572, 0.3656073), (0.5195657, -0.7668657, 0.376787), (-0.5, -0.7071068, 0.5), (-0.2590629, -0.7900625, 0.5555967), (-0.0001310765, -0.8112422, 0.5847103), (0.0006370724, -0.8112895, 0.5846442), (0.376787, -0.7668657, 0.5195657), (0.4472136, -0.7745967, 0.4472136), (-0.5, 0.7071068, -0.5), (-0.2590629, 0.7900625, -0.5555967), (-0.0001310765, 0.8112422, -0.5847103), (0.0006370724, 0.8112895, -0.5846442), (0.376787, 0.7668657, -0.5195657), (0.4472136, 0.7745967, -0.4472136), (-0.5555967, 0.7900625, -0.2590629), (-0.3299016, 0.8844941, -0.3299016), (-0.0003154892, 0.9452139, -0.3264514), (0.0004708443, 0.8957704, -0.4445167), (0.3656073, 0.8559572, -0.3656073), (0.5195657, 0.7668657, -0.376787), (-0.5847101, 0.811242, -0.0007518641), (-0.3271585, 0.9449678, -0.001803039), (-0.0002486686, 0.999999, -0.00140753), (0.0009601372, 0.9999844, -0.005500529), (0.4432922, 0.8963732, -0.002683715), (0.5843327, 0.8115062, -0.003610804), (-0.5843327, 0.8115062, 0.003610804), (-0.4432922, 0.8963732, 0.002683715), (-0.0009601372, 0.9999844, 0.005500529), (0.0002486686, 0.999999, 0.00140753), (0.3271585, 0.9449678, 0.001803039), (0.5847101, 0.811242, 0.0007518641), (-0.5195657, 0.7668657, 0.376787), (-0.3656073, 0.8559572, 0.3656073), (-0.0004708443, 0.8957704, 0.4445167), (0.0003154892, 0.9452139, 0.3264514), (0.3299016, 0.8844941, 0.3299016), (0.5555967, 0.7900625, 0.2590629), (-0.4472136, 0.7745967, 0.4472136), (-0.376787, 0.7668657, 0.5195657), (-0.0006370724, 0.8112895, 0.5846442), (0.0001310765, 0.8112422, 0.5847103), (0.2590629, 0.7900625, 0.5555967), (0.5, 0.7071068, 0.5), (-0.4472136, -0.4472136, -0.7745967), (-0.5195657, -0.376787, -0.7668657), (-0.5757719, -0.07161945, -0.8144675), (-0.5845856, 0.02064894, -0.8110692), (-0.5555967, 0.2590629, -0.7900625), (-0.5, 0.5, -0.7071068), (-0.376787, -0.5195657, -0.7668657), (-0.3656073, -0.3656073, -0.8559572), (-0.4098532, -0.06114255, -0.9101), (-0.3469625, 0.04427111, -0.9368335), (-0.3299016, 0.3299016, -0.8844941), (-0.2590629, 0.5555967, -0.7900625), (-0.0006370724, -0.5846442, -0.8112895), (-0.0004708443, -0.4445167, -0.8957704), (-0.0006617617, -0.1001278, -0.9949744), (-0.0003400021, 0.03713297, -0.9993103), (-0.0003154892, 0.3264514, -0.9452139), (-0.0001310765, 0.5847103, -0.8112422), (0.0001310765, -0.5847103, -0.8112422), (0.0003154892, -0.3264514, -0.9452139), (0.0003400021, -0.03713297, -0.9993103), (0.0006617617, 0.1001278, -0.9949744), (0.0004708443, 0.4445167, -0.8957704), (0.0006370724, 0.5846442, -0.8112895), (0.2590629, -0.5555967, -0.7900625), (0.3299016, -0.3299016, -0.8844941), (0.3469625, -0.04427111, -0.9368335), (0.4098532, 0.06114255, -0.9101), (0.3656073, 0.3656073, -0.8559572), (0.376787, 0.5195657, -0.7668657), (0.5, -0.5, -0.7071068), (0.5555967, -0.2590629, -0.7900625), (0.5845856, -0.02064894, -0.8110692), (0.5757719, 0.07161945, -0.8144675), (0.5195657, 0.376787, -0.7668657), (0.4472136, 0.4472136, -0.7745967), (-0.5, -0.5, 0.7071068), (-0.5555967, -0.2590629, 0.7900625), (-0.5845856, -0.02064894, 0.8110692), (-0.5757719, 0.07161945, 0.8144675), (-0.5195657, 0.376787, 0.7668657), (-0.4472136, 0.4472136, 0.7745967), (-0.2590629, -0.5555967, 0.7900625), (-0.3299016, -0.3299016, 0.8844941), (-0.3469625, -0.04427111, 0.9368335), (-0.4098532, 0.06114255, 0.9101), (-0.3656073, 0.3656073, 0.8559572), (-0.376787, 0.5195657, 0.7668657), (-0.0001310765, -0.5847103, 0.8112422), (-0.0003154892, -0.3264514, 0.9452139), (-0.0003400021, -0.03713297, 0.9993103), (-0.0006617617, 0.1001278, 0.9949744), (-0.0004708443, 0.4445167, 0.8957704), (-0.0006370724, 0.5846442, 0.8112895), (0.0006370724, -0.5846442, 0.8112895), (0.0004708443, -0.4445167, 0.8957704), (0.0006617617, -0.1001278, 0.9949744), (0.0003400021, 0.03713297, 0.9993103), (0.0003154892, 0.3264514, 0.9452139), (0.0001310765, 0.5847103, 0.8112422), (0.376787, -0.5195657, 0.7668657), (0.3656073, -0.3656073, 0.8559572), (0.4098532, -0.06114255, 0.9101), (0.3469625, 0.04427111, 0.9368335), (0.3299016, 0.3299016, 0.8844941), (0.2590629, 0.5555967, 0.7900625), (0.4472136, -0.4472136, 0.7745967), (0.5195657, -0.376787, 0.7668657), (0.5757719, -0.07161945, 0.8144675), (0.5845856, 0.02064894, 0.8110692), (0.5555967, 0.2590629, 0.7900625), (0.5, 0.5, 0.7071068)] (interpolation = "vertex")
            float3[] extent = [(-0.008687, 0.004032, 0.0108), (0.008687, 0.004288, 0.01395)]
            rel material:binding = </WorkbenchPart/Materials/strap>
            texCoord2f[] primvars:st = [(1.623467, 4.341333), (1.631736, 4.338936), (1.634133, 4.330667), (1.623467, 4.341333), (1.634133, 4.330667), (1.626325, 4.333525), (1.622173, 4.352), (1.630489, 4.352), (1.631736, 4.338936), (1.622173, 4.352), (1.631736, 4.338936), (1.623467, 4.341333), (1.622173, 5.548), (1.630489, 5.548), (1.630489, 4.352), (1.622173, 5.548), (1.630489, 4.352), (1.622173, 4.352), (1.623467, 5.558667), (1.631736, 5.561064), (1.630489, 5.548), (1.623467, 5.558667), (1.630489, 5.548), (1.622173, 5.548), (1.626325, 5.566475), (1.634133, 5.569333), (1.631736, 5.561064), (1.626325, 5.566475), (1.631736, 5.561064), (1.623467, 5.558667), (1.631736, 4.338936), (1.6448, 4.337689), (1.6448, 4.329373), (1.631736, 4.338936), (1.6448, 4.329373), (1.634133, 4.330667), (1.630489, 4.352), (1.6448, 4.352), (1.6448, 4.337689), (1.630489, 4.352), (1.6448, 4.337689), (1.631736, 4.338936), (1.630489, 5.548), (1.6448, 5.548), (1.6448, 4.352), (1.630489, 5.548), (1.6448, 4.352), (1.630489, 4.352), (1.631736, 5.561064), (1.6448, 5.562311), (1.6448, 5.548), (1.631736, 5.561064), (1.6448, 5.548), (1.630489, 5.548), (1.634133, 5.569333), (1.6448, 5.570627), (1.6448, 5.562311), (1.634133, 5.569333), (1.6448, 5.562311), (1.631736, 5.561064), (1.6448, 4.337689), (1.6832, 4.337689), (1.6832, 4.329373), (1.6448, 4.337689), (1.6832, 4.329373), (1.6448, 4.329373), (1.6448, 4.352), (1.6832, 4.352), (1.6832, 4.337689), (1.6448, 4.352), (1.6832, 4.337689), (1.6448, 4.337689), (1.6448, 5.548), (1.6832, 5.548), (1.6832, 4.352), (1.6448, 5.548), (1.6832, 4.352), (1.6448, 4.352), (1.6448, 5.562311), (1.6832, 5.562311), (1.6832, 5.548), (1.6448, 5.562311), (1.6832, 5.548), (1.6448, 5.548), (1.6448, 5.570627), (1.6832, 5.570627), (1.6832, 5.562311), (1.6448, 5.570627), (1.6832, 5.562311), (1.6448, 5.562311), (1.6832, 4.337689), (1.696264, 4.338936), (1.693867, 4.330667), (1.6832, 4.337689), (1.693867, 4.330667), (1.6832, 4.329373), (1.6832, 4.352), (1.697511, 4.352), (1.696264, 4.338936), (1.6832, 4.352), (1.696264, 4.338936), (1.6832, 4.337689), (1.6832, 5.548), (1.697511, 5.548), (1.697511, 4.352), (1.6832, 5.548), (1.697511, 4.352), (1.6832, 4.352), (1.6832, 5.562311), (1.696264, 5.561064), (1.697511, 5.548), (1.6832, 5.562311), (1.697511, 5.548), (1.6832, 5.548), (1.6832, 5.570627), (1.693867, 5.569333), (1.696264, 5.561064), (1.6832, 5.570627), (1.696264, 5.561064), (1.6832, 5.562311), (1.696264, 4.338936), (1.704533, 4.341333), (1.701675, 4.333525), (1.696264, 4.338936), (1.701675, 4.333525), (1.693867, 4.330667), (1.697511, 4.352), (1.705827, 4.352), (1.704533, 4.341333), (1.697511, 4.352), (1.704533, 4.341333), (1.696264, 4.338936), (1.697511, 5.548), (1.705827, 5.548), (1.705827, 4.352), (1.697511, 5.548), (1.705827, 4.352), (1.697511, 4.352), (1.696264, 5.561064), (1.704533, 5.558667), (1.705827, 5.548), (1.696264, 5.561064), (1.705827, 5.548), (1.697511, 5.548), (1.693867, 5.569333), (1.701675, 5.566475), (1.704533, 5.558667), (1.693867, 5.569333), (1.704533, 5.558667), (1.696264, 5.561064), (1.626325, 4.333525), (1.634133, 4.330667), (1.631736, 4.338936), (1.626325, 4.333525), (1.631736, 4.338936), (1.623467, 4.341333), (1.623467, 4.341333), (1.631736, 4.338936), (1.630489, 4.352), (1.623467, 4.341333), (1.630489, 4.352), (1.622173, 4.352), (1.622173, 4.352), (1.630489, 4.352), (1.630489, 5.548), (1.622173, 4.352), (1.630489, 5.548), (1.622173, 5.548), (1.622173, 5.548), (1.630489, 5.548), (1.631736, 5.561064), (1.622173, 5.548), (1.631736, 5.561064), (1.623467, 5.558667), (1.623467, 5.558667), (1.631736, 5.561064), (1.634133, 5.569333), (1.623467, 5.558667), (1.634133, 5.569333), (1.626325, 5.566475), (1.634133, 4.330667), (1.6448, 4.329373), (1.6448, 4.337689), (1.634133, 4.330667), (1.6448, 4.337689), (1.631736, 4.338936), (1.631736, 4.338936), (1.6448, 4.337689), (1.6448, 4.352), (1.631736, 4.338936), (1.6448, 4.352), (1.630489, 4.352), (1.630489, 4.352), (1.6448, 4.352), (1.6448, 5.548), (1.630489, 4.352), (1.6448, 5.548), (1.630489, 5.548), (1.630489, 5.548), (1.6448, 5.548), (1.6448, 5.562311), (1.630489, 5.548), (1.6448, 5.562311), (1.631736, 5.561064), (1.631736, 5.561064), (1.6448, 5.562311), (1.6448, 5.570627), (1.631736, 5.561064), (1.6448, 5.570627), (1.634133, 5.569333), (1.6448, 4.329373), (1.6832, 4.329373), (1.6832, 4.337689), (1.6448, 4.329373), (1.6832, 4.337689), (1.6448, 4.337689), (1.6448, 4.337689), (1.6832, 4.337689), (1.6832, 4.352), (1.6448, 4.337689), (1.6832, 4.352), (1.6448, 4.352), (1.6448, 4.352), (1.6832, 4.352), (1.6832, 5.548), (1.6448, 4.352), (1.6832, 5.548), (1.6448, 5.548), (1.6448, 5.548), (1.6832, 5.548), (1.6832, 5.562311), (1.6448, 5.548), (1.6832, 5.562311), (1.6448, 5.562311), (1.6448, 5.562311), (1.6832, 5.562311), (1.6832, 5.570627), (1.6448, 5.562311), (1.6832, 5.570627), (1.6448, 5.570627), (1.6832, 4.329373), (1.693867, 4.330667), (1.696264, 4.338936), (1.6832, 4.329373), (1.696264, 4.338936), (1.6832, 4.337689), (1.6832, 4.337689), (1.696264, 4.338936), (1.697511, 4.352), (1.6832, 4.337689), (1.697511, 4.352), (1.6832, 4.352), (1.6832, 4.352), (1.697511, 4.352), (1.697511, 5.548), (1.6832, 4.352), (1.697511, 5.548), (1.6832, 5.548), (1.6832, 5.548), (1.697511, 5.548), (1.696264, 5.561064), (1.6832, 5.548), (1.696264, 5.561064), (1.6832, 5.562311), (1.6832, 5.562311), (1.696264, 5.561064), (1.693867, 5.569333), (1.6832, 5.562311), (1.693867, 5.569333), (1.6832, 5.570627), (1.693867, 4.330667), (1.701675, 4.333525), (1.704533, 4.341333), (1.693867, 4.330667), (1.704533, 4.341333), (1.696264, 4.338936), (1.696264, 4.338936), (1.704533, 4.341333), (1.705827, 4.352), (1.696264, 4.338936), (1.705827, 4.352), (1.697511, 4.352), (1.697511, 4.352), (1.705827, 4.352), (1.705827, 5.548), (1.697511, 4.352), (1.705827, 5.548), (1.697511, 5.548), (1.697511, 5.548), (1.705827, 5.548), (1.704533, 5.558667), (1.697511, 5.548), (1.704533, 5.558667), (1.696264, 5.561064), (1.696264, 5.561064), (1.704533, 5.558667), (1.701675, 5.566475), (1.696264, 5.561064), (1.701675, 5.566475), (1.693867, 5.569333), (-3.453467, 4.330667), (-3.455864, 4.338936), (-3.464133, 4.341333), (-3.453467, 4.330667), (-3.464133, 4.341333), (-3.461275, 4.333525), (-3.4428, 4.329373), (-3.4428, 4.337689), (-3.455864, 4.338936), (-3.4428, 4.329373), (-3.455864, 4.338936), (-3.453467, 4.330667), (3.4428, 4.329373), (3.4428, 4.337689), (-3.4428, 4.337689), (3.4428, 4.329373), (-3.4428, 4.337689), (-3.4428, 4.329373), (3.453467, 4.330667), (3.455864, 4.338936), (3.4428, 4.337689), (3.453467, 4.330667), (3.4428, 4.337689), (3.4428, 4.329373), (3.461275, 4.333525), (3.464133, 4.341333), (3.455864, 4.338936), (3.461275, 4.333525), (3.455864, 4.338936), (3.453467, 4.330667), (-3.455864, 4.338936), (-3.457111, 4.352), (-3.465427, 4.352), (-3.455864, 4.338936), (-3.465427, 4.352), (-3.464133, 4.341333), (-3.4428, 4.337689), (-3.4428, 4.352), (-3.457111, 4.352), (-3.4428, 4.337689), (-3.457111, 4.352), (-3.455864, 4.338936), (3.4428, 4.337689), (3.4428, 4.352), (-3.4428, 4.352), (3.4428, 4.337689), (-3.4428, 4.352), (-3.4428, 4.337689), (3.455864, 4.338936), (3.457111, 4.352), (3.4428, 4.352), (3.455864, 4.338936), (3.4428, 4.352), (3.4428, 4.337689), (3.464133, 4.341333), (3.465427, 4.352), (3.457111, 4.352), (3.464133, 4.341333), (3.457111, 4.352), (3.455864, 4.338936), (-3.457111, 4.352), (-3.457111, 5.548), (-3.465427, 5.548), (-3.457111, 4.352), (-3.465427, 5.548), (-3.465427, 4.352), (-3.4428, 4.352), (-3.4428, 5.548), (-3.457111, 5.548), (-3.4428, 4.352), (-3.457111, 5.548), (-3.457111, 4.352), (3.4428, 4.352), (3.4428, 5.548), (-3.4428, 5.548), (3.4428, 4.352), (-3.4428, 5.548), (-3.4428, 4.352), (3.457111, 4.352), (3.457111, 5.548), (3.4428, 5.548), (3.457111, 4.352), (3.4428, 5.548), (3.4428, 4.352), (3.465427, 4.352), (3.465427, 5.548), (3.457111, 5.548), (3.465427, 4.352), (3.457111, 5.548), (3.457111, 4.352), (-3.457111, 5.548), (-3.455864, 5.561064), (-3.464133, 5.558667), (-3.457111, 5.548), (-3.464133, 5.558667), (-3.465427, 5.548), (-3.4428, 5.548), (-3.4428, 5.562311), (-3.455864, 5.561064), (-3.4428, 5.548), (-3.455864, 5.561064), (-3.457111, 5.548), (3.4428, 5.548), (3.4428, 5.562311), (-3.4428, 5.562311), (3.4428, 5.548), (-3.4428, 5.562311), (-3.4428, 5.548), (3.457111, 5.548), (3.455864, 5.561064), (3.4428, 5.562311), (3.457111, 5.548), (3.4428, 5.562311), (3.4428, 5.548), (3.465427, 5.548), (3.464133, 5.558667), (3.455864, 5.561064), (3.465427, 5.548), (3.455864, 5.561064), (3.457111, 5.548), (-3.455864, 5.561064), (-3.453467, 5.569333), (-3.461275, 5.566475), (-3.455864, 5.561064), (-3.461275, 5.566475), (-3.464133, 5.558667), (-3.4428, 5.562311), (-3.4428, 5.570627), (-3.453467, 5.569333), (-3.4428, 5.562311), (-3.453467, 5.569333), (-3.455864, 5.561064), (3.4428, 5.562311), (3.4428, 5.570627), (-3.4428, 5.570627), (3.4428, 5.562311), (-3.4428, 5.570627), (-3.4428, 5.562311), (3.455864, 5.561064), (3.453467, 5.569333), (3.4428, 5.570627), (3.455864, 5.561064), (3.4428, 5.570627), (3.4428, 5.562311), (3.464133, 5.558667), (3.461275, 5.566475), (3.453467, 5.569333), (3.464133, 5.558667), (3.453467, 5.569333), (3.455864, 5.561064), (-3.461275, 4.333525), (-3.464133, 4.341333), (-3.455864, 4.338936), (-3.461275, 4.333525), (-3.455864, 4.338936), (-3.453467, 4.330667), (-3.453467, 4.330667), (-3.455864, 4.338936), (-3.4428, 4.337689), (-3.453467, 4.330667), (-3.4428, 4.337689), (-3.4428, 4.329373), (-3.4428, 4.329373), (-3.4428, 4.337689), (3.4428, 4.337689), (-3.4428, 4.329373), (3.4428, 4.337689), (3.4428, 4.329373), (3.4428, 4.329373), (3.4428, 4.337689), (3.455864, 4.338936), (3.4428, 4.329373), (3.455864, 4.338936), (3.453467, 4.330667), (3.453467, 4.330667), (3.455864, 4.338936), (3.464133, 4.341333), (3.453467, 4.330667), (3.464133, 4.341333), (3.461275, 4.333525), (-3.464133, 4.341333), (-3.465427, 4.352), (-3.457111, 4.352), (-3.464133, 4.341333), (-3.457111, 4.352), (-3.455864, 4.338936), (-3.455864, 4.338936), (-3.457111, 4.352), (-3.4428, 4.352), (-3.455864, 4.338936), (-3.4428, 4.352), (-3.4428, 4.337689), (-3.4428, 4.337689), (-3.4428, 4.352), (3.4428, 4.352), (-3.4428, 4.337689), (3.4428, 4.352), (3.4428, 4.337689), (3.4428, 4.337689), (3.4428, 4.352), (3.457111, 4.352), (3.4428, 4.337689), (3.457111, 4.352), (3.455864, 4.338936), (3.455864, 4.338936), (3.457111, 4.352), (3.465427, 4.352), (3.455864, 4.338936), (3.465427, 4.352), (3.464133, 4.341333), (-3.465427, 4.352), (-3.465427, 5.548), (-3.457111, 5.548), (-3.465427, 4.352), (-3.457111, 5.548), (-3.457111, 4.352), (-3.457111, 4.352), (-3.457111, 5.548), (-3.4428, 5.548), (-3.457111, 4.352), (-3.4428, 5.548), (-3.4428, 4.352), (-3.4428, 4.352), (-3.4428, 5.548), (3.4428, 5.548), (-3.4428, 4.352), (3.4428, 5.548), (3.4428, 4.352), (3.4428, 4.352), (3.4428, 5.548), (3.457111, 5.548), (3.4428, 4.352), (3.457111, 5.548), (3.457111, 4.352), (3.457111, 4.352), (3.457111, 5.548), (3.465427, 5.548), (3.457111, 4.352), (3.465427, 5.548), (3.465427, 4.352), (-3.465427, 5.548), (-3.464133, 5.558667), (-3.455864, 5.561064), (-3.465427, 5.548), (-3.455864, 5.561064), (-3.457111, 5.548), (-3.457111, 5.548), (-3.455864, 5.561064), (-3.4428, 5.562311), (-3.457111, 5.548), (-3.4428, 5.562311), (-3.4428, 5.548), (-3.4428, 5.548), (-3.4428, 5.562311), (3.4428, 5.562311), (-3.4428, 5.548), (3.4428, 5.562311), (3.4428, 5.548), (3.4428, 5.548), (3.4428, 5.562311), (3.455864, 5.561064), (3.4428, 5.548), (3.455864, 5.561064), (3.457111, 5.548), (3.457111, 5.548), (3.455864, 5.561064), (3.464133, 5.558667), (3.457111, 5.548), (3.464133, 5.558667), (3.465427, 5.548), (-3.464133, 5.558667), (-3.461275, 5.566475), (-3.453467, 5.569333), (-3.464133, 5.558667), (-3.453467, 5.569333), (-3.455864, 5.561064), (-3.455864, 5.561064), (-3.453467, 5.569333), (-3.4428, 5.570627), (-3.455864, 5.561064), (-3.4428, 5.570627), (-3.4428, 5.562311), (-3.4428, 5.562311), (-3.4428, 5.570627), (3.4428, 5.570627), (-3.4428, 5.562311), (3.4428, 5.570627), (3.4428, 5.562311), (3.4428, 5.562311), (3.4428, 5.570627), (3.453467, 5.569333), (3.4428, 5.562311), (3.453467, 5.569333), (3.455864, 5.561064), (3.455864, 5.561064), (3.453467, 5.569333), (3.461275, 5.566475), (3.455864, 5.561064), (3.461275, 5.566475), (3.464133, 5.558667), (-3.464133, 1.634133), (-3.455864, 1.631736), (-3.453467, 1.623467), (-3.464133, 1.634133), (-3.453467, 1.623467), (-3.461275, 1.626325), (-3.465427, 1.6448), (-3.457111, 1.6448), (-3.455864, 1.631736), (-3.465427, 1.6448), (-3.455864, 1.631736), (-3.464133, 1.634133), (-3.465427, 1.6832), (-3.457111, 1.6832), (-3.457111, 1.6448), (-3.465427, 1.6832), (-3.457111, 1.6448), (-3.465427, 1.6448), (-3.464133, 1.693867), (-3.455864, 1.696264), (-3.457111, 1.6832), (-3.464133, 1.693867), (-3.457111, 1.6832), (-3.465427, 1.6832), (-3.461275, 1.701675), (-3.453467, 1.704533), (-3.455864, 1.696264), (-3.461275, 1.701675), (-3.455864, 1.696264), (-3.464133, 1.693867), (-3.455864, 1.631736), (-3.4428, 1.630489), (-3.4428, 1.622173), (-3.455864, 1.631736), (-3.4428, 1.622173), (-3.453467, 1.623467), (-3.457111, 1.6448), (-3.4428, 1.6448), (-3.4428, 1.630489), (-3.457111, 1.6448), (-3.4428, 1.630489), (-3.455864, 1.631736), (-3.457111, 1.6832), (-3.4428, 1.6832), (-3.4428, 1.6448), (-3.457111, 1.6832), (-3.4428, 1.6448), (-3.457111, 1.6448), (-3.455864, 1.696264), (-3.4428, 1.697511), (-3.4428, 1.6832), (-3.455864, 1.696264), (-3.4428, 1.6832), (-3.457111, 1.6832), (-3.453467, 1.704533), (-3.4428, 1.705827), (-3.4428, 1.697511), (-3.453467, 1.704533), (-3.4428, 1.697511), (-3.455864, 1.696264), (-3.4428, 1.630489), (3.4428, 1.630489), (3.4428, 1.622173), (-3.4428, 1.630489), (3.4428, 1.622173), (-3.4428, 1.622173), (-3.4428, 1.6448), (3.4428, 1.6448), (3.4428, 1.630489), (-3.4428, 1.6448), (3.4428, 1.630489), (-3.4428, 1.630489), (-3.4428, 1.6832), (3.4428, 1.6832), (3.4428, 1.6448), (-3.4428, 1.6832), (3.4428, 1.6448), (-3.4428, 1.6448), (-3.4428, 1.697511), (3.4428, 1.697511), (3.4428, 1.6832), (-3.4428, 1.697511), (3.4428, 1.6832), (-3.4428, 1.6832), (-3.4428, 1.705827), (3.4428, 1.705827), (3.4428, 1.697511), (-3.4428, 1.705827), (3.4428, 1.697511), (-3.4428, 1.697511), (3.4428, 1.630489), (3.455864, 1.631736), (3.453467, 1.623467), (3.4428, 1.630489), (3.453467, 1.623467), (3.4428, 1.622173), (3.4428, 1.6448), (3.457111, 1.6448), (3.455864, 1.631736), (3.4428, 1.6448), (3.455864, 1.631736), (3.4428, 1.630489), (3.4428, 1.6832), (3.457111, 1.6832), (3.457111, 1.6448), (3.4428, 1.6832), (3.457111, 1.6448), (3.4428, 1.6448), (3.4428, 1.697511), (3.455864, 1.696264), (3.457111, 1.6832), (3.4428, 1.697511), (3.457111, 1.6832), (3.4428, 1.6832), (3.4428, 1.705827), (3.453467, 1.704533), (3.455864, 1.696264), (3.4428, 1.705827), (3.455864, 1.696264), (3.4428, 1.697511), (3.455864, 1.631736), (3.464133, 1.634133), (3.461275, 1.626325), (3.455864, 1.631736), (3.461275, 1.626325), (3.453467, 1.623467), (3.457111, 1.6448), (3.465427, 1.6448), (3.464133, 1.634133), (3.457111, 1.6448), (3.464133, 1.634133), (3.455864, 1.631736), (3.457111, 1.6832), (3.465427, 1.6832), (3.465427, 1.6448), (3.457111, 1.6832), (3.465427, 1.6448), (3.457111, 1.6448), (3.455864, 1.696264), (3.464133, 1.693867), (3.465427, 1.6832), (3.455864, 1.696264), (3.465427, 1.6832), (3.457111, 1.6832), (3.453467, 1.704533), (3.461275, 1.701675), (3.464133, 1.693867), (3.453467, 1.704533), (3.464133, 1.693867), (3.455864, 1.696264), (-3.461275, 1.626325), (-3.453467, 1.623467), (-3.455864, 1.631736), (-3.461275, 1.626325), (-3.455864, 1.631736), (-3.464133, 1.634133), (-3.464133, 1.634133), (-3.455864, 1.631736), (-3.457111, 1.6448), (-3.464133, 1.634133), (-3.457111, 1.6448), (-3.465427, 1.6448), (-3.465427, 1.6448), (-3.457111, 1.6448), (-3.457111, 1.6832), (-3.465427, 1.6448), (-3.457111, 1.6832), (-3.465427, 1.6832), (-3.465427, 1.6832), (-3.457111, 1.6832), (-3.455864, 1.696264), (-3.465427, 1.6832), (-3.455864, 1.696264), (-3.464133, 1.693867), (-3.464133, 1.693867), (-3.455864, 1.696264), (-3.453467, 1.704533), (-3.464133, 1.693867), (-3.453467, 1.704533), (-3.461275, 1.701675), (-3.453467, 1.623467), (-3.4428, 1.622173), (-3.4428, 1.630489), (-3.453467, 1.623467), (-3.4428, 1.630489), (-3.455864, 1.631736), (-3.455864, 1.631736), (-3.4428, 1.630489), (-3.4428, 1.6448), (-3.455864, 1.631736), (-3.4428, 1.6448), (-3.457111, 1.6448), (-3.457111, 1.6448), (-3.4428, 1.6448), (-3.4428, 1.6832), (-3.457111, 1.6448), (-3.4428, 1.6832), (-3.457111, 1.6832), (-3.457111, 1.6832), (-3.4428, 1.6832), (-3.4428, 1.697511), (-3.457111, 1.6832), (-3.4428, 1.697511), (-3.455864, 1.696264), (-3.455864, 1.696264), (-3.4428, 1.697511), (-3.4428, 1.705827), (-3.455864, 1.696264), (-3.4428, 1.705827), (-3.453467, 1.704533), (-3.4428, 1.622173), (3.4428, 1.622173), (3.4428, 1.630489), (-3.4428, 1.622173), (3.4428, 1.630489), (-3.4428, 1.630489), (-3.4428, 1.630489), (3.4428, 1.630489), (3.4428, 1.6448), (-3.4428, 1.630489), (3.4428, 1.6448), (-3.4428, 1.6448), (-3.4428, 1.6448), (3.4428, 1.6448), (3.4428, 1.6832), (-3.4428, 1.6448), (3.4428, 1.6832), (-3.4428, 1.6832), (-3.4428, 1.6832), (3.4428, 1.6832), (3.4428, 1.697511), (-3.4428, 1.6832), (3.4428, 1.697511), (-3.4428, 1.697511), (-3.4428, 1.697511), (3.4428, 1.697511), (3.4428, 1.705827), (-3.4428, 1.697511), (3.4428, 1.705827), (-3.4428, 1.705827), (3.4428, 1.622173), (3.453467, 1.623467), (3.455864, 1.631736), (3.4428, 1.622173), (3.455864, 1.631736), (3.4428, 1.630489), (3.4428, 1.630489), (3.455864, 1.631736), (3.457111, 1.6448), (3.4428, 1.630489), (3.457111, 1.6448), (3.4428, 1.6448), (3.4428, 1.6448), (3.457111, 1.6448), (3.457111, 1.6832), (3.4428, 1.6448), (3.457111, 1.6832), (3.4428, 1.6832), (3.4428, 1.6832), (3.457111, 1.6832), (3.455864, 1.696264), (3.4428, 1.6832), (3.455864, 1.696264), (3.4428, 1.697511), (3.4428, 1.697511), (3.455864, 1.696264), (3.453467, 1.704533), (3.4428, 1.697511), (3.453467, 1.704533), (3.4428, 1.705827), (3.453467, 1.623467), (3.461275, 1.626325), (3.464133, 1.634133), (3.453467, 1.623467), (3.464133, 1.634133), (3.455864, 1.631736), (3.455864, 1.631736), (3.464133, 1.634133), (3.465427, 1.6448), (3.455864, 1.631736), (3.465427, 1.6448), (3.457111, 1.6448), (3.457111, 1.6448), (3.465427, 1.6448), (3.465427, 1.6832), (3.457111, 1.6448), (3.465427, 1.6832), (3.457111, 1.6832), (3.457111, 1.6832), (3.465427, 1.6832), (3.464133, 1.693867), (3.457111, 1.6832), (3.464133, 1.693867), (3.455864, 1.696264), (3.455864, 1.696264), (3.464133, 1.693867), (3.461275, 1.701675), (3.455864, 1.696264), (3.461275, 1.701675), (3.453467, 1.704533)] (interpolation = "faceVarying")
        }
        def Mesh "RetentionStrapSide_01" (prepend apiSchemas = ["MaterialBindingAPI"])
        {
            uniform token subdivisionScheme = "none"
            uniform token orientation = "rightHanded"
            bool doubleSided = false
            point3f[] points = [(-0.00877989, -0.00403689, 0.01084311), (-0.008789, -0.004046, 0.010868), (-0.008793125, -0.004050125, 0.010902), (-0.008793125, -0.004050125, 0.013848), (-0.008789, -0.004046, 0.013882), (-0.00877989, -0.00403689, 0.01390689), (-0.008789, -0.004012, 0.010834), (-0.008804283, -0.004019641, 0.01086036), (-0.008812232, -0.004023616, 0.010902), (-0.008812232, -0.004023616, 0.013848), (-0.008804283, -0.004019641, 0.01388964), (-0.008789, -0.004012, 0.013916), (-0.008793125, -0.003978, 0.01082988), (-0.008812232, -0.003978, 0.01085638), (-0.008823, -0.003978, 0.010902), (-0.008823, -0.003978, 0.013848), (-0.008812232, -0.003978, 0.01389362), (-0.008793125, -0.003978, 0.01392012), (-0.008793125, 0.003978, 0.01082988), (-0.008812232, 0.003978, 0.01085638), (-0.008823, 0.003978, 0.010902), (-0.008823, 0.003978, 0.013848), (-0.008812232, 0.003978, 0.01389362), (-0.008793125, 0.003978, 0.01392012), (-0.008789, 0.004012, 0.010834), (-0.008804283, 0.004019641, 0.01086036), (-0.008812232, 0.004023616, 0.010902), (-0.008812232, 0.004023616, 0.013848), (-0.008804283, 0.004019641, 0.01388964), (-0.008789, 0.004012, 0.013916), (-0.00877989, 0.00403689, 0.01084311), (-0.008789, 0.004046, 0.010868), (-0.008793125, 0.004050125, 0.010902), (-0.008793125, 0.004050125, 0.013848), (-0.008789, 0.004046, 0.013882), (-0.00877989, 0.00403689, 0.01390689), (-0.00849211, -0.00403689, 0.01084311), (-0.008483, -0.004046, 0.010868), (-0.008478875, -0.004050125, 0.010902), (-0.008478875, -0.004050125, 0.013848), (-0.008483, -0.004046, 0.013882), (-0.00849211, -0.00403689, 0.01390689), (-0.008483, -0.004012, 0.010834), (-0.008467717, -0.004019641, 0.01086036), (-0.008459768, -0.004023616, 0.010902), (-0.008459768, -0.004023616, 0.013848), (-0.008467717, -0.004019641, 0.01388964), (-0.008483, -0.004012, 0.013916), (-0.008478875, -0.003978, 0.01082988), (-0.008459768, -0.003978, 0.01085638), (-0.008449, -0.003978, 0.010902), (-0.008449, -0.003978, 0.013848), (-0.008459768, -0.003978, 0.01389362), (-0.008478875, -0.003978, 0.01392012), (-0.008478875, 0.003978, 0.01082988), (-0.008459768, 0.003978, 0.01085638), (-0.008449, 0.003978, 0.010902), (-0.008449, 0.003978, 0.013848), (-0.008459768, 0.003978, 0.01389362), (-0.008478875, 0.003978, 0.01392012), (-0.008483, 0.004012, 0.010834), (-0.008467717, 0.004019641, 0.01086036), (-0.008459768, 0.004023616, 0.010902), (-0.008459768, 0.004023616, 0.013848), (-0.008467717, 0.004019641, 0.01388964), (-0.008483, 0.004012, 0.013916), (-0.00849211, 0.00403689, 0.01084311), (-0.008483, 0.004046, 0.010868), (-0.008478875, 0.004050125, 0.010902), (-0.008478875, 0.004050125, 0.013848), (-0.008483, 0.004046, 0.013882), (-0.00849211, 0.00403689, 0.01390689), (-0.00877989, -0.00403689, 0.01084311), (-0.008755, -0.004046, 0.010834), (-0.008721, -0.004050125, 0.01082988), (-0.008551, -0.004050125, 0.01082988), (-0.008517, -0.004046, 0.010834), (-0.00849211, -0.00403689, 0.01084311), (-0.008789, -0.004046, 0.010868), (-0.008762641, -0.004061283, 0.01086036), (-0.008721, -0.004069232, 0.01085638), (-0.008551, -0.004069232, 0.01085638), (-0.008509359, -0.004061283, 0.01086036), (-0.008483, -0.004046, 0.010868), (-0.008793125, -0.004050125, 0.010902), (-0.008766616, -0.004069232, 0.010902), (-0.008721, -0.00408, 0.010902), (-0.008551, -0.00408, 0.010902), (-0.008505384, -0.004069232, 0.010902), (-0.008478875, -0.004050125, 0.010902), (-0.008793125, -0.004050125, 0.013848), (-0.008766616, -0.004069232, 0.013848), (-0.008721, -0.00408, 0.013848), (-0.008551, -0.00408, 0.013848), (-0.008505384, -0.004069232, 0.013848), (-0.008478875, -0.004050125, 0.013848), (-0.008789, -0.004046, 0.013882), (-0.008762641, -0.004061283, 0.01388964), (-0.008721, -0.004069232, 0.01389362), (-0.008551, -0.004069232, 0.01389362), (-0.008509359, -0.004061283, 0.01388964), (-0.008483, -0.004046, 0.013882), (-0.00877989, -0.00403689, 0.01390689), (-0.008755, -0.004046, 0.013916), (-0.008721, -0.004050125, 0.01392012), (-0.008551, -0.004050125, 0.01392012), (-0.008517, -0.004046, 0.013916), (-0.00849211, -0.00403689, 0.01390689), (-0.00877989, 0.00403689, 0.01084311), (-0.008755, 0.004046, 0.010834), (-0.008721, 0.004050125, 0.01082988), (-0.008551, 0.004050125, 0.01082988), (-0.008517, 0.004046, 0.010834), (-0.00849211, 0.00403689, 0.01084311), (-0.008789, 0.004046, 0.010868), (-0.008762641, 0.004061283, 0.01086036), (-0.008721, 0.004069232, 0.01085638), (-0.008551, 0.004069232, 0.01085638), (-0.008509359, 0.004061283, 0.01086036), (-0.008483, 0.004046, 0.010868), (-0.008793125, 0.004050125, 0.010902), (-0.008766616, 0.004069232, 0.010902), (-0.008721, 0.00408, 0.010902), (-0.008551, 0.00408, 0.010902), (-0.008505384, 0.004069232, 0.010902), (-0.008478875, 0.004050125, 0.010902), (-0.008793125, 0.004050125, 0.013848), (-0.008766616, 0.004069232, 0.013848), (-0.008721, 0.00408, 0.013848), (-0.008551, 0.00408, 0.013848), (-0.008505384, 0.004069232, 0.013848), (-0.008478875, 0.004050125, 0.013848), (-0.008789, 0.004046, 0.013882), (-0.008762641, 0.004061283, 0.01388964), (-0.008721, 0.004069232, 0.01389362), (-0.008551, 0.004069232, 0.01389362), (-0.008509359, 0.004061283, 0.01388964), (-0.008483, 0.004046, 0.013882), (-0.00877989, 0.00403689, 0.01390689), (-0.008755, 0.004046, 0.013916), (-0.008721, 0.004050125, 0.01392012), (-0.008551, 0.004050125, 0.01392012), (-0.008517, 0.004046, 0.013916), (-0.00849211, 0.00403689, 0.01390689), (-0.00877989, -0.00403689, 0.01084311), (-0.008789, -0.004012, 0.010834), (-0.008793125, -0.003978, 0.01082988), (-0.008793125, 0.003978, 0.01082988), (-0.008789, 0.004012, 0.010834), (-0.00877989, 0.00403689, 0.01084311), (-0.008755, -0.004046, 0.010834), (-0.008762641, -0.004019641, 0.01081872), (-0.008766616, -0.003978, 0.01081077), (-0.008766616, 0.003978, 0.01081077), (-0.008762641, 0.004019641, 0.01081872), (-0.008755, 0.004046, 0.010834), (-0.008721, -0.004050125, 0.01082988), (-0.008721, -0.004023616, 0.01081077), (-0.008721, -0.003978, 0.0108), (-0.008721, 0.003978, 0.0108), (-0.008721, 0.004023616, 0.01081077), (-0.008721, 0.004050125, 0.01082988), (-0.008551, -0.004050125, 0.01082988), (-0.008551, -0.004023616, 0.01081077), (-0.008551, -0.003978, 0.0108), (-0.008551, 0.003978, 0.0108), (-0.008551, 0.004023616, 0.01081077), (-0.008551, 0.004050125, 0.01082988), (-0.008517, -0.004046, 0.010834), (-0.008509359, -0.004019641, 0.01081872), (-0.008505384, -0.003978, 0.01081077), (-0.008505384, 0.003978, 0.01081077), (-0.008509359, 0.004019641, 0.01081872), (-0.008517, 0.004046, 0.010834), (-0.00849211, -0.00403689, 0.01084311), (-0.008483, -0.004012, 0.010834), (-0.008478875, -0.003978, 0.01082988), (-0.008478875, 0.003978, 0.01082988), (-0.008483, 0.004012, 0.010834), (-0.00849211, 0.00403689, 0.01084311), (-0.00877989, -0.00403689, 0.01390689), (-0.008789, -0.004012, 0.013916), (-0.008793125, -0.003978, 0.01392012), (-0.008793125, 0.003978, 0.01392012), (-0.008789, 0.004012, 0.013916), (-0.00877989, 0.00403689, 0.01390689), (-0.008755, -0.004046, 0.013916), (-0.008762641, -0.004019641, 0.01393128), (-0.008766616, -0.003978, 0.01393923), (-0.008766616, 0.003978, 0.01393923), (-0.008762641, 0.004019641, 0.01393128), (-0.008755, 0.004046, 0.013916), (-0.008721, -0.004050125, 0.01392012), (-0.008721, -0.004023616, 0.01393923), (-0.008721, -0.003978, 0.01395), (-0.008721, 0.003978, 0.01395), (-0.008721, 0.004023616, 0.01393923), (-0.008721, 0.004050125, 0.01392012), (-0.008551, -0.004050125, 0.01392012), (-0.008551, -0.004023616, 0.01393923), (-0.008551, -0.003978, 0.01395), (-0.008551, 0.003978, 0.01395), (-0.008551, 0.004023616, 0.01393923), (-0.008551, 0.004050125, 0.01392012), (-0.008517, -0.004046, 0.013916), (-0.008509359, -0.004019641, 0.01393128), (-0.008505384, -0.003978, 0.01393923), (-0.008505384, 0.003978, 0.01393923), (-0.008509359, 0.004019641, 0.01393128), (-0.008517, 0.004046, 0.013916), (-0.00849211, -0.00403689, 0.01390689), (-0.008483, -0.004012, 0.013916), (-0.008478875, -0.003978, 0.01392012), (-0.008478875, 0.003978, 0.01392012), (-0.008483, 0.004012, 0.013916), (-0.00849211, 0.00403689, 0.01390689)]
            int[] faceVertexCounts = [3, 3, 3, 3, 3, 3, 3, 3, 3, 3, 3, 3, 3, 3, 3, 3, 3, 3, 3, 3, 3, 3, 3, 3, 3, 3, 3, 3, 3, 3, 3, 3, 3, 3, 3, 3, 3, 3, 3, 3, 3, 3, 3, 3, 3, 3, 3, 3, 3, 3, 3, 3, 3, 3, 3, 3, 3, 3, 3, 3, 3, 3, 3, 3, 3, 3, 3, 3, 3, 3, 3, 3, 3, 3, 3, 3, 3, 3, 3, 3, 3, 3, 3, 3, 3, 3, 3, 3, 3, 3, 3, 3, 3, 3, 3, 3, 3, 3, 3, 3, 3, 3, 3, 3, 3, 3, 3, 3, 3, 3, 3, 3, 3, 3, 3, 3, 3, 3, 3, 3, 3, 3, 3, 3, 3, 3, 3, 3, 3, 3, 3, 3, 3, 3, 3, 3, 3, 3, 3, 3, 3, 3, 3, 3, 3, 3, 3, 3, 3, 3, 3, 3, 3, 3, 3, 3, 3, 3, 3, 3, 3, 3, 3, 3, 3, 3, 3, 3, 3, 3, 3, 3, 3, 3, 3, 3, 3, 3, 3, 3, 3, 3, 3, 3, 3, 3, 3, 3, 3, 3, 3, 3, 3, 3, 3, 3, 3, 3, 3, 3, 3, 3, 3, 3, 3, 3, 3, 3, 3, 3, 3, 3, 3, 3, 3, 3, 3, 3, 3, 3, 3, 3, 3, 3, 3, 3, 3, 3, 3, 3, 3, 3, 3, 3, 3, 3, 3, 3, 3, 3, 3, 3, 3, 3, 3, 3, 3, 3, 3, 3, 3, 3, 3, 3, 3, 3, 3, 3, 3, 3, 3, 3, 3, 3, 3, 3, 3, 3, 3, 3, 3, 3, 3, 3, 3, 3, 3, 3, 3, 3, 3, 3, 3, 3, 3, 3, 3, 3, 3, 3, 3, 3, 3, 3, 3, 3, 3, 3, 3, 3]
            int[] faceVertexIndices = [1, 7, 6, 1, 6, 0, 2, 8, 7, 2, 7, 1, 3, 9, 8, 3, 8, 2, 4, 10, 9, 4, 9, 3, 5, 11, 10, 5, 10, 4, 7, 13, 12, 7, 12, 6, 8, 14, 13, 8, 13, 7, 9, 15, 14, 9, 14, 8, 10, 16, 15, 10, 15, 9, 11, 17, 16, 11, 16, 10, 13, 19, 18, 13, 18, 12, 14, 20, 19, 14, 19, 13, 15, 21, 20, 15, 20, 14, 16, 22, 21, 16, 21, 15, 17, 23, 22, 17, 22, 16, 19, 25, 24, 19, 24, 18, 20, 26, 25, 20, 25, 19, 21, 27, 26, 21, 26, 20, 22, 28, 27, 22, 27, 21, 23, 29, 28, 23, 28, 22, 25, 31, 30, 25, 30, 24, 26, 32, 31, 26, 31, 25, 27, 33, 32, 27, 32, 26, 28, 34, 33, 28, 33, 27, 29, 35, 34, 29, 34, 28, 36, 42, 43, 36, 43, 37, 37, 43, 44, 37, 44, 38, 38, 44, 45, 38, 45, 39, 39, 45, 46, 39, 46, 40, 40, 46, 47, 40, 47, 41, 42, 48, 49, 42, 49, 43, 43, 49, 50, 43, 50, 44, 44, 50, 51, 44, 51, 45, 45, 51, 52, 45, 52, 46, 46, 52, 53, 46, 53, 47, 48, 54, 55, 48, 55, 49, 49, 55, 56, 49, 56, 50, 50, 56, 57, 50, 57, 51, 51, 57, 58, 51, 58, 52, 52, 58, 59, 52, 59, 53, 54, 60, 61, 54, 61, 55, 55, 61, 62, 55, 62, 56, 56, 62, 63, 56, 63, 57, 57, 63, 64, 57, 64, 58, 58, 64, 65, 58, 65, 59, 60, 66, 67, 60, 67, 61, 61, 67, 68, 61, 68, 62, 62, 68, 69, 62, 69, 63, 63, 69, 70, 63, 70, 64, 64, 70, 71, 64, 71, 65, 73, 79, 78, 73, 78, 72, 74, 80, 79, 74, 79, 73, 75, 81, 80, 75, 80, 74, 76, 82, 81, 76, 81, 75, 77, 83, 82, 77, 82, 76, 79, 85, 84, 79, 84, 78, 80, 86, 85, 80, 85, 79, 81, 87, 86, 81, 86, 80, 82, 88, 87, 82, 87, 81, 83, 89, 88, 83, 88, 82, 85, 91, 90, 85, 90, 84, 86, 92, 91, 86, 91, 85, 87, 93, 92, 87, 92, 86, 88, 94, 93, 88, 93, 87, 89, 95, 94, 89, 94, 88, 91, 97, 96, 91, 96, 90, 92, 98, 97, 92, 97, 91, 93, 99, 98, 93, 98, 92, 94, 100, 99, 94, 99, 93, 95, 101, 100, 95, 100, 94, 97, 103, 102, 97, 102, 96, 98, 104, 103, 98, 103, 97, 99, 105, 104, 99, 104, 98, 100, 106, 105, 100, 105, 99, 101, 107, 106, 101, 106, 100, 108, 114, 115, 108, 115, 109, 109, 115, 116, 109, 116, 110, 110, 116, 117, 110, 117, 111, 111, 117, 118, 111, 118, 112, 112, 118, 119, 112, 119, 113, 114, 120, 121, 114, 121, 115, 115, 121, 122, 115, 122, 116, 116, 122, 123, 116, 123, 117, 117, 123, 124, 117, 124, 118, 118, 124, 125, 118, 125, 119, 120, 126, 127, 120, 127, 121, 121, 127, 128, 121, 128, 122, 122, 128, 129, 122, 129, 123, 123, 129, 130, 123, 130, 124, 124, 130, 131, 124, 131, 125, 126, 132, 133, 126, 133, 127, 127, 133, 134, 127, 134, 128, 128, 134, 135, 128, 135, 129, 129, 135, 136, 129, 136, 130, 130, 136, 137, 130, 137, 131, 132, 138, 139, 132, 139, 133, 133, 139, 140, 133, 140, 134, 134, 140, 141, 134, 141, 135, 135, 141, 142, 135, 142, 136, 136, 142, 143, 136, 143, 137, 145, 151, 150, 145, 150, 144, 146, 152, 151, 146, 151, 145, 147, 153, 152, 147, 152, 146, 148, 154, 153, 148, 153, 147, 149, 155, 154, 149, 154, 148, 151, 157, 156, 151, 156, 150, 152, 158, 157, 152, 157, 151, 153, 159, 158, 153, 158, 152, 154, 160, 159, 154, 159, 153, 155, 161, 160, 155, 160, 154, 157, 163, 162, 157, 162, 156, 158, 164, 163, 158, 163, 157, 159, 165, 164, 159, 164, 158, 160, 166, 165, 160, 165, 159, 161, 167, 166, 161, 166, 160, 163, 169, 168, 163, 168, 162, 164, 170, 169, 164, 169, 163, 165, 171, 170, 165, 170, 164, 166, 172, 171, 166, 171, 165, 167, 173, 172, 167, 172, 166, 169, 175, 174, 169, 174, 168, 170, 176, 175, 170, 175, 169, 171, 177, 176, 171, 176, 170, 172, 178, 177, 172, 177, 171, 173, 179, 178, 173, 178, 172, 180, 186, 187, 180, 187, 181, 181, 187, 188, 181, 188, 182, 182, 188, 189, 182, 189, 183, 183, 189, 190, 183, 190, 184, 184, 190, 191, 184, 191, 185, 186, 192, 193, 186, 193, 187, 187, 193, 194, 187, 194, 188, 188, 194, 195, 188, 195, 189, 189, 195, 196, 189, 196, 190, 190, 196, 197, 190, 197, 191, 192, 198, 199, 192, 199, 193, 193, 199, 200, 193, 200, 194, 194, 200, 201, 194, 201, 195, 195, 201, 202, 195, 202, 196, 196, 202, 203, 196, 203, 197, 198, 204, 205, 198, 205, 199, 199, 205, 206, 199, 206, 200, 200, 206, 207, 200, 207, 201, 201, 207, 208, 201, 208, 202, 202, 208, 209, 202, 209, 203, 204, 210, 211, 204, 211, 205, 205, 211, 212, 205, 212, 206, 206, 212, 213, 206, 213, 207, 207, 213, 214, 207, 214, 208, 208, 214, 215, 208, 215, 209]
            normal3f[] normals = [(-0.7745967, -0.4472136, -0.4472136), (-0.7668657, -0.5195657, -0.376787), (-0.8115799, -0.5842229, -0.004646853), (-0.8112418, -0.58471, 0.0009716757), (-0.7900625, -0.5555967, 0.2590629), (-0.7071068, -0.5, 0.5), (-0.7668657, -0.376787, -0.5195657), (-0.8559572, -0.3656073, -0.3656073), (-0.8965833, -0.4428616, -0.003460559), (-0.9448804, -0.3274074, 0.002327147), (-0.8844941, -0.3299016, 0.3299016), (-0.7900625, -0.2590629, 0.5555967), (-0.8113713, -0.001747278, -0.5845285), (-0.8959954, -0.00129408, -0.4440615), (-0.9999718, -0.002616608, -0.007032254), (-0.9999981, -0.0006876109, 0.001826323), (-0.9451228, -0.0008679603, 0.3267141), (-0.8112421, -0.0003611032, 0.5847102), (-0.8112421, 0.0003611032, -0.5847102), (-0.9451228, 0.0008679603, -0.3267141), (-0.9999981, 0.0006876109, -0.001826323), (-0.9999718, 0.002616608, 0.007032254), (-0.8959954, 0.00129408, 0.4440615), (-0.8113713, 0.001747278, 0.5845285), (-0.7900625, 0.2590629, -0.5555967), (-0.8844941, 0.3299016, -0.3299016), (-0.9448804, 0.3274074, -0.002327147), (-0.8965833, 0.4428616, 0.003460559), (-0.8559572, 0.3656073, 0.3656073), (-0.7668657, 0.376787, 0.5195657), (-0.7071068, 0.5, -0.5), (-0.7900625, 0.5555967, -0.2590629), (-0.8112418, 0.58471, -0.0009716757), (-0.8115799, 0.5842229, 0.004646853), (-0.7668657, 0.5195657, 0.376787), (-0.7745967, 0.4472136, 0.4472136), (0.7071068, -0.5, -0.5), (0.7900625, -0.5555967, -0.2590629), (0.8112418, -0.58471, -0.0009716757), (0.8115799, -0.5842229, 0.004646853), (0.7668657, -0.5195657, 0.376787), (0.7745967, -0.4472136, 0.4472136), (0.7900625, -0.2590629, -0.5555967), (0.8844941, -0.3299016, -0.3299016), (0.9448804, -0.3274074, -0.002327147), (0.8965833, -0.4428616, 0.003460559), (0.8559572, -0.3656073, 0.3656073), (0.7668657, -0.376787, 0.5195657), (0.8112421, -0.0003611032, -0.5847102), (0.9451228, -0.0008679603, -0.3267141), (0.9999981, -0.0006876109, -0.001826323), (0.9999718, -0.002616608, 0.007032254), (0.8959954, -0.00129408, 0.4440615), (0.8113713, -0.001747278, 0.5845285), (0.8113713, 0.001747278, -0.5845285), (0.8959954, 0.00129408, -0.4440615), (0.9999718, 0.002616608, -0.007032254), (0.9999981, 0.0006876109, 0.001826323), (0.9451228, 0.0008679603, 0.3267141), (0.8112421, 0.0003611032, 0.5847102), (0.7668657, 0.376787, -0.5195657), (0.8559572, 0.3656073, -0.3656073), (0.8965833, 0.4428616, -0.003460559), (0.9448804, 0.3274074, 0.002327147), (0.8844941, 0.3299016, 0.3299016), (0.7900625, 0.2590629, 0.5555967), (0.7745967, 0.4472136, -0.4472136), (0.7668657, 0.5195657, -0.376787), (0.8115799, 0.5842229, -0.004646853), (0.8112418, 0.58471, 0.0009716757), (0.7900625, 0.5555967, 0.2590629), (0.7071068, 0.5, 0.5), (-0.4472136, -0.7745967, -0.4472136), (-0.376787, -0.7668657, -0.5195657), (-0.05764164, -0.8141712, -0.5777566), (0.01539431, -0.8111461, -0.584641), (0.2590629, -0.7900625, -0.5555967), (0.5, -0.7071068, -0.5), (-0.5195657, -0.7668657, -0.376787), (-0.3656073, -0.8559572, -0.3656073), (-0.04775014, -0.9073295, -0.4176997), (0.03396127, -0.939005, -0.3422226), (0.3299016, -0.8844941, -0.3299016), (0.5555967, -0.7900625, -0.2590629), (-0.5842229, -0.8115799, -0.004646853), (-0.4428616, -0.8965833, -0.003460559), (-0.08095753, -0.9967037, -0.00525775), (0.02837662, -0.9995946, -0.002338273), (0.3274074, -0.9448804, -0.002327147), (0.58471, -0.8112418, -0.0009716757), (-0.58471, -0.8112418, 0.0009716757), (-0.3274074, -0.9448804, 0.002327147), (-0.02837662, -0.9995946, 0.002338273), (0.08095753, -0.9967037, 0.00525775), (0.4428616, -0.8965833, 0.003460559), (0.5842229, -0.8115799, 0.004646853), (-0.5555967, -0.7900625, 0.2590629), (-0.3299016, -0.8844941, 0.3299016), (-0.03396127, -0.939005, 0.3422226), (0.04775014, -0.9073295, 0.4176997), (0.3656073, -0.8559572, 0.3656073), (0.5195657, -0.7668657, 0.376787), (-0.5, -0.7071068, 0.5), (-0.2590629, -0.7900625, 0.5555967), (-0.01539431, -0.8111461, 0.584641), (0.05764164, -0.8141712, 0.5777566), (0.376787, -0.7668657, 0.5195657), (0.4472136, -0.7745967, 0.4472136), (-0.5, 0.7071068, -0.5), (-0.2590629, 0.7900625, -0.5555967), (-0.01539431, 0.8111461, -0.584641), (0.05764164, 0.8141712, -0.5777566), (0.376787, 0.7668657, -0.5195657), (0.4472136, 0.7745967, -0.4472136), (-0.5555967, 0.7900625, -0.2590629), (-0.3299016, 0.8844941, -0.3299016), (-0.03396127, 0.939005, -0.3422226), (0.04775014, 0.9073295, -0.4176997), (0.3656073, 0.8559572, -0.3656073), (0.5195657, 0.7668657, -0.376787), (-0.58471, 0.8112418, -0.0009716757), (-0.3274074, 0.9448804, -0.002327147), (-0.02837662, 0.9995946, -0.002338273), (0.08095753, 0.9967037, -0.00525775), (0.4428616, 0.8965833, -0.003460559), (0.5842229, 0.8115799, -0.004646853), (-0.5842229, 0.8115799, 0.004646853), (-0.4428616, 0.8965833, 0.003460559), (-0.08095753, 0.9967037, 0.00525775), (0.02837662, 0.9995946, 0.002338273), (0.3274074, 0.9448804, 0.002327147), (0.58471, 0.8112418, 0.0009716757), (-0.5195657, 0.7668657, 0.376787), (-0.3656073, 0.8559572, 0.3656073), (-0.04775014, 0.9073295, 0.4176997), (0.03396127, 0.939005, 0.3422226), (0.3299016, 0.8844941, 0.3299016), (0.5555967, 0.7900625, 0.2590629), (-0.4472136, 0.7745967, 0.4472136), (-0.376787, 0.7668657, 0.5195657), (-0.05764164, 0.8141712, 0.5777566), (0.01539431, 0.8111461, 0.584641), (0.2590629, 0.7900625, 0.5555967), (0.5, 0.7071068, 0.5), (-0.4472136, -0.4472136, -0.7745967), (-0.5195657, -0.376787, -0.7668657), (-0.5845285, -0.001747278, -0.8113713), (-0.5847102, 0.0003611032, -0.8112421), (-0.5555967, 0.2590629, -0.7900625), (-0.5, 0.5, -0.7071068), (-0.376787, -0.5195657, -0.7668657), (-0.3656073, -0.3656073, -0.8559572), (-0.4440615, -0.00129408, -0.8959954), (-0.3267141, 0.0008679603, -0.9451228), (-0.3299016, 0.3299016, -0.8844941), (-0.2590629, 0.5555967, -0.7900625), (-0.05764164, -0.5777566, -0.8141712), (-0.04775014, -0.4176997, -0.9073295), (-0.08171167, -0.001974562, -0.9966541), (-0.02808666, 0.0008713648, -0.9996051), (-0.03396127, 0.3422226, -0.939005), (-0.01539431, 0.584641, -0.8111461), (0.01539431, -0.584641, -0.8111461), (0.03396127, -0.3422226, -0.939005), (0.02808666, -0.0008713648, -0.9996051), (0.08171167, 0.001974562, -0.9966541), (0.04775014, 0.4176997, -0.9073295), (0.05764164, 0.5777566, -0.8141712), (0.2590629, -0.5555967, -0.7900625), (0.3299016, -0.3299016, -0.8844941), (0.3267141, -0.0008679603, -0.9451228), (0.4440615, 0.00129408, -0.8959954), (0.3656073, 0.3656073, -0.8559572), (0.376787, 0.5195657, -0.7668657), (0.5, -0.5, -0.7071068), (0.5555967, -0.2590629, -0.7900625), (0.5847102, -0.0003611032, -0.8112421), (0.5845285, 0.001747278, -0.8113713), (0.5195657, 0.376787, -0.7668657), (0.4472136, 0.4472136, -0.7745967), (-0.5, -0.5, 0.7071068), (-0.5555967, -0.2590629, 0.7900625), (-0.5847102, -0.0003611032, 0.8112421), (-0.5845285, 0.001747278, 0.8113713), (-0.5195657, 0.376787, 0.7668657), (-0.4472136, 0.4472136, 0.7745967), (-0.2590629, -0.5555967, 0.7900625), (-0.3299016, -0.3299016, 0.8844941), (-0.3267141, -0.0008679603, 0.9451228), (-0.4440615, 0.00129408, 0.8959954), (-0.3656073, 0.3656073, 0.8559572), (-0.376787, 0.5195657, 0.7668657), (-0.01539431, -0.584641, 0.8111461), (-0.03396127, -0.3422226, 0.939005), (-0.02808666, -0.0008713648, 0.9996051), (-0.08171167, 0.001974562, 0.9966541), (-0.04775014, 0.4176997, 0.9073295), (-0.05764164, 0.5777566, 0.8141712), (0.05764164, -0.5777566, 0.8141712), (0.04775014, -0.4176997, 0.9073295), (0.08171167, -0.001974562, 0.9966541), (0.02808666, 0.0008713648, 0.9996051), (0.03396127, 0.3422226, 0.939005), (0.01539431, 0.584641, 0.8111461), (0.376787, -0.5195657, 0.7668657), (0.3656073, -0.3656073, 0.8559572), (0.4440615, -0.00129408, 0.8959954), (0.3267141, 0.0008679603, 0.9451228), (0.3299016, 0.3299016, 0.8844941), (0.2590629, 0.5555967, 0.7900625), (0.4472136, -0.4472136, 0.7745967), (0.5195657, -0.376787, 0.7668657), (0.5845285, -0.001747278, 0.8113713), (0.5847102, 0.0003611032, 0.8112421), (0.5555967, 0.2590629, 0.7900625), (0.5, 0.5, 0.7071068)] (interpolation = "vertex")
            float3[] extent = [(-0.008823, -0.00408, 0.0108), (-0.008449, 0.00408, 0.01395)]
            rel material:binding = </WorkbenchPart/Materials/strap>
            texCoord2f[] primvars:st = [(-1.6184, 4.3472), (-1.607857, 4.344143), (-1.6048, 4.3336), (-1.6184, 4.3472), (-1.6048, 4.3336), (-1.614756, 4.337244), (-1.62005, 4.3608), (-1.609446, 4.3608), (-1.607857, 4.344143), (-1.62005, 4.3608), (-1.607857, 4.344143), (-1.6184, 4.3472), (-1.62005, 5.5392), (-1.609446, 5.5392), (-1.609446, 4.3608), (-1.62005, 5.5392), (-1.609446, 4.3608), (-1.62005, 4.3608), (-1.6184, 5.5528), (-1.607857, 5.555857), (-1.609446, 5.5392), (-1.6184, 5.5528), (-1.609446, 5.5392), (-1.62005, 5.5392), (-1.614756, 5.562756), (-1.6048, 5.5664), (-1.607857, 5.555857), (-1.614756, 5.562756), (-1.607857, 5.555857), (-1.6184, 5.5528), (-1.607857, 4.344143), (-1.5912, 4.342554), (-1.5912, 4.33195), (-1.607857, 4.344143), (-1.5912, 4.33195), (-1.6048, 4.3336), (-1.609446, 4.3608), (-1.5912, 4.3608), (-1.5912, 4.342554), (-1.609446, 4.3608), (-1.5912, 4.342554), (-1.607857, 4.344143), (-1.609446, 5.5392), (-1.5912, 5.5392), (-1.5912, 4.3608), (-1.609446, 5.5392), (-1.5912, 4.3608), (-1.609446, 4.3608), (-1.607857, 5.555857), (-1.5912, 5.557446), (-1.5912, 5.5392), (-1.607857, 5.555857), (-1.5912, 5.5392), (-1.609446, 5.5392), (-1.6048, 5.5664), (-1.5912, 5.56805), (-1.5912, 5.557446), (-1.6048, 5.5664), (-1.5912, 5.557446), (-1.607857, 5.555857), (-1.5912, 4.342554), (1.5912, 4.342554), (1.5912, 4.33195), (-1.5912, 4.342554), (1.5912, 4.33195), (-1.5912, 4.33195), (-1.5912, 4.3608), (1.5912, 4.3608), (1.5912, 4.342554), (-1.5912, 4.3608), (1.5912, 4.342554), (-1.5912, 4.342554), (-1.5912, 5.5392), (1.5912, 5.5392), (1.5912, 4.3608), (-1.5912, 5.5392), (1.5912, 4.3608), (-1.5912, 4.3608), (-1.5912, 5.557446), (1.5912, 5.557446), (1.5912, 5.5392), (-1.5912, 5.557446), (1.5912, 5.5392), (-1.5912, 5.5392), (-1.5912, 5.56805), (1.5912, 5.56805), (1.5912, 5.557446), (-1.5912, 5.56805), (1.5912, 5.557446), (-1.5912, 5.557446), (1.5912, 4.342554), (1.607857, 4.344143), (1.6048, 4.3336), (1.5912, 4.342554), (1.6048, 4.3336), (1.5912, 4.33195), (1.5912, 4.3608), (1.609446, 4.3608), (1.607857, 4.344143), (1.5912, 4.3608), (1.607857, 4.344143), (1.5912, 4.342554), (1.5912, 5.5392), (1.609446, 5.5392), (1.609446, 4.3608), (1.5912, 5.5392), (1.609446, 4.3608), (1.5912, 4.3608), (1.5912, 5.557446), (1.607857, 5.555857), (1.609446, 5.5392), (1.5912, 5.557446), (1.609446, 5.5392), (1.5912, 5.5392), (1.5912, 5.56805), (1.6048, 5.5664), (1.607857, 5.555857), (1.5912, 5.56805), (1.607857, 5.555857), (1.5912, 5.557446), (1.607857, 4.344143), (1.6184, 4.3472), (1.614756, 4.337244), (1.607857, 4.344143), (1.614756, 4.337244), (1.6048, 4.3336), (1.609446, 4.3608), (1.62005, 4.3608), (1.6184, 4.3472), (1.609446, 4.3608), (1.6184, 4.3472), (1.607857, 4.344143), (1.609446, 5.5392), (1.62005, 5.5392), (1.62005, 4.3608), (1.609446, 5.5392), (1.62005, 4.3608), (1.609446, 4.3608), (1.607857, 5.555857), (1.6184, 5.5528), (1.62005, 5.5392), (1.607857, 5.555857), (1.62005, 5.5392), (1.609446, 5.5392), (1.6048, 5.5664), (1.614756, 5.562756), (1.6184, 5.5528), (1.6048, 5.5664), (1.6184, 5.5528), (1.607857, 5.555857), (-1.614756, 4.337244), (-1.6048, 4.3336), (-1.607857, 4.344143), (-1.614756, 4.337244), (-1.607857, 4.344143), (-1.6184, 4.3472), (-1.6184, 4.3472), (-1.607857, 4.344143), (-1.609446, 4.3608), (-1.6184, 4.3472), (-1.609446, 4.3608), (-1.62005, 4.3608), (-1.62005, 4.3608), (-1.609446, 4.3608), (-1.609446, 5.5392), (-1.62005, 4.3608), (-1.609446, 5.5392), (-1.62005, 5.5392), (-1.62005, 5.5392), (-1.609446, 5.5392), (-1.607857, 5.555857), (-1.62005, 5.5392), (-1.607857, 5.555857), (-1.6184, 5.5528), (-1.6184, 5.5528), (-1.607857, 5.555857), (-1.6048, 5.5664), (-1.6184, 5.5528), (-1.6048, 5.5664), (-1.614756, 5.562756), (-1.6048, 4.3336), (-1.5912, 4.33195), (-1.5912, 4.342554), (-1.6048, 4.3336), (-1.5912, 4.342554), (-1.607857, 4.344143), (-1.607857, 4.344143), (-1.5912, 4.342554), (-1.5912, 4.3608), (-1.607857, 4.344143), (-1.5912, 4.3608), (-1.609446, 4.3608), (-1.609446, 4.3608), (-1.5912, 4.3608), (-1.5912, 5.5392), (-1.609446, 4.3608), (-1.5912, 5.5392), (-1.609446, 5.5392), (-1.609446, 5.5392), (-1.5912, 5.5392), (-1.5912, 5.557446), (-1.609446, 5.5392), (-1.5912, 5.557446), (-1.607857, 5.555857), (-1.607857, 5.555857), (-1.5912, 5.557446), (-1.5912, 5.56805), (-1.607857, 5.555857), (-1.5912, 5.56805), (-1.6048, 5.5664), (-1.5912, 4.33195), (1.5912, 4.33195), (1.5912, 4.342554), (-1.5912, 4.33195), (1.5912, 4.342554), (-1.5912, 4.342554), (-1.5912, 4.342554), (1.5912, 4.342554), (1.5912, 4.3608), (-1.5912, 4.342554), (1.5912, 4.3608), (-1.5912, 4.3608), (-1.5912, 4.3608), (1.5912, 4.3608), (1.5912, 5.5392), (-1.5912, 4.3608), (1.5912, 5.5392), (-1.5912, 5.5392), (-1.5912, 5.5392), (1.5912, 5.5392), (1.5912, 5.557446), (-1.5912, 5.5392), (1.5912, 5.557446), (-1.5912, 5.557446), (-1.5912, 5.557446), (1.5912, 5.557446), (1.5912, 5.56805), (-1.5912, 5.557446), (1.5912, 5.56805), (-1.5912, 5.56805), (1.5912, 4.33195), (1.6048, 4.3336), (1.607857, 4.344143), (1.5912, 4.33195), (1.607857, 4.344143), (1.5912, 4.342554), (1.5912, 4.342554), (1.607857, 4.344143), (1.609446, 4.3608), (1.5912, 4.342554), (1.609446, 4.3608), (1.5912, 4.3608), (1.5912, 4.3608), (1.609446, 4.3608), (1.609446, 5.5392), (1.5912, 4.3608), (1.609446, 5.5392), (1.5912, 5.5392), (1.5912, 5.5392), (1.609446, 5.5392), (1.607857, 5.555857), (1.5912, 5.5392), (1.607857, 5.555857), (1.5912, 5.557446), (1.5912, 5.557446), (1.607857, 5.555857), (1.6048, 5.5664), (1.5912, 5.557446), (1.6048, 5.5664), (1.5912, 5.56805), (1.6048, 4.3336), (1.614756, 4.337244), (1.6184, 4.3472), (1.6048, 4.3336), (1.6184, 4.3472), (1.607857, 4.344143), (1.607857, 4.344143), (1.6184, 4.3472), (1.62005, 4.3608), (1.607857, 4.344143), (1.62005, 4.3608), (1.609446, 4.3608), (1.609446, 4.3608), (1.62005, 4.3608), (1.62005, 5.5392), (1.609446, 4.3608), (1.62005, 5.5392), (1.609446, 5.5392), (1.609446, 5.5392), (1.62005, 5.5392), (1.6184, 5.5528), (1.609446, 5.5392), (1.6184, 5.5528), (1.607857, 5.555857), (1.607857, 5.555857), (1.6184, 5.5528), (1.614756, 5.562756), (1.607857, 5.555857), (1.614756, 5.562756), (1.6048, 5.5664), (-3.502, 4.3336), (-3.505057, 4.344143), (-3.5156, 4.3472), (-3.502, 4.3336), (-3.5156, 4.3472), (-3.511956, 4.337244), (-3.4884, 4.33195), (-3.4884, 4.342554), (-3.505057, 4.344143), (-3.4884, 4.33195), (-3.505057, 4.344143), (-3.502, 4.3336), (-3.4204, 4.33195), (-3.4204, 4.342554), (-3.4884, 4.342554), (-3.4204, 4.33195), (-3.4884, 4.342554), (-3.4884, 4.33195), (-3.4068, 4.3336), (-3.403743, 4.344143), (-3.4204, 4.342554), (-3.4068, 4.3336), (-3.4204, 4.342554), (-3.4204, 4.33195), (-3.396844, 4.337244), (-3.3932, 4.3472), (-3.403743, 4.344143), (-3.396844, 4.337244), (-3.403743, 4.344143), (-3.4068, 4.3336), (-3.505057, 4.344143), (-3.506646, 4.3608), (-3.51725, 4.3608), (-3.505057, 4.344143), (-3.51725, 4.3608), (-3.5156, 4.3472), (-3.4884, 4.342554), (-3.4884, 4.3608), (-3.506646, 4.3608), (-3.4884, 4.342554), (-3.506646, 4.3608), (-3.505057, 4.344143), (-3.4204, 4.342554), (-3.4204, 4.3608), (-3.4884, 4.3608), (-3.4204, 4.342554), (-3.4884, 4.3608), (-3.4884, 4.342554), (-3.403743, 4.344143), (-3.402154, 4.3608), (-3.4204, 4.3608), (-3.403743, 4.344143), (-3.4204, 4.3608), (-3.4204, 4.342554), (-3.3932, 4.3472), (-3.39155, 4.3608), (-3.402154, 4.3608), (-3.3932, 4.3472), (-3.402154, 4.3608), (-3.403743, 4.344143), (-3.506646, 4.3608), (-3.506646, 5.5392), (-3.51725, 5.5392), (-3.506646, 4.3608), (-3.51725, 5.5392), (-3.51725, 4.3608), (-3.4884, 4.3608), (-3.4884, 5.5392), (-3.506646, 5.5392), (-3.4884, 4.3608), (-3.506646, 5.5392), (-3.506646, 4.3608), (-3.4204, 4.3608), (-3.4204, 5.5392), (-3.4884, 5.5392), (-3.4204, 4.3608), (-3.4884, 5.5392), (-3.4884, 4.3608), (-3.402154, 4.3608), (-3.402154, 5.5392), (-3.4204, 5.5392), (-3.402154, 4.3608), (-3.4204, 5.5392), (-3.4204, 4.3608), (-3.39155, 4.3608), (-3.39155, 5.5392), (-3.402154, 5.5392), (-3.39155, 4.3608), (-3.402154, 5.5392), (-3.402154, 4.3608), (-3.506646, 5.5392), (-3.505057, 5.555857), (-3.5156, 5.5528), (-3.506646, 5.5392), (-3.5156, 5.5528), (-3.51725, 5.5392), (-3.4884, 5.5392), (-3.4884, 5.557446), (-3.505057, 5.555857), (-3.4884, 5.5392), (-3.505057, 5.555857), (-3.506646, 5.5392), (-3.4204, 5.5392), (-3.4204, 5.557446), (-3.4884, 5.557446), (-3.4204, 5.5392), (-3.4884, 5.557446), (-3.4884, 5.5392), (-3.402154, 5.5392), (-3.403743, 5.555857), (-3.4204, 5.557446), (-3.402154, 5.5392), (-3.4204, 5.557446), (-3.4204, 5.5392), (-3.39155, 5.5392), (-3.3932, 5.5528), (-3.403743, 5.555857), (-3.39155, 5.5392), (-3.403743, 5.555857), (-3.402154, 5.5392), (-3.505057, 5.555857), (-3.502, 5.5664), (-3.511956, 5.562756), (-3.505057, 5.555857), (-3.511956, 5.562756), (-3.5156, 5.5528), (-3.4884, 5.557446), (-3.4884, 5.56805), (-3.502, 5.5664), (-3.4884, 5.557446), (-3.502, 5.5664), (-3.505057, 5.555857), (-3.4204, 5.557446), (-3.4204, 5.56805), (-3.4884, 5.56805), (-3.4204, 5.557446), (-3.4884, 5.56805), (-3.4884, 5.557446), (-3.403743, 5.555857), (-3.4068, 5.5664), (-3.4204, 5.56805), (-3.403743, 5.555857), (-3.4204, 5.56805), (-3.4204, 5.557446), (-3.3932, 5.5528), (-3.396844, 5.562756), (-3.4068, 5.5664), (-3.3932, 5.5528), (-3.4068, 5.5664), (-3.403743, 5.555857), (-3.511956, 4.337244), (-3.5156, 4.3472), (-3.505057, 4.344143), (-3.511956, 4.337244), (-3.505057, 4.344143), (-3.502, 4.3336), (-3.502, 4.3336), (-3.505057, 4.344143), (-3.4884, 4.342554), (-3.502, 4.3336), (-3.4884, 4.342554), (-3.4884, 4.33195), (-3.4884, 4.33195), (-3.4884, 4.342554), (-3.4204, 4.342554), (-3.4884, 4.33195), (-3.4204, 4.342554), (-3.4204, 4.33195), (-3.4204, 4.33195), (-3.4204, 4.342554), (-3.403743, 4.344143), (-3.4204, 4.33195), (-3.403743, 4.344143), (-3.4068, 4.3336), (-3.4068, 4.3336), (-3.403743, 4.344143), (-3.3932, 4.3472), (-3.4068, 4.3336), (-3.3932, 4.3472), (-3.396844, 4.337244), (-3.5156, 4.3472), (-3.51725, 4.3608), (-3.506646, 4.3608), (-3.5156, 4.3472), (-3.506646, 4.3608), (-3.505057, 4.344143), (-3.505057, 4.344143), (-3.506646, 4.3608), (-3.4884, 4.3608), (-3.505057, 4.344143), (-3.4884, 4.3608), (-3.4884, 4.342554), (-3.4884, 4.342554), (-3.4884, 4.3608), (-3.4204, 4.3608), (-3.4884, 4.342554), (-3.4204, 4.3608), (-3.4204, 4.342554), (-3.4204, 4.342554), (-3.4204, 4.3608), (-3.402154, 4.3608), (-3.4204, 4.342554), (-3.402154, 4.3608), (-3.403743, 4.344143), (-3.403743, 4.344143), (-3.402154, 4.3608), (-3.39155, 4.3608), (-3.403743, 4.344143), (-3.39155, 4.3608), (-3.3932, 4.3472), (-3.51725, 4.3608), (-3.51725, 5.5392), (-3.506646, 5.5392), (-3.51725, 4.3608), (-3.506646, 5.5392), (-3.506646, 4.3608), (-3.506646, 4.3608), (-3.506646, 5.5392), (-3.4884, 5.5392), (-3.506646, 4.3608), (-3.4884, 5.5392), (-3.4884, 4.3608), (-3.4884, 4.3608), (-3.4884, 5.5392), (-3.4204, 5.5392), (-3.4884, 4.3608), (-3.4204, 5.5392), (-3.4204, 4.3608), (-3.4204, 4.3608), (-3.4204, 5.5392), (-3.402154, 5.5392), (-3.4204, 4.3608), (-3.402154, 5.5392), (-3.402154, 4.3608), (-3.402154, 4.3608), (-3.402154, 5.5392), (-3.39155, 5.5392), (-3.402154, 4.3608), (-3.39155, 5.5392), (-3.39155, 4.3608), (-3.51725, 5.5392), (-3.5156, 5.5528), (-3.505057, 5.555857), (-3.51725, 5.5392), (-3.505057, 5.555857), (-3.506646, 5.5392), (-3.506646, 5.5392), (-3.505057, 5.555857), (-3.4884, 5.557446), (-3.506646, 5.5392), (-3.4884, 5.557446), (-3.4884, 5.5392), (-3.4884, 5.5392), (-3.4884, 5.557446), (-3.4204, 5.557446), (-3.4884, 5.5392), (-3.4204, 5.557446), (-3.4204, 5.5392), (-3.4204, 5.5392), (-3.4204, 5.557446), (-3.403743, 5.555857), (-3.4204, 5.5392), (-3.403743, 5.555857), (-3.402154, 5.5392), (-3.402154, 5.5392), (-3.403743, 5.555857), (-3.3932, 5.5528), (-3.402154, 5.5392), (-3.3932, 5.5528), (-3.39155, 5.5392), (-3.5156, 5.5528), (-3.511956, 5.562756), (-3.502, 5.5664), (-3.5156, 5.5528), (-3.502, 5.5664), (-3.505057, 5.555857), (-3.505057, 5.555857), (-3.502, 5.5664), (-3.4884, 5.56805), (-3.505057, 5.555857), (-3.4884, 5.56805), (-3.4884, 5.557446), (-3.4884, 5.557446), (-3.4884, 5.56805), (-3.4204, 5.56805), (-3.4884, 5.557446), (-3.4204, 5.56805), (-3.4204, 5.557446), (-3.4204, 5.557446), (-3.4204, 5.56805), (-3.4068, 5.5664), (-3.4204, 5.557446), (-3.4068, 5.5664), (-3.403743, 5.555857), (-3.403743, 5.555857), (-3.4068, 5.5664), (-3.396844, 5.562756), (-3.403743, 5.555857), (-3.396844, 5.562756), (-3.3932, 5.5528), (-3.5156, -1.6048), (-3.505057, -1.607857), (-3.502, -1.6184), (-3.5156, -1.6048), (-3.502, -1.6184), (-3.511956, -1.614756), (-3.51725, -1.5912), (-3.506646, -1.5912), (-3.505057, -1.607857), (-3.51725, -1.5912), (-3.505057, -1.607857), (-3.5156, -1.6048), (-3.51725, 1.5912), (-3.506646, 1.5912), (-3.506646, -1.5912), (-3.51725, 1.5912), (-3.506646, -1.5912), (-3.51725, -1.5912), (-3.5156, 1.6048), (-3.505057, 1.607857), (-3.506646, 1.5912), (-3.5156, 1.6048), (-3.506646, 1.5912), (-3.51725, 1.5912), (-3.511956, 1.614756), (-3.502, 1.6184), (-3.505057, 1.607857), (-3.511956, 1.614756), (-3.505057, 1.607857), (-3.5156, 1.6048), (-3.505057, -1.607857), (-3.4884, -1.609446), (-3.4884, -1.62005), (-3.505057, -1.607857), (-3.4884, -1.62005), (-3.502, -1.6184), (-3.506646, -1.5912), (-3.4884, -1.5912), (-3.4884, -1.609446), (-3.506646, -1.5912), (-3.4884, -1.609446), (-3.505057, -1.607857), (-3.506646, 1.5912), (-3.4884, 1.5912), (-3.4884, -1.5912), (-3.506646, 1.5912), (-3.4884, -1.5912), (-3.506646, -1.5912), (-3.505057, 1.607857), (-3.4884, 1.609446), (-3.4884, 1.5912), (-3.505057, 1.607857), (-3.4884, 1.5912), (-3.506646, 1.5912), (-3.502, 1.6184), (-3.4884, 1.62005), (-3.4884, 1.609446), (-3.502, 1.6184), (-3.4884, 1.609446), (-3.505057, 1.607857), (-3.4884, -1.609446), (-3.4204, -1.609446), (-3.4204, -1.62005), (-3.4884, -1.609446), (-3.4204, -1.62005), (-3.4884, -1.62005), (-3.4884, -1.5912), (-3.4204, -1.5912), (-3.4204, -1.609446), (-3.4884, -1.5912), (-3.4204, -1.609446), (-3.4884, -1.609446), (-3.4884, 1.5912), (-3.4204, 1.5912), (-3.4204, -1.5912), (-3.4884, 1.5912), (-3.4204, -1.5912), (-3.4884, -1.5912), (-3.4884, 1.609446), (-3.4204, 1.609446), (-3.4204, 1.5912), (-3.4884, 1.609446), (-3.4204, 1.5912), (-3.4884, 1.5912), (-3.4884, 1.62005), (-3.4204, 1.62005), (-3.4204, 1.609446), (-3.4884, 1.62005), (-3.4204, 1.609446), (-3.4884, 1.609446), (-3.4204, -1.609446), (-3.403743, -1.607857), (-3.4068, -1.6184), (-3.4204, -1.609446), (-3.4068, -1.6184), (-3.4204, -1.62005), (-3.4204, -1.5912), (-3.402154, -1.5912), (-3.403743, -1.607857), (-3.4204, -1.5912), (-3.403743, -1.607857), (-3.4204, -1.609446), (-3.4204, 1.5912), (-3.402154, 1.5912), (-3.402154, -1.5912), (-3.4204, 1.5912), (-3.402154, -1.5912), (-3.4204, -1.5912), (-3.4204, 1.609446), (-3.403743, 1.607857), (-3.402154, 1.5912), (-3.4204, 1.609446), (-3.402154, 1.5912), (-3.4204, 1.5912), (-3.4204, 1.62005), (-3.4068, 1.6184), (-3.403743, 1.607857), (-3.4204, 1.62005), (-3.403743, 1.607857), (-3.4204, 1.609446), (-3.403743, -1.607857), (-3.3932, -1.6048), (-3.396844, -1.614756), (-3.403743, -1.607857), (-3.396844, -1.614756), (-3.4068, -1.6184), (-3.402154, -1.5912), (-3.39155, -1.5912), (-3.3932, -1.6048), (-3.402154, -1.5912), (-3.3932, -1.6048), (-3.403743, -1.607857), (-3.402154, 1.5912), (-3.39155, 1.5912), (-3.39155, -1.5912), (-3.402154, 1.5912), (-3.39155, -1.5912), (-3.402154, -1.5912), (-3.403743, 1.607857), (-3.3932, 1.6048), (-3.39155, 1.5912), (-3.403743, 1.607857), (-3.39155, 1.5912), (-3.402154, 1.5912), (-3.4068, 1.6184), (-3.396844, 1.614756), (-3.3932, 1.6048), (-3.4068, 1.6184), (-3.3932, 1.6048), (-3.403743, 1.607857), (-3.511956, -1.614756), (-3.502, -1.6184), (-3.505057, -1.607857), (-3.511956, -1.614756), (-3.505057, -1.607857), (-3.5156, -1.6048), (-3.5156, -1.6048), (-3.505057, -1.607857), (-3.506646, -1.5912), (-3.5156, -1.6048), (-3.506646, -1.5912), (-3.51725, -1.5912), (-3.51725, -1.5912), (-3.506646, -1.5912), (-3.506646, 1.5912), (-3.51725, -1.5912), (-3.506646, 1.5912), (-3.51725, 1.5912), (-3.51725, 1.5912), (-3.506646, 1.5912), (-3.505057, 1.607857), (-3.51725, 1.5912), (-3.505057, 1.607857), (-3.5156, 1.6048), (-3.5156, 1.6048), (-3.505057, 1.607857), (-3.502, 1.6184), (-3.5156, 1.6048), (-3.502, 1.6184), (-3.511956, 1.614756), (-3.502, -1.6184), (-3.4884, -1.62005), (-3.4884, -1.609446), (-3.502, -1.6184), (-3.4884, -1.609446), (-3.505057, -1.607857), (-3.505057, -1.607857), (-3.4884, -1.609446), (-3.4884, -1.5912), (-3.505057, -1.607857), (-3.4884, -1.5912), (-3.506646, -1.5912), (-3.506646, -1.5912), (-3.4884, -1.5912), (-3.4884, 1.5912), (-3.506646, -1.5912), (-3.4884, 1.5912), (-3.506646, 1.5912), (-3.506646, 1.5912), (-3.4884, 1.5912), (-3.4884, 1.609446), (-3.506646, 1.5912), (-3.4884, 1.609446), (-3.505057, 1.607857), (-3.505057, 1.607857), (-3.4884, 1.609446), (-3.4884, 1.62005), (-3.505057, 1.607857), (-3.4884, 1.62005), (-3.502, 1.6184), (-3.4884, -1.62005), (-3.4204, -1.62005), (-3.4204, -1.609446), (-3.4884, -1.62005), (-3.4204, -1.609446), (-3.4884, -1.609446), (-3.4884, -1.609446), (-3.4204, -1.609446), (-3.4204, -1.5912), (-3.4884, -1.609446), (-3.4204, -1.5912), (-3.4884, -1.5912), (-3.4884, -1.5912), (-3.4204, -1.5912), (-3.4204, 1.5912), (-3.4884, -1.5912), (-3.4204, 1.5912), (-3.4884, 1.5912), (-3.4884, 1.5912), (-3.4204, 1.5912), (-3.4204, 1.609446), (-3.4884, 1.5912), (-3.4204, 1.609446), (-3.4884, 1.609446), (-3.4884, 1.609446), (-3.4204, 1.609446), (-3.4204, 1.62005), (-3.4884, 1.609446), (-3.4204, 1.62005), (-3.4884, 1.62005), (-3.4204, -1.62005), (-3.4068, -1.6184), (-3.403743, -1.607857), (-3.4204, -1.62005), (-3.403743, -1.607857), (-3.4204, -1.609446), (-3.4204, -1.609446), (-3.403743, -1.607857), (-3.402154, -1.5912), (-3.4204, -1.609446), (-3.402154, -1.5912), (-3.4204, -1.5912), (-3.4204, -1.5912), (-3.402154, -1.5912), (-3.402154, 1.5912), (-3.4204, -1.5912), (-3.402154, 1.5912), (-3.4204, 1.5912), (-3.4204, 1.5912), (-3.402154, 1.5912), (-3.403743, 1.607857), (-3.4204, 1.5912), (-3.403743, 1.607857), (-3.4204, 1.609446), (-3.4204, 1.609446), (-3.403743, 1.607857), (-3.4068, 1.6184), (-3.4204, 1.609446), (-3.4068, 1.6184), (-3.4204, 1.62005), (-3.4068, -1.6184), (-3.396844, -1.614756), (-3.3932, -1.6048), (-3.4068, -1.6184), (-3.3932, -1.6048), (-3.403743, -1.607857), (-3.403743, -1.607857), (-3.3932, -1.6048), (-3.39155, -1.5912), (-3.403743, -1.607857), (-3.39155, -1.5912), (-3.402154, -1.5912), (-3.402154, -1.5912), (-3.39155, -1.5912), (-3.39155, 1.5912), (-3.402154, -1.5912), (-3.39155, 1.5912), (-3.402154, 1.5912), (-3.402154, 1.5912), (-3.39155, 1.5912), (-3.3932, 1.6048), (-3.402154, 1.5912), (-3.3932, 1.6048), (-3.403743, 1.607857), (-3.403743, 1.607857), (-3.3932, 1.6048), (-3.396844, 1.614756), (-3.403743, 1.607857), (-3.396844, 1.614756), (-3.4068, 1.6184)] (interpolation = "faceVarying")
        }
        def Mesh "RetentionStrapSide_02" (prepend apiSchemas = ["MaterialBindingAPI"])
        {
            uniform token subdivisionScheme = "none"
            uniform token orientation = "rightHanded"
            bool doubleSided = false
            point3f[] points = [(0.00849211, -0.00403689, 0.01084311), (0.008483, -0.004046, 0.010868), (0.008478875, -0.004050125, 0.010902), (0.008478875, -0.004050125, 0.013848), (0.008483, -0.004046, 0.013882), (0.00849211, -0.00403689, 0.01390689), (0.008483, -0.004012, 0.010834), (0.008467717, -0.004019641, 0.01086036), (0.008459768, -0.004023616, 0.010902), (0.008459768, -0.004023616, 0.013848), (0.008467717, -0.004019641, 0.01388964), (0.008483, -0.004012, 0.013916), (0.008478875, -0.003978, 0.01082988), (0.008459768, -0.003978, 0.01085638), (0.008449, -0.003978, 0.010902), (0.008449, -0.003978, 0.013848), (0.008459768, -0.003978, 0.01389362), (0.008478875, -0.003978, 0.01392012), (0.008478875, 0.003978, 0.01082988), (0.008459768, 0.003978, 0.01085638), (0.008449, 0.003978, 0.010902), (0.008449, 0.003978, 0.013848), (0.008459768, 0.003978, 0.01389362), (0.008478875, 0.003978, 0.01392012), (0.008483, 0.004012, 0.010834), (0.008467717, 0.004019641, 0.01086036), (0.008459768, 0.004023616, 0.010902), (0.008459768, 0.004023616, 0.013848), (0.008467717, 0.004019641, 0.01388964), (0.008483, 0.004012, 0.013916), (0.00849211, 0.00403689, 0.01084311), (0.008483, 0.004046, 0.010868), (0.008478875, 0.004050125, 0.010902), (0.008478875, 0.004050125, 0.013848), (0.008483, 0.004046, 0.013882), (0.00849211, 0.00403689, 0.01390689), (0.00877989, -0.00403689, 0.01084311), (0.008789, -0.004046, 0.010868), (0.008793125, -0.004050125, 0.010902), (0.008793125, -0.004050125, 0.013848), (0.008789, -0.004046, 0.013882), (0.00877989, -0.00403689, 0.01390689), (0.008789, -0.004012, 0.010834), (0.008804283, -0.004019641, 0.01086036), (0.008812232, -0.004023616, 0.010902), (0.008812232, -0.004023616, 0.013848), (0.008804283, -0.004019641, 0.01388964), (0.008789, -0.004012, 0.013916), (0.008793125, -0.003978, 0.01082988), (0.008812232, -0.003978, 0.01085638), (0.008823, -0.003978, 0.010902), (0.008823, -0.003978, 0.013848), (0.008812232, -0.003978, 0.01389362), (0.008793125, -0.003978, 0.01392012), (0.008793125, 0.003978, 0.01082988), (0.008812232, 0.003978, 0.01085638), (0.008823, 0.003978, 0.010902), (0.008823, 0.003978, 0.013848), (0.008812232, 0.003978, 0.01389362), (0.008793125, 0.003978, 0.01392012), (0.008789, 0.004012, 0.010834), (0.008804283, 0.004019641, 0.01086036), (0.008812232, 0.004023616, 0.010902), (0.008812232, 0.004023616, 0.013848), (0.008804283, 0.004019641, 0.01388964), (0.008789, 0.004012, 0.013916), (0.00877989, 0.00403689, 0.01084311), (0.008789, 0.004046, 0.010868), (0.008793125, 0.004050125, 0.010902), (0.008793125, 0.004050125, 0.013848), (0.008789, 0.004046, 0.013882), (0.00877989, 0.00403689, 0.01390689), (0.00849211, -0.00403689, 0.01084311), (0.008517, -0.004046, 0.010834), (0.008551, -0.004050125, 0.01082988), (0.008721, -0.004050125, 0.01082988), (0.008755, -0.004046, 0.010834), (0.00877989, -0.00403689, 0.01084311), (0.008483, -0.004046, 0.010868), (0.008509359, -0.004061283, 0.01086036), (0.008551, -0.004069232, 0.01085638), (0.008721, -0.004069232, 0.01085638), (0.008762641, -0.004061283, 0.01086036), (0.008789, -0.004046, 0.010868), (0.008478875, -0.004050125, 0.010902), (0.008505384, -0.004069232, 0.010902), (0.008551, -0.00408, 0.010902), (0.008721, -0.00408, 0.010902), (0.008766616, -0.004069232, 0.010902), (0.008793125, -0.004050125, 0.010902), (0.008478875, -0.004050125, 0.013848), (0.008505384, -0.004069232, 0.013848), (0.008551, -0.00408, 0.013848), (0.008721, -0.00408, 0.013848), (0.008766616, -0.004069232, 0.013848), (0.008793125, -0.004050125, 0.013848), (0.008483, -0.004046, 0.013882), (0.008509359, -0.004061283, 0.01388964), (0.008551, -0.004069232, 0.01389362), (0.008721, -0.004069232, 0.01389362), (0.008762641, -0.004061283, 0.01388964), (0.008789, -0.004046, 0.013882), (0.00849211, -0.00403689, 0.01390689), (0.008517, -0.004046, 0.013916), (0.008551, -0.004050125, 0.01392012), (0.008721, -0.004050125, 0.01392012), (0.008755, -0.004046, 0.013916), (0.00877989, -0.00403689, 0.01390689), (0.00849211, 0.00403689, 0.01084311), (0.008517, 0.004046, 0.010834), (0.008551, 0.004050125, 0.01082988), (0.008721, 0.004050125, 0.01082988), (0.008755, 0.004046, 0.010834), (0.00877989, 0.00403689, 0.01084311), (0.008483, 0.004046, 0.010868), (0.008509359, 0.004061283, 0.01086036), (0.008551, 0.004069232, 0.01085638), (0.008721, 0.004069232, 0.01085638), (0.008762641, 0.004061283, 0.01086036), (0.008789, 0.004046, 0.010868), (0.008478875, 0.004050125, 0.010902), (0.008505384, 0.004069232, 0.010902), (0.008551, 0.00408, 0.010902), (0.008721, 0.00408, 0.010902), (0.008766616, 0.004069232, 0.010902), (0.008793125, 0.004050125, 0.010902), (0.008478875, 0.004050125, 0.013848), (0.008505384, 0.004069232, 0.013848), (0.008551, 0.00408, 0.013848), (0.008721, 0.00408, 0.013848), (0.008766616, 0.004069232, 0.013848), (0.008793125, 0.004050125, 0.013848), (0.008483, 0.004046, 0.013882), (0.008509359, 0.004061283, 0.01388964), (0.008551, 0.004069232, 0.01389362), (0.008721, 0.004069232, 0.01389362), (0.008762641, 0.004061283, 0.01388964), (0.008789, 0.004046, 0.013882), (0.00849211, 0.00403689, 0.01390689), (0.008517, 0.004046, 0.013916), (0.008551, 0.004050125, 0.01392012), (0.008721, 0.004050125, 0.01392012), (0.008755, 0.004046, 0.013916), (0.00877989, 0.00403689, 0.01390689), (0.00849211, -0.00403689, 0.01084311), (0.008483, -0.004012, 0.010834), (0.008478875, -0.003978, 0.01082988), (0.008478875, 0.003978, 0.01082988), (0.008483, 0.004012, 0.010834), (0.00849211, 0.00403689, 0.01084311), (0.008517, -0.004046, 0.010834), (0.008509359, -0.004019641, 0.01081872), (0.008505384, -0.003978, 0.01081077), (0.008505384, 0.003978, 0.01081077), (0.008509359, 0.004019641, 0.01081872), (0.008517, 0.004046, 0.010834), (0.008551, -0.004050125, 0.01082988), (0.008551, -0.004023616, 0.01081077), (0.008551, -0.003978, 0.0108), (0.008551, 0.003978, 0.0108), (0.008551, 0.004023616, 0.01081077), (0.008551, 0.004050125, 0.01082988), (0.008721, -0.004050125, 0.01082988), (0.008721, -0.004023616, 0.01081077), (0.008721, -0.003978, 0.0108), (0.008721, 0.003978, 0.0108), (0.008721, 0.004023616, 0.01081077), (0.008721, 0.004050125, 0.01082988), (0.008755, -0.004046, 0.010834), (0.008762641, -0.004019641, 0.01081872), (0.008766616, -0.003978, 0.01081077), (0.008766616, 0.003978, 0.01081077), (0.008762641, 0.004019641, 0.01081872), (0.008755, 0.004046, 0.010834), (0.00877989, -0.00403689, 0.01084311), (0.008789, -0.004012, 0.010834), (0.008793125, -0.003978, 0.01082988), (0.008793125, 0.003978, 0.01082988), (0.008789, 0.004012, 0.010834), (0.00877989, 0.00403689, 0.01084311), (0.00849211, -0.00403689, 0.01390689), (0.008483, -0.004012, 0.013916), (0.008478875, -0.003978, 0.01392012), (0.008478875, 0.003978, 0.01392012), (0.008483, 0.004012, 0.013916), (0.00849211, 0.00403689, 0.01390689), (0.008517, -0.004046, 0.013916), (0.008509359, -0.004019641, 0.01393128), (0.008505384, -0.003978, 0.01393923), (0.008505384, 0.003978, 0.01393923), (0.008509359, 0.004019641, 0.01393128), (0.008517, 0.004046, 0.013916), (0.008551, -0.004050125, 0.01392012), (0.008551, -0.004023616, 0.01393923), (0.008551, -0.003978, 0.01395), (0.008551, 0.003978, 0.01395), (0.008551, 0.004023616, 0.01393923), (0.008551, 0.004050125, 0.01392012), (0.008721, -0.004050125, 0.01392012), (0.008721, -0.004023616, 0.01393923), (0.008721, -0.003978, 0.01395), (0.008721, 0.003978, 0.01395), (0.008721, 0.004023616, 0.01393923), (0.008721, 0.004050125, 0.01392012), (0.008755, -0.004046, 0.013916), (0.008762641, -0.004019641, 0.01393128), (0.008766616, -0.003978, 0.01393923), (0.008766616, 0.003978, 0.01393923), (0.008762641, 0.004019641, 0.01393128), (0.008755, 0.004046, 0.013916), (0.00877989, -0.00403689, 0.01390689), (0.008789, -0.004012, 0.013916), (0.008793125, -0.003978, 0.01392012), (0.008793125, 0.003978, 0.01392012), (0.008789, 0.004012, 0.013916), (0.00877989, 0.00403689, 0.01390689)]
            int[] faceVertexCounts = [3, 3, 3, 3, 3, 3, 3, 3, 3, 3, 3, 3, 3, 3, 3, 3, 3, 3, 3, 3, 3, 3, 3, 3, 3, 3, 3, 3, 3, 3, 3, 3, 3, 3, 3, 3, 3, 3, 3, 3, 3, 3, 3, 3, 3, 3, 3, 3, 3, 3, 3, 3, 3, 3, 3, 3, 3, 3, 3, 3, 3, 3, 3, 3, 3, 3, 3, 3, 3, 3, 3, 3, 3, 3, 3, 3, 3, 3, 3, 3, 3, 3, 3, 3, 3, 3, 3, 3, 3, 3, 3, 3, 3, 3, 3, 3, 3, 3, 3, 3, 3, 3, 3, 3, 3, 3, 3, 3, 3, 3, 3, 3, 3, 3, 3, 3, 3, 3, 3, 3, 3, 3, 3, 3, 3, 3, 3, 3, 3, 3, 3, 3, 3, 3, 3, 3, 3, 3, 3, 3, 3, 3, 3, 3, 3, 3, 3, 3, 3, 3, 3, 3, 3, 3, 3, 3, 3, 3, 3, 3, 3, 3, 3, 3, 3, 3, 3, 3, 3, 3, 3, 3, 3, 3, 3, 3, 3, 3, 3, 3, 3, 3, 3, 3, 3, 3, 3, 3, 3, 3, 3, 3, 3, 3, 3, 3, 3, 3, 3, 3, 3, 3, 3, 3, 3, 3, 3, 3, 3, 3, 3, 3, 3, 3, 3, 3, 3, 3, 3, 3, 3, 3, 3, 3, 3, 3, 3, 3, 3, 3, 3, 3, 3, 3, 3, 3, 3, 3, 3, 3, 3, 3, 3, 3, 3, 3, 3, 3, 3, 3, 3, 3, 3, 3, 3, 3, 3, 3, 3, 3, 3, 3, 3, 3, 3, 3, 3, 3, 3, 3, 3, 3, 3, 3, 3, 3, 3, 3, 3, 3, 3, 3, 3, 3, 3, 3, 3, 3, 3, 3, 3, 3, 3, 3, 3, 3, 3, 3, 3, 3]
            int[] faceVertexIndices = [1, 7, 6, 1, 6, 0, 2, 8, 7, 2, 7, 1, 3, 9, 8, 3, 8, 2, 4, 10, 9, 4, 9, 3, 5, 11, 10, 5, 10, 4, 7, 13, 12, 7, 12, 6, 8, 14, 13, 8, 13, 7, 9, 15, 14, 9, 14, 8, 10, 16, 15, 10, 15, 9, 11, 17, 16, 11, 16, 10, 13, 19, 18, 13, 18, 12, 14, 20, 19, 14, 19, 13, 15, 21, 20, 15, 20, 14, 16, 22, 21, 16, 21, 15, 17, 23, 22, 17, 22, 16, 19, 25, 24, 19, 24, 18, 20, 26, 25, 20, 25, 19, 21, 27, 26, 21, 26, 20, 22, 28, 27, 22, 27, 21, 23, 29, 28, 23, 28, 22, 25, 31, 30, 25, 30, 24, 26, 32, 31, 26, 31, 25, 27, 33, 32, 27, 32, 26, 28, 34, 33, 28, 33, 27, 29, 35, 34, 29, 34, 28, 36, 42, 43, 36, 43, 37, 37, 43, 44, 37, 44, 38, 38, 44, 45, 38, 45, 39, 39, 45, 46, 39, 46, 40, 40, 46, 47, 40, 47, 41, 42, 48, 49, 42, 49, 43, 43, 49, 50, 43, 50, 44, 44, 50, 51, 44, 51, 45, 45, 51, 52, 45, 52, 46, 46, 52, 53, 46, 53, 47, 48, 54, 55, 48, 55, 49, 49, 55, 56, 49, 56, 50, 50, 56, 57, 50, 57, 51, 51, 57, 58, 51, 58, 52, 52, 58, 59, 52, 59, 53, 54, 60, 61, 54, 61, 55, 55, 61, 62, 55, 62, 56, 56, 62, 63, 56, 63, 57, 57, 63, 64, 57, 64, 58, 58, 64, 65, 58, 65, 59, 60, 66, 67, 60, 67, 61, 61, 67, 68, 61, 68, 62, 62, 68, 69, 62, 69, 63, 63, 69, 70, 63, 70, 64, 64, 70, 71, 64, 71, 65, 73, 79, 78, 73, 78, 72, 74, 80, 79, 74, 79, 73, 75, 81, 80, 75, 80, 74, 76, 82, 81, 76, 81, 75, 77, 83, 82, 77, 82, 76, 79, 85, 84, 79, 84, 78, 80, 86, 85, 80, 85, 79, 81, 87, 86, 81, 86, 80, 82, 88, 87, 82, 87, 81, 83, 89, 88, 83, 88, 82, 85, 91, 90, 85, 90, 84, 86, 92, 91, 86, 91, 85, 87, 93, 92, 87, 92, 86, 88, 94, 93, 88, 93, 87, 89, 95, 94, 89, 94, 88, 91, 97, 96, 91, 96, 90, 92, 98, 97, 92, 97, 91, 93, 99, 98, 93, 98, 92, 94, 100, 99, 94, 99, 93, 95, 101, 100, 95, 100, 94, 97, 103, 102, 97, 102, 96, 98, 104, 103, 98, 103, 97, 99, 105, 104, 99, 104, 98, 100, 106, 105, 100, 105, 99, 101, 107, 106, 101, 106, 100, 108, 114, 115, 108, 115, 109, 109, 115, 116, 109, 116, 110, 110, 116, 117, 110, 117, 111, 111, 117, 118, 111, 118, 112, 112, 118, 119, 112, 119, 113, 114, 120, 121, 114, 121, 115, 115, 121, 122, 115, 122, 116, 116, 122, 123, 116, 123, 117, 117, 123, 124, 117, 124, 118, 118, 124, 125, 118, 125, 119, 120, 126, 127, 120, 127, 121, 121, 127, 128, 121, 128, 122, 122, 128, 129, 122, 129, 123, 123, 129, 130, 123, 130, 124, 124, 130, 131, 124, 131, 125, 126, 132, 133, 126, 133, 127, 127, 133, 134, 127, 134, 128, 128, 134, 135, 128, 135, 129, 129, 135, 136, 129, 136, 130, 130, 136, 137, 130, 137, 131, 132, 138, 139, 132, 139, 133, 133, 139, 140, 133, 140, 134, 134, 140, 141, 134, 141, 135, 135, 141, 142, 135, 142, 136, 136, 142, 143, 136, 143, 137, 145, 151, 150, 145, 150, 144, 146, 152, 151, 146, 151, 145, 147, 153, 152, 147, 152, 146, 148, 154, 153, 148, 153, 147, 149, 155, 154, 149, 154, 148, 151, 157, 156, 151, 156, 150, 152, 158, 157, 152, 157, 151, 153, 159, 158, 153, 158, 152, 154, 160, 159, 154, 159, 153, 155, 161, 160, 155, 160, 154, 157, 163, 162, 157, 162, 156, 158, 164, 163, 158, 163, 157, 159, 165, 164, 159, 164, 158, 160, 166, 165, 160, 165, 159, 161, 167, 166, 161, 166, 160, 163, 169, 168, 163, 168, 162, 164, 170, 169, 164, 169, 163, 165, 171, 170, 165, 170, 164, 166, 172, 171, 166, 171, 165, 167, 173, 172, 167, 172, 166, 169, 175, 174, 169, 174, 168, 170, 176, 175, 170, 175, 169, 171, 177, 176, 171, 176, 170, 172, 178, 177, 172, 177, 171, 173, 179, 178, 173, 178, 172, 180, 186, 187, 180, 187, 181, 181, 187, 188, 181, 188, 182, 182, 188, 189, 182, 189, 183, 183, 189, 190, 183, 190, 184, 184, 190, 191, 184, 191, 185, 186, 192, 193, 186, 193, 187, 187, 193, 194, 187, 194, 188, 188, 194, 195, 188, 195, 189, 189, 195, 196, 189, 196, 190, 190, 196, 197, 190, 197, 191, 192, 198, 199, 192, 199, 193, 193, 199, 200, 193, 200, 194, 194, 200, 201, 194, 201, 195, 195, 201, 202, 195, 202, 196, 196, 202, 203, 196, 203, 197, 198, 204, 205, 198, 205, 199, 199, 205, 206, 199, 206, 200, 200, 206, 207, 200, 207, 201, 201, 207, 208, 201, 208, 202, 202, 208, 209, 202, 209, 203, 204, 210, 211, 204, 211, 205, 205, 211, 212, 205, 212, 206, 206, 212, 213, 206, 213, 207, 207, 213, 214, 207, 214, 208, 208, 214, 215, 208, 215, 209]
            normal3f[] normals = [(-0.7745967, -0.4472136, -0.4472136), (-0.7668657, -0.5195657, -0.376787), (-0.8115799, -0.5842229, -0.004646853), (-0.8112418, -0.58471, 0.0009716757), (-0.7900625, -0.5555967, 0.2590629), (-0.7071068, -0.5, 0.5), (-0.7668657, -0.376787, -0.5195657), (-0.8559572, -0.3656073, -0.3656073), (-0.8965833, -0.4428616, -0.003460559), (-0.9448804, -0.3274074, 0.002327147), (-0.8844941, -0.3299016, 0.3299016), (-0.7900625, -0.2590629, 0.5555967), (-0.8113713, -0.001747278, -0.5845285), (-0.8959954, -0.00129408, -0.4440615), (-0.9999718, -0.002616608, -0.007032254), (-0.9999981, -0.0006876109, 0.001826323), (-0.9451228, -0.0008679603, 0.3267141), (-0.8112421, -0.0003611032, 0.5847102), (-0.8112421, 0.0003611032, -0.5847102), (-0.9451228, 0.0008679603, -0.3267141), (-0.9999981, 0.0006876109, -0.001826323), (-0.9999718, 0.002616608, 0.007032254), (-0.8959954, 0.00129408, 0.4440615), (-0.8113713, 0.001747278, 0.5845285), (-0.7900625, 0.2590629, -0.5555967), (-0.8844941, 0.3299016, -0.3299016), (-0.9448804, 0.3274074, -0.002327147), (-0.8965833, 0.4428616, 0.003460559), (-0.8559572, 0.3656073, 0.3656073), (-0.7668657, 0.376787, 0.5195657), (-0.7071068, 0.5, -0.5), (-0.7900625, 0.5555967, -0.2590629), (-0.8112418, 0.58471, -0.0009716757), (-0.8115799, 0.5842229, 0.004646853), (-0.7668657, 0.5195657, 0.376787), (-0.7745967, 0.4472136, 0.4472136), (0.7071068, -0.5, -0.5), (0.7900625, -0.5555967, -0.2590629), (0.8112418, -0.58471, -0.0009716757), (0.8115799, -0.5842229, 0.004646853), (0.7668657, -0.5195657, 0.376787), (0.7745967, -0.4472136, 0.4472136), (0.7900625, -0.2590629, -0.5555967), (0.8844941, -0.3299016, -0.3299016), (0.9448804, -0.3274074, -0.002327147), (0.8965833, -0.4428616, 0.003460559), (0.8559572, -0.3656073, 0.3656073), (0.7668657, -0.376787, 0.5195657), (0.8112421, -0.0003611032, -0.5847102), (0.9451228, -0.0008679603, -0.3267141), (0.9999981, -0.0006876109, -0.001826323), (0.9999718, -0.002616608, 0.007032254), (0.8959954, -0.00129408, 0.4440615), (0.8113713, -0.001747278, 0.5845285), (0.8113713, 0.001747278, -0.5845285), (0.8959954, 0.00129408, -0.4440615), (0.9999718, 0.002616608, -0.007032254), (0.9999981, 0.0006876109, 0.001826323), (0.9451228, 0.0008679603, 0.3267141), (0.8112421, 0.0003611032, 0.5847102), (0.7668657, 0.376787, -0.5195657), (0.8559572, 0.3656073, -0.3656073), (0.8965833, 0.4428616, -0.003460559), (0.9448804, 0.3274074, 0.002327147), (0.8844941, 0.3299016, 0.3299016), (0.7900625, 0.2590629, 0.5555967), (0.7745967, 0.4472136, -0.4472136), (0.7668657, 0.5195657, -0.376787), (0.8115799, 0.5842229, -0.004646853), (0.8112418, 0.58471, 0.0009716757), (0.7900625, 0.5555967, 0.2590629), (0.7071068, 0.5, 0.5), (-0.4472136, -0.7745967, -0.4472136), (-0.376787, -0.7668657, -0.5195657), (-0.05764164, -0.8141712, -0.5777566), (0.01539431, -0.8111461, -0.584641), (0.2590629, -0.7900625, -0.5555967), (0.5, -0.7071068, -0.5), (-0.5195657, -0.7668657, -0.376787), (-0.3656073, -0.8559572, -0.3656073), (-0.04775014, -0.9073295, -0.4176997), (0.03396127, -0.939005, -0.3422226), (0.3299016, -0.8844941, -0.3299016), (0.5555967, -0.7900625, -0.2590629), (-0.5842229, -0.8115799, -0.004646853), (-0.4428616, -0.8965833, -0.003460559), (-0.08095753, -0.9967037, -0.00525775), (0.02837662, -0.9995946, -0.002338273), (0.3274074, -0.9448804, -0.002327147), (0.58471, -0.8112418, -0.0009716757), (-0.58471, -0.8112418, 0.0009716757), (-0.3274074, -0.9448804, 0.002327147), (-0.02837662, -0.9995946, 0.002338273), (0.08095753, -0.9967037, 0.00525775), (0.4428616, -0.8965833, 0.003460559), (0.5842229, -0.8115799, 0.004646853), (-0.5555967, -0.7900625, 0.2590629), (-0.3299016, -0.8844941, 0.3299016), (-0.03396127, -0.939005, 0.3422226), (0.04775014, -0.9073295, 0.4176997), (0.3656073, -0.8559572, 0.3656073), (0.5195657, -0.7668657, 0.376787), (-0.5, -0.7071068, 0.5), (-0.2590629, -0.7900625, 0.5555967), (-0.01539431, -0.8111461, 0.584641), (0.05764164, -0.8141712, 0.5777566), (0.376787, -0.7668657, 0.5195657), (0.4472136, -0.7745967, 0.4472136), (-0.5, 0.7071068, -0.5), (-0.2590629, 0.7900625, -0.5555967), (-0.01539431, 0.8111461, -0.584641), (0.05764164, 0.8141712, -0.5777566), (0.376787, 0.7668657, -0.5195657), (0.4472136, 0.7745967, -0.4472136), (-0.5555967, 0.7900625, -0.2590629), (-0.3299016, 0.8844941, -0.3299016), (-0.03396127, 0.939005, -0.3422226), (0.04775014, 0.9073295, -0.4176997), (0.3656073, 0.8559572, -0.3656073), (0.5195657, 0.7668657, -0.376787), (-0.58471, 0.8112418, -0.0009716757), (-0.3274074, 0.9448804, -0.002327147), (-0.02837662, 0.9995946, -0.002338273), (0.08095753, 0.9967037, -0.00525775), (0.4428616, 0.8965833, -0.003460559), (0.5842229, 0.8115799, -0.004646853), (-0.5842229, 0.8115799, 0.004646853), (-0.4428616, 0.8965833, 0.003460559), (-0.08095753, 0.9967037, 0.00525775), (0.02837662, 0.9995946, 0.002338273), (0.3274074, 0.9448804, 0.002327147), (0.58471, 0.8112418, 0.0009716757), (-0.5195657, 0.7668657, 0.376787), (-0.3656073, 0.8559572, 0.3656073), (-0.04775014, 0.9073295, 0.4176997), (0.03396127, 0.939005, 0.3422226), (0.3299016, 0.8844941, 0.3299016), (0.5555967, 0.7900625, 0.2590629), (-0.4472136, 0.7745967, 0.4472136), (-0.376787, 0.7668657, 0.5195657), (-0.05764164, 0.8141712, 0.5777566), (0.01539431, 0.8111461, 0.584641), (0.2590629, 0.7900625, 0.5555967), (0.5, 0.7071068, 0.5), (-0.4472136, -0.4472136, -0.7745967), (-0.5195657, -0.376787, -0.7668657), (-0.5845285, -0.001747278, -0.8113713), (-0.5847102, 0.0003611032, -0.8112421), (-0.5555967, 0.2590629, -0.7900625), (-0.5, 0.5, -0.7071068), (-0.376787, -0.5195657, -0.7668657), (-0.3656073, -0.3656073, -0.8559572), (-0.4440615, -0.00129408, -0.8959954), (-0.3267141, 0.0008679603, -0.9451228), (-0.3299016, 0.3299016, -0.8844941), (-0.2590629, 0.5555967, -0.7900625), (-0.05764164, -0.5777566, -0.8141712), (-0.04775014, -0.4176997, -0.9073295), (-0.08171167, -0.001974562, -0.9966541), (-0.02808666, 0.0008713648, -0.9996051), (-0.03396127, 0.3422226, -0.939005), (-0.01539431, 0.584641, -0.8111461), (0.01539431, -0.584641, -0.8111461), (0.03396127, -0.3422226, -0.939005), (0.02808666, -0.0008713648, -0.9996051), (0.08171167, 0.001974562, -0.9966541), (0.04775014, 0.4176997, -0.9073295), (0.05764164, 0.5777566, -0.8141712), (0.2590629, -0.5555967, -0.7900625), (0.3299016, -0.3299016, -0.8844941), (0.3267141, -0.0008679603, -0.9451228), (0.4440615, 0.00129408, -0.8959954), (0.3656073, 0.3656073, -0.8559572), (0.376787, 0.5195657, -0.7668657), (0.5, -0.5, -0.7071068), (0.5555967, -0.2590629, -0.7900625), (0.5847102, -0.0003611032, -0.8112421), (0.5845285, 0.001747278, -0.8113713), (0.5195657, 0.376787, -0.7668657), (0.4472136, 0.4472136, -0.7745967), (-0.5, -0.5, 0.7071068), (-0.5555967, -0.2590629, 0.7900625), (-0.5847102, -0.0003611032, 0.8112421), (-0.5845285, 0.001747278, 0.8113713), (-0.5195657, 0.376787, 0.7668657), (-0.4472136, 0.4472136, 0.7745967), (-0.2590629, -0.5555967, 0.7900625), (-0.3299016, -0.3299016, 0.8844941), (-0.3267141, -0.0008679603, 0.9451228), (-0.4440615, 0.00129408, 0.8959954), (-0.3656073, 0.3656073, 0.8559572), (-0.376787, 0.5195657, 0.7668657), (-0.01539431, -0.584641, 0.8111461), (-0.03396127, -0.3422226, 0.939005), (-0.02808666, -0.0008713648, 0.9996051), (-0.08171167, 0.001974562, 0.9966541), (-0.04775014, 0.4176997, 0.9073295), (-0.05764164, 0.5777566, 0.8141712), (0.05764164, -0.5777566, 0.8141712), (0.04775014, -0.4176997, 0.9073295), (0.08171167, -0.001974562, 0.9966541), (0.02808666, 0.0008713648, 0.9996051), (0.03396127, 0.3422226, 0.939005), (0.01539431, 0.584641, 0.8111461), (0.376787, -0.5195657, 0.7668657), (0.3656073, -0.3656073, 0.8559572), (0.4440615, -0.00129408, 0.8959954), (0.3267141, 0.0008679603, 0.9451228), (0.3299016, 0.3299016, 0.8844941), (0.2590629, 0.5555967, 0.7900625), (0.4472136, -0.4472136, 0.7745967), (0.5195657, -0.376787, 0.7668657), (0.5845285, -0.001747278, 0.8113713), (0.5847102, 0.0003611032, 0.8112421), (0.5555967, 0.2590629, 0.7900625), (0.5, 0.5, 0.7071068)] (interpolation = "vertex")
            float3[] extent = [(0.008449, -0.00408, 0.0108), (0.008823, 0.00408, 0.01395)]
            rel material:binding = </WorkbenchPart/Materials/strap>
            texCoord2f[] primvars:st = [(-1.6184, 4.3472), (-1.607857, 4.344143), (-1.6048, 4.3336), (-1.6184, 4.3472), (-1.6048, 4.3336), (-1.614756, 4.337244), (-1.62005, 4.3608), (-1.609446, 4.3608), (-1.607857, 4.344143), (-1.62005, 4.3608), (-1.607857, 4.344143), (-1.6184, 4.3472), (-1.62005, 5.5392), (-1.609446, 5.5392), (-1.609446, 4.3608), (-1.62005, 5.5392), (-1.609446, 4.3608), (-1.62005, 4.3608), (-1.6184, 5.5528), (-1.607857, 5.555857), (-1.609446, 5.5392), (-1.6184, 5.5528), (-1.609446, 5.5392), (-1.62005, 5.5392), (-1.614756, 5.562756), (-1.6048, 5.5664), (-1.607857, 5.555857), (-1.614756, 5.562756), (-1.607857, 5.555857), (-1.6184, 5.5528), (-1.607857, 4.344143), (-1.5912, 4.342554), (-1.5912, 4.33195), (-1.607857, 4.344143), (-1.5912, 4.33195), (-1.6048, 4.3336), (-1.609446, 4.3608), (-1.5912, 4.3608), (-1.5912, 4.342554), (-1.609446, 4.3608), (-1.5912, 4.342554), (-1.607857, 4.344143), (-1.609446, 5.5392), (-1.5912, 5.5392), (-1.5912, 4.3608), (-1.609446, 5.5392), (-1.5912, 4.3608), (-1.609446, 4.3608), (-1.607857, 5.555857), (-1.5912, 5.557446), (-1.5912, 5.5392), (-1.607857, 5.555857), (-1.5912, 5.5392), (-1.609446, 5.5392), (-1.6048, 5.5664), (-1.5912, 5.56805), (-1.5912, 5.557446), (-1.6048, 5.5664), (-1.5912, 5.557446), (-1.607857, 5.555857), (-1.5912, 4.342554), (1.5912, 4.342554), (1.5912, 4.33195), (-1.5912, 4.342554), (1.5912, 4.33195), (-1.5912, 4.33195), (-1.5912, 4.3608), (1.5912, 4.3608), (1.5912, 4.342554), (-1.5912, 4.3608), (1.5912, 4.342554), (-1.5912, 4.342554), (-1.5912, 5.5392), (1.5912, 5.5392), (1.5912, 4.3608), (-1.5912, 5.5392), (1.5912, 4.3608), (-1.5912, 4.3608), (-1.5912, 5.557446), (1.5912, 5.557446), (1.5912, 5.5392), (-1.5912, 5.557446), (1.5912, 5.5392), (-1.5912, 5.5392), (-1.5912, 5.56805), (1.5912, 5.56805), (1.5912, 5.557446), (-1.5912, 5.56805), (1.5912, 5.557446), (-1.5912, 5.557446), (1.5912, 4.342554), (1.607857, 4.344143), (1.6048, 4.3336), (1.5912, 4.342554), (1.6048, 4.3336), (1.5912, 4.33195), (1.5912, 4.3608), (1.609446, 4.3608), (1.607857, 4.344143), (1.5912, 4.3608), (1.607857, 4.344143), (1.5912, 4.342554), (1.5912, 5.5392), (1.609446, 5.5392), (1.609446, 4.3608), (1.5912, 5.5392), (1.609446, 4.3608), (1.5912, 4.3608), (1.5912, 5.557446), (1.607857, 5.555857), (1.609446, 5.5392), (1.5912, 5.557446), (1.609446, 5.5392), (1.5912, 5.5392), (1.5912, 5.56805), (1.6048, 5.5664), (1.607857, 5.555857), (1.5912, 5.56805), (1.607857, 5.555857), (1.5912, 5.557446), (1.607857, 4.344143), (1.6184, 4.3472), (1.614756, 4.337244), (1.607857, 4.344143), (1.614756, 4.337244), (1.6048, 4.3336), (1.609446, 4.3608), (1.62005, 4.3608), (1.6184, 4.3472), (1.609446, 4.3608), (1.6184, 4.3472), (1.607857, 4.344143), (1.609446, 5.5392), (1.62005, 5.5392), (1.62005, 4.3608), (1.609446, 5.5392), (1.62005, 4.3608), (1.609446, 4.3608), (1.607857, 5.555857), (1.6184, 5.5528), (1.62005, 5.5392), (1.607857, 5.555857), (1.62005, 5.5392), (1.609446, 5.5392), (1.6048, 5.5664), (1.614756, 5.562756), (1.6184, 5.5528), (1.6048, 5.5664), (1.6184, 5.5528), (1.607857, 5.555857), (-1.614756, 4.337244), (-1.6048, 4.3336), (-1.607857, 4.344143), (-1.614756, 4.337244), (-1.607857, 4.344143), (-1.6184, 4.3472), (-1.6184, 4.3472), (-1.607857, 4.344143), (-1.609446, 4.3608), (-1.6184, 4.3472), (-1.609446, 4.3608), (-1.62005, 4.3608), (-1.62005, 4.3608), (-1.609446, 4.3608), (-1.609446, 5.5392), (-1.62005, 4.3608), (-1.609446, 5.5392), (-1.62005, 5.5392), (-1.62005, 5.5392), (-1.609446, 5.5392), (-1.607857, 5.555857), (-1.62005, 5.5392), (-1.607857, 5.555857), (-1.6184, 5.5528), (-1.6184, 5.5528), (-1.607857, 5.555857), (-1.6048, 5.5664), (-1.6184, 5.5528), (-1.6048, 5.5664), (-1.614756, 5.562756), (-1.6048, 4.3336), (-1.5912, 4.33195), (-1.5912, 4.342554), (-1.6048, 4.3336), (-1.5912, 4.342554), (-1.607857, 4.344143), (-1.607857, 4.344143), (-1.5912, 4.342554), (-1.5912, 4.3608), (-1.607857, 4.344143), (-1.5912, 4.3608), (-1.609446, 4.3608), (-1.609446, 4.3608), (-1.5912, 4.3608), (-1.5912, 5.5392), (-1.609446, 4.3608), (-1.5912, 5.5392), (-1.609446, 5.5392), (-1.609446, 5.5392), (-1.5912, 5.5392), (-1.5912, 5.557446), (-1.609446, 5.5392), (-1.5912, 5.557446), (-1.607857, 5.555857), (-1.607857, 5.555857), (-1.5912, 5.557446), (-1.5912, 5.56805), (-1.607857, 5.555857), (-1.5912, 5.56805), (-1.6048, 5.5664), (-1.5912, 4.33195), (1.5912, 4.33195), (1.5912, 4.342554), (-1.5912, 4.33195), (1.5912, 4.342554), (-1.5912, 4.342554), (-1.5912, 4.342554), (1.5912, 4.342554), (1.5912, 4.3608), (-1.5912, 4.342554), (1.5912, 4.3608), (-1.5912, 4.3608), (-1.5912, 4.3608), (1.5912, 4.3608), (1.5912, 5.5392), (-1.5912, 4.3608), (1.5912, 5.5392), (-1.5912, 5.5392), (-1.5912, 5.5392), (1.5912, 5.5392), (1.5912, 5.557446), (-1.5912, 5.5392), (1.5912, 5.557446), (-1.5912, 5.557446), (-1.5912, 5.557446), (1.5912, 5.557446), (1.5912, 5.56805), (-1.5912, 5.557446), (1.5912, 5.56805), (-1.5912, 5.56805), (1.5912, 4.33195), (1.6048, 4.3336), (1.607857, 4.344143), (1.5912, 4.33195), (1.607857, 4.344143), (1.5912, 4.342554), (1.5912, 4.342554), (1.607857, 4.344143), (1.609446, 4.3608), (1.5912, 4.342554), (1.609446, 4.3608), (1.5912, 4.3608), (1.5912, 4.3608), (1.609446, 4.3608), (1.609446, 5.5392), (1.5912, 4.3608), (1.609446, 5.5392), (1.5912, 5.5392), (1.5912, 5.5392), (1.609446, 5.5392), (1.607857, 5.555857), (1.5912, 5.5392), (1.607857, 5.555857), (1.5912, 5.557446), (1.5912, 5.557446), (1.607857, 5.555857), (1.6048, 5.5664), (1.5912, 5.557446), (1.6048, 5.5664), (1.5912, 5.56805), (1.6048, 4.3336), (1.614756, 4.337244), (1.6184, 4.3472), (1.6048, 4.3336), (1.6184, 4.3472), (1.607857, 4.344143), (1.607857, 4.344143), (1.6184, 4.3472), (1.62005, 4.3608), (1.607857, 4.344143), (1.62005, 4.3608), (1.609446, 4.3608), (1.609446, 4.3608), (1.62005, 4.3608), (1.62005, 5.5392), (1.609446, 4.3608), (1.62005, 5.5392), (1.609446, 5.5392), (1.609446, 5.5392), (1.62005, 5.5392), (1.6184, 5.5528), (1.609446, 5.5392), (1.6184, 5.5528), (1.607857, 5.555857), (1.607857, 5.555857), (1.6184, 5.5528), (1.614756, 5.562756), (1.607857, 5.555857), (1.614756, 5.562756), (1.6048, 5.5664), (3.4068, 4.3336), (3.403743, 4.344143), (3.3932, 4.3472), (3.4068, 4.3336), (3.3932, 4.3472), (3.396844, 4.337244), (3.4204, 4.33195), (3.4204, 4.342554), (3.403743, 4.344143), (3.4204, 4.33195), (3.403743, 4.344143), (3.4068, 4.3336), (3.4884, 4.33195), (3.4884, 4.342554), (3.4204, 4.342554), (3.4884, 4.33195), (3.4204, 4.342554), (3.4204, 4.33195), (3.502, 4.3336), (3.505057, 4.344143), (3.4884, 4.342554), (3.502, 4.3336), (3.4884, 4.342554), (3.4884, 4.33195), (3.511956, 4.337244), (3.5156, 4.3472), (3.505057, 4.344143), (3.511956, 4.337244), (3.505057, 4.344143), (3.502, 4.3336), (3.403743, 4.344143), (3.402154, 4.3608), (3.39155, 4.3608), (3.403743, 4.344143), (3.39155, 4.3608), (3.3932, 4.3472), (3.4204, 4.342554), (3.4204, 4.3608), (3.402154, 4.3608), (3.4204, 4.342554), (3.402154, 4.3608), (3.403743, 4.344143), (3.4884, 4.342554), (3.4884, 4.3608), (3.4204, 4.3608), (3.4884, 4.342554), (3.4204, 4.3608), (3.4204, 4.342554), (3.505057, 4.344143), (3.506646, 4.3608), (3.4884, 4.3608), (3.505057, 4.344143), (3.4884, 4.3608), (3.4884, 4.342554), (3.5156, 4.3472), (3.51725, 4.3608), (3.506646, 4.3608), (3.5156, 4.3472), (3.506646, 4.3608), (3.505057, 4.344143), (3.402154, 4.3608), (3.402154, 5.5392), (3.39155, 5.5392), (3.402154, 4.3608), (3.39155, 5.5392), (3.39155, 4.3608), (3.4204, 4.3608), (3.4204, 5.5392), (3.402154, 5.5392), (3.4204, 4.3608), (3.402154, 5.5392), (3.402154, 4.3608), (3.4884, 4.3608), (3.4884, 5.5392), (3.4204, 5.5392), (3.4884, 4.3608), (3.4204, 5.5392), (3.4204, 4.3608), (3.506646, 4.3608), (3.506646, 5.5392), (3.4884, 5.5392), (3.506646, 4.3608), (3.4884, 5.5392), (3.4884, 4.3608), (3.51725, 4.3608), (3.51725, 5.5392), (3.506646, 5.5392), (3.51725, 4.3608), (3.506646, 5.5392), (3.506646, 4.3608), (3.402154, 5.5392), (3.403743, 5.555857), (3.3932, 5.5528), (3.402154, 5.5392), (3.3932, 5.5528), (3.39155, 5.5392), (3.4204, 5.5392), (3.4204, 5.557446), (3.403743, 5.555857), (3.4204, 5.5392), (3.403743, 5.555857), (3.402154, 5.5392), (3.4884, 5.5392), (3.4884, 5.557446), (3.4204, 5.557446), (3.4884, 5.5392), (3.4204, 5.557446), (3.4204, 5.5392), (3.506646, 5.5392), (3.505057, 5.555857), (3.4884, 5.557446), (3.506646, 5.5392), (3.4884, 5.557446), (3.4884, 5.5392), (3.51725, 5.5392), (3.5156, 5.5528), (3.505057, 5.555857), (3.51725, 5.5392), (3.505057, 5.555857), (3.506646, 5.5392), (3.403743, 5.555857), (3.4068, 5.5664), (3.396844, 5.562756), (3.403743, 5.555857), (3.396844, 5.562756), (3.3932, 5.5528), (3.4204, 5.557446), (3.4204, 5.56805), (3.4068, 5.5664), (3.4204, 5.557446), (3.4068, 5.5664), (3.403743, 5.555857), (3.4884, 5.557446), (3.4884, 5.56805), (3.4204, 5.56805), (3.4884, 5.557446), (3.4204, 5.56805), (3.4204, 5.557446), (3.505057, 5.555857), (3.502, 5.5664), (3.4884, 5.56805), (3.505057, 5.555857), (3.4884, 5.56805), (3.4884, 5.557446), (3.5156, 5.5528), (3.511956, 5.562756), (3.502, 5.5664), (3.5156, 5.5528), (3.502, 5.5664), (3.505057, 5.555857), (3.396844, 4.337244), (3.3932, 4.3472), (3.403743, 4.344143), (3.396844, 4.337244), (3.403743, 4.344143), (3.4068, 4.3336), (3.4068, 4.3336), (3.403743, 4.344143), (3.4204, 4.342554), (3.4068, 4.3336), (3.4204, 4.342554), (3.4204, 4.33195), (3.4204, 4.33195), (3.4204, 4.342554), (3.4884, 4.342554), (3.4204, 4.33195), (3.4884, 4.342554), (3.4884, 4.33195), (3.4884, 4.33195), (3.4884, 4.342554), (3.505057, 4.344143), (3.4884, 4.33195), (3.505057, 4.344143), (3.502, 4.3336), (3.502, 4.3336), (3.505057, 4.344143), (3.5156, 4.3472), (3.502, 4.3336), (3.5156, 4.3472), (3.511956, 4.337244), (3.3932, 4.3472), (3.39155, 4.3608), (3.402154, 4.3608), (3.3932, 4.3472), (3.402154, 4.3608), (3.403743, 4.344143), (3.403743, 4.344143), (3.402154, 4.3608), (3.4204, 4.3608), (3.403743, 4.344143), (3.4204, 4.3608), (3.4204, 4.342554), (3.4204, 4.342554), (3.4204, 4.3608), (3.4884, 4.3608), (3.4204, 4.342554), (3.4884, 4.3608), (3.4884, 4.342554), (3.4884, 4.342554), (3.4884, 4.3608), (3.506646, 4.3608), (3.4884, 4.342554), (3.506646, 4.3608), (3.505057, 4.344143), (3.505057, 4.344143), (3.506646, 4.3608), (3.51725, 4.3608), (3.505057, 4.344143), (3.51725, 4.3608), (3.5156, 4.3472), (3.39155, 4.3608), (3.39155, 5.5392), (3.402154, 5.5392), (3.39155, 4.3608), (3.402154, 5.5392), (3.402154, 4.3608), (3.402154, 4.3608), (3.402154, 5.5392), (3.4204, 5.5392), (3.402154, 4.3608), (3.4204, 5.5392), (3.4204, 4.3608), (3.4204, 4.3608), (3.4204, 5.5392), (3.4884, 5.5392), (3.4204, 4.3608), (3.4884, 5.5392), (3.4884, 4.3608), (3.4884, 4.3608), (3.4884, 5.5392), (3.506646, 5.5392), (3.4884, 4.3608), (3.506646, 5.5392), (3.506646, 4.3608), (3.506646, 4.3608), (3.506646, 5.5392), (3.51725, 5.5392), (3.506646, 4.3608), (3.51725, 5.5392), (3.51725, 4.3608), (3.39155, 5.5392), (3.3932, 5.5528), (3.403743, 5.555857), (3.39155, 5.5392), (3.403743, 5.555857), (3.402154, 5.5392), (3.402154, 5.5392), (3.403743, 5.555857), (3.4204, 5.557446), (3.402154, 5.5392), (3.4204, 5.557446), (3.4204, 5.5392), (3.4204, 5.5392), (3.4204, 5.557446), (3.4884, 5.557446), (3.4204, 5.5392), (3.4884, 5.557446), (3.4884, 5.5392), (3.4884, 5.5392), (3.4884, 5.557446), (3.505057, 5.555857), (3.4884, 5.5392), (3.505057, 5.555857), (3.506646, 5.5392), (3.506646, 5.5392), (3.505057, 5.555857), (3.5156, 5.5528), (3.506646, 5.5392), (3.5156, 5.5528), (3.51725, 5.5392), (3.3932, 5.5528), (3.396844, 5.562756), (3.4068, 5.5664), (3.3932, 5.5528), (3.4068, 5.5664), (3.403743, 5.555857), (3.403743, 5.555857), (3.4068, 5.5664), (3.4204, 5.56805), (3.403743, 5.555857), (3.4204, 5.56805), (3.4204, 5.557446), (3.4204, 5.557446), (3.4204, 5.56805), (3.4884, 5.56805), (3.4204, 5.557446), (3.4884, 5.56805), (3.4884, 5.557446), (3.4884, 5.557446), (3.4884, 5.56805), (3.502, 5.5664), (3.4884, 5.557446), (3.502, 5.5664), (3.505057, 5.555857), (3.505057, 5.555857), (3.502, 5.5664), (3.511956, 5.562756), (3.505057, 5.555857), (3.511956, 5.562756), (3.5156, 5.5528), (3.3932, -1.6048), (3.403743, -1.607857), (3.4068, -1.6184), (3.3932, -1.6048), (3.4068, -1.6184), (3.396844, -1.614756), (3.39155, -1.5912), (3.402154, -1.5912), (3.403743, -1.607857), (3.39155, -1.5912), (3.403743, -1.607857), (3.3932, -1.6048), (3.39155, 1.5912), (3.402154, 1.5912), (3.402154, -1.5912), (3.39155, 1.5912), (3.402154, -1.5912), (3.39155, -1.5912), (3.3932, 1.6048), (3.403743, 1.607857), (3.402154, 1.5912), (3.3932, 1.6048), (3.402154, 1.5912), (3.39155, 1.5912), (3.396844, 1.614756), (3.4068, 1.6184), (3.403743, 1.607857), (3.396844, 1.614756), (3.403743, 1.607857), (3.3932, 1.6048), (3.403743, -1.607857), (3.4204, -1.609446), (3.4204, -1.62005), (3.403743, -1.607857), (3.4204, -1.62005), (3.4068, -1.6184), (3.402154, -1.5912), (3.4204, -1.5912), (3.4204, -1.609446), (3.402154, -1.5912), (3.4204, -1.609446), (3.403743, -1.607857), (3.402154, 1.5912), (3.4204, 1.5912), (3.4204, -1.5912), (3.402154, 1.5912), (3.4204, -1.5912), (3.402154, -1.5912), (3.403743, 1.607857), (3.4204, 1.609446), (3.4204, 1.5912), (3.403743, 1.607857), (3.4204, 1.5912), (3.402154, 1.5912), (3.4068, 1.6184), (3.4204, 1.62005), (3.4204, 1.609446), (3.4068, 1.6184), (3.4204, 1.609446), (3.403743, 1.607857), (3.4204, -1.609446), (3.4884, -1.609446), (3.4884, -1.62005), (3.4204, -1.609446), (3.4884, -1.62005), (3.4204, -1.62005), (3.4204, -1.5912), (3.4884, -1.5912), (3.4884, -1.609446), (3.4204, -1.5912), (3.4884, -1.609446), (3.4204, -1.609446), (3.4204, 1.5912), (3.4884, 1.5912), (3.4884, -1.5912), (3.4204, 1.5912), (3.4884, -1.5912), (3.4204, -1.5912), (3.4204, 1.609446), (3.4884, 1.609446), (3.4884, 1.5912), (3.4204, 1.609446), (3.4884, 1.5912), (3.4204, 1.5912), (3.4204, 1.62005), (3.4884, 1.62005), (3.4884, 1.609446), (3.4204, 1.62005), (3.4884, 1.609446), (3.4204, 1.609446), (3.4884, -1.609446), (3.505057, -1.607857), (3.502, -1.6184), (3.4884, -1.609446), (3.502, -1.6184), (3.4884, -1.62005), (3.4884, -1.5912), (3.506646, -1.5912), (3.505057, -1.607857), (3.4884, -1.5912), (3.505057, -1.607857), (3.4884, -1.609446), (3.4884, 1.5912), (3.506646, 1.5912), (3.506646, -1.5912), (3.4884, 1.5912), (3.506646, -1.5912), (3.4884, -1.5912), (3.4884, 1.609446), (3.505057, 1.607857), (3.506646, 1.5912), (3.4884, 1.609446), (3.506646, 1.5912), (3.4884, 1.5912), (3.4884, 1.62005), (3.502, 1.6184), (3.505057, 1.607857), (3.4884, 1.62005), (3.505057, 1.607857), (3.4884, 1.609446), (3.505057, -1.607857), (3.5156, -1.6048), (3.511956, -1.614756), (3.505057, -1.607857), (3.511956, -1.614756), (3.502, -1.6184), (3.506646, -1.5912), (3.51725, -1.5912), (3.5156, -1.6048), (3.506646, -1.5912), (3.5156, -1.6048), (3.505057, -1.607857), (3.506646, 1.5912), (3.51725, 1.5912), (3.51725, -1.5912), (3.506646, 1.5912), (3.51725, -1.5912), (3.506646, -1.5912), (3.505057, 1.607857), (3.5156, 1.6048), (3.51725, 1.5912), (3.505057, 1.607857), (3.51725, 1.5912), (3.506646, 1.5912), (3.502, 1.6184), (3.511956, 1.614756), (3.5156, 1.6048), (3.502, 1.6184), (3.5156, 1.6048), (3.505057, 1.607857), (3.396844, -1.614756), (3.4068, -1.6184), (3.403743, -1.607857), (3.396844, -1.614756), (3.403743, -1.607857), (3.3932, -1.6048), (3.3932, -1.6048), (3.403743, -1.607857), (3.402154, -1.5912), (3.3932, -1.6048), (3.402154, -1.5912), (3.39155, -1.5912), (3.39155, -1.5912), (3.402154, -1.5912), (3.402154, 1.5912), (3.39155, -1.5912), (3.402154, 1.5912), (3.39155, 1.5912), (3.39155, 1.5912), (3.402154, 1.5912), (3.403743, 1.607857), (3.39155, 1.5912), (3.403743, 1.607857), (3.3932, 1.6048), (3.3932, 1.6048), (3.403743, 1.607857), (3.4068, 1.6184), (3.3932, 1.6048), (3.4068, 1.6184), (3.396844, 1.614756), (3.4068, -1.6184), (3.4204, -1.62005), (3.4204, -1.609446), (3.4068, -1.6184), (3.4204, -1.609446), (3.403743, -1.607857), (3.403743, -1.607857), (3.4204, -1.609446), (3.4204, -1.5912), (3.403743, -1.607857), (3.4204, -1.5912), (3.402154, -1.5912), (3.402154, -1.5912), (3.4204, -1.5912), (3.4204, 1.5912), (3.402154, -1.5912), (3.4204, 1.5912), (3.402154, 1.5912), (3.402154, 1.5912), (3.4204, 1.5912), (3.4204, 1.609446), (3.402154, 1.5912), (3.4204, 1.609446), (3.403743, 1.607857), (3.403743, 1.607857), (3.4204, 1.609446), (3.4204, 1.62005), (3.403743, 1.607857), (3.4204, 1.62005), (3.4068, 1.6184), (3.4204, -1.62005), (3.4884, -1.62005), (3.4884, -1.609446), (3.4204, -1.62005), (3.4884, -1.609446), (3.4204, -1.609446), (3.4204, -1.609446), (3.4884, -1.609446), (3.4884, -1.5912), (3.4204, -1.609446), (3.4884, -1.5912), (3.4204, -1.5912), (3.4204, -1.5912), (3.4884, -1.5912), (3.4884, 1.5912), (3.4204, -1.5912), (3.4884, 1.5912), (3.4204, 1.5912), (3.4204, 1.5912), (3.4884, 1.5912), (3.4884, 1.609446), (3.4204, 1.5912), (3.4884, 1.609446), (3.4204, 1.609446), (3.4204, 1.609446), (3.4884, 1.609446), (3.4884, 1.62005), (3.4204, 1.609446), (3.4884, 1.62005), (3.4204, 1.62005), (3.4884, -1.62005), (3.502, -1.6184), (3.505057, -1.607857), (3.4884, -1.62005), (3.505057, -1.607857), (3.4884, -1.609446), (3.4884, -1.609446), (3.505057, -1.607857), (3.506646, -1.5912), (3.4884, -1.609446), (3.506646, -1.5912), (3.4884, -1.5912), (3.4884, -1.5912), (3.506646, -1.5912), (3.506646, 1.5912), (3.4884, -1.5912), (3.506646, 1.5912), (3.4884, 1.5912), (3.4884, 1.5912), (3.506646, 1.5912), (3.505057, 1.607857), (3.4884, 1.5912), (3.505057, 1.607857), (3.4884, 1.609446), (3.4884, 1.609446), (3.505057, 1.607857), (3.502, 1.6184), (3.4884, 1.609446), (3.502, 1.6184), (3.4884, 1.62005), (3.502, -1.6184), (3.511956, -1.614756), (3.5156, -1.6048), (3.502, -1.6184), (3.5156, -1.6048), (3.505057, -1.607857), (3.505057, -1.607857), (3.5156, -1.6048), (3.51725, -1.5912), (3.505057, -1.607857), (3.51725, -1.5912), (3.506646, -1.5912), (3.506646, -1.5912), (3.51725, -1.5912), (3.51725, 1.5912), (3.506646, -1.5912), (3.51725, 1.5912), (3.506646, 1.5912), (3.506646, 1.5912), (3.51725, 1.5912), (3.5156, 1.6048), (3.506646, 1.5912), (3.5156, 1.6048), (3.505057, 1.607857), (3.505057, 1.607857), (3.5156, 1.6048), (3.511956, 1.614756), (3.505057, 1.607857), (3.511956, 1.614756), (3.502, 1.6184)] (interpolation = "faceVarying")
        }
        def Mesh "RetentionStrapBottom_01" (prepend apiSchemas = ["MaterialBindingAPI"])
        {
            uniform token subdivisionScheme = "none"
            uniform token orientation = "rightHanded"
            bool doubleSided = false
            point3f[] points = [(-0.00864295, -0.00410895, 0.01082705), (-0.008648667, -0.004114667, 0.01084267), (-0.008651255, -0.004117255, 0.010864), (-0.008651255, -0.004117255, 0.013886), (-0.008648667, -0.004114667, 0.01390733), (-0.00864295, -0.00410895, 0.01392295), (-0.008648667, -0.004093333, 0.01082133), (-0.008658256, -0.004098128, 0.01083787), (-0.008663243, -0.004100622, 0.010864), (-0.008663243, -0.004100622, 0.013886), (-0.008658256, -0.004098128, 0.01391213), (-0.008648667, -0.004093333, 0.01392867), (-0.008651255, -0.004072, 0.01081875), (-0.008663243, -0.004072, 0.01083538), (-0.00867, -0.004072, 0.010864), (-0.00867, -0.004072, 0.013886), (-0.008663243, -0.004072, 0.01391462), (-0.008651255, -0.004072, 0.01393125), (-0.008651255, -0.00404, 0.01081875), (-0.008663243, -0.00404, 0.01083538), (-0.00867, -0.00404, 0.010864), (-0.00867, -0.00404, 0.013886), (-0.008663243, -0.00404, 0.01391462), (-0.008651255, -0.00404, 0.01393125), (-0.008648667, -0.004018667, 0.01082133), (-0.008658256, -0.004013872, 0.01083787), (-0.008663243, -0.004011378, 0.010864), (-0.008663243, -0.004011378, 0.013886), (-0.008658256, -0.004013872, 0.01391213), (-0.008648667, -0.004018667, 0.01392867), (-0.00864295, -0.00400305, 0.01082705), (-0.008648667, -0.003997333, 0.01084267), (-0.008651255, -0.003994745, 0.010864), (-0.008651255, -0.003994745, 0.013886), (-0.008648667, -0.003997333, 0.01390733), (-0.00864295, -0.00400305, 0.01392295), (0.00864295, -0.00410895, 0.01082705), (0.008648667, -0.004114667, 0.01084267), (0.008651255, -0.004117255, 0.010864), (0.008651255, -0.004117255, 0.013886), (0.008648667, -0.004114667, 0.01390733), (0.00864295, -0.00410895, 0.01392295), (0.008648667, -0.004093333, 0.01082133), (0.008658256, -0.004098128, 0.01083787), (0.008663243, -0.004100622, 0.010864), (0.008663243, -0.004100622, 0.013886), (0.008658256, -0.004098128, 0.01391213), (0.008648667, -0.004093333, 0.01392867), (0.008651255, -0.004072, 0.01081875), (0.008663243, -0.004072, 0.01083538), (0.00867, -0.004072, 0.010864), (0.00867, -0.004072, 0.013886), (0.008663243, -0.004072, 0.01391462), (0.008651255, -0.004072, 0.01393125), (0.008651255, -0.00404, 0.01081875), (0.008663243, -0.00404, 0.01083538), (0.00867, -0.00404, 0.010864), (0.00867, -0.00404, 0.013886), (0.008663243, -0.00404, 0.01391462), (0.008651255, -0.00404, 0.01393125), (0.008648667, -0.004018667, 0.01082133), (0.008658256, -0.004013872, 0.01083787), (0.008663243, -0.004011378, 0.010864), (0.008663243, -0.004011378, 0.013886), (0.008658256, -0.004013872, 0.01391213), (0.008648667, -0.004018667, 0.01392867), (0.00864295, -0.00400305, 0.01082705), (0.008648667, -0.003997333, 0.01084267), (0.008651255, -0.003994745, 0.010864), (0.008651255, -0.003994745, 0.013886), (0.008648667, -0.003997333, 0.01390733), (0.00864295, -0.00400305, 0.01392295), (-0.00864295, -0.00410895, 0.01082705), (-0.008627333, -0.004114667, 0.01082133), (-0.008606, -0.004117255, 0.01081875), (0.008606, -0.004117255, 0.01081875), (0.008627333, -0.004114667, 0.01082133), (0.00864295, -0.00410895, 0.01082705), (-0.008648667, -0.004114667, 0.01084267), (-0.008632128, -0.004124256, 0.01083787), (-0.008606, -0.004129243, 0.01083538), (0.008606, -0.004129243, 0.01083538), (0.008632128, -0.004124256, 0.01083787), (0.008648667, -0.004114667, 0.01084267), (-0.008651255, -0.004117255, 0.010864), (-0.008634622, -0.004129243, 0.010864), (-0.008606, -0.004136, 0.010864), (0.008606, -0.004136, 0.010864), (0.008634622, -0.004129243, 0.010864), (0.008651255, -0.004117255, 0.010864), (-0.008651255, -0.004117255, 0.013886), (-0.008634622, -0.004129243, 0.013886), (-0.008606, -0.004136, 0.013886), (0.008606, -0.004136, 0.013886), (0.008634622, -0.004129243, 0.013886), (0.008651255, -0.004117255, 0.013886), (-0.008648667, -0.004114667, 0.01390733), (-0.008632128, -0.004124256, 0.01391213), (-0.008606, -0.004129243, 0.01391462), (0.008606, -0.004129243, 0.01391462), (0.008632128, -0.004124256, 0.01391213), (0.008648667, -0.004114667, 0.01390733), (-0.00864295, -0.00410895, 0.01392295), (-0.008627333, -0.004114667, 0.01392867), (-0.008606, -0.004117255, 0.01393125), (0.008606, -0.004117255, 0.01393125), (0.008627333, -0.004114667, 0.01392867), (0.00864295, -0.00410895, 0.01392295), (-0.00864295, -0.00400305, 0.01082705), (-0.008627333, -0.003997333, 0.01082133), (-0.008606, -0.003994745, 0.01081875), (0.008606, -0.003994745, 0.01081875), (0.008627333, -0.003997333, 0.01082133), (0.00864295, -0.00400305, 0.01082705), (-0.008648667, -0.003997333, 0.01084267), (-0.008632128, -0.003987744, 0.01083787), (-0.008606, -0.003982757, 0.01083538), (0.008606, -0.003982757, 0.01083538), (0.008632128, -0.003987744, 0.01083787), (0.008648667, -0.003997333, 0.01084267), (-0.008651255, -0.003994745, 0.010864), (-0.008634622, -0.003982757, 0.010864), (-0.008606, -0.003976, 0.010864), (0.008606, -0.003976, 0.010864), (0.008634622, -0.003982757, 0.010864), (0.008651255, -0.003994745, 0.010864), (-0.008651255, -0.003994745, 0.013886), (-0.008634622, -0.003982757, 0.013886), (-0.008606, -0.003976, 0.013886), (0.008606, -0.003976, 0.013886), (0.008634622, -0.003982757, 0.013886), (0.008651255, -0.003994745, 0.013886), (-0.008648667, -0.003997333, 0.01390733), (-0.008632128, -0.003987744, 0.01391213), (-0.008606, -0.003982757, 0.01391462), (0.008606, -0.003982757, 0.01391462), (0.008632128, -0.003987744, 0.01391213), (0.008648667, -0.003997333, 0.01390733), (-0.00864295, -0.00400305, 0.01392295), (-0.008627333, -0.003997333, 0.01392867), (-0.008606, -0.003994745, 0.01393125), (0.008606, -0.003994745, 0.01393125), (0.008627333, -0.003997333, 0.01392867), (0.00864295, -0.00400305, 0.01392295), (-0.00864295, -0.00410895, 0.01082705), (-0.008648667, -0.004093333, 0.01082133), (-0.008651255, -0.004072, 0.01081875), (-0.008651255, -0.00404, 0.01081875), (-0.008648667, -0.004018667, 0.01082133), (-0.00864295, -0.00400305, 0.01082705), (-0.008627333, -0.004114667, 0.01082133), (-0.008632128, -0.004098128, 0.01081174), (-0.008634622, -0.004072, 0.01080676), (-0.008634622, -0.00404, 0.01080676), (-0.008632128, -0.004013872, 0.01081174), (-0.008627333, -0.003997333, 0.01082133), (-0.008606, -0.004117255, 0.01081875), (-0.008606, -0.004100622, 0.01080676), (-0.008606, -0.004072, 0.0108), (-0.008606, -0.00404, 0.0108), (-0.008606, -0.004011378, 0.01080676), (-0.008606, -0.003994745, 0.01081875), (0.008606, -0.004117255, 0.01081875), (0.008606, -0.004100622, 0.01080676), (0.008606, -0.004072, 0.0108), (0.008606, -0.00404, 0.0108), (0.008606, -0.004011378, 0.01080676), (0.008606, -0.003994745, 0.01081875), (0.008627333, -0.004114667, 0.01082133), (0.008632128, -0.004098128, 0.01081174), (0.008634622, -0.004072, 0.01080676), (0.008634622, -0.00404, 0.01080676), (0.008632128, -0.004013872, 0.01081174), (0.008627333, -0.003997333, 0.01082133), (0.00864295, -0.00410895, 0.01082705), (0.008648667, -0.004093333, 0.01082133), (0.008651255, -0.004072, 0.01081875), (0.008651255, -0.00404, 0.01081875), (0.008648667, -0.004018667, 0.01082133), (0.00864295, -0.00400305, 0.01082705), (-0.00864295, -0.00410895, 0.01392295), (-0.008648667, -0.004093333, 0.01392867), (-0.008651255, -0.004072, 0.01393125), (-0.008651255, -0.00404, 0.01393125), (-0.008648667, -0.004018667, 0.01392867), (-0.00864295, -0.00400305, 0.01392295), (-0.008627333, -0.004114667, 0.01392867), (-0.008632128, -0.004098128, 0.01393826), (-0.008634622, -0.004072, 0.01394324), (-0.008634622, -0.00404, 0.01394324), (-0.008632128, -0.004013872, 0.01393826), (-0.008627333, -0.003997333, 0.01392867), (-0.008606, -0.004117255, 0.01393125), (-0.008606, -0.004100622, 0.01394324), (-0.008606, -0.004072, 0.01395), (-0.008606, -0.00404, 0.01395), (-0.008606, -0.004011378, 0.01394324), (-0.008606, -0.003994745, 0.01393125), (0.008606, -0.004117255, 0.01393125), (0.008606, -0.004100622, 0.01394324), (0.008606, -0.004072, 0.01395), (0.008606, -0.00404, 0.01395), (0.008606, -0.004011378, 0.01394324), (0.008606, -0.003994745, 0.01393125), (0.008627333, -0.004114667, 0.01392867), (0.008632128, -0.004098128, 0.01393826), (0.008634622, -0.004072, 0.01394324), (0.008634622, -0.00404, 0.01394324), (0.008632128, -0.004013872, 0.01393826), (0.008627333, -0.003997333, 0.01392867), (0.00864295, -0.00410895, 0.01392295), (0.008648667, -0.004093333, 0.01392867), (0.008651255, -0.004072, 0.01393125), (0.008651255, -0.00404, 0.01393125), (0.008648667, -0.004018667, 0.01392867), (0.00864295, -0.00400305, 0.01392295)]
            int[] faceVertexCounts = [3, 3, 3, 3, 3, 3, 3, 3, 3, 3, 3, 3, 3, 3, 3, 3, 3, 3, 3, 3, 3, 3, 3, 3, 3, 3, 3, 3, 3, 3, 3, 3, 3, 3, 3, 3, 3, 3, 3, 3, 3, 3, 3, 3, 3, 3, 3, 3, 3, 3, 3, 3, 3, 3, 3, 3, 3, 3, 3, 3, 3, 3, 3, 3, 3, 3, 3, 3, 3, 3, 3, 3, 3, 3, 3, 3, 3, 3, 3, 3, 3, 3, 3, 3, 3, 3, 3, 3, 3, 3, 3, 3, 3, 3, 3, 3, 3, 3, 3, 3, 3, 3, 3, 3, 3, 3, 3, 3, 3, 3, 3, 3, 3, 3, 3, 3, 3, 3, 3, 3, 3, 3, 3, 3, 3, 3, 3, 3, 3, 3, 3, 3, 3, 3, 3, 3, 3, 3, 3, 3, 3, 3, 3, 3, 3, 3, 3, 3, 3, 3, 3, 3, 3, 3, 3, 3, 3, 3, 3, 3, 3, 3, 3, 3, 3, 3, 3, 3, 3, 3, 3, 3, 3, 3, 3, 3, 3, 3, 3, 3, 3, 3, 3, 3, 3, 3, 3, 3, 3, 3, 3, 3, 3, 3, 3, 3, 3, 3, 3, 3, 3, 3, 3, 3, 3, 3, 3, 3, 3, 3, 3, 3, 3, 3, 3, 3, 3, 3, 3, 3, 3, 3, 3, 3, 3, 3, 3, 3, 3, 3, 3, 3, 3, 3, 3, 3, 3, 3, 3, 3, 3, 3, 3, 3, 3, 3, 3, 3, 3, 3, 3, 3, 3, 3, 3, 3, 3, 3, 3, 3, 3, 3, 3, 3, 3, 3, 3, 3, 3, 3, 3, 3, 3, 3, 3, 3, 3, 3, 3, 3, 3, 3, 3, 3, 3, 3, 3, 3, 3, 3, 3, 3, 3, 3, 3, 3, 3, 3, 3, 3]
            int[] faceVertexIndices = [1, 7, 6, 1, 6, 0, 2, 8, 7, 2, 7, 1, 3, 9, 8, 3, 8, 2, 4, 10, 9, 4, 9, 3, 5, 11, 10, 5, 10, 4, 7, 13, 12, 7, 12, 6, 8, 14, 13, 8, 13, 7, 9, 15, 14, 9, 14, 8, 10, 16, 15, 10, 15, 9, 11, 17, 16, 11, 16, 10, 13, 19, 18, 13, 18, 12, 14, 20, 19, 14, 19, 13, 15, 21, 20, 15, 20, 14, 16, 22, 21, 16, 21, 15, 17, 23, 22, 17, 22, 16, 19, 25, 24, 19, 24, 18, 20, 26, 25, 20, 25, 19, 21, 27, 26, 21, 26, 20, 22, 28, 27, 22, 27, 21, 23, 29, 28, 23, 28, 22, 25, 31, 30, 25, 30, 24, 26, 32, 31, 26, 31, 25, 27, 33, 32, 27, 32, 26, 28, 34, 33, 28, 33, 27, 29, 35, 34, 29, 34, 28, 36, 42, 43, 36, 43, 37, 37, 43, 44, 37, 44, 38, 38, 44, 45, 38, 45, 39, 39, 45, 46, 39, 46, 40, 40, 46, 47, 40, 47, 41, 42, 48, 49, 42, 49, 43, 43, 49, 50, 43, 50, 44, 44, 50, 51, 44, 51, 45, 45, 51, 52, 45, 52, 46, 46, 52, 53, 46, 53, 47, 48, 54, 55, 48, 55, 49, 49, 55, 56, 49, 56, 50, 50, 56, 57, 50, 57, 51, 51, 57, 58, 51, 58, 52, 52, 58, 59, 52, 59, 53, 54, 60, 61, 54, 61, 55, 55, 61, 62, 55, 62, 56, 56, 62, 63, 56, 63, 57, 57, 63, 64, 57, 64, 58, 58, 64, 65, 58, 65, 59, 60, 66, 67, 60, 67, 61, 61, 67, 68, 61, 68, 62, 62, 68, 69, 62, 69, 63, 63, 69, 70, 63, 70, 64, 64, 70, 71, 64, 71, 65, 73, 79, 78, 73, 78, 72, 74, 80, 79, 74, 79, 73, 75, 81, 80, 75, 80, 74, 76, 82, 81, 76, 81, 75, 77, 83, 82, 77, 82, 76, 79, 85, 84, 79, 84, 78, 80, 86, 85, 80, 85, 79, 81, 87, 86, 81, 86, 80, 82, 88, 87, 82, 87, 81, 83, 89, 88, 83, 88, 82, 85, 91, 90, 85, 90, 84, 86, 92, 91, 86, 91, 85, 87, 93, 92, 87, 92, 86, 88, 94, 93, 88, 93, 87, 89, 95, 94, 89, 94, 88, 91, 97, 96, 91, 96, 90, 92, 98, 97, 92, 97, 91, 93, 99, 98, 93, 98, 92, 94, 100, 99, 94, 99, 93, 95, 101, 100, 95, 100, 94, 97, 103, 102, 97, 102, 96, 98, 104, 103, 98, 103, 97, 99, 105, 104, 99, 104, 98, 100, 106, 105, 100, 105, 99, 101, 107, 106, 101, 106, 100, 108, 114, 115, 108, 115, 109, 109, 115, 116, 109, 116, 110, 110, 116, 117, 110, 117, 111, 111, 117, 118, 111, 118, 112, 112, 118, 119, 112, 119, 113, 114, 120, 121, 114, 121, 115, 115, 121, 122, 115, 122, 116, 116, 122, 123, 116, 123, 117, 117, 123, 124, 117, 124, 118, 118, 124, 125, 118, 125, 119, 120, 126, 127, 120, 127, 121, 121, 127, 128, 121, 128, 122, 122, 128, 129, 122, 129, 123, 123, 129, 130, 123, 130, 124, 124, 130, 131, 124, 131, 125, 126, 132, 133, 126, 133, 127, 127, 133, 134, 127, 134, 128, 128, 134, 135, 128, 135, 129, 129, 135, 136, 129, 136, 130, 130, 136, 137, 130, 137, 131, 132, 138, 139, 132, 139, 133, 133, 139, 140, 133, 140, 134, 134, 140, 141, 134, 141, 135, 135, 141, 142, 135, 142, 136, 136, 142, 143, 136, 143, 137, 145, 151, 150, 145, 150, 144, 146, 152, 151, 146, 151, 145, 147, 153, 152, 147, 152, 146, 148, 154, 153, 148, 153, 147, 149, 155, 154, 149, 154, 148, 151, 157, 156, 151, 156, 150, 152, 158, 157, 152, 157, 151, 153, 159, 158, 153, 158, 152, 154, 160, 159, 154, 159, 153, 155, 161, 160, 155, 160, 154, 157, 163, 162, 157, 162, 156, 158, 164, 163, 158, 163, 157, 159, 165, 164, 159, 164, 158, 160, 166, 165, 160, 165, 159, 161, 167, 166, 161, 166, 160, 163, 169, 168, 163, 168, 162, 164, 170, 169, 164, 169, 163, 165, 171, 170, 165, 170, 164, 166, 172, 171, 166, 171, 165, 167, 173, 172, 167, 172, 166, 169, 175, 174, 169, 174, 168, 170, 176, 175, 170, 175, 169, 171, 177, 176, 171, 176, 170, 172, 178, 177, 172, 177, 171, 173, 179, 178, 173, 178, 172, 180, 186, 187, 180, 187, 181, 181, 187, 188, 181, 188, 182, 182, 188, 189, 182, 189, 183, 183, 189, 190, 183, 190, 184, 184, 190, 191, 184, 191, 185, 186, 192, 193, 186, 193, 187, 187, 193, 194, 187, 194, 188, 188, 194, 195, 188, 195, 189, 189, 195, 196, 189, 196, 190, 190, 196, 197, 190, 197, 191, 192, 198, 199, 192, 199, 193, 193, 199, 200, 193, 200, 194, 194, 200, 201, 194, 201, 195, 195, 201, 202, 195, 202, 196, 196, 202, 203, 196, 203, 197, 198, 204, 205, 198, 205, 199, 199, 205, 206, 199, 206, 200, 200, 206, 207, 200, 207, 201, 201, 207, 208, 201, 208, 202, 202, 208, 209, 202, 209, 203, 204, 210, 211, 204, 211, 205, 205, 211, 212, 205, 212, 206, 206, 212, 213, 206, 213, 207, 207, 213, 214, 207, 214, 208, 208, 214, 215, 208, 215, 209]
            normal3f[] normals = [(-0.7745967, -0.4472136, -0.4472136), (-0.7668657, -0.5195657, -0.376787), (-0.8114528, -0.5844109, -0.002869297), (-0.811242, -0.5847102, 0.0005956734), (-0.7900625, -0.5555967, 0.2590629), (-0.7071068, -0.5, 0.5), (-0.7668657, -0.376787, -0.5195657), (-0.8559572, -0.3656073, -0.3656073), (-0.8962228, -0.4435991, -0.002129595), (-0.9450298, -0.3269812, 0.001429798), (-0.8844941, -0.3299016, 0.3299016), (-0.7900625, -0.2590629, 0.5555967), (-0.8144014, -0.1124346, -0.5693055), (-0.9176548, -0.1053589, -0.3831569), (-0.9888383, -0.1489756, -0.002272226), (-0.9973067, -0.07331853, 0.001951246), (-0.9280176, -0.08119649, 0.36358), (-0.810516, -0.04230146, 0.5841869), (-0.810516, 0.04230146, -0.5841869), (-0.9280176, 0.08119649, -0.36358), (-0.9973067, 0.07331853, -0.001951246), (-0.9888383, 0.1489756, 0.002272226), (-0.9176548, 0.1053589, 0.3831569), (-0.8144014, 0.1124346, 0.5693055), (-0.7900625, 0.2590629, -0.5555967), (-0.8844941, 0.3299016, -0.3299016), (-0.9450298, 0.3269812, -0.001429798), (-0.8962228, 0.4435991, 0.002129595), (-0.8559572, 0.3656073, 0.3656073), (-0.7668657, 0.376787, 0.5195657), (-0.7071068, 0.5, -0.5), (-0.7900625, 0.5555967, -0.2590629), (-0.811242, 0.5847102, -0.0005956734), (-0.8114528, 0.5844109, 0.002869297), (-0.7668657, 0.5195657, 0.376787), (-0.7745967, 0.4472136, 0.4472136), (0.7071068, -0.5, -0.5), (0.7900625, -0.5555967, -0.2590629), (0.811242, -0.5847102, -0.0005956734), (0.8114528, -0.5844109, 0.002869297), (0.7668657, -0.5195657, 0.376787), (0.7745967, -0.4472136, 0.4472136), (0.7900625, -0.2590629, -0.5555967), (0.8844941, -0.3299016, -0.3299016), (0.9450298, -0.3269812, -0.001429798), (0.8962228, -0.4435991, 0.002129595), (0.8559572, -0.3656073, 0.3656073), (0.7668657, -0.376787, 0.5195657), (0.810516, -0.04230146, -0.5841869), (0.9280176, -0.08119649, -0.36358), (0.9973067, -0.07331853, -0.001951246), (0.9888383, -0.1489756, 0.002272226), (0.9176548, -0.1053589, 0.3831569), (0.8144014, -0.1124346, 0.5693055), (0.8144014, 0.1124346, -0.5693055), (0.9176548, 0.1053589, -0.3831569), (0.9888383, 0.1489756, -0.002272226), (0.9973067, 0.07331853, 0.001951246), (0.9280176, 0.08119649, 0.36358), (0.810516, 0.04230146, 0.5841869), (0.7668657, 0.376787, -0.5195657), (0.8559572, 0.3656073, -0.3656073), (0.8962228, 0.4435991, -0.002129595), (0.9450298, 0.3269812, 0.001429798), (0.8844941, 0.3299016, 0.3299016), (0.7900625, 0.2590629, 0.5555967), (0.7745967, 0.4472136, -0.4472136), (0.7668657, 0.5195657, -0.376787), (0.8114528, 0.5844109, -0.002869297), (0.811242, 0.5847102, 0.0005956734), (0.7900625, 0.5555967, 0.2590629), (0.7071068, 0.5, 0.5), (-0.4472136, -0.7745967, -0.4472136), (-0.376787, -0.7668657, -0.5195657), (-0.0005100551, -0.8112801, -0.5846574), (0.0001048896, -0.8112422, -0.5847103), (0.2590629, -0.7900625, -0.5555967), (0.5, -0.7071068, -0.5), (-0.5195657, -0.7668657, -0.376787), (-0.3656073, -0.8559572, -0.3656073), (-0.0003768786, -0.8957447, -0.4445686), (0.0002524989, -0.9452243, -0.3264215), (0.3299016, -0.8844941, -0.3299016), (0.5555967, -0.7900625, -0.2590629), (-0.5844109, -0.8114528, -0.002869297), (-0.4435991, -0.8962228, -0.002129595), (-0.0007716258, -0.9999901, -0.004377768), (0.0001984013, -0.9999994, -0.00111492), (0.3269812, -0.9450298, -0.001429798), (0.5847102, -0.811242, -0.0005956734), (-0.5847102, -0.811242, 0.0005956734), (-0.3269812, -0.9450298, 0.001429798), (-0.0001984013, -0.9999994, 0.00111492), (0.0007716258, -0.9999901, 0.004377768), (0.4435991, -0.8962228, 0.002129595), (0.5844109, -0.8114528, 0.002869297), (-0.5555967, -0.7900625, 0.2590629), (-0.3299016, -0.8844941, 0.3299016), (-0.0002524989, -0.9452243, 0.3264215), (0.0003768786, -0.8957447, 0.4445686), (0.3656073, -0.8559572, 0.3656073), (0.5195657, -0.7668657, 0.376787), (-0.5, -0.7071068, 0.5), (-0.2590629, -0.7900625, 0.5555967), (-0.0001048896, -0.8112422, 0.5847103), (0.0005100551, -0.8112801, 0.5846574), (0.376787, -0.7668657, 0.5195657), (0.4472136, -0.7745967, 0.4472136), (-0.5, 0.7071068, -0.5), (-0.2590629, 0.7900625, -0.5555967), (-0.0001048896, 0.8112422, -0.5847103), (0.0005100551, 0.8112801, -0.5846574), (0.376787, 0.7668657, -0.5195657), (0.4472136, 0.7745967, -0.4472136), (-0.5555967, 0.7900625, -0.2590629), (-0.3299016, 0.8844941, -0.3299016), (-0.0002524989, 0.9452243, -0.3264215), (0.0003768786, 0.8957447, -0.4445686), (0.3656073, 0.8559572, -0.3656073), (0.5195657, 0.7668657, -0.376787), (-0.5847102, 0.811242, -0.0005956734), (-0.3269812, 0.9450298, -0.001429798), (-0.0001984013, 0.9999994, -0.00111492), (0.0007716258, 0.9999901, -0.004377768), (0.4435991, 0.8962228, -0.002129595), (0.5844109, 0.8114528, -0.002869297), (-0.5844109, 0.8114528, 0.002869297), (-0.4435991, 0.8962228, 0.002129595), (-0.0007716258, 0.9999901, 0.004377768), (0.0001984013, 0.9999994, 0.00111492), (0.3269812, 0.9450298, 0.001429798), (0.5847102, 0.811242, 0.0005956734), (-0.5195657, 0.7668657, 0.376787), (-0.3656073, 0.8559572, 0.3656073), (-0.0003768786, 0.8957447, 0.4445686), (0.0002524989, 0.9452243, 0.3264215), (0.3299016, 0.8844941, 0.3299016), (0.5555967, 0.7900625, 0.2590629), (-0.4472136, 0.7745967, 0.4472136), (-0.376787, 0.7668657, 0.5195657), (-0.0005100551, 0.8112801, 0.5846574), (0.0001048896, 0.8112422, 0.5847103), (0.2590629, 0.7900625, 0.5555967), (0.5, 0.7071068, 0.5), (-0.4472136, -0.4472136, -0.7745967), (-0.5195657, -0.376787, -0.7668657), (-0.5693055, -0.1124346, -0.8144014), (-0.5841869, 0.04230146, -0.810516), (-0.5555967, 0.2590629, -0.7900625), (-0.5, 0.5, -0.7071068), (-0.376787, -0.5195657, -0.7668657), (-0.3656073, -0.3656073, -0.8559572), (-0.3831569, -0.1053589, -0.9176548), (-0.36358, 0.08119649, -0.9280176), (-0.3299016, 0.3299016, -0.8844941), (-0.2590629, 0.5555967, -0.7900625), (-0.0005100551, -0.5846574, -0.8112801), (-0.0003768786, -0.4445686, -0.8957447), (-0.0004021376, -0.1495837, -0.988749), (-0.0003450325, 0.07285524, -0.9973425), (-0.0002524989, 0.3264215, -0.9452243), (-0.0001048896, 0.5847103, -0.8112422), (0.0001048896, -0.5847103, -0.8112422), (0.0002524989, -0.3264215, -0.9452243), (0.0003450325, -0.07285524, -0.9973425), (0.0004021376, 0.1495837, -0.988749), (0.0003768786, 0.4445686, -0.8957447), (0.0005100551, 0.5846574, -0.8112801), (0.2590629, -0.5555967, -0.7900625), (0.3299016, -0.3299016, -0.8844941), (0.36358, -0.08119649, -0.9280176), (0.3831569, 0.1053589, -0.9176548), (0.3656073, 0.3656073, -0.8559572), (0.376787, 0.5195657, -0.7668657), (0.5, -0.5, -0.7071068), (0.5555967, -0.2590629, -0.7900625), (0.5841869, -0.04230146, -0.810516), (0.5693055, 0.1124346, -0.8144014), (0.5195657, 0.376787, -0.7668657), (0.4472136, 0.4472136, -0.7745967), (-0.5, -0.5, 0.7071068), (-0.5555967, -0.2590629, 0.7900625), (-0.5841869, -0.04230146, 0.810516), (-0.5693055, 0.1124346, 0.8144014), (-0.5195657, 0.376787, 0.7668657), (-0.4472136, 0.4472136, 0.7745967), (-0.2590629, -0.5555967, 0.7900625), (-0.3299016, -0.3299016, 0.8844941), (-0.36358, -0.08119649, 0.9280176), (-0.3831569, 0.1053589, 0.9176548), (-0.3656073, 0.3656073, 0.8559572), (-0.376787, 0.5195657, 0.7668657), (-0.0001048896, -0.5847103, 0.8112422), (-0.0002524989, -0.3264215, 0.9452243), (-0.0003450325, -0.07285524, 0.9973425), (-0.0004021376, 0.1495837, 0.988749), (-0.0003768786, 0.4445686, 0.8957447), (-0.0005100551, 0.5846574, 0.8112801), (0.0005100551, -0.5846574, 0.8112801), (0.0003768786, -0.4445686, 0.8957447), (0.0004021376, -0.1495837, 0.988749), (0.0003450325, 0.07285524, 0.9973425), (0.0002524989, 0.3264215, 0.9452243), (0.0001048896, 0.5847103, 0.8112422), (0.376787, -0.5195657, 0.7668657), (0.3656073, -0.3656073, 0.8559572), (0.3831569, -0.1053589, 0.9176548), (0.36358, 0.08119649, 0.9280176), (0.3299016, 0.3299016, 0.8844941), (0.2590629, 0.5555967, 0.7900625), (0.4472136, -0.4472136, 0.7745967), (0.5195657, -0.376787, 0.7668657), (0.5693055, -0.1124346, 0.8144014), (0.5841869, 0.04230146, 0.810516), (0.5555967, 0.2590629, 0.7900625), (0.5, 0.5, 0.7071068)] (interpolation = "vertex")
            float3[] extent = [(-0.00867, -0.004136, 0.0108), (0.00867, -0.003976, 0.01395)]
            rel material:binding = </WorkbenchPart/Materials/strap>
            texCoord2f[] primvars:st = [(-1.645867, 4.337067), (-1.639251, 4.335149), (-1.637333, 4.328533), (-1.645867, 4.337067), (-1.637333, 4.328533), (-1.64358, 4.33082), (-1.646902, 4.3456), (-1.640249, 4.3456), (-1.639251, 4.335149), (-1.646902, 4.3456), (-1.639251, 4.335149), (-1.645867, 4.337067), (-1.646902, 5.5544), (-1.640249, 5.5544), (-1.640249, 4.3456), (-1.646902, 5.5544), (-1.640249, 4.3456), (-1.646902, 4.3456), (-1.645867, 5.562933), (-1.639251, 5.564851), (-1.640249, 5.5544), (-1.645867, 5.562933), (-1.640249, 5.5544), (-1.646902, 5.5544), (-1.64358, 5.56918), (-1.637333, 5.571467), (-1.639251, 5.564851), (-1.64358, 5.56918), (-1.639251, 5.564851), (-1.645867, 5.562933), (-1.639251, 4.335149), (-1.6288, 4.334151), (-1.6288, 4.327498), (-1.639251, 4.335149), (-1.6288, 4.327498), (-1.637333, 4.328533), (-1.640249, 4.3456), (-1.6288, 4.3456), (-1.6288, 4.334151), (-1.640249, 4.3456), (-1.6288, 4.334151), (-1.639251, 4.335149), (-1.640249, 5.5544), (-1.6288, 5.5544), (-1.6288, 4.3456), (-1.640249, 5.5544), (-1.6288, 4.3456), (-1.640249, 4.3456), (-1.639251, 5.564851), (-1.6288, 5.565849), (-1.6288, 5.5544), (-1.639251, 5.564851), (-1.6288, 5.5544), (-1.640249, 5.5544), (-1.637333, 5.571467), (-1.6288, 5.572502), (-1.6288, 5.565849), (-1.637333, 5.571467), (-1.6288, 5.565849), (-1.639251, 5.564851), (-1.6288, 4.334151), (-1.616, 4.334151), (-1.616, 4.327498), (-1.6288, 4.334151), (-1.616, 4.327498), (-1.6288, 4.327498), (-1.6288, 4.3456), (-1.616, 4.3456), (-1.616, 4.334151), (-1.6288, 4.3456), (-1.616, 4.334151), (-1.6288, 4.334151), (-1.6288, 5.5544), (-1.616, 5.5544), (-1.616, 4.3456), (-1.6288, 5.5544), (-1.616, 4.3456), (-1.6288, 4.3456), (-1.6288, 5.565849), (-1.616, 5.565849), (-1.616, 5.5544), (-1.6288, 5.565849), (-1.616, 5.5544), (-1.6288, 5.5544), (-1.6288, 5.572502), (-1.616, 5.572502), (-1.616, 5.565849), (-1.6288, 5.572502), (-1.616, 5.565849), (-1.6288, 5.565849), (-1.616, 4.334151), (-1.605549, 4.335149), (-1.607467, 4.328533), (-1.616, 4.334151), (-1.607467, 4.328533), (-1.616, 4.327498), (-1.616, 4.3456), (-1.604551, 4.3456), (-1.605549, 4.335149), (-1.616, 4.3456), (-1.605549, 4.335149), (-1.616, 4.334151), (-1.616, 5.5544), (-1.604551, 5.5544), (-1.604551, 4.3456), (-1.616, 5.5544), (-1.604551, 4.3456), (-1.616, 4.3456), (-1.616, 5.565849), (-1.605549, 5.564851), (-1.604551, 5.5544), (-1.616, 5.565849), (-1.604551, 5.5544), (-1.616, 5.5544), (-1.616, 5.572502), (-1.607467, 5.571467), (-1.605549, 5.564851), (-1.616, 5.572502), (-1.605549, 5.564851), (-1.616, 5.565849), (-1.605549, 4.335149), (-1.598933, 4.337067), (-1.60122, 4.33082), (-1.605549, 4.335149), (-1.60122, 4.33082), (-1.607467, 4.328533), (-1.604551, 4.3456), (-1.597898, 4.3456), (-1.598933, 4.337067), (-1.604551, 4.3456), (-1.598933, 4.337067), (-1.605549, 4.335149), (-1.604551, 5.5544), (-1.597898, 5.5544), (-1.597898, 4.3456), (-1.604551, 5.5544), (-1.597898, 4.3456), (-1.604551, 4.3456), (-1.605549, 5.564851), (-1.598933, 5.562933), (-1.597898, 5.5544), (-1.605549, 5.564851), (-1.597898, 5.5544), (-1.604551, 5.5544), (-1.607467, 5.571467), (-1.60122, 5.56918), (-1.598933, 5.562933), (-1.607467, 5.571467), (-1.598933, 5.562933), (-1.605549, 5.564851), (-1.64358, 4.33082), (-1.637333, 4.328533), (-1.639251, 4.335149), (-1.64358, 4.33082), (-1.639251, 4.335149), (-1.645867, 4.337067), (-1.645867, 4.337067), (-1.639251, 4.335149), (-1.640249, 4.3456), (-1.645867, 4.337067), (-1.640249, 4.3456), (-1.646902, 4.3456), (-1.646902, 4.3456), (-1.640249, 4.3456), (-1.640249, 5.5544), (-1.646902, 4.3456), (-1.640249, 5.5544), (-1.646902, 5.5544), (-1.646902, 5.5544), (-1.640249, 5.5544), (-1.639251, 5.564851), (-1.646902, 5.5544), (-1.639251, 5.564851), (-1.645867, 5.562933), (-1.645867, 5.562933), (-1.639251, 5.564851), (-1.637333, 5.571467), (-1.645867, 5.562933), (-1.637333, 5.571467), (-1.64358, 5.56918), (-1.637333, 4.328533), (-1.6288, 4.327498), (-1.6288, 4.334151), (-1.637333, 4.328533), (-1.6288, 4.334151), (-1.639251, 4.335149), (-1.639251, 4.335149), (-1.6288, 4.334151), (-1.6288, 4.3456), (-1.639251, 4.335149), (-1.6288, 4.3456), (-1.640249, 4.3456), (-1.640249, 4.3456), (-1.6288, 4.3456), (-1.6288, 5.5544), (-1.640249, 4.3456), (-1.6288, 5.5544), (-1.640249, 5.5544), (-1.640249, 5.5544), (-1.6288, 5.5544), (-1.6288, 5.565849), (-1.640249, 5.5544), (-1.6288, 5.565849), (-1.639251, 5.564851), (-1.639251, 5.564851), (-1.6288, 5.565849), (-1.6288, 5.572502), (-1.639251, 5.564851), (-1.6288, 5.572502), (-1.637333, 5.571467), (-1.6288, 4.327498), (-1.616, 4.327498), (-1.616, 4.334151), (-1.6288, 4.327498), (-1.616, 4.334151), (-1.6288, 4.334151), (-1.6288, 4.334151), (-1.616, 4.334151), (-1.616, 4.3456), (-1.6288, 4.334151), (-1.616, 4.3456), (-1.6288, 4.3456), (-1.6288, 4.3456), (-1.616, 4.3456), (-1.616, 5.5544), (-1.6288, 4.3456), (-1.616, 5.5544), (-1.6288, 5.5544), (-1.6288, 5.5544), (-1.616, 5.5544), (-1.616, 5.565849), (-1.6288, 5.5544), (-1.616, 5.565849), (-1.6288, 5.565849), (-1.6288, 5.565849), (-1.616, 5.565849), (-1.616, 5.572502), (-1.6288, 5.565849), (-1.616, 5.572502), (-1.6288, 5.572502), (-1.616, 4.327498), (-1.607467, 4.328533), (-1.605549, 4.335149), (-1.616, 4.327498), (-1.605549, 4.335149), (-1.616, 4.334151), (-1.616, 4.334151), (-1.605549, 4.335149), (-1.604551, 4.3456), (-1.616, 4.334151), (-1.604551, 4.3456), (-1.616, 4.3456), (-1.616, 4.3456), (-1.604551, 4.3456), (-1.604551, 5.5544), (-1.616, 4.3456), (-1.604551, 5.5544), (-1.616, 5.5544), (-1.616, 5.5544), (-1.604551, 5.5544), (-1.605549, 5.564851), (-1.616, 5.5544), (-1.605549, 5.564851), (-1.616, 5.565849), (-1.616, 5.565849), (-1.605549, 5.564851), (-1.607467, 5.571467), (-1.616, 5.565849), (-1.607467, 5.571467), (-1.616, 5.572502), (-1.607467, 4.328533), (-1.60122, 4.33082), (-1.598933, 4.337067), (-1.607467, 4.328533), (-1.598933, 4.337067), (-1.605549, 4.335149), (-1.605549, 4.335149), (-1.598933, 4.337067), (-1.597898, 4.3456), (-1.605549, 4.335149), (-1.597898, 4.3456), (-1.604551, 4.3456), (-1.604551, 4.3456), (-1.597898, 4.3456), (-1.597898, 5.5544), (-1.604551, 4.3456), (-1.597898, 5.5544), (-1.604551, 5.5544), (-1.604551, 5.5544), (-1.597898, 5.5544), (-1.598933, 5.562933), (-1.604551, 5.5544), (-1.598933, 5.562933), (-1.605549, 5.564851), (-1.605549, 5.564851), (-1.598933, 5.562933), (-1.60122, 5.56918), (-1.605549, 5.564851), (-1.60122, 5.56918), (-1.607467, 5.571467), (-3.450933, 4.328533), (-3.452851, 4.335149), (-3.459467, 4.337067), (-3.450933, 4.328533), (-3.459467, 4.337067), (-3.45718, 4.33082), (-3.4424, 4.327498), (-3.4424, 4.334151), (-3.452851, 4.335149), (-3.4424, 4.327498), (-3.452851, 4.335149), (-3.450933, 4.328533), (3.4424, 4.327498), (3.4424, 4.334151), (-3.4424, 4.334151), (3.4424, 4.327498), (-3.4424, 4.334151), (-3.4424, 4.327498), (3.450933, 4.328533), (3.452851, 4.335149), (3.4424, 4.334151), (3.450933, 4.328533), (3.4424, 4.334151), (3.4424, 4.327498), (3.45718, 4.33082), (3.459467, 4.337067), (3.452851, 4.335149), (3.45718, 4.33082), (3.452851, 4.335149), (3.450933, 4.328533), (-3.452851, 4.335149), (-3.453849, 4.3456), (-3.460502, 4.3456), (-3.452851, 4.335149), (-3.460502, 4.3456), (-3.459467, 4.337067), (-3.4424, 4.334151), (-3.4424, 4.3456), (-3.453849, 4.3456), (-3.4424, 4.334151), (-3.453849, 4.3456), (-3.452851, 4.335149), (3.4424, 4.334151), (3.4424, 4.3456), (-3.4424, 4.3456), (3.4424, 4.334151), (-3.4424, 4.3456), (-3.4424, 4.334151), (3.452851, 4.335149), (3.453849, 4.3456), (3.4424, 4.3456), (3.452851, 4.335149), (3.4424, 4.3456), (3.4424, 4.334151), (3.459467, 4.337067), (3.460502, 4.3456), (3.453849, 4.3456), (3.459467, 4.337067), (3.453849, 4.3456), (3.452851, 4.335149), (-3.453849, 4.3456), (-3.453849, 5.5544), (-3.460502, 5.5544), (-3.453849, 4.3456), (-3.460502, 5.5544), (-3.460502, 4.3456), (-3.4424, 4.3456), (-3.4424, 5.5544), (-3.453849, 5.5544), (-3.4424, 4.3456), (-3.453849, 5.5544), (-3.453849, 4.3456), (3.4424, 4.3456), (3.4424, 5.5544), (-3.4424, 5.5544), (3.4424, 4.3456), (-3.4424, 5.5544), (-3.4424, 4.3456), (3.453849, 4.3456), (3.453849, 5.5544), (3.4424, 5.5544), (3.453849, 4.3456), (3.4424, 5.5544), (3.4424, 4.3456), (3.460502, 4.3456), (3.460502, 5.5544), (3.453849, 5.5544), (3.460502, 4.3456), (3.453849, 5.5544), (3.453849, 4.3456), (-3.453849, 5.5544), (-3.452851, 5.564851), (-3.459467, 5.562933), (-3.453849, 5.5544), (-3.459467, 5.562933), (-3.460502, 5.5544), (-3.4424, 5.5544), (-3.4424, 5.565849), (-3.452851, 5.564851), (-3.4424, 5.5544), (-3.452851, 5.564851), (-3.453849, 5.5544), (3.4424, 5.5544), (3.4424, 5.565849), (-3.4424, 5.565849), (3.4424, 5.5544), (-3.4424, 5.565849), (-3.4424, 5.5544), (3.453849, 5.5544), (3.452851, 5.564851), (3.4424, 5.565849), (3.453849, 5.5544), (3.4424, 5.565849), (3.4424, 5.5544), (3.460502, 5.5544), (3.459467, 5.562933), (3.452851, 5.564851), (3.460502, 5.5544), (3.452851, 5.564851), (3.453849, 5.5544), (-3.452851, 5.564851), (-3.450933, 5.571467), (-3.45718, 5.56918), (-3.452851, 5.564851), (-3.45718, 5.56918), (-3.459467, 5.562933), (-3.4424, 5.565849), (-3.4424, 5.572502), (-3.450933, 5.571467), (-3.4424, 5.565849), (-3.450933, 5.571467), (-3.452851, 5.564851), (3.4424, 5.565849), (3.4424, 5.572502), (-3.4424, 5.572502), (3.4424, 5.565849), (-3.4424, 5.572502), (-3.4424, 5.565849), (3.452851, 5.564851), (3.450933, 5.571467), (3.4424, 5.572502), (3.452851, 5.564851), (3.4424, 5.572502), (3.4424, 5.565849), (3.459467, 5.562933), (3.45718, 5.56918), (3.450933, 5.571467), (3.459467, 5.562933), (3.450933, 5.571467), (3.452851, 5.564851), (-3.45718, 4.33082), (-3.459467, 4.337067), (-3.452851, 4.335149), (-3.45718, 4.33082), (-3.452851, 4.335149), (-3.450933, 4.328533), (-3.450933, 4.328533), (-3.452851, 4.335149), (-3.4424, 4.334151), (-3.450933, 4.328533), (-3.4424, 4.334151), (-3.4424, 4.327498), (-3.4424, 4.327498), (-3.4424, 4.334151), (3.4424, 4.334151), (-3.4424, 4.327498), (3.4424, 4.334151), (3.4424, 4.327498), (3.4424, 4.327498), (3.4424, 4.334151), (3.452851, 4.335149), (3.4424, 4.327498), (3.452851, 4.335149), (3.450933, 4.328533), (3.450933, 4.328533), (3.452851, 4.335149), (3.459467, 4.337067), (3.450933, 4.328533), (3.459467, 4.337067), (3.45718, 4.33082), (-3.459467, 4.337067), (-3.460502, 4.3456), (-3.453849, 4.3456), (-3.459467, 4.337067), (-3.453849, 4.3456), (-3.452851, 4.335149), (-3.452851, 4.335149), (-3.453849, 4.3456), (-3.4424, 4.3456), (-3.452851, 4.335149), (-3.4424, 4.3456), (-3.4424, 4.334151), (-3.4424, 4.334151), (-3.4424, 4.3456), (3.4424, 4.3456), (-3.4424, 4.334151), (3.4424, 4.3456), (3.4424, 4.334151), (3.4424, 4.334151), (3.4424, 4.3456), (3.453849, 4.3456), (3.4424, 4.334151), (3.453849, 4.3456), (3.452851, 4.335149), (3.452851, 4.335149), (3.453849, 4.3456), (3.460502, 4.3456), (3.452851, 4.335149), (3.460502, 4.3456), (3.459467, 4.337067), (-3.460502, 4.3456), (-3.460502, 5.5544), (-3.453849, 5.5544), (-3.460502, 4.3456), (-3.453849, 5.5544), (-3.453849, 4.3456), (-3.453849, 4.3456), (-3.453849, 5.5544), (-3.4424, 5.5544), (-3.453849, 4.3456), (-3.4424, 5.5544), (-3.4424, 4.3456), (-3.4424, 4.3456), (-3.4424, 5.5544), (3.4424, 5.5544), (-3.4424, 4.3456), (3.4424, 5.5544), (3.4424, 4.3456), (3.4424, 4.3456), (3.4424, 5.5544), (3.453849, 5.5544), (3.4424, 4.3456), (3.453849, 5.5544), (3.453849, 4.3456), (3.453849, 4.3456), (3.453849, 5.5544), (3.460502, 5.5544), (3.453849, 4.3456), (3.460502, 5.5544), (3.460502, 4.3456), (-3.460502, 5.5544), (-3.459467, 5.562933), (-3.452851, 5.564851), (-3.460502, 5.5544), (-3.452851, 5.564851), (-3.453849, 5.5544), (-3.453849, 5.5544), (-3.452851, 5.564851), (-3.4424, 5.565849), (-3.453849, 5.5544), (-3.4424, 5.565849), (-3.4424, 5.5544), (-3.4424, 5.5544), (-3.4424, 5.565849), (3.4424, 5.565849), (-3.4424, 5.5544), (3.4424, 5.565849), (3.4424, 5.5544), (3.4424, 5.5544), (3.4424, 5.565849), (3.452851, 5.564851), (3.4424, 5.5544), (3.452851, 5.564851), (3.453849, 5.5544), (3.453849, 5.5544), (3.452851, 5.564851), (3.459467, 5.562933), (3.453849, 5.5544), (3.459467, 5.562933), (3.460502, 5.5544), (-3.459467, 5.562933), (-3.45718, 5.56918), (-3.450933, 5.571467), (-3.459467, 5.562933), (-3.450933, 5.571467), (-3.452851, 5.564851), (-3.452851, 5.564851), (-3.450933, 5.571467), (-3.4424, 5.572502), (-3.452851, 5.564851), (-3.4424, 5.572502), (-3.4424, 5.565849), (-3.4424, 5.565849), (-3.4424, 5.572502), (3.4424, 5.572502), (-3.4424, 5.565849), (3.4424, 5.572502), (3.4424, 5.565849), (3.4424, 5.565849), (3.4424, 5.572502), (3.450933, 5.571467), (3.4424, 5.565849), (3.450933, 5.571467), (3.452851, 5.564851), (3.452851, 5.564851), (3.450933, 5.571467), (3.45718, 5.56918), (3.452851, 5.564851), (3.45718, 5.56918), (3.459467, 5.562933), (-3.459467, -1.637333), (-3.452851, -1.639251), (-3.450933, -1.645867), (-3.459467, -1.637333), (-3.450933, -1.645867), (-3.45718, -1.64358), (-3.460502, -1.6288), (-3.453849, -1.6288), (-3.452851, -1.639251), (-3.460502, -1.6288), (-3.452851, -1.639251), (-3.459467, -1.637333), (-3.460502, -1.616), (-3.453849, -1.616), (-3.453849, -1.6288), (-3.460502, -1.616), (-3.453849, -1.6288), (-3.460502, -1.6288), (-3.459467, -1.607467), (-3.452851, -1.605549), (-3.453849, -1.616), (-3.459467, -1.607467), (-3.453849, -1.616), (-3.460502, -1.616), (-3.45718, -1.60122), (-3.450933, -1.598933), (-3.452851, -1.605549), (-3.45718, -1.60122), (-3.452851, -1.605549), (-3.459467, -1.607467), (-3.452851, -1.639251), (-3.4424, -1.640249), (-3.4424, -1.646902), (-3.452851, -1.639251), (-3.4424, -1.646902), (-3.450933, -1.645867), (-3.453849, -1.6288), (-3.4424, -1.6288), (-3.4424, -1.640249), (-3.453849, -1.6288), (-3.4424, -1.640249), (-3.452851, -1.639251), (-3.453849, -1.616), (-3.4424, -1.616), (-3.4424, -1.6288), (-3.453849, -1.616), (-3.4424, -1.6288), (-3.453849, -1.6288), (-3.452851, -1.605549), (-3.4424, -1.604551), (-3.4424, -1.616), (-3.452851, -1.605549), (-3.4424, -1.616), (-3.453849, -1.616), (-3.450933, -1.598933), (-3.4424, -1.597898), (-3.4424, -1.604551), (-3.450933, -1.598933), (-3.4424, -1.604551), (-3.452851, -1.605549), (-3.4424, -1.640249), (3.4424, -1.640249), (3.4424, -1.646902), (-3.4424, -1.640249), (3.4424, -1.646902), (-3.4424, -1.646902), (-3.4424, -1.6288), (3.4424, -1.6288), (3.4424, -1.640249), (-3.4424, -1.6288), (3.4424, -1.640249), (-3.4424, -1.640249), (-3.4424, -1.616), (3.4424, -1.616), (3.4424, -1.6288), (-3.4424, -1.616), (3.4424, -1.6288), (-3.4424, -1.6288), (-3.4424, -1.604551), (3.4424, -1.604551), (3.4424, -1.616), (-3.4424, -1.604551), (3.4424, -1.616), (-3.4424, -1.616), (-3.4424, -1.597898), (3.4424, -1.597898), (3.4424, -1.604551), (-3.4424, -1.597898), (3.4424, -1.604551), (-3.4424, -1.604551), (3.4424, -1.640249), (3.452851, -1.639251), (3.450933, -1.645867), (3.4424, -1.640249), (3.450933, -1.645867), (3.4424, -1.646902), (3.4424, -1.6288), (3.453849, -1.6288), (3.452851, -1.639251), (3.4424, -1.6288), (3.452851, -1.639251), (3.4424, -1.640249), (3.4424, -1.616), (3.453849, -1.616), (3.453849, -1.6288), (3.4424, -1.616), (3.453849, -1.6288), (3.4424, -1.6288), (3.4424, -1.604551), (3.452851, -1.605549), (3.453849, -1.616), (3.4424, -1.604551), (3.453849, -1.616), (3.4424, -1.616), (3.4424, -1.597898), (3.450933, -1.598933), (3.452851, -1.605549), (3.4424, -1.597898), (3.452851, -1.605549), (3.4424, -1.604551), (3.452851, -1.639251), (3.459467, -1.637333), (3.45718, -1.64358), (3.452851, -1.639251), (3.45718, -1.64358), (3.450933, -1.645867), (3.453849, -1.6288), (3.460502, -1.6288), (3.459467, -1.637333), (3.453849, -1.6288), (3.459467, -1.637333), (3.452851, -1.639251), (3.453849, -1.616), (3.460502, -1.616), (3.460502, -1.6288), (3.453849, -1.616), (3.460502, -1.6288), (3.453849, -1.6288), (3.452851, -1.605549), (3.459467, -1.607467), (3.460502, -1.616), (3.452851, -1.605549), (3.460502, -1.616), (3.453849, -1.616), (3.450933, -1.598933), (3.45718, -1.60122), (3.459467, -1.607467), (3.450933, -1.598933), (3.459467, -1.607467), (3.452851, -1.605549), (-3.45718, -1.64358), (-3.450933, -1.645867), (-3.452851, -1.639251), (-3.45718, -1.64358), (-3.452851, -1.639251), (-3.459467, -1.637333), (-3.459467, -1.637333), (-3.452851, -1.639251), (-3.453849, -1.6288), (-3.459467, -1.637333), (-3.453849, -1.6288), (-3.460502, -1.6288), (-3.460502, -1.6288), (-3.453849, -1.6288), (-3.453849, -1.616), (-3.460502, -1.6288), (-3.453849, -1.616), (-3.460502, -1.616), (-3.460502, -1.616), (-3.453849, -1.616), (-3.452851, -1.605549), (-3.460502, -1.616), (-3.452851, -1.605549), (-3.459467, -1.607467), (-3.459467, -1.607467), (-3.452851, -1.605549), (-3.450933, -1.598933), (-3.459467, -1.607467), (-3.450933, -1.598933), (-3.45718, -1.60122), (-3.450933, -1.645867), (-3.4424, -1.646902), (-3.4424, -1.640249), (-3.450933, -1.645867), (-3.4424, -1.640249), (-3.452851, -1.639251), (-3.452851, -1.639251), (-3.4424, -1.640249), (-3.4424, -1.6288), (-3.452851, -1.639251), (-3.4424, -1.6288), (-3.453849, -1.6288), (-3.453849, -1.6288), (-3.4424, -1.6288), (-3.4424, -1.616), (-3.453849, -1.6288), (-3.4424, -1.616), (-3.453849, -1.616), (-3.453849, -1.616), (-3.4424, -1.616), (-3.4424, -1.604551), (-3.453849, -1.616), (-3.4424, -1.604551), (-3.452851, -1.605549), (-3.452851, -1.605549), (-3.4424, -1.604551), (-3.4424, -1.597898), (-3.452851, -1.605549), (-3.4424, -1.597898), (-3.450933, -1.598933), (-3.4424, -1.646902), (3.4424, -1.646902), (3.4424, -1.640249), (-3.4424, -1.646902), (3.4424, -1.640249), (-3.4424, -1.640249), (-3.4424, -1.640249), (3.4424, -1.640249), (3.4424, -1.6288), (-3.4424, -1.640249), (3.4424, -1.6288), (-3.4424, -1.6288), (-3.4424, -1.6288), (3.4424, -1.6288), (3.4424, -1.616), (-3.4424, -1.6288), (3.4424, -1.616), (-3.4424, -1.616), (-3.4424, -1.616), (3.4424, -1.616), (3.4424, -1.604551), (-3.4424, -1.616), (3.4424, -1.604551), (-3.4424, -1.604551), (-3.4424, -1.604551), (3.4424, -1.604551), (3.4424, -1.597898), (-3.4424, -1.604551), (3.4424, -1.597898), (-3.4424, -1.597898), (3.4424, -1.646902), (3.450933, -1.645867), (3.452851, -1.639251), (3.4424, -1.646902), (3.452851, -1.639251), (3.4424, -1.640249), (3.4424, -1.640249), (3.452851, -1.639251), (3.453849, -1.6288), (3.4424, -1.640249), (3.453849, -1.6288), (3.4424, -1.6288), (3.4424, -1.6288), (3.453849, -1.6288), (3.453849, -1.616), (3.4424, -1.6288), (3.453849, -1.616), (3.4424, -1.616), (3.4424, -1.616), (3.453849, -1.616), (3.452851, -1.605549), (3.4424, -1.616), (3.452851, -1.605549), (3.4424, -1.604551), (3.4424, -1.604551), (3.452851, -1.605549), (3.450933, -1.598933), (3.4424, -1.604551), (3.450933, -1.598933), (3.4424, -1.597898), (3.450933, -1.645867), (3.45718, -1.64358), (3.459467, -1.637333), (3.450933, -1.645867), (3.459467, -1.637333), (3.452851, -1.639251), (3.452851, -1.639251), (3.459467, -1.637333), (3.460502, -1.6288), (3.452851, -1.639251), (3.460502, -1.6288), (3.453849, -1.6288), (3.453849, -1.6288), (3.460502, -1.6288), (3.460502, -1.616), (3.453849, -1.6288), (3.460502, -1.616), (3.453849, -1.616), (3.453849, -1.616), (3.460502, -1.616), (3.459467, -1.607467), (3.453849, -1.616), (3.459467, -1.607467), (3.452851, -1.605549), (3.452851, -1.605549), (3.459467, -1.607467), (3.45718, -1.60122), (3.452851, -1.605549), (3.45718, -1.60122), (3.450933, -1.598933)] (interpolation = "faceVarying")
        }
        def Mesh "StrapBuckle_01" (prepend apiSchemas = ["MaterialBindingAPI"])
        {
            uniform token subdivisionScheme = "none"
            uniform token orientation = "rightHanded"
            bool doubleSided = false
            point3f[] points = [(0.003623254, 0.004209254, 0.01044825), (0.003612, 0.004198, 0.010479), (0.003606905, 0.004192905, 0.010521), (0.003606905, 0.004192905, 0.014229), (0.003612, 0.004198, 0.014271), (0.003623254, 0.004209254, 0.01430175), (0.003612, 0.00424, 0.010437), (0.003593121, 0.004230561, 0.01046956), (0.003583302, 0.004225651, 0.010521), (0.003583302, 0.004225651, 0.014229), (0.003593121, 0.004230561, 0.01428044), (0.003612, 0.00424, 0.014313), (0.003606905, 0.004282, 0.0104319), (0.003583302, 0.004282, 0.01046465), (0.00357, 0.004282, 0.010521), (0.00357, 0.004282, 0.014229), (0.003583302, 0.004282, 0.01428535), (0.003606905, 0.004282, 0.0143181), (0.003606905, 0.00431, 0.0104319), (0.003583302, 0.00431, 0.01046465), (0.00357, 0.00431, 0.010521), (0.00357, 0.00431, 0.014229), (0.003583302, 0.00431, 0.01428535), (0.003606905, 0.00431, 0.0143181), (0.003612, 0.004352, 0.010437), (0.003593121, 0.004361439, 0.01046956), (0.003583302, 0.004366349, 0.010521), (0.003583302, 0.004366349, 0.014229), (0.003593121, 0.004361439, 0.01428044), (0.003612, 0.004352, 0.014313), (0.003623254, 0.004382746, 0.01044825), (0.003612, 0.004394, 0.010479), (0.003606905, 0.004399095, 0.010521), (0.003606905, 0.004399095, 0.014229), (0.003612, 0.004394, 0.014271), (0.003623254, 0.004382746, 0.01430175), (0.007596746, 0.004209254, 0.01044825), (0.007608, 0.004198, 0.010479), (0.007613095, 0.004192905, 0.010521), (0.007613095, 0.004192905, 0.014229), (0.007608, 0.004198, 0.014271), (0.007596746, 0.004209254, 0.01430175), (0.007608, 0.00424, 0.010437), (0.007626879, 0.004230561, 0.01046956), (0.007636698, 0.004225651, 0.010521), (0.007636698, 0.004225651, 0.014229), (0.007626879, 0.004230561, 0.01428044), (0.007608, 0.00424, 0.014313), (0.007613095, 0.004282, 0.0104319), (0.007636698, 0.004282, 0.01046465), (0.00765, 0.004282, 0.010521), (0.00765, 0.004282, 0.014229), (0.007636698, 0.004282, 0.01428535), (0.007613095, 0.004282, 0.0143181), (0.007613095, 0.00431, 0.0104319), (0.007636698, 0.00431, 0.01046465), (0.00765, 0.00431, 0.010521), (0.00765, 0.00431, 0.014229), (0.007636698, 0.00431, 0.01428535), (0.007613095, 0.00431, 0.0143181), (0.007608, 0.004352, 0.010437), (0.007626879, 0.004361439, 0.01046956), (0.007636698, 0.004366349, 0.010521), (0.007636698, 0.004366349, 0.014229), (0.007626879, 0.004361439, 0.01428044), (0.007608, 0.004352, 0.014313), (0.007596746, 0.004382746, 0.01044825), (0.007608, 0.004394, 0.010479), (0.007613095, 0.004399095, 0.010521), (0.007613095, 0.004399095, 0.014229), (0.007608, 0.004394, 0.014271), (0.007596746, 0.004382746, 0.01430175), (0.003623254, 0.004209254, 0.01044825), (0.003654, 0.004198, 0.010437), (0.003696, 0.004192905, 0.0104319), (0.007524, 0.004192905, 0.0104319), (0.007566, 0.004198, 0.010437), (0.007596746, 0.004209254, 0.01044825), (0.003612, 0.004198, 0.010479), (0.003644561, 0.004179121, 0.01046956), (0.003696, 0.004169302, 0.01046465), (0.007524, 0.004169302, 0.01046465), (0.007575439, 0.004179121, 0.01046956), (0.007608, 0.004198, 0.010479), (0.003606905, 0.004192905, 0.010521), (0.003639651, 0.004169302, 0.010521), (0.003696, 0.004156, 0.010521), (0.007524, 0.004156, 0.010521), (0.007580349, 0.004169302, 0.010521), (0.007613095, 0.004192905, 0.010521), (0.003606905, 0.004192905, 0.014229), (0.003639651, 0.004169302, 0.014229), (0.003696, 0.004156, 0.014229), (0.007524, 0.004156, 0.014229), (0.007580349, 0.004169302, 0.014229), (0.007613095, 0.004192905, 0.014229), (0.003612, 0.004198, 0.014271), (0.003644561, 0.004179121, 0.01428044), (0.003696, 0.004169302, 0.01428535), (0.007524, 0.004169302, 0.01428535), (0.007575439, 0.004179121, 0.01428044), (0.007608, 0.004198, 0.014271), (0.003623254, 0.004209254, 0.01430175), (0.003654, 0.004198, 0.014313), (0.003696, 0.004192905, 0.0143181), (0.007524, 0.004192905, 0.0143181), (0.007566, 0.004198, 0.014313), (0.007596746, 0.004209254, 0.01430175), (0.003623254, 0.004382746, 0.01044825), (0.003654, 0.004394, 0.010437), (0.003696, 0.004399095, 0.0104319), (0.007524, 0.004399095, 0.0104319), (0.007566, 0.004394, 0.010437), (0.007596746, 0.004382746, 0.01044825), (0.003612, 0.004394, 0.010479), (0.003644561, 0.004412879, 0.01046956), (0.003696, 0.004422698, 0.01046465), (0.007524, 0.004422698, 0.01046465), (0.007575439, 0.004412879, 0.01046956), (0.007608, 0.004394, 0.010479), (0.003606905, 0.004399095, 0.010521), (0.003639651, 0.004422698, 0.010521), (0.003696, 0.004436, 0.010521), (0.007524, 0.004436, 0.010521), (0.007580349, 0.004422698, 0.010521), (0.007613095, 0.004399095, 0.010521), (0.003606905, 0.004399095, 0.014229), (0.003639651, 0.004422698, 0.014229), (0.003696, 0.004436, 0.014229), (0.007524, 0.004436, 0.014229), (0.007580349, 0.004422698, 0.014229), (0.007613095, 0.004399095, 0.014229), (0.003612, 0.004394, 0.014271), (0.003644561, 0.004412879, 0.01428044), (0.003696, 0.004422698, 0.01428535), (0.007524, 0.004422698, 0.01428535), (0.007575439, 0.004412879, 0.01428044), (0.007608, 0.004394, 0.014271), (0.003623254, 0.004382746, 0.01430175), (0.003654, 0.004394, 0.014313), (0.003696, 0.004399095, 0.0143181), (0.007524, 0.004399095, 0.0143181), (0.007566, 0.004394, 0.014313), (0.007596746, 0.004382746, 0.01430175), (0.003623254, 0.004209254, 0.01044825), (0.003612, 0.00424, 0.010437), (0.003606905, 0.004282, 0.0104319), (0.003606905, 0.00431, 0.0104319), (0.003612, 0.004352, 0.010437), (0.003623254, 0.004382746, 0.01044825), (0.003654, 0.004198, 0.010437), (0.003644561, 0.004230561, 0.01041812), (0.003639651, 0.004282, 0.0104083), (0.003639651, 0.00431, 0.0104083), (0.003644561, 0.004361439, 0.01041812), (0.003654, 0.004394, 0.010437), (0.003696, 0.004192905, 0.0104319), (0.003696, 0.004225651, 0.0104083), (0.003696, 0.004282, 0.010395), (0.003696, 0.00431, 0.010395), (0.003696, 0.004366349, 0.0104083), (0.003696, 0.004399095, 0.0104319), (0.007524, 0.004192905, 0.0104319), (0.007524, 0.004225651, 0.0104083), (0.007524, 0.004282, 0.010395), (0.007524, 0.00431, 0.010395), (0.007524, 0.004366349, 0.0104083), (0.007524, 0.004399095, 0.0104319), (0.007566, 0.004198, 0.010437), (0.007575439, 0.004230561, 0.01041812), (0.007580349, 0.004282, 0.0104083), (0.007580349, 0.00431, 0.0104083), (0.007575439, 0.004361439, 0.01041812), (0.007566, 0.004394, 0.010437), (0.007596746, 0.004209254, 0.01044825), (0.007608, 0.00424, 0.010437), (0.007613095, 0.004282, 0.0104319), (0.007613095, 0.00431, 0.0104319), (0.007608, 0.004352, 0.010437), (0.007596746, 0.004382746, 0.01044825), (0.003623254, 0.004209254, 0.01430175), (0.003612, 0.00424, 0.014313), (0.003606905, 0.004282, 0.0143181), (0.003606905, 0.00431, 0.0143181), (0.003612, 0.004352, 0.014313), (0.003623254, 0.004382746, 0.01430175), (0.003654, 0.004198, 0.014313), (0.003644561, 0.004230561, 0.01433188), (0.003639651, 0.004282, 0.0143417), (0.003639651, 0.00431, 0.0143417), (0.003644561, 0.004361439, 0.01433188), (0.003654, 0.004394, 0.014313), (0.003696, 0.004192905, 0.0143181), (0.003696, 0.004225651, 0.0143417), (0.003696, 0.004282, 0.014355), (0.003696, 0.00431, 0.014355), (0.003696, 0.004366349, 0.0143417), (0.003696, 0.004399095, 0.0143181), (0.007524, 0.004192905, 0.0143181), (0.007524, 0.004225651, 0.0143417), (0.007524, 0.004282, 0.014355), (0.007524, 0.00431, 0.014355), (0.007524, 0.004366349, 0.0143417), (0.007524, 0.004399095, 0.0143181), (0.007566, 0.004198, 0.014313), (0.007575439, 0.004230561, 0.01433188), (0.007580349, 0.004282, 0.0143417), (0.007580349, 0.00431, 0.0143417), (0.007575439, 0.004361439, 0.01433188), (0.007566, 0.004394, 0.014313), (0.007596746, 0.004209254, 0.01430175), (0.007608, 0.00424, 0.014313), (0.007613095, 0.004282, 0.0143181), (0.007613095, 0.00431, 0.0143181), (0.007608, 0.004352, 0.014313), (0.007596746, 0.004382746, 0.01430175)]
            int[] faceVertexCounts = [3, 3, 3, 3, 3, 3, 3, 3, 3, 3, 3, 3, 3, 3, 3, 3, 3, 3, 3, 3, 3, 3, 3, 3, 3, 3, 3, 3, 3, 3, 3, 3, 3, 3, 3, 3, 3, 3, 3, 3, 3, 3, 3, 3, 3, 3, 3, 3, 3, 3, 3, 3, 3, 3, 3, 3, 3, 3, 3, 3, 3, 3, 3, 3, 3, 3, 3, 3, 3, 3, 3, 3, 3, 3, 3, 3, 3, 3, 3, 3, 3, 3, 3, 3, 3, 3, 3, 3, 3, 3, 3, 3, 3, 3, 3, 3, 3, 3, 3, 3, 3, 3, 3, 3, 3, 3, 3, 3, 3, 3, 3, 3, 3, 3, 3, 3, 3, 3, 3, 3, 3, 3, 3, 3, 3, 3, 3, 3, 3, 3, 3, 3, 3, 3, 3, 3, 3, 3, 3, 3, 3, 3, 3, 3, 3, 3, 3, 3, 3, 3, 3, 3, 3, 3, 3, 3, 3, 3, 3, 3, 3, 3, 3, 3, 3, 3, 3, 3, 3, 3, 3, 3, 3, 3, 3, 3, 3, 3, 3, 3, 3, 3, 3, 3, 3, 3, 3, 3, 3, 3, 3, 3, 3, 3, 3, 3, 3, 3, 3, 3, 3, 3, 3, 3, 3, 3, 3, 3, 3, 3, 3, 3, 3, 3, 3, 3, 3, 3, 3, 3, 3, 3, 3, 3, 3, 3, 3, 3, 3, 3, 3, 3, 3, 3, 3, 3, 3, 3, 3, 3, 3, 3, 3, 3, 3, 3, 3, 3, 3, 3, 3, 3, 3, 3, 3, 3, 3, 3, 3, 3, 3, 3, 3, 3, 3, 3, 3, 3, 3, 3, 3, 3, 3, 3, 3, 3, 3, 3, 3, 3, 3, 3, 3, 3, 3, 3, 3, 3, 3, 3, 3, 3, 3, 3, 3, 3, 3, 3, 3, 3]
            int[] faceVertexIndices = [1, 7, 6, 1, 6, 0, 2, 8, 7, 2, 7, 1, 3, 9, 8, 3, 8, 2, 4, 10, 9, 4, 9, 3, 5, 11, 10, 5, 10, 4, 7, 13, 12, 7, 12, 6, 8, 14, 13, 8, 13, 7, 9, 15, 14, 9, 14, 8, 10, 16, 15, 10, 15, 9, 11, 17, 16, 11, 16, 10, 13, 19, 18, 13, 18, 12, 14, 20, 19, 14, 19, 13, 15, 21, 20, 15, 20, 14, 16, 22, 21, 16, 21, 15, 17, 23, 22, 17, 22, 16, 19, 25, 24, 19, 24, 18, 20, 26, 25, 20, 25, 19, 21, 27, 26, 21, 26, 20, 22, 28, 27, 22, 27, 21, 23, 29, 28, 23, 28, 22, 25, 31, 30, 25, 30, 24, 26, 32, 31, 26, 31, 25, 27, 33, 32, 27, 32, 26, 28, 34, 33, 28, 33, 27, 29, 35, 34, 29, 34, 28, 36, 42, 43, 36, 43, 37, 37, 43, 44, 37, 44, 38, 38, 44, 45, 38, 45, 39, 39, 45, 46, 39, 46, 40, 40, 46, 47, 40, 47, 41, 42, 48, 49, 42, 49, 43, 43, 49, 50, 43, 50, 44, 44, 50, 51, 44, 51, 45, 45, 51, 52, 45, 52, 46, 46, 52, 53, 46, 53, 47, 48, 54, 55, 48, 55, 49, 49, 55, 56, 49, 56, 50, 50, 56, 57, 50, 57, 51, 51, 57, 58, 51, 58, 52, 52, 58, 59, 52, 59, 53, 54, 60, 61, 54, 61, 55, 55, 61, 62, 55, 62, 56, 56, 62, 63, 56, 63, 57, 57, 63, 64, 57, 64, 58, 58, 64, 65, 58, 65, 59, 60, 66, 67, 60, 67, 61, 61, 67, 68, 61, 68, 62, 62, 68, 69, 62, 69, 63, 63, 69, 70, 63, 70, 64, 64, 70, 71, 64, 71, 65, 73, 79, 78, 73, 78, 72, 74, 80, 79, 74, 79, 73, 75, 81, 80, 75, 80, 74, 76, 82, 81, 76, 81, 75, 77, 83, 82, 77, 82, 76, 79, 85, 84, 79, 84, 78, 80, 86, 85, 80, 85, 79, 81, 87, 86, 81, 86, 80, 82, 88, 87, 82, 87, 81, 83, 89, 88, 83, 88, 82, 85, 91, 90, 85, 90, 84, 86, 92, 91, 86, 91, 85, 87, 93, 92, 87, 92, 86, 88, 94, 93, 88, 93, 87, 89, 95, 94, 89, 94, 88, 91, 97, 96, 91, 96, 90, 92, 98, 97, 92, 97, 91, 93, 99, 98, 93, 98, 92, 94, 100, 99, 94, 99, 93, 95, 101, 100, 95, 100, 94, 97, 103, 102, 97, 102, 96, 98, 104, 103, 98, 103, 97, 99, 105, 104, 99, 104, 98, 100, 106, 105, 100, 105, 99, 101, 107, 106, 101, 106, 100, 108, 114, 115, 108, 115, 109, 109, 115, 116, 109, 116, 110, 110, 116, 117, 110, 117, 111, 111, 117, 118, 111, 118, 112, 112, 118, 119, 112, 119, 113, 114, 120, 121, 114, 121, 115, 115, 121, 122, 115, 122, 116, 116, 122, 123, 116, 123, 117, 117, 123, 124, 117, 124, 118, 118, 124, 125, 118, 125, 119, 120, 126, 127, 120, 127, 121, 121, 127, 128, 121, 128, 122, 122, 128, 129, 122, 129, 123, 123, 129, 130, 123, 130, 124, 124, 130, 131, 124, 131, 125, 126, 132, 133, 126, 133, 127, 127, 133, 134, 127, 134, 128, 128, 134, 135, 128, 135, 129, 129, 135, 136, 129, 136, 130, 130, 136, 137, 130, 137, 131, 132, 138, 139, 132, 139, 133, 133, 139, 140, 133, 140, 134, 134, 140, 141, 134, 141, 135, 135, 141, 142, 135, 142, 136, 136, 142, 143, 136, 143, 137, 145, 151, 150, 145, 150, 144, 146, 152, 151, 146, 151, 145, 147, 153, 152, 147, 152, 146, 148, 154, 153, 148, 153, 147, 149, 155, 154, 149, 154, 148, 151, 157, 156, 151, 156, 150, 152, 158, 157, 152, 157, 151, 153, 159, 158, 153, 158, 152, 154, 160, 159, 154, 159, 153, 155, 161, 160, 155, 160, 154, 157, 163, 162, 157, 162, 156, 158, 164, 163, 158, 163, 157, 159, 165, 164, 159, 164, 158, 160, 166, 165, 160, 165, 159, 161, 167, 166, 161, 166, 160, 163, 169, 168, 163, 168, 162, 164, 170, 169, 164, 169, 163, 165, 171, 170, 165, 170, 164, 166, 172, 171, 166, 171, 165, 167, 173, 172, 167, 172, 166, 169, 175, 174, 169, 174, 168, 170, 176, 175, 170, 175, 169, 171, 177, 176, 171, 176, 170, 172, 178, 177, 172, 177, 171, 173, 179, 178, 173, 178, 172, 180, 186, 187, 180, 187, 181, 181, 187, 188, 181, 188, 182, 182, 188, 189, 182, 189, 183, 183, 189, 190, 183, 190, 184, 184, 190, 191, 184, 191, 185, 186, 192, 193, 186, 193, 187, 187, 193, 194, 187, 194, 188, 188, 194, 195, 188, 195, 189, 189, 195, 196, 189, 196, 190, 190, 196, 197, 190, 197, 191, 192, 198, 199, 192, 199, 193, 193, 199, 200, 193, 200, 194, 194, 200, 201, 194, 201, 195, 195, 201, 202, 195, 202, 196, 196, 202, 203, 196, 203, 197, 198, 204, 205, 198, 205, 199, 199, 205, 206, 199, 206, 200, 200, 206, 207, 200, 207, 201, 201, 207, 208, 201, 208, 202, 202, 208, 209, 202, 209, 203, 204, 210, 211, 204, 211, 205, 205, 211, 212, 205, 212, 206, 206, 212, 213, 206, 213, 207, 207, 213, 214, 207, 214, 208, 208, 214, 215, 208, 215, 209]
            normal3f[] normals = [(-0.7745967, -0.4472136, -0.4472136), (-0.7668657, -0.5195657, -0.376787), (-0.811574, -0.5842319, -0.004562652), (-0.8112418, -0.58471, 0.0009537422), (-0.7900625, -0.5555967, 0.2590629), (-0.7071068, -0.5, 0.5), (-0.7668657, -0.376787, -0.5195657), (-0.8559572, -0.3656073, -0.3656073), (-0.8965662, -0.4428967, -0.003397309), (-0.9448875, -0.3273871, 0.002284438), (-0.8844941, -0.3299016, 0.3299016), (-0.7900625, -0.2590629, 0.5555967), (-0.8133397, -0.145112, -0.5634014), (-0.9225416, -0.1473858, -0.3566433), (-0.9827362, -0.1849913, -0.002781397), (-0.9929379, -0.1185707, 0.003923669), (-0.916641, -0.1211306, 0.3809156), (-0.8091137, -0.07239132, 0.5831762), (-0.8091137, 0.07239132, -0.5831762), (-0.916641, 0.1211306, -0.3809156), (-0.9929379, 0.1185707, -0.003923669), (-0.9827362, 0.1849913, 0.002781397), (-0.9225416, 0.1473858, 0.3566433), (-0.8133397, 0.145112, 0.5634014), (-0.7900625, 0.2590629, -0.5555967), (-0.8844941, 0.3299016, -0.3299016), (-0.9448875, 0.3273871, -0.002284438), (-0.8965662, 0.4428967, 0.003397309), (-0.8559572, 0.3656073, 0.3656073), (-0.7668657, 0.376787, 0.5195657), (-0.7071068, 0.5, -0.5), (-0.7900625, 0.5555967, -0.2590629), (-0.8112418, 0.58471, -0.0009537422), (-0.811574, 0.5842319, 0.004562652), (-0.7668657, 0.5195657, 0.376787), (-0.7745967, 0.4472136, 0.4472136), (0.7071068, -0.5, -0.5), (0.7900625, -0.5555967, -0.2590629), (0.8112418, -0.58471, -0.0009537422), (0.811574, -0.5842319, 0.004562652), (0.7668657, -0.5195657, 0.376787), (0.7745967, -0.4472136, 0.4472136), (0.7900625, -0.2590629, -0.5555967), (0.8844941, -0.3299016, -0.3299016), (0.9448875, -0.3273871, -0.002284438), (0.8965662, -0.4428967, 0.003397309), (0.8559572, -0.3656073, 0.3656073), (0.7668657, -0.376787, 0.5195657), (0.8091137, -0.07239132, -0.5831762), (0.916641, -0.1211306, -0.3809156), (0.9929379, -0.1185707, -0.003923669), (0.9827362, -0.1849913, 0.002781397), (0.9225416, -0.1473858, 0.3566433), (0.8133397, -0.145112, 0.5634014), (0.8133397, 0.145112, -0.5634014), (0.9225416, 0.1473858, -0.3566433), (0.9827362, 0.1849913, -0.002781397), (0.9929379, 0.1185707, 0.003923669), (0.916641, 0.1211306, 0.3809156), (0.8091137, 0.07239132, 0.5831762), (0.7668657, 0.376787, -0.5195657), (0.8559572, 0.3656073, -0.3656073), (0.8965662, 0.4428967, -0.003397309), (0.9448875, 0.3273871, 0.002284438), (0.8844941, 0.3299016, 0.3299016), (0.7900625, 0.2590629, 0.5555967), (0.7745967, 0.4472136, -0.4472136), (0.7668657, 0.5195657, -0.376787), (0.811574, 0.5842319, -0.004562652), (0.8112418, 0.58471, 0.0009537422), (0.7900625, 0.5555967, 0.2590629), (0.7071068, 0.5, 0.5), (-0.4472136, -0.7745967, -0.4472136), (-0.376787, -0.7668657, -0.5195657), (-0.004422915, -0.8115641, -0.5842467), (0.0009240074, -0.8112418, -0.58471), (0.2590629, -0.7900625, -0.5555967), (0.5, -0.7071068, -0.5), (-0.5195657, -0.7668657, -0.376787), (-0.3656073, -0.8559572, -0.3656073), (-0.003292388, -0.8965379, -0.4429549), (0.002213605, -0.9448994, -0.3273535), (0.3299016, -0.8844941, -0.3299016), (0.5555967, -0.7900625, -0.2590629), (-0.5842319, -0.811574, -0.004562652), (-0.4428967, -0.8965662, -0.003397309), (-0.006605706, -0.9999549, -0.00681787), (0.001756735, -0.9999968, -0.001812125), (0.3273871, -0.9448875, -0.002284438), (0.58471, -0.8112418, -0.0009537422), (-0.58471, -0.8112418, 0.0009537422), (-0.3273871, -0.9448875, 0.002284438), (-0.001756735, -0.9999968, 0.001812125), (0.006605706, -0.9999549, 0.00681787), (0.4428967, -0.8965662, 0.003397309), (0.5842319, -0.811574, 0.004562652), (-0.5555967, -0.7900625, 0.2590629), (-0.3299016, -0.8844941, 0.3299016), (-0.002213605, -0.9448994, 0.3273535), (0.003292388, -0.8965379, 0.4429549), (0.3656073, -0.8559572, 0.3656073), (0.5195657, -0.7668657, 0.376787), (-0.5, -0.7071068, 0.5), (-0.2590629, -0.7900625, 0.5555967), (-0.0009240074, -0.8112418, 0.58471), (0.004422915, -0.8115641, 0.5842467), (0.376787, -0.7668657, 0.5195657), (0.4472136, -0.7745967, 0.4472136), (-0.5, 0.7071068, -0.5), (-0.2590629, 0.7900625, -0.5555967), (-0.0009240074, 0.8112418, -0.58471), (0.004422915, 0.8115641, -0.5842467), (0.376787, 0.7668657, -0.5195657), (0.4472136, 0.7745967, -0.4472136), (-0.5555967, 0.7900625, -0.2590629), (-0.3299016, 0.8844941, -0.3299016), (-0.002213605, 0.9448994, -0.3273535), (0.003292388, 0.8965379, -0.4429549), (0.3656073, 0.8559572, -0.3656073), (0.5195657, 0.7668657, -0.376787), (-0.58471, 0.8112418, -0.0009537422), (-0.3273871, 0.9448875, -0.002284438), (-0.001756735, 0.9999968, -0.001812125), (0.006605706, 0.9999549, -0.00681787), (0.4428967, 0.8965662, -0.003397309), (0.5842319, 0.811574, -0.004562652), (-0.5842319, 0.811574, 0.004562652), (-0.4428967, 0.8965662, 0.003397309), (-0.006605706, 0.9999549, 0.00681787), (0.001756735, 0.9999968, 0.001812125), (0.3273871, 0.9448875, 0.002284438), (0.58471, 0.8112418, 0.0009537422), (-0.5195657, 0.7668657, 0.376787), (-0.3656073, 0.8559572, 0.3656073), (-0.003292388, 0.8965379, 0.4429549), (0.002213605, 0.9448994, 0.3273535), (0.3299016, 0.8844941, 0.3299016), (0.5555967, 0.7900625, 0.2590629), (-0.4472136, 0.7745967, 0.4472136), (-0.376787, 0.7668657, 0.5195657), (-0.004422915, 0.8115641, 0.5842467), (0.0009240074, 0.8112418, 0.58471), (0.2590629, 0.7900625, 0.5555967), (0.5, 0.7071068, 0.5), (-0.4472136, -0.4472136, -0.7745967), (-0.5195657, -0.376787, -0.7668657), (-0.5634014, -0.145112, -0.8133397), (-0.5831762, 0.07239132, -0.8091137), (-0.5555967, 0.2590629, -0.7900625), (-0.5, 0.5, -0.7071068), (-0.376787, -0.5195657, -0.7668657), (-0.3656073, -0.3656073, -0.8559572), (-0.3566433, -0.1473858, -0.9225416), (-0.3809156, 0.1211306, -0.916641), (-0.3299016, 0.3299016, -0.8844941), (-0.2590629, 0.5555967, -0.7900625), (-0.004422915, -0.5842467, -0.8115641), (-0.003292388, -0.4429549, -0.8965379), (-0.002695207, -0.1850163, -0.9827318), (-0.00380276, 0.1185402, -0.992942), (-0.002213605, 0.3273535, -0.9448994), (-0.0009240074, 0.58471, -0.8112418), (0.0009240074, -0.58471, -0.8112418), (0.002213605, -0.3273535, -0.9448994), (0.00380276, -0.1185402, -0.992942), (0.002695207, 0.1850163, -0.9827318), (0.003292388, 0.4429549, -0.8965379), (0.004422915, 0.5842467, -0.8115641), (0.2590629, -0.5555967, -0.7900625), (0.3299016, -0.3299016, -0.8844941), (0.3809156, -0.1211306, -0.916641), (0.3566433, 0.1473858, -0.9225416), (0.3656073, 0.3656073, -0.8559572), (0.376787, 0.5195657, -0.7668657), (0.5, -0.5, -0.7071068), (0.5555967, -0.2590629, -0.7900625), (0.5831762, -0.07239132, -0.8091137), (0.5634014, 0.145112, -0.8133397), (0.5195657, 0.376787, -0.7668657), (0.4472136, 0.4472136, -0.7745967), (-0.5, -0.5, 0.7071068), (-0.5555967, -0.2590629, 0.7900625), (-0.5831762, -0.07239132, 0.8091137), (-0.5634014, 0.145112, 0.8133397), (-0.5195657, 0.376787, 0.7668657), (-0.4472136, 0.4472136, 0.7745967), (-0.2590629, -0.5555967, 0.7900625), (-0.3299016, -0.3299016, 0.8844941), (-0.3809156, -0.1211306, 0.916641), (-0.3566433, 0.1473858, 0.9225416), (-0.3656073, 0.3656073, 0.8559572), (-0.376787, 0.5195657, 0.7668657), (-0.0009240074, -0.58471, 0.8112418), (-0.002213605, -0.3273535, 0.9448994), (-0.00380276, -0.1185402, 0.992942), (-0.002695207, 0.1850163, 0.9827318), (-0.003292388, 0.4429549, 0.8965379), (-0.004422915, 0.5842467, 0.8115641), (0.004422915, -0.5842467, 0.8115641), (0.003292388, -0.4429549, 0.8965379), (0.002695207, -0.1850163, 0.9827318), (0.00380276, 0.1185402, 0.992942), (0.002213605, 0.3273535, 0.9448994), (0.0009240074, 0.58471, 0.8112418), (0.376787, -0.5195657, 0.7668657), (0.3656073, -0.3656073, 0.8559572), (0.3566433, -0.1473858, 0.9225416), (0.3809156, 0.1211306, 0.916641), (0.3299016, 0.3299016, 0.8844941), (0.2590629, 0.5555967, 0.7900625), (0.4472136, -0.4472136, 0.7745967), (0.5195657, -0.376787, 0.7668657), (0.5634014, -0.145112, 0.8133397), (0.5831762, 0.07239132, 0.8091137), (0.5555967, 0.2590629, 0.7900625), (0.5, 0.5, 0.7071068)] (interpolation = "vertex")
            float3[] extent = [(0.00357, 0.004156, 0.010395), (0.00765, 0.004436, 0.014355)]
            rel material:binding = </WorkbenchPart/Materials/polymer>
            texCoord2f[] primvars:st = [(0.4664444, 1.164333), (0.4700623, 1.163285), (0.4711111, 1.159667), (0.4664444, 1.164333), (0.4711111, 1.159667), (0.4676949, 1.160917), (0.4658783, 1.169), (0.4695168, 1.169), (0.4700623, 1.163285), (0.4658783, 1.169), (0.4700623, 1.163285), (0.4664444, 1.164333), (0.4658783, 1.581), (0.4695168, 1.581), (0.4695168, 1.169), (0.4658783, 1.581), (0.4695168, 1.169), (0.4658783, 1.169), (0.4664444, 1.585667), (0.4700623, 1.586715), (0.4695168, 1.581), (0.4664444, 1.585667), (0.4695168, 1.581), (0.4658783, 1.581), (0.4676949, 1.589083), (0.4711111, 1.590333), (0.4700623, 1.586715), (0.4676949, 1.589083), (0.4700623, 1.586715), (0.4664444, 1.585667), (0.4700623, 1.163285), (0.4757778, 1.162739), (0.4757778, 1.159101), (0.4700623, 1.163285), (0.4757778, 1.159101), (0.4711111, 1.159667), (0.4695168, 1.169), (0.4757778, 1.169), (0.4757778, 1.162739), (0.4695168, 1.169), (0.4757778, 1.162739), (0.4700623, 1.163285), (0.4695168, 1.581), (0.4757778, 1.581), (0.4757778, 1.169), (0.4695168, 1.581), (0.4757778, 1.169), (0.4695168, 1.169), (0.4700623, 1.586715), (0.4757778, 1.587261), (0.4757778, 1.581), (0.4700623, 1.586715), (0.4757778, 1.581), (0.4695168, 1.581), (0.4711111, 1.590333), (0.4757778, 1.590899), (0.4757778, 1.587261), (0.4711111, 1.590333), (0.4757778, 1.587261), (0.4700623, 1.586715), (0.4757778, 1.162739), (0.4788889, 1.162739), (0.4788889, 1.159101), (0.4757778, 1.162739), (0.4788889, 1.159101), (0.4757778, 1.159101), (0.4757778, 1.169), (0.4788889, 1.169), (0.4788889, 1.162739), (0.4757778, 1.169), (0.4788889, 1.162739), (0.4757778, 1.162739), (0.4757778, 1.581), (0.4788889, 1.581), (0.4788889, 1.169), (0.4757778, 1.581), (0.4788889, 1.169), (0.4757778, 1.169), (0.4757778, 1.587261), (0.4788889, 1.587261), (0.4788889, 1.581), (0.4757778, 1.587261), (0.4788889, 1.581), (0.4757778, 1.581), (0.4757778, 1.590899), (0.4788889, 1.590899), (0.4788889, 1.587261), (0.4757778, 1.590899), (0.4788889, 1.587261), (0.4757778, 1.587261), (0.4788889, 1.162739), (0.4846044, 1.163285), (0.4835556, 1.159667), (0.4788889, 1.162739), (0.4835556, 1.159667), (0.4788889, 1.159101), (0.4788889, 1.169), (0.4851499, 1.169), (0.4846044, 1.163285), (0.4788889, 1.169), (0.4846044, 1.163285), (0.4788889, 1.162739), (0.4788889, 1.581), (0.4851499, 1.581), (0.4851499, 1.169), (0.4788889, 1.581), (0.4851499, 1.169), (0.4788889, 1.169), (0.4788889, 1.587261), (0.4846044, 1.586715), (0.4851499, 1.581), (0.4788889, 1.587261), (0.4851499, 1.581), (0.4788889, 1.581), (0.4788889, 1.590899), (0.4835556, 1.590333), (0.4846044, 1.586715), (0.4788889, 1.590899), (0.4846044, 1.586715), (0.4788889, 1.587261), (0.4846044, 1.163285), (0.4882222, 1.164333), (0.4869718, 1.160917), (0.4846044, 1.163285), (0.4869718, 1.160917), (0.4835556, 1.159667), (0.4851499, 1.169), (0.4887884, 1.169), (0.4882222, 1.164333), (0.4851499, 1.169), (0.4882222, 1.164333), (0.4846044, 1.163285), (0.4851499, 1.581), (0.4887884, 1.581), (0.4887884, 1.169), (0.4851499, 1.581), (0.4887884, 1.169), (0.4851499, 1.169), (0.4846044, 1.586715), (0.4882222, 1.585667), (0.4887884, 1.581), (0.4846044, 1.586715), (0.4887884, 1.581), (0.4851499, 1.581), (0.4835556, 1.590333), (0.4869718, 1.589083), (0.4882222, 1.585667), (0.4835556, 1.590333), (0.4882222, 1.585667), (0.4846044, 1.586715), (0.4676949, 1.160917), (0.4711111, 1.159667), (0.4700623, 1.163285), (0.4676949, 1.160917), (0.4700623, 1.163285), (0.4664444, 1.164333), (0.4664444, 1.164333), (0.4700623, 1.163285), (0.4695168, 1.169), (0.4664444, 1.164333), (0.4695168, 1.169), (0.4658783, 1.169), (0.4658783, 1.169), (0.4695168, 1.169), (0.4695168, 1.581), (0.4658783, 1.169), (0.4695168, 1.581), (0.4658783, 1.581), (0.4658783, 1.581), (0.4695168, 1.581), (0.4700623, 1.586715), (0.4658783, 1.581), (0.4700623, 1.586715), (0.4664444, 1.585667), (0.4664444, 1.585667), (0.4700623, 1.586715), (0.4711111, 1.590333), (0.4664444, 1.585667), (0.4711111, 1.590333), (0.4676949, 1.589083), (0.4711111, 1.159667), (0.4757778, 1.159101), (0.4757778, 1.162739), (0.4711111, 1.159667), (0.4757778, 1.162739), (0.4700623, 1.163285), (0.4700623, 1.163285), (0.4757778, 1.162739), (0.4757778, 1.169), (0.4700623, 1.163285), (0.4757778, 1.169), (0.4695168, 1.169), (0.4695168, 1.169), (0.4757778, 1.169), (0.4757778, 1.581), (0.4695168, 1.169), (0.4757778, 1.581), (0.4695168, 1.581), (0.4695168, 1.581), (0.4757778, 1.581), (0.4757778, 1.587261), (0.4695168, 1.581), (0.4757778, 1.587261), (0.4700623, 1.586715), (0.4700623, 1.586715), (0.4757778, 1.587261), (0.4757778, 1.590899), (0.4700623, 1.586715), (0.4757778, 1.590899), (0.4711111, 1.590333), (0.4757778, 1.159101), (0.4788889, 1.159101), (0.4788889, 1.162739), (0.4757778, 1.159101), (0.4788889, 1.162739), (0.4757778, 1.162739), (0.4757778, 1.162739), (0.4788889, 1.162739), (0.4788889, 1.169), (0.4757778, 1.162739), (0.4788889, 1.169), (0.4757778, 1.169), (0.4757778, 1.169), (0.4788889, 1.169), (0.4788889, 1.581), (0.4757778, 1.169), (0.4788889, 1.581), (0.4757778, 1.581), (0.4757778, 1.581), (0.4788889, 1.581), (0.4788889, 1.587261), (0.4757778, 1.581), (0.4788889, 1.587261), (0.4757778, 1.587261), (0.4757778, 1.587261), (0.4788889, 1.587261), (0.4788889, 1.590899), (0.4757778, 1.587261), (0.4788889, 1.590899), (0.4757778, 1.590899), (0.4788889, 1.159101), (0.4835556, 1.159667), (0.4846044, 1.163285), (0.4788889, 1.159101), (0.4846044, 1.163285), (0.4788889, 1.162739), (0.4788889, 1.162739), (0.4846044, 1.163285), (0.4851499, 1.169), (0.4788889, 1.162739), (0.4851499, 1.169), (0.4788889, 1.169), (0.4788889, 1.169), (0.4851499, 1.169), (0.4851499, 1.581), (0.4788889, 1.169), (0.4851499, 1.581), (0.4788889, 1.581), (0.4788889, 1.581), (0.4851499, 1.581), (0.4846044, 1.586715), (0.4788889, 1.581), (0.4846044, 1.586715), (0.4788889, 1.587261), (0.4788889, 1.587261), (0.4846044, 1.586715), (0.4835556, 1.590333), (0.4788889, 1.587261), (0.4835556, 1.590333), (0.4788889, 1.590899), (0.4835556, 1.159667), (0.4869718, 1.160917), (0.4882222, 1.164333), (0.4835556, 1.159667), (0.4882222, 1.164333), (0.4846044, 1.163285), (0.4846044, 1.163285), (0.4882222, 1.164333), (0.4887884, 1.169), (0.4846044, 1.163285), (0.4887884, 1.169), (0.4851499, 1.169), (0.4851499, 1.169), (0.4887884, 1.169), (0.4887884, 1.581), (0.4851499, 1.169), (0.4887884, 1.581), (0.4851499, 1.581), (0.4851499, 1.581), (0.4887884, 1.581), (0.4882222, 1.585667), (0.4851499, 1.581), (0.4882222, 1.585667), (0.4846044, 1.586715), (0.4846044, 1.586715), (0.4882222, 1.585667), (0.4869718, 1.589083), (0.4846044, 1.586715), (0.4869718, 1.589083), (0.4835556, 1.590333), (0.406, 1.159667), (0.4049512, 1.163285), (0.4013333, 1.164333), (0.406, 1.159667), (0.4013333, 1.164333), (0.4025838, 1.160917), (0.4106667, 1.159101), (0.4106667, 1.162739), (0.4049512, 1.163285), (0.4106667, 1.159101), (0.4049512, 1.163285), (0.406, 1.159667), (0.836, 1.159101), (0.836, 1.162739), (0.4106667, 1.162739), (0.836, 1.159101), (0.4106667, 1.162739), (0.4106667, 1.159101), (0.8406667, 1.159667), (0.8417155, 1.163285), (0.836, 1.162739), (0.8406667, 1.159667), (0.836, 1.162739), (0.836, 1.159101), (0.8440829, 1.160917), (0.8453333, 1.164333), (0.8417155, 1.163285), (0.8440829, 1.160917), (0.8417155, 1.163285), (0.8406667, 1.159667), (0.4049512, 1.163285), (0.4044057, 1.169), (0.4007672, 1.169), (0.4049512, 1.163285), (0.4007672, 1.169), (0.4013333, 1.164333), (0.4106667, 1.162739), (0.4106667, 1.169), (0.4044057, 1.169), (0.4106667, 1.162739), (0.4044057, 1.169), (0.4049512, 1.163285), (0.836, 1.162739), (0.836, 1.169), (0.4106667, 1.169), (0.836, 1.162739), (0.4106667, 1.169), (0.4106667, 1.162739), (0.8417155, 1.163285), (0.842261, 1.169), (0.836, 1.169), (0.8417155, 1.163285), (0.836, 1.169), (0.836, 1.162739), (0.8453333, 1.164333), (0.8458995, 1.169), (0.842261, 1.169), (0.8453333, 1.164333), (0.842261, 1.169), (0.8417155, 1.163285), (0.4044057, 1.169), (0.4044057, 1.581), (0.4007672, 1.581), (0.4044057, 1.169), (0.4007672, 1.581), (0.4007672, 1.169), (0.4106667, 1.169), (0.4106667, 1.581), (0.4044057, 1.581), (0.4106667, 1.169), (0.4044057, 1.581), (0.4044057, 1.169), (0.836, 1.169), (0.836, 1.581), (0.4106667, 1.581), (0.836, 1.169), (0.4106667, 1.581), (0.4106667, 1.169), (0.842261, 1.169), (0.842261, 1.581), (0.836, 1.581), (0.842261, 1.169), (0.836, 1.581), (0.836, 1.169), (0.8458995, 1.169), (0.8458995, 1.581), (0.842261, 1.581), (0.8458995, 1.169), (0.842261, 1.581), (0.842261, 1.169), (0.4044057, 1.581), (0.4049512, 1.586715), (0.4013333, 1.585667), (0.4044057, 1.581), (0.4013333, 1.585667), (0.4007672, 1.581), (0.4106667, 1.581), (0.4106667, 1.587261), (0.4049512, 1.586715), (0.4106667, 1.581), (0.4049512, 1.586715), (0.4044057, 1.581), (0.836, 1.581), (0.836, 1.587261), (0.4106667, 1.587261), (0.836, 1.581), (0.4106667, 1.587261), (0.4106667, 1.581), (0.842261, 1.581), (0.8417155, 1.586715), (0.836, 1.587261), (0.842261, 1.581), (0.836, 1.587261), (0.836, 1.581), (0.8458995, 1.581), (0.8453333, 1.585667), (0.8417155, 1.586715), (0.8458995, 1.581), (0.8417155, 1.586715), (0.842261, 1.581), (0.4049512, 1.586715), (0.406, 1.590333), (0.4025838, 1.589083), (0.4049512, 1.586715), (0.4025838, 1.589083), (0.4013333, 1.585667), (0.4106667, 1.587261), (0.4106667, 1.590899), (0.406, 1.590333), (0.4106667, 1.587261), (0.406, 1.590333), (0.4049512, 1.586715), (0.836, 1.587261), (0.836, 1.590899), (0.4106667, 1.590899), (0.836, 1.587261), (0.4106667, 1.590899), (0.4106667, 1.587261), (0.8417155, 1.586715), (0.8406667, 1.590333), (0.836, 1.590899), (0.8417155, 1.586715), (0.836, 1.590899), (0.836, 1.587261), (0.8453333, 1.585667), (0.8440829, 1.589083), (0.8406667, 1.590333), (0.8453333, 1.585667), (0.8406667, 1.590333), (0.8417155, 1.586715), (0.4025838, 1.160917), (0.4013333, 1.164333), (0.4049512, 1.163285), (0.4025838, 1.160917), (0.4049512, 1.163285), (0.406, 1.159667), (0.406, 1.159667), (0.4049512, 1.163285), (0.4106667, 1.162739), (0.406, 1.159667), (0.4106667, 1.162739), (0.4106667, 1.159101), (0.4106667, 1.159101), (0.4106667, 1.162739), (0.836, 1.162739), (0.4106667, 1.159101), (0.836, 1.162739), (0.836, 1.159101), (0.836, 1.159101), (0.836, 1.162739), (0.8417155, 1.163285), (0.836, 1.159101), (0.8417155, 1.163285), (0.8406667, 1.159667), (0.8406667, 1.159667), (0.8417155, 1.163285), (0.8453333, 1.164333), (0.8406667, 1.159667), (0.8453333, 1.164333), (0.8440829, 1.160917), (0.4013333, 1.164333), (0.4007672, 1.169), (0.4044057, 1.169), (0.4013333, 1.164333), (0.4044057, 1.169), (0.4049512, 1.163285), (0.4049512, 1.163285), (0.4044057, 1.169), (0.4106667, 1.169), (0.4049512, 1.163285), (0.4106667, 1.169), (0.4106667, 1.162739), (0.4106667, 1.162739), (0.4106667, 1.169), (0.836, 1.169), (0.4106667, 1.162739), (0.836, 1.169), (0.836, 1.162739), (0.836, 1.162739), (0.836, 1.169), (0.842261, 1.169), (0.836, 1.162739), (0.842261, 1.169), (0.8417155, 1.163285), (0.8417155, 1.163285), (0.842261, 1.169), (0.8458995, 1.169), (0.8417155, 1.163285), (0.8458995, 1.169), (0.8453333, 1.164333), (0.4007672, 1.169), (0.4007672, 1.581), (0.4044057, 1.581), (0.4007672, 1.169), (0.4044057, 1.581), (0.4044057, 1.169), (0.4044057, 1.169), (0.4044057, 1.581), (0.4106667, 1.581), (0.4044057, 1.169), (0.4106667, 1.581), (0.4106667, 1.169), (0.4106667, 1.169), (0.4106667, 1.581), (0.836, 1.581), (0.4106667, 1.169), (0.836, 1.581), (0.836, 1.169), (0.836, 1.169), (0.836, 1.581), (0.842261, 1.581), (0.836, 1.169), (0.842261, 1.581), (0.842261, 1.169), (0.842261, 1.169), (0.842261, 1.581), (0.8458995, 1.581), (0.842261, 1.169), (0.8458995, 1.581), (0.8458995, 1.169), (0.4007672, 1.581), (0.4013333, 1.585667), (0.4049512, 1.586715), (0.4007672, 1.581), (0.4049512, 1.586715), (0.4044057, 1.581), (0.4044057, 1.581), (0.4049512, 1.586715), (0.4106667, 1.587261), (0.4044057, 1.581), (0.4106667, 1.587261), (0.4106667, 1.581), (0.4106667, 1.581), (0.4106667, 1.587261), (0.836, 1.587261), (0.4106667, 1.581), (0.836, 1.587261), (0.836, 1.581), (0.836, 1.581), (0.836, 1.587261), (0.8417155, 1.586715), (0.836, 1.581), (0.8417155, 1.586715), (0.842261, 1.581), (0.842261, 1.581), (0.8417155, 1.586715), (0.8453333, 1.585667), (0.842261, 1.581), (0.8453333, 1.585667), (0.8458995, 1.581), (0.4013333, 1.585667), (0.4025838, 1.589083), (0.406, 1.590333), (0.4013333, 1.585667), (0.406, 1.590333), (0.4049512, 1.586715), (0.4049512, 1.586715), (0.406, 1.590333), (0.4106667, 1.590899), (0.4049512, 1.586715), (0.4106667, 1.590899), (0.4106667, 1.587261), (0.4106667, 1.587261), (0.4106667, 1.590899), (0.836, 1.590899), (0.4106667, 1.587261), (0.836, 1.590899), (0.836, 1.587261), (0.836, 1.587261), (0.836, 1.590899), (0.8406667, 1.590333), (0.836, 1.587261), (0.8406667, 1.590333), (0.8417155, 1.586715), (0.8417155, 1.586715), (0.8406667, 1.590333), (0.8440829, 1.589083), (0.8417155, 1.586715), (0.8440829, 1.589083), (0.8453333, 1.585667), (0.4013333, 0.4711111), (0.4049512, 0.4700623), (0.406, 0.4664444), (0.4013333, 0.4711111), (0.406, 0.4664444), (0.4025838, 0.4676949), (0.4007672, 0.4757778), (0.4044057, 0.4757778), (0.4049512, 0.4700623), (0.4007672, 0.4757778), (0.4049512, 0.4700623), (0.4013333, 0.4711111), (0.4007672, 0.4788889), (0.4044057, 0.4788889), (0.4044057, 0.4757778), (0.4007672, 0.4788889), (0.4044057, 0.4757778), (0.4007672, 0.4757778), (0.4013333, 0.4835556), (0.4049512, 0.4846044), (0.4044057, 0.4788889), (0.4013333, 0.4835556), (0.4044057, 0.4788889), (0.4007672, 0.4788889), (0.4025838, 0.4869718), (0.406, 0.4882222), (0.4049512, 0.4846044), (0.4025838, 0.4869718), (0.4049512, 0.4846044), (0.4013333, 0.4835556), (0.4049512, 0.4700623), (0.4106667, 0.4695168), (0.4106667, 0.4658783), (0.4049512, 0.4700623), (0.4106667, 0.4658783), (0.406, 0.4664444), (0.4044057, 0.4757778), (0.4106667, 0.4757778), (0.4106667, 0.4695168), (0.4044057, 0.4757778), (0.4106667, 0.4695168), (0.4049512, 0.4700623), (0.4044057, 0.4788889), (0.4106667, 0.4788889), (0.4106667, 0.4757778), (0.4044057, 0.4788889), (0.4106667, 0.4757778), (0.4044057, 0.4757778), (0.4049512, 0.4846044), (0.4106667, 0.4851499), (0.4106667, 0.4788889), (0.4049512, 0.4846044), (0.4106667, 0.4788889), (0.4044057, 0.4788889), (0.406, 0.4882222), (0.4106667, 0.4887884), (0.4106667, 0.4851499), (0.406, 0.4882222), (0.4106667, 0.4851499), (0.4049512, 0.4846044), (0.4106667, 0.4695168), (0.836, 0.4695168), (0.836, 0.4658783), (0.4106667, 0.4695168), (0.836, 0.4658783), (0.4106667, 0.4658783), (0.4106667, 0.4757778), (0.836, 0.4757778), (0.836, 0.4695168), (0.4106667, 0.4757778), (0.836, 0.4695168), (0.4106667, 0.4695168), (0.4106667, 0.4788889), (0.836, 0.4788889), (0.836, 0.4757778), (0.4106667, 0.4788889), (0.836, 0.4757778), (0.4106667, 0.4757778), (0.4106667, 0.4851499), (0.836, 0.4851499), (0.836, 0.4788889), (0.4106667, 0.4851499), (0.836, 0.4788889), (0.4106667, 0.4788889), (0.4106667, 0.4887884), (0.836, 0.4887884), (0.836, 0.4851499), (0.4106667, 0.4887884), (0.836, 0.4851499), (0.4106667, 0.4851499), (0.836, 0.4695168), (0.8417155, 0.4700623), (0.8406667, 0.4664444), (0.836, 0.4695168), (0.8406667, 0.4664444), (0.836, 0.4658783), (0.836, 0.4757778), (0.842261, 0.4757778), (0.8417155, 0.4700623), (0.836, 0.4757778), (0.8417155, 0.4700623), (0.836, 0.4695168), (0.836, 0.4788889), (0.842261, 0.4788889), (0.842261, 0.4757778), (0.836, 0.4788889), (0.842261, 0.4757778), (0.836, 0.4757778), (0.836, 0.4851499), (0.8417155, 0.4846044), (0.842261, 0.4788889), (0.836, 0.4851499), (0.842261, 0.4788889), (0.836, 0.4788889), (0.836, 0.4887884), (0.8406667, 0.4882222), (0.8417155, 0.4846044), (0.836, 0.4887884), (0.8417155, 0.4846044), (0.836, 0.4851499), (0.8417155, 0.4700623), (0.8453333, 0.4711111), (0.8440829, 0.4676949), (0.8417155, 0.4700623), (0.8440829, 0.4676949), (0.8406667, 0.4664444), (0.842261, 0.4757778), (0.8458995, 0.4757778), (0.8453333, 0.4711111), (0.842261, 0.4757778), (0.8453333, 0.4711111), (0.8417155, 0.4700623), (0.842261, 0.4788889), (0.8458995, 0.4788889), (0.8458995, 0.4757778), (0.842261, 0.4788889), (0.8458995, 0.4757778), (0.842261, 0.4757778), (0.8417155, 0.4846044), (0.8453333, 0.4835556), (0.8458995, 0.4788889), (0.8417155, 0.4846044), (0.8458995, 0.4788889), (0.842261, 0.4788889), (0.8406667, 0.4882222), (0.8440829, 0.4869718), (0.8453333, 0.4835556), (0.8406667, 0.4882222), (0.8453333, 0.4835556), (0.8417155, 0.4846044), (0.4025838, 0.4676949), (0.406, 0.4664444), (0.4049512, 0.4700623), (0.4025838, 0.4676949), (0.4049512, 0.4700623), (0.4013333, 0.4711111), (0.4013333, 0.4711111), (0.4049512, 0.4700623), (0.4044057, 0.4757778), (0.4013333, 0.4711111), (0.4044057, 0.4757778), (0.4007672, 0.4757778), (0.4007672, 0.4757778), (0.4044057, 0.4757778), (0.4044057, 0.4788889), (0.4007672, 0.4757778), (0.4044057, 0.4788889), (0.4007672, 0.4788889), (0.4007672, 0.4788889), (0.4044057, 0.4788889), (0.4049512, 0.4846044), (0.4007672, 0.4788889), (0.4049512, 0.4846044), (0.4013333, 0.4835556), (0.4013333, 0.4835556), (0.4049512, 0.4846044), (0.406, 0.4882222), (0.4013333, 0.4835556), (0.406, 0.4882222), (0.4025838, 0.4869718), (0.406, 0.4664444), (0.4106667, 0.4658783), (0.4106667, 0.4695168), (0.406, 0.4664444), (0.4106667, 0.4695168), (0.4049512, 0.4700623), (0.4049512, 0.4700623), (0.4106667, 0.4695168), (0.4106667, 0.4757778), (0.4049512, 0.4700623), (0.4106667, 0.4757778), (0.4044057, 0.4757778), (0.4044057, 0.4757778), (0.4106667, 0.4757778), (0.4106667, 0.4788889), (0.4044057, 0.4757778), (0.4106667, 0.4788889), (0.4044057, 0.4788889), (0.4044057, 0.4788889), (0.4106667, 0.4788889), (0.4106667, 0.4851499), (0.4044057, 0.4788889), (0.4106667, 0.4851499), (0.4049512, 0.4846044), (0.4049512, 0.4846044), (0.4106667, 0.4851499), (0.4106667, 0.4887884), (0.4049512, 0.4846044), (0.4106667, 0.4887884), (0.406, 0.4882222), (0.4106667, 0.4658783), (0.836, 0.4658783), (0.836, 0.4695168), (0.4106667, 0.4658783), (0.836, 0.4695168), (0.4106667, 0.4695168), (0.4106667, 0.4695168), (0.836, 0.4695168), (0.836, 0.4757778), (0.4106667, 0.4695168), (0.836, 0.4757778), (0.4106667, 0.4757778), (0.4106667, 0.4757778), (0.836, 0.4757778), (0.836, 0.4788889), (0.4106667, 0.4757778), (0.836, 0.4788889), (0.4106667, 0.4788889), (0.4106667, 0.4788889), (0.836, 0.4788889), (0.836, 0.4851499), (0.4106667, 0.4788889), (0.836, 0.4851499), (0.4106667, 0.4851499), (0.4106667, 0.4851499), (0.836, 0.4851499), (0.836, 0.4887884), (0.4106667, 0.4851499), (0.836, 0.4887884), (0.4106667, 0.4887884), (0.836, 0.4658783), (0.8406667, 0.4664444), (0.8417155, 0.4700623), (0.836, 0.4658783), (0.8417155, 0.4700623), (0.836, 0.4695168), (0.836, 0.4695168), (0.8417155, 0.4700623), (0.842261, 0.4757778), (0.836, 0.4695168), (0.842261, 0.4757778), (0.836, 0.4757778), (0.836, 0.4757778), (0.842261, 0.4757778), (0.842261, 0.4788889), (0.836, 0.4757778), (0.842261, 0.4788889), (0.836, 0.4788889), (0.836, 0.4788889), (0.842261, 0.4788889), (0.8417155, 0.4846044), (0.836, 0.4788889), (0.8417155, 0.4846044), (0.836, 0.4851499), (0.836, 0.4851499), (0.8417155, 0.4846044), (0.8406667, 0.4882222), (0.836, 0.4851499), (0.8406667, 0.4882222), (0.836, 0.4887884), (0.8406667, 0.4664444), (0.8440829, 0.4676949), (0.8453333, 0.4711111), (0.8406667, 0.4664444), (0.8453333, 0.4711111), (0.8417155, 0.4700623), (0.8417155, 0.4700623), (0.8453333, 0.4711111), (0.8458995, 0.4757778), (0.8417155, 0.4700623), (0.8458995, 0.4757778), (0.842261, 0.4757778), (0.842261, 0.4757778), (0.8458995, 0.4757778), (0.8458995, 0.4788889), (0.842261, 0.4757778), (0.8458995, 0.4788889), (0.842261, 0.4788889), (0.842261, 0.4788889), (0.8458995, 0.4788889), (0.8453333, 0.4835556), (0.842261, 0.4788889), (0.8453333, 0.4835556), (0.8417155, 0.4846044), (0.8417155, 0.4846044), (0.8453333, 0.4835556), (0.8440829, 0.4869718), (0.8417155, 0.4846044), (0.8440829, 0.4869718), (0.8406667, 0.4882222)] (interpolation = "faceVarying")
        }
    }
    def Xform "Connectors"
    {
        def Mesh "PowerSocket_01" (prepend apiSchemas = ["MaterialBindingAPI"])
        {
            uniform token subdivisionScheme = "none"
            uniform token orientation = "rightHanded"
            bool doubleSided = false
            point3f[] points = [(0.004, -0.0019, -0.02387), (0.003988471, -0.002017054, -0.02387), (0.003954328, -0.00212961, -0.02387), (0.003898882, -0.002233342, -0.02387), (0.003824264, -0.002324264, -0.02387), (0.003733342, -0.002398882, -0.02387), (0.00362961, -0.002454328, -0.02387), (0.003517054, -0.002488471, -0.02387), (-0.0034, -0.0025, -0.02387), (-0.003517054, -0.002488471, -0.02387), (-0.00362961, -0.002454328, -0.02387), (-0.003733342, -0.002398882, -0.02387), (-0.003824264, -0.002324264, -0.02387), (-0.003898882, -0.002233342, -0.02387), (-0.003954328, -0.00212961, -0.02387), (-0.003988471, -0.002017054, -0.02387), (-0.004, 0.0019, -0.02387), (-0.003988471, 0.002017054, -0.02387), (-0.003954328, 0.00212961, -0.02387), (-0.003898882, 0.002233342, -0.02387), (-0.003824264, 0.002324264, -0.02387), (-0.003733342, 0.002398882, -0.02387), (-0.00362961, 0.002454328, -0.02387), (-0.003517054, 0.002488471, -0.02387), (0.0034, 0.0025, -0.02387), (0.003517054, 0.002488471, -0.02387), (0.00362961, 0.002454328, -0.02387), (0.003733342, 0.002398882, -0.02387), (0.003824264, 0.002324264, -0.02387), (0.003898882, 0.002233342, -0.02387), (0.003954328, 0.00212961, -0.02387), (0.003988471, 0.002017054, -0.02387), (0.003994408, -6.735557e-20, -0.02387), (0.00275, -6.735557e-20, -0.02387), (0.002727903, 0.0002243539, -0.02387), (0.002662461, 0.0004400859, -0.02387), (0.00255619, 0.0006389058, -0.02387), (0.002413173, 0.0008131728, -0.02387), (0.002238906, 0.0009561901, -0.02387), (0.002040086, 0.001062461, -0.02387), (0.001824354, 0.001127903, -0.02387), (0.0016, 0.00115, -0.02387), (0.001375646, 0.001127903, -0.02387), (0.001159914, 0.001062461, -0.02387), (0.0009610942, 0.0009561901, -0.02387), (0.0007868272, 0.0008131728, -0.02387), (0.0006438099, 0.0006389058, -0.02387), (0.0005375385, 0.0004400859, -0.02387), (0.0004720969, 0.0002243539, -0.02387), (0.00045, -6.735557e-20, -0.02387), (0.00045, -6.735557e-20, -0.02387), (-0.00045, -6.735557e-20, -0.02387), (-0.0004720969, 0.0002243539, -0.02387), (-0.0005375385, 0.0004400859, -0.02387), (-0.0006438099, 0.0006389058, -0.02387), (-0.0007868272, 0.0008131728, -0.02387), (-0.0009610942, 0.0009561901, -0.02387), (-0.001159914, 0.001062461, -0.02387), (-0.001375646, 0.001127903, -0.02387), (-0.0016, 0.00115, -0.02387), (-0.001824354, 0.001127903, -0.02387), (-0.002040086, 0.001062461, -0.02387), (-0.002238906, 0.0009561901, -0.02387), (-0.002413173, 0.0008131728, -0.02387), (-0.00255619, 0.0006389058, -0.02387), (-0.002662461, 0.0004400859, -0.02387), (-0.002727903, 0.0002243539, -0.02387), (-0.00275, -6.735557e-20, -0.02387), (-0.002727903, -0.0002243539, -0.02387), (-0.002662461, -0.0004400859, -0.02387), (-0.00255619, -0.0006389058, -0.02387), (-0.002413173, -0.0008131728, -0.02387), (-0.002238906, -0.0009561901, -0.02387), (-0.002040086, -0.001062461, -0.02387), (-0.001824354, -0.001127903, -0.02387), (-0.0016, -0.00115, -0.02387), (-0.001375646, -0.001127903, -0.02387), (-0.001159914, -0.001062461, -0.02387), (-0.0009610942, -0.0009561901, -0.02387), (-0.0007868272, -0.0008131728, -0.02387), (-0.0006438099, -0.0006389058, -0.02387), (-0.0005375385, -0.0004400859, -0.02387), (-0.0004720969, -0.0002243539, -0.02387), (-0.00045, -6.735557e-20, -0.02387), (0.00045, -6.735557e-20, -0.02387), (0.0004720969, -0.0002243539, -0.02387), (0.0005375385, -0.0004400859, -0.02387), (0.0006438099, -0.0006389058, -0.02387), (0.0007868272, -0.0008131728, -0.02387), (0.0009610942, -0.0009561901, -0.02387), (0.001159914, -0.001062461, -0.02387), (0.001375646, -0.001127903, -0.02387), (0.0016, -0.00115, -0.02387), (0.001824354, -0.001127903, -0.02387), (0.002040086, -0.001062461, -0.02387), (0.002238906, -0.0009561901, -0.02387), (0.002413173, -0.0008131728, -0.02387), (0.00255619, -0.0006389058, -0.02387), (0.002662461, -0.0004400859, -0.02387), (0.002727903, -0.0002243539, -0.02387), (0.00275, -6.735557e-20, -0.02387), (0.003994408, -6.735557e-20, -0.02387), (0.004, -0.0019, -0.02167), (0.003988471, -0.002017054, -0.02167), (0.003954328, -0.00212961, -0.02167), (0.003898882, -0.002233342, -0.02167), (0.003824264, -0.002324264, -0.02167), (0.003733342, -0.002398882, -0.02167), (0.00362961, -0.002454328, -0.02167), (0.003517054, -0.002488471, -0.02167), (-0.0034, -0.0025, -0.02167), (-0.003517054, -0.002488471, -0.02167), (-0.00362961, -0.002454328, -0.02167), (-0.003733342, -0.002398882, -0.02167), (-0.003824264, -0.002324264, -0.02167), (-0.003898882, -0.002233342, -0.02167), (-0.003954328, -0.00212961, -0.02167), (-0.003988471, -0.002017054, -0.02167), (-0.004, 0.0019, -0.02167), (-0.003988471, 0.002017054, -0.02167), (-0.003954328, 0.00212961, -0.02167), (-0.003898882, 0.002233342, -0.02167), (-0.003824264, 0.002324264, -0.02167), (-0.003733342, 0.002398882, -0.02167), (-0.00362961, 0.002454328, -0.02167), (-0.003517054, 0.002488471, -0.02167), (0.0034, 0.0025, -0.02167), (0.003517054, 0.002488471, -0.02167), (0.00362961, 0.002454328, -0.02167), (0.003733342, 0.002398882, -0.02167), (0.003824264, 0.002324264, -0.02167), (0.003898882, 0.002233342, -0.02167), (0.003954328, 0.00212961, -0.02167), (0.003988471, 0.002017054, -0.02167), (0.003994408, 6.735557e-20, -0.02167), (0.00275, 6.735557e-20, -0.02167), (0.002727903, 0.0002243539, -0.02167), (0.002662461, 0.0004400859, -0.02167), (0.00255619, 0.0006389058, -0.02167), (0.002413173, 0.0008131728, -0.02167), (0.002238906, 0.0009561901, -0.02167), (0.002040086, 0.001062461, -0.02167), (0.001824354, 0.001127903, -0.02167), (0.0016, 0.00115, -0.02167), (0.001375646, 0.001127903, -0.02167), (0.001159914, 0.001062461, -0.02167), (0.0009610942, 0.0009561901, -0.02167), (0.0007868272, 0.0008131728, -0.02167), (0.0006438099, 0.0006389058, -0.02167), (0.0005375385, 0.0004400859, -0.02167), (0.0004720969, 0.0002243539, -0.02167), (0.00045, 6.735557e-20, -0.02167), (0.00045, 6.735557e-20, -0.02167), (-0.00045, 6.735557e-20, -0.02167), (-0.0004720969, 0.0002243539, -0.02167), (-0.0005375385, 0.0004400859, -0.02167), (-0.0006438099, 0.0006389058, -0.02167), (-0.0007868272, 0.0008131728, -0.02167), (-0.0009610942, 0.0009561901, -0.02167), (-0.001159914, 0.001062461, -0.02167), (-0.001375646, 0.001127903, -0.02167), (-0.0016, 0.00115, -0.02167), (-0.001824354, 0.001127903, -0.02167), (-0.002040086, 0.001062461, -0.02167), (-0.002238906, 0.0009561901, -0.02167), (-0.002413173, 0.0008131728, -0.02167), (-0.00255619, 0.0006389058, -0.02167), (-0.002662461, 0.0004400859, -0.02167), (-0.002727903, 0.0002243539, -0.02167), (-0.00275, 6.735557e-20, -0.02167), (-0.002727903, -0.0002243539, -0.02167), (-0.002662461, -0.0004400859, -0.02167), (-0.00255619, -0.0006389058, -0.02167), (-0.002413173, -0.0008131728, -0.02167), (-0.002238906, -0.0009561901, -0.02167), (-0.002040086, -0.001062461, -0.02167), (-0.001824354, -0.001127903, -0.02167), (-0.0016, -0.00115, -0.02167), (-0.001375646, -0.001127903, -0.02167), (-0.001159914, -0.001062461, -0.02167), (-0.0009610942, -0.0009561901, -0.02167), (-0.0007868272, -0.0008131728, -0.02167), (-0.0006438099, -0.0006389058, -0.02167), (-0.0005375385, -0.0004400859, -0.02167), (-0.0004720969, -0.0002243539, -0.02167), (-0.00045, 6.735557e-20, -0.02167), (0.00045, 6.735557e-20, -0.02167), (0.0004720969, -0.0002243539, -0.02167), (0.0005375385, -0.0004400859, -0.02167), (0.0006438099, -0.0006389058, -0.02167), (0.0007868272, -0.0008131728, -0.02167), (0.0009610942, -0.0009561901, -0.02167), (0.001159914, -0.001062461, -0.02167), (0.001375646, -0.001127903, -0.02167), (0.0016, -0.00115, -0.02167), (0.001824354, -0.001127903, -0.02167), (0.002040086, -0.001062461, -0.02167), (0.002238906, -0.0009561901, -0.02167), (0.002413173, -0.0008131728, -0.02167), (0.00255619, -0.0006389058, -0.02167), (0.002662461, -0.0004400859, -0.02167), (0.002727903, -0.0002243539, -0.02167), (0.00275, 6.735557e-20, -0.02167), (0.003994408, 6.735557e-20, -0.02167), (0.004, -0.0019, -0.02387), (0.003988471, -0.002017054, -0.02387), (0.003954328, -0.00212961, -0.02387), (0.003898882, -0.002233342, -0.02387), (0.003824264, -0.002324264, -0.02387), (0.003733342, -0.002398882, -0.02387), (0.00362961, -0.002454328, -0.02387), (0.003517054, -0.002488471, -0.02387), (-0.0034, -0.0025, -0.02387), (-0.003517054, -0.002488471, -0.02387), (-0.00362961, -0.002454328, -0.02387), (-0.003733342, -0.002398882, -0.02387), (-0.003824264, -0.002324264, -0.02387), (-0.003898882, -0.002233342, -0.02387), (-0.003954328, -0.00212961, -0.02387), (-0.003988471, -0.002017054, -0.02387), (-0.004, 0.0019, -0.02387), (-0.003988471, 0.002017054, -0.02387), (-0.003954328, 0.00212961, -0.02387), (-0.003898882, 0.002233342, -0.02387), (-0.003824264, 0.002324264, -0.02387), (-0.003733342, 0.002398882, -0.02387), (-0.00362961, 0.002454328, -0.02387), (-0.003517054, 0.002488471, -0.02387), (0.0034, 0.0025, -0.02387), (0.003517054, 0.002488471, -0.02387), (0.00362961, 0.002454328, -0.02387), (0.003733342, 0.002398882, -0.02387), (0.003824264, 0.002324264, -0.02387), (0.003898882, 0.002233342, -0.02387), (0.003954328, 0.00212961, -0.02387), (0.003988471, 0.002017054, -0.02387), (0.004, -0.0019, -0.02167), (0.003988471, -0.002017054, -0.02167), (0.003954328, -0.00212961, -0.02167), (0.003898882, -0.002233342, -0.02167), (0.003824264, -0.002324264, -0.02167), (0.003733342, -0.002398882, -0.02167), (0.00362961, -0.002454328, -0.02167), (0.003517054, -0.002488471, -0.02167), (-0.0034, -0.0025, -0.02167), (-0.003517054, -0.002488471, -0.02167), (-0.00362961, -0.002454328, -0.02167), (-0.003733342, -0.002398882, -0.02167), (-0.003824264, -0.002324264, -0.02167), (-0.003898882, -0.002233342, -0.02167), (-0.003954328, -0.00212961, -0.02167), (-0.003988471, -0.002017054, -0.02167), (-0.004, 0.0019, -0.02167), (-0.003988471, 0.002017054, -0.02167), (-0.003954328, 0.00212961, -0.02167), (-0.003898882, 0.002233342, -0.02167), (-0.003824264, 0.002324264, -0.02167), (-0.003733342, 0.002398882, -0.02167), (-0.00362961, 0.002454328, -0.02167), (-0.003517054, 0.002488471, -0.02167), (0.0034, 0.0025, -0.02167), (0.003517054, 0.002488471, -0.02167), (0.00362961, 0.002454328, -0.02167), (0.003733342, 0.002398882, -0.02167), (0.003824264, 0.002324264, -0.02167), (0.003898882, 0.002233342, -0.02167), (0.003954328, 0.00212961, -0.02167), (0.003988471, 0.002017054, -0.02167), (-0.00045, -6.735557e-20, -0.02387), (-0.0004720969, 0.0002243539, -0.02387), (-0.0005375385, 0.0004400859, -0.02387), (-0.0006438099, 0.0006389058, -0.02387), (-0.0007868272, 0.0008131728, -0.02387), (-0.0009610942, 0.0009561901, -0.02387), (-0.001159914, 0.001062461, -0.02387), (-0.001375646, 0.001127903, -0.02387), (-0.0016, 0.00115, -0.02387), (-0.001824354, 0.001127903, -0.02387), (-0.002040086, 0.001062461, -0.02387), (-0.002238906, 0.0009561901, -0.02387), (-0.002413173, 0.0008131728, -0.02387), (-0.00255619, 0.0006389058, -0.02387), (-0.002662461, 0.0004400859, -0.02387), (-0.002727903, 0.0002243539, -0.02387), (-0.00275, -6.735557e-20, -0.02387), (-0.002727903, -0.0002243539, -0.02387), (-0.002662461, -0.0004400859, -0.02387), (-0.00255619, -0.0006389058, -0.02387), (-0.002413173, -0.0008131728, -0.02387), (-0.002238906, -0.0009561901, -0.02387), (-0.002040086, -0.001062461, -0.02387), (-0.001824354, -0.001127903, -0.02387), (-0.0016, -0.00115, -0.02387), (-0.001375646, -0.001127903, -0.02387), (-0.001159914, -0.001062461, -0.02387), (-0.0009610942, -0.0009561901, -0.02387), (-0.0007868272, -0.0008131728, -0.02387), (-0.0006438099, -0.0006389058, -0.02387), (-0.0005375385, -0.0004400859, -0.02387), (-0.0004720969, -0.0002243539, -0.02387), (-0.00045, 6.735557e-20, -0.02167), (-0.0004720969, 0.0002243539, -0.02167), (-0.0005375385, 0.0004400859, -0.02167), (-0.0006438099, 0.0006389058, -0.02167), (-0.0007868272, 0.0008131728, -0.02167), (-0.0009610942, 0.0009561901, -0.02167), (-0.001159914, 0.001062461, -0.02167), (-0.001375646, 0.001127903, -0.02167), (-0.0016, 0.00115, -0.02167), (-0.001824354, 0.001127903, -0.02167), (-0.002040086, 0.001062461, -0.02167), (-0.002238906, 0.0009561901, -0.02167), (-0.002413173, 0.0008131728, -0.02167), (-0.00255619, 0.0006389058, -0.02167), (-0.002662461, 0.0004400859, -0.02167), (-0.002727903, 0.0002243539, -0.02167), (-0.00275, 6.735557e-20, -0.02167), (-0.002727903, -0.0002243539, -0.02167), (-0.002662461, -0.0004400859, -0.02167), (-0.00255619, -0.0006389058, -0.02167), (-0.002413173, -0.0008131728, -0.02167), (-0.002238906, -0.0009561901, -0.02167), (-0.002040086, -0.001062461, -0.02167), (-0.001824354, -0.001127903, -0.02167), (-0.0016, -0.00115, -0.02167), (-0.001375646, -0.001127903, -0.02167), (-0.001159914, -0.001062461, -0.02167), (-0.0009610942, -0.0009561901, -0.02167), (-0.0007868272, -0.0008131728, -0.02167), (-0.0006438099, -0.0006389058, -0.02167), (-0.0005375385, -0.0004400859, -0.02167), (-0.0004720969, -0.0002243539, -0.02167), (0.00275, -6.735557e-20, -0.02387), (0.002727903, 0.0002243539, -0.02387), (0.002662461, 0.0004400859, -0.02387), (0.00255619, 0.0006389058, -0.02387), (0.002413173, 0.0008131728, -0.02387), (0.002238906, 0.0009561901, -0.02387), (0.002040086, 0.001062461, -0.02387), (0.001824354, 0.001127903, -0.02387), (0.0016, 0.00115, -0.02387), (0.001375646, 0.001127903, -0.02387), (0.001159914, 0.001062461, -0.02387), (0.0009610942, 0.0009561901, -0.02387), (0.0007868272, 0.0008131728, -0.02387), (0.0006438099, 0.0006389058, -0.02387), (0.0005375385, 0.0004400859, -0.02387), (0.0004720969, 0.0002243539, -0.02387), (0.00045, -6.735557e-20, -0.02387), (0.0004720969, -0.0002243539, -0.02387), (0.0005375385, -0.0004400859, -0.02387), (0.0006438099, -0.0006389058, -0.02387), (0.0007868272, -0.0008131728, -0.02387), (0.0009610942, -0.0009561901, -0.02387), (0.001159914, -0.001062461, -0.02387), (0.001375646, -0.001127903, -0.02387), (0.0016, -0.00115, -0.02387), (0.001824354, -0.001127903, -0.02387), (0.002040086, -0.001062461, -0.02387), (0.002238906, -0.0009561901, -0.02387), (0.002413173, -0.0008131728, -0.02387), (0.00255619, -0.0006389058, -0.02387), (0.002662461, -0.0004400859, -0.02387), (0.002727903, -0.0002243539, -0.02387), (0.00275, 6.735557e-20, -0.02167), (0.002727903, 0.0002243539, -0.02167), (0.002662461, 0.0004400859, -0.02167), (0.00255619, 0.0006389058, -0.02167), (0.002413173, 0.0008131728, -0.02167), (0.002238906, 0.0009561901, -0.02167), (0.002040086, 0.001062461, -0.02167), (0.001824354, 0.001127903, -0.02167), (0.0016, 0.00115, -0.02167), (0.001375646, 0.001127903, -0.02167), (0.001159914, 0.001062461, -0.02167), (0.0009610942, 0.0009561901, -0.02167), (0.0007868272, 0.0008131728, -0.02167), (0.0006438099, 0.0006389058, -0.02167), (0.0005375385, 0.0004400859, -0.02167), (0.0004720969, 0.0002243539, -0.02167), (0.00045, 6.735557e-20, -0.02167), (0.0004720969, -0.0002243539, -0.02167), (0.0005375385, -0.0004400859, -0.02167), (0.0006438099, -0.0006389058, -0.02167), (0.0007868272, -0.0008131728, -0.02167), (0.0009610942, -0.0009561901, -0.02167), (0.001159914, -0.001062461, -0.02167), (0.001375646, -0.001127903, -0.02167), (0.0016, -0.00115, -0.02167), (0.001824354, -0.001127903, -0.02167), (0.002040086, -0.001062461, -0.02167), (0.002238906, -0.0009561901, -0.02167), (0.002413173, -0.0008131728, -0.02167), (0.00255619, -0.0006389058, -0.02167), (0.002662461, -0.0004400859, -0.02167), (0.002727903, -0.0002243539, -0.02167)]
            int[] faceVertexCounts = [3, 3, 3, 3, 3, 3, 3, 3, 3, 3, 3, 3, 3, 3, 3, 3, 3, 3, 3, 3, 3, 3, 3, 3, 3, 3, 3, 3, 3, 3, 3, 3, 3, 3, 3, 3, 3, 3, 3, 3, 3, 3, 3, 3, 3, 3, 3, 3, 3, 3, 3, 3, 3, 3, 3, 3, 3, 3, 3, 3, 3, 3, 3, 3, 3, 3, 3, 3, 3, 3, 3, 3, 3, 3, 3, 3, 3, 3, 3, 3, 3, 3, 3, 3, 3, 3, 3, 3, 3, 3, 3, 3, 3, 3, 3, 3, 3, 3, 3, 3, 3, 3, 3, 3, 3, 3, 3, 3, 3, 3, 3, 3, 3, 3, 3, 3, 3, 3, 3, 3, 3, 3, 3, 3, 3, 3, 3, 3, 3, 3, 3, 3, 3, 3, 3, 3, 3, 3, 3, 3, 3, 3, 3, 3, 3, 3, 3, 3, 3, 3, 3, 3, 3, 3, 3, 3, 3, 3, 3, 3, 3, 3, 3, 3, 3, 3, 3, 3, 3, 3, 3, 3, 3, 3, 3, 3, 3, 3, 3, 3, 3, 3, 3, 3, 3, 3, 3, 3, 3, 3, 3, 3, 3, 3, 3, 3, 3, 3, 3, 3, 3, 3, 3, 3, 3, 3, 3, 3, 3, 3, 3, 3, 3, 3, 3, 3, 3, 3, 3, 3, 3, 3, 3, 3, 3, 3, 3, 3, 3, 3, 3, 3, 3, 3, 3, 3, 3, 3, 3, 3, 3, 3, 3, 3, 3, 3, 3, 3, 3, 3, 3, 3, 3, 3, 3, 3, 3, 3, 3, 3, 3, 3, 3, 3, 3, 3, 3, 3, 3, 3, 3, 3, 3, 3, 3, 3, 3, 3, 3, 3, 3, 3, 3, 3, 3, 3, 3, 3, 3, 3, 3, 3, 3, 3, 3, 3, 3, 3, 3, 3, 3, 3, 3, 3, 3, 3, 3, 3, 3, 3, 3, 3, 3, 3, 3, 3, 3, 3, 3, 3, 3, 3, 3, 3, 3, 3, 3, 3, 3, 3, 3, 3, 3, 3, 3, 3, 3, 3, 3, 3, 3, 3, 3, 3, 3, 3, 3, 3, 3, 3, 3, 3, 3, 3, 3, 3, 3, 3, 3, 3, 3, 3, 3, 3, 3, 3, 3, 3, 3, 3, 3, 3, 3, 3, 3, 3, 3, 3, 3, 3, 3, 3, 3, 3, 3, 3, 3, 3, 3, 3]
            int[] faceVertexIndices = [101, 0, 1, 101, 1, 2, 101, 2, 3, 101, 3, 4, 101, 4, 5, 101, 5, 6, 101, 6, 7, 7, 8, 9, 7, 9, 10, 7, 10, 11, 7, 11, 12, 7, 12, 13, 7, 13, 14, 7, 14, 15, 15, 16, 17, 15, 17, 18, 15, 18, 19, 15, 19, 20, 15, 20, 21, 15, 21, 22, 15, 22, 23, 23, 24, 25, 23, 25, 26, 23, 26, 27, 23, 27, 28, 23, 28, 29, 23, 29, 30, 23, 30, 31, 31, 32, 33, 31, 33, 34, 31, 34, 35, 31, 35, 36, 31, 36, 37, 31, 37, 38, 31, 38, 39, 31, 39, 40, 23, 31, 40, 23, 40, 41, 23, 41, 42, 23, 42, 43, 23, 43, 44, 23, 44, 45, 23, 45, 46, 23, 46, 47, 23, 47, 48, 99, 100, 101, 98, 99, 101, 97, 98, 101, 96, 97, 101, 95, 96, 101, 95, 101, 7, 94, 95, 7, 93, 94, 7, 93, 7, 15, 92, 93, 15, 91, 92, 15, 90, 91, 15, 89, 90, 15, 88, 89, 15, 87, 88, 15, 48, 50, 51, 48, 51, 52, 48, 52, 53, 48, 53, 54, 48, 54, 55, 48, 55, 56, 23, 48, 56, 23, 56, 57, 23, 57, 58, 23, 58, 59, 23, 59, 60, 23, 60, 61, 23, 61, 62, 23, 62, 63, 23, 63, 64, 15, 23, 64, 15, 64, 65, 15, 65, 66, 15, 66, 67, 15, 67, 68, 15, 68, 69, 15, 69, 70, 15, 70, 71, 15, 71, 72, 15, 72, 73, 15, 73, 74, 15, 74, 75, 15, 75, 76, 87, 15, 76, 87, 76, 77, 87, 77, 78, 87, 78, 79, 87, 79, 80, 87, 80, 81, 87, 81, 82, 87, 82, 83, 83, 84, 85, 83, 85, 86, 83, 86, 87, 203, 103, 102, 203, 104, 103, 203, 105, 104, 203, 106, 105, 203, 107, 106, 203, 108, 107, 203, 109, 108, 109, 111, 110, 109, 112, 111, 109, 113, 112, 109, 114, 113, 109, 115, 114, 109, 116, 115, 109, 117, 116, 117, 119, 118, 117, 120, 119, 117, 121, 120, 117, 122, 121, 117, 123, 122, 117, 124, 123, 117, 125, 124, 125, 127, 126, 125, 128, 127, 125, 129, 128, 125, 130, 129, 125, 131, 130, 125, 132, 131, 125, 133, 132, 133, 135, 134, 133, 136, 135, 133, 137, 136, 133, 138, 137, 133, 139, 138, 133, 140, 139, 133, 141, 140, 133, 142, 141, 125, 142, 133, 125, 143, 142, 125, 144, 143, 125, 145, 144, 125, 146, 145, 125, 147, 146, 125, 148, 147, 125, 149, 148, 125, 150, 149, 201, 203, 202, 200, 203, 201, 199, 203, 200, 198, 203, 199, 197, 203, 198, 197, 109, 203, 196, 109, 197, 195, 109, 196, 195, 117, 109, 194, 117, 195, 193, 117, 194, 192, 117, 193, 191, 117, 192, 190, 117, 191, 189, 117, 190, 150, 153, 152, 150, 154, 153, 150, 155, 154, 150, 156, 155, 150, 157, 156, 150, 158, 157, 125, 158, 150, 125, 159, 158, 125, 160, 159, 125, 161, 160, 125, 162, 161, 125, 163, 162, 125, 164, 163, 125, 165, 164, 125, 166, 165, 117, 166, 125, 117, 167, 166, 117, 168, 167, 117, 169, 168, 117, 170, 169, 117, 171, 170, 117, 172, 171, 117, 173, 172, 117, 174, 173, 117, 175, 174, 117, 176, 175, 117, 177, 176, 117, 178, 177, 189, 178, 117, 189, 179, 178, 189, 180, 179, 189, 181, 180, 189, 182, 181, 189, 183, 182, 189, 184, 183, 189, 185, 184, 185, 187, 186, 185, 188, 187, 185, 189, 188, 204, 236, 237, 204, 237, 205, 205, 237, 238, 205, 238, 206, 206, 238, 239, 206, 239, 207, 207, 239, 240, 207, 240, 208, 208, 240, 241, 208, 241, 209, 209, 241, 242, 209, 242, 210, 210, 242, 243, 210, 243, 211, 211, 243, 244, 211, 244, 212, 212, 244, 245, 212, 245, 213, 213, 245, 246, 213, 246, 214, 214, 246, 247, 214, 247, 215, 215, 247, 248, 215, 248, 216, 216, 248, 249, 216, 249, 217, 217, 249, 250, 217, 250, 218, 218, 250, 251, 218, 251, 219, 219, 251, 252, 219, 252, 220, 220, 252, 253, 220, 253, 221, 221, 253, 254, 221, 254, 222, 222, 254, 255, 222, 255, 223, 223, 255, 256, 223, 256, 224, 224, 256, 257, 224, 257, 225, 225, 257, 258, 225, 258, 226, 226, 258, 259, 226, 259, 227, 227, 259, 260, 227, 260, 228, 228, 260, 261, 228, 261, 229, 229, 261, 262, 229, 262, 230, 230, 262, 263, 230, 263, 231, 231, 263, 264, 231, 264, 232, 232, 264, 265, 232, 265, 233, 233, 265, 266, 233, 266, 234, 234, 266, 267, 234, 267, 235, 235, 267, 236, 235, 236, 204, 268, 300, 301, 268, 301, 269, 269, 301, 302, 269, 302, 270, 270, 302, 303, 270, 303, 271, 271, 303, 304, 271, 304, 272, 272, 304, 305, 272, 305, 273, 273, 305, 306, 273, 306, 274, 274, 306, 307, 274, 307, 275, 275, 307, 308, 275, 308, 276, 276, 308, 309, 276, 309, 277, 277, 309, 310, 277, 310, 278, 278, 310, 311, 278, 311, 279, 279, 311, 312, 279, 312, 280, 280, 312, 313, 280, 313, 281, 281, 313, 314, 281, 314, 282, 282, 314, 315, 282, 315, 283, 283, 315, 316, 283, 316, 284, 284, 316, 317, 284, 317, 285, 285, 317, 318, 285, 318, 286, 286, 318, 319, 286, 319, 287, 287, 319, 320, 287, 320, 288, 288, 320, 321, 288, 321, 289, 289, 321, 322, 289, 322, 290, 290, 322, 323, 290, 323, 291, 291, 323, 324, 291, 324, 292, 292, 324, 325, 292, 325, 293, 293, 325, 326, 293, 326, 294, 294, 326, 327, 294, 327, 295, 295, 327, 328, 295, 328, 296, 296, 328, 329, 296, 329, 297, 297, 329, 330, 297, 330, 298, 298, 330, 331, 298, 331, 299, 299, 331, 300, 299, 300, 268, 332, 364, 365, 332, 365, 333, 333, 365, 366, 333, 366, 334, 334, 366, 367, 334, 367, 335, 335, 367, 368, 335, 368, 336, 336, 368, 369, 336, 369, 337, 337, 369, 370, 337, 370, 338, 338, 370, 371, 338, 371, 339, 339, 371, 372, 339, 372, 340, 340, 372, 373, 340, 373, 341, 341, 373, 374, 341, 374, 342, 342, 374, 375, 342, 375, 343, 343, 375, 376, 343, 376, 344, 344, 376, 377, 344, 377, 345, 345, 377, 378, 345, 378, 346, 346, 378, 379, 346, 379, 347, 347, 379, 380, 347, 380, 348, 348, 380, 381, 348, 381, 349, 349, 381, 382, 349, 382, 350, 350, 382, 383, 350, 383, 351, 351, 383, 384, 351, 384, 352, 352, 384, 385, 352, 385, 353, 353, 385, 386, 353, 386, 354, 354, 386, 387, 354, 387, 355, 355, 387, 388, 355, 388, 356, 356, 388, 389, 356, 389, 357, 357, 389, 390, 357, 390, 358, 358, 390, 391, 358, 391, 359, 359, 391, 392, 359, 392, 360, 360, 392, 393, 360, 393, 361, 361, 393, 394, 361, 394, 362, 362, 394, 395, 362, 395, 363, 363, 395, 364, 363, 364, 332]
            normal3f[] normals = [(0, -6.123234e-17, -1), (0, -6.123234e-17, -1), (0, -6.123234e-17, -1), (0, -6.123234e-17, -1), (0, -6.123234e-17, -1), (0, -6.123234e-17, -1), (0, -6.123234e-17, -1), (0, -6.123234e-17, -1), (0, -6.123234e-17, -1), (0, -6.123234e-17, -1), (0, -6.123234e-17, -1), (0, -6.123234e-17, -1), (0, -6.123234e-17, -1), (0, -6.123234e-17, -1), (0, -6.123234e-17, -1), (0, -6.123234e-17, -1), (0, -6.123234e-17, -1), (0, -6.123234e-17, -1), (0, -6.123234e-17, -1), (0, -6.123234e-17, -1), (0, -6.123234e-17, -1), (0, -6.123234e-17, -1), (0, -6.123234e-17, -1), (0, -6.123234e-17, -1), (-0, -6.123234e-17, -1), (-0, -6.123234e-17, -1), (-0, -6.123234e-17, -1), (0, -6.123234e-17, -1), (0, -6.123234e-17, -1), (0, -6.123234e-17, -1), (0, -6.123234e-17, -1), (0, -6.123234e-17, -1), (0, -6.123234e-17, -1), (0, -6.123234e-17, -1), (0, -6.123234e-17, -1), (0, -6.123234e-17, -1), (0, -6.123234e-17, -1), (0, -6.123234e-17, -1), (0, -6.123234e-17, -1), (0, -6.123234e-17, -1), (0, -6.123234e-17, -1), (0, -6.123234e-17, -1), (0, -6.123234e-17, -1), (0, -6.123234e-17, -1), (0, -6.123234e-17, -1), (0, -6.123234e-17, -1), (0, -6.123234e-17, -1), (0, -6.123234e-17, -1), (0, -6.123234e-17, -1), (0, -6.123234e-17, -1), (0, -6.123234e-17, -1), (0, -6.123234e-17, -1), (0, -6.123234e-17, -1), (0, -6.123234e-17, -1), (0, -6.123234e-17, -1), (0, -6.123234e-17, -1), (0, -6.123234e-17, -1), (0, -6.123234e-17, -1), (0, -6.123234e-17, -1), (0, -6.123234e-17, -1), (0, -6.123234e-17, -1), (0, -6.123234e-17, -1), (0, -6.123234e-17, -1), (0, -6.123234e-17, -1), (0, -6.123234e-17, -1), (0, -6.123234e-17, -1), (0, -6.123234e-17, -1), (0, -6.123234e-17, -1), (0, -6.123234e-17, -1), (0, -6.123234e-17, -1), (0, -6.123234e-17, -1), (0, -6.123234e-17, -1), (0, -6.123234e-17, -1), (0, -6.123234e-17, -1), (0, -6.123234e-17, -1), (0, -6.123234e-17, -1), (0, -6.123234e-17, -1), (0, -6.123234e-17, -1), (0, -6.123234e-17, -1), (0, -6.123234e-17, -1), (0, -6.123234e-17, -1), (0, -6.123234e-17, -1), (0, -6.123234e-17, -1), (0, -6.123234e-17, -1), (0, -6.123234e-17, -1), (0, -6.123234e-17, -1), (0, -6.123234e-17, -1), (0, -6.123234e-17, -1), (0, -6.123234e-17, -1), (0, -6.123234e-17, -1), (0, -6.123234e-17, -1), (0, -6.123234e-17, -1), (0, -6.123234e-17, -1), (0, -6.123234e-17, -1), (0, -6.123234e-17, -1), (0, -6.123234e-17, -1), (0, -6.123234e-17, -1), (0, -6.123234e-17, -1), (0, -6.123234e-17, -1), (0, -6.123234e-17, -1), (0, -6.123234e-17, -1), (0, -6.123234e-17, -1), (0, -6.123234e-17, -1), (0, -6.123234e-17, -1), (0, -6.123234e-17, -1), (0, -6.123234e-17, -1), (0, -6.123234e-17, -1), (0, -6.123234e-17, -1), (0, -6.123234e-17, -1), (0, -6.123234e-17, -1), (0, -6.123234e-17, -1), (0, -6.123234e-17, -1), (0, -6.123234e-17, -1), (0, -6.123234e-17, -1), (0, -6.123234e-17, -1), (0, -6.123234e-17, -1), (0, -6.123234e-17, -1), (0, -6.123234e-17, -1), (0, -6.123234e-17, -1), (0, -6.123234e-17, -1), (0, -6.123234e-17, -1), (0, -6.123234e-17, -1), (0, -6.123234e-17, -1), (0, -6.123234e-17, -1), (0, -6.123234e-17, -1), (0, -6.123234e-17, -1), (0, -6.123234e-17, -1), (0, -6.123234e-17, -1), (0, -6.123234e-17, -1), (0, -6.123234e-17, -1), (0, -6.123234e-17, -1), (0, -6.123234e-17, -1), (0, -6.123234e-17, -1), (0, -6.123234e-17, -1), (0, -6.123234e-17, -1), (0, -6.123234e-17, -1), (0, -6.123234e-17, -1), (0, -6.123234e-17, -1), (0, -6.123234e-17, -1), (0, -6.123234e-17, -1), (0, -6.123234e-17, -1), (0, -6.123234e-17, -1), (0, -6.123234e-17, -1), (0, -6.123234e-17, -1), (0, -6.123234e-17, -1), (0, -6.123234e-17, -1), (0, -6.123234e-17, -1), (0, -6.123234e-17, -1), (0, -6.123234e-17, -1), (0, -6.123234e-17, -1), (0, -6.123234e-17, -1), (0, -6.123234e-17, -1), (0, -6.123234e-17, -1), (0, -6.123234e-17, -1), (0, -6.123234e-17, -1), (0, -6.123234e-17, -1), (0, -6.123234e-17, -1), (0, -6.123234e-17, -1), (0, -6.123234e-17, -1), (0, -6.123234e-17, -1), (0, -6.123234e-17, -1), (0, -6.123234e-17, -1), (0, -6.123234e-17, -1), (0, -6.123234e-17, -1), (0, -6.123234e-17, -1), (0, -6.123234e-17, -1), (0, -6.123234e-17, -1), (0, -6.123234e-17, -1), (0, -6.123234e-17, -1), (0, -6.123234e-17, -1), (0, -6.123234e-17, -1), (0, -6.123234e-17, -1), (0, -6.123234e-17, -1), (0, -6.123234e-17, -1), (0, -6.123234e-17, -1), (0, -6.123234e-17, -1), (0, -6.123234e-17, -1), (0, -6.123234e-17, -1), (0, -6.123234e-17, -1), (0, -6.123234e-17, -1), (0, -6.123234e-17, -1), (0, -6.123234e-17, -1), (0, -6.123234e-17, -1), (0, -6.123234e-17, -1), (0, -6.123234e-17, -1), (0, -6.123234e-17, -1), (-0, -6.123234e-17, -1), (-0, -6.123234e-17, -1), (-0, -6.123234e-17, -1), (0, -6.123234e-17, -1), (0, -6.123234e-17, -1), (0, -6.123234e-17, -1), (0, -6.123234e-17, -1), (0, -6.123234e-17, -1), (0, -6.123234e-17, -1), (0, -6.123234e-17, -1), (0, -6.123234e-17, -1), (0, -6.123234e-17, -1), (0, -6.123234e-17, -1), (0, -6.123234e-17, -1), (0, -6.123234e-17, -1), (0, -6.123234e-17, -1), (0, -6.123234e-17, -1), (0, -6.123234e-17, -1), (0, -6.123234e-17, -1), (0, -6.123234e-17, -1), (0, -6.123234e-17, -1), (0, -6.123234e-17, -1), (0, -6.123234e-17, -1), (0, -6.123234e-17, -1), (0, -6.123234e-17, -1), (0, -6.123234e-17, -1), (0, -6.123234e-17, -1), (0, -6.123234e-17, -1), (0, -6.123234e-17, -1), (0, -6.123234e-17, -1), (0, -6.123234e-17, -1), (0, -6.123234e-17, -1), (0, -6.123234e-17, -1), (0, -6.123234e-17, -1), (0, -6.123234e-17, -1), (0, -6.123234e-17, -1), (0, -6.123234e-17, -1), (0, -6.123234e-17, -1), (0, -6.123234e-17, -1), (0, -6.123234e-17, -1), (0, -6.123234e-17, -1), (0, -6.123234e-17, -1), (0, -6.123234e-17, -1), (0, -6.123234e-17, -1), (0, -6.123234e-17, -1), (0, -6.123234e-17, -1), (0, -6.123234e-17, -1), (0, -6.123234e-17, -1), (0, -6.123234e-17, -1), (0, -6.123234e-17, -1), (0, -6.123234e-17, -1), (0, -6.123234e-17, -1), (0, -6.123234e-17, -1), (0, -6.123234e-17, -1), (0, -6.123234e-17, -1), (0, -6.123234e-17, -1), (0, -6.123234e-17, -1), (0, -6.123234e-17, -1), (0, -6.123234e-17, -1), (0, -6.123234e-17, -1), (0, -6.123234e-17, -1), (0, -6.123234e-17, -1), (0, -6.123234e-17, -1), (0, -6.123234e-17, -1), (0, -6.123234e-17, -1), (0, -6.123234e-17, -1), (0, -6.123234e-17, -1), (0, -6.123234e-17, -1), (0, -6.123234e-17, -1), (0, -6.123234e-17, -1), (0, -6.123234e-17, -1), (0, -6.123234e-17, -1), (0, -6.123234e-17, -1), (0, -6.123234e-17, -1), (0, -6.123234e-17, -1), (0, -6.123234e-17, -1), (0, -6.123234e-17, -1), (0, -6.123234e-17, -1), (0, -6.123234e-17, -1), (0, -6.123234e-17, -1), (0, -6.123234e-17, -1), (0, -6.123234e-17, -1), (0, -6.123234e-17, -1), (0, -6.123234e-17, -1), (0, -6.123234e-17, -1), (0, -6.123234e-17, -1), (0, -6.123234e-17, -1), (0, -6.123234e-17, -1), (0, -6.123234e-17, -1), (0, -6.123234e-17, -1), (0, -6.123234e-17, -1), (0, -6.123234e-17, -1), (0, -6.123234e-17, -1), (-0, -6.123234e-17, -1), (-0, -6.123234e-17, -1), (-0, -6.123234e-17, -1), (0, -6.123234e-17, -1), (0, -6.123234e-17, -1), (0, -6.123234e-17, -1), (0, -6.123234e-17, -1), (0, -6.123234e-17, -1), (0, -6.123234e-17, -1), (0, -6.123234e-17, -1), (0, -6.123234e-17, -1), (0, -6.123234e-17, -1), (0, -6.123234e-17, -1), (0, -6.123234e-17, -1), (0, -6.123234e-17, -1), (0, -6.123234e-17, -1), (0, -6.123234e-17, -1), (0, -6.123234e-17, -1), (0, 6.123234e-17, 1), (0, 6.123234e-17, 1), (0, 6.123234e-17, 1), (0, 6.123234e-17, 1), (0, 6.123234e-17, 1), (0, 6.123234e-17, 1), (0, 6.123234e-17, 1), (0, 6.123234e-17, 1), (0, 6.123234e-17, 1), (0, 6.123234e-17, 1), (0, 6.123234e-17, 1), (0, 6.123234e-17, 1), (0, 6.123234e-17, 1), (0, 6.123234e-17, 1), (0, 6.123234e-17, 1), (0, 6.123234e-17, 1), (0, 6.123234e-17, 1), (0, 6.123234e-17, 1), (0, 6.123234e-17, 1), (0, 6.123234e-17, 1), (0, 6.123234e-17, 1), (0, 6.123234e-17, 1), (0, 6.123234e-17, 1), (0, 6.123234e-17, 1), (0, 6.123234e-17, 1), (0, 6.123234e-17, 1), (0, 6.123234e-17, 1), (0, 6.123234e-17, 1), (0, 6.123234e-17, 1), (0, 6.123234e-17, 1), (0, 6.123234e-17, 1), (0, 6.123234e-17, 1), (0, 6.123234e-17, 1), (0, 6.123234e-17, 1), (0, 6.123234e-17, 1), (0, 6.123234e-17, 1), (0, 6.123234e-17, 1), (0, 6.123234e-17, 1), (0, 6.123234e-17, 1), (0, 6.123234e-17, 1), (0, 6.123234e-17, 1), (0, 6.123234e-17, 1), (0, 6.123234e-17, 1), (0, 6.123234e-17, 1), (0, 6.123234e-17, 1), (0, 6.123234e-17, 1), (0, 6.123234e-17, 1), (0, 6.123234e-17, 1), (0, 6.123234e-17, 1), (0, 6.123234e-17, 1), (0, 6.123234e-17, 1), (0, 6.123234e-17, 1), (0, 6.123234e-17, 1), (0, 6.123234e-17, 1), (0, 6.123234e-17, 1), (0, 6.123234e-17, 1), (0, 6.123234e-17, 1), (0, 6.123234e-17, 1), (0, 6.123234e-17, 1), (0, 6.123234e-17, 1), (0, 6.123234e-17, 1), (0, 6.123234e-17, 1), (0, 6.123234e-17, 1), (-0, 6.123234e-17, 1), (-0, 6.123234e-17, 1), (-0, 6.123234e-17, 1), (0, 6.123234e-17, 1), (0, 6.123234e-17, 1), (0, 6.123234e-17, 1), (0, 6.123234e-17, 1), (0, 6.123234e-17, 1), (0, 6.123234e-17, 1), (0, 6.123234e-17, 1), (0, 6.123234e-17, 1), (0, 6.123234e-17, 1), (0, 6.123234e-17, 1), (0, 6.123234e-17, 1), (0, 6.123234e-17, 1), (0, 6.123234e-17, 1), (0, 6.123234e-17, 1), (0, 6.123234e-17, 1), (0, 6.123234e-17, 1), (0, 6.123234e-17, 1), (0, 6.123234e-17, 1), (0, 6.123234e-17, 1), (0, 6.123234e-17, 1), (0, 6.123234e-17, 1), (0, 6.123234e-17, 1), (0, 6.123234e-17, 1), (0, 6.123234e-17, 1), (0, 6.123234e-17, 1), (0, 6.123234e-17, 1), (0, 6.123234e-17, 1), (0, 6.123234e-17, 1), (0, 6.123234e-17, 1), (0, 6.123234e-17, 1), (0, 6.123234e-17, 1), (0, 6.123234e-17, 1), (0, 6.123234e-17, 1), (0, 6.123234e-17, 1), (0, 6.123234e-17, 1), (0, 6.123234e-17, 1), (0, 6.123234e-17, 1), (0, 6.123234e-17, 1), (0, 6.123234e-17, 1), (0, 6.123234e-17, 1), (0, 6.123234e-17, 1), (0, 6.123234e-17, 1), (0, 6.123234e-17, 1), (0, 6.123234e-17, 1), (0, 6.123234e-17, 1), (0, 6.123234e-17, 1), (0, 6.123234e-17, 1), (0, 6.123234e-17, 1), (0, 6.123234e-17, 1), (0, 6.123234e-17, 1), (0, 6.123234e-17, 1), (0, 6.123234e-17, 1), (0, 6.123234e-17, 1), (0, 6.123234e-17, 1), (0, 6.123234e-17, 1), (0, 6.123234e-17, 1), (0, 6.123234e-17, 1), (0, 6.123234e-17, 1), (0, 6.123234e-17, 1), (0, 6.123234e-17, 1), (0, 6.123234e-17, 1), (0, 6.123234e-17, 1), (0, 6.123234e-17, 1), (0, 6.123234e-17, 1), (0, 6.123234e-17, 1), (0, 6.123234e-17, 1), (0, 6.123234e-17, 1), (0, 6.123234e-17, 1), (0, 6.123234e-17, 1), (0, 6.123234e-17, 1), (0, 6.123234e-17, 1), (0, 6.123234e-17, 1), (0, 6.123234e-17, 1), (0, 6.123234e-17, 1), (0, 6.123234e-17, 1), (0, 6.123234e-17, 1), (0, 6.123234e-17, 1), (0, 6.123234e-17, 1), (0, 6.123234e-17, 1), (0, 6.123234e-17, 1), (0, 6.123234e-17, 1), (0, 6.123234e-17, 1), (0, 6.123234e-17, 1), (0, 6.123234e-17, 1), (-0, 6.123234e-17, 1), (-0, 6.123234e-17, 1), (-0, 6.123234e-17, 1), (-0, 6.123234e-17, 1), (-0, 6.123234e-17, 1), (-0, 6.123234e-17, 1), (-0, 6.123234e-17, 1), (-0, 6.123234e-17, 1), (-0, 6.123234e-17, 1), (0, 6.123234e-17, 1), (0, 6.123234e-17, 1), (0, 6.123234e-17, 1), (-0, 6.123234e-17, 1), (-0, 6.123234e-17, 1), (-0, 6.123234e-17, 1), (0, 6.123234e-17, 1), (0, 6.123234e-17, 1), (0, 6.123234e-17, 1), (0, 6.123234e-17, 1), (0, 6.123234e-17, 1), (0, 6.123234e-17, 1), (0, 6.123234e-17, 1), (0, 6.123234e-17, 1), (0, 6.123234e-17, 1), (0, 6.123234e-17, 1), (0, 6.123234e-17, 1), (0, 6.123234e-17, 1), (0, 6.123234e-17, 1), (0, 6.123234e-17, 1), (0, 6.123234e-17, 1), (0, 6.123234e-17, 1), (0, 6.123234e-17, 1), (0, 6.123234e-17, 1), (0, 6.123234e-17, 1), (0, 6.123234e-17, 1), (0, 6.123234e-17, 1), (0, 6.123234e-17, 1), (0, 6.123234e-17, 1), (0, 6.123234e-17, 1), (0, 6.123234e-17, 1), (0, 6.123234e-17, 1), (0, 6.123234e-17, 1), (0, 6.123234e-17, 1), (0, 6.123234e-17, 1), (0, 6.123234e-17, 1), (0, 6.123234e-17, 1), (0, 6.123234e-17, 1), (0, 6.123234e-17, 1), (0, 6.123234e-17, 1), (0, 6.123234e-17, 1), (0, 6.123234e-17, 1), (0, 6.123234e-17, 1), (0, 6.123234e-17, 1), (0, 6.123234e-17, 1), (0, 6.123234e-17, 1), (0, 6.123234e-17, 1), (0, 6.123234e-17, 1), (0, 6.123234e-17, 1), (0, 6.123234e-17, 1), (0, 6.123234e-17, 1), (0, 6.123234e-17, 1), (0, 6.123234e-17, 1), (0, 6.123234e-17, 1), (0, 6.123234e-17, 1), (0, 6.123234e-17, 1), (0, 6.123234e-17, 1), (0, 6.123234e-17, 1), (0, 6.123234e-17, 1), (0, 6.123234e-17, 1), (0, 6.123234e-17, 1), (0, 6.123234e-17, 1), (0, 6.123234e-17, 1), (0, 6.123234e-17, 1), (0, 6.123234e-17, 1), (0, 6.123234e-17, 1), (0, 6.123234e-17, 1), (0, 6.123234e-17, 1), (0, 6.123234e-17, 1), (0, 6.123234e-17, 1), (0, 6.123234e-17, 1), (0, 6.123234e-17, 1), (0, 6.123234e-17, 1), (0, 6.123234e-17, 1), (0, 6.123234e-17, 1), (0, 6.123234e-17, 1), (0, 6.123234e-17, 1), (0, 6.123234e-17, 1), (0, 6.123234e-17, 1), (0, 6.123234e-17, 1), (0, 6.123234e-17, 1), (0, 6.123234e-17, 1), (0, 6.123234e-17, 1), (0, 6.123234e-17, 1), (0, 6.123234e-17, 1), (0, 6.123234e-17, 1), (0, 6.123234e-17, 1), (0, 6.123234e-17, 1), (0, 6.123234e-17, 1), (0, 6.123234e-17, 1), (0, 6.123234e-17, 1), (0, 6.123234e-17, 1), (0, 6.123234e-17, 1), (0, 6.123234e-17, 1), (0, 6.123234e-17, 1), (0, 6.123234e-17, 1), (0, 6.123234e-17, 1), (0, 6.123234e-17, 1), (0, 6.123234e-17, 1), (0, 6.123234e-17, 1), (0, 6.123234e-17, 1), (0, 6.123234e-17, 1), (0, 6.123234e-17, 1), (0, 6.123234e-17, 1), (0, 6.123234e-17, 1), (0, 6.123234e-17, 1), (0, 6.123234e-17, 1), (0, 6.123234e-17, 1), (0, 6.123234e-17, 1), (0, 6.123234e-17, 1), (0, 6.123234e-17, 1), (0, 6.123234e-17, 1), (0, 6.123234e-17, 1), (0, 6.123234e-17, 1), (0, 6.123234e-17, 1), (0, 6.123234e-17, 1), (0, 6.123234e-17, 1), (0, 6.123234e-17, 1), (0, 6.123234e-17, 1), (0, 6.123234e-17, 1), (0, 6.123234e-17, 1), (0, 6.123234e-17, 1), (0, 6.123234e-17, 1), (0, 6.123234e-17, 1), (0, 6.123234e-17, 1), (0, 6.123234e-17, 1), (0, 6.123234e-17, 1), (0, 6.123234e-17, 1), (0, 6.123234e-17, 1), (0, 6.123234e-17, 1), (0, 6.123234e-17, 1), (0, 6.123234e-17, 1), (0, 6.123234e-17, 1), (0, 6.123234e-17, 1), (0, 6.123234e-17, 1), (0, 6.123234e-17, 1), (0, 6.123234e-17, 1), (0, 6.123234e-17, 1), (0.9951847, -0.09801714, 6.001819e-18), (0.9951847, -0.09801714, 6.001819e-18), (0.9951847, -0.09801714, 6.001819e-18), (0.9951847, -0.09801714, 6.001819e-18), (0.9951847, -0.09801714, 6.001819e-18), (0.9951847, -0.09801714, 6.001819e-18), (0.9569403, -0.2902847, 1.777481e-17), (0.9569403, -0.2902847, 1.777481e-17), (0.9569403, -0.2902847, 1.777481e-17), (0.9569403, -0.2902847, 1.777481e-17), (0.9569403, -0.2902847, 1.777481e-17), (0.9569403, -0.2902847, 1.777481e-17), (0.8819213, -0.4713967, 2.886473e-17), (0.8819213, -0.4713967, 2.886473e-17), (0.8819213, -0.4713967, 2.886473e-17), (0.8819213, -0.4713967, 2.886473e-17), (0.8819213, -0.4713967, 2.886473e-17), (0.8819213, -0.4713967, 2.886473e-17), (0.7730105, -0.6343933, 3.884539e-17), (0.7730105, -0.6343933, 3.884539e-17), (0.7730105, -0.6343933, 3.884539e-17), (0.7730105, -0.6343933, 3.884539e-17), (0.7730105, -0.6343933, 3.884539e-17), (0.7730105, -0.6343933, 3.884539e-17), (0.6343933, -0.7730105, 4.733324e-17), (0.6343933, -0.7730105, 4.733324e-17), (0.6343933, -0.7730105, 4.733324e-17), (0.6343933, -0.7730105, 4.733324e-17), (0.6343933, -0.7730105, 4.733324e-17), (0.6343933, -0.7730105, 4.733324e-17), (0.4713967, -0.8819213, 5.40021e-17), (0.4713967, -0.8819213, 5.40021e-17), (0.4713967, -0.8819213, 5.40021e-17), (0.4713967, -0.8819213, 5.40021e-17), (0.4713967, -0.8819213, 5.40021e-17), (0.4713967, -0.8819213, 5.40021e-17), (0.2902847, -0.9569403, 5.85957e-17), (0.2902847, -0.9569403, 5.85957e-17), (0.2902847, -0.9569403, 5.85957e-17), (0.2902847, -0.9569403, 5.85957e-17), (0.2902847, -0.9569403, 5.85957e-17), (0.2902847, -0.9569403, 5.85957e-17), (0.001666723, -0.9999986, 6.123225e-17), (0.001666723, -0.9999986, 6.123225e-17), (0.001666723, -0.9999986, 6.123225e-17), (0.001666723, -0.9999986, 6.123225e-17), (0.001666723, -0.9999986, 6.123225e-17), (0.001666723, -0.9999986, 6.123225e-17), (-0.09801714, -0.9951847, 6.093749e-17), (-0.09801714, -0.9951847, 6.093749e-17), (-0.09801714, -0.9951847, 6.093749e-17), (-0.09801714, -0.9951847, 6.093749e-17), (-0.09801714, -0.9951847, 6.093749e-17), (-0.09801714, -0.9951847, 6.093749e-17), (-0.2902847, -0.9569403, 5.85957e-17), (-0.2902847, -0.9569403, 5.85957e-17), (-0.2902847, -0.9569403, 5.85957e-17), (-0.2902847, -0.9569403, 5.85957e-17), (-0.2902847, -0.9569403, 5.85957e-17), (-0.2902847, -0.9569403, 5.85957e-17), (-0.4713967, -0.8819213, 5.40021e-17), (-0.4713967, -0.8819213, 5.40021e-17), (-0.4713967, -0.8819213, 5.40021e-17), (-0.4713967, -0.8819213, 5.40021e-17), (-0.4713967, -0.8819213, 5.40021e-17), (-0.4713967, -0.8819213, 5.40021e-17), (-0.6343933, -0.7730105, 4.733324e-17), (-0.6343933, -0.7730105, 4.733324e-17), (-0.6343933, -0.7730105, 4.733324e-17), (-0.6343933, -0.7730105, 4.733324e-17), (-0.6343933, -0.7730105, 4.733324e-17), (-0.6343933, -0.7730105, 4.733324e-17), (-0.7730105, -0.6343933, 3.884539e-17), (-0.7730105, -0.6343933, 3.884539e-17), (-0.7730105, -0.6343933, 3.884539e-17), (-0.7730105, -0.6343933, 3.884539e-17), (-0.7730105, -0.6343933, 3.884539e-17), (-0.7730105, -0.6343933, 3.884539e-17), (-0.8819213, -0.4713967, 2.886473e-17), (-0.8819213, -0.4713967, 2.886473e-17), (-0.8819213, -0.4713967, 2.886473e-17), (-0.8819213, -0.4713967, 2.886473e-17), (-0.8819213, -0.4713967, 2.886473e-17), (-0.8819213, -0.4713967, 2.886473e-17), (-0.9569403, -0.2902847, 1.777481e-17), (-0.9569403, -0.2902847, 1.777481e-17), (-0.9569403, -0.2902847, 1.777481e-17), (-0.9569403, -0.2902847, 1.777481e-17), (-0.9569403, -0.2902847, 1.777481e-17), (-0.9569403, -0.2902847, 1.777481e-17), (-0.9999957, -0.002943228, 1.802207e-19), (-0.9999957, -0.002943228, 1.802207e-19), (-0.9999957, -0.002943228, 1.802207e-19), (-0.9999957, -0.002943228, 1.802207e-19), (-0.9999957, -0.002943228, 1.802207e-19), (-0.9999957, -0.002943228, 1.802207e-19), (-0.9951847, 0.09801714, -6.001819e-18), (-0.9951847, 0.09801714, -6.001819e-18), (-0.9951847, 0.09801714, -6.001819e-18), (-0.9951847, 0.09801714, -6.001819e-18), (-0.9951847, 0.09801714, -6.001819e-18), (-0.9951847, 0.09801714, -6.001819e-18), (-0.9569403, 0.2902847, -1.777481e-17), (-0.9569403, 0.2902847, -1.777481e-17), (-0.9569403, 0.2902847, -1.777481e-17), (-0.9569403, 0.2902847, -1.777481e-17), (-0.9569403, 0.2902847, -1.777481e-17), (-0.9569403, 0.2902847, -1.777481e-17), (-0.8819213, 0.4713967, -2.886473e-17), (-0.8819213, 0.4713967, -2.886473e-17), (-0.8819213, 0.4713967, -2.886473e-17), (-0.8819213, 0.4713967, -2.886473e-17), (-0.8819213, 0.4713967, -2.886473e-17), (-0.8819213, 0.4713967, -2.886473e-17), (-0.7730105, 0.6343933, -3.884539e-17), (-0.7730105, 0.6343933, -3.884539e-17), (-0.7730105, 0.6343933, -3.884539e-17), (-0.7730105, 0.6343933, -3.884539e-17), (-0.7730105, 0.6343933, -3.884539e-17), (-0.7730105, 0.6343933, -3.884539e-17), (-0.6343933, 0.7730105, -4.733324e-17), (-0.6343933, 0.7730105, -4.733324e-17), (-0.6343933, 0.7730105, -4.733324e-17), (-0.6343933, 0.7730105, -4.733324e-17), (-0.6343933, 0.7730105, -4.733324e-17), (-0.6343933, 0.7730105, -4.733324e-17), (-0.4713967, 0.8819213, -5.40021e-17), (-0.4713967, 0.8819213, -5.40021e-17), (-0.4713967, 0.8819213, -5.40021e-17), (-0.4713967, 0.8819213, -5.40021e-17), (-0.4713967, 0.8819213, -5.40021e-17), (-0.4713967, 0.8819213, -5.40021e-17), (-0.2902847, 0.9569403, -5.85957e-17), (-0.2902847, 0.9569403, -5.85957e-17), (-0.2902847, 0.9569403, -5.85957e-17), (-0.2902847, 0.9569403, -5.85957e-17), (-0.2902847, 0.9569403, -5.85957e-17), (-0.2902847, 0.9569403, -5.85957e-17), (-0.001666723, 0.9999986, -6.123225e-17), (-0.001666723, 0.9999986, -6.123225e-17), (-0.001666723, 0.9999986, -6.123225e-17), (-0.001666723, 0.9999986, -6.123225e-17), (-0.001666723, 0.9999986, -6.123225e-17), (-0.001666723, 0.9999986, -6.123225e-17), (0.09801714, 0.9951847, -6.093749e-17), (0.09801714, 0.9951847, -6.093749e-17), (0.09801714, 0.9951847, -6.093749e-17), (0.09801714, 0.9951847, -6.093749e-17), (0.09801714, 0.9951847, -6.093749e-17), (0.09801714, 0.9951847, -6.093749e-17), (0.2902847, 0.9569403, -5.85957e-17), (0.2902847, 0.9569403, -5.85957e-17), (0.2902847, 0.9569403, -5.85957e-17), (0.2902847, 0.9569403, -5.85957e-17), (0.2902847, 0.9569403, -5.85957e-17), (0.2902847, 0.9569403, -5.85957e-17), (0.4713967, 0.8819213, -5.40021e-17), (0.4713967, 0.8819213, -5.40021e-17), (0.4713967, 0.8819213, -5.40021e-17), (0.4713967, 0.8819213, -5.40021e-17), (0.4713967, 0.8819213, -5.40021e-17), (0.4713967, 0.8819213, -5.40021e-17), (0.6343933, 0.7730105, -4.733324e-17), (0.6343933, 0.7730105, -4.733324e-17), (0.6343933, 0.7730105, -4.733324e-17), (0.6343933, 0.7730105, -4.733324e-17), (0.6343933, 0.7730105, -4.733324e-17), (0.6343933, 0.7730105, -4.733324e-17), (0.7730105, 0.6343933, -3.884539e-17), (0.7730105, 0.6343933, -3.884539e-17), (0.7730105, 0.6343933, -3.884539e-17), (0.7730105, 0.6343933, -3.884539e-17), (0.7730105, 0.6343933, -3.884539e-17), (0.7730105, 0.6343933, -3.884539e-17), (0.8819213, 0.4713967, -2.886473e-17), (0.8819213, 0.4713967, -2.886473e-17), (0.8819213, 0.4713967, -2.886473e-17), (0.8819213, 0.4713967, -2.886473e-17), (0.8819213, 0.4713967, -2.886473e-17), (0.8819213, 0.4713967, -2.886473e-17), (0.9569403, 0.2902847, -1.777481e-17), (0.9569403, 0.2902847, -1.777481e-17), (0.9569403, 0.2902847, -1.777481e-17), (0.9569403, 0.2902847, -1.777481e-17), (0.9569403, 0.2902847, -1.777481e-17), (0.9569403, 0.2902847, -1.777481e-17), (0.9999957, 0.002943228, -1.802207e-19), (0.9999957, 0.002943228, -1.802207e-19), (0.9999957, 0.002943228, -1.802207e-19), (0.9999957, 0.002943228, -1.802207e-19), (0.9999957, 0.002943228, -1.802207e-19), (0.9999957, 0.002943228, -1.802207e-19), (-0.9951847, -0.09801714, 6.001819e-18), (-0.9951847, -0.09801714, 6.001819e-18), (-0.9951847, -0.09801714, 6.001819e-18), (-0.9951847, -0.09801714, 6.001819e-18), (-0.9951847, -0.09801714, 6.001819e-18), (-0.9951847, -0.09801714, 6.001819e-18), (-0.9569403, -0.2902847, 1.777481e-17), (-0.9569403, -0.2902847, 1.777481e-17), (-0.9569403, -0.2902847, 1.777481e-17), (-0.9569403, -0.2902847, 1.777481e-17), (-0.9569403, -0.2902847, 1.777481e-17), (-0.9569403, -0.2902847, 1.777481e-17), (-0.8819213, -0.4713967, 2.886473e-17), (-0.8819213, -0.4713967, 2.886473e-17), (-0.8819213, -0.4713967, 2.886473e-17), (-0.8819213, -0.4713967, 2.886473e-17), (-0.8819213, -0.4713967, 2.886473e-17), (-0.8819213, -0.4713967, 2.886473e-17), (-0.7730105, -0.6343933, 3.884539e-17), (-0.7730105, -0.6343933, 3.884539e-17), (-0.7730105, -0.6343933, 3.884539e-17), (-0.7730105, -0.6343933, 3.884539e-17), (-0.7730105, -0.6343933, 3.884539e-17), (-0.7730105, -0.6343933, 3.884539e-17), (-0.6343933, -0.7730105, 4.733324e-17), (-0.6343933, -0.7730105, 4.733324e-17), (-0.6343933, -0.7730105, 4.733324e-17), (-0.6343933, -0.7730105, 4.733324e-17), (-0.6343933, -0.7730105, 4.733324e-17), (-0.6343933, -0.7730105, 4.733324e-17), (-0.4713967, -0.8819213, 5.40021e-17), (-0.4713967, -0.8819213, 5.40021e-17), (-0.4713967, -0.8819213, 5.40021e-17), (-0.4713967, -0.8819213, 5.40021e-17), (-0.4713967, -0.8819213, 5.40021e-17), (-0.4713967, -0.8819213, 5.40021e-17), (-0.2902847, -0.9569403, 5.85957e-17), (-0.2902847, -0.9569403, 5.85957e-17), (-0.2902847, -0.9569403, 5.85957e-17), (-0.2902847, -0.9569403, 5.85957e-17), (-0.2902847, -0.9569403, 5.85957e-17), (-0.2902847, -0.9569403, 5.85957e-17), (-0.09801714, -0.9951847, 6.093749e-17), (-0.09801714, -0.9951847, 6.093749e-17), (-0.09801714, -0.9951847, 6.093749e-17), (-0.09801714, -0.9951847, 6.093749e-17), (-0.09801714, -0.9951847, 6.093749e-17), (-0.09801714, -0.9951847, 6.093749e-17), (0.09801714, -0.9951847, 6.093749e-17), (0.09801714, -0.9951847, 6.093749e-17), (0.09801714, -0.9951847, 6.093749e-17), (0.09801714, -0.9951847, 6.093749e-17), (0.09801714, -0.9951847, 6.093749e-17), (0.09801714, -0.9951847, 6.093749e-17), (0.2902847, -0.9569403, 5.85957e-17), (0.2902847, -0.9569403, 5.85957e-17), (0.2902847, -0.9569403, 5.85957e-17), (0.2902847, -0.9569403, 5.85957e-17), (0.2902847, -0.9569403, 5.85957e-17), (0.2902847, -0.9569403, 5.85957e-17), (0.4713967, -0.8819213, 5.40021e-17), (0.4713967, -0.8819213, 5.40021e-17), (0.4713967, -0.8819213, 5.40021e-17), (0.4713967, -0.8819213, 5.40021e-17), (0.4713967, -0.8819213, 5.40021e-17), (0.4713967, -0.8819213, 5.40021e-17), (0.6343933, -0.7730105, 4.733324e-17), (0.6343933, -0.7730105, 4.733324e-17), (0.6343933, -0.7730105, 4.733324e-17), (0.6343933, -0.7730105, 4.733324e-17), (0.6343933, -0.7730105, 4.733324e-17), (0.6343933, -0.7730105, 4.733324e-17), (0.7730105, -0.6343933, 3.884539e-17), (0.7730105, -0.6343933, 3.884539e-17), (0.7730105, -0.6343933, 3.884539e-17), (0.7730105, -0.6343933, 3.884539e-17), (0.7730105, -0.6343933, 3.884539e-17), (0.7730105, -0.6343933, 3.884539e-17), (0.8819213, -0.4713967, 2.886473e-17), (0.8819213, -0.4713967, 2.886473e-17), (0.8819213, -0.4713967, 2.886473e-17), (0.8819213, -0.4713967, 2.886473e-17), (0.8819213, -0.4713967, 2.886473e-17), (0.8819213, -0.4713967, 2.886473e-17), (0.9569403, -0.2902847, 1.777481e-17), (0.9569403, -0.2902847, 1.777481e-17), (0.9569403, -0.2902847, 1.777481e-17), (0.9569403, -0.2902847, 1.777481e-17), (0.9569403, -0.2902847, 1.777481e-17), (0.9569403, -0.2902847, 1.777481e-17), (0.9951847, -0.09801714, 6.001819e-18), (0.9951847, -0.09801714, 6.001819e-18), (0.9951847, -0.09801714, 6.001819e-18), (0.9951847, -0.09801714, 6.001819e-18), (0.9951847, -0.09801714, 6.001819e-18), (0.9951847, -0.09801714, 6.001819e-18), (0.9951847, 0.09801714, -6.001819e-18), (0.9951847, 0.09801714, -6.001819e-18), (0.9951847, 0.09801714, -6.001819e-18), (0.9951847, 0.09801714, -6.001819e-18), (0.9951847, 0.09801714, -6.001819e-18), (0.9951847, 0.09801714, -6.001819e-18), (0.9569403, 0.2902847, -1.777481e-17), (0.9569403, 0.2902847, -1.777481e-17), (0.9569403, 0.2902847, -1.777481e-17), (0.9569403, 0.2902847, -1.777481e-17), (0.9569403, 0.2902847, -1.777481e-17), (0.9569403, 0.2902847, -1.777481e-17), (0.8819213, 0.4713967, -2.886473e-17), (0.8819213, 0.4713967, -2.886473e-17), (0.8819213, 0.4713967, -2.886473e-17), (0.8819213, 0.4713967, -2.886473e-17), (0.8819213, 0.4713967, -2.886473e-17), (0.8819213, 0.4713967, -2.886473e-17), (0.7730105, 0.6343933, -3.884539e-17), (0.7730105, 0.6343933, -3.884539e-17), (0.7730105, 0.6343933, -3.884539e-17), (0.7730105, 0.6343933, -3.884539e-17), (0.7730105, 0.6343933, -3.884539e-17), (0.7730105, 0.6343933, -3.884539e-17), (0.6343933, 0.7730105, -4.733324e-17), (0.6343933, 0.7730105, -4.733324e-17), (0.6343933, 0.7730105, -4.733324e-17), (0.6343933, 0.7730105, -4.733324e-17), (0.6343933, 0.7730105, -4.733324e-17), (0.6343933, 0.7730105, -4.733324e-17), (0.4713967, 0.8819213, -5.40021e-17), (0.4713967, 0.8819213, -5.40021e-17), (0.4713967, 0.8819213, -5.40021e-17), (0.4713967, 0.8819213, -5.40021e-17), (0.4713967, 0.8819213, -5.40021e-17), (0.4713967, 0.8819213, -5.40021e-17), (0.2902847, 0.9569403, -5.85957e-17), (0.2902847, 0.9569403, -5.85957e-17), (0.2902847, 0.9569403, -5.85957e-17), (0.2902847, 0.9569403, -5.85957e-17), (0.2902847, 0.9569403, -5.85957e-17), (0.2902847, 0.9569403, -5.85957e-17), (0.09801714, 0.9951847, -6.093749e-17), (0.09801714, 0.9951847, -6.093749e-17), (0.09801714, 0.9951847, -6.093749e-17), (0.09801714, 0.9951847, -6.093749e-17), (0.09801714, 0.9951847, -6.093749e-17), (0.09801714, 0.9951847, -6.093749e-17), (-0.09801714, 0.9951847, -6.093749e-17), (-0.09801714, 0.9951847, -6.093749e-17), (-0.09801714, 0.9951847, -6.093749e-17), (-0.09801714, 0.9951847, -6.093749e-17), (-0.09801714, 0.9951847, -6.093749e-17), (-0.09801714, 0.9951847, -6.093749e-17), (-0.2902847, 0.9569403, -5.85957e-17), (-0.2902847, 0.9569403, -5.85957e-17), (-0.2902847, 0.9569403, -5.85957e-17), (-0.2902847, 0.9569403, -5.85957e-17), (-0.2902847, 0.9569403, -5.85957e-17), (-0.2902847, 0.9569403, -5.85957e-17), (-0.4713967, 0.8819213, -5.40021e-17), (-0.4713967, 0.8819213, -5.40021e-17), (-0.4713967, 0.8819213, -5.40021e-17), (-0.4713967, 0.8819213, -5.40021e-17), (-0.4713967, 0.8819213, -5.40021e-17), (-0.4713967, 0.8819213, -5.40021e-17), (-0.6343933, 0.7730105, -4.733324e-17), (-0.6343933, 0.7730105, -4.733324e-17), (-0.6343933, 0.7730105, -4.733324e-17), (-0.6343933, 0.7730105, -4.733324e-17), (-0.6343933, 0.7730105, -4.733324e-17), (-0.6343933, 0.7730105, -4.733324e-17), (-0.7730105, 0.6343933, -3.884539e-17), (-0.7730105, 0.6343933, -3.884539e-17), (-0.7730105, 0.6343933, -3.884539e-17), (-0.7730105, 0.6343933, -3.884539e-17), (-0.7730105, 0.6343933, -3.884539e-17), (-0.7730105, 0.6343933, -3.884539e-17), (-0.8819213, 0.4713967, -2.886473e-17), (-0.8819213, 0.4713967, -2.886473e-17), (-0.8819213, 0.4713967, -2.886473e-17), (-0.8819213, 0.4713967, -2.886473e-17), (-0.8819213, 0.4713967, -2.886473e-17), (-0.8819213, 0.4713967, -2.886473e-17), (-0.9569403, 0.2902847, -1.777481e-17), (-0.9569403, 0.2902847, -1.777481e-17), (-0.9569403, 0.2902847, -1.777481e-17), (-0.9569403, 0.2902847, -1.777481e-17), (-0.9569403, 0.2902847, -1.777481e-17), (-0.9569403, 0.2902847, -1.777481e-17), (-0.9951847, 0.09801714, -6.001819e-18), (-0.9951847, 0.09801714, -6.001819e-18), (-0.9951847, 0.09801714, -6.001819e-18), (-0.9951847, 0.09801714, -6.001819e-18), (-0.9951847, 0.09801714, -6.001819e-18), (-0.9951847, 0.09801714, -6.001819e-18), (-0.9951847, -0.09801714, 6.001819e-18), (-0.9951847, -0.09801714, 6.001819e-18), (-0.9951847, -0.09801714, 6.001819e-18), (-0.9951847, -0.09801714, 6.001819e-18), (-0.9951847, -0.09801714, 6.001819e-18), (-0.9951847, -0.09801714, 6.001819e-18), (-0.9569403, -0.2902847, 1.777481e-17), (-0.9569403, -0.2902847, 1.777481e-17), (-0.9569403, -0.2902847, 1.777481e-17), (-0.9569403, -0.2902847, 1.777481e-17), (-0.9569403, -0.2902847, 1.777481e-17), (-0.9569403, -0.2902847, 1.777481e-17), (-0.8819213, -0.4713967, 2.886473e-17), (-0.8819213, -0.4713967, 2.886473e-17), (-0.8819213, -0.4713967, 2.886473e-17), (-0.8819213, -0.4713967, 2.886473e-17), (-0.8819213, -0.4713967, 2.886473e-17), (-0.8819213, -0.4713967, 2.886473e-17), (-0.7730105, -0.6343933, 3.884539e-17), (-0.7730105, -0.6343933, 3.884539e-17), (-0.7730105, -0.6343933, 3.884539e-17), (-0.7730105, -0.6343933, 3.884539e-17), (-0.7730105, -0.6343933, 3.884539e-17), (-0.7730105, -0.6343933, 3.884539e-17), (-0.6343933, -0.7730105, 4.733324e-17), (-0.6343933, -0.7730105, 4.733324e-17), (-0.6343933, -0.7730105, 4.733324e-17), (-0.6343933, -0.7730105, 4.733324e-17), (-0.6343933, -0.7730105, 4.733324e-17), (-0.6343933, -0.7730105, 4.733324e-17), (-0.4713967, -0.8819213, 5.40021e-17), (-0.4713967, -0.8819213, 5.40021e-17), (-0.4713967, -0.8819213, 5.40021e-17), (-0.4713967, -0.8819213, 5.40021e-17), (-0.4713967, -0.8819213, 5.40021e-17), (-0.4713967, -0.8819213, 5.40021e-17), (-0.2902847, -0.9569403, 5.85957e-17), (-0.2902847, -0.9569403, 5.85957e-17), (-0.2902847, -0.9569403, 5.85957e-17), (-0.2902847, -0.9569403, 5.85957e-17), (-0.2902847, -0.9569403, 5.85957e-17), (-0.2902847, -0.9569403, 5.85957e-17), (-0.09801714, -0.9951847, 6.093749e-17), (-0.09801714, -0.9951847, 6.093749e-17), (-0.09801714, -0.9951847, 6.093749e-17), (-0.09801714, -0.9951847, 6.093749e-17), (-0.09801714, -0.9951847, 6.093749e-17), (-0.09801714, -0.9951847, 6.093749e-17), (0.09801714, -0.9951847, 6.093749e-17), (0.09801714, -0.9951847, 6.093749e-17), (0.09801714, -0.9951847, 6.093749e-17), (0.09801714, -0.9951847, 6.093749e-17), (0.09801714, -0.9951847, 6.093749e-17), (0.09801714, -0.9951847, 6.093749e-17), (0.2902847, -0.9569403, 5.85957e-17), (0.2902847, -0.9569403, 5.85957e-17), (0.2902847, -0.9569403, 5.85957e-17), (0.2902847, -0.9569403, 5.85957e-17), (0.2902847, -0.9569403, 5.85957e-17), (0.2902847, -0.9569403, 5.85957e-17), (0.4713967, -0.8819213, 5.40021e-17), (0.4713967, -0.8819213, 5.40021e-17), (0.4713967, -0.8819213, 5.40021e-17), (0.4713967, -0.8819213, 5.40021e-17), (0.4713967, -0.8819213, 5.40021e-17), (0.4713967, -0.8819213, 5.40021e-17), (0.6343933, -0.7730105, 4.733324e-17), (0.6343933, -0.7730105, 4.733324e-17), (0.6343933, -0.7730105, 4.733324e-17), (0.6343933, -0.7730105, 4.733324e-17), (0.6343933, -0.7730105, 4.733324e-17), (0.6343933, -0.7730105, 4.733324e-17), (0.7730105, -0.6343933, 3.884539e-17), (0.7730105, -0.6343933, 3.884539e-17), (0.7730105, -0.6343933, 3.884539e-17), (0.7730105, -0.6343933, 3.884539e-17), (0.7730105, -0.6343933, 3.884539e-17), (0.7730105, -0.6343933, 3.884539e-17), (0.8819213, -0.4713967, 2.886473e-17), (0.8819213, -0.4713967, 2.886473e-17), (0.8819213, -0.4713967, 2.886473e-17), (0.8819213, -0.4713967, 2.886473e-17), (0.8819213, -0.4713967, 2.886473e-17), (0.8819213, -0.4713967, 2.886473e-17), (0.9569403, -0.2902847, 1.777481e-17), (0.9569403, -0.2902847, 1.777481e-17), (0.9569403, -0.2902847, 1.777481e-17), (0.9569403, -0.2902847, 1.777481e-17), (0.9569403, -0.2902847, 1.777481e-17), (0.9569403, -0.2902847, 1.777481e-17), (0.9951847, -0.09801714, 6.001819e-18), (0.9951847, -0.09801714, 6.001819e-18), (0.9951847, -0.09801714, 6.001819e-18), (0.9951847, -0.09801714, 6.001819e-18), (0.9951847, -0.09801714, 6.001819e-18), (0.9951847, -0.09801714, 6.001819e-18), (0.9951847, 0.09801714, -6.001819e-18), (0.9951847, 0.09801714, -6.001819e-18), (0.9951847, 0.09801714, -6.001819e-18), (0.9951847, 0.09801714, -6.001819e-18), (0.9951847, 0.09801714, -6.001819e-18), (0.9951847, 0.09801714, -6.001819e-18), (0.9569403, 0.2902847, -1.777481e-17), (0.9569403, 0.2902847, -1.777481e-17), (0.9569403, 0.2902847, -1.777481e-17), (0.9569403, 0.2902847, -1.777481e-17), (0.9569403, 0.2902847, -1.777481e-17), (0.9569403, 0.2902847, -1.777481e-17), (0.8819213, 0.4713967, -2.886473e-17), (0.8819213, 0.4713967, -2.886473e-17), (0.8819213, 0.4713967, -2.886473e-17), (0.8819213, 0.4713967, -2.886473e-17), (0.8819213, 0.4713967, -2.886473e-17), (0.8819213, 0.4713967, -2.886473e-17), (0.7730105, 0.6343933, -3.884539e-17), (0.7730105, 0.6343933, -3.884539e-17), (0.7730105, 0.6343933, -3.884539e-17), (0.7730105, 0.6343933, -3.884539e-17), (0.7730105, 0.6343933, -3.884539e-17), (0.7730105, 0.6343933, -3.884539e-17), (0.6343933, 0.7730105, -4.733324e-17), (0.6343933, 0.7730105, -4.733324e-17), (0.6343933, 0.7730105, -4.733324e-17), (0.6343933, 0.7730105, -4.733324e-17), (0.6343933, 0.7730105, -4.733324e-17), (0.6343933, 0.7730105, -4.733324e-17), (0.4713967, 0.8819213, -5.40021e-17), (0.4713967, 0.8819213, -5.40021e-17), (0.4713967, 0.8819213, -5.40021e-17), (0.4713967, 0.8819213, -5.40021e-17), (0.4713967, 0.8819213, -5.40021e-17), (0.4713967, 0.8819213, -5.40021e-17), (0.2902847, 0.9569403, -5.85957e-17), (0.2902847, 0.9569403, -5.85957e-17), (0.2902847, 0.9569403, -5.85957e-17), (0.2902847, 0.9569403, -5.85957e-17), (0.2902847, 0.9569403, -5.85957e-17), (0.2902847, 0.9569403, -5.85957e-17), (0.09801714, 0.9951847, -6.093749e-17), (0.09801714, 0.9951847, -6.093749e-17), (0.09801714, 0.9951847, -6.093749e-17), (0.09801714, 0.9951847, -6.093749e-17), (0.09801714, 0.9951847, -6.093749e-17), (0.09801714, 0.9951847, -6.093749e-17), (-0.09801714, 0.9951847, -6.093749e-17), (-0.09801714, 0.9951847, -6.093749e-17), (-0.09801714, 0.9951847, -6.093749e-17), (-0.09801714, 0.9951847, -6.093749e-17), (-0.09801714, 0.9951847, -6.093749e-17), (-0.09801714, 0.9951847, -6.093749e-17), (-0.2902847, 0.9569403, -5.85957e-17), (-0.2902847, 0.9569403, -5.85957e-17), (-0.2902847, 0.9569403, -5.85957e-17), (-0.2902847, 0.9569403, -5.85957e-17), (-0.2902847, 0.9569403, -5.85957e-17), (-0.2902847, 0.9569403, -5.85957e-17), (-0.4713967, 0.8819213, -5.40021e-17), (-0.4713967, 0.8819213, -5.40021e-17), (-0.4713967, 0.8819213, -5.40021e-17), (-0.4713967, 0.8819213, -5.40021e-17), (-0.4713967, 0.8819213, -5.40021e-17), (-0.4713967, 0.8819213, -5.40021e-17), (-0.6343933, 0.7730105, -4.733324e-17), (-0.6343933, 0.7730105, -4.733324e-17), (-0.6343933, 0.7730105, -4.733324e-17), (-0.6343933, 0.7730105, -4.733324e-17), (-0.6343933, 0.7730105, -4.733324e-17), (-0.6343933, 0.7730105, -4.733324e-17), (-0.7730105, 0.6343933, -3.884539e-17), (-0.7730105, 0.6343933, -3.884539e-17), (-0.7730105, 0.6343933, -3.884539e-17), (-0.7730105, 0.6343933, -3.884539e-17), (-0.7730105, 0.6343933, -3.884539e-17), (-0.7730105, 0.6343933, -3.884539e-17), (-0.8819213, 0.4713967, -2.886473e-17), (-0.8819213, 0.4713967, -2.886473e-17), (-0.8819213, 0.4713967, -2.886473e-17), (-0.8819213, 0.4713967, -2.886473e-17), (-0.8819213, 0.4713967, -2.886473e-17), (-0.8819213, 0.4713967, -2.886473e-17), (-0.9569403, 0.2902847, -1.777481e-17), (-0.9569403, 0.2902847, -1.777481e-17), (-0.9569403, 0.2902847, -1.777481e-17), (-0.9569403, 0.2902847, -1.777481e-17), (-0.9569403, 0.2902847, -1.777481e-17), (-0.9569403, 0.2902847, -1.777481e-17), (-0.9951847, 0.09801714, -6.001819e-18), (-0.9951847, 0.09801714, -6.001819e-18), (-0.9951847, 0.09801714, -6.001819e-18), (-0.9951847, 0.09801714, -6.001819e-18), (-0.9951847, 0.09801714, -6.001819e-18), (-0.9951847, 0.09801714, -6.001819e-18)] (interpolation = "faceVarying")
            float3[] extent = [(-0.004, -0.0025, -0.02387), (0.004, 0.0025, -0.02167)]
            rel material:binding = </WorkbenchPart/Materials/yellow>
            texCoord2f[] primvars:st = [(0.4438231, -7.483953e-18), (0.4444444, -0.2111111), (0.4431635, -0.2241171), (0.4438231, -7.483953e-18), (0.4431635, -0.2241171), (0.4393697, -0.2366233), (0.4438231, -7.483953e-18), (0.4393697, -0.2366233), (0.4332091, -0.2481491), (0.4438231, -7.483953e-18), (0.4332091, -0.2481491), (0.4249182, -0.2582516), (0.4438231, -7.483953e-18), (0.4249182, -0.2582516), (0.4148158, -0.2665424), (0.4438231, -7.483953e-18), (0.4148158, -0.2665424), (0.40329, -0.2727031), (0.4438231, -7.483953e-18), (0.40329, -0.2727031), (0.3907838, -0.2764968), (0.3907838, -0.2764968), (-0.3777778, -0.2777778), (-0.3907838, -0.2764968), (0.3907838, -0.2764968), (-0.3907838, -0.2764968), (-0.40329, -0.2727031), (0.3907838, -0.2764968), (-0.40329, -0.2727031), (-0.4148158, -0.2665424), (0.3907838, -0.2764968), (-0.4148158, -0.2665424), (-0.4249182, -0.2582516), (0.3907838, -0.2764968), (-0.4249182, -0.2582516), (-0.4332091, -0.2481491), (0.3907838, -0.2764968), (-0.4332091, -0.2481491), (-0.4393697, -0.2366233), (0.3907838, -0.2764968), (-0.4393697, -0.2366233), (-0.4431635, -0.2241171), (-0.4431635, -0.2241171), (-0.4444444, 0.2111111), (-0.4431635, 0.2241171), (-0.4431635, -0.2241171), (-0.4431635, 0.2241171), (-0.4393697, 0.2366233), (-0.4431635, -0.2241171), (-0.4393697, 0.2366233), (-0.4332091, 0.2481491), (-0.4431635, -0.2241171), (-0.4332091, 0.2481491), (-0.4249182, 0.2582516), (-0.4431635, -0.2241171), (-0.4249182, 0.2582516), (-0.4148158, 0.2665424), (-0.4431635, -0.2241171), (-0.4148158, 0.2665424), (-0.40329, 0.2727031), (-0.4431635, -0.2241171), (-0.40329, 0.2727031), (-0.3907838, 0.2764968), (-0.3907838, 0.2764968), (0.3777778, 0.2777778), (0.3907838, 0.2764968), (-0.3907838, 0.2764968), (0.3907838, 0.2764968), (0.40329, 0.2727031), (-0.3907838, 0.2764968), (0.40329, 0.2727031), (0.4148158, 0.2665424), (-0.3907838, 0.2764968), (0.4148158, 0.2665424), (0.4249182, 0.2582516), (-0.3907838, 0.2764968), (0.4249182, 0.2582516), (0.4332091, 0.2481491), (-0.3907838, 0.2764968), (0.4332091, 0.2481491), (0.4393697, 0.2366233), (-0.3907838, 0.2764968), (0.4393697, 0.2366233), (0.4431635, 0.2241171), (0.4431635, 0.2241171), (0.4438231, -7.483953e-18), (0.3055556, -7.483953e-18), (0.4431635, 0.2241171), (0.3055556, -7.483953e-18), (0.3031003, 0.02492821), (0.4431635, 0.2241171), (0.3031003, 0.02492821), (0.2958291, 0.04889844), (0.4431635, 0.2241171), (0.2958291, 0.04889844), (0.2840211, 0.07098953), (0.4431635, 0.2241171), (0.2840211, 0.07098953), (0.2681303, 0.09035253), (0.4431635, 0.2241171), (0.2681303, 0.09035253), (0.2487673, 0.1062433), (0.4431635, 0.2241171), (0.2487673, 0.1062433), (0.2266762, 0.1180513), (0.4431635, 0.2241171), (0.2266762, 0.1180513), (0.202706, 0.1253226), (-0.3907838, 0.2764968), (0.4431635, 0.2241171), (0.202706, 0.1253226), (-0.3907838, 0.2764968), (0.202706, 0.1253226), (0.1777778, 0.1277778), (-0.3907838, 0.2764968), (0.1777778, 0.1277778), (0.1528496, 0.1253226), (-0.3907838, 0.2764968), (0.1528496, 0.1253226), (0.1288793, 0.1180513), (-0.3907838, 0.2764968), (0.1288793, 0.1180513), (0.1067882, 0.1062433), (-0.3907838, 0.2764968), (0.1067882, 0.1062433), (0.08742524, 0.09035253), (-0.3907838, 0.2764968), (0.08742524, 0.09035253), (0.07153444, 0.07098953), (-0.3907838, 0.2764968), (0.07153444, 0.07098953), (0.0597265, 0.04889844), (-0.3907838, 0.2764968), (0.0597265, 0.04889844), (0.05245521, 0.02492821), (0.3031003, -0.02492821), (0.3055556, -7.483953e-18), (0.4438231, -7.483953e-18), (0.2958291, -0.04889844), (0.3031003, -0.02492821), (0.4438231, -7.483953e-18), (0.2840211, -0.07098953), (0.2958291, -0.04889844), (0.4438231, -7.483953e-18), (0.2681303, -0.09035253), (0.2840211, -0.07098953), (0.4438231, -7.483953e-18), (0.2487673, -0.1062433), (0.2681303, -0.09035253), (0.4438231, -7.483953e-18), (0.2487673, -0.1062433), (0.4438231, -7.483953e-18), (0.3907838, -0.2764968), (0.2266762, -0.1180513), (0.2487673, -0.1062433), (0.3907838, -0.2764968), (0.202706, -0.1253226), (0.2266762, -0.1180513), (0.3907838, -0.2764968), (0.202706, -0.1253226), (0.3907838, -0.2764968), (-0.4431635, -0.2241171), (0.1777778, -0.1277778), (0.202706, -0.1253226), (-0.4431635, -0.2241171), (0.1528496, -0.1253226), (0.1777778, -0.1277778), (-0.4431635, -0.2241171), (0.1288793, -0.1180513), (0.1528496, -0.1253226), (-0.4431635, -0.2241171), (0.1067882, -0.1062433), (0.1288793, -0.1180513), (-0.4431635, -0.2241171), (0.08742524, -0.09035253), (0.1067882, -0.1062433), (-0.4431635, -0.2241171), (0.07153444, -0.07098953), (0.08742524, -0.09035253), (-0.4431635, -0.2241171), (0.05245521, 0.02492821), (0.05, -7.483953e-18), (-0.05, -7.483953e-18), (0.05245521, 0.02492821), (-0.05, -7.483953e-18), (-0.05245521, 0.02492821), (0.05245521, 0.02492821), (-0.05245521, 0.02492821), (-0.0597265, 0.04889844), (0.05245521, 0.02492821), (-0.0597265, 0.04889844), (-0.07153444, 0.07098953), (0.05245521, 0.02492821), (-0.07153444, 0.07098953), (-0.08742524, 0.09035253), (0.05245521, 0.02492821), (-0.08742524, 0.09035253), (-0.1067882, 0.1062433), (-0.3907838, 0.2764968), (0.05245521, 0.02492821), (-0.1067882, 0.1062433), (-0.3907838, 0.2764968), (-0.1067882, 0.1062433), (-0.1288793, 0.1180513), (-0.3907838, 0.2764968), (-0.1288793, 0.1180513), (-0.1528496, 0.1253226), (-0.3907838, 0.2764968), (-0.1528496, 0.1253226), (-0.1777778, 0.1277778), (-0.3907838, 0.2764968), (-0.1777778, 0.1277778), (-0.202706, 0.1253226), (-0.3907838, 0.2764968), (-0.202706, 0.1253226), (-0.2266762, 0.1180513), (-0.3907838, 0.2764968), (-0.2266762, 0.1180513), (-0.2487673, 0.1062433), (-0.3907838, 0.2764968), (-0.2487673, 0.1062433), (-0.2681303, 0.09035253), (-0.3907838, 0.2764968), (-0.2681303, 0.09035253), (-0.2840211, 0.07098953), (-0.4431635, -0.2241171), (-0.3907838, 0.2764968), (-0.2840211, 0.07098953), (-0.4431635, -0.2241171), (-0.2840211, 0.07098953), (-0.2958291, 0.04889844), (-0.4431635, -0.2241171), (-0.2958291, 0.04889844), (-0.3031003, 0.02492821), (-0.4431635, -0.2241171), (-0.3031003, 0.02492821), (-0.3055556, -7.483953e-18), (-0.4431635, -0.2241171), (-0.3055556, -7.483953e-18), (-0.3031003, -0.02492821), (-0.4431635, -0.2241171), (-0.3031003, -0.02492821), (-0.2958291, -0.04889844), (-0.4431635, -0.2241171), (-0.2958291, -0.04889844), (-0.2840211, -0.07098953), (-0.4431635, -0.2241171), (-0.2840211, -0.07098953), (-0.2681303, -0.09035253), (-0.4431635, -0.2241171), (-0.2681303, -0.09035253), (-0.2487673, -0.1062433), (-0.4431635, -0.2241171), (-0.2487673, -0.1062433), (-0.2266762, -0.1180513), (-0.4431635, -0.2241171), (-0.2266762, -0.1180513), (-0.202706, -0.1253226), (-0.4431635, -0.2241171), (-0.202706, -0.1253226), (-0.1777778, -0.1277778), (-0.4431635, -0.2241171), (-0.1777778, -0.1277778), (-0.1528496, -0.1253226), (0.07153444, -0.07098953), (-0.4431635, -0.2241171), (-0.1528496, -0.1253226), (0.07153444, -0.07098953), (-0.1528496, -0.1253226), (-0.1288793, -0.1180513), (0.07153444, -0.07098953), (-0.1288793, -0.1180513), (-0.1067882, -0.1062433), (0.07153444, -0.07098953), (-0.1067882, -0.1062433), (-0.08742524, -0.09035253), (0.07153444, -0.07098953), (-0.08742524, -0.09035253), (-0.07153444, -0.07098953), (0.07153444, -0.07098953), (-0.07153444, -0.07098953), (-0.0597265, -0.04889844), (0.07153444, -0.07098953), (-0.0597265, -0.04889844), (-0.05245521, -0.02492821), (0.07153444, -0.07098953), (-0.05245521, -0.02492821), (-0.05, -7.483953e-18), (-0.05, -7.483953e-18), (0.05, -7.483953e-18), (0.05245521, -0.02492821), (-0.05, -7.483953e-18), (0.05245521, -0.02492821), (0.0597265, -0.04889844), (-0.05, -7.483953e-18), (0.0597265, -0.04889844), (0.07153444, -0.07098953), (0.4438231, 7.483953e-18), (0.4431635, -0.2241171), (0.4444444, -0.2111111), (0.4438231, 7.483953e-18), (0.4393697, -0.2366233), (0.4431635, -0.2241171), (0.4438231, 7.483953e-18), (0.4332091, -0.2481491), (0.4393697, -0.2366233), (0.4438231, 7.483953e-18), (0.4249182, -0.2582516), (0.4332091, -0.2481491), (0.4438231, 7.483953e-18), (0.4148158, -0.2665424), (0.4249182, -0.2582516), (0.4438231, 7.483953e-18), (0.40329, -0.2727031), (0.4148158, -0.2665424), (0.4438231, 7.483953e-18), (0.3907838, -0.2764968), (0.40329, -0.2727031), (0.3907838, -0.2764968), (-0.3907838, -0.2764968), (-0.3777778, -0.2777778), (0.3907838, -0.2764968), (-0.40329, -0.2727031), (-0.3907838, -0.2764968), (0.3907838, -0.2764968), (-0.4148158, -0.2665424), (-0.40329, -0.2727031), (0.3907838, -0.2764968), (-0.4249182, -0.2582516), (-0.4148158, -0.2665424), (0.3907838, -0.2764968), (-0.4332091, -0.2481491), (-0.4249182, -0.2582516), (0.3907838, -0.2764968), (-0.4393697, -0.2366233), (-0.4332091, -0.2481491), (0.3907838, -0.2764968), (-0.4431635, -0.2241171), (-0.4393697, -0.2366233), (-0.4431635, -0.2241171), (-0.4431635, 0.2241171), (-0.4444444, 0.2111111), (-0.4431635, -0.2241171), (-0.4393697, 0.2366233), (-0.4431635, 0.2241171), (-0.4431635, -0.2241171), (-0.4332091, 0.2481491), (-0.4393697, 0.2366233), (-0.4431635, -0.2241171), (-0.4249182, 0.2582516), (-0.4332091, 0.2481491), (-0.4431635, -0.2241171), (-0.4148158, 0.2665424), (-0.4249182, 0.2582516), (-0.4431635, -0.2241171), (-0.40329, 0.2727031), (-0.4148158, 0.2665424), (-0.4431635, -0.2241171), (-0.3907838, 0.2764968), (-0.40329, 0.2727031), (-0.3907838, 0.2764968), (0.3907838, 0.2764968), (0.3777778, 0.2777778), (-0.3907838, 0.2764968), (0.40329, 0.2727031), (0.3907838, 0.2764968), (-0.3907838, 0.2764968), (0.4148158, 0.2665424), (0.40329, 0.2727031), (-0.3907838, 0.2764968), (0.4249182, 0.2582516), (0.4148158, 0.2665424), (-0.3907838, 0.2764968), (0.4332091, 0.2481491), (0.4249182, 0.2582516), (-0.3907838, 0.2764968), (0.4393697, 0.2366233), (0.4332091, 0.2481491), (-0.3907838, 0.2764968), (0.4431635, 0.2241171), (0.4393697, 0.2366233), (0.4431635, 0.2241171), (0.3055556, 7.483953e-18), (0.4438231, 7.483953e-18), (0.4431635, 0.2241171), (0.3031003, 0.02492821), (0.3055556, 7.483953e-18), (0.4431635, 0.2241171), (0.2958291, 0.04889844), (0.3031003, 0.02492821), (0.4431635, 0.2241171), (0.2840211, 0.07098953), (0.2958291, 0.04889844), (0.4431635, 0.2241171), (0.2681303, 0.09035253), (0.2840211, 0.07098953), (0.4431635, 0.2241171), (0.2487673, 0.1062433), (0.2681303, 0.09035253), (0.4431635, 0.2241171), (0.2266762, 0.1180513), (0.2487673, 0.1062433), (0.4431635, 0.2241171), (0.202706, 0.1253226), (0.2266762, 0.1180513), (-0.3907838, 0.2764968), (0.202706, 0.1253226), (0.4431635, 0.2241171), (-0.3907838, 0.2764968), (0.1777778, 0.1277778), (0.202706, 0.1253226), (-0.3907838, 0.2764968), (0.1528496, 0.1253226), (0.1777778, 0.1277778), (-0.3907838, 0.2764968), (0.1288793, 0.1180513), (0.1528496, 0.1253226), (-0.3907838, 0.2764968), (0.1067882, 0.1062433), (0.1288793, 0.1180513), (-0.3907838, 0.2764968), (0.08742524, 0.09035253), (0.1067882, 0.1062433), (-0.3907838, 0.2764968), (0.07153444, 0.07098953), (0.08742524, 0.09035253), (-0.3907838, 0.2764968), (0.0597265, 0.04889844), (0.07153444, 0.07098953), (-0.3907838, 0.2764968), (0.05245521, 0.02492821), (0.0597265, 0.04889844), (0.3031003, -0.02492821), (0.4438231, 7.483953e-18), (0.3055556, 7.483953e-18), (0.2958291, -0.04889844), (0.4438231, 7.483953e-18), (0.3031003, -0.02492821), (0.2840211, -0.07098953), (0.4438231, 7.483953e-18), (0.2958291, -0.04889844), (0.2681303, -0.09035253), (0.4438231, 7.483953e-18), (0.2840211, -0.07098953), (0.2487673, -0.1062433), (0.4438231, 7.483953e-18), (0.2681303, -0.09035253), (0.2487673, -0.1062433), (0.3907838, -0.2764968), (0.4438231, 7.483953e-18), (0.2266762, -0.1180513), (0.3907838, -0.2764968), (0.2487673, -0.1062433), (0.202706, -0.1253226), (0.3907838, -0.2764968), (0.2266762, -0.1180513), (0.202706, -0.1253226), (-0.4431635, -0.2241171), (0.3907838, -0.2764968), (0.1777778, -0.1277778), (-0.4431635, -0.2241171), (0.202706, -0.1253226), (0.1528496, -0.1253226), (-0.4431635, -0.2241171), (0.1777778, -0.1277778), (0.1288793, -0.1180513), (-0.4431635, -0.2241171), (0.1528496, -0.1253226), (0.1067882, -0.1062433), (-0.4431635, -0.2241171), (0.1288793, -0.1180513), (0.08742524, -0.09035253), (-0.4431635, -0.2241171), (0.1067882, -0.1062433), (0.07153444, -0.07098953), (-0.4431635, -0.2241171), (0.08742524, -0.09035253), (0.05245521, 0.02492821), (-0.05, 7.483953e-18), (0.05, 7.483953e-18), (0.05245521, 0.02492821), (-0.05245521, 0.02492821), (-0.05, 7.483953e-18), (0.05245521, 0.02492821), (-0.0597265, 0.04889844), (-0.05245521, 0.02492821), (0.05245521, 0.02492821), (-0.07153444, 0.07098953), (-0.0597265, 0.04889844), (0.05245521, 0.02492821), (-0.08742524, 0.09035253), (-0.07153444, 0.07098953), (0.05245521, 0.02492821), (-0.1067882, 0.1062433), (-0.08742524, 0.09035253), (-0.3907838, 0.2764968), (-0.1067882, 0.1062433), (0.05245521, 0.02492821), (-0.3907838, 0.2764968), (-0.1288793, 0.1180513), (-0.1067882, 0.1062433), (-0.3907838, 0.2764968), (-0.1528496, 0.1253226), (-0.1288793, 0.1180513), (-0.3907838, 0.2764968), (-0.1777778, 0.1277778), (-0.1528496, 0.1253226), (-0.3907838, 0.2764968), (-0.202706, 0.1253226), (-0.1777778, 0.1277778), (-0.3907838, 0.2764968), (-0.2266762, 0.1180513), (-0.202706, 0.1253226), (-0.3907838, 0.2764968), (-0.2487673, 0.1062433), (-0.2266762, 0.1180513), (-0.3907838, 0.2764968), (-0.2681303, 0.09035253), (-0.2487673, 0.1062433), (-0.3907838, 0.2764968), (-0.2840211, 0.07098953), (-0.2681303, 0.09035253), (-0.4431635, -0.2241171), (-0.2840211, 0.07098953), (-0.3907838, 0.2764968), (-0.4431635, -0.2241171), (-0.2958291, 0.04889844), (-0.2840211, 0.07098953), (-0.4431635, -0.2241171), (-0.3031003, 0.02492821), (-0.2958291, 0.04889844), (-0.4431635, -0.2241171), (-0.3055556, 7.483953e-18), (-0.3031003, 0.02492821), (-0.4431635, -0.2241171), (-0.3031003, -0.02492821), (-0.3055556, 7.483953e-18), (-0.4431635, -0.2241171), (-0.2958291, -0.04889844), (-0.3031003, -0.02492821), (-0.4431635, -0.2241171), (-0.2840211, -0.07098953), (-0.2958291, -0.04889844), (-0.4431635, -0.2241171), (-0.2681303, -0.09035253), (-0.2840211, -0.07098953), (-0.4431635, -0.2241171), (-0.2487673, -0.1062433), (-0.2681303, -0.09035253), (-0.4431635, -0.2241171), (-0.2266762, -0.1180513), (-0.2487673, -0.1062433), (-0.4431635, -0.2241171), (-0.202706, -0.1253226), (-0.2266762, -0.1180513), (-0.4431635, -0.2241171), (-0.1777778, -0.1277778), (-0.202706, -0.1253226), (-0.4431635, -0.2241171), (-0.1528496, -0.1253226), (-0.1777778, -0.1277778), (0.07153444, -0.07098953), (-0.1528496, -0.1253226), (-0.4431635, -0.2241171), (0.07153444, -0.07098953), (-0.1288793, -0.1180513), (-0.1528496, -0.1253226), (0.07153444, -0.07098953), (-0.1067882, -0.1062433), (-0.1288793, -0.1180513), (0.07153444, -0.07098953), (-0.08742524, -0.09035253), (-0.1067882, -0.1062433), (0.07153444, -0.07098953), (-0.07153444, -0.07098953), (-0.08742524, -0.09035253), (0.07153444, -0.07098953), (-0.0597265, -0.04889844), (-0.07153444, -0.07098953), (0.07153444, -0.07098953), (-0.05245521, -0.02492821), (-0.0597265, -0.04889844), (0.07153444, -0.07098953), (-0.05, 7.483953e-18), (-0.05245521, -0.02492821), (-0.05, 7.483953e-18), (0.05245521, -0.02492821), (0.05, 7.483953e-18), (-0.05, 7.483953e-18), (0.0597265, -0.04889844), (0.05245521, -0.02492821), (-0.05, 7.483953e-18), (0.07153444, -0.07098953), (0.0597265, -0.04889844), (-0.2111111, -2.652222), (-0.2111111, -2.407778), (-0.2241171, -2.407778), (-0.2111111, -2.652222), (-0.2241171, -2.407778), (-0.2241171, -2.652222), (-0.2241171, -2.652222), (-0.2241171, -2.407778), (-0.2366233, -2.407778), (-0.2241171, -2.652222), (-0.2366233, -2.407778), (-0.2366233, -2.652222), (-0.2366233, -2.652222), (-0.2366233, -2.407778), (-0.2481491, -2.407778), (-0.2366233, -2.652222), (-0.2481491, -2.407778), (-0.2481491, -2.652222), (-0.2481491, -2.652222), (-0.2481491, -2.407778), (-0.2582516, -2.407778), (-0.2481491, -2.652222), (-0.2582516, -2.407778), (-0.2582516, -2.652222), (0.4249182, -2.652222), (0.4249182, -2.407778), (0.4148158, -2.407778), (0.4249182, -2.652222), (0.4148158, -2.407778), (0.4148158, -2.652222), (0.4148158, -2.652222), (0.4148158, -2.407778), (0.40329, -2.407778), (0.4148158, -2.652222), (0.40329, -2.407778), (0.40329, -2.652222), (0.40329, -2.652222), (0.40329, -2.407778), (0.3907838, -2.407778), (0.40329, -2.652222), (0.3907838, -2.407778), (0.3907838, -2.652222), (0.3907838, -2.652222), (0.3907838, -2.407778), (-0.3777778, -2.407778), (0.3907838, -2.652222), (-0.3777778, -2.407778), (-0.3777778, -2.652222), (-0.3777778, -2.652222), (-0.3777778, -2.407778), (-0.3907838, -2.407778), (-0.3777778, -2.652222), (-0.3907838, -2.407778), (-0.3907838, -2.652222), (-0.3907838, -2.652222), (-0.3907838, -2.407778), (-0.40329, -2.407778), (-0.3907838, -2.652222), (-0.40329, -2.407778), (-0.40329, -2.652222), (-0.40329, -2.652222), (-0.40329, -2.407778), (-0.4148158, -2.407778), (-0.40329, -2.652222), (-0.4148158, -2.407778), (-0.4148158, -2.652222), (-0.4148158, -2.652222), (-0.4148158, -2.407778), (-0.4249182, -2.407778), (-0.4148158, -2.652222), (-0.4249182, -2.407778), (-0.4249182, -2.652222), (-0.2582516, -2.652222), (-0.2582516, -2.407778), (-0.2481491, -2.407778), (-0.2582516, -2.652222), (-0.2481491, -2.407778), (-0.2481491, -2.652222), (-0.2481491, -2.652222), (-0.2481491, -2.407778), (-0.2366233, -2.407778), (-0.2481491, -2.652222), (-0.2366233, -2.407778), (-0.2366233, -2.652222), (-0.2366233, -2.652222), (-0.2366233, -2.407778), (-0.2241171, -2.407778), (-0.2366233, -2.652222), (-0.2241171, -2.407778), (-0.2241171, -2.652222), (-0.2241171, -2.652222), (-0.2241171, -2.407778), (0.2111111, -2.407778), (-0.2241171, -2.652222), (0.2111111, -2.407778), (0.2111111, -2.652222), (0.2111111, -2.652222), (0.2111111, -2.407778), (0.2241171, -2.407778), (0.2111111, -2.652222), (0.2241171, -2.407778), (0.2241171, -2.652222), (0.2241171, -2.652222), (0.2241171, -2.407778), (0.2366233, -2.407778), (0.2241171, -2.652222), (0.2366233, -2.407778), (0.2366233, -2.652222), (0.2366233, -2.652222), (0.2366233, -2.407778), (0.2481491, -2.407778), (0.2366233, -2.652222), (0.2481491, -2.407778), (0.2481491, -2.652222), (0.2481491, -2.652222), (0.2481491, -2.407778), (0.2582516, -2.407778), (0.2481491, -2.652222), (0.2582516, -2.407778), (0.2582516, -2.652222), (-0.4249182, -2.652222), (-0.4249182, -2.407778), (-0.4148158, -2.407778), (-0.4249182, -2.652222), (-0.4148158, -2.407778), (-0.4148158, -2.652222), (-0.4148158, -2.652222), (-0.4148158, -2.407778), (-0.40329, -2.407778), (-0.4148158, -2.652222), (-0.40329, -2.407778), (-0.40329, -2.652222), (-0.40329, -2.652222), (-0.40329, -2.407778), (-0.3907838, -2.407778), (-0.40329, -2.652222), (-0.3907838, -2.407778), (-0.3907838, -2.652222), (-0.3907838, -2.652222), (-0.3907838, -2.407778), (0.3777778, -2.407778), (-0.3907838, -2.652222), (0.3777778, -2.407778), (0.3777778, -2.652222), (0.3777778, -2.652222), (0.3777778, -2.407778), (0.3907838, -2.407778), (0.3777778, -2.652222), (0.3907838, -2.407778), (0.3907838, -2.652222), (0.3907838, -2.652222), (0.3907838, -2.407778), (0.40329, -2.407778), (0.3907838, -2.652222), (0.40329, -2.407778), (0.40329, -2.652222), (0.40329, -2.652222), (0.40329, -2.407778), (0.4148158, -2.407778), (0.40329, -2.652222), (0.4148158, -2.407778), (0.4148158, -2.652222), (0.4148158, -2.652222), (0.4148158, -2.407778), (0.4249182, -2.407778), (0.4148158, -2.652222), (0.4249182, -2.407778), (0.4249182, -2.652222), (0.2582516, -2.652222), (0.2582516, -2.407778), (0.2481491, -2.407778), (0.2582516, -2.652222), (0.2481491, -2.407778), (0.2481491, -2.652222), (0.2481491, -2.652222), (0.2481491, -2.407778), (0.2366233, -2.407778), (0.2481491, -2.652222), (0.2366233, -2.407778), (0.2366233, -2.652222), (0.2366233, -2.652222), (0.2366233, -2.407778), (0.2241171, -2.407778), (0.2366233, -2.652222), (0.2241171, -2.407778), (0.2241171, -2.652222), (0.2241171, -2.652222), (0.2241171, -2.407778), (-0.2111111, -2.407778), (0.2241171, -2.652222), (-0.2111111, -2.407778), (-0.2111111, -2.652222), (-7.483953e-18, -2.652222), (7.483953e-18, -2.407778), (0.02492821, -2.407778), (-7.483953e-18, -2.652222), (0.02492821, -2.407778), (0.02492821, -2.652222), (0.02492821, -2.652222), (0.02492821, -2.407778), (0.04889844, -2.407778), (0.02492821, -2.652222), (0.04889844, -2.407778), (0.04889844, -2.652222), (0.04889844, -2.652222), (0.04889844, -2.407778), (0.07098953, -2.407778), (0.04889844, -2.652222), (0.07098953, -2.407778), (0.07098953, -2.652222), (0.07098953, -2.652222), (0.07098953, -2.407778), (0.09035253, -2.407778), (0.07098953, -2.652222), (0.09035253, -2.407778), (0.09035253, -2.652222), (-0.08742524, -2.652222), (-0.08742524, -2.407778), (-0.1067882, -2.407778), (-0.08742524, -2.652222), (-0.1067882, -2.407778), (-0.1067882, -2.652222), (-0.1067882, -2.652222), (-0.1067882, -2.407778), (-0.1288793, -2.407778), (-0.1067882, -2.652222), (-0.1288793, -2.407778), (-0.1288793, -2.652222), (-0.1288793, -2.652222), (-0.1288793, -2.407778), (-0.1528496, -2.407778), (-0.1288793, -2.652222), (-0.1528496, -2.407778), (-0.1528496, -2.652222), (-0.1528496, -2.652222), (-0.1528496, -2.407778), (-0.1777778, -2.407778), (-0.1528496, -2.652222), (-0.1777778, -2.407778), (-0.1777778, -2.652222), (-0.1777778, -2.652222), (-0.1777778, -2.407778), (-0.202706, -2.407778), (-0.1777778, -2.652222), (-0.202706, -2.407778), (-0.202706, -2.652222), (-0.202706, -2.652222), (-0.202706, -2.407778), (-0.2266762, -2.407778), (-0.202706, -2.652222), (-0.2266762, -2.407778), (-0.2266762, -2.652222), (-0.2266762, -2.652222), (-0.2266762, -2.407778), (-0.2487673, -2.407778), (-0.2266762, -2.652222), (-0.2487673, -2.407778), (-0.2487673, -2.652222), (-0.2487673, -2.652222), (-0.2487673, -2.407778), (-0.2681303, -2.407778), (-0.2487673, -2.652222), (-0.2681303, -2.407778), (-0.2681303, -2.652222), (0.09035253, -2.652222), (0.09035253, -2.407778), (0.07098953, -2.407778), (0.09035253, -2.652222), (0.07098953, -2.407778), (0.07098953, -2.652222), (0.07098953, -2.652222), (0.07098953, -2.407778), (0.04889844, -2.407778), (0.07098953, -2.652222), (0.04889844, -2.407778), (0.04889844, -2.652222), (0.04889844, -2.652222), (0.04889844, -2.407778), (0.02492821, -2.407778), (0.04889844, -2.652222), (0.02492821, -2.407778), (0.02492821, -2.652222), (0.02492821, -2.652222), (0.02492821, -2.407778), (7.483953e-18, -2.407778), (0.02492821, -2.652222), (7.483953e-18, -2.407778), (-7.483953e-18, -2.652222), (-7.483953e-18, -2.652222), (7.483953e-18, -2.407778), (-0.02492821, -2.407778), (-7.483953e-18, -2.652222), (-0.02492821, -2.407778), (-0.02492821, -2.652222), (-0.02492821, -2.652222), (-0.02492821, -2.407778), (-0.04889844, -2.407778), (-0.02492821, -2.652222), (-0.04889844, -2.407778), (-0.04889844, -2.652222), (-0.04889844, -2.652222), (-0.04889844, -2.407778), (-0.07098953, -2.407778), (-0.04889844, -2.652222), (-0.07098953, -2.407778), (-0.07098953, -2.652222), (-0.07098953, -2.652222), (-0.07098953, -2.407778), (-0.09035253, -2.407778), (-0.07098953, -2.652222), (-0.09035253, -2.407778), (-0.09035253, -2.652222), (-0.2681303, -2.652222), (-0.2681303, -2.407778), (-0.2487673, -2.407778), (-0.2681303, -2.652222), (-0.2487673, -2.407778), (-0.2487673, -2.652222), (-0.2487673, -2.652222), (-0.2487673, -2.407778), (-0.2266762, -2.407778), (-0.2487673, -2.652222), (-0.2266762, -2.407778), (-0.2266762, -2.652222), (-0.2266762, -2.652222), (-0.2266762, -2.407778), (-0.202706, -2.407778), (-0.2266762, -2.652222), (-0.202706, -2.407778), (-0.202706, -2.652222), (-0.202706, -2.652222), (-0.202706, -2.407778), (-0.1777778, -2.407778), (-0.202706, -2.652222), (-0.1777778, -2.407778), (-0.1777778, -2.652222), (-0.1777778, -2.652222), (-0.1777778, -2.407778), (-0.1528496, -2.407778), (-0.1777778, -2.652222), (-0.1528496, -2.407778), (-0.1528496, -2.652222), (-0.1528496, -2.652222), (-0.1528496, -2.407778), (-0.1288793, -2.407778), (-0.1528496, -2.652222), (-0.1288793, -2.407778), (-0.1288793, -2.652222), (-0.1288793, -2.652222), (-0.1288793, -2.407778), (-0.1067882, -2.407778), (-0.1288793, -2.652222), (-0.1067882, -2.407778), (-0.1067882, -2.652222), (-0.1067882, -2.652222), (-0.1067882, -2.407778), (-0.08742524, -2.407778), (-0.1067882, -2.652222), (-0.08742524, -2.407778), (-0.08742524, -2.652222), (-0.09035253, -2.652222), (-0.09035253, -2.407778), (-0.07098953, -2.407778), (-0.09035253, -2.652222), (-0.07098953, -2.407778), (-0.07098953, -2.652222), (-0.07098953, -2.652222), (-0.07098953, -2.407778), (-0.04889844, -2.407778), (-0.07098953, -2.652222), (-0.04889844, -2.407778), (-0.04889844, -2.652222), (-0.04889844, -2.652222), (-0.04889844, -2.407778), (-0.02492821, -2.407778), (-0.04889844, -2.652222), (-0.02492821, -2.407778), (-0.02492821, -2.652222), (-0.02492821, -2.652222), (-0.02492821, -2.407778), (7.483953e-18, -2.407778), (-0.02492821, -2.652222), (7.483953e-18, -2.407778), (-7.483953e-18, -2.652222), (-7.483953e-18, -2.652222), (7.483953e-18, -2.407778), (0.02492821, -2.407778), (-7.483953e-18, -2.652222), (0.02492821, -2.407778), (0.02492821, -2.652222), (0.02492821, -2.652222), (0.02492821, -2.407778), (0.04889844, -2.407778), (0.02492821, -2.652222), (0.04889844, -2.407778), (0.04889844, -2.652222), (0.04889844, -2.652222), (0.04889844, -2.407778), (0.07098953, -2.407778), (0.04889844, -2.652222), (0.07098953, -2.407778), (0.07098953, -2.652222), (0.07098953, -2.652222), (0.07098953, -2.407778), (0.09035253, -2.407778), (0.07098953, -2.652222), (0.09035253, -2.407778), (0.09035253, -2.652222), (0.2681303, -2.652222), (0.2681303, -2.407778), (0.2487673, -2.407778), (0.2681303, -2.652222), (0.2487673, -2.407778), (0.2487673, -2.652222), (0.2487673, -2.652222), (0.2487673, -2.407778), (0.2266762, -2.407778), (0.2487673, -2.652222), (0.2266762, -2.407778), (0.2266762, -2.652222), (0.2266762, -2.652222), (0.2266762, -2.407778), (0.202706, -2.407778), (0.2266762, -2.652222), (0.202706, -2.407778), (0.202706, -2.652222), (0.202706, -2.652222), (0.202706, -2.407778), (0.1777778, -2.407778), (0.202706, -2.652222), (0.1777778, -2.407778), (0.1777778, -2.652222), (0.1777778, -2.652222), (0.1777778, -2.407778), (0.1528496, -2.407778), (0.1777778, -2.652222), (0.1528496, -2.407778), (0.1528496, -2.652222), (0.1528496, -2.652222), (0.1528496, -2.407778), (0.1288793, -2.407778), (0.1528496, -2.652222), (0.1288793, -2.407778), (0.1288793, -2.652222), (0.1288793, -2.652222), (0.1288793, -2.407778), (0.1067882, -2.407778), (0.1288793, -2.652222), (0.1067882, -2.407778), (0.1067882, -2.652222), (0.1067882, -2.652222), (0.1067882, -2.407778), (0.08742524, -2.407778), (0.1067882, -2.652222), (0.08742524, -2.407778), (0.08742524, -2.652222), (0.09035253, -2.652222), (0.09035253, -2.407778), (0.07098953, -2.407778), (0.09035253, -2.652222), (0.07098953, -2.407778), (0.07098953, -2.652222), (0.07098953, -2.652222), (0.07098953, -2.407778), (0.04889844, -2.407778), (0.07098953, -2.652222), (0.04889844, -2.407778), (0.04889844, -2.652222), (0.04889844, -2.652222), (0.04889844, -2.407778), (0.02492821, -2.407778), (0.04889844, -2.652222), (0.02492821, -2.407778), (0.02492821, -2.652222), (0.02492821, -2.652222), (0.02492821, -2.407778), (7.483953e-18, -2.407778), (0.02492821, -2.652222), (7.483953e-18, -2.407778), (-7.483953e-18, -2.652222), (-7.483953e-18, -2.652222), (7.483953e-18, -2.407778), (-0.02492821, -2.407778), (-7.483953e-18, -2.652222), (-0.02492821, -2.407778), (-0.02492821, -2.652222), (-0.02492821, -2.652222), (-0.02492821, -2.407778), (-0.04889844, -2.407778), (-0.02492821, -2.652222), (-0.04889844, -2.407778), (-0.04889844, -2.652222), (-0.04889844, -2.652222), (-0.04889844, -2.407778), (-0.07098953, -2.407778), (-0.04889844, -2.652222), (-0.07098953, -2.407778), (-0.07098953, -2.652222), (-0.07098953, -2.652222), (-0.07098953, -2.407778), (-0.09035253, -2.407778), (-0.07098953, -2.652222), (-0.09035253, -2.407778), (-0.09035253, -2.652222), (0.08742524, -2.652222), (0.08742524, -2.407778), (0.1067882, -2.407778), (0.08742524, -2.652222), (0.1067882, -2.407778), (0.1067882, -2.652222), (0.1067882, -2.652222), (0.1067882, -2.407778), (0.1288793, -2.407778), (0.1067882, -2.652222), (0.1288793, -2.407778), (0.1288793, -2.652222), (0.1288793, -2.652222), (0.1288793, -2.407778), (0.1528496, -2.407778), (0.1288793, -2.652222), (0.1528496, -2.407778), (0.1528496, -2.652222), (0.1528496, -2.652222), (0.1528496, -2.407778), (0.1777778, -2.407778), (0.1528496, -2.652222), (0.1777778, -2.407778), (0.1777778, -2.652222), (0.1777778, -2.652222), (0.1777778, -2.407778), (0.202706, -2.407778), (0.1777778, -2.652222), (0.202706, -2.407778), (0.202706, -2.652222), (0.202706, -2.652222), (0.202706, -2.407778), (0.2266762, -2.407778), (0.202706, -2.652222), (0.2266762, -2.407778), (0.2266762, -2.652222), (0.2266762, -2.652222), (0.2266762, -2.407778), (0.2487673, -2.407778), (0.2266762, -2.652222), (0.2487673, -2.407778), (0.2487673, -2.652222), (0.2487673, -2.652222), (0.2487673, -2.407778), (0.2681303, -2.407778), (0.2487673, -2.652222), (0.2681303, -2.407778), (0.2681303, -2.652222), (-0.09035253, -2.652222), (-0.09035253, -2.407778), (-0.07098953, -2.407778), (-0.09035253, -2.652222), (-0.07098953, -2.407778), (-0.07098953, -2.652222), (-0.07098953, -2.652222), (-0.07098953, -2.407778), (-0.04889844, -2.407778), (-0.07098953, -2.652222), (-0.04889844, -2.407778), (-0.04889844, -2.652222), (-0.04889844, -2.652222), (-0.04889844, -2.407778), (-0.02492821, -2.407778), (-0.04889844, -2.652222), (-0.02492821, -2.407778), (-0.02492821, -2.652222), (-0.02492821, -2.652222), (-0.02492821, -2.407778), (7.483953e-18, -2.407778), (-0.02492821, -2.652222), (7.483953e-18, -2.407778), (-7.483953e-18, -2.652222)] (interpolation = "faceVarying")
        }
        def Mesh "GoldTerminal_01" (prepend apiSchemas = ["MaterialBindingAPI"])
        {
            uniform token subdivisionScheme = "none"
            uniform token orientation = "rightHanded"
            bool doubleSided = false
            point3f[] points = [(-0.00082, 0, -0.02407), (-0.000826673, 0.0001018104, -0.02407), (-0.0008465779, 0.0002018789, -0.02407), (-0.000879374, 0.0002984931, -0.02407), (-0.0009245002, 0.00039, -0.02407), (-0.0009811844, 0.0004748339, -0.02407), (-0.001048457, 0.0005515433, -0.02407), (-0.001125166, 0.0006188156, -0.02407), (-0.00121, 0.0006754998, -0.02407), (-0.001301507, 0.000720626, -0.02407), (-0.001398121, 0.0007534221, -0.02407), (-0.00149819, 0.000773327, -0.02407), (-0.0016, 0.00078, -0.02407), (-0.00170181, 0.000773327, -0.02407), (-0.001801879, 0.0007534221, -0.02407), (-0.001898493, 0.000720626, -0.02407), (-0.00199, 0.0006754998, -0.02407), (-0.002074834, 0.0006188156, -0.02407), (-0.002151543, 0.0005515433, -0.02407), (-0.002218816, 0.0004748339, -0.02407), (-0.0022755, 0.00039, -0.02407), (-0.002320626, 0.0002984931, -0.02407), (-0.002353422, 0.0002018789, -0.02407), (-0.002373327, 0.0001018104, -0.02407), (-0.00238, 9.552245e-20, -0.02407), (-0.002373327, -0.0001018104, -0.02407), (-0.002353422, -0.0002018789, -0.02407), (-0.002320626, -0.0002984931, -0.02407), (-0.0022755, -0.00039, -0.02407), (-0.002218816, -0.0004748339, -0.02407), (-0.002151543, -0.0005515433, -0.02407), (-0.002074834, -0.0006188156, -0.02407), (-0.00199, -0.0006754998, -0.02407), (-0.001898493, -0.000720626, -0.02407), (-0.001801879, -0.0007534221, -0.02407), (-0.00170181, -0.000773327, -0.02407), (-0.0016, -0.00078, -0.02407), (-0.00149819, -0.000773327, -0.02407), (-0.001398121, -0.0007534221, -0.02407), (-0.001301507, -0.000720626, -0.02407), (-0.00121, -0.0006754998, -0.02407), (-0.001125166, -0.0006188156, -0.02407), (-0.001048457, -0.0005515433, -0.02407), (-0.0009811844, -0.0004748339, -0.02407), (-0.0009245002, -0.00039, -0.02407), (-0.000879374, -0.0002984931, -0.02407), (-0.0008465779, -0.0002018789, -0.02407), (-0.000826673, -0.0001018104, -0.02407), (-0.00035, 0, -0.02407), (-0.0003606939, 0.0001631577, -0.02407), (-0.0003925927, 0.0003235238, -0.02407), (-0.0004451506, 0.0004783543, -0.02407), (-0.0005174682, 0.000625, -0.02407), (-0.0006083083, 0.0007609518, -0.02407), (-0.0007161165, 0.0008838835, -0.02407), (-0.0008390482, 0.0009916917, -0.02407), (-0.000975, 0.001082532, -0.02407), (-0.001121646, 0.001154849, -0.02407), (-0.001276476, 0.001207407, -0.02407), (-0.001436842, 0.001239306, -0.02407), (-0.0016, 0.00125, -0.02407), (-0.001763158, 0.001239306, -0.02407), (-0.001923524, 0.001207407, -0.02407), (-0.002078354, 0.001154849, -0.02407), (-0.002225, 0.001082532, -0.02407), (-0.002360952, 0.0009916917, -0.02407), (-0.002483883, 0.0008838835, -0.02407), (-0.002591692, 0.0007609518, -0.02407), (-0.002682532, 0.000625, -0.02407), (-0.002754849, 0.0004783543, -0.02407), (-0.002807407, 0.0003235238, -0.02407), (-0.002839306, 0.0001631577, -0.02407), (-0.00285, 1.530808e-19, -0.02407), (-0.002839306, -0.0001631577, -0.02407), (-0.002807407, -0.0003235238, -0.02407), (-0.002754849, -0.0004783543, -0.02407), (-0.002682532, -0.000625, -0.02407), (-0.002591692, -0.0007609518, -0.02407), (-0.002483883, -0.0008838835, -0.02407), (-0.002360952, -0.0009916917, -0.02407), (-0.002225, -0.001082532, -0.02407), (-0.002078354, -0.001154849, -0.02407), (-0.001923524, -0.001207407, -0.02407), (-0.001763158, -0.001239306, -0.02407), (-0.0016, -0.00125, -0.02407), (-0.001436842, -0.001239306, -0.02407), (-0.001276476, -0.001207407, -0.02407), (-0.001121646, -0.001154849, -0.02407), (-0.000975, -0.001082532, -0.02407), (-0.0008390482, -0.0009916917, -0.02407), (-0.0007161165, -0.0008838835, -0.02407), (-0.0006083083, -0.0007609518, -0.02407), (-0.0005174682, -0.000625, -0.02407), (-0.0004451506, -0.0004783543, -0.02407), (-0.0003925927, -0.0003235238, -0.02407), (-0.0003606939, -0.0001631577, -0.02407), (-0.00035, 0, -0.02277), (-0.0003606939, 0.0001631577, -0.02277), (-0.0003925927, 0.0003235238, -0.02277), (-0.0004451506, 0.0004783543, -0.02277), (-0.0005174682, 0.000625, -0.02277), (-0.0006083083, 0.0007609518, -0.02277), (-0.0007161165, 0.0008838835, -0.02277), (-0.0008390482, 0.0009916917, -0.02277), (-0.000975, 0.001082532, -0.02277), (-0.001121646, 0.001154849, -0.02277), (-0.001276476, 0.001207407, -0.02277), (-0.001436842, 0.001239306, -0.02277), (-0.0016, 0.00125, -0.02277), (-0.001763158, 0.001239306, -0.02277), (-0.001923524, 0.001207407, -0.02277), (-0.002078354, 0.001154849, -0.02277), (-0.002225, 0.001082532, -0.02277), (-0.002360952, 0.0009916917, -0.02277), (-0.002483883, 0.0008838835, -0.02277), (-0.002591692, 0.0007609518, -0.02277), (-0.002682532, 0.000625, -0.02277), (-0.002754849, 0.0004783543, -0.02277), (-0.002807407, 0.0003235238, -0.02277), (-0.002839306, 0.0001631577, -0.02277), (-0.00285, 1.530808e-19, -0.02277), (-0.002839306, -0.0001631577, -0.02277), (-0.002807407, -0.0003235238, -0.02277), (-0.002754849, -0.0004783543, -0.02277), (-0.002682532, -0.000625, -0.02277), (-0.002591692, -0.0007609518, -0.02277), (-0.002483883, -0.0008838835, -0.02277), (-0.002360952, -0.0009916917, -0.02277), (-0.002225, -0.001082532, -0.02277), (-0.002078354, -0.001154849, -0.02277), (-0.001923524, -0.001207407, -0.02277), (-0.001763158, -0.001239306, -0.02277), (-0.0016, -0.00125, -0.02277), (-0.001436842, -0.001239306, -0.02277), (-0.001276476, -0.001207407, -0.02277), (-0.001121646, -0.001154849, -0.02277), (-0.000975, -0.001082532, -0.02277), (-0.0008390482, -0.0009916917, -0.02277), (-0.0007161165, -0.0008838835, -0.02277), (-0.0006083083, -0.0007609518, -0.02277), (-0.0005174682, -0.000625, -0.02277), (-0.0004451506, -0.0004783543, -0.02277), (-0.0003925927, -0.0003235238, -0.02277), (-0.0003606939, -0.0001631577, -0.02277), (-0.00082, 0, -0.02277), (-0.000826673, 0.0001018104, -0.02277), (-0.0008465779, 0.0002018789, -0.02277), (-0.000879374, 0.0002984931, -0.02277), (-0.0009245002, 0.00039, -0.02277), (-0.0009811844, 0.0004748339, -0.02277), (-0.001048457, 0.0005515433, -0.02277), (-0.001125166, 0.0006188156, -0.02277), (-0.00121, 0.0006754998, -0.02277), (-0.001301507, 0.000720626, -0.02277), (-0.001398121, 0.0007534221, -0.02277), (-0.00149819, 0.000773327, -0.02277), (-0.0016, 0.00078, -0.02277), (-0.00170181, 0.000773327, -0.02277), (-0.001801879, 0.0007534221, -0.02277), (-0.001898493, 0.000720626, -0.02277), (-0.00199, 0.0006754998, -0.02277), (-0.002074834, 0.0006188156, -0.02277), (-0.002151543, 0.0005515433, -0.02277), (-0.002218816, 0.0004748339, -0.02277), (-0.0022755, 0.00039, -0.02277), (-0.002320626, 0.0002984931, -0.02277), (-0.002353422, 0.0002018789, -0.02277), (-0.002373327, 0.0001018104, -0.02277), (-0.00238, 9.552245e-20, -0.02277), (-0.002373327, -0.0001018104, -0.02277), (-0.002353422, -0.0002018789, -0.02277), (-0.002320626, -0.0002984931, -0.02277), (-0.0022755, -0.00039, -0.02277), (-0.002218816, -0.0004748339, -0.02277), (-0.002151543, -0.0005515433, -0.02277), (-0.002074834, -0.0006188156, -0.02277), (-0.00199, -0.0006754998, -0.02277), (-0.001898493, -0.000720626, -0.02277), (-0.001801879, -0.0007534221, -0.02277), (-0.00170181, -0.000773327, -0.02277), (-0.0016, -0.00078, -0.02277), (-0.00149819, -0.000773327, -0.02277), (-0.001398121, -0.0007534221, -0.02277), (-0.001301507, -0.000720626, -0.02277), (-0.00121, -0.0006754998, -0.02277), (-0.001125166, -0.0006188156, -0.02277), (-0.001048457, -0.0005515433, -0.02277), (-0.0009811844, -0.0004748339, -0.02277), (-0.0009245002, -0.00039, -0.02277), (-0.000879374, -0.0002984931, -0.02277), (-0.0008465779, -0.0002018789, -0.02277), (-0.000826673, -0.0001018104, -0.02277)]
            int[] faceVertexCounts = [3, 3, 3, 3, 3, 3, 3, 3, 3, 3, 3, 3, 3, 3, 3, 3, 3, 3, 3, 3, 3, 3, 3, 3, 3, 3, 3, 3, 3, 3, 3, 3, 3, 3, 3, 3, 3, 3, 3, 3, 3, 3, 3, 3, 3, 3, 3, 3, 3, 3, 3, 3, 3, 3, 3, 3, 3, 3, 3, 3, 3, 3, 3, 3, 3, 3, 3, 3, 3, 3, 3, 3, 3, 3, 3, 3, 3, 3, 3, 3, 3, 3, 3, 3, 3, 3, 3, 3, 3, 3, 3, 3, 3, 3, 3, 3, 3, 3, 3, 3, 3, 3, 3, 3, 3, 3, 3, 3, 3, 3, 3, 3, 3, 3, 3, 3, 3, 3, 3, 3, 3, 3, 3, 3, 3, 3, 3, 3, 3, 3, 3, 3, 3, 3, 3, 3, 3, 3, 3, 3, 3, 3, 3, 3, 3, 3, 3, 3, 3, 3, 3, 3, 3, 3, 3, 3, 3, 3, 3, 3, 3, 3, 3, 3, 3, 3, 3, 3, 3, 3, 3, 3, 3, 3, 3, 3, 3, 3, 3, 3, 3, 3, 3, 3, 3, 3, 3, 3, 3, 3, 3, 3, 3, 3, 3, 3, 3, 3, 3, 3, 3, 3, 3, 3, 3, 3, 3, 3, 3, 3, 3, 3, 3, 3, 3, 3, 3, 3, 3, 3, 3, 3, 3, 3, 3, 3, 3, 3, 3, 3, 3, 3, 3, 3, 3, 3, 3, 3, 3, 3, 3, 3, 3, 3, 3, 3, 3, 3, 3, 3, 3, 3, 3, 3, 3, 3, 3, 3, 3, 3, 3, 3, 3, 3, 3, 3, 3, 3, 3, 3, 3, 3, 3, 3, 3, 3, 3, 3, 3, 3, 3, 3, 3, 3, 3, 3, 3, 3, 3, 3, 3, 3, 3, 3, 3, 3, 3, 3, 3, 3, 3, 3, 3, 3, 3, 3, 3, 3, 3, 3, 3, 3, 3, 3, 3, 3, 3, 3, 3, 3, 3, 3, 3, 3, 3, 3, 3, 3, 3, 3, 3, 3, 3, 3, 3, 3, 3, 3, 3, 3, 3, 3, 3, 3, 3, 3, 3, 3, 3, 3, 3, 3, 3, 3, 3, 3, 3, 3, 3, 3, 3, 3, 3, 3, 3, 3, 3, 3, 3, 3, 3, 3, 3, 3, 3, 3, 3, 3, 3, 3, 3, 3, 3, 3]
            int[] faceVertexIndices = [0, 1, 49, 0, 49, 48, 1, 2, 50, 1, 50, 49, 2, 3, 51, 2, 51, 50, 3, 4, 52, 3, 52, 51, 4, 5, 53, 4, 53, 52, 5, 6, 54, 5, 54, 53, 6, 7, 55, 6, 55, 54, 7, 8, 56, 7, 56, 55, 8, 9, 57, 8, 57, 56, 9, 10, 58, 9, 58, 57, 10, 11, 59, 10, 59, 58, 11, 12, 60, 11, 60, 59, 12, 13, 61, 12, 61, 60, 13, 14, 62, 13, 62, 61, 14, 15, 63, 14, 63, 62, 15, 16, 64, 15, 64, 63, 16, 17, 65, 16, 65, 64, 17, 18, 66, 17, 66, 65, 18, 19, 67, 18, 67, 66, 19, 20, 68, 19, 68, 67, 20, 21, 69, 20, 69, 68, 21, 22, 70, 21, 70, 69, 22, 23, 71, 22, 71, 70, 23, 24, 72, 23, 72, 71, 24, 25, 73, 24, 73, 72, 25, 26, 74, 25, 74, 73, 26, 27, 75, 26, 75, 74, 27, 28, 76, 27, 76, 75, 28, 29, 77, 28, 77, 76, 29, 30, 78, 29, 78, 77, 30, 31, 79, 30, 79, 78, 31, 32, 80, 31, 80, 79, 32, 33, 81, 32, 81, 80, 33, 34, 82, 33, 82, 81, 34, 35, 83, 34, 83, 82, 35, 36, 84, 35, 84, 83, 36, 37, 85, 36, 85, 84, 37, 38, 86, 37, 86, 85, 38, 39, 87, 38, 87, 86, 39, 40, 88, 39, 88, 87, 40, 41, 89, 40, 89, 88, 41, 42, 90, 41, 90, 89, 42, 43, 91, 42, 91, 90, 43, 44, 92, 43, 92, 91, 44, 45, 93, 44, 93, 92, 45, 46, 94, 45, 94, 93, 46, 47, 95, 46, 95, 94, 47, 0, 48, 47, 48, 95, 48, 49, 97, 48, 97, 96, 49, 50, 98, 49, 98, 97, 50, 51, 99, 50, 99, 98, 51, 52, 100, 51, 100, 99, 52, 53, 101, 52, 101, 100, 53, 54, 102, 53, 102, 101, 54, 55, 103, 54, 103, 102, 55, 56, 104, 55, 104, 103, 56, 57, 105, 56, 105, 104, 57, 58, 106, 57, 106, 105, 58, 59, 107, 58, 107, 106, 59, 60, 108, 59, 108, 107, 60, 61, 109, 60, 109, 108, 61, 62, 110, 61, 110, 109, 62, 63, 111, 62, 111, 110, 63, 64, 112, 63, 112, 111, 64, 65, 113, 64, 113, 112, 65, 66, 114, 65, 114, 113, 66, 67, 115, 66, 115, 114, 67, 68, 116, 67, 116, 115, 68, 69, 117, 68, 117, 116, 69, 70, 118, 69, 118, 117, 70, 71, 119, 70, 119, 118, 71, 72, 120, 71, 120, 119, 72, 73, 121, 72, 121, 120, 73, 74, 122, 73, 122, 121, 74, 75, 123, 74, 123, 122, 75, 76, 124, 75, 124, 123, 76, 77, 125, 76, 125, 124, 77, 78, 126, 77, 126, 125, 78, 79, 127, 78, 127, 126, 79, 80, 128, 79, 128, 127, 80, 81, 129, 80, 129, 128, 81, 82, 130, 81, 130, 129, 82, 83, 131, 82, 131, 130, 83, 84, 132, 83, 132, 131, 84, 85, 133, 84, 133, 132, 85, 86, 134, 85, 134, 133, 86, 87, 135, 86, 135, 134, 87, 88, 136, 87, 136, 135, 88, 89, 137, 88, 137, 136, 89, 90, 138, 89, 138, 137, 90, 91, 139, 90, 139, 138, 91, 92, 140, 91, 140, 139, 92, 93, 141, 92, 141, 140, 93, 94, 142, 93, 142, 141, 94, 95, 143, 94, 143, 142, 95, 48, 96, 95, 96, 143, 96, 97, 145, 96, 145, 144, 97, 98, 146, 97, 146, 145, 98, 99, 147, 98, 147, 146, 99, 100, 148, 99, 148, 147, 100, 101, 149, 100, 149, 148, 101, 102, 150, 101, 150, 149, 102, 103, 151, 102, 151, 150, 103, 104, 152, 103, 152, 151, 104, 105, 153, 104, 153, 152, 105, 106, 154, 105, 154, 153, 106, 107, 155, 106, 155, 154, 107, 108, 156, 107, 156, 155, 108, 109, 157, 108, 157, 156, 109, 110, 158, 109, 158, 157, 110, 111, 159, 110, 159, 158, 111, 112, 160, 111, 160, 159, 112, 113, 161, 112, 161, 160, 113, 114, 162, 113, 162, 161, 114, 115, 163, 114, 163, 162, 115, 116, 164, 115, 164, 163, 116, 117, 165, 116, 165, 164, 117, 118, 166, 117, 166, 165, 118, 119, 167, 118, 167, 166, 119, 120, 168, 119, 168, 167, 120, 121, 169, 120, 169, 168, 121, 122, 170, 121, 170, 169, 122, 123, 171, 122, 171, 170, 123, 124, 172, 123, 172, 171, 124, 125, 173, 124, 173, 172, 125, 126, 174, 125, 174, 173, 126, 127, 175, 126, 175, 174, 127, 128, 176, 127, 176, 175, 128, 129, 177, 128, 177, 176, 129, 130, 178, 129, 178, 177, 130, 131, 179, 130, 179, 178, 131, 132, 180, 131, 180, 179, 132, 133, 181, 132, 181, 180, 133, 134, 182, 133, 182, 181, 134, 135, 183, 134, 183, 182, 135, 136, 184, 135, 184, 183, 136, 137, 185, 136, 185, 184, 137, 138, 186, 137, 186, 185, 138, 139, 187, 138, 187, 186, 139, 140, 188, 139, 188, 187, 140, 141, 189, 140, 189, 188, 141, 142, 190, 141, 190, 189, 142, 143, 191, 142, 191, 190, 143, 96, 144, 143, 144, 191, 144, 145, 1, 144, 1, 0, 145, 146, 2, 145, 2, 1, 146, 147, 3, 146, 3, 2, 147, 148, 4, 147, 4, 3, 148, 149, 5, 148, 5, 4, 149, 150, 6, 149, 6, 5, 150, 151, 7, 150, 7, 6, 151, 152, 8, 151, 8, 7, 152, 153, 9, 152, 9, 8, 153, 154, 10, 153, 10, 9, 154, 155, 11, 154, 11, 10, 155, 156, 12, 155, 12, 11, 156, 157, 13, 156, 13, 12, 157, 158, 14, 157, 14, 13, 158, 159, 15, 158, 15, 14, 159, 160, 16, 159, 16, 15, 160, 161, 17, 160, 17, 16, 161, 162, 18, 161, 18, 17, 162, 163, 19, 162, 19, 18, 163, 164, 20, 163, 20, 19, 164, 165, 21, 164, 21, 20, 165, 166, 22, 165, 22, 21, 166, 167, 23, 166, 23, 22, 167, 168, 24, 167, 24, 23, 168, 169, 25, 168, 25, 24, 169, 170, 26, 169, 26, 25, 170, 171, 27, 170, 27, 26, 171, 172, 28, 171, 28, 27, 172, 173, 29, 172, 29, 28, 173, 174, 30, 173, 30, 29, 174, 175, 31, 174, 31, 30, 175, 176, 32, 175, 32, 31, 176, 177, 33, 176, 33, 32, 177, 178, 34, 177, 34, 33, 178, 179, 35, 178, 35, 34, 179, 180, 36, 179, 36, 35, 180, 181, 37, 180, 37, 36, 181, 182, 38, 181, 38, 37, 182, 183, 39, 182, 39, 38, 183, 184, 40, 183, 40, 39, 184, 185, 41, 184, 41, 40, 185, 186, 42, 185, 42, 41, 186, 187, 43, 186, 43, 42, 187, 188, 44, 187, 44, 43, 188, 189, 45, 188, 45, 44, 189, 190, 46, 189, 46, 45, 190, 191, 47, 190, 47, 46, 191, 144, 0, 191, 0, 47]
            normal3f[] normals = [(-0.9170962, 0.02003655, -0.3981621), (-0.9118656, -0.09983994, -0.3981621), (-0.8910328, -0.2180081, -0.3981621), (-0.8549541, -0.3324462, -0.3981621), (-0.8042469, -0.441196, -0.3981621), (-0.7397788, -0.5423967, -0.3981621), (-0.662653, -0.634317, -0.3981621), (-0.5741889, -0.7153839, -0.3981621), (-0.4759003, -0.7842104, -0.3981621), (-0.3694689, -0.8396188, -0.3981621), (-0.2567158, -0.8806611, -0.3981621), (-0.1395702, -0.9066351, -0.3981621), (-0.02003655, -0.9170962, -0.3981621), (0.09983994, -0.9118656, -0.3981621), (0.2180081, -0.8910328, -0.3981621), (0.3324462, -0.8549541, -0.3981621), (0.441196, -0.8042469, -0.3981621), (0.5423967, -0.7397788, -0.3981621), (0.634317, -0.662653, -0.3981621), (0.7153839, -0.5741889, -0.3981621), (0.7842104, -0.4759003, -0.3981621), (0.8396188, -0.3694689, -0.3981621), (0.8806611, -0.2567158, -0.3981621), (0.9066351, -0.1395702, -0.3981621), (0.9170962, -0.02003655, -0.3981621), (0.9118656, 0.09983994, -0.3981621), (0.8910328, 0.2180081, -0.3981621), (0.8549541, 0.3324462, -0.3981621), (0.8042469, 0.441196, -0.3981621), (0.7397788, 0.5423967, -0.3981621), (0.662653, 0.634317, -0.3981621), (0.5741889, 0.7153839, -0.3981621), (0.4759003, 0.7842104, -0.3981621), (0.3694689, 0.8396188, -0.3981621), (0.2567158, 0.8806611, -0.3981621), (0.1395702, 0.9066351, -0.3981621), (0.02003655, 0.9170962, -0.3981621), (-0.09983994, 0.9118656, -0.3981621), (-0.2180081, 0.8910328, -0.3981621), (-0.3324462, 0.8549541, -0.3981621), (-0.441196, 0.8042469, -0.3981621), (-0.5423967, 0.7397788, -0.3981621), (-0.634317, 0.662653, -0.3981621), (-0.7153839, 0.5741889, -0.3981621), (-0.7842104, 0.4759003, -0.3981621), (-0.8396188, 0.3694689, -0.3981621), (-0.8806611, 0.2567158, -0.3981621), (-0.9066351, 0.1395702, -0.3981621), (0.9532564, 0.02082657, -0.3014441), (0.9423827, 0.1450733, -0.3014441), (0.9153846, 0.2668378, -0.3014441), (0.8727241, 0.3840367, -0.3014441), (0.8151309, 0.4946645, -0.3014441), (0.7435907, 0.5968285, -0.3014441), (0.6593274, 0.6887807, -0.3014441), (0.5637829, 0.7689475, -0.3014441), (0.4585918, 0.8359575, -0.3014441), (0.3455542, 0.888664, -0.3014441), (0.226604, 0.9261653, -0.3014441), (0.1037765, 0.9478195, -0.3014441), (-0.02082657, 0.9532564, -0.3014441), (-0.1450733, 0.9423827, -0.3014441), (-0.2668378, 0.9153846, -0.3014441), (-0.3840367, 0.8727241, -0.3014441), (-0.4946645, 0.8151309, -0.3014441), (-0.5968285, 0.7435907, -0.3014441), (-0.6887807, 0.6593274, -0.3014441), (-0.7689475, 0.5637829, -0.3014441), (-0.8359575, 0.4585918, -0.3014441), (-0.888664, 0.3455542, -0.3014441), (-0.9261653, 0.226604, -0.3014441), (-0.9478195, 0.1037765, -0.3014441), (-0.9532564, -0.02082657, -0.3014441), (-0.9423827, -0.1450733, -0.3014441), (-0.9153846, -0.2668378, -0.3014441), (-0.8727241, -0.3840367, -0.3014441), (-0.8151309, -0.4946645, -0.3014441), (-0.7435907, -0.5968285, -0.3014441), (-0.6593274, -0.6887807, -0.3014441), (-0.5637829, -0.7689475, -0.3014441), (-0.4585918, -0.8359575, -0.3014441), (-0.3455542, -0.888664, -0.3014441), (-0.226604, -0.9261653, -0.3014441), (-0.1037765, -0.9478195, -0.3014441), (0.02082657, -0.9532564, -0.3014441), (0.1450733, -0.9423827, -0.3014441), (0.2668378, -0.9153846, -0.3014441), (0.3840367, -0.8727241, -0.3014441), (0.4946645, -0.8151309, -0.3014441), (0.5968285, -0.7435907, -0.3014441), (0.6887807, -0.6593274, -0.3014441), (0.7689475, -0.5637829, -0.3014441), (0.8359575, -0.4585918, -0.3014441), (0.888664, -0.3455542, -0.3014441), (0.9261653, -0.226604, -0.3014441), (0.9478195, -0.1037765, -0.3014441), (0.9532564, -0.02082657, 0.3014441), (0.9478195, 0.1037765, 0.3014441), (0.9261653, 0.226604, 0.3014441), (0.888664, 0.3455542, 0.3014441), (0.8359575, 0.4585918, 0.3014441), (0.7689475, 0.5637829, 0.3014441), (0.6887807, 0.6593274, 0.3014441), (0.5968285, 0.7435907, 0.3014441), (0.4946645, 0.8151309, 0.3014441), (0.3840367, 0.8727241, 0.3014441), (0.2668378, 0.9153846, 0.3014441), (0.1450733, 0.9423827, 0.3014441), (0.02082657, 0.9532564, 0.3014441), (-0.1037765, 0.9478195, 0.3014441), (-0.226604, 0.9261653, 0.3014441), (-0.3455542, 0.888664, 0.3014441), (-0.4585918, 0.8359575, 0.3014441), (-0.5637829, 0.7689475, 0.3014441), (-0.6593274, 0.6887807, 0.3014441), (-0.7435907, 0.5968285, 0.3014441), (-0.8151309, 0.4946645, 0.3014441), (-0.8727241, 0.3840367, 0.3014441), (-0.9153846, 0.2668378, 0.3014441), (-0.9423827, 0.1450733, 0.3014441), (-0.9532564, 0.02082657, 0.3014441), (-0.9478195, -0.1037765, 0.3014441), (-0.9261653, -0.226604, 0.3014441), (-0.888664, -0.3455542, 0.3014441), (-0.8359575, -0.4585918, 0.3014441), (-0.7689475, -0.5637829, 0.3014441), (-0.6887807, -0.6593274, 0.3014441), (-0.5968285, -0.7435907, 0.3014441), (-0.4946645, -0.8151309, 0.3014441), (-0.3840367, -0.8727241, 0.3014441), (-0.2668378, -0.9153846, 0.3014441), (-0.1450733, -0.9423827, 0.3014441), (-0.02082657, -0.9532564, 0.3014441), (0.1037765, -0.9478195, 0.3014441), (0.226604, -0.9261653, 0.3014441), (0.3455542, -0.888664, 0.3014441), (0.4585918, -0.8359575, 0.3014441), (0.5637829, -0.7689475, 0.3014441), (0.6593274, -0.6887807, 0.3014441), (0.7435907, -0.5968285, 0.3014441), (0.8151309, -0.4946645, 0.3014441), (0.8727241, -0.3840367, 0.3014441), (0.9153846, -0.2668378, 0.3014441), (0.9423827, -0.1450733, 0.3014441), (-0.9170962, -0.02003655, 0.3981621), (-0.9066351, -0.1395702, 0.3981621), (-0.8806611, -0.2567158, 0.3981621), (-0.8396188, -0.3694689, 0.3981621), (-0.7842104, -0.4759003, 0.3981621), (-0.7153839, -0.5741889, 0.3981621), (-0.634317, -0.662653, 0.3981621), (-0.5423967, -0.7397788, 0.3981621), (-0.441196, -0.8042469, 0.3981621), (-0.3324462, -0.8549541, 0.3981621), (-0.2180081, -0.8910328, 0.3981621), (-0.09983994, -0.9118656, 0.3981621), (0.02003655, -0.9170962, 0.3981621), (0.1395702, -0.9066351, 0.3981621), (0.2567158, -0.8806611, 0.3981621), (0.3694689, -0.8396188, 0.3981621), (0.4759003, -0.7842104, 0.3981621), (0.5741889, -0.7153839, 0.3981621), (0.662653, -0.634317, 0.3981621), (0.7397788, -0.5423967, 0.3981621), (0.8042469, -0.441196, 0.3981621), (0.8549541, -0.3324462, 0.3981621), (0.8910328, -0.2180081, 0.3981621), (0.9118656, -0.09983994, 0.3981621), (0.9170962, 0.02003655, 0.3981621), (0.9066351, 0.1395702, 0.3981621), (0.8806611, 0.2567158, 0.3981621), (0.8396188, 0.3694689, 0.3981621), (0.7842104, 0.4759003, 0.3981621), (0.7153839, 0.5741889, 0.3981621), (0.634317, 0.662653, 0.3981621), (0.5423967, 0.7397788, 0.3981621), (0.441196, 0.8042469, 0.3981621), (0.3324462, 0.8549541, 0.3981621), (0.2180081, 0.8910328, 0.3981621), (0.09983994, 0.9118656, 0.3981621), (-0.02003655, 0.9170962, 0.3981621), (-0.1395702, 0.9066351, 0.3981621), (-0.2567158, 0.8806611, 0.3981621), (-0.3694689, 0.8396188, 0.3981621), (-0.4759003, 0.7842104, 0.3981621), (-0.5741889, 0.7153839, 0.3981621), (-0.662653, 0.634317, 0.3981621), (-0.7397788, 0.5423967, 0.3981621), (-0.8042469, 0.441196, 0.3981621), (-0.8549541, 0.3324462, 0.3981621), (-0.8910328, 0.2180081, 0.3981621), (-0.9118656, 0.09983994, 0.3981621)] (interpolation = "vertex")
            float3[] extent = [(-0.00285, -0.00125, -0.02407), (-0.00035, 0.00125, -0.02277)]
            rel material:binding = </WorkbenchPart/Materials/gold>
        }
        def Mesh "SocketInterior_01" (prepend apiSchemas = ["MaterialBindingAPI"])
        {
            uniform token subdivisionScheme = "none"
            uniform token orientation = "rightHanded"
            bool doubleSided = false
            point3f[] points = [(-0.00234, 0, -0.02287), (-0.002325781, -0.0001443668, -0.02287), (-0.002283671, -0.0002831857, -0.02287), (-0.002215288, -0.000411122, -0.02287), (-0.002123259, -0.000523259, -0.02287), (-0.002011122, -0.0006152875, -0.02287), (-0.001883186, -0.0006836709, -0.02287), (-0.001744367, -0.0007257811, -0.02287), (-0.0016, -0.00074, -0.02287), (-0.001455633, -0.0007257811, -0.02287), (-0.001316814, -0.0006836709, -0.02287), (-0.001188878, -0.0006152875, -0.02287), (-0.001076741, -0.000523259, -0.02287), (-0.0009847125, -0.000411122, -0.02287), (-0.0009163291, -0.0002831857, -0.02287), (-0.0008742189, -0.0001443668, -0.02287), (-0.00086, -9.062386e-20, -0.02287), (-0.0008742189, 0.0001443668, -0.02287), (-0.0009163291, 0.0002831857, -0.02287), (-0.0009847125, 0.000411122, -0.02287), (-0.001076741, 0.000523259, -0.02287), (-0.001188878, 0.0006152875, -0.02287), (-0.001316814, 0.0006836709, -0.02287), (-0.001455633, 0.0007257811, -0.02287), (-0.0016, 0.00074, -0.02287), (-0.001744367, 0.0007257811, -0.02287), (-0.001883186, 0.0006836709, -0.02287), (-0.002011122, 0.0006152875, -0.02287), (-0.002123259, 0.000523259, -0.02287), (-0.002215288, 0.000411122, -0.02287), (-0.002283671, 0.0002831857, -0.02287), (-0.002325781, 0.0001443668, -0.02287), (-0.00234, 0, -0.02277), (-0.002325781, -0.0001443668, -0.02277), (-0.002283671, -0.0002831857, -0.02277), (-0.002215288, -0.000411122, -0.02277), (-0.002123259, -0.000523259, -0.02277), (-0.002011122, -0.0006152875, -0.02277), (-0.001883186, -0.0006836709, -0.02277), (-0.001744367, -0.0007257811, -0.02277), (-0.0016, -0.00074, -0.02277), (-0.001455633, -0.0007257811, -0.02277), (-0.001316814, -0.0006836709, -0.02277), (-0.001188878, -0.0006152875, -0.02277), (-0.001076741, -0.000523259, -0.02277), (-0.0009847125, -0.000411122, -0.02277), (-0.0009163291, -0.0002831857, -0.02277), (-0.0008742189, -0.0001443668, -0.02277), (-0.00086, -9.062386e-20, -0.02277), (-0.0008742189, 0.0001443668, -0.02277), (-0.0009163291, 0.0002831857, -0.02277), (-0.0009847125, 0.000411122, -0.02277), (-0.001076741, 0.000523259, -0.02277), (-0.001188878, 0.0006152875, -0.02277), (-0.001316814, 0.0006836709, -0.02277), (-0.001455633, 0.0007257811, -0.02277), (-0.0016, 0.00074, -0.02277), (-0.001744367, 0.0007257811, -0.02277), (-0.001883186, 0.0006836709, -0.02277), (-0.002011122, 0.0006152875, -0.02277), (-0.002123259, 0.000523259, -0.02277), (-0.002215288, 0.000411122, -0.02277), (-0.002283671, 0.0002831857, -0.02277), (-0.002325781, 0.0001443668, -0.02277), (-0.00234, 0, -0.02287), (-0.002325781, -0.0001443668, -0.02287), (-0.002283671, -0.0002831857, -0.02287), (-0.002215288, -0.000411122, -0.02287), (-0.002123259, -0.000523259, -0.02287), (-0.002011122, -0.0006152875, -0.02287), (-0.001883186, -0.0006836709, -0.02287), (-0.001744367, -0.0007257811, -0.02287), (-0.0016, -0.00074, -0.02287), (-0.001455633, -0.0007257811, -0.02287), (-0.001316814, -0.0006836709, -0.02287), (-0.001188878, -0.0006152875, -0.02287), (-0.001076741, -0.000523259, -0.02287), (-0.0009847125, -0.000411122, -0.02287), (-0.0009163291, -0.0002831857, -0.02287), (-0.0008742189, -0.0001443668, -0.02287), (-0.00086, -9.062386e-20, -0.02287), (-0.0008742189, 0.0001443668, -0.02287), (-0.0009163291, 0.0002831857, -0.02287), (-0.0009847125, 0.000411122, -0.02287), (-0.001076741, 0.000523259, -0.02287), (-0.001188878, 0.0006152875, -0.02287), (-0.001316814, 0.0006836709, -0.02287), (-0.001455633, 0.0007257811, -0.02287), (-0.0016, 0.00074, -0.02287), (-0.001744367, 0.0007257811, -0.02287), (-0.001883186, 0.0006836709, -0.02287), (-0.002011122, 0.0006152875, -0.02287), (-0.002123259, 0.000523259, -0.02287), (-0.002215288, 0.000411122, -0.02287), (-0.002283671, 0.0002831857, -0.02287), (-0.002325781, 0.0001443668, -0.02287), (-0.00234, 0, -0.02277), (-0.002325781, -0.0001443668, -0.02277), (-0.002283671, -0.0002831857, -0.02277), (-0.002215288, -0.000411122, -0.02277), (-0.002123259, -0.000523259, -0.02277), (-0.002011122, -0.0006152875, -0.02277), (-0.001883186, -0.0006836709, -0.02277), (-0.001744367, -0.0007257811, -0.02277), (-0.0016, -0.00074, -0.02277), (-0.001455633, -0.0007257811, -0.02277), (-0.001316814, -0.0006836709, -0.02277), (-0.001188878, -0.0006152875, -0.02277), (-0.001076741, -0.000523259, -0.02277), (-0.0009847125, -0.000411122, -0.02277), (-0.0009163291, -0.0002831857, -0.02277), (-0.0008742189, -0.0001443668, -0.02277), (-0.00086, -9.062386e-20, -0.02277), (-0.0008742189, 0.0001443668, -0.02277), (-0.0009163291, 0.0002831857, -0.02277), (-0.0009847125, 0.000411122, -0.02277), (-0.001076741, 0.000523259, -0.02277), (-0.001188878, 0.0006152875, -0.02277), (-0.001316814, 0.0006836709, -0.02277), (-0.001455633, 0.0007257811, -0.02277), (-0.0016, 0.00074, -0.02277), (-0.001744367, 0.0007257811, -0.02277), (-0.001883186, 0.0006836709, -0.02277), (-0.002011122, 0.0006152875, -0.02277), (-0.002123259, 0.000523259, -0.02277), (-0.002215288, 0.000411122, -0.02277), (-0.002283671, 0.0002831857, -0.02277), (-0.002325781, 0.0001443668, -0.02277)]
            int[] faceVertexCounts = [3, 3, 3, 3, 3, 3, 3, 3, 3, 3, 3, 3, 3, 3, 3, 3, 3, 3, 3, 3, 3, 3, 3, 3, 3, 3, 3, 3, 3, 3, 3, 3, 3, 3, 3, 3, 3, 3, 3, 3, 3, 3, 3, 3, 3, 3, 3, 3, 3, 3, 3, 3, 3, 3, 3, 3, 3, 3, 3, 3, 3, 3, 3, 3, 3, 3, 3, 3, 3, 3, 3, 3, 3, 3, 3, 3, 3, 3, 3, 3, 3, 3, 3, 3, 3, 3, 3, 3, 3, 3, 3, 3, 3, 3, 3, 3, 3, 3, 3, 3, 3, 3, 3, 3, 3, 3, 3, 3, 3, 3, 3, 3, 3, 3, 3, 3, 3, 3, 3, 3, 3, 3, 3, 3]
            int[] faceVertexIndices = [95, 94, 93, 95, 93, 92, 95, 92, 91, 95, 91, 90, 95, 90, 89, 95, 89, 88, 95, 88, 87, 95, 87, 86, 95, 86, 85, 95, 85, 84, 95, 84, 83, 95, 83, 82, 95, 82, 81, 95, 81, 80, 95, 80, 79, 95, 79, 78, 95, 78, 77, 95, 77, 76, 95, 76, 75, 95, 75, 74, 95, 74, 73, 95, 73, 72, 95, 72, 71, 95, 71, 70, 95, 70, 69, 95, 69, 68, 95, 68, 67, 95, 67, 66, 95, 66, 65, 95, 65, 64, 96, 97, 98, 96, 98, 99, 96, 99, 100, 96, 100, 101, 96, 101, 102, 96, 102, 103, 96, 103, 104, 96, 104, 105, 96, 105, 106, 96, 106, 107, 96, 107, 108, 96, 108, 109, 96, 109, 110, 96, 110, 111, 96, 111, 112, 96, 112, 113, 96, 113, 114, 96, 114, 115, 96, 115, 116, 96, 116, 117, 96, 117, 118, 96, 118, 119, 96, 119, 120, 96, 120, 121, 96, 121, 122, 96, 122, 123, 96, 123, 124, 96, 124, 125, 96, 125, 126, 96, 126, 127, 0, 1, 33, 0, 33, 32, 1, 2, 34, 1, 34, 33, 2, 3, 35, 2, 35, 34, 3, 4, 36, 3, 36, 35, 4, 5, 37, 4, 37, 36, 5, 6, 38, 5, 38, 37, 6, 7, 39, 6, 39, 38, 7, 8, 40, 7, 40, 39, 8, 9, 41, 8, 41, 40, 9, 10, 42, 9, 42, 41, 10, 11, 43, 10, 43, 42, 11, 12, 44, 11, 44, 43, 12, 13, 45, 12, 45, 44, 13, 14, 46, 13, 46, 45, 14, 15, 47, 14, 47, 46, 15, 16, 48, 15, 48, 47, 16, 17, 49, 16, 49, 48, 17, 18, 50, 17, 50, 49, 18, 19, 51, 18, 51, 50, 19, 20, 52, 19, 52, 51, 20, 21, 53, 20, 53, 52, 21, 22, 54, 21, 54, 53, 22, 23, 55, 22, 55, 54, 23, 24, 56, 23, 56, 55, 24, 25, 57, 24, 57, 56, 25, 26, 58, 25, 58, 57, 26, 27, 59, 26, 59, 58, 27, 28, 60, 27, 60, 59, 28, 29, 61, 28, 61, 60, 29, 30, 62, 29, 62, 61, 30, 31, 63, 30, 63, 62, 31, 0, 32, 31, 32, 63]
            normal3f[] normals = [(-0.9994615, -0.03281279, 0), (-0.9738557, -0.2271676, 0), (-0.9108251, -0.4127924, 0), (-0.8127921, -0.5825539, 0), (-0.6835239, -0.7299282, 0), (-0.5279882, -0.8492517, 0), (-0.3521623, -0.9359389, 0), (-0.162803, -0.9866586, 0), (0.03281279, -0.9994615, 0), (0.2271676, -0.9738557, 0), (0.4127924, -0.9108251, 0), (0.5825539, -0.8127921, 0), (0.7299282, -0.6835239, 0), (0.8492517, -0.5279882, 0), (0.9359389, -0.3521623, 0), (0.9866586, -0.162803, 0), (0.9994615, 0.03281279, 0), (0.9738557, 0.2271676, 0), (0.9108251, 0.4127924, 0), (0.8127921, 0.5825539, 0), (0.6835239, 0.7299282, 0), (0.5279882, 0.8492517, 0), (0.3521623, 0.9359389, 0), (0.162803, 0.9866586, 0), (-0.03281279, 0.9994615, 0), (-0.2271676, 0.9738557, 0), (-0.4127924, 0.9108251, 0), (-0.5825539, 0.8127921, 0), (-0.7299282, 0.6835239, 0), (-0.8492517, 0.5279882, 0), (-0.9359389, 0.3521623, 0), (-0.9866586, 0.162803, 0), (-0.9994615, 0.03281279, 0), (-0.9866586, -0.162803, 0), (-0.9359389, -0.3521623, 0), (-0.8492517, -0.5279882, 0), (-0.7299282, -0.6835239, 0), (-0.5825539, -0.8127921, 0), (-0.4127924, -0.9108251, 0), (-0.2271676, -0.9738557, 0), (-0.03281279, -0.9994615, 0), (0.162803, -0.9866586, 0), (0.3521623, -0.9359389, 0), (0.5279882, -0.8492517, 0), (0.6835239, -0.7299282, 0), (0.8127921, -0.5825539, 0), (0.9108251, -0.4127924, 0), (0.9738557, -0.2271676, 0), (0.9994615, -0.03281279, 0), (0.9866586, 0.162803, 0), (0.9359389, 0.3521623, 0), (0.8492517, 0.5279882, 0), (0.7299282, 0.6835239, 0), (0.5825539, 0.8127921, 0), (0.4127924, 0.9108251, 0), (0.2271676, 0.9738557, 0), (0.03281279, 0.9994615, 0), (-0.162803, 0.9866586, 0), (-0.3521623, 0.9359389, 0), (-0.5279882, 0.8492517, 0), (-0.6835239, 0.7299282, 0), (-0.8127921, 0.5825539, 0), (-0.9108251, 0.4127924, 0), (-0.9738557, 0.2271676, 0), (0, 0, -1), (0, 0, -1), (0, 0, -1), (0, 0, -1), (0, 0, -1), (0, 0, -1), (0, 0, -1), (0, 0, -1), (0, 0, -1), (0, 0, -1), (0, 0, -1), (0, 0, -1), (0, 0, -1), (0, 0, -1), (0, 0, -1), (0, 0, -1), (0, 0, -1), (0, 0, -1), (0, 0, -1), (0, 0, -1), (0, 0, -1), (0, 0, -1), (0, 0, -1), (0, 0, -1), (0, 0, -1), (0, 0, -1), (0, 0, -1), (0, 0, -1), (0, 0, -1), (0, 0, -1), (0, 0, -1), (0, 0, -1), (0, 0, 1), (0, 0, 1), (0, 0, 1), (0, 0, 1), (0, 0, 1), (0, 0, 1), (0, 0, 1), (0, 0, 1), (0, 0, 1), (0, 0, 1), (0, 0, 1), (0, 0, 1), (0, 0, 1), (0, 0, 1), (0, 0, 1), (0, 0, 1), (0, 0, 1), (0, 0, 1), (0, 0, 1), (0, 0, 1), (0, 0, 1), (0, 0, 1), (0, 0, 1), (0, 0, 1), (0, 0, 1), (0, 0, 1), (0, 0, 1), (0, 0, 1), (0, 0, 1), (0, 0, 1), (0, 0, 1), (0, 0, 1)] (interpolation = "vertex")
            float3[] extent = [(-0.00234, -0.00074, -0.02287), (-0.00086, 0.00074, -0.02277)]
            rel material:binding = </WorkbenchPart/Materials/seam>
        }
        def Mesh "GoldTerminal_02" (prepend apiSchemas = ["MaterialBindingAPI"])
        {
            uniform token subdivisionScheme = "none"
            uniform token orientation = "rightHanded"
            bool doubleSided = false
            point3f[] points = [(0.00238, 0, -0.02407), (0.002373327, 0.0001018104, -0.02407), (0.002353422, 0.0002018789, -0.02407), (0.002320626, 0.0002984931, -0.02407), (0.0022755, 0.00039, -0.02407), (0.002218816, 0.0004748339, -0.02407), (0.002151543, 0.0005515433, -0.02407), (0.002074834, 0.0006188156, -0.02407), (0.00199, 0.0006754998, -0.02407), (0.001898493, 0.000720626, -0.02407), (0.001801879, 0.0007534221, -0.02407), (0.00170181, 0.000773327, -0.02407), (0.0016, 0.00078, -0.02407), (0.00149819, 0.000773327, -0.02407), (0.001398121, 0.0007534221, -0.02407), (0.001301507, 0.000720626, -0.02407), (0.00121, 0.0006754998, -0.02407), (0.001125166, 0.0006188156, -0.02407), (0.001048457, 0.0005515433, -0.02407), (0.0009811844, 0.0004748339, -0.02407), (0.0009245002, 0.00039, -0.02407), (0.000879374, 0.0002984931, -0.02407), (0.0008465779, 0.0002018789, -0.02407), (0.000826673, 0.0001018104, -0.02407), (0.00082, 9.552245e-20, -0.02407), (0.000826673, -0.0001018104, -0.02407), (0.0008465779, -0.0002018789, -0.02407), (0.000879374, -0.0002984931, -0.02407), (0.0009245002, -0.00039, -0.02407), (0.0009811844, -0.0004748339, -0.02407), (0.001048457, -0.0005515433, -0.02407), (0.001125166, -0.0006188156, -0.02407), (0.00121, -0.0006754998, -0.02407), (0.001301507, -0.000720626, -0.02407), (0.001398121, -0.0007534221, -0.02407), (0.00149819, -0.000773327, -0.02407), (0.0016, -0.00078, -0.02407), (0.00170181, -0.000773327, -0.02407), (0.001801879, -0.0007534221, -0.02407), (0.001898493, -0.000720626, -0.02407), (0.00199, -0.0006754998, -0.02407), (0.002074834, -0.0006188156, -0.02407), (0.002151543, -0.0005515433, -0.02407), (0.002218816, -0.0004748339, -0.02407), (0.0022755, -0.00039, -0.02407), (0.002320626, -0.0002984931, -0.02407), (0.002353422, -0.0002018789, -0.02407), (0.002373327, -0.0001018104, -0.02407), (0.00285, 0, -0.02407), (0.002839306, 0.0001631577, -0.02407), (0.002807407, 0.0003235238, -0.02407), (0.002754849, 0.0004783543, -0.02407), (0.002682532, 0.000625, -0.02407), (0.002591692, 0.0007609518, -0.02407), (0.002483883, 0.0008838835, -0.02407), (0.002360952, 0.0009916917, -0.02407), (0.002225, 0.001082532, -0.02407), (0.002078354, 0.001154849, -0.02407), (0.001923524, 0.001207407, -0.02407), (0.001763158, 0.001239306, -0.02407), (0.0016, 0.00125, -0.02407), (0.001436842, 0.001239306, -0.02407), (0.001276476, 0.001207407, -0.02407), (0.001121646, 0.001154849, -0.02407), (0.000975, 0.001082532, -0.02407), (0.0008390482, 0.0009916917, -0.02407), (0.0007161165, 0.0008838835, -0.02407), (0.0006083083, 0.0007609518, -0.02407), (0.0005174682, 0.000625, -0.02407), (0.0004451506, 0.0004783543, -0.02407), (0.0003925927, 0.0003235238, -0.02407), (0.0003606939, 0.0001631577, -0.02407), (0.00035, 1.530808e-19, -0.02407), (0.0003606939, -0.0001631577, -0.02407), (0.0003925927, -0.0003235238, -0.02407), (0.0004451506, -0.0004783543, -0.02407), (0.0005174682, -0.000625, -0.02407), (0.0006083083, -0.0007609518, -0.02407), (0.0007161165, -0.0008838835, -0.02407), (0.0008390482, -0.0009916917, -0.02407), (0.000975, -0.001082532, -0.02407), (0.001121646, -0.001154849, -0.02407), (0.001276476, -0.001207407, -0.02407), (0.001436842, -0.001239306, -0.02407), (0.0016, -0.00125, -0.02407), (0.001763158, -0.001239306, -0.02407), (0.001923524, -0.001207407, -0.02407), (0.002078354, -0.001154849, -0.02407), (0.002225, -0.001082532, -0.02407), (0.002360952, -0.0009916917, -0.02407), (0.002483883, -0.0008838835, -0.02407), (0.002591692, -0.0007609518, -0.02407), (0.002682532, -0.000625, -0.02407), (0.002754849, -0.0004783543, -0.02407), (0.002807407, -0.0003235238, -0.02407), (0.002839306, -0.0001631577, -0.02407), (0.00285, 0, -0.02277), (0.002839306, 0.0001631577, -0.02277), (0.002807407, 0.0003235238, -0.02277), (0.002754849, 0.0004783543, -0.02277), (0.002682532, 0.000625, -0.02277), (0.002591692, 0.0007609518, -0.02277), (0.002483883, 0.0008838835, -0.02277), (0.002360952, 0.0009916917, -0.02277), (0.002225, 0.001082532, -0.02277), (0.002078354, 0.001154849, -0.02277), (0.001923524, 0.001207407, -0.02277), (0.001763158, 0.001239306, -0.02277), (0.0016, 0.00125, -0.02277), (0.001436842, 0.001239306, -0.02277), (0.001276476, 0.001207407, -0.02277), (0.001121646, 0.001154849, -0.02277), (0.000975, 0.001082532, -0.02277), (0.0008390482, 0.0009916917, -0.02277), (0.0007161165, 0.0008838835, -0.02277), (0.0006083083, 0.0007609518, -0.02277), (0.0005174682, 0.000625, -0.02277), (0.0004451506, 0.0004783543, -0.02277), (0.0003925927, 0.0003235238, -0.02277), (0.0003606939, 0.0001631577, -0.02277), (0.00035, 1.530808e-19, -0.02277), (0.0003606939, -0.0001631577, -0.02277), (0.0003925927, -0.0003235238, -0.02277), (0.0004451506, -0.0004783543, -0.02277), (0.0005174682, -0.000625, -0.02277), (0.0006083083, -0.0007609518, -0.02277), (0.0007161165, -0.0008838835, -0.02277), (0.0008390482, -0.0009916917, -0.02277), (0.000975, -0.001082532, -0.02277), (0.001121646, -0.001154849, -0.02277), (0.001276476, -0.001207407, -0.02277), (0.001436842, -0.001239306, -0.02277), (0.0016, -0.00125, -0.02277), (0.001763158, -0.001239306, -0.02277), (0.001923524, -0.001207407, -0.02277), (0.002078354, -0.001154849, -0.02277), (0.002225, -0.001082532, -0.02277), (0.002360952, -0.0009916917, -0.02277), (0.002483883, -0.0008838835, -0.02277), (0.002591692, -0.0007609518, -0.02277), (0.002682532, -0.000625, -0.02277), (0.002754849, -0.0004783543, -0.02277), (0.002807407, -0.0003235238, -0.02277), (0.002839306, -0.0001631577, -0.02277), (0.00238, 0, -0.02277), (0.002373327, 0.0001018104, -0.02277), (0.002353422, 0.0002018789, -0.02277), (0.002320626, 0.0002984931, -0.02277), (0.0022755, 0.00039, -0.02277), (0.002218816, 0.0004748339, -0.02277), (0.002151543, 0.0005515433, -0.02277), (0.002074834, 0.0006188156, -0.02277), (0.00199, 0.0006754998, -0.02277), (0.001898493, 0.000720626, -0.02277), (0.001801879, 0.0007534221, -0.02277), (0.00170181, 0.000773327, -0.02277), (0.0016, 0.00078, -0.02277), (0.00149819, 0.000773327, -0.02277), (0.001398121, 0.0007534221, -0.02277), (0.001301507, 0.000720626, -0.02277), (0.00121, 0.0006754998, -0.02277), (0.001125166, 0.0006188156, -0.02277), (0.001048457, 0.0005515433, -0.02277), (0.0009811844, 0.0004748339, -0.02277), (0.0009245002, 0.00039, -0.02277), (0.000879374, 0.0002984931, -0.02277), (0.0008465779, 0.0002018789, -0.02277), (0.000826673, 0.0001018104, -0.02277), (0.00082, 9.552245e-20, -0.02277), (0.000826673, -0.0001018104, -0.02277), (0.0008465779, -0.0002018789, -0.02277), (0.000879374, -0.0002984931, -0.02277), (0.0009245002, -0.00039, -0.02277), (0.0009811844, -0.0004748339, -0.02277), (0.001048457, -0.0005515433, -0.02277), (0.001125166, -0.0006188156, -0.02277), (0.00121, -0.0006754998, -0.02277), (0.001301507, -0.000720626, -0.02277), (0.001398121, -0.0007534221, -0.02277), (0.00149819, -0.000773327, -0.02277), (0.0016, -0.00078, -0.02277), (0.00170181, -0.000773327, -0.02277), (0.001801879, -0.0007534221, -0.02277), (0.001898493, -0.000720626, -0.02277), (0.00199, -0.0006754998, -0.02277), (0.002074834, -0.0006188156, -0.02277), (0.002151543, -0.0005515433, -0.02277), (0.002218816, -0.0004748339, -0.02277), (0.0022755, -0.00039, -0.02277), (0.002320626, -0.0002984931, -0.02277), (0.002353422, -0.0002018789, -0.02277), (0.002373327, -0.0001018104, -0.02277)]
            int[] faceVertexCounts = [3, 3, 3, 3, 3, 3, 3, 3, 3, 3, 3, 3, 3, 3, 3, 3, 3, 3, 3, 3, 3, 3, 3, 3, 3, 3, 3, 3, 3, 3, 3, 3, 3, 3, 3, 3, 3, 3, 3, 3, 3, 3, 3, 3, 3, 3, 3, 3, 3, 3, 3, 3, 3, 3, 3, 3, 3, 3, 3, 3, 3, 3, 3, 3, 3, 3, 3, 3, 3, 3, 3, 3, 3, 3, 3, 3, 3, 3, 3, 3, 3, 3, 3, 3, 3, 3, 3, 3, 3, 3, 3, 3, 3, 3, 3, 3, 3, 3, 3, 3, 3, 3, 3, 3, 3, 3, 3, 3, 3, 3, 3, 3, 3, 3, 3, 3, 3, 3, 3, 3, 3, 3, 3, 3, 3, 3, 3, 3, 3, 3, 3, 3, 3, 3, 3, 3, 3, 3, 3, 3, 3, 3, 3, 3, 3, 3, 3, 3, 3, 3, 3, 3, 3, 3, 3, 3, 3, 3, 3, 3, 3, 3, 3, 3, 3, 3, 3, 3, 3, 3, 3, 3, 3, 3, 3, 3, 3, 3, 3, 3, 3, 3, 3, 3, 3, 3, 3, 3, 3, 3, 3, 3, 3, 3, 3, 3, 3, 3, 3, 3, 3, 3, 3, 3, 3, 3, 3, 3, 3, 3, 3, 3, 3, 3, 3, 3, 3, 3, 3, 3, 3, 3, 3, 3, 3, 3, 3, 3, 3, 3, 3, 3, 3, 3, 3, 3, 3, 3, 3, 3, 3, 3, 3, 3, 3, 3, 3, 3, 3, 3, 3, 3, 3, 3, 3, 3, 3, 3, 3, 3, 3, 3, 3, 3, 3, 3, 3, 3, 3, 3, 3, 3, 3, 3, 3, 3, 3, 3, 3, 3, 3, 3, 3, 3, 3, 3, 3, 3, 3, 3, 3, 3, 3, 3, 3, 3, 3, 3, 3, 3, 3, 3, 3, 3, 3, 3, 3, 3, 3, 3, 3, 3, 3, 3, 3, 3, 3, 3, 3, 3, 3, 3, 3, 3, 3, 3, 3, 3, 3, 3, 3, 3, 3, 3, 3, 3, 3, 3, 3, 3, 3, 3, 3, 3, 3, 3, 3, 3, 3, 3, 3, 3, 3, 3, 3, 3, 3, 3, 3, 3, 3, 3, 3, 3, 3, 3, 3, 3, 3, 3, 3, 3, 3, 3, 3, 3, 3, 3, 3, 3, 3, 3, 3, 3]
            int[] faceVertexIndices = [0, 1, 49, 0, 49, 48, 1, 2, 50, 1, 50, 49, 2, 3, 51, 2, 51, 50, 3, 4, 52, 3, 52, 51, 4, 5, 53, 4, 53, 52, 5, 6, 54, 5, 54, 53, 6, 7, 55, 6, 55, 54, 7, 8, 56, 7, 56, 55, 8, 9, 57, 8, 57, 56, 9, 10, 58, 9, 58, 57, 10, 11, 59, 10, 59, 58, 11, 12, 60, 11, 60, 59, 12, 13, 61, 12, 61, 60, 13, 14, 62, 13, 62, 61, 14, 15, 63, 14, 63, 62, 15, 16, 64, 15, 64, 63, 16, 17, 65, 16, 65, 64, 17, 18, 66, 17, 66, 65, 18, 19, 67, 18, 67, 66, 19, 20, 68, 19, 68, 67, 20, 21, 69, 20, 69, 68, 21, 22, 70, 21, 70, 69, 22, 23, 71, 22, 71, 70, 23, 24, 72, 23, 72, 71, 24, 25, 73, 24, 73, 72, 25, 26, 74, 25, 74, 73, 26, 27, 75, 26, 75, 74, 27, 28, 76, 27, 76, 75, 28, 29, 77, 28, 77, 76, 29, 30, 78, 29, 78, 77, 30, 31, 79, 30, 79, 78, 31, 32, 80, 31, 80, 79, 32, 33, 81, 32, 81, 80, 33, 34, 82, 33, 82, 81, 34, 35, 83, 34, 83, 82, 35, 36, 84, 35, 84, 83, 36, 37, 85, 36, 85, 84, 37, 38, 86, 37, 86, 85, 38, 39, 87, 38, 87, 86, 39, 40, 88, 39, 88, 87, 40, 41, 89, 40, 89, 88, 41, 42, 90, 41, 90, 89, 42, 43, 91, 42, 91, 90, 43, 44, 92, 43, 92, 91, 44, 45, 93, 44, 93, 92, 45, 46, 94, 45, 94, 93, 46, 47, 95, 46, 95, 94, 47, 0, 48, 47, 48, 95, 48, 49, 97, 48, 97, 96, 49, 50, 98, 49, 98, 97, 50, 51, 99, 50, 99, 98, 51, 52, 100, 51, 100, 99, 52, 53, 101, 52, 101, 100, 53, 54, 102, 53, 102, 101, 54, 55, 103, 54, 103, 102, 55, 56, 104, 55, 104, 103, 56, 57, 105, 56, 105, 104, 57, 58, 106, 57, 106, 105, 58, 59, 107, 58, 107, 106, 59, 60, 108, 59, 108, 107, 60, 61, 109, 60, 109, 108, 61, 62, 110, 61, 110, 109, 62, 63, 111, 62, 111, 110, 63, 64, 112, 63, 112, 111, 64, 65, 113, 64, 113, 112, 65, 66, 114, 65, 114, 113, 66, 67, 115, 66, 115, 114, 67, 68, 116, 67, 116, 115, 68, 69, 117, 68, 117, 116, 69, 70, 118, 69, 118, 117, 70, 71, 119, 70, 119, 118, 71, 72, 120, 71, 120, 119, 72, 73, 121, 72, 121, 120, 73, 74, 122, 73, 122, 121, 74, 75, 123, 74, 123, 122, 75, 76, 124, 75, 124, 123, 76, 77, 125, 76, 125, 124, 77, 78, 126, 77, 126, 125, 78, 79, 127, 78, 127, 126, 79, 80, 128, 79, 128, 127, 80, 81, 129, 80, 129, 128, 81, 82, 130, 81, 130, 129, 82, 83, 131, 82, 131, 130, 83, 84, 132, 83, 132, 131, 84, 85, 133, 84, 133, 132, 85, 86, 134, 85, 134, 133, 86, 87, 135, 86, 135, 134, 87, 88, 136, 87, 136, 135, 88, 89, 137, 88, 137, 136, 89, 90, 138, 89, 138, 137, 90, 91, 139, 90, 139, 138, 91, 92, 140, 91, 140, 139, 92, 93, 141, 92, 141, 140, 93, 94, 142, 93, 142, 141, 94, 95, 143, 94, 143, 142, 95, 48, 96, 95, 96, 143, 96, 97, 145, 96, 145, 144, 97, 98, 146, 97, 146, 145, 98, 99, 147, 98, 147, 146, 99, 100, 148, 99, 148, 147, 100, 101, 149, 100, 149, 148, 101, 102, 150, 101, 150, 149, 102, 103, 151, 102, 151, 150, 103, 104, 152, 103, 152, 151, 104, 105, 153, 104, 153, 152, 105, 106, 154, 105, 154, 153, 106, 107, 155, 106, 155, 154, 107, 108, 156, 107, 156, 155, 108, 109, 157, 108, 157, 156, 109, 110, 158, 109, 158, 157, 110, 111, 159, 110, 159, 158, 111, 112, 160, 111, 160, 159, 112, 113, 161, 112, 161, 160, 113, 114, 162, 113, 162, 161, 114, 115, 163, 114, 163, 162, 115, 116, 164, 115, 164, 163, 116, 117, 165, 116, 165, 164, 117, 118, 166, 117, 166, 165, 118, 119, 167, 118, 167, 166, 119, 120, 168, 119, 168, 167, 120, 121, 169, 120, 169, 168, 121, 122, 170, 121, 170, 169, 122, 123, 171, 122, 171, 170, 123, 124, 172, 123, 172, 171, 124, 125, 173, 124, 173, 172, 125, 126, 174, 125, 174, 173, 126, 127, 175, 126, 175, 174, 127, 128, 176, 127, 176, 175, 128, 129, 177, 128, 177, 176, 129, 130, 178, 129, 178, 177, 130, 131, 179, 130, 179, 178, 131, 132, 180, 131, 180, 179, 132, 133, 181, 132, 181, 180, 133, 134, 182, 133, 182, 181, 134, 135, 183, 134, 183, 182, 135, 136, 184, 135, 184, 183, 136, 137, 185, 136, 185, 184, 137, 138, 186, 137, 186, 185, 138, 139, 187, 138, 187, 186, 139, 140, 188, 139, 188, 187, 140, 141, 189, 140, 189, 188, 141, 142, 190, 141, 190, 189, 142, 143, 191, 142, 191, 190, 143, 96, 144, 143, 144, 191, 144, 145, 1, 144, 1, 0, 145, 146, 2, 145, 2, 1, 146, 147, 3, 146, 3, 2, 147, 148, 4, 147, 4, 3, 148, 149, 5, 148, 5, 4, 149, 150, 6, 149, 6, 5, 150, 151, 7, 150, 7, 6, 151, 152, 8, 151, 8, 7, 152, 153, 9, 152, 9, 8, 153, 154, 10, 153, 10, 9, 154, 155, 11, 154, 11, 10, 155, 156, 12, 155, 12, 11, 156, 157, 13, 156, 13, 12, 157, 158, 14, 157, 14, 13, 158, 159, 15, 158, 15, 14, 159, 160, 16, 159, 16, 15, 160, 161, 17, 160, 17, 16, 161, 162, 18, 161, 18, 17, 162, 163, 19, 162, 19, 18, 163, 164, 20, 163, 20, 19, 164, 165, 21, 164, 21, 20, 165, 166, 22, 165, 22, 21, 166, 167, 23, 166, 23, 22, 167, 168, 24, 167, 24, 23, 168, 169, 25, 168, 25, 24, 169, 170, 26, 169, 26, 25, 170, 171, 27, 170, 27, 26, 171, 172, 28, 171, 28, 27, 172, 173, 29, 172, 29, 28, 173, 174, 30, 173, 30, 29, 174, 175, 31, 174, 31, 30, 175, 176, 32, 175, 32, 31, 176, 177, 33, 176, 33, 32, 177, 178, 34, 177, 34, 33, 178, 179, 35, 178, 35, 34, 179, 180, 36, 179, 36, 35, 180, 181, 37, 180, 37, 36, 181, 182, 38, 181, 38, 37, 182, 183, 39, 182, 39, 38, 183, 184, 40, 183, 40, 39, 184, 185, 41, 184, 41, 40, 185, 186, 42, 185, 42, 41, 186, 187, 43, 186, 43, 42, 187, 188, 44, 187, 44, 43, 188, 189, 45, 188, 45, 44, 189, 190, 46, 189, 46, 45, 190, 191, 47, 190, 47, 46, 191, 144, 0, 191, 0, 47]
            normal3f[] normals = [(-0.9170962, 0.02003655, -0.3981621), (-0.9118656, -0.09983994, -0.3981621), (-0.8910328, -0.2180081, -0.3981621), (-0.8549541, -0.3324462, -0.3981621), (-0.8042469, -0.441196, -0.3981621), (-0.7397788, -0.5423967, -0.3981621), (-0.662653, -0.634317, -0.3981621), (-0.5741889, -0.7153839, -0.3981621), (-0.4759003, -0.7842104, -0.3981621), (-0.3694689, -0.8396188, -0.3981621), (-0.2567158, -0.8806611, -0.3981621), (-0.1395702, -0.9066351, -0.3981621), (-0.02003655, -0.9170962, -0.3981621), (0.09983994, -0.9118656, -0.3981621), (0.2180081, -0.8910328, -0.3981621), (0.3324462, -0.8549541, -0.3981621), (0.441196, -0.8042469, -0.3981621), (0.5423967, -0.7397788, -0.3981621), (0.634317, -0.662653, -0.3981621), (0.7153839, -0.5741889, -0.3981621), (0.7842104, -0.4759003, -0.3981621), (0.8396188, -0.3694689, -0.3981621), (0.8806611, -0.2567158, -0.3981621), (0.9066351, -0.1395702, -0.3981621), (0.9170962, -0.02003655, -0.3981621), (0.9118656, 0.09983994, -0.3981621), (0.8910328, 0.2180081, -0.3981621), (0.8549541, 0.3324462, -0.3981621), (0.8042469, 0.441196, -0.3981621), (0.7397788, 0.5423967, -0.3981621), (0.662653, 0.634317, -0.3981621), (0.5741889, 0.7153839, -0.3981621), (0.4759003, 0.7842104, -0.3981621), (0.3694689, 0.8396188, -0.3981621), (0.2567158, 0.8806611, -0.3981621), (0.1395702, 0.9066351, -0.3981621), (0.02003655, 0.9170962, -0.3981621), (-0.09983994, 0.9118656, -0.3981621), (-0.2180081, 0.8910328, -0.3981621), (-0.3324462, 0.8549541, -0.3981621), (-0.441196, 0.8042469, -0.3981621), (-0.5423967, 0.7397788, -0.3981621), (-0.634317, 0.662653, -0.3981621), (-0.7153839, 0.5741889, -0.3981621), (-0.7842104, 0.4759003, -0.3981621), (-0.8396188, 0.3694689, -0.3981621), (-0.8806611, 0.2567158, -0.3981621), (-0.9066351, 0.1395702, -0.3981621), (0.9532564, 0.02082657, -0.3014441), (0.9423827, 0.1450733, -0.3014441), (0.9153846, 0.2668378, -0.3014441), (0.8727241, 0.3840367, -0.3014441), (0.8151309, 0.4946645, -0.3014441), (0.7435907, 0.5968285, -0.3014441), (0.6593274, 0.6887807, -0.3014441), (0.5637829, 0.7689475, -0.3014441), (0.4585918, 0.8359575, -0.3014441), (0.3455542, 0.888664, -0.3014441), (0.226604, 0.9261653, -0.3014441), (0.1037765, 0.9478195, -0.3014441), (-0.02082657, 0.9532564, -0.3014441), (-0.1450733, 0.9423827, -0.3014441), (-0.2668378, 0.9153846, -0.3014441), (-0.3840367, 0.8727241, -0.3014441), (-0.4946645, 0.8151309, -0.3014441), (-0.5968285, 0.7435907, -0.3014441), (-0.6887807, 0.6593274, -0.3014441), (-0.7689475, 0.5637829, -0.3014441), (-0.8359575, 0.4585918, -0.3014441), (-0.888664, 0.3455542, -0.3014441), (-0.9261653, 0.226604, -0.3014441), (-0.9478195, 0.1037765, -0.3014441), (-0.9532564, -0.02082657, -0.3014441), (-0.9423827, -0.1450733, -0.3014441), (-0.9153846, -0.2668378, -0.3014441), (-0.8727241, -0.3840367, -0.3014441), (-0.8151309, -0.4946645, -0.3014441), (-0.7435907, -0.5968285, -0.3014441), (-0.6593274, -0.6887807, -0.3014441), (-0.5637829, -0.7689475, -0.3014441), (-0.4585918, -0.8359575, -0.3014441), (-0.3455542, -0.888664, -0.3014441), (-0.226604, -0.9261653, -0.3014441), (-0.1037765, -0.9478195, -0.3014441), (0.02082657, -0.9532564, -0.3014441), (0.1450733, -0.9423827, -0.3014441), (0.2668378, -0.9153846, -0.3014441), (0.3840367, -0.8727241, -0.3014441), (0.4946645, -0.8151309, -0.3014441), (0.5968285, -0.7435907, -0.3014441), (0.6887807, -0.6593274, -0.3014441), (0.7689475, -0.5637829, -0.3014441), (0.8359575, -0.4585918, -0.3014441), (0.888664, -0.3455542, -0.3014441), (0.9261653, -0.226604, -0.3014441), (0.9478195, -0.1037765, -0.3014441), (0.9532564, -0.02082657, 0.3014441), (0.9478195, 0.1037765, 0.3014441), (0.9261653, 0.226604, 0.3014441), (0.888664, 0.3455542, 0.3014441), (0.8359575, 0.4585918, 0.3014441), (0.7689475, 0.5637829, 0.3014441), (0.6887807, 0.6593274, 0.3014441), (0.5968285, 0.7435907, 0.3014441), (0.4946645, 0.8151309, 0.3014441), (0.3840367, 0.8727241, 0.3014441), (0.2668378, 0.9153846, 0.3014441), (0.1450733, 0.9423827, 0.3014441), (0.02082657, 0.9532564, 0.3014441), (-0.1037765, 0.9478195, 0.3014441), (-0.226604, 0.9261653, 0.3014441), (-0.3455542, 0.888664, 0.3014441), (-0.4585918, 0.8359575, 0.3014441), (-0.5637829, 0.7689475, 0.3014441), (-0.6593274, 0.6887807, 0.3014441), (-0.7435907, 0.5968285, 0.3014441), (-0.8151309, 0.4946645, 0.3014441), (-0.8727241, 0.3840367, 0.3014441), (-0.9153846, 0.2668378, 0.3014441), (-0.9423827, 0.1450733, 0.3014441), (-0.9532564, 0.02082657, 0.3014441), (-0.9478195, -0.1037765, 0.3014441), (-0.9261653, -0.226604, 0.3014441), (-0.888664, -0.3455542, 0.3014441), (-0.8359575, -0.4585918, 0.3014441), (-0.7689475, -0.5637829, 0.3014441), (-0.6887807, -0.6593274, 0.3014441), (-0.5968285, -0.7435907, 0.3014441), (-0.4946645, -0.8151309, 0.3014441), (-0.3840367, -0.8727241, 0.3014441), (-0.2668378, -0.9153846, 0.3014441), (-0.1450733, -0.9423827, 0.3014441), (-0.02082657, -0.9532564, 0.3014441), (0.1037765, -0.9478195, 0.3014441), (0.226604, -0.9261653, 0.3014441), (0.3455542, -0.888664, 0.3014441), (0.4585918, -0.8359575, 0.3014441), (0.5637829, -0.7689475, 0.3014441), (0.6593274, -0.6887807, 0.3014441), (0.7435907, -0.5968285, 0.3014441), (0.8151309, -0.4946645, 0.3014441), (0.8727241, -0.3840367, 0.3014441), (0.9153846, -0.2668378, 0.3014441), (0.9423827, -0.1450733, 0.3014441), (-0.9170962, -0.02003655, 0.3981621), (-0.9066351, -0.1395702, 0.3981621), (-0.8806611, -0.2567158, 0.3981621), (-0.8396188, -0.3694689, 0.3981621), (-0.7842104, -0.4759003, 0.3981621), (-0.7153839, -0.5741889, 0.3981621), (-0.634317, -0.662653, 0.3981621), (-0.5423967, -0.7397788, 0.3981621), (-0.441196, -0.8042469, 0.3981621), (-0.3324462, -0.8549541, 0.3981621), (-0.2180081, -0.8910328, 0.3981621), (-0.09983994, -0.9118656, 0.3981621), (0.02003655, -0.9170962, 0.3981621), (0.1395702, -0.9066351, 0.3981621), (0.2567158, -0.8806611, 0.3981621), (0.3694689, -0.8396188, 0.3981621), (0.4759003, -0.7842104, 0.3981621), (0.5741889, -0.7153839, 0.3981621), (0.662653, -0.634317, 0.3981621), (0.7397788, -0.5423967, 0.3981621), (0.8042469, -0.441196, 0.3981621), (0.8549541, -0.3324462, 0.3981621), (0.8910328, -0.2180081, 0.3981621), (0.9118656, -0.09983994, 0.3981621), (0.9170962, 0.02003655, 0.3981621), (0.9066351, 0.1395702, 0.3981621), (0.8806611, 0.2567158, 0.3981621), (0.8396188, 0.3694689, 0.3981621), (0.7842104, 0.4759003, 0.3981621), (0.7153839, 0.5741889, 0.3981621), (0.634317, 0.662653, 0.3981621), (0.5423967, 0.7397788, 0.3981621), (0.441196, 0.8042469, 0.3981621), (0.3324462, 0.8549541, 0.3981621), (0.2180081, 0.8910328, 0.3981621), (0.09983994, 0.9118656, 0.3981621), (-0.02003655, 0.9170962, 0.3981621), (-0.1395702, 0.9066351, 0.3981621), (-0.2567158, 0.8806611, 0.3981621), (-0.3694689, 0.8396188, 0.3981621), (-0.4759003, 0.7842104, 0.3981621), (-0.5741889, 0.7153839, 0.3981621), (-0.662653, 0.634317, 0.3981621), (-0.7397788, 0.5423967, 0.3981621), (-0.8042469, 0.441196, 0.3981621), (-0.8549541, 0.3324462, 0.3981621), (-0.8910328, 0.2180081, 0.3981621), (-0.9118656, 0.09983994, 0.3981621)] (interpolation = "vertex")
            float3[] extent = [(0.00035, -0.00125, -0.02407), (0.00285, 0.00125, -0.02277)]
            rel material:binding = </WorkbenchPart/Materials/gold>
        }
        def Mesh "SocketInterior_02" (prepend apiSchemas = ["MaterialBindingAPI"])
        {
            uniform token subdivisionScheme = "none"
            uniform token orientation = "rightHanded"
            bool doubleSided = false
            point3f[] points = [(0.00086, 0, -0.02287), (0.0008742189, -0.0001443668, -0.02287), (0.0009163291, -0.0002831857, -0.02287), (0.0009847125, -0.000411122, -0.02287), (0.001076741, -0.000523259, -0.02287), (0.001188878, -0.0006152875, -0.02287), (0.001316814, -0.0006836709, -0.02287), (0.001455633, -0.0007257811, -0.02287), (0.0016, -0.00074, -0.02287), (0.001744367, -0.0007257811, -0.02287), (0.001883186, -0.0006836709, -0.02287), (0.002011122, -0.0006152875, -0.02287), (0.002123259, -0.000523259, -0.02287), (0.002215288, -0.000411122, -0.02287), (0.002283671, -0.0002831857, -0.02287), (0.002325781, -0.0001443668, -0.02287), (0.00234, -9.062386e-20, -0.02287), (0.002325781, 0.0001443668, -0.02287), (0.002283671, 0.0002831857, -0.02287), (0.002215288, 0.000411122, -0.02287), (0.002123259, 0.000523259, -0.02287), (0.002011122, 0.0006152875, -0.02287), (0.001883186, 0.0006836709, -0.02287), (0.001744367, 0.0007257811, -0.02287), (0.0016, 0.00074, -0.02287), (0.001455633, 0.0007257811, -0.02287), (0.001316814, 0.0006836709, -0.02287), (0.001188878, 0.0006152875, -0.02287), (0.001076741, 0.000523259, -0.02287), (0.0009847125, 0.000411122, -0.02287), (0.0009163291, 0.0002831857, -0.02287), (0.0008742189, 0.0001443668, -0.02287), (0.00086, 0, -0.02277), (0.0008742189, -0.0001443668, -0.02277), (0.0009163291, -0.0002831857, -0.02277), (0.0009847125, -0.000411122, -0.02277), (0.001076741, -0.000523259, -0.02277), (0.001188878, -0.0006152875, -0.02277), (0.001316814, -0.0006836709, -0.02277), (0.001455633, -0.0007257811, -0.02277), (0.0016, -0.00074, -0.02277), (0.001744367, -0.0007257811, -0.02277), (0.001883186, -0.0006836709, -0.02277), (0.002011122, -0.0006152875, -0.02277), (0.002123259, -0.000523259, -0.02277), (0.002215288, -0.000411122, -0.02277), (0.002283671, -0.0002831857, -0.02277), (0.002325781, -0.0001443668, -0.02277), (0.00234, -9.062386e-20, -0.02277), (0.002325781, 0.0001443668, -0.02277), (0.002283671, 0.0002831857, -0.02277), (0.002215288, 0.000411122, -0.02277), (0.002123259, 0.000523259, -0.02277), (0.002011122, 0.0006152875, -0.02277), (0.001883186, 0.0006836709, -0.02277), (0.001744367, 0.0007257811, -0.02277), (0.0016, 0.00074, -0.02277), (0.001455633, 0.0007257811, -0.02277), (0.001316814, 0.0006836709, -0.02277), (0.001188878, 0.0006152875, -0.02277), (0.001076741, 0.000523259, -0.02277), (0.0009847125, 0.000411122, -0.02277), (0.0009163291, 0.0002831857, -0.02277), (0.0008742189, 0.0001443668, -0.02277), (0.00086, 0, -0.02287), (0.0008742189, -0.0001443668, -0.02287), (0.0009163291, -0.0002831857, -0.02287), (0.0009847125, -0.000411122, -0.02287), (0.001076741, -0.000523259, -0.02287), (0.001188878, -0.0006152875, -0.02287), (0.001316814, -0.0006836709, -0.02287), (0.001455633, -0.0007257811, -0.02287), (0.0016, -0.00074, -0.02287), (0.001744367, -0.0007257811, -0.02287), (0.001883186, -0.0006836709, -0.02287), (0.002011122, -0.0006152875, -0.02287), (0.002123259, -0.000523259, -0.02287), (0.002215288, -0.000411122, -0.02287), (0.002283671, -0.0002831857, -0.02287), (0.002325781, -0.0001443668, -0.02287), (0.00234, -9.062386e-20, -0.02287), (0.002325781, 0.0001443668, -0.02287), (0.002283671, 0.0002831857, -0.02287), (0.002215288, 0.000411122, -0.02287), (0.002123259, 0.000523259, -0.02287), (0.002011122, 0.0006152875, -0.02287), (0.001883186, 0.0006836709, -0.02287), (0.001744367, 0.0007257811, -0.02287), (0.0016, 0.00074, -0.02287), (0.001455633, 0.0007257811, -0.02287), (0.001316814, 0.0006836709, -0.02287), (0.001188878, 0.0006152875, -0.02287), (0.001076741, 0.000523259, -0.02287), (0.0009847125, 0.000411122, -0.02287), (0.0009163291, 0.0002831857, -0.02287), (0.0008742189, 0.0001443668, -0.02287), (0.00086, 0, -0.02277), (0.0008742189, -0.0001443668, -0.02277), (0.0009163291, -0.0002831857, -0.02277), (0.0009847125, -0.000411122, -0.02277), (0.001076741, -0.000523259, -0.02277), (0.001188878, -0.0006152875, -0.02277), (0.001316814, -0.0006836709, -0.02277), (0.001455633, -0.0007257811, -0.02277), (0.0016, -0.00074, -0.02277), (0.001744367, -0.0007257811, -0.02277), (0.001883186, -0.0006836709, -0.02277), (0.002011122, -0.0006152875, -0.02277), (0.002123259, -0.000523259, -0.02277), (0.002215288, -0.000411122, -0.02277), (0.002283671, -0.0002831857, -0.02277), (0.002325781, -0.0001443668, -0.02277), (0.00234, -9.062386e-20, -0.02277), (0.002325781, 0.0001443668, -0.02277), (0.002283671, 0.0002831857, -0.02277), (0.002215288, 0.000411122, -0.02277), (0.002123259, 0.000523259, -0.02277), (0.002011122, 0.0006152875, -0.02277), (0.001883186, 0.0006836709, -0.02277), (0.001744367, 0.0007257811, -0.02277), (0.0016, 0.00074, -0.02277), (0.001455633, 0.0007257811, -0.02277), (0.001316814, 0.0006836709, -0.02277), (0.001188878, 0.0006152875, -0.02277), (0.001076741, 0.000523259, -0.02277), (0.0009847125, 0.000411122, -0.02277), (0.0009163291, 0.0002831857, -0.02277), (0.0008742189, 0.0001443668, -0.02277)]
            int[] faceVertexCounts = [3, 3, 3, 3, 3, 3, 3, 3, 3, 3, 3, 3, 3, 3, 3, 3, 3, 3, 3, 3, 3, 3, 3, 3, 3, 3, 3, 3, 3, 3, 3, 3, 3, 3, 3, 3, 3, 3, 3, 3, 3, 3, 3, 3, 3, 3, 3, 3, 3, 3, 3, 3, 3, 3, 3, 3, 3, 3, 3, 3, 3, 3, 3, 3, 3, 3, 3, 3, 3, 3, 3, 3, 3, 3, 3, 3, 3, 3, 3, 3, 3, 3, 3, 3, 3, 3, 3, 3, 3, 3, 3, 3, 3, 3, 3, 3, 3, 3, 3, 3, 3, 3, 3, 3, 3, 3, 3, 3, 3, 3, 3, 3, 3, 3, 3, 3, 3, 3, 3, 3, 3, 3, 3, 3]
            int[] faceVertexIndices = [95, 94, 93, 95, 93, 92, 95, 92, 91, 95, 91, 90, 95, 90, 89, 95, 89, 88, 95, 88, 87, 95, 87, 86, 95, 86, 85, 95, 85, 84, 95, 84, 83, 95, 83, 82, 95, 82, 81, 95, 81, 80, 95, 80, 79, 95, 79, 78, 95, 78, 77, 95, 77, 76, 95, 76, 75, 95, 75, 74, 95, 74, 73, 95, 73, 72, 95, 72, 71, 95, 71, 70, 95, 70, 69, 95, 69, 68, 95, 68, 67, 95, 67, 66, 95, 66, 65, 95, 65, 64, 96, 97, 98, 96, 98, 99, 96, 99, 100, 96, 100, 101, 96, 101, 102, 96, 102, 103, 96, 103, 104, 96, 104, 105, 96, 105, 106, 96, 106, 107, 96, 107, 108, 96, 108, 109, 96, 109, 110, 96, 110, 111, 96, 111, 112, 96, 112, 113, 96, 113, 114, 96, 114, 115, 96, 115, 116, 96, 116, 117, 96, 117, 118, 96, 118, 119, 96, 119, 120, 96, 120, 121, 96, 121, 122, 96, 122, 123, 96, 123, 124, 96, 124, 125, 96, 125, 126, 96, 126, 127, 0, 1, 33, 0, 33, 32, 1, 2, 34, 1, 34, 33, 2, 3, 35, 2, 35, 34, 3, 4, 36, 3, 36, 35, 4, 5, 37, 4, 37, 36, 5, 6, 38, 5, 38, 37, 6, 7, 39, 6, 39, 38, 7, 8, 40, 7, 40, 39, 8, 9, 41, 8, 41, 40, 9, 10, 42, 9, 42, 41, 10, 11, 43, 10, 43, 42, 11, 12, 44, 11, 44, 43, 12, 13, 45, 12, 45, 44, 13, 14, 46, 13, 46, 45, 14, 15, 47, 14, 47, 46, 15, 16, 48, 15, 48, 47, 16, 17, 49, 16, 49, 48, 17, 18, 50, 17, 50, 49, 18, 19, 51, 18, 51, 50, 19, 20, 52, 19, 52, 51, 20, 21, 53, 20, 53, 52, 21, 22, 54, 21, 54, 53, 22, 23, 55, 22, 55, 54, 23, 24, 56, 23, 56, 55, 24, 25, 57, 24, 57, 56, 25, 26, 58, 25, 58, 57, 26, 27, 59, 26, 59, 58, 27, 28, 60, 27, 60, 59, 28, 29, 61, 28, 61, 60, 29, 30, 62, 29, 62, 61, 30, 31, 63, 30, 63, 62, 31, 0, 32, 31, 32, 63]
            normal3f[] normals = [(-0.9994615, -0.03281279, 0), (-0.9738557, -0.2271676, 0), (-0.9108251, -0.4127924, 0), (-0.8127921, -0.5825539, 0), (-0.6835239, -0.7299282, 0), (-0.5279882, -0.8492517, 0), (-0.3521623, -0.9359389, 0), (-0.162803, -0.9866586, 0), (0.03281279, -0.9994615, 0), (0.2271676, -0.9738557, 0), (0.4127924, -0.9108251, 0), (0.5825539, -0.8127921, 0), (0.7299282, -0.6835239, 0), (0.8492517, -0.5279882, 0), (0.9359389, -0.3521623, 0), (0.9866586, -0.162803, 0), (0.9994615, 0.03281279, 0), (0.9738557, 0.2271676, 0), (0.9108251, 0.4127924, 0), (0.8127921, 0.5825539, 0), (0.6835239, 0.7299282, 0), (0.5279882, 0.8492517, 0), (0.3521623, 0.9359389, 0), (0.162803, 0.9866586, 0), (-0.03281279, 0.9994615, 0), (-0.2271676, 0.9738557, 0), (-0.4127924, 0.9108251, 0), (-0.5825539, 0.8127921, 0), (-0.7299282, 0.6835239, 0), (-0.8492517, 0.5279882, 0), (-0.9359389, 0.3521623, 0), (-0.9866586, 0.162803, 0), (-0.9994615, 0.03281279, 0), (-0.9866586, -0.162803, 0), (-0.9359389, -0.3521623, 0), (-0.8492517, -0.5279882, 0), (-0.7299282, -0.6835239, 0), (-0.5825539, -0.8127921, 0), (-0.4127924, -0.9108251, 0), (-0.2271676, -0.9738557, 0), (-0.03281279, -0.9994615, 0), (0.162803, -0.9866586, 0), (0.3521623, -0.9359389, 0), (0.5279882, -0.8492517, 0), (0.6835239, -0.7299282, 0), (0.8127921, -0.5825539, 0), (0.9108251, -0.4127924, 0), (0.9738557, -0.2271676, 0), (0.9994615, -0.03281279, 0), (0.9866586, 0.162803, 0), (0.9359389, 0.3521623, 0), (0.8492517, 0.5279882, 0), (0.7299282, 0.6835239, 0), (0.5825539, 0.8127921, 0), (0.4127924, 0.9108251, 0), (0.2271676, 0.9738557, 0), (0.03281279, 0.9994615, 0), (-0.162803, 0.9866586, 0), (-0.3521623, 0.9359389, 0), (-0.5279882, 0.8492517, 0), (-0.6835239, 0.7299282, 0), (-0.8127921, 0.5825539, 0), (-0.9108251, 0.4127924, 0), (-0.9738557, 0.2271676, 0), (0, 0, -1), (0, 0, -1), (0, 0, -1), (0, 0, -1), (0, 0, -1), (0, 0, -1), (0, 0, -1), (0, 0, -1), (0, 0, -1), (0, 0, -1), (0, 0, -1), (0, 0, -1), (0, 0, -1), (0, 0, -1), (0, 0, -1), (0, 0, -1), (0, 0, -1), (0, 0, -1), (0, 0, -1), (0, 0, -1), (0, 0, -1), (0, 0, -1), (0, 0, -1), (0, 0, -1), (0, 0, -1), (0, 0, -1), (0, 0, -1), (0, 0, -1), (0, 0, -1), (0, 0, -1), (0, 0, -1), (0, 0, -1), (0, 0, 1), (0, 0, 1), (0, 0, 1), (0, 0, 1), (0, 0, 1), (0, 0, 1), (0, 0, 1), (0, 0, 1), (0, 0, 1), (0, 0, 1), (0, 0, 1), (0, 0, 1), (0, 0, 1), (0, 0, 1), (0, 0, 1), (0, 0, 1), (0, 0, 1), (0, 0, 1), (0, 0, 1), (0, 0, 1), (0, 0, 1), (0, 0, 1), (0, 0, 1), (0, 0, 1), (0, 0, 1), (0, 0, 1), (0, 0, 1), (0, 0, 1), (0, 0, 1), (0, 0, 1), (0, 0, 1), (0, 0, 1)] (interpolation = "vertex")
            float3[] extent = [(0.00086, -0.00074, -0.02287), (0.00234, 0.00074, -0.02277)]
            rel material:binding = </WorkbenchPart/Materials/seam>
        }
    }
}
