#usda 1.0
(
    defaultPrim = "WorkbenchPart"
    metersPerUnit = 1
    upAxis = "Y"
)
def Xform "WorkbenchPart" (
    kind = "component"
    customData = {
        string catalogID = "gear-retractable"
        string forwardAxis = "+Z"
    }
)
{
    def Scope "Materials"
    {
        def Material "accent_gear_retractable"
        {
            token outputs:surface.connect = </WorkbenchPart/Materials/accent_gear_retractable/Surface.outputs:surface>
            def Shader "Surface"
            {
                uniform token info:id = "UsdPreviewSurface"
                color3f inputs:diffuseColor = (0.03433981, 0.04231141, 0.05126946)
                float inputs:roughness = 0.41
                float inputs:metallic = 0.58
                float inputs:ior = 1.46
                color3f inputs:diffuseColor.connect = </WorkbenchPart/Materials/accent_gear_retractable/Color.outputs:rgb>
                normal3f inputs:normal.connect = </WorkbenchPart/Materials/accent_gear_retractable/Normal.outputs:rgb>
                float inputs:roughness.connect = </WorkbenchPart/Materials/accent_gear_retractable/Rough.outputs:r>
                token outputs:surface
            }
            def Shader "UV"
            {
                uniform token info:id = "UsdPrimvarReader_float2"
                string inputs:varname = "st"
                float2 outputs:result
            }
            def Shader "Color"
            {
                uniform token info:id = "UsdUVTexture"
                asset inputs:file = @textures/surface-4e1cbe22c4738a-color.png@
                token inputs:sourceColorSpace = "sRGB"
                token inputs:wrapS = "repeat"
                token inputs:wrapT = "repeat"
                float2 inputs:st.connect = </WorkbenchPart/Materials/accent_gear_retractable/UV.outputs:result>
                float3 outputs:rgb
                float outputs:r
            }
            def Shader "Normal"
            {
                uniform token info:id = "UsdUVTexture"
                asset inputs:file = @textures/machined-normal.png@
                token inputs:sourceColorSpace = "raw"
                token inputs:wrapS = "repeat"
                token inputs:wrapT = "repeat"
                float2 inputs:st.connect = </WorkbenchPart/Materials/accent_gear_retractable/UV.outputs:result>
                float4 inputs:scale = (2, 2, 2, 1)
                float4 inputs:bias = (-1, -1, -1, 0)
                float3 outputs:rgb
                float outputs:r
            }
            def Shader "Rough"
            {
                uniform token info:id = "UsdUVTexture"
                asset inputs:file = @textures/surface-4e1cbe22c4738a-rough.png@
                token inputs:sourceColorSpace = "raw"
                token inputs:wrapS = "repeat"
                token inputs:wrapT = "repeat"
                float2 inputs:st.connect = </WorkbenchPart/Materials/accent_gear_retractable/UV.outputs:result>
                float3 outputs:rgb
                float outputs:r
            }
        }
        def Material "alloy"
        {
            token outputs:surface.connect = </WorkbenchPart/Materials/alloy/Surface.outputs:surface>
            def Shader "Surface"
            {
                uniform token info:id = "UsdPreviewSurface"
                color3f inputs:diffuseColor = (0.2541521, 0.3185468, 0.381326)
                float inputs:roughness = 0.34
                float inputs:metallic = 0.77
                float inputs:ior = 1.46
                color3f inputs:diffuseColor.connect = </WorkbenchPart/Materials/alloy/Color.outputs:rgb>
                normal3f inputs:normal.connect = </WorkbenchPart/Materials/alloy/Normal.outputs:rgb>
                float inputs:roughness.connect = </WorkbenchPart/Materials/alloy/Rough.outputs:r>
                token outputs:surface
            }
            def Shader "UV"
            {
                uniform token info:id = "UsdPrimvarReader_float2"
                string inputs:varname = "st"
                float2 outputs:result
            }
            def Shader "Color"
            {
                uniform token info:id = "UsdUVTexture"
                asset inputs:file = @textures/surface-561f1c5a4b96e8-color.png@
                token inputs:sourceColorSpace = "sRGB"
                token inputs:wrapS = "repeat"
                token inputs:wrapT = "repeat"
                float2 inputs:st.connect = </WorkbenchPart/Materials/alloy/UV.outputs:result>
                float3 outputs:rgb
                float outputs:r
            }
            def Shader "Normal"
            {
                uniform token info:id = "UsdUVTexture"
                asset inputs:file = @textures/brushed-normal.png@
                token inputs:sourceColorSpace = "raw"
                token inputs:wrapS = "repeat"
                token inputs:wrapT = "repeat"
                float2 inputs:st.connect = </WorkbenchPart/Materials/alloy/UV.outputs:result>
                float4 inputs:scale = (2, 2, 2, 1)
                float4 inputs:bias = (-1, -1, -1, 0)
                float3 outputs:rgb
                float outputs:r
            }
            def Shader "Rough"
            {
                uniform token info:id = "UsdUVTexture"
                asset inputs:file = @textures/surface-561f1c5a4b96e8-rough.png@
                token inputs:sourceColorSpace = "raw"
                token inputs:wrapS = "repeat"
                token inputs:wrapT = "repeat"
                float2 inputs:st.connect = </WorkbenchPart/Materials/alloy/UV.outputs:result>
                float3 outputs:rgb
                float outputs:r
            }
        }
        def Material "black_metal"
        {
            token outputs:surface.connect = </WorkbenchPart/Materials/black_metal/Surface.outputs:surface>
            def Shader "Surface"
            {
                uniform token info:id = "UsdPreviewSurface"
                color3f inputs:diffuseColor = (0.01850022, 0.02518686, 0.03433981)
                float inputs:roughness = 0.35
                float inputs:metallic = 0.7
                float inputs:ior = 1.46
                color3f inputs:diffuseColor.connect = </WorkbenchPart/Materials/black_metal/Color.outputs:rgb>
                normal3f inputs:normal.connect = </WorkbenchPart/Materials/black_metal/Normal.outputs:rgb>
                float inputs:roughness.connect = </WorkbenchPart/Materials/black_metal/Rough.outputs:r>
                token outputs:surface
            }
            def Shader "UV"
            {
                uniform token info:id = "UsdPrimvarReader_float2"
                string inputs:varname = "st"
                float2 outputs:result
            }
            def Shader "Color"
            {
                uniform token info:id = "UsdUVTexture"
                asset inputs:file = @textures/surface-398d3bea767ea9-color.png@
                token inputs:sourceColorSpace = "sRGB"
                token inputs:wrapS = "repeat"
                token inputs:wrapT = "repeat"
                float2 inputs:st.connect = </WorkbenchPart/Materials/black_metal/UV.outputs:result>
                float3 outputs:rgb
                float outputs:r
            }
            def Shader "Normal"
            {
                uniform token info:id = "UsdUVTexture"
                asset inputs:file = @textures/machined-normal.png@
                token inputs:sourceColorSpace = "raw"
                token inputs:wrapS = "repeat"
                token inputs:wrapT = "repeat"
                float2 inputs:st.connect = </WorkbenchPart/Materials/black_metal/UV.outputs:result>
                float4 inputs:scale = (2, 2, 2, 1)
                float4 inputs:bias = (-1, -1, -1, 0)
                float3 outputs:rgb
                float outputs:r
            }
            def Shader "Rough"
            {
                uniform token info:id = "UsdUVTexture"
                asset inputs:file = @textures/surface-398d3bea767ea9-rough.png@
                token inputs:sourceColorSpace = "raw"
                token inputs:wrapS = "repeat"
                token inputs:wrapT = "repeat"
                float2 inputs:st.connect = </WorkbenchPart/Materials/black_metal/UV.outputs:result>
                float3 outputs:rgb
                float outputs:r
            }
        }
        def Material "carbon"
        {
            token outputs:surface.connect = </WorkbenchPart/Materials/carbon/Surface.outputs:surface>
            def Shader "Surface"
            {
                uniform token info:id = "UsdPreviewSurface"
                color3f inputs:diffuseColor = (0.05612849, 0.06662594, 0.07818742)
                float inputs:roughness = 0.4
                float inputs:metallic = 0.08
                float inputs:ior = 1.46
                color3f inputs:diffuseColor.connect = </WorkbenchPart/Materials/carbon/Color.outputs:rgb>
                normal3f inputs:normal.connect = </WorkbenchPart/Materials/carbon/Normal.outputs:rgb>
                float inputs:roughness.connect = </WorkbenchPart/Materials/carbon/Rough.outputs:r>
                token outputs:surface
            }
            def Shader "UV"
            {
                uniform token info:id = "UsdPrimvarReader_float2"
                string inputs:varname = "st"
                float2 outputs:result
            }
            def Shader "Color"
            {
                uniform token info:id = "UsdUVTexture"
                asset inputs:file = @textures/surface-fdd90a408c6dbb-color.png@
                token inputs:sourceColorSpace = "sRGB"
                token inputs:wrapS = "repeat"
                token inputs:wrapT = "repeat"
                float2 inputs:st.connect = </WorkbenchPart/Materials/carbon/UV.outputs:result>
                float3 outputs:rgb
                float outputs:r
            }
            def Shader "Normal"
            {
                uniform token info:id = "UsdUVTexture"
                asset inputs:file = @textures/carbon-normal.png@
                token inputs:sourceColorSpace = "raw"
                token inputs:wrapS = "repeat"
                token inputs:wrapT = "repeat"
                float2 inputs:st.connect = </WorkbenchPart/Materials/carbon/UV.outputs:result>
                float4 inputs:scale = (2, 2, 2, 1)
                float4 inputs:bias = (-1, -1, -1, 0)
                float3 outputs:rgb
                float outputs:r
            }
            def Shader "Rough"
            {
                uniform token info:id = "UsdUVTexture"
                asset inputs:file = @textures/surface-fdd90a408c6dbb-rough.png@
                token inputs:sourceColorSpace = "raw"
                token inputs:wrapS = "repeat"
                token inputs:wrapT = "repeat"
                float2 inputs:st.connect = </WorkbenchPart/Materials/carbon/UV.outputs:result>
                float3 outputs:rgb
                float outputs:r
            }
        }
        def Material "rubber"
        {
            token outputs:surface.connect = </WorkbenchPart/Materials/rubber/Surface.outputs:surface>
            def Shader "Surface"
            {
                uniform token info:id = "UsdPreviewSurface"
                color3f inputs:diffuseColor = (0.01096009, 0.01520851, 0.02028856)
                float inputs:roughness = 0.85
                float inputs:metallic = 0
                float inputs:ior = 1.46
                color3f inputs:diffuseColor.connect = </WorkbenchPart/Materials/rubber/Color.outputs:rgb>
                normal3f inputs:normal.connect = </WorkbenchPart/Materials/rubber/Normal.outputs:rgb>
                float inputs:roughness.connect = </WorkbenchPart/Materials/rubber/Rough.outputs:r>
                token outputs:surface
            }
            def Shader "UV"
            {
                uniform token info:id = "UsdPrimvarReader_float2"
                string inputs:varname = "st"
                float2 outputs:result
            }
            def Shader "Color"
            {
                uniform token info:id = "UsdUVTexture"
                asset inputs:file = @textures/surface-5f4da83744fa83-color.png@
                token inputs:sourceColorSpace = "sRGB"
                token inputs:wrapS = "repeat"
                token inputs:wrapT = "repeat"
                float2 inputs:st.connect = </WorkbenchPart/Materials/rubber/UV.outputs:result>
                float3 outputs:rgb
                float outputs:r
            }
            def Shader "Normal"
            {
                uniform token info:id = "UsdUVTexture"
                asset inputs:file = @textures/grain-normal.png@
                token inputs:sourceColorSpace = "raw"
                token inputs:wrapS = "repeat"
                token inputs:wrapT = "repeat"
                float2 inputs:st.connect = </WorkbenchPart/Materials/rubber/UV.outputs:result>
                float4 inputs:scale = (2, 2, 2, 1)
                float4 inputs:bias = (-1, -1, -1, 0)
                float3 outputs:rgb
                float outputs:r
            }
            def Shader "Rough"
            {
                uniform token info:id = "UsdUVTexture"
                asset inputs:file = @textures/surface-5f4da83744fa83-rough.png@
                token inputs:sourceColorSpace = "raw"
                token inputs:wrapS = "repeat"
                token inputs:wrapT = "repeat"
                float2 inputs:st.connect = </WorkbenchPart/Materials/rubber/UV.outputs:result>
                float3 outputs:rgb
                float outputs:r
            }
        }
        def Material "seam"
        {
            token outputs:surface.connect = </WorkbenchPart/Materials/seam/Surface.outputs:surface>
            def Shader "Surface"
            {
                uniform token info:id = "UsdPreviewSurface"
                color3f inputs:diffuseColor = (0.01599629, 0.02624122, 0.03433981)
                float inputs:roughness = 0.82
                float inputs:metallic = 0
                float inputs:ior = 1.46
                token outputs:surface
            }
        }
        def Material "steel"
        {
            token outputs:surface.connect = </WorkbenchPart/Materials/steel/Surface.outputs:surface>
            def Shader "Surface"
            {
                uniform token info:id = "UsdPreviewSurface"
                color3f inputs:diffuseColor = (0.4735315, 0.5332764, 0.5840784)
                float inputs:roughness = 0.25
                float inputs:metallic = 0.86
                float inputs:ior = 1.46
                color3f inputs:diffuseColor.connect = </WorkbenchPart/Materials/steel/Color.outputs:rgb>
                normal3f inputs:normal.connect = </WorkbenchPart/Materials/steel/Normal.outputs:rgb>
                float inputs:roughness.connect = </WorkbenchPart/Materials/steel/Rough.outputs:r>
                token outputs:surface
            }
            def Shader "UV"
            {
                uniform token info:id = "UsdPrimvarReader_float2"
                string inputs:varname = "st"
                float2 outputs:result
            }
            def Shader "Color"
            {
                uniform token info:id = "UsdUVTexture"
                asset inputs:file = @textures/surface-3355c54d2bc56b-color.png@
                token inputs:sourceColorSpace = "sRGB"
                token inputs:wrapS = "repeat"
                token inputs:wrapT = "repeat"
                float2 inputs:st.connect = </WorkbenchPart/Materials/steel/UV.outputs:result>
                float3 outputs:rgb
                float outputs:r
            }
            def Shader "Normal"
            {
                uniform token info:id = "UsdUVTexture"
                asset inputs:file = @textures/brushed-normal.png@
                token inputs:sourceColorSpace = "raw"
                token inputs:wrapS = "repeat"
                token inputs:wrapT = "repeat"
                float2 inputs:st.connect = </WorkbenchPart/Materials/steel/UV.outputs:result>
                float4 inputs:scale = (2, 2, 2, 1)
                float4 inputs:bias = (-1, -1, -1, 0)
                float3 outputs:rgb
                float outputs:r
            }
            def Shader "Rough"
            {
                uniform token info:id = "UsdUVTexture"
                asset inputs:file = @textures/surface-3355c54d2bc56b-rough.png@
                token inputs:sourceColorSpace = "raw"
                token inputs:wrapS = "repeat"
                token inputs:wrapT = "repeat"
                float2 inputs:st.connect = </WorkbenchPart/Materials/steel/UV.outputs:result>
                float3 outputs:rgb
                float outputs:r
            }
        }
    }
    def Xform "LandingGear"
    {
        def Mesh "RetractActuator_01" (prepend apiSchemas = ["MaterialBindingAPI"])
        {
            uniform token subdivisionScheme = "none"
            uniform token orientation = "rightHanded"
            bool doubleSided = false
            point3f[] points = [(-0.1368, 0.0594, 0.008), (-0.1368, 0.05870275, 0.007969558), (-0.1368, 0.05801081, 0.007878462), (-0.1368, 0.05732945, 0.007727407), (-0.1368, 0.05666384, 0.007517541), (-0.1368, 0.05601905, 0.007250462), (-0.1368, 0.0554, 0.006928203), (-0.1368, 0.05481139, 0.006553216), (-0.1368, 0.0542577, 0.006128356), (-0.1368, 0.05374315, 0.005656854), (-0.1368, 0.05327164, 0.005142301), (-0.1368, 0.05284678, 0.004588611), (-0.1368, 0.0524718, 0.004), (-0.1368, 0.05214954, 0.003380946), (-0.1368, 0.05188246, 0.002736161), (-0.1368, 0.05167259, 0.002070552), (-0.1368, 0.05152154, 0.001389185), (-0.1368, 0.05143044, 0.0006972459), (-0.1368, 0.0514, 4.898587e-19), (-0.1368, 0.05143044, -0.0006972459), (-0.1368, 0.05152154, -0.001389185), (-0.1368, 0.05167259, -0.002070552), (-0.1368, 0.05188246, -0.002736161), (-0.1368, 0.05214954, -0.003380946), (-0.1368, 0.0524718, -0.004), (-0.1368, 0.05284678, -0.004588611), (-0.1368, 0.05327164, -0.005142301), (-0.1368, 0.05374315, -0.005656854), (-0.1368, 0.0542577, -0.006128356), (-0.1368, 0.05481139, -0.006553216), (-0.1368, 0.0554, -0.006928203), (-0.1368, 0.05601905, -0.007250462), (-0.1368, 0.05666384, -0.007517541), (-0.1368, 0.05732945, -0.007727407), (-0.1368, 0.05801081, -0.007878462), (-0.1368, 0.05870275, -0.007969558), (-0.1368, 0.0594, -0.008), (-0.1368, 0.06009725, -0.007969558), (-0.1368, 0.06078919, -0.007878462), (-0.1368, 0.06147055, -0.007727407), (-0.1368, 0.06213616, -0.007517541), (-0.1368, 0.06278095, -0.007250462), (-0.1368, 0.0634, -0.006928203), (-0.1368, 0.06398861, -0.006553216), (-0.1368, 0.0645423, -0.006128356), (-0.1368, 0.06505685, -0.005656854), (-0.1368, 0.06552836, -0.005142301), (-0.1368, 0.06595322, -0.004588611), (-0.1368, 0.0663282, -0.004), (-0.1368, 0.06665046, -0.003380946), (-0.1368, 0.06691754, -0.002736161), (-0.1368, 0.06712741, -0.002070552), (-0.1368, 0.06727846, -0.001389185), (-0.1368, 0.06736956, -0.0006972459), (-0.1368, 0.0674, -1.469576e-18), (-0.1368, 0.06736956, 0.0006972459), (-0.1368, 0.06727846, 0.001389185), (-0.1368, 0.06712741, 0.002070552), (-0.1368, 0.06691754, 0.002736161), (-0.1368, 0.06665046, 0.003380946), (-0.1368, 0.0663282, 0.004), (-0.1368, 0.06595322, 0.004588611), (-0.1368, 0.06552836, 0.005142301), (-0.1368, 0.06505685, 0.005656854), (-0.1368, 0.0645423, 0.006128356), (-0.1368, 0.06398861, 0.006553216), (-0.1368, 0.0634, 0.006928203), (-0.1368, 0.06278095, 0.007250462), (-0.1368, 0.06213616, 0.007517541), (-0.1368, 0.06147055, 0.007727407), (-0.1368, 0.06078919, 0.007878462), (-0.1368, 0.06009725, 0.007969558), (-0.0988, 0.0594, 0.008), (-0.0988, 0.05870275, 0.007969558), (-0.0988, 0.05801081, 0.007878462), (-0.0988, 0.05732945, 0.007727407), (-0.0988, 0.05666384, 0.007517541), (-0.0988, 0.05601905, 0.007250462), (-0.0988, 0.0554, 0.006928203), (-0.0988, 0.05481139, 0.006553216), (-0.0988, 0.0542577, 0.006128356), (-0.0988, 0.05374315, 0.005656854), (-0.0988, 0.05327164, 0.005142301), (-0.0988, 0.05284678, 0.004588611), (-0.0988, 0.0524718, 0.004), (-0.0988, 0.05214954, 0.003380946), (-0.0988, 0.05188246, 0.002736161), (-0.0988, 0.05167259, 0.002070552), (-0.0988, 0.05152154, 0.001389185), (-0.0988, 0.05143044, 0.0006972459), (-0.0988, 0.0514, 4.898587e-19), (-0.0988, 0.05143044, -0.0006972459), (-0.0988, 0.05152154, -0.001389185), (-0.0988, 0.05167259, -0.002070552), (-0.0988, 0.05188246, -0.002736161), (-0.0988, 0.05214954, -0.003380946), (-0.0988, 0.0524718, -0.004), (-0.0988, 0.05284678, -0.004588611), (-0.0988, 0.05327164, -0.005142301), (-0.0988, 0.05374315, -0.005656854), (-0.0988, 0.0542577, -0.006128356), (-0.0988, 0.05481139, -0.006553216), (-0.0988, 0.0554, -0.006928203), (-0.0988, 0.05601905, -0.007250462), (-0.0988, 0.05666384, -0.007517541), (-0.0988, 0.05732945, -0.007727407), (-0.0988, 0.05801081, -0.007878462), (-0.0988, 0.05870275, -0.007969558), (-0.0988, 0.0594, -0.008), (-0.0988, 0.06009725, -0.007969558), (-0.0988, 0.06078919, -0.007878462), (-0.0988, 0.06147055, -0.007727407), (-0.0988, 0.06213616, -0.007517541), (-0.0988, 0.06278095, -0.007250462), (-0.0988, 0.0634, -0.006928203), (-0.0988, 0.06398861, -0.006553216), (-0.0988, 0.0645423, -0.006128356), (-0.0988, 0.06505685, -0.005656854), (-0.0988, 0.06552836, -0.005142301), (-0.0988, 0.06595322, -0.004588611), (-0.0988, 0.0663282, -0.004), (-0.0988, 0.06665046, -0.003380946), (-0.0988, 0.06691754, -0.002736161), (-0.0988, 0.06712741, -0.002070552), (-0.0988, 0.06727846, -0.001389185), (-0.0988, 0.06736956, -0.0006972459), (-0.0988, 0.0674, -1.469576e-18), (-0.0988, 0.06736956, 0.0006972459), (-0.0988, 0.06727846, 0.001389185), (-0.0988, 0.06712741, 0.002070552), (-0.0988, 0.06691754, 0.002736161), (-0.0988, 0.06665046, 0.003380946), (-0.0988, 0.0663282, 0.004), (-0.0988, 0.06595322, 0.004588611), (-0.0988, 0.06552836, 0.005142301), (-0.0988, 0.06505685, 0.005656854), (-0.0988, 0.0645423, 0.006128356), (-0.0988, 0.06398861, 0.006553216), (-0.0988, 0.0634, 0.006928203), (-0.0988, 0.06278095, 0.007250462), (-0.0988, 0.06213616, 0.007517541), (-0.0988, 0.06147055, 0.007727407), (-0.0988, 0.06078919, 0.007878462), (-0.0988, 0.06009725, 0.007969558), (-0.1368, 0.0594, 0.008), (-0.1368, 0.05870275, 0.007969558), (-0.1368, 0.05801081, 0.007878462), (-0.1368, 0.05732945, 0.007727407), (-0.1368, 0.05666384, 0.007517541), (-0.1368, 0.05601905, 0.007250462), (-0.1368, 0.0554, 0.006928203), (-0.1368, 0.05481139, 0.006553216), (-0.1368, 0.0542577, 0.006128356), (-0.1368, 0.05374315, 0.005656854), (-0.1368, 0.05327164, 0.005142301), (-0.1368, 0.05284678, 0.004588611), (-0.1368, 0.0524718, 0.004), (-0.1368, 0.05214954, 0.003380946), (-0.1368, 0.05188246, 0.002736161), (-0.1368, 0.05167259, 0.002070552), (-0.1368, 0.05152154, 0.001389185), (-0.1368, 0.05143044, 0.0006972459), (-0.1368, 0.0514, 4.898587e-19), (-0.1368, 0.05143044, -0.0006972459), (-0.1368, 0.05152154, -0.001389185), (-0.1368, 0.05167259, -0.002070552), (-0.1368, 0.05188246, -0.002736161), (-0.1368, 0.05214954, -0.003380946), (-0.1368, 0.0524718, -0.004), (-0.1368, 0.05284678, -0.004588611), (-0.1368, 0.05327164, -0.005142301), (-0.1368, 0.05374315, -0.005656854), (-0.1368, 0.0542577, -0.006128356), (-0.1368, 0.05481139, -0.006553216), (-0.1368, 0.0554, -0.006928203), (-0.1368, 0.05601905, -0.007250462), (-0.1368, 0.05666384, -0.007517541), (-0.1368, 0.05732945, -0.007727407), (-0.1368, 0.05801081, -0.007878462), (-0.1368, 0.05870275, -0.007969558), (-0.1368, 0.0594, -0.008), (-0.1368, 0.06009725, -0.007969558), (-0.1368, 0.06078919, -0.007878462), (-0.1368, 0.06147055, -0.007727407), (-0.1368, 0.06213616, -0.007517541), (-0.1368, 0.06278095, -0.007250462), (-0.1368, 0.0634, -0.006928203), (-0.1368, 0.06398861, -0.006553216), (-0.1368, 0.0645423, -0.006128356), (-0.1368, 0.06505685, -0.005656854), (-0.1368, 0.06552836, -0.005142301), (-0.1368, 0.06595322, -0.004588611), (-0.1368, 0.0663282, -0.004), (-0.1368, 0.06665046, -0.003380946), (-0.1368, 0.06691754, -0.002736161), (-0.1368, 0.06712741, -0.002070552), (-0.1368, 0.06727846, -0.001389185), (-0.1368, 0.06736956, -0.0006972459), (-0.1368, 0.0674, -1.469576e-18), (-0.1368, 0.06736956, 0.0006972459), (-0.1368, 0.06727846, 0.001389185), (-0.1368, 0.06712741, 0.002070552), (-0.1368, 0.06691754, 0.002736161), (-0.1368, 0.06665046, 0.003380946), (-0.1368, 0.0663282, 0.004), (-0.1368, 0.06595322, 0.004588611), (-0.1368, 0.06552836, 0.005142301), (-0.1368, 0.06505685, 0.005656854), (-0.1368, 0.0645423, 0.006128356), (-0.1368, 0.06398861, 0.006553216), (-0.1368, 0.0634, 0.006928203), (-0.1368, 0.06278095, 0.007250462), (-0.1368, 0.06213616, 0.007517541), (-0.1368, 0.06147055, 0.007727407), (-0.1368, 0.06078919, 0.007878462), (-0.1368, 0.06009725, 0.007969558), (-0.0988, 0.0594, 0.008), (-0.0988, 0.05870275, 0.007969558), (-0.0988, 0.05801081, 0.007878462), (-0.0988, 0.05732945, 0.007727407), (-0.0988, 0.05666384, 0.007517541), (-0.0988, 0.05601905, 0.007250462), (-0.0988, 0.0554, 0.006928203), (-0.0988, 0.05481139, 0.006553216), (-0.0988, 0.0542577, 0.006128356), (-0.0988, 0.05374315, 0.005656854), (-0.0988, 0.05327164, 0.005142301), (-0.0988, 0.05284678, 0.004588611), (-0.0988, 0.0524718, 0.004), (-0.0988, 0.05214954, 0.003380946), (-0.0988, 0.05188246, 0.002736161), (-0.0988, 0.05167259, 0.002070552), (-0.0988, 0.05152154, 0.001389185), (-0.0988, 0.05143044, 0.0006972459), (-0.0988, 0.0514, 4.898587e-19), (-0.0988, 0.05143044, -0.0006972459), (-0.0988, 0.05152154, -0.001389185), (-0.0988, 0.05167259, -0.002070552), (-0.0988, 0.05188246, -0.002736161), (-0.0988, 0.05214954, -0.003380946), (-0.0988, 0.0524718, -0.004), (-0.0988, 0.05284678, -0.004588611), (-0.0988, 0.05327164, -0.005142301), (-0.0988, 0.05374315, -0.005656854), (-0.0988, 0.0542577, -0.006128356), (-0.0988, 0.05481139, -0.006553216), (-0.0988, 0.0554, -0.006928203), (-0.0988, 0.05601905, -0.007250462), (-0.0988, 0.05666384, -0.007517541), (-0.0988, 0.05732945, -0.007727407), (-0.0988, 0.05801081, -0.007878462), (-0.0988, 0.05870275, -0.007969558), (-0.0988, 0.0594, -0.008), (-0.0988, 0.06009725, -0.007969558), (-0.0988, 0.06078919, -0.007878462), (-0.0988, 0.06147055, -0.007727407), (-0.0988, 0.06213616, -0.007517541), (-0.0988, 0.06278095, -0.007250462), (-0.0988, 0.0634, -0.006928203), (-0.0988, 0.06398861, -0.006553216), (-0.0988, 0.0645423, -0.006128356), (-0.0988, 0.06505685, -0.005656854), (-0.0988, 0.06552836, -0.005142301), (-0.0988, 0.06595322, -0.004588611), (-0.0988, 0.0663282, -0.004), (-0.0988, 0.06665046, -0.003380946), (-0.0988, 0.06691754, -0.002736161), (-0.0988, 0.06712741, -0.002070552), (-0.0988, 0.06727846, -0.001389185), (-0.0988, 0.06736956, -0.0006972459), (-0.0988, 0.0674, -1.469576e-18), (-0.0988, 0.06736956, 0.0006972459), (-0.0988, 0.06727846, 0.001389185), (-0.0988, 0.06712741, 0.002070552), (-0.0988, 0.06691754, 0.002736161), (-0.0988, 0.06665046, 0.003380946), (-0.0988, 0.0663282, 0.004), (-0.0988, 0.06595322, 0.004588611), (-0.0988, 0.06552836, 0.005142301), (-0.0988, 0.06505685, 0.005656854), (-0.0988, 0.0645423, 0.006128356), (-0.0988, 0.06398861, 0.006553216), (-0.0988, 0.0634, 0.006928203), (-0.0988, 0.06278095, 0.007250462), (-0.0988, 0.06213616, 0.007517541), (-0.0988, 0.06147055, 0.007727407), (-0.0988, 0.06078919, 0.007878462), (-0.0988, 0.06009725, 0.007969558)]
            int[] faceVertexCounts = [3, 3, 3, 3, 3, 3, 3, 3, 3, 3, 3, 3, 3, 3, 3, 3, 3, 3, 3, 3, 3, 3, 3, 3, 3, 3, 3, 3, 3, 3, 3, 3, 3, 3, 3, 3, 3, 3, 3, 3, 3, 3, 3, 3, 3, 3, 3, 3, 3, 3, 3, 3, 3, 3, 3, 3, 3, 3, 3, 3, 3, 3, 3, 3, 3, 3, 3, 3, 3, 3, 3, 3, 3, 3, 3, 3, 3, 3, 3, 3, 3, 3, 3, 3, 3, 3, 3, 3, 3, 3, 3, 3, 3, 3, 3, 3, 3, 3, 3, 3, 3, 3, 3, 3, 3, 3, 3, 3, 3, 3, 3, 3, 3, 3, 3, 3, 3, 3, 3, 3, 3, 3, 3, 3, 3, 3, 3, 3, 3, 3, 3, 3, 3, 3, 3, 3, 3, 3, 3, 3, 3, 3, 3, 3, 3, 3, 3, 3, 3, 3, 3, 3, 3, 3, 3, 3, 3, 3, 3, 3, 3, 3, 3, 3, 3, 3, 3, 3, 3, 3, 3, 3, 3, 3, 3, 3, 3, 3, 3, 3, 3, 3, 3, 3, 3, 3, 3, 3, 3, 3, 3, 3, 3, 3, 3, 3, 3, 3, 3, 3, 3, 3, 3, 3, 3, 3, 3, 3, 3, 3, 3, 3, 3, 3, 3, 3, 3, 3, 3, 3, 3, 3, 3, 3, 3, 3, 3, 3, 3, 3, 3, 3, 3, 3, 3, 3, 3, 3, 3, 3, 3, 3, 3, 3, 3, 3, 3, 3, 3, 3, 3, 3, 3, 3, 3, 3, 3, 3, 3, 3, 3, 3, 3, 3, 3, 3, 3, 3, 3, 3, 3, 3, 3, 3, 3, 3, 3, 3, 3, 3, 3, 3, 3, 3]
            int[] faceVertexIndices = [215, 214, 213, 215, 213, 212, 215, 212, 211, 215, 211, 210, 215, 210, 209, 215, 209, 208, 215, 208, 207, 215, 207, 206, 215, 206, 205, 215, 205, 204, 215, 204, 203, 215, 203, 202, 215, 202, 201, 215, 201, 200, 215, 200, 199, 215, 199, 198, 215, 198, 197, 215, 197, 196, 215, 196, 195, 215, 195, 194, 215, 194, 193, 215, 193, 192, 215, 192, 191, 215, 191, 190, 215, 190, 189, 215, 189, 188, 215, 188, 187, 215, 187, 186, 215, 186, 185, 215, 185, 184, 215, 184, 183, 215, 183, 182, 215, 182, 181, 215, 181, 180, 215, 180, 179, 215, 179, 178, 215, 178, 177, 215, 177, 176, 215, 176, 175, 215, 175, 174, 215, 174, 173, 215, 173, 172, 215, 172, 171, 215, 171, 170, 215, 170, 169, 215, 169, 168, 215, 168, 167, 215, 167, 166, 215, 166, 165, 215, 165, 164, 215, 164, 163, 215, 163, 162, 215, 162, 161, 215, 161, 160, 215, 160, 159, 215, 159, 158, 215, 158, 157, 215, 157, 156, 215, 156, 155, 215, 155, 154, 215, 154, 153, 215, 153, 152, 215, 152, 151, 215, 151, 150, 215, 150, 149, 215, 149, 148, 215, 148, 147, 215, 147, 146, 215, 146, 145, 215, 145, 144, 216, 217, 218, 216, 218, 219, 216, 219, 220, 216, 220, 221, 216, 221, 222, 216, 222, 223, 216, 223, 224, 216, 224, 225, 216, 225, 226, 216, 226, 227, 216, 227, 228, 216, 228, 229, 216, 229, 230, 216, 230, 231, 216, 231, 232, 216, 232, 233, 216, 233, 234, 216, 234, 235, 216, 235, 236, 216, 236, 237, 216, 237, 238, 216, 238, 239, 216, 239, 240, 216, 240, 241, 216, 241, 242, 216, 242, 243, 216, 243, 244, 216, 244, 245, 216, 245, 246, 216, 246, 247, 216, 247, 248, 216, 248, 249, 216, 249, 250, 216, 250, 251, 216, 251, 252, 216, 252, 253, 216, 253, 254, 216, 254, 255, 216, 255, 256, 216, 256, 257, 216, 257, 258, 216, 258, 259, 216, 259, 260, 216, 260, 261, 216, 261, 262, 216, 262, 263, 216, 263, 264, 216, 264, 265, 216, 265, 266, 216, 266, 267, 216, 267, 268, 216, 268, 269, 216, 269, 270, 216, 270, 271, 216, 271, 272, 216, 272, 273, 216, 273, 274, 216, 274, 275, 216, 275, 276, 216, 276, 277, 216, 277, 278, 216, 278, 279, 216, 279, 280, 216, 280, 281, 216, 281, 282, 216, 282, 283, 216, 283, 284, 216, 284, 285, 216, 285, 286, 216, 286, 287, 0, 1, 73, 0, 73, 72, 1, 2, 74, 1, 74, 73, 2, 3, 75, 2, 75, 74, 3, 4, 76, 3, 76, 75, 4, 5, 77, 4, 77, 76, 5, 6, 78, 5, 78, 77, 6, 7, 79, 6, 79, 78, 7, 8, 80, 7, 80, 79, 8, 9, 81, 8, 81, 80, 9, 10, 82, 9, 82, 81, 10, 11, 83, 10, 83, 82, 11, 12, 84, 11, 84, 83, 12, 13, 85, 12, 85, 84, 13, 14, 86, 13, 86, 85, 14, 15, 87, 14, 87, 86, 15, 16, 88, 15, 88, 87, 16, 17, 89, 16, 89, 88, 17, 18, 90, 17, 90, 89, 18, 19, 91, 18, 91, 90, 19, 20, 92, 19, 92, 91, 20, 21, 93, 20, 93, 92, 21, 22, 94, 21, 94, 93, 22, 23, 95, 22, 95, 94, 23, 24, 96, 23, 96, 95, 24, 25, 97, 24, 97, 96, 25, 26, 98, 25, 98, 97, 26, 27, 99, 26, 99, 98, 27, 28, 100, 27, 100, 99, 28, 29, 101, 28, 101, 100, 29, 30, 102, 29, 102, 101, 30, 31, 103, 30, 103, 102, 31, 32, 104, 31, 104, 103, 32, 33, 105, 32, 105, 104, 33, 34, 106, 33, 106, 105, 34, 35, 107, 34, 107, 106, 35, 36, 108, 35, 108, 107, 36, 37, 109, 36, 109, 108, 37, 38, 110, 37, 110, 109, 38, 39, 111, 38, 111, 110, 39, 40, 112, 39, 112, 111, 40, 41, 113, 40, 113, 112, 41, 42, 114, 41, 114, 113, 42, 43, 115, 42, 115, 114, 43, 44, 116, 43, 116, 115, 44, 45, 117, 44, 117, 116, 45, 46, 118, 45, 118, 117, 46, 47, 119, 46, 119, 118, 47, 48, 120, 47, 120, 119, 48, 49, 121, 48, 121, 120, 49, 50, 122, 49, 122, 121, 50, 51, 123, 50, 123, 122, 51, 52, 124, 51, 124, 123, 52, 53, 125, 52, 125, 124, 53, 54, 126, 53, 126, 125, 54, 55, 127, 54, 127, 126, 55, 56, 128, 55, 128, 127, 56, 57, 129, 56, 129, 128, 57, 58, 130, 57, 130, 129, 58, 59, 131, 58, 131, 130, 59, 60, 132, 59, 132, 131, 60, 61, 133, 60, 133, 132, 61, 62, 134, 61, 134, 133, 62, 63, 135, 62, 135, 134, 63, 64, 136, 63, 136, 135, 64, 65, 137, 64, 137, 136, 65, 66, 138, 65, 138, 137, 66, 67, 139, 66, 139, 138, 67, 68, 140, 67, 140, 139, 68, 69, 141, 68, 141, 140, 69, 70, 142, 69, 142, 141, 70, 71, 143, 70, 143, 142, 71, 0, 72, 71, 72, 143]
            normal3f[] normals = [(0, -0.01455211, 0.9998941), (0, -0.1016432, 0.9948209), (0, -0.1879608, 0.9821765), (0, -0.2728479, 0.9620572), (0, -0.3556584, 0.934616), (0, -0.4357622, 0.9000618), (0, -0.5125496, 0.8586576), (0, -0.5854361, 0.8107186), (0, -0.6538671, 0.7566094), (0, -0.7173218, 0.696742), (0, -0.7753172, 0.631572), (0, -0.8274121, 0.5615953), (0, -0.8732098, 0.4873446), (0, -0.9123618, 0.4093848), (0, -0.9445702, 0.3283094), (0, -0.9695899, 0.2447354), (0, -0.9872304, 0.1592988), (0, -0.9973575, 0.07264978), (0, -0.9998941, -0.01455211), (0, -0.9948209, -0.1016432), (0, -0.9821765, -0.1879608), (0, -0.9620572, -0.2728479), (0, -0.934616, -0.3556584), (0, -0.9000618, -0.4357622), (0, -0.8586576, -0.5125496), (0, -0.8107186, -0.5854361), (0, -0.7566094, -0.6538671), (0, -0.696742, -0.7173218), (0, -0.631572, -0.7753172), (0, -0.5615953, -0.8274121), (0, -0.4873446, -0.8732098), (0, -0.4093848, -0.9123618), (0, -0.3283094, -0.9445702), (0, -0.2447354, -0.9695899), (0, -0.1592988, -0.9872304), (0, -0.07264978, -0.9973575), (0, 0.01455211, -0.9998941), (0, 0.1016432, -0.9948209), (0, 0.1879608, -0.9821765), (0, 0.2728479, -0.9620572), (0, 0.3556584, -0.934616), (0, 0.4357622, -0.9000618), (0, 0.5125496, -0.8586576), (0, 0.5854361, -0.8107186), (0, 0.6538671, -0.7566094), (0, 0.7173218, -0.696742), (0, 0.7753172, -0.631572), (0, 0.8274121, -0.5615953), (0, 0.8732098, -0.4873446), (0, 0.9123618, -0.4093848), (0, 0.9445702, -0.3283094), (0, 0.9695899, -0.2447354), (0, 0.9872304, -0.1592988), (0, 0.9973575, -0.07264978), (0, 0.9998941, 0.01455211), (0, 0.9948209, 0.1016432), (0, 0.9821765, 0.1879608), (0, 0.9620572, 0.2728479), (0, 0.934616, 0.3556584), (0, 0.9000618, 0.4357622), (0, 0.8586576, 0.5125496), (0, 0.8107186, 0.5854361), (0, 0.7566094, 0.6538671), (0, 0.696742, 0.7173218), (0, 0.631572, 0.7753172), (0, 0.5615953, 0.8274121), (0, 0.4873446, 0.8732098), (0, 0.4093848, 0.9123618), (0, 0.3283094, 0.9445702), (0, 0.2447354, 0.9695899), (0, 0.1592988, 0.9872304), (0, 0.07264978, 0.9973575), (0, 0.01455211, 0.9998941), (0, -0.07264978, 0.9973575), (0, -0.1592988, 0.9872304), (0, -0.2447354, 0.9695899), (0, -0.3283094, 0.9445702), (0, -0.4093848, 0.9123618), (0, -0.4873446, 0.8732098), (0, -0.5615953, 0.8274121), (0, -0.631572, 0.7753172), (0, -0.696742, 0.7173218), (0, -0.7566094, 0.6538671), (0, -0.8107186, 0.5854361), (0, -0.8586576, 0.5125496), (0, -0.9000618, 0.4357622), (0, -0.934616, 0.3556584), (0, -0.9620572, 0.2728479), (0, -0.9821765, 0.1879608), (0, -0.9948209, 0.1016432), (0, -0.9998941, 0.01455211), (0, -0.9973575, -0.07264978), (0, -0.9872304, -0.1592988), (0, -0.9695899, -0.2447354), (0, -0.9445702, -0.3283094), (0, -0.9123618, -0.4093848), (0, -0.8732098, -0.4873446), (0, -0.8274121, -0.5615953), (0, -0.7753172, -0.631572), (0, -0.7173218, -0.696742), (0, -0.6538671, -0.7566094), (0, -0.5854361, -0.8107186), (0, -0.5125496, -0.8586576), (0, -0.4357622, -0.9000618), (0, -0.3556584, -0.934616), (0, -0.2728479, -0.9620572), (0, -0.1879608, -0.9821765), (0, -0.1016432, -0.9948209), (0, -0.01455211, -0.9998941), (0, 0.07264978, -0.9973575), (0, 0.1592988, -0.9872304), (0, 0.2447354, -0.9695899), (0, 0.3283094, -0.9445702), (0, 0.4093848, -0.9123618), (0, 0.4873446, -0.8732098), (0, 0.5615953, -0.8274121), (0, 0.631572, -0.7753172), (0, 0.696742, -0.7173218), (0, 0.7566094, -0.6538671), (0, 0.8107186, -0.5854361), (0, 0.8586576, -0.5125496), (0, 0.9000618, -0.4357622), (0, 0.934616, -0.3556584), (0, 0.9620572, -0.2728479), (0, 0.9821765, -0.1879608), (0, 0.9948209, -0.1016432), (0, 0.9998941, -0.01455211), (0, 0.9973575, 0.07264978), (0, 0.9872304, 0.1592988), (0, 0.9695899, 0.2447354), (0, 0.9445702, 0.3283094), (0, 0.9123618, 0.4093848), (0, 0.8732098, 0.4873446), (0, 0.8274121, 0.5615953), (0, 0.7753172, 0.631572), (0, 0.7173218, 0.696742), (0, 0.6538671, 0.7566094), (0, 0.5854361, 0.8107186), (0, 0.5125496, 0.8586576), (0, 0.4357622, 0.9000618), (0, 0.3556584, 0.934616), (0, 0.2728479, 0.9620572), (0, 0.1879608, 0.9821765), (0, 0.1016432, 0.9948209), (-1, 0, 0), (-1, 0, 0), (-1, 0, 0), (-1, 0, 0), (-1, 0, 0), (-1, 0, 0), (-1, 0, 0), (-1, 0, 0), (-1, 0, 0), (-1, 0, 0), (-1, 0, 0), (-1, 0, 0), (-1, 0, 0), (-1, 0, 0), (-1, 0, 0), (-1, 0, 0), (-1, 0, 0), (-1, 0, 0), (-1, 0, 0), (-1, 0, 0), (-1, 0, 0), (-1, 0, 0), (-1, 0, 0), (-1, 0, 0), (-1, 0, 0), (-1, 0, 0), (-1, 0, 0), (-1, 0, 0), (-1, 0, 0), (-1, 0, 0), (-1, 0, 0), (-1, 0, 0), (-1, 0, 0), (-1, 0, 0), (-1, 0, 0), (-1, 0, 0), (-1, 0, 0), (-1, 0, 0), (-1, 0, 0), (-1, 0, 0), (-1, 0, 0), (-1, 0, 0), (-1, 0, 0), (-1, 0, 0), (-1, 0, 0), (-1, 0, 0), (-1, 0, 0), (-1, 0, 0), (-1, 0, 0), (-1, 0, 0), (-1, 0, 0), (-1, 0, 0), (-1, 0, 0), (-1, 0, 0), (-1, 0, 0), (-1, 0, 0), (-1, 0, 0), (-1, 0, 0), (-1, 0, 0), (-1, 0, 0), (-1, 0, 0), (-1, 0, 0), (-1, 0, 0), (-1, 0, 0), (-1, 0, 0), (-1, 0, 0), (-1, 0, 0), (-1, 0, 0), (-1, 0, 0), (-1, 0, 0), (-1, 0, 0), (-1, 0, 0), (1, 0, 0), (1, 0, 0), (1, 0, 0), (1, 0, 0), (1, 0, 0), (1, 0, 0), (1, 0, 0), (1, 0, 0), (1, 0, 0), (1, 0, 0), (1, 0, 0), (1, 0, 0), (1, 0, 0), (1, 0, 0), (1, 0, 0), (1, 0, 0), (1, 0, 0), (1, 0, 0), (1, 0, 0), (1, 0, 0), (1, 0, 0), (1, 0, 0), (1, 0, 0), (1, 0, 0), (1, 0, 0), (1, 0, 0), (1, 0, 0), (1, 0, 0), (1, 0, 0), (1, 0, 0), (1, 0, 0), (1, 0, 0), (1, 0, 0), (1, 0, 0), (1, 0, 0), (1, 0, 0), (1, 0, 0), (1, 0, 0), (1, 0, 0), (1, 0, 0), (1, 0, 0), (1, 0, 0), (1, 0, 0), (1, 0, 0), (1, 0, 0), (1, 0, 0), (1, 0, 0), (1, 0, 0), (1, 0, 0), (1, 0, 0), (1, 0, 0), (1, 0, 0), (1, 0, 0), (1, 0, 0), (1, 0, 0), (1, 0, 0), (1, 0, 0), (1, 0, 0), (1, 0, 0), (1, 0, 0), (1, 0, 0), (1, 0, 0), (1, 0, 0), (1, 0, 0), (1, 0, 0), (1, 0, 0), (1, 0, 0), (1, 0, 0), (1, 0, 0), (1, 0, 0), (1, 0, 0), (1, 0, 0)] (interpolation = "vertex")
            float3[] extent = [(-0.1368, 0.0514, -0.008), (-0.0988, 0.0674, 0.008)]
            rel material:binding = </WorkbenchPart/Materials/accent_gear_retractable>
            texCoord2f[] primvars:st = [(6.677472, 0.8855064), (6.754354, 0.8753847), (6.830061, 0.8586007), (6.677472, 0.8855064), (6.830061, 0.8586007), (6.904018, 0.8352823), (6.677472, 0.8855064), (6.904018, 0.8352823), (6.975661, 0.8056069), (6.677472, 0.8855064), (6.975661, 0.8056069), (7.044444, 0.7698004), (6.677472, 0.8855064), (7.044444, 0.7698004), (7.109846, 0.7281352), (6.677472, 0.8855064), (7.109846, 0.7281352), (7.171367, 0.6809284), (6.677472, 0.8855064), (7.171367, 0.6809284), (7.228539, 0.6285394), (6.677472, 0.8855064), (7.228539, 0.6285394), (7.280928, 0.5713668), (6.677472, 0.8855064), (7.280928, 0.5713668), (7.328135, 0.5098457), (6.677472, 0.8855064), (7.328135, 0.5098457), (7.3698, 0.4444444), (6.677472, 0.8855064), (7.3698, 0.4444444), (7.405607, 0.3756607), (6.677472, 0.8855064), (7.405607, 0.3756607), (7.435282, 0.3040179), (6.677472, 0.8855064), (7.435282, 0.3040179), (7.458601, 0.2300614), (6.677472, 0.8855064), (7.458601, 0.2300614), (7.475385, 0.1543539), (6.677472, 0.8855064), (7.475385, 0.1543539), (7.485506, 0.07747177), (6.677472, 0.8855064), (7.485506, 0.07747177), (7.488889, -1.632862e-16), (6.677472, 0.8855064), (7.488889, -1.632862e-16), (7.485506, -0.07747177), (6.677472, 0.8855064), (7.485506, -0.07747177), (7.475385, -0.1543539), (6.677472, 0.8855064), (7.475385, -0.1543539), (7.458601, -0.2300614), (6.677472, 0.8855064), (7.458601, -0.2300614), (7.435282, -0.3040179), (6.677472, 0.8855064), (7.435282, -0.3040179), (7.405607, -0.3756607), (6.677472, 0.8855064), (7.405607, -0.3756607), (7.3698, -0.4444444), (6.677472, 0.8855064), (7.3698, -0.4444444), (7.328135, -0.5098457), (6.677472, 0.8855064), (7.328135, -0.5098457), (7.280928, -0.5713668), (6.677472, 0.8855064), (7.280928, -0.5713668), (7.228539, -0.6285394), (6.677472, 0.8855064), (7.228539, -0.6285394), (7.171367, -0.6809284), (6.677472, 0.8855064), (7.171367, -0.6809284), (7.109846, -0.7281352), (6.677472, 0.8855064), (7.109846, -0.7281352), (7.044444, -0.7698004), (6.677472, 0.8855064), (7.044444, -0.7698004), (6.975661, -0.8056069), (6.677472, 0.8855064), (6.975661, -0.8056069), (6.904018, -0.8352823), (6.677472, 0.8855064), (6.904018, -0.8352823), (6.830061, -0.8586007), (6.677472, 0.8855064), (6.830061, -0.8586007), (6.754354, -0.8753847), (6.677472, 0.8855064), (6.754354, -0.8753847), (6.677472, -0.8855064), (6.677472, 0.8855064), (6.677472, -0.8855064), (6.6, -0.8888889), (6.677472, 0.8855064), (6.6, -0.8888889), (6.522528, -0.8855064), (6.677472, 0.8855064), (6.522528, -0.8855064), (6.445646, -0.8753847), (6.677472, 0.8855064), (6.445646, -0.8753847), (6.369939, -0.8586007), (6.677472, 0.8855064), (6.369939, -0.8586007), (6.295982, -0.8352823), (6.677472, 0.8855064), (6.295982, -0.8352823), (6.224339, -0.8056069), (6.677472, 0.8855064), (6.224339, -0.8056069), (6.155556, -0.7698004), (6.677472, 0.8855064), (6.155556, -0.7698004), (6.090154, -0.7281352), (6.677472, 0.8855064), (6.090154, -0.7281352), (6.028633, -0.6809284), (6.677472, 0.8855064), (6.028633, -0.6809284), (5.971461, -0.6285394), (6.677472, 0.8855064), (5.971461, -0.6285394), (5.919072, -0.5713668), (6.677472, 0.8855064), (5.919072, -0.5713668), (5.871865, -0.5098457), (6.677472, 0.8855064), (5.871865, -0.5098457), (5.8302, -0.4444444), (6.677472, 0.8855064), (5.8302, -0.4444444), (5.794393, -0.3756607), (6.677472, 0.8855064), (5.794393, -0.3756607), (5.764718, -0.3040179), (6.677472, 0.8855064), (5.764718, -0.3040179), (5.741399, -0.2300614), (6.677472, 0.8855064), (5.741399, -0.2300614), (5.724615, -0.1543539), (6.677472, 0.8855064), (5.724615, -0.1543539), (5.714494, -0.07747177), (6.677472, 0.8855064), (5.714494, -0.07747177), (5.711111, 5.442875e-17), (6.677472, 0.8855064), (5.711111, 5.442875e-17), (5.714494, 0.07747177), (6.677472, 0.8855064), (5.714494, 0.07747177), (5.724615, 0.1543539), (6.677472, 0.8855064), (5.724615, 0.1543539), (5.741399, 0.2300614), (6.677472, 0.8855064), (5.741399, 0.2300614), (5.764718, 0.3040179), (6.677472, 0.8855064), (5.764718, 0.3040179), (5.794393, 0.3756607), (6.677472, 0.8855064), (5.794393, 0.3756607), (5.8302, 0.4444444), (6.677472, 0.8855064), (5.8302, 0.4444444), (5.871865, 0.5098457), (6.677472, 0.8855064), (5.871865, 0.5098457), (5.919072, 0.5713668), (6.677472, 0.8855064), (5.919072, 0.5713668), (5.971461, 0.6285394), (6.677472, 0.8855064), (5.971461, 0.6285394), (6.028633, 0.6809284), (6.677472, 0.8855064), (6.028633, 0.6809284), (6.090154, 0.7281352), (6.677472, 0.8855064), (6.090154, 0.7281352), (6.155556, 0.7698004), (6.677472, 0.8855064), (6.155556, 0.7698004), (6.224339, 0.8056069), (6.677472, 0.8855064), (6.224339, 0.8056069), (6.295982, 0.8352823), (6.677472, 0.8855064), (6.295982, 0.8352823), (6.369939, 0.8586007), (6.677472, 0.8855064), (6.369939, 0.8586007), (6.445646, 0.8753847), (6.677472, 0.8855064), (6.445646, 0.8753847), (6.522528, 0.8855064), (6.677472, 0.8855064), (6.522528, 0.8855064), (6.6, 0.8888889), (6.6, 0.8888889), (6.522528, 0.8855064), (6.445646, 0.8753847), (6.6, 0.8888889), (6.445646, 0.8753847), (6.369939, 0.8586007), (6.6, 0.8888889), (6.369939, 0.8586007), (6.295982, 0.8352823), (6.6, 0.8888889), (6.295982, 0.8352823), (6.224339, 0.8056069), (6.6, 0.8888889), (6.224339, 0.8056069), (6.155556, 0.7698004), (6.6, 0.8888889), (6.155556, 0.7698004), (6.090154, 0.7281352), (6.6, 0.8888889), (6.090154, 0.7281352), (6.028633, 0.6809284), (6.6, 0.8888889), (6.028633, 0.6809284), (5.971461, 0.6285394), (6.6, 0.8888889), (5.971461, 0.6285394), (5.919072, 0.5713668), (6.6, 0.8888889), (5.919072, 0.5713668), (5.871865, 0.5098457), (6.6, 0.8888889), (5.871865, 0.5098457), (5.8302, 0.4444444), (6.6, 0.8888889), (5.8302, 0.4444444), (5.794393, 0.3756607), (6.6, 0.8888889), (5.794393, 0.3756607), (5.764718, 0.3040179), (6.6, 0.8888889), (5.764718, 0.3040179), (5.741399, 0.2300614), (6.6, 0.8888889), (5.741399, 0.2300614), (5.724615, 0.1543539), (6.6, 0.8888889), (5.724615, 0.1543539), (5.714494, 0.07747177), (6.6, 0.8888889), (5.714494, 0.07747177), (5.711111, 5.442875e-17), (6.6, 0.8888889), (5.711111, 5.442875e-17), (5.714494, -0.07747177), (6.6, 0.8888889), (5.714494, -0.07747177), (5.724615, -0.1543539), (6.6, 0.8888889), (5.724615, -0.1543539), (5.741399, -0.2300614), (6.6, 0.8888889), (5.741399, -0.2300614), (5.764718, -0.3040179), (6.6, 0.8888889), (5.764718, -0.3040179), (5.794393, -0.3756607), (6.6, 0.8888889), (5.794393, -0.3756607), (5.8302, -0.4444444), (6.6, 0.8888889), (5.8302, -0.4444444), (5.871865, -0.5098457), (6.6, 0.8888889), (5.871865, -0.5098457), (5.919072, -0.5713668), (6.6, 0.8888889), (5.919072, -0.5713668), (5.971461, -0.6285394), (6.6, 0.8888889), (5.971461, -0.6285394), (6.028633, -0.6809284), (6.6, 0.8888889), (6.028633, -0.6809284), (6.090154, -0.7281352), (6.6, 0.8888889), (6.090154, -0.7281352), (6.155556, -0.7698004), (6.6, 0.8888889), (6.155556, -0.7698004), (6.224339, -0.8056069), (6.6, 0.8888889), (6.224339, -0.8056069), (6.295982, -0.8352823), (6.6, 0.8888889), (6.295982, -0.8352823), (6.369939, -0.8586007), (6.6, 0.8888889), (6.369939, -0.8586007), (6.445646, -0.8753847), (6.6, 0.8888889), (6.445646, -0.8753847), (6.522528, -0.8855064), (6.6, 0.8888889), (6.522528, -0.8855064), (6.6, -0.8888889), (6.6, 0.8888889), (6.6, -0.8888889), (6.677472, -0.8855064), (6.6, 0.8888889), (6.677472, -0.8855064), (6.754354, -0.8753847), (6.6, 0.8888889), (6.754354, -0.8753847), (6.830061, -0.8586007), (6.6, 0.8888889), (6.830061, -0.8586007), (6.904018, -0.8352823), (6.6, 0.8888889), (6.904018, -0.8352823), (6.975661, -0.8056069), (6.6, 0.8888889), (6.975661, -0.8056069), (7.044444, -0.7698004), (6.6, 0.8888889), (7.044444, -0.7698004), (7.109846, -0.7281352), (6.6, 0.8888889), (7.109846, -0.7281352), (7.171367, -0.6809284), (6.6, 0.8888889), (7.171367, -0.6809284), (7.228539, -0.6285394), (6.6, 0.8888889), (7.228539, -0.6285394), (7.280928, -0.5713668), (6.6, 0.8888889), (7.280928, -0.5713668), (7.328135, -0.5098457), (6.6, 0.8888889), (7.328135, -0.5098457), (7.3698, -0.4444444), (6.6, 0.8888889), (7.3698, -0.4444444), (7.405607, -0.3756607), (6.6, 0.8888889), (7.405607, -0.3756607), (7.435282, -0.3040179), (6.6, 0.8888889), (7.435282, -0.3040179), (7.458601, -0.2300614), (6.6, 0.8888889), (7.458601, -0.2300614), (7.475385, -0.1543539), (6.6, 0.8888889), (7.475385, -0.1543539), (7.485506, -0.07747177), (6.6, 0.8888889), (7.485506, -0.07747177), (7.488889, -1.632862e-16), (6.6, 0.8888889), (7.488889, -1.632862e-16), (7.485506, 0.07747177), (6.6, 0.8888889), (7.485506, 0.07747177), (7.475385, 0.1543539), (6.6, 0.8888889), (7.475385, 0.1543539), (7.458601, 0.2300614), (6.6, 0.8888889), (7.458601, 0.2300614), (7.435282, 0.3040179), (6.6, 0.8888889), (7.435282, 0.3040179), (7.405607, 0.3756607), (6.6, 0.8888889), (7.405607, 0.3756607), (7.3698, 0.4444444), (6.6, 0.8888889), (7.3698, 0.4444444), (7.328135, 0.5098457), (6.6, 0.8888889), (7.328135, 0.5098457), (7.280928, 0.5713668), (6.6, 0.8888889), (7.280928, 0.5713668), (7.228539, 0.6285394), (6.6, 0.8888889), (7.228539, 0.6285394), (7.171367, 0.6809284), (6.6, 0.8888889), (7.171367, 0.6809284), (7.109846, 0.7281352), (6.6, 0.8888889), (7.109846, 0.7281352), (7.044444, 0.7698004), (6.6, 0.8888889), (7.044444, 0.7698004), (6.975661, 0.8056069), (6.6, 0.8888889), (6.975661, 0.8056069), (6.904018, 0.8352823), (6.6, 0.8888889), (6.904018, 0.8352823), (6.830061, 0.8586007), (6.6, 0.8888889), (6.830061, 0.8586007), (6.754354, 0.8753847), (6.6, 0.8888889), (6.754354, 0.8753847), (6.677472, 0.8855064), (-15.2, 6.6), (-15.2, 6.522528), (-10.97778, 6.522528), (-15.2, 6.6), (-10.97778, 6.522528), (-10.97778, 6.6), (-15.2, 6.522528), (-15.2, 6.445646), (-10.97778, 6.445646), (-15.2, 6.522528), (-10.97778, 6.445646), (-10.97778, 6.522528), (-15.2, 6.445646), (-15.2, 6.369939), (-10.97778, 6.369939), (-15.2, 6.445646), (-10.97778, 6.369939), (-10.97778, 6.445646), (-15.2, 6.369939), (-15.2, 6.295982), (-10.97778, 6.295982), (-15.2, 6.369939), (-10.97778, 6.295982), (-10.97778, 6.369939), (-15.2, 6.295982), (-15.2, 6.224339), (-10.97778, 6.224339), (-15.2, 6.295982), (-10.97778, 6.224339), (-10.97778, 6.295982), (-15.2, 6.224339), (-15.2, 6.155556), (-10.97778, 6.155556), (-15.2, 6.224339), (-10.97778, 6.155556), (-10.97778, 6.224339), (-15.2, 6.155556), (-15.2, 6.090154), (-10.97778, 6.090154), (-15.2, 6.155556), (-10.97778, 6.090154), (-10.97778, 6.155556), (-15.2, 6.090154), (-15.2, 6.028633), (-10.97778, 6.028633), (-15.2, 6.090154), (-10.97778, 6.028633), (-10.97778, 6.090154), (-15.2, 6.028633), (-15.2, 5.971461), (-10.97778, 5.971461), (-15.2, 6.028633), (-10.97778, 5.971461), (-10.97778, 6.028633), (-15.2, 0.6285394), (-15.2, 0.5713668), (-10.97778, 0.5713668), (-15.2, 0.6285394), (-10.97778, 0.5713668), (-10.97778, 0.6285394), (-15.2, 0.5713668), (-15.2, 0.5098457), (-10.97778, 0.5098457), (-15.2, 0.5713668), (-10.97778, 0.5098457), (-10.97778, 0.5713668), (-15.2, 0.5098457), (-15.2, 0.4444444), (-10.97778, 0.4444444), (-15.2, 0.5098457), (-10.97778, 0.4444444), (-10.97778, 0.5098457), (-15.2, 0.4444444), (-15.2, 0.3756607), (-10.97778, 0.3756607), (-15.2, 0.4444444), (-10.97778, 0.3756607), (-10.97778, 0.4444444), (-15.2, 0.3756607), (-15.2, 0.3040179), (-10.97778, 0.3040179), (-15.2, 0.3756607), (-10.97778, 0.3040179), (-10.97778, 0.3756607), (-15.2, 0.3040179), (-15.2, 0.2300614), (-10.97778, 0.2300614), (-15.2, 0.3040179), (-10.97778, 0.2300614), (-10.97778, 0.3040179), (-15.2, 0.2300614), (-15.2, 0.1543539), (-10.97778, 0.1543539), (-15.2, 0.2300614), (-10.97778, 0.1543539), (-10.97778, 0.2300614), (-15.2, 0.1543539), (-15.2, 0.07747177), (-10.97778, 0.07747177), (-15.2, 0.1543539), (-10.97778, 0.07747177), (-10.97778, 0.1543539), (-15.2, 0.07747177), (-15.2, 5.442875e-17), (-10.97778, 5.442875e-17), (-15.2, 0.07747177), (-10.97778, 5.442875e-17), (-10.97778, 0.07747177), (-15.2, 5.442875e-17), (-15.2, -0.07747177), (-10.97778, -0.07747177), (-15.2, 5.442875e-17), (-10.97778, -0.07747177), (-10.97778, 5.442875e-17), (-15.2, -0.07747177), (-15.2, -0.1543539), (-10.97778, -0.1543539), (-15.2, -0.07747177), (-10.97778, -0.1543539), (-10.97778, -0.07747177), (-15.2, -0.1543539), (-15.2, -0.2300614), (-10.97778, -0.2300614), (-15.2, -0.1543539), (-10.97778, -0.2300614), (-10.97778, -0.1543539), (-15.2, -0.2300614), (-15.2, -0.3040179), (-10.97778, -0.3040179), (-15.2, -0.2300614), (-10.97778, -0.3040179), (-10.97778, -0.2300614), (-15.2, -0.3040179), (-15.2, -0.3756607), (-10.97778, -0.3756607), (-15.2, -0.3040179), (-10.97778, -0.3756607), (-10.97778, -0.3040179), (-15.2, -0.3756607), (-15.2, -0.4444444), (-10.97778, -0.4444444), (-15.2, -0.3756607), (-10.97778, -0.4444444), (-10.97778, -0.3756607), (-15.2, -0.4444444), (-15.2, -0.5098457), (-10.97778, -0.5098457), (-15.2, -0.4444444), (-10.97778, -0.5098457), (-10.97778, -0.4444444), (-15.2, -0.5098457), (-15.2, -0.5713668), (-10.97778, -0.5713668), (-15.2, -0.5098457), (-10.97778, -0.5713668), (-10.97778, -0.5098457), (-15.2, -0.5713668), (-15.2, -0.6285394), (-10.97778, -0.6285394), (-15.2, -0.5713668), (-10.97778, -0.6285394), (-10.97778, -0.5713668), (-15.2, 5.971461), (-15.2, 6.028633), (-10.97778, 6.028633), (-15.2, 5.971461), (-10.97778, 6.028633), (-10.97778, 5.971461), (-15.2, 6.028633), (-15.2, 6.090154), (-10.97778, 6.090154), (-15.2, 6.028633), (-10.97778, 6.090154), (-10.97778, 6.028633), (-15.2, 6.090154), (-15.2, 6.155556), (-10.97778, 6.155556), (-15.2, 6.090154), (-10.97778, 6.155556), (-10.97778, 6.090154), (-15.2, 6.155556), (-15.2, 6.224339), (-10.97778, 6.224339), (-15.2, 6.155556), (-10.97778, 6.224339), (-10.97778, 6.155556), (-15.2, 6.224339), (-15.2, 6.295982), (-10.97778, 6.295982), (-15.2, 6.224339), (-10.97778, 6.295982), (-10.97778, 6.224339), (-15.2, 6.295982), (-15.2, 6.369939), (-10.97778, 6.369939), (-15.2, 6.295982), (-10.97778, 6.369939), (-10.97778, 6.295982), (-15.2, 6.369939), (-15.2, 6.445646), (-10.97778, 6.445646), (-15.2, 6.369939), (-10.97778, 6.445646), (-10.97778, 6.369939), (-15.2, 6.445646), (-15.2, 6.522528), (-10.97778, 6.522528), (-15.2, 6.445646), (-10.97778, 6.522528), (-10.97778, 6.445646), (-15.2, 6.522528), (-15.2, 6.6), (-10.97778, 6.6), (-15.2, 6.522528), (-10.97778, 6.6), (-10.97778, 6.522528), (-15.2, 6.6), (-15.2, 6.677472), (-10.97778, 6.677472), (-15.2, 6.6), (-10.97778, 6.677472), (-10.97778, 6.6), (-15.2, 6.677472), (-15.2, 6.754354), (-10.97778, 6.754354), (-15.2, 6.677472), (-10.97778, 6.754354), (-10.97778, 6.677472), (-15.2, 6.754354), (-15.2, 6.830061), (-10.97778, 6.830061), (-15.2, 6.754354), (-10.97778, 6.830061), (-10.97778, 6.754354), (-15.2, 6.830061), (-15.2, 6.904018), (-10.97778, 6.904018), (-15.2, 6.830061), (-10.97778, 6.904018), (-10.97778, 6.830061), (-15.2, 6.904018), (-15.2, 6.975661), (-10.97778, 6.975661), (-15.2, 6.904018), (-10.97778, 6.975661), (-10.97778, 6.904018), (-15.2, 6.975661), (-15.2, 7.044444), (-10.97778, 7.044444), (-15.2, 6.975661), (-10.97778, 7.044444), (-10.97778, 6.975661), (-15.2, 7.044444), (-15.2, 7.109846), (-10.97778, 7.109846), (-15.2, 7.044444), (-10.97778, 7.109846), (-10.97778, 7.044444), (-15.2, 7.109846), (-15.2, 7.171367), (-10.97778, 7.171367), (-15.2, 7.109846), (-10.97778, 7.171367), (-10.97778, 7.109846), (-15.2, 7.171367), (-15.2, 7.228539), (-10.97778, 7.228539), (-15.2, 7.171367), (-10.97778, 7.228539), (-10.97778, 7.171367), (-15.2, -0.6285394), (-15.2, -0.5713668), (-10.97778, -0.5713668), (-15.2, -0.6285394), (-10.97778, -0.5713668), (-10.97778, -0.6285394), (-15.2, -0.5713668), (-15.2, -0.5098457), (-10.97778, -0.5098457), (-15.2, -0.5713668), (-10.97778, -0.5098457), (-10.97778, -0.5713668), (-15.2, -0.5098457), (-15.2, -0.4444444), (-10.97778, -0.4444444), (-15.2, -0.5098457), (-10.97778, -0.4444444), (-10.97778, -0.5098457), (-15.2, -0.4444444), (-15.2, -0.3756607), (-10.97778, -0.3756607), (-15.2, -0.4444444), (-10.97778, -0.3756607), (-10.97778, -0.4444444), (-15.2, -0.3756607), (-15.2, -0.3040179), (-10.97778, -0.3040179), (-15.2, -0.3756607), (-10.97778, -0.3040179), (-10.97778, -0.3756607), (-15.2, -0.3040179), (-15.2, -0.2300614), (-10.97778, -0.2300614), (-15.2, -0.3040179), (-10.97778, -0.2300614), (-10.97778, -0.3040179), (-15.2, -0.2300614), (-15.2, -0.1543539), (-10.97778, -0.1543539), (-15.2, -0.2300614), (-10.97778, -0.1543539), (-10.97778, -0.2300614), (-15.2, -0.1543539), (-15.2, -0.07747177), (-10.97778, -0.07747177), (-15.2, -0.1543539), (-10.97778, -0.07747177), (-10.97778, -0.1543539), (-15.2, -0.07747177), (-15.2, -1.632862e-16), (-10.97778, -1.632862e-16), (-15.2, -0.07747177), (-10.97778, -1.632862e-16), (-10.97778, -0.07747177), (-15.2, -1.632862e-16), (-15.2, 0.07747177), (-10.97778, 0.07747177), (-15.2, -1.632862e-16), (-10.97778, 0.07747177), (-10.97778, -1.632862e-16), (-15.2, 0.07747177), (-15.2, 0.1543539), (-10.97778, 0.1543539), (-15.2, 0.07747177), (-10.97778, 0.1543539), (-10.97778, 0.07747177), (-15.2, 0.1543539), (-15.2, 0.2300614), (-10.97778, 0.2300614), (-15.2, 0.1543539), (-10.97778, 0.2300614), (-10.97778, 0.1543539), (-15.2, 0.2300614), (-15.2, 0.3040179), (-10.97778, 0.3040179), (-15.2, 0.2300614), (-10.97778, 0.3040179), (-10.97778, 0.2300614), (-15.2, 0.3040179), (-15.2, 0.3756607), (-10.97778, 0.3756607), (-15.2, 0.3040179), (-10.97778, 0.3756607), (-10.97778, 0.3040179), (-15.2, 0.3756607), (-15.2, 0.4444444), (-10.97778, 0.4444444), (-15.2, 0.3756607), (-10.97778, 0.4444444), (-10.97778, 0.3756607), (-15.2, 0.4444444), (-15.2, 0.5098457), (-10.97778, 0.5098457), (-15.2, 0.4444444), (-10.97778, 0.5098457), (-10.97778, 0.4444444), (-15.2, 0.5098457), (-15.2, 0.5713668), (-10.97778, 0.5713668), (-15.2, 0.5098457), (-10.97778, 0.5713668), (-10.97778, 0.5098457), (-15.2, 0.5713668), (-15.2, 0.6285394), (-10.97778, 0.6285394), (-15.2, 0.5713668), (-10.97778, 0.6285394), (-10.97778, 0.5713668), (-15.2, 7.228539), (-15.2, 7.171367), (-10.97778, 7.171367), (-15.2, 7.228539), (-10.97778, 7.171367), (-10.97778, 7.228539), (-15.2, 7.171367), (-15.2, 7.109846), (-10.97778, 7.109846), (-15.2, 7.171367), (-10.97778, 7.109846), (-10.97778, 7.171367), (-15.2, 7.109846), (-15.2, 7.044444), (-10.97778, 7.044444), (-15.2, 7.109846), (-10.97778, 7.044444), (-10.97778, 7.109846), (-15.2, 7.044444), (-15.2, 6.975661), (-10.97778, 6.975661), (-15.2, 7.044444), (-10.97778, 6.975661), (-10.97778, 7.044444), (-15.2, 6.975661), (-15.2, 6.904018), (-10.97778, 6.904018), (-15.2, 6.975661), (-10.97778, 6.904018), (-10.97778, 6.975661), (-15.2, 6.904018), (-15.2, 6.830061), (-10.97778, 6.830061), (-15.2, 6.904018), (-10.97778, 6.830061), (-10.97778, 6.904018), (-15.2, 6.830061), (-15.2, 6.754354), (-10.97778, 6.754354), (-15.2, 6.830061), (-10.97778, 6.754354), (-10.97778, 6.830061), (-15.2, 6.754354), (-15.2, 6.677472), (-10.97778, 6.677472), (-15.2, 6.754354), (-10.97778, 6.677472), (-10.97778, 6.754354), (-15.2, 6.677472), (-15.2, 6.6), (-10.97778, 6.6), (-15.2, 6.677472), (-10.97778, 6.6), (-10.97778, 6.677472)] (interpolation = "faceVarying")
        }
        def Mesh "FastenerHead_01" (prepend apiSchemas = ["MaterialBindingAPI"])
        {
            uniform token subdivisionScheme = "none"
            uniform token orientation = "rightHanded"
            bool doubleSided = false
            point3f[] points = [(-0.138245, 0.0594, 0.00425), (-0.138245, 0.05857087, 0.004168337), (-0.138245, 0.0577736, 0.003926488), (-0.138245, 0.05703883, 0.003533746), (-0.138245, 0.0563948, 0.003005204), (-0.138245, 0.05586625, 0.002361173), (-0.138245, 0.05547351, 0.001626405), (-0.138245, 0.05523166, 0.0008291339), (-0.138245, 0.05515, 2.602374e-19), (-0.138245, 0.05523166, -0.0008291339), (-0.138245, 0.05547351, -0.001626405), (-0.138245, 0.05586625, -0.002361173), (-0.138245, 0.0563948, -0.003005204), (-0.138245, 0.05703883, -0.003533746), (-0.138245, 0.0577736, -0.003926488), (-0.138245, 0.05857087, -0.004168337), (-0.138245, 0.0594, -0.00425), (-0.138245, 0.06022913, -0.004168337), (-0.138245, 0.0610264, -0.003926488), (-0.138245, 0.06176117, -0.003533746), (-0.138245, 0.0624052, -0.003005204), (-0.138245, 0.06293375, -0.002361173), (-0.138245, 0.06332649, -0.001626405), (-0.138245, 0.06356834, -0.0008291339), (-0.138245, 0.06365, -7.807123e-19), (-0.138245, 0.06356834, 0.0008291339), (-0.138245, 0.06332649, 0.001626405), (-0.138245, 0.06293375, 0.002361173), (-0.138245, 0.0624052, 0.003005204), (-0.138245, 0.06176117, 0.003533746), (-0.138245, 0.0610264, 0.003926488), (-0.138245, 0.06022913, 0.004168337), (-0.136715, 0.0594, 0.00425), (-0.136715, 0.05857087, 0.004168337), (-0.136715, 0.0577736, 0.003926488), (-0.136715, 0.05703883, 0.003533746), (-0.136715, 0.0563948, 0.003005204), (-0.136715, 0.05586625, 0.002361173), (-0.136715, 0.05547351, 0.001626405), (-0.136715, 0.05523166, 0.0008291339), (-0.136715, 0.05515, 2.602374e-19), (-0.136715, 0.05523166, -0.0008291339), (-0.136715, 0.05547351, -0.001626405), (-0.136715, 0.05586625, -0.002361173), (-0.136715, 0.0563948, -0.003005204), (-0.136715, 0.05703883, -0.003533746), (-0.136715, 0.0577736, -0.003926488), (-0.136715, 0.05857087, -0.004168337), (-0.136715, 0.0594, -0.00425), (-0.136715, 0.06022913, -0.004168337), (-0.136715, 0.0610264, -0.003926488), (-0.136715, 0.06176117, -0.003533746), (-0.136715, 0.0624052, -0.003005204), (-0.136715, 0.06293375, -0.002361173), (-0.136715, 0.06332649, -0.001626405), (-0.136715, 0.06356834, -0.0008291339), (-0.136715, 0.06365, -7.807123e-19), (-0.136715, 0.06356834, 0.0008291339), (-0.136715, 0.06332649, 0.001626405), (-0.136715, 0.06293375, 0.002361173), (-0.136715, 0.0624052, 0.003005204), (-0.136715, 0.06176117, 0.003533746), (-0.136715, 0.0610264, 0.003926488), (-0.136715, 0.06022913, 0.004168337), (-0.138245, 0.0594, 0.00425), (-0.138245, 0.05857087, 0.004168337), (-0.138245, 0.0577736, 0.003926488), (-0.138245, 0.05703883, 0.003533746), (-0.138245, 0.0563948, 0.003005204), (-0.138245, 0.05586625, 0.002361173), (-0.138245, 0.05547351, 0.001626405), (-0.138245, 0.05523166, 0.0008291339), (-0.138245, 0.05515, 2.602374e-19), (-0.138245, 0.05523166, -0.0008291339), (-0.138245, 0.05547351, -0.001626405), (-0.138245, 0.05586625, -0.002361173), (-0.138245, 0.0563948, -0.003005204), (-0.138245, 0.05703883, -0.003533746), (-0.138245, 0.0577736, -0.003926488), (-0.138245, 0.05857087, -0.004168337), (-0.138245, 0.0594, -0.00425), (-0.138245, 0.06022913, -0.004168337), (-0.138245, 0.0610264, -0.003926488), (-0.138245, 0.06176117, -0.003533746), (-0.138245, 0.0624052, -0.003005204), (-0.138245, 0.06293375, -0.002361173), (-0.138245, 0.06332649, -0.001626405), (-0.138245, 0.06356834, -0.0008291339), (-0.138245, 0.06365, -7.807123e-19), (-0.138245, 0.06356834, 0.0008291339), (-0.138245, 0.06332649, 0.001626405), (-0.138245, 0.06293375, 0.002361173), (-0.138245, 0.0624052, 0.003005204), (-0.138245, 0.06176117, 0.003533746), (-0.138245, 0.0610264, 0.003926488), (-0.138245, 0.06022913, 0.004168337), (-0.136715, 0.0594, 0.00425), (-0.136715, 0.05857087, 0.004168337), (-0.136715, 0.0577736, 0.003926488), (-0.136715, 0.05703883, 0.003533746), (-0.136715, 0.0563948, 0.003005204), (-0.136715, 0.05586625, 0.002361173), (-0.136715, 0.05547351, 0.001626405), (-0.136715, 0.05523166, 0.0008291339), (-0.136715, 0.05515, 2.602374e-19), (-0.136715, 0.05523166, -0.0008291339), (-0.136715, 0.05547351, -0.001626405), (-0.136715, 0.05586625, -0.002361173), (-0.136715, 0.0563948, -0.003005204), (-0.136715, 0.05703883, -0.003533746), (-0.136715, 0.0577736, -0.003926488), (-0.136715, 0.05857087, -0.004168337), (-0.136715, 0.0594, -0.00425), (-0.136715, 0.06022913, -0.004168337), (-0.136715, 0.0610264, -0.003926488), (-0.136715, 0.06176117, -0.003533746), (-0.136715, 0.0624052, -0.003005204), (-0.136715, 0.06293375, -0.002361173), (-0.136715, 0.06332649, -0.001626405), (-0.136715, 0.06356834, -0.0008291339), (-0.136715, 0.06365, -7.807123e-19), (-0.136715, 0.06356834, 0.0008291339), (-0.136715, 0.06332649, 0.001626405), (-0.136715, 0.06293375, 0.002361173), (-0.136715, 0.0624052, 0.003005204), (-0.136715, 0.06176117, 0.003533746), (-0.136715, 0.0610264, 0.003926488), (-0.136715, 0.06022913, 0.004168337)]
            int[] faceVertexCounts = [3, 3, 3, 3, 3, 3, 3, 3, 3, 3, 3, 3, 3, 3, 3, 3, 3, 3, 3, 3, 3, 3, 3, 3, 3, 3, 3, 3, 3, 3, 3, 3, 3, 3, 3, 3, 3, 3, 3, 3, 3, 3, 3, 3, 3, 3, 3, 3, 3, 3, 3, 3, 3, 3, 3, 3, 3, 3, 3, 3, 3, 3, 3, 3, 3, 3, 3, 3, 3, 3, 3, 3, 3, 3, 3, 3, 3, 3, 3, 3, 3, 3, 3, 3, 3, 3, 3, 3, 3, 3, 3, 3, 3, 3, 3, 3, 3, 3, 3, 3, 3, 3, 3, 3, 3, 3, 3, 3, 3, 3, 3, 3, 3, 3, 3, 3, 3, 3, 3, 3, 3, 3, 3, 3]
            int[] faceVertexIndices = [95, 94, 93, 95, 93, 92, 95, 92, 91, 95, 91, 90, 95, 90, 89, 95, 89, 88, 95, 88, 87, 95, 87, 86, 95, 86, 85, 95, 85, 84, 95, 84, 83, 95, 83, 82, 95, 82, 81, 95, 81, 80, 95, 80, 79, 95, 79, 78, 95, 78, 77, 95, 77, 76, 95, 76, 75, 95, 75, 74, 95, 74, 73, 95, 73, 72, 95, 72, 71, 95, 71, 70, 95, 70, 69, 95, 69, 68, 95, 68, 67, 95, 67, 66, 95, 66, 65, 95, 65, 64, 96, 97, 98, 96, 98, 99, 96, 99, 100, 96, 100, 101, 96, 101, 102, 96, 102, 103, 96, 103, 104, 96, 104, 105, 96, 105, 106, 96, 106, 107, 96, 107, 108, 96, 108, 109, 96, 109, 110, 96, 110, 111, 96, 111, 112, 96, 112, 113, 96, 113, 114, 96, 114, 115, 96, 115, 116, 96, 116, 117, 96, 117, 118, 96, 118, 119, 96, 119, 120, 96, 120, 121, 96, 121, 122, 96, 122, 123, 96, 123, 124, 96, 124, 125, 96, 125, 126, 96, 126, 127, 0, 1, 33, 0, 33, 32, 1, 2, 34, 1, 34, 33, 2, 3, 35, 2, 35, 34, 3, 4, 36, 3, 36, 35, 4, 5, 37, 4, 37, 36, 5, 6, 38, 5, 38, 37, 6, 7, 39, 6, 39, 38, 7, 8, 40, 7, 40, 39, 8, 9, 41, 8, 41, 40, 9, 10, 42, 9, 42, 41, 10, 11, 43, 10, 43, 42, 11, 12, 44, 11, 44, 43, 12, 13, 45, 12, 45, 44, 13, 14, 46, 13, 46, 45, 14, 15, 47, 14, 47, 46, 15, 16, 48, 15, 48, 47, 16, 17, 49, 16, 49, 48, 17, 18, 50, 17, 50, 49, 18, 19, 51, 18, 51, 50, 19, 20, 52, 19, 52, 51, 20, 21, 53, 20, 53, 52, 21, 22, 54, 21, 54, 53, 22, 23, 55, 22, 55, 54, 23, 24, 56, 23, 56, 55, 24, 25, 57, 24, 57, 56, 25, 26, 58, 25, 58, 57, 26, 27, 59, 26, 59, 58, 27, 28, 60, 27, 60, 59, 28, 29, 61, 28, 61, 60, 29, 30, 62, 29, 62, 61, 30, 31, 63, 30, 63, 62, 31, 0, 32, 31, 32, 63]
            normal3f[] normals = [(0, -0.03281279, 0.9994615), (0, -0.2271676, 0.9738557), (0, -0.4127924, 0.9108251), (0, -0.5825539, 0.8127921), (0, -0.7299282, 0.6835239), (0, -0.8492517, 0.5279882), (0, -0.9359389, 0.3521623), (0, -0.9866586, 0.162803), (0, -0.9994615, -0.03281279), (0, -0.9738557, -0.2271676), (0, -0.9108251, -0.4127924), (0, -0.8127921, -0.5825539), (0, -0.6835239, -0.7299282), (0, -0.5279882, -0.8492517), (0, -0.3521623, -0.9359389), (0, -0.162803, -0.9866586), (0, 0.03281279, -0.9994615), (0, 0.2271676, -0.9738557), (0, 0.4127924, -0.9108251), (0, 0.5825539, -0.8127921), (0, 0.7299282, -0.6835239), (0, 0.8492517, -0.5279882), (0, 0.9359389, -0.3521623), (0, 0.9866586, -0.162803), (0, 0.9994615, 0.03281279), (0, 0.9738557, 0.2271676), (0, 0.9108251, 0.4127924), (0, 0.8127921, 0.5825539), (0, 0.6835239, 0.7299282), (0, 0.5279882, 0.8492517), (0, 0.3521623, 0.9359389), (0, 0.162803, 0.9866586), (0, 0.03281279, 0.9994615), (0, -0.162803, 0.9866586), (0, -0.3521623, 0.9359389), (0, -0.5279882, 0.8492517), (0, -0.6835239, 0.7299282), (0, -0.8127921, 0.5825539), (0, -0.9108251, 0.4127924), (0, -0.9738557, 0.2271676), (0, -0.9994615, 0.03281279), (0, -0.9866586, -0.162803), (0, -0.9359389, -0.3521623), (0, -0.8492517, -0.5279882), (0, -0.7299282, -0.6835239), (0, -0.5825539, -0.8127921), (0, -0.4127924, -0.9108251), (0, -0.2271676, -0.9738557), (0, -0.03281279, -0.9994615), (0, 0.162803, -0.9866586), (0, 0.3521623, -0.9359389), (0, 0.5279882, -0.8492517), (0, 0.6835239, -0.7299282), (0, 0.8127921, -0.5825539), (0, 0.9108251, -0.4127924), (0, 0.9738557, -0.2271676), (0, 0.9994615, -0.03281279), (0, 0.9866586, 0.162803), (0, 0.9359389, 0.3521623), (0, 0.8492517, 0.5279882), (0, 0.7299282, 0.6835239), (0, 0.5825539, 0.8127921), (0, 0.4127924, 0.9108251), (0, 0.2271676, 0.9738557), (-1, 0, 0), (-1, 0, 0), (-1, 0, 0), (-1, 0, 0), (-1, 0, 0), (-1, 0, 0), (-1, 0, 0), (-1, 0, 0), (-1, 0, 0), (-1, 0, 0), (-1, 0, 0), (-1, 0, 0), (-1, 0, 0), (-1, 0, 0), (-1, 0, 0), (-1, 0, 0), (-1, 0, 0), (-1, 0, 0), (-1, 0, 0), (-1, 0, 0), (-1, 0, 0), (-1, 0, 0), (-1, 0, 0), (-1, 0, 0), (-1, 0, 0), (-1, 0, 0), (-1, 0, 0), (-1, 0, 0), (-1, 0, 0), (-1, 0, 0), (-1, 0, 0), (-1, 0, 0), (1, 0, 0), (1, 0, 0), (1, 0, 0), (1, 0, 0), (1, 0, 0), (1, 0, 0), (1, 0, 0), (1, 0, 0), (1, 0, 0), (1, 0, 0), (1, 0, 0), (1, 0, 0), (1, 0, 0), (1, 0, 0), (1, 0, 0), (1, 0, 0), (1, 0, 0), (1, 0, 0), (1, 0, 0), (1, 0, 0), (1, 0, 0), (1, 0, 0), (1, 0, 0), (1, 0, 0), (1, 0, 0), (1, 0, 0), (1, 0, 0), (1, 0, 0), (1, 0, 0), (1, 0, 0), (1, 0, 0), (1, 0, 0)] (interpolation = "vertex")
            float3[] extent = [(-0.138245, 0.05515, -0.00425), (-0.136715, 0.06365, 0.00425)]
            rel material:binding = </WorkbenchPart/Materials/steel>
            texCoord2f[] primvars:st = [(6.692126, 0.4631486), (6.780712, 0.4362764), (6.862353, 0.3926384), (6.692126, 0.4631486), (6.862353, 0.3926384), (6.933912, 0.3339115), (6.692126, 0.4631486), (6.933912, 0.3339115), (6.992638, 0.2623526), (6.692126, 0.4631486), (6.992638, 0.2623526), (7.036276, 0.1807116), (6.692126, 0.4631486), (7.036276, 0.1807116), (7.063149, 0.09212599), (6.692126, 0.4631486), (7.063149, 0.09212599), (7.072222, -8.674581e-17), (6.692126, 0.4631486), (7.072222, -8.674581e-17), (7.063149, -0.09212599), (6.692126, 0.4631486), (7.063149, -0.09212599), (7.036276, -0.1807116), (6.692126, 0.4631486), (7.036276, -0.1807116), (6.992638, -0.2623526), (6.692126, 0.4631486), (6.992638, -0.2623526), (6.933912, -0.3339115), (6.692126, 0.4631486), (6.933912, -0.3339115), (6.862353, -0.3926384), (6.692126, 0.4631486), (6.862353, -0.3926384), (6.780712, -0.4362764), (6.692126, 0.4631486), (6.780712, -0.4362764), (6.692126, -0.4631486), (6.692126, 0.4631486), (6.692126, -0.4631486), (6.6, -0.4722222), (6.692126, 0.4631486), (6.6, -0.4722222), (6.507874, -0.4631486), (6.692126, 0.4631486), (6.507874, -0.4631486), (6.419288, -0.4362764), (6.692126, 0.4631486), (6.419288, -0.4362764), (6.337647, -0.3926384), (6.692126, 0.4631486), (6.337647, -0.3926384), (6.266088, -0.3339115), (6.692126, 0.4631486), (6.266088, -0.3339115), (6.207362, -0.2623526), (6.692126, 0.4631486), (6.207362, -0.2623526), (6.163724, -0.1807116), (6.692126, 0.4631486), (6.163724, -0.1807116), (6.136851, -0.09212599), (6.692126, 0.4631486), (6.136851, -0.09212599), (6.127778, 2.891527e-17), (6.692126, 0.4631486), (6.127778, 2.891527e-17), (6.136851, 0.09212599), (6.692126, 0.4631486), (6.136851, 0.09212599), (6.163724, 0.1807116), (6.692126, 0.4631486), (6.163724, 0.1807116), (6.207362, 0.2623526), (6.692126, 0.4631486), (6.207362, 0.2623526), (6.266088, 0.3339115), (6.692126, 0.4631486), (6.266088, 0.3339115), (6.337647, 0.3926384), (6.692126, 0.4631486), (6.337647, 0.3926384), (6.419288, 0.4362764), (6.692126, 0.4631486), (6.419288, 0.4362764), (6.507874, 0.4631486), (6.692126, 0.4631486), (6.507874, 0.4631486), (6.6, 0.4722222), (6.6, 0.4722222), (6.507874, 0.4631486), (6.419288, 0.4362764), (6.6, 0.4722222), (6.419288, 0.4362764), (6.337647, 0.3926384), (6.6, 0.4722222), (6.337647, 0.3926384), (6.266088, 0.3339115), (6.6, 0.4722222), (6.266088, 0.3339115), (6.207362, 0.2623526), (6.6, 0.4722222), (6.207362, 0.2623526), (6.163724, 0.1807116), (6.6, 0.4722222), (6.163724, 0.1807116), (6.136851, 0.09212599), (6.6, 0.4722222), (6.136851, 0.09212599), (6.127778, 2.891527e-17), (6.6, 0.4722222), (6.127778, 2.891527e-17), (6.136851, -0.09212599), (6.6, 0.4722222), (6.136851, -0.09212599), (6.163724, -0.1807116), (6.6, 0.4722222), (6.163724, -0.1807116), (6.207362, -0.2623526), (6.6, 0.4722222), (6.207362, -0.2623526), (6.266088, -0.3339115), (6.6, 0.4722222), (6.266088, -0.3339115), (6.337647, -0.3926384), (6.6, 0.4722222), (6.337647, -0.3926384), (6.419288, -0.4362764), (6.6, 0.4722222), (6.419288, -0.4362764), (6.507874, -0.4631486), (6.6, 0.4722222), (6.507874, -0.4631486), (6.6, -0.4722222), (6.6, 0.4722222), (6.6, -0.4722222), (6.692126, -0.4631486), (6.6, 0.4722222), (6.692126, -0.4631486), (6.780712, -0.4362764), (6.6, 0.4722222), (6.780712, -0.4362764), (6.862353, -0.3926384), (6.6, 0.4722222), (6.862353, -0.3926384), (6.933912, -0.3339115), (6.6, 0.4722222), (6.933912, -0.3339115), (6.992638, -0.2623526), (6.6, 0.4722222), (6.992638, -0.2623526), (7.036276, -0.1807116), (6.6, 0.4722222), (7.036276, -0.1807116), (7.063149, -0.09212599), (6.6, 0.4722222), (7.063149, -0.09212599), (7.072222, -8.674581e-17), (6.6, 0.4722222), (7.072222, -8.674581e-17), (7.063149, 0.09212599), (6.6, 0.4722222), (7.063149, 0.09212599), (7.036276, 0.1807116), (6.6, 0.4722222), (7.036276, 0.1807116), (6.992638, 0.2623526), (6.6, 0.4722222), (6.992638, 0.2623526), (6.933912, 0.3339115), (6.6, 0.4722222), (6.933912, 0.3339115), (6.862353, 0.3926384), (6.6, 0.4722222), (6.862353, 0.3926384), (6.780712, 0.4362764), (6.6, 0.4722222), (6.780712, 0.4362764), (6.692126, 0.4631486), (-15.36056, 6.6), (-15.36056, 6.507874), (-15.19056, 6.507874), (-15.36056, 6.6), (-15.19056, 6.507874), (-15.19056, 6.6), (-15.36056, 6.507874), (-15.36056, 6.419288), (-15.19056, 6.419288), (-15.36056, 6.507874), (-15.19056, 6.419288), (-15.19056, 6.507874), (-15.36056, 6.419288), (-15.36056, 6.337647), (-15.19056, 6.337647), (-15.36056, 6.419288), (-15.19056, 6.337647), (-15.19056, 6.419288), (-15.36056, 6.337647), (-15.36056, 6.266088), (-15.19056, 6.266088), (-15.36056, 6.337647), (-15.19056, 6.266088), (-15.19056, 6.337647), (-15.36056, 0.3339115), (-15.36056, 0.2623526), (-15.19056, 0.2623526), (-15.36056, 0.3339115), (-15.19056, 0.2623526), (-15.19056, 0.3339115), (-15.36056, 0.2623526), (-15.36056, 0.1807116), (-15.19056, 0.1807116), (-15.36056, 0.2623526), (-15.19056, 0.1807116), (-15.19056, 0.2623526), (-15.36056, 0.1807116), (-15.36056, 0.09212599), (-15.19056, 0.09212599), (-15.36056, 0.1807116), (-15.19056, 0.09212599), (-15.19056, 0.1807116), (-15.36056, 0.09212599), (-15.36056, 2.891527e-17), (-15.19056, 2.891527e-17), (-15.36056, 0.09212599), (-15.19056, 2.891527e-17), (-15.19056, 0.09212599), (-15.36056, 2.891527e-17), (-15.36056, -0.09212599), (-15.19056, -0.09212599), (-15.36056, 2.891527e-17), (-15.19056, -0.09212599), (-15.19056, 2.891527e-17), (-15.36056, -0.09212599), (-15.36056, -0.1807116), (-15.19056, -0.1807116), (-15.36056, -0.09212599), (-15.19056, -0.1807116), (-15.19056, -0.09212599), (-15.36056, -0.1807116), (-15.36056, -0.2623526), (-15.19056, -0.2623526), (-15.36056, -0.1807116), (-15.19056, -0.2623526), (-15.19056, -0.1807116), (-15.36056, -0.2623526), (-15.36056, -0.3339115), (-15.19056, -0.3339115), (-15.36056, -0.2623526), (-15.19056, -0.3339115), (-15.19056, -0.2623526), (-15.36056, 6.266088), (-15.36056, 6.337647), (-15.19056, 6.337647), (-15.36056, 6.266088), (-15.19056, 6.337647), (-15.19056, 6.266088), (-15.36056, 6.337647), (-15.36056, 6.419288), (-15.19056, 6.419288), (-15.36056, 6.337647), (-15.19056, 6.419288), (-15.19056, 6.337647), (-15.36056, 6.419288), (-15.36056, 6.507874), (-15.19056, 6.507874), (-15.36056, 6.419288), (-15.19056, 6.507874), (-15.19056, 6.419288), (-15.36056, 6.507874), (-15.36056, 6.6), (-15.19056, 6.6), (-15.36056, 6.507874), (-15.19056, 6.6), (-15.19056, 6.507874), (-15.36056, 6.6), (-15.36056, 6.692126), (-15.19056, 6.692126), (-15.36056, 6.6), (-15.19056, 6.692126), (-15.19056, 6.6), (-15.36056, 6.692126), (-15.36056, 6.780712), (-15.19056, 6.780712), (-15.36056, 6.692126), (-15.19056, 6.780712), (-15.19056, 6.692126), (-15.36056, 6.780712), (-15.36056, 6.862353), (-15.19056, 6.862353), (-15.36056, 6.780712), (-15.19056, 6.862353), (-15.19056, 6.780712), (-15.36056, 6.862353), (-15.36056, 6.933912), (-15.19056, 6.933912), (-15.36056, 6.862353), (-15.19056, 6.933912), (-15.19056, 6.862353), (-15.36056, -0.3339115), (-15.36056, -0.2623526), (-15.19056, -0.2623526), (-15.36056, -0.3339115), (-15.19056, -0.2623526), (-15.19056, -0.3339115), (-15.36056, -0.2623526), (-15.36056, -0.1807116), (-15.19056, -0.1807116), (-15.36056, -0.2623526), (-15.19056, -0.1807116), (-15.19056, -0.2623526), (-15.36056, -0.1807116), (-15.36056, -0.09212599), (-15.19056, -0.09212599), (-15.36056, -0.1807116), (-15.19056, -0.09212599), (-15.19056, -0.1807116), (-15.36056, -0.09212599), (-15.36056, -8.674581e-17), (-15.19056, -8.674581e-17), (-15.36056, -0.09212599), (-15.19056, -8.674581e-17), (-15.19056, -0.09212599), (-15.36056, -8.674581e-17), (-15.36056, 0.09212599), (-15.19056, 0.09212599), (-15.36056, -8.674581e-17), (-15.19056, 0.09212599), (-15.19056, -8.674581e-17), (-15.36056, 0.09212599), (-15.36056, 0.1807116), (-15.19056, 0.1807116), (-15.36056, 0.09212599), (-15.19056, 0.1807116), (-15.19056, 0.09212599), (-15.36056, 0.1807116), (-15.36056, 0.2623526), (-15.19056, 0.2623526), (-15.36056, 0.1807116), (-15.19056, 0.2623526), (-15.19056, 0.1807116), (-15.36056, 0.2623526), (-15.36056, 0.3339115), (-15.19056, 0.3339115), (-15.36056, 0.2623526), (-15.19056, 0.3339115), (-15.19056, 0.2623526), (-15.36056, 6.933912), (-15.36056, 6.862353), (-15.19056, 6.862353), (-15.36056, 6.933912), (-15.19056, 6.862353), (-15.19056, 6.933912), (-15.36056, 6.862353), (-15.36056, 6.780712), (-15.19056, 6.780712), (-15.36056, 6.862353), (-15.19056, 6.780712), (-15.19056, 6.862353), (-15.36056, 6.780712), (-15.36056, 6.692126), (-15.19056, 6.692126), (-15.36056, 6.780712), (-15.19056, 6.692126), (-15.19056, 6.780712), (-15.36056, 6.692126), (-15.36056, 6.6), (-15.19056, 6.6), (-15.36056, 6.692126), (-15.19056, 6.6), (-15.19056, 6.692126)] (interpolation = "faceVarying")
        }
        def Mesh "HexSocket_01" (prepend apiSchemas = ["MaterialBindingAPI"])
        {
            uniform token subdivisionScheme = "none"
            uniform token orientation = "rightHanded"
            bool doubleSided = false
            point3f[] points = [(-0.1382641, 0.0594, 0.0018275), (-0.1382641, 0.05781734, 0.00091375), (-0.1382641, 0.05781734, -0.00091375), (-0.1382641, 0.0594, -0.0018275), (-0.1382641, 0.06098266, -0.00091375), (-0.1382641, 0.06098266, 0.00091375), (-0.1382004, 0.0594, 0.0018275), (-0.1382004, 0.05781734, 0.00091375), (-0.1382004, 0.05781734, -0.00091375), (-0.1382004, 0.0594, -0.0018275), (-0.1382004, 0.06098266, -0.00091375), (-0.1382004, 0.06098266, 0.00091375), (-0.1382641, 0.0594, 0.0018275), (-0.1382641, 0.05781734, 0.00091375), (-0.1382641, 0.05781734, -0.00091375), (-0.1382641, 0.0594, -0.0018275), (-0.1382641, 0.06098266, -0.00091375), (-0.1382641, 0.06098266, 0.00091375), (-0.1382004, 0.0594, 0.0018275), (-0.1382004, 0.05781734, 0.00091375), (-0.1382004, 0.05781734, -0.00091375), (-0.1382004, 0.0594, -0.0018275), (-0.1382004, 0.06098266, -0.00091375), (-0.1382004, 0.06098266, 0.00091375)]
            int[] faceVertexCounts = [3, 3, 3, 3, 3, 3, 3, 3, 3, 3, 3, 3, 3, 3, 3, 3, 3, 3, 3, 3]
            int[] faceVertexIndices = [17, 16, 15, 17, 15, 14, 17, 14, 13, 17, 13, 12, 18, 19, 20, 18, 20, 21, 18, 21, 22, 18, 22, 23, 0, 1, 7, 0, 7, 6, 1, 2, 8, 1, 8, 7, 2, 3, 9, 2, 9, 8, 3, 4, 10, 3, 10, 9, 4, 5, 11, 4, 11, 10, 5, 0, 6, 5, 6, 11]
            normal3f[] normals = [(0, -0.1889822, 0.9819805), (0, -0.9449112, 0.3273268), (0, -0.7559289, -0.6546537), (0, 0.1889822, -0.9819805), (0, 0.9449112, -0.3273268), (0, 0.7559289, 0.6546537), (0, 0.1889822, 0.9819805), (0, -0.7559289, 0.6546537), (0, -0.9449112, -0.3273268), (0, -0.1889822, -0.9819805), (0, 0.7559289, -0.6546537), (0, 0.9449112, 0.3273268), (-1, 0, 0), (-1, 0, 0), (-1, 0, 0), (-1, 0, 0), (-1, 0, 0), (-1, 0, 0), (1, 0, 0), (1, 0, 0), (1, 0, 0), (1, 0, 0), (1, 0, 0), (1, 0, 0)] (interpolation = "vertex")
            float3[] extent = [(-0.1382641, 0.05781734, -0.0018275), (-0.1382004, 0.06098266, 0.0018275)]
            rel material:binding = </WorkbenchPart/Materials/seam>
        }
        def Mesh "LegHingeLink_01" (prepend apiSchemas = ["MaterialBindingAPI"])
        {
            uniform token subdivisionScheme = "none"
            uniform token orientation = "rightHanded"
            bool doubleSided = false
            point3f[] points = [(-0.1178, 0.0594, 0.0035), (-0.1182568, 0.0594, 0.003470057), (-0.1187059, 0.0594, 0.00338074), (-0.1191394, 0.0594, 0.003233578), (-0.11955, 0.0594, 0.003031089), (-0.1199307, 0.0594, 0.002776737), (-0.1202749, 0.0594, 0.002474874), (-0.1205767, 0.0594, 0.002130665), (-0.1208311, 0.0594, 0.00175), (-0.1210336, 0.0594, 0.001339392), (-0.1211807, 0.0594, 0.0009058667), (-0.1212701, 0.0594, 0.0004568417), (-0.1213, 0.0594, 2.143132e-19), (-0.1212701, 0.0594, -0.0004568417), (-0.1211807, 0.0594, -0.0009058667), (-0.1210336, 0.0594, -0.001339392), (-0.1208311, 0.0594, -0.00175), (-0.1205767, 0.0594, -0.002130665), (-0.1202749, 0.0594, -0.002474874), (-0.1199307, 0.0594, -0.002776737), (-0.11955, 0.0594, -0.003031089), (-0.1191394, 0.0594, -0.003233578), (-0.1187059, 0.0594, -0.00338074), (-0.1182568, 0.0594, -0.003470057), (-0.1178, 0.0594, -0.0035), (-0.1173432, 0.0594, -0.003470057), (-0.1168941, 0.0594, -0.00338074), (-0.1164606, 0.0594, -0.003233578), (-0.11605, 0.0594, -0.003031089), (-0.1156693, 0.0594, -0.002776737), (-0.1153251, 0.0594, -0.002474874), (-0.1150233, 0.0594, -0.002130665), (-0.1147689, 0.0594, -0.00175), (-0.1145664, 0.0594, -0.001339392), (-0.1144193, 0.0594, -0.0009058667), (-0.1143299, 0.0594, -0.0004568417), (-0.1143, 0.0594, -6.429396e-19), (-0.1143299, 0.0594, 0.0004568417), (-0.1144193, 0.0594, 0.0009058667), (-0.1145664, 0.0594, 0.001339392), (-0.1147689, 0.0594, 0.00175), (-0.1150233, 0.0594, 0.002130665), (-0.1153251, 0.0594, 0.002474874), (-0.1156693, 0.0594, 0.002776737), (-0.11605, 0.0594, 0.003031089), (-0.1164606, 0.0594, 0.003233578), (-0.1168941, 0.0594, 0.00338074), (-0.1173432, 0.0594, 0.003470057), (-0.1178, 0.0484, 0.0035), (-0.1182568, 0.0484, 0.003470057), (-0.1187059, 0.0484, 0.00338074), (-0.1191394, 0.0484, 0.003233578), (-0.11955, 0.0484, 0.003031089), (-0.1199307, 0.0484, 0.002776737), (-0.1202749, 0.0484, 0.002474874), (-0.1205767, 0.0484, 0.002130665), (-0.1208311, 0.0484, 0.00175), (-0.1210336, 0.0484, 0.001339392), (-0.1211807, 0.0484, 0.0009058667), (-0.1212701, 0.0484, 0.0004568417), (-0.1213, 0.0484, 2.143132e-19), (-0.1212701, 0.0484, -0.0004568417), (-0.1211807, 0.0484, -0.0009058667), (-0.1210336, 0.0484, -0.001339392), (-0.1208311, 0.0484, -0.00175), (-0.1205767, 0.0484, -0.002130665), (-0.1202749, 0.0484, -0.002474874), (-0.1199307, 0.0484, -0.002776737), (-0.11955, 0.0484, -0.003031089), (-0.1191394, 0.0484, -0.003233578), (-0.1187059, 0.0484, -0.00338074), (-0.1182568, 0.0484, -0.003470057), (-0.1178, 0.0484, -0.0035), (-0.1173432, 0.0484, -0.003470057), (-0.1168941, 0.0484, -0.00338074), (-0.1164606, 0.0484, -0.003233578), (-0.11605, 0.0484, -0.003031089), (-0.1156693, 0.0484, -0.002776737), (-0.1153251, 0.0484, -0.002474874), (-0.1150233, 0.0484, -0.002130665), (-0.1147689, 0.0484, -0.00175), (-0.1145664, 0.0484, -0.001339392), (-0.1144193, 0.0484, -0.0009058667), (-0.1143299, 0.0484, -0.0004568417), (-0.1143, 0.0484, -6.429396e-19), (-0.1143299, 0.0484, 0.0004568417), (-0.1144193, 0.0484, 0.0009058667), (-0.1145664, 0.0484, 0.001339392), (-0.1147689, 0.0484, 0.00175), (-0.1150233, 0.0484, 0.002130665), (-0.1153251, 0.0484, 0.002474874), (-0.1156693, 0.0484, 0.002776737), (-0.11605, 0.0484, 0.003031089), (-0.1164606, 0.0484, 0.003233578), (-0.1168941, 0.0484, 0.00338074), (-0.1173432, 0.0484, 0.003470057), (-0.1178, 0.0594, 0.0035), (-0.1182568, 0.0594, 0.003470057), (-0.1187059, 0.0594, 0.00338074), (-0.1191394, 0.0594, 0.003233578), (-0.11955, 0.0594, 0.003031089), (-0.1199307, 0.0594, 0.002776737), (-0.1202749, 0.0594, 0.002474874), (-0.1205767, 0.0594, 0.002130665), (-0.1208311, 0.0594, 0.00175), (-0.1210336, 0.0594, 0.001339392), (-0.1211807, 0.0594, 0.0009058667), (-0.1212701, 0.0594, 0.0004568417), (-0.1213, 0.0594, 2.143132e-19), (-0.1212701, 0.0594, -0.0004568417), (-0.1211807, 0.0594, -0.0009058667), (-0.1210336, 0.0594, -0.001339392), (-0.1208311, 0.0594, -0.00175), (-0.1205767, 0.0594, -0.002130665), (-0.1202749, 0.0594, -0.002474874), (-0.1199307, 0.0594, -0.002776737), (-0.11955, 0.0594, -0.003031089), (-0.1191394, 0.0594, -0.003233578), (-0.1187059, 0.0594, -0.00338074), (-0.1182568, 0.0594, -0.003470057), (-0.1178, 0.0594, -0.0035), (-0.1173432, 0.0594, -0.003470057), (-0.1168941, 0.0594, -0.00338074), (-0.1164606, 0.0594, -0.003233578), (-0.11605, 0.0594, -0.003031089), (-0.1156693, 0.0594, -0.002776737), (-0.1153251, 0.0594, -0.002474874), (-0.1150233, 0.0594, -0.002130665), (-0.1147689, 0.0594, -0.00175), (-0.1145664, 0.0594, -0.001339392), (-0.1144193, 0.0594, -0.0009058667), (-0.1143299, 0.0594, -0.0004568417), (-0.1143, 0.0594, -6.429396e-19), (-0.1143299, 0.0594, 0.0004568417), (-0.1144193, 0.0594, 0.0009058667), (-0.1145664, 0.0594, 0.001339392), (-0.1147689, 0.0594, 0.00175), (-0.1150233, 0.0594, 0.002130665), (-0.1153251, 0.0594, 0.002474874), (-0.1156693, 0.0594, 0.002776737), (-0.11605, 0.0594, 0.003031089), (-0.1164606, 0.0594, 0.003233578), (-0.1168941, 0.0594, 0.00338074), (-0.1173432, 0.0594, 0.003470057), (-0.1178, 0.0484, 0.0035), (-0.1182568, 0.0484, 0.003470057), (-0.1187059, 0.0484, 0.00338074), (-0.1191394, 0.0484, 0.003233578), (-0.11955, 0.0484, 0.003031089), (-0.1199307, 0.0484, 0.002776737), (-0.1202749, 0.0484, 0.002474874), (-0.1205767, 0.0484, 0.002130665), (-0.1208311, 0.0484, 0.00175), (-0.1210336, 0.0484, 0.001339392), (-0.1211807, 0.0484, 0.0009058667), (-0.1212701, 0.0484, 0.0004568417), (-0.1213, 0.0484, 2.143132e-19), (-0.1212701, 0.0484, -0.0004568417), (-0.1211807, 0.0484, -0.0009058667), (-0.1210336, 0.0484, -0.001339392), (-0.1208311, 0.0484, -0.00175), (-0.1205767, 0.0484, -0.002130665), (-0.1202749, 0.0484, -0.002474874), (-0.1199307, 0.0484, -0.002776737), (-0.11955, 0.0484, -0.003031089), (-0.1191394, 0.0484, -0.003233578), (-0.1187059, 0.0484, -0.00338074), (-0.1182568, 0.0484, -0.003470057), (-0.1178, 0.0484, -0.0035), (-0.1173432, 0.0484, -0.003470057), (-0.1168941, 0.0484, -0.00338074), (-0.1164606, 0.0484, -0.003233578), (-0.11605, 0.0484, -0.003031089), (-0.1156693, 0.0484, -0.002776737), (-0.1153251, 0.0484, -0.002474874), (-0.1150233, 0.0484, -0.002130665), (-0.1147689, 0.0484, -0.00175), (-0.1145664, 0.0484, -0.001339392), (-0.1144193, 0.0484, -0.0009058667), (-0.1143299, 0.0484, -0.0004568417), (-0.1143, 0.0484, -6.429396e-19), (-0.1143299, 0.0484, 0.0004568417), (-0.1144193, 0.0484, 0.0009058667), (-0.1145664, 0.0484, 0.001339392), (-0.1147689, 0.0484, 0.00175), (-0.1150233, 0.0484, 0.002130665), (-0.1153251, 0.0484, 0.002474874), (-0.1156693, 0.0484, 0.002776737), (-0.11605, 0.0484, 0.003031089), (-0.1164606, 0.0484, 0.003233578), (-0.1168941, 0.0484, 0.00338074), (-0.1173432, 0.0484, 0.003470057)]
            int[] faceVertexCounts = [3, 3, 3, 3, 3, 3, 3, 3, 3, 3, 3, 3, 3, 3, 3, 3, 3, 3, 3, 3, 3, 3, 3, 3, 3, 3, 3, 3, 3, 3, 3, 3, 3, 3, 3, 3, 3, 3, 3, 3, 3, 3, 3, 3, 3, 3, 3, 3, 3, 3, 3, 3, 3, 3, 3, 3, 3, 3, 3, 3, 3, 3, 3, 3, 3, 3, 3, 3, 3, 3, 3, 3, 3, 3, 3, 3, 3, 3, 3, 3, 3, 3, 3, 3, 3, 3, 3, 3, 3, 3, 3, 3, 3, 3, 3, 3, 3, 3, 3, 3, 3, 3, 3, 3, 3, 3, 3, 3, 3, 3, 3, 3, 3, 3, 3, 3, 3, 3, 3, 3, 3, 3, 3, 3, 3, 3, 3, 3, 3, 3, 3, 3, 3, 3, 3, 3, 3, 3, 3, 3, 3, 3, 3, 3, 3, 3, 3, 3, 3, 3, 3, 3, 3, 3, 3, 3, 3, 3, 3, 3, 3, 3, 3, 3, 3, 3, 3, 3, 3, 3, 3, 3, 3, 3, 3, 3, 3, 3, 3, 3, 3, 3, 3, 3, 3, 3, 3, 3]
            int[] faceVertexIndices = [143, 142, 141, 143, 141, 140, 143, 140, 139, 143, 139, 138, 143, 138, 137, 143, 137, 136, 143, 136, 135, 143, 135, 134, 143, 134, 133, 143, 133, 132, 143, 132, 131, 143, 131, 130, 143, 130, 129, 143, 129, 128, 143, 128, 127, 143, 127, 126, 143, 126, 125, 143, 125, 124, 143, 124, 123, 143, 123, 122, 143, 122, 121, 143, 121, 120, 143, 120, 119, 143, 119, 118, 143, 118, 117, 143, 117, 116, 143, 116, 115, 143, 115, 114, 143, 114, 113, 143, 113, 112, 143, 112, 111, 143, 111, 110, 143, 110, 109, 143, 109, 108, 143, 108, 107, 143, 107, 106, 143, 106, 105, 143, 105, 104, 143, 104, 103, 143, 103, 102, 143, 102, 101, 143, 101, 100, 143, 100, 99, 143, 99, 98, 143, 98, 97, 143, 97, 96, 144, 145, 146, 144, 146, 147, 144, 147, 148, 144, 148, 149, 144, 149, 150, 144, 150, 151, 144, 151, 152, 144, 152, 153, 144, 153, 154, 144, 154, 155, 144, 155, 156, 144, 156, 157, 144, 157, 158, 144, 158, 159, 144, 159, 160, 144, 160, 161, 144, 161, 162, 144, 162, 163, 144, 163, 164, 144, 164, 165, 144, 165, 166, 144, 166, 167, 144, 167, 168, 144, 168, 169, 144, 169, 170, 144, 170, 171, 144, 171, 172, 144, 172, 173, 144, 173, 174, 144, 174, 175, 144, 175, 176, 144, 176, 177, 144, 177, 178, 144, 178, 179, 144, 179, 180, 144, 180, 181, 144, 181, 182, 144, 182, 183, 144, 183, 184, 144, 184, 185, 144, 185, 186, 144, 186, 187, 144, 187, 188, 144, 188, 189, 144, 189, 190, 144, 190, 191, 0, 1, 49, 0, 49, 48, 1, 2, 50, 1, 50, 49, 2, 3, 51, 2, 51, 50, 3, 4, 52, 3, 52, 51, 4, 5, 53, 4, 53, 52, 5, 6, 54, 5, 54, 53, 6, 7, 55, 6, 55, 54, 7, 8, 56, 7, 56, 55, 8, 9, 57, 8, 57, 56, 9, 10, 58, 9, 58, 57, 10, 11, 59, 10, 59, 58, 11, 12, 60, 11, 60, 59, 12, 13, 61, 12, 61, 60, 13, 14, 62, 13, 62, 61, 14, 15, 63, 14, 63, 62, 15, 16, 64, 15, 64, 63, 16, 17, 65, 16, 65, 64, 17, 18, 66, 17, 66, 65, 18, 19, 67, 18, 67, 66, 19, 20, 68, 19, 68, 67, 20, 21, 69, 20, 69, 68, 21, 22, 70, 21, 70, 69, 22, 23, 71, 22, 71, 70, 23, 24, 72, 23, 72, 71, 24, 25, 73, 24, 73, 72, 25, 26, 74, 25, 74, 73, 26, 27, 75, 26, 75, 74, 27, 28, 76, 27, 76, 75, 28, 29, 77, 28, 77, 76, 29, 30, 78, 29, 78, 77, 30, 31, 79, 30, 79, 78, 31, 32, 80, 31, 80, 79, 32, 33, 81, 32, 81, 80, 33, 34, 82, 33, 82, 81, 34, 35, 83, 34, 83, 82, 35, 36, 84, 35, 84, 83, 36, 37, 85, 36, 85, 84, 37, 38, 86, 37, 86, 85, 38, 39, 87, 38, 87, 86, 39, 40, 88, 39, 88, 87, 40, 41, 89, 40, 89, 88, 41, 42, 90, 41, 90, 89, 42, 43, 91, 42, 91, 90, 43, 44, 92, 43, 92, 91, 44, 45, 93, 44, 93, 92, 45, 46, 94, 45, 94, 93, 46, 47, 95, 46, 95, 94, 47, 0, 48, 47, 48, 95]
            normal3f[] normals = [(-0.02184261, 0, 0.9997614), (-0.1521508, 0, 0.9883573), (-0.2798556, 0, 0.9600421), (-0.4027721, 0, 0.9153003), (-0.518797, 0, 0.8548975), (-0.6259451, 0, 0.7798671), (-0.7223831, 0, 0.691493), (-0.806461, 0, 0.5912873), (-0.8767401, 0, 0.4809645), (-0.9320179, 0, 0.3624122), (-0.9713487, 0, 0.237659), (-0.9940594, 0, 0.1088393), (-0.9997614, 0, -0.02184261), (-0.9883573, 0, -0.1521508), (-0.9600421, 0, -0.2798556), (-0.9153003, 0, -0.4027721), (-0.8548975, 0, -0.518797), (-0.7798671, 0, -0.6259451), (-0.691493, 0, -0.7223831), (-0.5912873, 0, -0.806461), (-0.4809645, 0, -0.8767401), (-0.3624122, 0, -0.9320179), (-0.237659, 0, -0.9713487), (-0.1088393, 0, -0.9940594), (0.02184261, 0, -0.9997614), (0.1521508, 0, -0.9883573), (0.2798556, 0, -0.9600421), (0.4027721, 0, -0.9153003), (0.518797, 0, -0.8548975), (0.6259451, 0, -0.7798671), (0.7223831, 0, -0.691493), (0.806461, 0, -0.5912873), (0.8767401, 0, -0.4809645), (0.9320179, 0, -0.3624122), (0.9713487, 0, -0.237659), (0.9940594, 0, -0.1088393), (0.9997614, 0, 0.02184261), (0.9883573, 0, 0.1521508), (0.9600421, 0, 0.2798556), (0.9153003, 0, 0.4027721), (0.8548975, 0, 0.518797), (0.7798671, 0, 0.6259451), (0.691493, 0, 0.7223831), (0.5912873, 0, 0.806461), (0.4809645, 0, 0.8767401), (0.3624122, 0, 0.9320179), (0.237659, 0, 0.9713487), (0.1088393, 0, 0.9940594), (0.02184261, 0, 0.9997614), (-0.1088393, 0, 0.9940594), (-0.237659, 0, 0.9713487), (-0.3624122, 0, 0.9320179), (-0.4809645, 0, 0.8767401), (-0.5912873, 0, 0.806461), (-0.691493, 0, 0.7223831), (-0.7798671, 0, 0.6259451), (-0.8548975, 0, 0.518797), (-0.9153003, 0, 0.4027721), (-0.9600421, 0, 0.2798556), (-0.9883573, 0, 0.1521508), (-0.9997614, 0, 0.02184261), (-0.9940594, 0, -0.1088393), (-0.9713487, 0, -0.237659), (-0.9320179, 0, -0.3624122), (-0.8767401, 0, -0.4809645), (-0.806461, 0, -0.5912873), (-0.7223831, 0, -0.691493), (-0.6259451, 0, -0.7798671), (-0.518797, 0, -0.8548975), (-0.4027721, 0, -0.9153003), (-0.2798556, 0, -0.9600421), (-0.1521508, 0, -0.9883573), (-0.02184261, 0, -0.9997614), (0.1088393, 0, -0.9940594), (0.237659, 0, -0.9713487), (0.3624122, 0, -0.9320179), (0.4809645, 0, -0.8767401), (0.5912873, 0, -0.806461), (0.691493, 0, -0.7223831), (0.7798671, 0, -0.6259451), (0.8548975, 0, -0.518797), (0.9153003, 0, -0.4027721), (0.9600421, 0, -0.2798556), (0.9883573, 0, -0.1521508), (0.9997614, 0, -0.02184261), (0.9940594, 0, 0.1088393), (0.9713487, 0, 0.237659), (0.9320179, 0, 0.3624122), (0.8767401, 0, 0.4809645), (0.806461, 0, 0.5912873), (0.7223831, 0, 0.691493), (0.6259451, 0, 0.7798671), (0.518797, 0, 0.8548975), (0.4027721, 0, 0.9153003), (0.2798556, 0, 0.9600421), (0.1521508, 0, 0.9883573), (0, 1, 0), (0, 1, 0), (0, 1, 0), (0, 1, 0), (0, 1, 0), (0, 1, 0), (0, 1, 0), (0, 1, 0), (0, 1, 0), (0, 1, 0), (0, 1, 0), (0, 1, 0), (0, 1, 0), (0, 1, 0), (0, 1, 0), (0, 1, 0), (0, 1, 0), (0, 1, 0), (0, 1, 0), (0, 1, 0), (0, 1, 0), (0, 1, 0), (0, 1, 0), (0, 1, 0), (0, 1, 0), (0, 1, 0), (0, 1, 0), (0, 1, 0), (0, 1, 0), (0, 1, 0), (0, 1, 0), (0, 1, 0), (0, 1, 0), (0, 1, 0), (0, 1, 0), (0, 1, 0), (0, 1, 0), (0, 1, 0), (0, 1, 0), (0, 1, 0), (0, 1, 0), (0, 1, 0), (0, 1, 0), (0, 1, 0), (0, 1, 0), (0, 1, 0), (0, 1, 0), (0, 1, 0), (0, -1, 0), (0, -1, 0), (0, -1, 0), (0, -1, 0), (0, -1, 0), (0, -1, 0), (0, -1, 0), (0, -1, 0), (0, -1, 0), (0, -1, 0), (0, -1, 0), (0, -1, 0), (0, -1, 0), (0, -1, 0), (0, -1, 0), (0, -1, 0), (0, -1, 0), (0, -1, 0), (0, -1, 0), (0, -1, 0), (0, -1, 0), (0, -1, 0), (0, -1, 0), (0, -1, 0), (0, -1, 0), (0, -1, 0), (0, -1, 0), (0, -1, 0), (0, -1, 0), (0, -1, 0), (0, -1, 0), (0, -1, 0), (0, -1, 0), (0, -1, 0), (0, -1, 0), (0, -1, 0), (0, -1, 0), (0, -1, 0), (0, -1, 0), (0, -1, 0), (0, -1, 0), (0, -1, 0), (0, -1, 0), (0, -1, 0), (0, -1, 0), (0, -1, 0), (0, -1, 0), (0, -1, 0)] (interpolation = "vertex")
            float3[] extent = [(-0.1213, 0.0484, -0.0035), (-0.1143, 0.0594, 0.0035)]
            rel material:binding = </WorkbenchPart/Materials/alloy>
            texCoord2f[] primvars:st = [(-13.03813, 0.3855619), (-12.98824, 0.3756378), (-12.94007, 0.3592865), (-13.03813, 0.3855619), (-12.94007, 0.3592865), (-12.89444, 0.3367877), (-13.03813, 0.3855619), (-12.89444, 0.3367877), (-12.85215, 0.3085263), (-13.03813, 0.3855619), (-12.85215, 0.3085263), (-12.8139, 0.274986), (-13.03813, 0.3855619), (-12.8139, 0.274986), (-12.78036, 0.2367406), (-13.03813, 0.3855619), (-12.78036, 0.2367406), (-12.7521, 0.1944444), (-13.03813, 0.3855619), (-12.7521, 0.1944444), (-12.7296, 0.1488213), (-13.03813, 0.3855619), (-12.7296, 0.1488213), (-12.71325, 0.1006519), (-13.03813, 0.3855619), (-12.71325, 0.1006519), (-12.70333, 0.05076019), (-13.03813, 0.3855619), (-12.70333, 0.05076019), (-12.7, -7.143773e-17), (-13.03813, 0.3855619), (-12.7, -7.143773e-17), (-12.70333, -0.05076019), (-13.03813, 0.3855619), (-12.70333, -0.05076019), (-12.71325, -0.1006519), (-13.03813, 0.3855619), (-12.71325, -0.1006519), (-12.7296, -0.1488213), (-13.03813, 0.3855619), (-12.7296, -0.1488213), (-12.7521, -0.1944444), (-13.03813, 0.3855619), (-12.7521, -0.1944444), (-12.78036, -0.2367406), (-13.03813, 0.3855619), (-12.78036, -0.2367406), (-12.8139, -0.274986), (-13.03813, 0.3855619), (-12.8139, -0.274986), (-12.85215, -0.3085263), (-13.03813, 0.3855619), (-12.85215, -0.3085263), (-12.89444, -0.3367877), (-13.03813, 0.3855619), (-12.89444, -0.3367877), (-12.94007, -0.3592865), (-13.03813, 0.3855619), (-12.94007, -0.3592865), (-12.98824, -0.3756378), (-13.03813, 0.3855619), (-12.98824, -0.3756378), (-13.03813, -0.3855619), (-13.03813, 0.3855619), (-13.03813, -0.3855619), (-13.08889, -0.3888889), (-13.03813, 0.3855619), (-13.08889, -0.3888889), (-13.13965, -0.3855619), (-13.03813, 0.3855619), (-13.13965, -0.3855619), (-13.18954, -0.3756378), (-13.03813, 0.3855619), (-13.18954, -0.3756378), (-13.23771, -0.3592865), (-13.03813, 0.3855619), (-13.23771, -0.3592865), (-13.28333, -0.3367877), (-13.03813, 0.3855619), (-13.28333, -0.3367877), (-13.32563, -0.3085263), (-13.03813, 0.3855619), (-13.32563, -0.3085263), (-13.36387, -0.274986), (-13.03813, 0.3855619), (-13.36387, -0.274986), (-13.39742, -0.2367406), (-13.03813, 0.3855619), (-13.39742, -0.2367406), (-13.42568, -0.1944444), (-13.03813, 0.3855619), (-13.42568, -0.1944444), (-13.44818, -0.1488213), (-13.03813, 0.3855619), (-13.44818, -0.1488213), (-13.46453, -0.1006519), (-13.03813, 0.3855619), (-13.46453, -0.1006519), (-13.47445, -0.05076019), (-13.03813, 0.3855619), (-13.47445, -0.05076019), (-13.47778, 2.381258e-17), (-13.03813, 0.3855619), (-13.47778, 2.381258e-17), (-13.47445, 0.05076019), (-13.03813, 0.3855619), (-13.47445, 0.05076019), (-13.46453, 0.1006519), (-13.03813, 0.3855619), (-13.46453, 0.1006519), (-13.44818, 0.1488213), (-13.03813, 0.3855619), (-13.44818, 0.1488213), (-13.42568, 0.1944444), (-13.03813, 0.3855619), (-13.42568, 0.1944444), (-13.39742, 0.2367406), (-13.03813, 0.3855619), (-13.39742, 0.2367406), (-13.36387, 0.274986), (-13.03813, 0.3855619), (-13.36387, 0.274986), (-13.32563, 0.3085263), (-13.03813, 0.3855619), (-13.32563, 0.3085263), (-13.28333, 0.3367877), (-13.03813, 0.3855619), (-13.28333, 0.3367877), (-13.23771, 0.3592865), (-13.03813, 0.3855619), (-13.23771, 0.3592865), (-13.18954, 0.3756378), (-13.03813, 0.3855619), (-13.18954, 0.3756378), (-13.13965, 0.3855619), (-13.03813, 0.3855619), (-13.13965, 0.3855619), (-13.08889, 0.3888889), (-13.08889, 0.3888889), (-13.13965, 0.3855619), (-13.18954, 0.3756378), (-13.08889, 0.3888889), (-13.18954, 0.3756378), (-13.23771, 0.3592865), (-13.08889, 0.3888889), (-13.23771, 0.3592865), (-13.28333, 0.3367877), (-13.08889, 0.3888889), (-13.28333, 0.3367877), (-13.32563, 0.3085263), (-13.08889, 0.3888889), (-13.32563, 0.3085263), (-13.36387, 0.274986), (-13.08889, 0.3888889), (-13.36387, 0.274986), (-13.39742, 0.2367406), (-13.08889, 0.3888889), (-13.39742, 0.2367406), (-13.42568, 0.1944444), (-13.08889, 0.3888889), (-13.42568, 0.1944444), (-13.44818, 0.1488213), (-13.08889, 0.3888889), (-13.44818, 0.1488213), (-13.46453, 0.1006519), (-13.08889, 0.3888889), (-13.46453, 0.1006519), (-13.47445, 0.05076019), (-13.08889, 0.3888889), (-13.47445, 0.05076019), (-13.47778, 2.381258e-17), (-13.08889, 0.3888889), (-13.47778, 2.381258e-17), (-13.47445, -0.05076019), (-13.08889, 0.3888889), (-13.47445, -0.05076019), (-13.46453, -0.1006519), (-13.08889, 0.3888889), (-13.46453, -0.1006519), (-13.44818, -0.1488213), (-13.08889, 0.3888889), (-13.44818, -0.1488213), (-13.42568, -0.1944444), (-13.08889, 0.3888889), (-13.42568, -0.1944444), (-13.39742, -0.2367406), (-13.08889, 0.3888889), (-13.39742, -0.2367406), (-13.36387, -0.274986), (-13.08889, 0.3888889), (-13.36387, -0.274986), (-13.32563, -0.3085263), (-13.08889, 0.3888889), (-13.32563, -0.3085263), (-13.28333, -0.3367877), (-13.08889, 0.3888889), (-13.28333, -0.3367877), (-13.23771, -0.3592865), (-13.08889, 0.3888889), (-13.23771, -0.3592865), (-13.18954, -0.3756378), (-13.08889, 0.3888889), (-13.18954, -0.3756378), (-13.13965, -0.3855619), (-13.08889, 0.3888889), (-13.13965, -0.3855619), (-13.08889, -0.3888889), (-13.08889, 0.3888889), (-13.08889, -0.3888889), (-13.03813, -0.3855619), (-13.08889, 0.3888889), (-13.03813, -0.3855619), (-12.98824, -0.3756378), (-13.08889, 0.3888889), (-12.98824, -0.3756378), (-12.94007, -0.3592865), (-13.08889, 0.3888889), (-12.94007, -0.3592865), (-12.89444, -0.3367877), (-13.08889, 0.3888889), (-12.89444, -0.3367877), (-12.85215, -0.3085263), (-13.08889, 0.3888889), (-12.85215, -0.3085263), (-12.8139, -0.274986), (-13.08889, 0.3888889), (-12.8139, -0.274986), (-12.78036, -0.2367406), (-13.08889, 0.3888889), (-12.78036, -0.2367406), (-12.7521, -0.1944444), (-13.08889, 0.3888889), (-12.7521, -0.1944444), (-12.7296, -0.1488213), (-13.08889, 0.3888889), (-12.7296, -0.1488213), (-12.71325, -0.1006519), (-13.08889, 0.3888889), (-12.71325, -0.1006519), (-12.70333, -0.05076019), (-13.08889, 0.3888889), (-12.70333, -0.05076019), (-12.7, -7.143773e-17), (-13.08889, 0.3888889), (-12.7, -7.143773e-17), (-12.70333, 0.05076019), (-13.08889, 0.3888889), (-12.70333, 0.05076019), (-12.71325, 0.1006519), (-13.08889, 0.3888889), (-12.71325, 0.1006519), (-12.7296, 0.1488213), (-13.08889, 0.3888889), (-12.7296, 0.1488213), (-12.7521, 0.1944444), (-13.08889, 0.3888889), (-12.7521, 0.1944444), (-12.78036, 0.2367406), (-13.08889, 0.3888889), (-12.78036, 0.2367406), (-12.8139, 0.274986), (-13.08889, 0.3888889), (-12.8139, 0.274986), (-12.85215, 0.3085263), (-13.08889, 0.3888889), (-12.85215, 0.3085263), (-12.89444, 0.3367877), (-13.08889, 0.3888889), (-12.89444, 0.3367877), (-12.94007, 0.3592865), (-13.08889, 0.3888889), (-12.94007, 0.3592865), (-12.98824, 0.3756378), (-13.08889, 0.3888889), (-12.98824, 0.3756378), (-13.03813, 0.3855619), (-13.08889, 6.6), (-13.13965, 6.6), (-13.13965, 5.377778), (-13.08889, 6.6), (-13.13965, 5.377778), (-13.08889, 5.377778), (-13.13965, 6.6), (-13.18954, 6.6), (-13.18954, 5.377778), (-13.13965, 6.6), (-13.18954, 5.377778), (-13.13965, 5.377778), (-13.18954, 6.6), (-13.23771, 6.6), (-13.23771, 5.377778), (-13.18954, 6.6), (-13.23771, 5.377778), (-13.18954, 5.377778), (-13.23771, 6.6), (-13.28333, 6.6), (-13.28333, 5.377778), (-13.23771, 6.6), (-13.28333, 5.377778), (-13.23771, 5.377778), (-13.28333, 6.6), (-13.32563, 6.6), (-13.32563, 5.377778), (-13.28333, 6.6), (-13.32563, 5.377778), (-13.28333, 5.377778), (-13.32563, 6.6), (-13.36387, 6.6), (-13.36387, 5.377778), (-13.32563, 6.6), (-13.36387, 5.377778), (-13.32563, 5.377778), (6.6, 0.274986), (6.6, 0.2367406), (5.377778, 0.2367406), (6.6, 0.274986), (5.377778, 0.2367406), (5.377778, 0.274986), (6.6, 0.2367406), (6.6, 0.1944444), (5.377778, 0.1944444), (6.6, 0.2367406), (5.377778, 0.1944444), (5.377778, 0.2367406), (6.6, 0.1944444), (6.6, 0.1488213), (5.377778, 0.1488213), (6.6, 0.1944444), (5.377778, 0.1488213), (5.377778, 0.1944444), (6.6, 0.1488213), (6.6, 0.1006519), (5.377778, 0.1006519), (6.6, 0.1488213), (5.377778, 0.1006519), (5.377778, 0.1488213), (6.6, 0.1006519), (6.6, 0.05076019), (5.377778, 0.05076019), (6.6, 0.1006519), (5.377778, 0.05076019), (5.377778, 0.1006519), (6.6, 0.05076019), (6.6, 2.381258e-17), (5.377778, 2.381258e-17), (6.6, 0.05076019), (5.377778, 2.381258e-17), (5.377778, 0.05076019), (6.6, 2.381258e-17), (6.6, -0.05076019), (5.377778, -0.05076019), (6.6, 2.381258e-17), (5.377778, -0.05076019), (5.377778, 2.381258e-17), (6.6, -0.05076019), (6.6, -0.1006519), (5.377778, -0.1006519), (6.6, -0.05076019), (5.377778, -0.1006519), (5.377778, -0.05076019), (6.6, -0.1006519), (6.6, -0.1488213), (5.377778, -0.1488213), (6.6, -0.1006519), (5.377778, -0.1488213), (5.377778, -0.1006519), (6.6, -0.1488213), (6.6, -0.1944444), (5.377778, -0.1944444), (6.6, -0.1488213), (5.377778, -0.1944444), (5.377778, -0.1488213), (6.6, -0.1944444), (6.6, -0.2367406), (5.377778, -0.2367406), (6.6, -0.1944444), (5.377778, -0.2367406), (5.377778, -0.1944444), (6.6, -0.2367406), (6.6, -0.274986), (5.377778, -0.274986), (6.6, -0.2367406), (5.377778, -0.274986), (5.377778, -0.2367406), (-13.36387, 6.6), (-13.32563, 6.6), (-13.32563, 5.377778), (-13.36387, 6.6), (-13.32563, 5.377778), (-13.36387, 5.377778), (-13.32563, 6.6), (-13.28333, 6.6), (-13.28333, 5.377778), (-13.32563, 6.6), (-13.28333, 5.377778), (-13.32563, 5.377778), (-13.28333, 6.6), (-13.23771, 6.6), (-13.23771, 5.377778), (-13.28333, 6.6), (-13.23771, 5.377778), (-13.28333, 5.377778), (-13.23771, 6.6), (-13.18954, 6.6), (-13.18954, 5.377778), (-13.23771, 6.6), (-13.18954, 5.377778), (-13.23771, 5.377778), (-13.18954, 6.6), (-13.13965, 6.6), (-13.13965, 5.377778), (-13.18954, 6.6), (-13.13965, 5.377778), (-13.18954, 5.377778), (-13.13965, 6.6), (-13.08889, 6.6), (-13.08889, 5.377778), (-13.13965, 6.6), (-13.08889, 5.377778), (-13.13965, 5.377778), (-13.08889, 6.6), (-13.03813, 6.6), (-13.03813, 5.377778), (-13.08889, 6.6), (-13.03813, 5.377778), (-13.08889, 5.377778), (-13.03813, 6.6), (-12.98824, 6.6), (-12.98824, 5.377778), (-13.03813, 6.6), (-12.98824, 5.377778), (-13.03813, 5.377778), (-12.98824, 6.6), (-12.94007, 6.6), (-12.94007, 5.377778), (-12.98824, 6.6), (-12.94007, 5.377778), (-12.98824, 5.377778), (-12.94007, 6.6), (-12.89444, 6.6), (-12.89444, 5.377778), (-12.94007, 6.6), (-12.89444, 5.377778), (-12.94007, 5.377778), (-12.89444, 6.6), (-12.85215, 6.6), (-12.85215, 5.377778), (-12.89444, 6.6), (-12.85215, 5.377778), (-12.89444, 5.377778), (-12.85215, 6.6), (-12.8139, 6.6), (-12.8139, 5.377778), (-12.85215, 6.6), (-12.8139, 5.377778), (-12.85215, 5.377778), (6.6, -0.274986), (6.6, -0.2367406), (5.377778, -0.2367406), (6.6, -0.274986), (5.377778, -0.2367406), (5.377778, -0.274986), (6.6, -0.2367406), (6.6, -0.1944444), (5.377778, -0.1944444), (6.6, -0.2367406), (5.377778, -0.1944444), (5.377778, -0.2367406), (6.6, -0.1944444), (6.6, -0.1488213), (5.377778, -0.1488213), (6.6, -0.1944444), (5.377778, -0.1488213), (5.377778, -0.1944444), (6.6, -0.1488213), (6.6, -0.1006519), (5.377778, -0.1006519), (6.6, -0.1488213), (5.377778, -0.1006519), (5.377778, -0.1488213), (6.6, -0.1006519), (6.6, -0.05076019), (5.377778, -0.05076019), (6.6, -0.1006519), (5.377778, -0.05076019), (5.377778, -0.1006519), (6.6, -0.05076019), (6.6, -7.143773e-17), (5.377778, -7.143773e-17), (6.6, -0.05076019), (5.377778, -7.143773e-17), (5.377778, -0.05076019), (6.6, -7.143773e-17), (6.6, 0.05076019), (5.377778, 0.05076019), (6.6, -7.143773e-17), (5.377778, 0.05076019), (5.377778, -7.143773e-17), (6.6, 0.05076019), (6.6, 0.1006519), (5.377778, 0.1006519), (6.6, 0.05076019), (5.377778, 0.1006519), (5.377778, 0.05076019), (6.6, 0.1006519), (6.6, 0.1488213), (5.377778, 0.1488213), (6.6, 0.1006519), (5.377778, 0.1488213), (5.377778, 0.1006519), (6.6, 0.1488213), (6.6, 0.1944444), (5.377778, 0.1944444), (6.6, 0.1488213), (5.377778, 0.1944444), (5.377778, 0.1488213), (6.6, 0.1944444), (6.6, 0.2367406), (5.377778, 0.2367406), (6.6, 0.1944444), (5.377778, 0.2367406), (5.377778, 0.1944444), (6.6, 0.2367406), (6.6, 0.274986), (5.377778, 0.274986), (6.6, 0.2367406), (5.377778, 0.274986), (5.377778, 0.2367406), (-12.8139, 6.6), (-12.85215, 6.6), (-12.85215, 5.377778), (-12.8139, 6.6), (-12.85215, 5.377778), (-12.8139, 5.377778), (-12.85215, 6.6), (-12.89444, 6.6), (-12.89444, 5.377778), (-12.85215, 6.6), (-12.89444, 5.377778), (-12.85215, 5.377778), (-12.89444, 6.6), (-12.94007, 6.6), (-12.94007, 5.377778), (-12.89444, 6.6), (-12.94007, 5.377778), (-12.89444, 5.377778), (-12.94007, 6.6), (-12.98824, 6.6), (-12.98824, 5.377778), (-12.94007, 6.6), (-12.98824, 5.377778), (-12.94007, 5.377778), (-12.98824, 6.6), (-13.03813, 6.6), (-13.03813, 5.377778), (-12.98824, 6.6), (-13.03813, 5.377778), (-12.98824, 5.377778), (-13.03813, 6.6), (-13.08889, 6.6), (-13.08889, 5.377778), (-13.03813, 6.6), (-13.08889, 5.377778), (-13.03813, 5.377778)] (interpolation = "faceVarying")
        }
        def Mesh "CarbonLeg_01" (prepend apiSchemas = ["MaterialBindingAPI"])
        {
            uniform token subdivisionScheme = "none"
            uniform token orientation = "rightHanded"
            bool doubleSided = false
            point3f[] points = [(-0.1178, 0.0484, 0.0025), (-0.1180766, 0.04844318, 0.002484281), (-0.1183496, 0.04848582, 0.00243732), (-0.1186158, 0.04852738, 0.002359708), (-0.1188717, 0.04856734, 0.002252422), (-0.1191142, 0.04860519, 0.00211681), (-0.1193401, 0.04864047, 0.001954579), (-0.1195466, 0.04867272, 0.001767767), (-0.1197312, 0.04870154, 0.001558725), (-0.1198915, 0.04872656, 0.00133008), (-0.1200255, 0.04874749, 0.001084709), (-0.1201315, 0.04876404, 0.0008256977), (-0.1202081, 0.04877601, 0.0005563023), (-0.1202545, 0.04878326, 0.0002799112), (-0.1202701, 0.04878568, 1.530808e-19), (-0.1202545, 0.04878326, -0.0002799112), (-0.1202081, 0.04877601, -0.0005563023), (-0.1201315, 0.04876404, -0.0008256977), (-0.1200255, 0.04874749, -0.001084709), (-0.1198915, 0.04872656, -0.00133008), (-0.1197312, 0.04870154, -0.001558725), (-0.1195466, 0.04867272, -0.001767767), (-0.1193401, 0.04864047, -0.001954579), (-0.1191142, 0.04860519, -0.00211681), (-0.1188717, 0.04856734, -0.002252422), (-0.1186158, 0.04852738, -0.002359708), (-0.1183496, 0.04848582, -0.00243732), (-0.1180766, 0.04844318, -0.002484281), (-0.1178, 0.0484, -0.0025), (-0.1175234, 0.04835682, -0.002484281), (-0.1172504, 0.04831418, -0.00243732), (-0.1169842, 0.04827262, -0.002359708), (-0.1167283, 0.04823266, -0.002252422), (-0.1164858, 0.04819481, -0.00211681), (-0.1162599, 0.04815953, -0.001954579), (-0.1160534, 0.04812728, -0.001767767), (-0.1158688, 0.04809846, -0.001558725), (-0.1157085, 0.04807344, -0.00133008), (-0.1155745, 0.04805251, -0.001084709), (-0.1154685, 0.04803596, -0.0008256977), (-0.1153919, 0.04802399, -0.0005563023), (-0.1153455, 0.04801674, -0.0002799112), (-0.1153299, 0.04801432, -4.592425e-19), (-0.1153455, 0.04801674, 0.0002799112), (-0.1153919, 0.04802399, 0.0005563023), (-0.1154685, 0.04803596, 0.0008256977), (-0.1155745, 0.04805251, 0.001084709), (-0.1157085, 0.04807344, 0.00133008), (-0.1158688, 0.04809846, 0.001558725), (-0.1160534, 0.04812728, 0.001767767), (-0.1162599, 0.04815953, 0.001954579), (-0.1164858, 0.04819481, 0.00211681), (-0.1167283, 0.04823266, 0.002252422), (-0.1169842, 0.04827262, 0.002359708), (-0.1172504, 0.04831418, 0.00243732), (-0.1175234, 0.04835682, 0.002484281), (-0.139004, -0.0874, 0.0025), (-0.1392806, -0.08735682, 0.002484281), (-0.1395536, -0.08731418, 0.00243732), (-0.1398198, -0.08727262, 0.002359708), (-0.1400757, -0.08723266, 0.002252422), (-0.1403182, -0.08719481, 0.00211681), (-0.1405441, -0.08715953, 0.001954579), (-0.1407506, -0.08712728, 0.001767767), (-0.1409352, -0.08709846, 0.001558725), (-0.1410955, -0.08707344, 0.00133008), (-0.1412295, -0.08705251, 0.001084709), (-0.1413355, -0.08703596, 0.0008256977), (-0.1414121, -0.08702399, 0.0005563023), (-0.1414585, -0.08701674, 0.0002799112), (-0.1414741, -0.08701432, 1.530808e-19), (-0.1414585, -0.08701674, -0.0002799112), (-0.1414121, -0.08702399, -0.0005563023), (-0.1413355, -0.08703596, -0.0008256977), (-0.1412295, -0.08705251, -0.001084709), (-0.1410955, -0.08707344, -0.00133008), (-0.1409352, -0.08709846, -0.001558725), (-0.1407506, -0.08712728, -0.001767767), (-0.1405441, -0.08715953, -0.001954579), (-0.1403182, -0.08719481, -0.00211681), (-0.1400757, -0.08723266, -0.002252422), (-0.1398198, -0.08727262, -0.002359708), (-0.1395536, -0.08731418, -0.00243732), (-0.1392806, -0.08735682, -0.002484281), (-0.139004, -0.0874, -0.0025), (-0.1387274, -0.08744318, -0.002484281), (-0.1384544, -0.08748582, -0.00243732), (-0.1381882, -0.08752738, -0.002359708), (-0.1379323, -0.08756734, -0.002252422), (-0.1376898, -0.08760519, -0.00211681), (-0.1374639, -0.08764047, -0.001954579), (-0.1372574, -0.08767272, -0.001767767), (-0.1370728, -0.08770154, -0.001558725), (-0.1369125, -0.08772656, -0.00133008), (-0.1367785, -0.08774749, -0.001084709), (-0.1366725, -0.08776404, -0.0008256977), (-0.1365959, -0.08777601, -0.0005563023), (-0.1365495, -0.08778326, -0.0002799112), (-0.1365339, -0.08778568, -4.592425e-19), (-0.1365495, -0.08778326, 0.0002799112), (-0.1365959, -0.08777601, 0.0005563023), (-0.1366725, -0.08776404, 0.0008256977), (-0.1367785, -0.08774749, 0.001084709), (-0.1369125, -0.08772656, 0.00133008), (-0.1370728, -0.08770154, 0.001558725), (-0.1372574, -0.08767272, 0.001767767), (-0.1374639, -0.08764047, 0.001954579), (-0.1376898, -0.08760519, 0.00211681), (-0.1379323, -0.08756734, 0.002252422), (-0.1381882, -0.08752738, 0.002359708), (-0.1384544, -0.08748582, 0.00243732), (-0.1387274, -0.08744318, 0.002484281), (-0.1178, 0.0484, 0.0025), (-0.1180766, 0.04844318, 0.002484281), (-0.1183496, 0.04848582, 0.00243732), (-0.1186158, 0.04852738, 0.002359708), (-0.1188717, 0.04856734, 0.002252422), (-0.1191142, 0.04860519, 0.00211681), (-0.1193401, 0.04864047, 0.001954579), (-0.1195466, 0.04867272, 0.001767767), (-0.1197312, 0.04870154, 0.001558725), (-0.1198915, 0.04872656, 0.00133008), (-0.1200255, 0.04874749, 0.001084709), (-0.1201315, 0.04876404, 0.0008256977), (-0.1202081, 0.04877601, 0.0005563023), (-0.1202545, 0.04878326, 0.0002799112), (-0.1202701, 0.04878568, 1.530808e-19), (-0.1202545, 0.04878326, -0.0002799112), (-0.1202081, 0.04877601, -0.0005563023), (-0.1201315, 0.04876404, -0.0008256977), (-0.1200255, 0.04874749, -0.001084709), (-0.1198915, 0.04872656, -0.00133008), (-0.1197312, 0.04870154, -0.001558725), (-0.1195466, 0.04867272, -0.001767767), (-0.1193401, 0.04864047, -0.001954579), (-0.1191142, 0.04860519, -0.00211681), (-0.1188717, 0.04856734, -0.002252422), (-0.1186158, 0.04852738, -0.002359708), (-0.1183496, 0.04848582, -0.00243732), (-0.1180766, 0.04844318, -0.002484281), (-0.1178, 0.0484, -0.0025), (-0.1175234, 0.04835682, -0.002484281), (-0.1172504, 0.04831418, -0.00243732), (-0.1169842, 0.04827262, -0.002359708), (-0.1167283, 0.04823266, -0.002252422), (-0.1164858, 0.04819481, -0.00211681), (-0.1162599, 0.04815953, -0.001954579), (-0.1160534, 0.04812728, -0.001767767), (-0.1158688, 0.04809846, -0.001558725), (-0.1157085, 0.04807344, -0.00133008), (-0.1155745, 0.04805251, -0.001084709), (-0.1154685, 0.04803596, -0.0008256977), (-0.1153919, 0.04802399, -0.0005563023), (-0.1153455, 0.04801674, -0.0002799112), (-0.1153299, 0.04801432, -4.592425e-19), (-0.1153455, 0.04801674, 0.0002799112), (-0.1153919, 0.04802399, 0.0005563023), (-0.1154685, 0.04803596, 0.0008256977), (-0.1155745, 0.04805251, 0.001084709), (-0.1157085, 0.04807344, 0.00133008), (-0.1158688, 0.04809846, 0.001558725), (-0.1160534, 0.04812728, 0.001767767), (-0.1162599, 0.04815953, 0.001954579), (-0.1164858, 0.04819481, 0.00211681), (-0.1167283, 0.04823266, 0.002252422), (-0.1169842, 0.04827262, 0.002359708), (-0.1172504, 0.04831418, 0.00243732), (-0.1175234, 0.04835682, 0.002484281), (-0.139004, -0.0874, 0.0025), (-0.1392806, -0.08735682, 0.002484281), (-0.1395536, -0.08731418, 0.00243732), (-0.1398198, -0.08727262, 0.002359708), (-0.1400757, -0.08723266, 0.002252422), (-0.1403182, -0.08719481, 0.00211681), (-0.1405441, -0.08715953, 0.001954579), (-0.1407506, -0.08712728, 0.001767767), (-0.1409352, -0.08709846, 0.001558725), (-0.1410955, -0.08707344, 0.00133008), (-0.1412295, -0.08705251, 0.001084709), (-0.1413355, -0.08703596, 0.0008256977), (-0.1414121, -0.08702399, 0.0005563023), (-0.1414585, -0.08701674, 0.0002799112), (-0.1414741, -0.08701432, 1.530808e-19), (-0.1414585, -0.08701674, -0.0002799112), (-0.1414121, -0.08702399, -0.0005563023), (-0.1413355, -0.08703596, -0.0008256977), (-0.1412295, -0.08705251, -0.001084709), (-0.1410955, -0.08707344, -0.00133008), (-0.1409352, -0.08709846, -0.001558725), (-0.1407506, -0.08712728, -0.001767767), (-0.1405441, -0.08715953, -0.001954579), (-0.1403182, -0.08719481, -0.00211681), (-0.1400757, -0.08723266, -0.002252422), (-0.1398198, -0.08727262, -0.002359708), (-0.1395536, -0.08731418, -0.00243732), (-0.1392806, -0.08735682, -0.002484281), (-0.139004, -0.0874, -0.0025), (-0.1387274, -0.08744318, -0.002484281), (-0.1384544, -0.08748582, -0.00243732), (-0.1381882, -0.08752738, -0.002359708), (-0.1379323, -0.08756734, -0.002252422), (-0.1376898, -0.08760519, -0.00211681), (-0.1374639, -0.08764047, -0.001954579), (-0.1372574, -0.08767272, -0.001767767), (-0.1370728, -0.08770154, -0.001558725), (-0.1369125, -0.08772656, -0.00133008), (-0.1367785, -0.08774749, -0.001084709), (-0.1366725, -0.08776404, -0.0008256977), (-0.1365959, -0.08777601, -0.0005563023), (-0.1365495, -0.08778326, -0.0002799112), (-0.1365339, -0.08778568, -4.592425e-19), (-0.1365495, -0.08778326, 0.0002799112), (-0.1365959, -0.08777601, 0.0005563023), (-0.1366725, -0.08776404, 0.0008256977), (-0.1367785, -0.08774749, 0.001084709), (-0.1369125, -0.08772656, 0.00133008), (-0.1370728, -0.08770154, 0.001558725), (-0.1372574, -0.08767272, 0.001767767), (-0.1374639, -0.08764047, 0.001954579), (-0.1376898, -0.08760519, 0.00211681), (-0.1379323, -0.08756734, 0.002252422), (-0.1381882, -0.08752738, 0.002359708), (-0.1384544, -0.08748582, 0.00243732), (-0.1387274, -0.08744318, 0.002484281)]
            int[] faceVertexCounts = [3, 3, 3, 3, 3, 3, 3, 3, 3, 3, 3, 3, 3, 3, 3, 3, 3, 3, 3, 3, 3, 3, 3, 3, 3, 3, 3, 3, 3, 3, 3, 3, 3, 3, 3, 3, 3, 3, 3, 3, 3, 3, 3, 3, 3, 3, 3, 3, 3, 3, 3, 3, 3, 3, 3, 3, 3, 3, 3, 3, 3, 3, 3, 3, 3, 3, 3, 3, 3, 3, 3, 3, 3, 3, 3, 3, 3, 3, 3, 3, 3, 3, 3, 3, 3, 3, 3, 3, 3, 3, 3, 3, 3, 3, 3, 3, 3, 3, 3, 3, 3, 3, 3, 3, 3, 3, 3, 3, 3, 3, 3, 3, 3, 3, 3, 3, 3, 3, 3, 3, 3, 3, 3, 3, 3, 3, 3, 3, 3, 3, 3, 3, 3, 3, 3, 3, 3, 3, 3, 3, 3, 3, 3, 3, 3, 3, 3, 3, 3, 3, 3, 3, 3, 3, 3, 3, 3, 3, 3, 3, 3, 3, 3, 3, 3, 3, 3, 3, 3, 3, 3, 3, 3, 3, 3, 3, 3, 3, 3, 3, 3, 3, 3, 3, 3, 3, 3, 3, 3, 3, 3, 3, 3, 3, 3, 3, 3, 3, 3, 3, 3, 3, 3, 3, 3, 3, 3, 3, 3, 3, 3, 3, 3, 3, 3, 3, 3, 3, 3, 3]
            int[] faceVertexIndices = [167, 166, 165, 167, 165, 164, 167, 164, 163, 167, 163, 162, 167, 162, 161, 167, 161, 160, 167, 160, 159, 167, 159, 158, 167, 158, 157, 167, 157, 156, 167, 156, 155, 167, 155, 154, 167, 154, 153, 167, 153, 152, 167, 152, 151, 167, 151, 150, 167, 150, 149, 167, 149, 148, 167, 148, 147, 167, 147, 146, 167, 146, 145, 167, 145, 144, 167, 144, 143, 167, 143, 142, 167, 142, 141, 167, 141, 140, 167, 140, 139, 167, 139, 138, 167, 138, 137, 167, 137, 136, 167, 136, 135, 167, 135, 134, 167, 134, 133, 167, 133, 132, 167, 132, 131, 167, 131, 130, 167, 130, 129, 167, 129, 128, 167, 128, 127, 167, 127, 126, 167, 126, 125, 167, 125, 124, 167, 124, 123, 167, 123, 122, 167, 122, 121, 167, 121, 120, 167, 120, 119, 167, 119, 118, 167, 118, 117, 167, 117, 116, 167, 116, 115, 167, 115, 114, 167, 114, 113, 167, 113, 112, 168, 169, 170, 168, 170, 171, 168, 171, 172, 168, 172, 173, 168, 173, 174, 168, 174, 175, 168, 175, 176, 168, 176, 177, 168, 177, 178, 168, 178, 179, 168, 179, 180, 168, 180, 181, 168, 181, 182, 168, 182, 183, 168, 183, 184, 168, 184, 185, 168, 185, 186, 168, 186, 187, 168, 187, 188, 168, 188, 189, 168, 189, 190, 168, 190, 191, 168, 191, 192, 168, 192, 193, 168, 193, 194, 168, 194, 195, 168, 195, 196, 168, 196, 197, 168, 197, 198, 168, 198, 199, 168, 199, 200, 168, 200, 201, 168, 201, 202, 168, 202, 203, 168, 203, 204, 168, 204, 205, 168, 205, 206, 168, 206, 207, 168, 207, 208, 168, 208, 209, 168, 209, 210, 168, 210, 211, 168, 211, 212, 168, 212, 213, 168, 213, 214, 168, 214, 215, 168, 215, 216, 168, 216, 217, 168, 217, 218, 168, 218, 219, 168, 219, 220, 168, 220, 221, 168, 221, 222, 168, 222, 223, 0, 1, 57, 0, 57, 56, 1, 2, 58, 1, 58, 57, 2, 3, 59, 2, 59, 58, 3, 4, 60, 3, 60, 59, 4, 5, 61, 4, 61, 60, 5, 6, 62, 5, 62, 61, 6, 7, 63, 6, 63, 62, 7, 8, 64, 7, 64, 63, 8, 9, 65, 8, 65, 64, 9, 10, 66, 9, 66, 65, 10, 11, 67, 10, 67, 66, 11, 12, 68, 11, 68, 67, 12, 13, 69, 12, 69, 68, 13, 14, 70, 13, 70, 69, 14, 15, 71, 14, 71, 70, 15, 16, 72, 15, 72, 71, 16, 17, 73, 16, 73, 72, 17, 18, 74, 17, 74, 73, 18, 19, 75, 18, 75, 74, 19, 20, 76, 19, 76, 75, 20, 21, 77, 20, 77, 76, 21, 22, 78, 21, 78, 77, 22, 23, 79, 22, 79, 78, 23, 24, 80, 23, 80, 79, 24, 25, 81, 24, 81, 80, 25, 26, 82, 25, 82, 81, 26, 27, 83, 26, 83, 82, 27, 28, 84, 27, 84, 83, 28, 29, 85, 28, 85, 84, 29, 30, 86, 29, 86, 85, 30, 31, 87, 30, 87, 86, 31, 32, 88, 31, 88, 87, 32, 33, 89, 32, 89, 88, 33, 34, 90, 33, 90, 89, 34, 35, 91, 34, 91, 90, 35, 36, 92, 35, 92, 91, 36, 37, 93, 36, 93, 92, 37, 38, 94, 37, 94, 93, 38, 39, 95, 38, 95, 94, 39, 40, 96, 39, 96, 95, 40, 41, 97, 40, 97, 96, 41, 42, 98, 41, 98, 97, 42, 43, 99, 42, 99, 98, 43, 44, 100, 43, 100, 99, 44, 45, 101, 44, 101, 100, 45, 46, 102, 45, 102, 101, 46, 47, 103, 46, 103, 102, 47, 48, 104, 47, 104, 103, 48, 49, 105, 48, 105, 104, 49, 50, 106, 49, 106, 105, 50, 51, 107, 50, 107, 106, 51, 52, 108, 51, 108, 107, 52, 53, 109, 52, 109, 108, 53, 54, 110, 53, 110, 109, 54, 55, 111, 54, 111, 110, 55, 0, 56, 55, 56, 111]
            normal3f[] normals = [(-0.01849226, 0.002887406, 0.9998248), (-0.1289807, 0.02013922, 0.9914426), (-0.2378471, 0.03713778, 0.9705924), (-0.3437225, 0.0536693, 0.9375364), (-0.4452753, 0.0695259, 0.8926903), (-0.5412286, 0.08450818, 0.8366182), (-0.6303755, 0.09842771, 0.7700251), (-0.7115952, 0.1111095, 0.6937485), (-0.7838661, 0.1223939, 0.6087476), (-0.8462795, 0.1321393, 0.5160913), (-0.8980504, 0.1402228, 0.4169449), (-0.9385278, 0.146543, 0.3125552), (-0.9672026, 0.1510204, 0.2042349), (-0.9837144, 0.1535985, 0.09334623), (-0.9878553, 0.1542451, -0.01871632), (-0.9795734, 0.152952, -0.1305435), (-0.9589728, 0.1497353, -0.240729), (-0.9263126, 0.1446357, -0.3478872), (-0.8820034, 0.1377172, -0.4506706), (-0.8266025, 0.1290669, -0.5477864), (-0.7608067, 0.1187934, -0.6380136), (-0.6854432, 0.1070261, -0.7202174), (-0.6014599, 0.09391278, -0.793364), (-0.5099129, 0.0796185, -0.8565336), (-0.4119534, 0.06432298, -0.9089318), (-0.3088134, 0.04821855, -0.9498996), (-0.2017899, 0.03150775, -0.9789219), (-0.09222872, 0.01440072, -0.9956337), (0.01849226, -0.002887406, -0.9998248), (0.1289807, -0.02013922, -0.9914426), (0.2378471, -0.03713778, -0.9705924), (0.3437225, -0.0536693, -0.9375364), (0.4452753, -0.0695259, -0.8926903), (0.5412286, -0.08450818, -0.8366182), (0.6303755, -0.09842771, -0.7700251), (0.7115952, -0.1111095, -0.6937485), (0.7838661, -0.1223939, -0.6087476), (0.8462795, -0.1321393, -0.5160913), (0.8980504, -0.1402228, -0.4169449), (0.9385278, -0.146543, -0.3125552), (0.9672026, -0.1510204, -0.2042349), (0.9837144, -0.1535985, -0.09334623), (0.9878553, -0.1542451, 0.01871632), (0.9795734, -0.152952, 0.1305435), (0.9589728, -0.1497353, 0.240729), (0.9263126, -0.1446357, 0.3478872), (0.8820034, -0.1377172, 0.4506706), (0.8266025, -0.1290669, 0.5477864), (0.7608067, -0.1187934, 0.6380136), (0.6854432, -0.1070261, 0.7202174), (0.6014599, -0.09391278, 0.793364), (0.5099129, -0.0796185, 0.8565336), (0.4119534, -0.06432298, 0.9089318), (0.3088134, -0.04821855, 0.9498996), (0.2017899, -0.03150775, 0.9789219), (0.09222872, -0.01440072, 0.9956337), (0.01849226, -0.002887406, 0.9998248), (-0.09222872, 0.01440072, 0.9956337), (-0.2017899, 0.03150775, 0.9789219), (-0.3088134, 0.04821855, 0.9498996), (-0.4119534, 0.06432298, 0.9089318), (-0.5099129, 0.0796185, 0.8565336), (-0.6014599, 0.09391278, 0.793364), (-0.6854432, 0.1070261, 0.7202174), (-0.7608067, 0.1187934, 0.6380136), (-0.8266025, 0.1290669, 0.5477864), (-0.8820034, 0.1377172, 0.4506706), (-0.9263126, 0.1446357, 0.3478872), (-0.9589728, 0.1497353, 0.240729), (-0.9795734, 0.152952, 0.1305435), (-0.9878553, 0.1542451, 0.01871632), (-0.9837144, 0.1535985, -0.09334623), (-0.9672026, 0.1510204, -0.2042349), (-0.9385278, 0.146543, -0.3125552), (-0.8980504, 0.1402228, -0.4169449), (-0.8462795, 0.1321393, -0.5160913), (-0.7838661, 0.1223939, -0.6087476), (-0.7115952, 0.1111095, -0.6937485), (-0.6303755, 0.09842771, -0.7700251), (-0.5412286, 0.08450818, -0.8366182), (-0.4452753, 0.0695259, -0.8926903), (-0.3437225, 0.0536693, -0.9375364), (-0.2378471, 0.03713778, -0.9705924), (-0.1289807, 0.02013922, -0.9914426), (-0.01849226, 0.002887406, -0.9998248), (0.09222872, -0.01440072, -0.9956337), (0.2017899, -0.03150775, -0.9789219), (0.3088134, -0.04821855, -0.9498996), (0.4119534, -0.06432298, -0.9089318), (0.5099129, -0.0796185, -0.8565336), (0.6014599, -0.09391278, -0.793364), (0.6854432, -0.1070261, -0.7202174), (0.7608067, -0.1187934, -0.6380136), (0.8266025, -0.1290669, -0.5477864), (0.8820034, -0.1377172, -0.4506706), (0.9263126, -0.1446357, -0.3478872), (0.9589728, -0.1497353, -0.240729), (0.9795734, -0.152952, -0.1305435), (0.9878553, -0.1542451, -0.01871632), (0.9837144, -0.1535985, 0.09334623), (0.9672026, -0.1510204, 0.2042349), (0.9385278, -0.146543, 0.3125552), (0.8980504, -0.1402228, 0.4169449), (0.8462795, -0.1321393, 0.5160913), (0.7838661, -0.1223939, 0.6087476), (0.7115952, -0.1111095, 0.6937485), (0.6303755, -0.09842771, 0.7700251), (0.5412286, -0.08450818, 0.8366182), (0.4452753, -0.0695259, 0.8926903), (0.3437225, -0.0536693, 0.9375364), (0.2378471, -0.03713778, 0.9705924), (0.1289807, -0.02013922, 0.9914426), (0.1542721, 0.9880284, 0), (0.1542721, 0.9880284, 3.281397e-14), (0.1542721, 0.9880284, 2.241247e-14), (0.1542721, 0.9880284, 7.639208e-15), (0.1542721, 0.9880284, -4.627194e-14), (0.1542721, 0.9880284, -9.882637e-15), (0.1542721, 0.9880284, 2.750808e-14), (0.1542721, 0.9880284, 1.808364e-14), (0.1542721, 0.9880284, -1.099292e-14), (0.1542721, 0.9880284, -5.078062e-15), (0.1542721, 0.9880284, -1.694406e-15), (0.1542721, 0.9880284, -6.032857e-15), (0.1542721, 0.9880284, 2.555706e-15), (0.1542721, 0.9880284, -1.513039e-15), (0.1542721, 0.9880284, 0), (0.1542721, 0.9880284, 1.237638e-15), (0.1542721, 0.9880284, -1.706077e-15), (0.1542721, 0.9880284, 3.27113e-15), (0.1542721, 0.9880284, 7.407019e-16), (0.1542721, 0.9880284, 1.770737e-15), (0.1542721, 0.9880284, 3.01348e-15), (0.1542721, 0.9880284, -3.821166e-15), (0.1542721, 0.9880284, -4.362823e-15), (0.1542721, 0.9880284, 1.134201e-15), (0.1542721, 0.9880284, 3.648557e-15), (0.1542721, 0.9880284, -3.830618e-16), (0.1542721, 0.9880284, -6.3084e-16), (0.1542721, 0.9880284, -4.113574e-16), (0.1542721, 0.9880284, 0), (0.1542721, 0.9880284, 0), (0.1542721, 0.9880284, -6.324165e-17), (0.1542721, 0.9880284, -1.492369e-16), (0.1542721, 0.9880284, -2.626911e-15), (0.1542721, 0.9880284, -6.36861e-16), (0.1542721, 0.9880284, 3.146427e-15), (0.1542721, 0.9880284, 2.795901e-15), (0.1542721, 0.9880284, -2.864047e-15), (0.1542721, 0.9880284, -1.635565e-15), (0.1542721, 0.9880284, -8.530383e-16), (0.1542721, 0.9880284, -3.094096e-15), (0.1542721, 0.9880284, 1.496759e-15), (0.1542721, 0.9880284, -1.286083e-15), (0.1542721, 0.9880284, 0), (0.1542721, 0.9880284, -2.724516e-15), (0.1542721, 0.9880284, -2.82401e-15), (0.1542721, 0.9880284, 1.229426e-14), (0.1542721, 0.9880284, 2.424908e-15), (0.1542721, 0.9880284, 6.228809e-15), (0.1542721, 0.9880284, 1.498093e-14), (0.1542721, 0.9880284, -2.080555e-14), (0.1542721, 0.9880284, -3.504328e-14), (0.1542721, 0.9880284, 1.145881e-14), (0.1542721, 0.9880284, 8.644812e-14), (0.1542721, 0.9880284, 1.131516e-14), (0.1542721, 0.9880284, 1.955129e-14), (0.1542721, 0.9880284, -8.105565e-18), (-0.1542721, -0.9880284, 0), (-0.1542721, -0.9880284, 1.767136e-14), (-0.1542721, -0.9880284, -1.630326e-13), (-0.1542721, -0.9880284, -5.358772e-14), (-0.1542721, -0.9880284, 3.57133e-14), (-0.1542721, -0.9880284, -4.047253e-14), (-0.1542721, -0.9880284, 2.496666e-14), (-0.1542721, -0.9880284, 1.291459e-14), (-0.1542721, -0.9880284, -6.228809e-15), (-0.1542721, -0.9880284, -2.263247e-15), (-0.1542721, -0.9880284, -1.015612e-14), (-0.1542721, -0.9880284, 6.664663e-15), (-0.1542721, -0.9880284, 1.274684e-14), (-0.1542721, -0.9880284, -1.669728e-14), (-0.1542721, -0.9880284, 0), (-0.1542721, -0.9880284, 1.333476e-14), (-0.1542721, -0.9880284, -8.106531e-15), (-0.1542721, -0.9880284, -3.355284e-15), (-0.1542721, -0.9880284, 4.009772e-15), (-0.1542721, -0.9880284, 6.913218e-16), (-0.1542721, -0.9880284, 1.444549e-15), (-0.1542721, -0.9880284, -2.215794e-15), (-0.1542721, -0.9880284, -3.056933e-15), (-0.1542721, -0.9880284, 3.359169e-15), (-0.1542721, -0.9880284, -1.860487e-15), (-0.1542721, -0.9880284, 1.546988e-15), (-0.1542721, -0.9880284, 2.069731e-15), (-0.1542721, -0.9880284, -5.573211e-17), (-0.1542721, -0.9880284, 0), (-0.1542721, -0.9880284, 5.573211e-17), (-0.1542721, -0.9880284, -2.069731e-15), (-0.1542721, -0.9880284, -1.546988e-15), (-0.1542721, -0.9880284, 1.860487e-15), (-0.1542721, -0.9880284, -3.359169e-15), (-0.1542721, -0.9880284, 3.056933e-15), (-0.1542721, -0.9880284, 2.215794e-15), (-0.1542721, -0.9880284, -1.444549e-15), (-0.1542721, -0.9880284, -6.913218e-16), (-0.1542721, -0.9880284, -4.009772e-15), (-0.1542721, -0.9880284, 3.355284e-15), (-0.1542721, -0.9880284, 8.106531e-15), (-0.1542721, -0.9880284, -1.333476e-14), (-0.1542721, -0.9880284, 0), (-0.1542721, -0.9880284, 1.669728e-14), (-0.1542721, -0.9880284, -1.274684e-14), (-0.1542721, -0.9880284, -6.664663e-15), (-0.1542721, -0.9880284, 1.015612e-14), (-0.1542721, -0.9880284, 2.263247e-15), (-0.1542721, -0.9880284, 6.228809e-15), (-0.1542721, -0.9880284, -1.291459e-14), (-0.1542721, -0.9880284, -2.496666e-14), (-0.1542721, -0.9880284, 4.047253e-14), (-0.1542721, -0.9880284, -3.57133e-14), (-0.1542721, -0.9880284, 5.358772e-14), (-0.1542721, -0.9880284, 1.630326e-13), (-0.1542721, -0.9880284, -1.767136e-14)] (interpolation = "vertex")
            float3[] extent = [(-0.1414741, -0.08778568, -0.0025), (-0.1153299, 0.04878568, 0.0025)]
            rel material:binding = </WorkbenchPart/Materials/carbon>
            texCoord2f[] primvars:st = [(-47.00938, 0.9937122), (-46.90014, 0.9749279), (-46.79367, 0.9438833), (-47.00938, 0.9937122), (-46.79367, 0.9438833), (-46.69131, 0.9009689), (-47.00938, 0.9937122), (-46.69131, 0.9009689), (-46.59434, 0.8467242), (-47.00938, 0.9937122), (-46.59434, 0.8467242), (-46.50397, 0.7818315), (-47.00938, 0.9937122), (-46.50397, 0.7818315), (-46.42136, 0.7071068), (-47.00938, 0.9937122), (-46.42136, 0.7071068), (-46.34753, 0.6234898), (-47.00938, 0.9937122), (-46.34753, 0.6234898), (-46.28341, 0.5320321), (-47.00938, 0.9937122), (-46.28341, 0.5320321), (-46.22982, 0.4338837), (-47.00938, 0.9937122), (-46.22982, 0.4338837), (-46.18742, 0.3302791), (-47.00938, 0.9937122), (-46.18742, 0.3302791), (-46.15674, 0.2225209), (-47.00938, 0.9937122), (-46.15674, 0.2225209), (-46.13818, 0.1119645), (-47.00938, 0.9937122), (-46.13818, 0.1119645), (-46.13197, -1.83697e-16), (-47.00938, 0.9937122), (-46.13197, -1.83697e-16), (-46.13818, -0.1119645), (-47.00938, 0.9937122), (-46.13818, -0.1119645), (-46.15674, -0.2225209), (-47.00938, 0.9937122), (-46.15674, -0.2225209), (-46.18742, -0.3302791), (-47.00938, 0.9937122), (-46.18742, -0.3302791), (-46.22982, -0.4338837), (-47.00938, 0.9937122), (-46.22982, -0.4338837), (-46.28341, -0.5320321), (-47.00938, 0.9937122), (-46.28341, -0.5320321), (-46.34753, -0.6234898), (-47.00938, 0.9937122), (-46.34753, -0.6234898), (-46.42136, -0.7071068), (-47.00938, 0.9937122), (-46.42136, -0.7071068), (-46.50397, -0.7818315), (-47.00938, 0.9937122), (-46.50397, -0.7818315), (-46.59434, -0.8467242), (-47.00938, 0.9937122), (-46.59434, -0.8467242), (-46.69131, -0.9009689), (-47.00938, 0.9937122), (-46.69131, -0.9009689), (-46.79367, -0.9438833), (-47.00938, 0.9937122), (-46.79367, -0.9438833), (-46.90014, -0.9749279), (-47.00938, 0.9937122), (-46.90014, -0.9749279), (-47.00938, -0.9937122), (-47.00938, 0.9937122), (-47.00938, -0.9937122), (-47.12, -1), (-47.00938, 0.9937122), (-47.12, -1), (-47.23062, -0.9937122), (-47.00938, 0.9937122), (-47.23062, -0.9937122), (-47.33986, -0.9749279), (-47.00938, 0.9937122), (-47.33986, -0.9749279), (-47.44633, -0.9438833), (-47.00938, 0.9937122), (-47.44633, -0.9438833), (-47.54869, -0.9009689), (-47.00938, 0.9937122), (-47.54869, -0.9009689), (-47.64566, -0.8467242), (-47.00938, 0.9937122), (-47.64566, -0.8467242), (-47.73603, -0.7818315), (-47.00938, 0.9937122), (-47.73603, -0.7818315), (-47.81864, -0.7071068), (-47.00938, 0.9937122), (-47.81864, -0.7071068), (-47.89247, -0.6234898), (-47.00938, 0.9937122), (-47.89247, -0.6234898), (-47.95659, -0.5320321), (-47.00938, 0.9937122), (-47.95659, -0.5320321), (-48.01018, -0.4338837), (-47.00938, 0.9937122), (-48.01018, -0.4338837), (-48.05258, -0.3302791), (-47.00938, 0.9937122), (-48.05258, -0.3302791), (-48.08326, -0.2225209), (-47.00938, 0.9937122), (-48.08326, -0.2225209), (-48.10182, -0.1119645), (-47.00938, 0.9937122), (-48.10182, -0.1119645), (-48.10803, 6.123234e-17), (-47.00938, 0.9937122), (-48.10803, 6.123234e-17), (-48.10182, 0.1119645), (-47.00938, 0.9937122), (-48.10182, 0.1119645), (-48.08326, 0.2225209), (-47.00938, 0.9937122), (-48.08326, 0.2225209), (-48.05258, 0.3302791), (-47.00938, 0.9937122), (-48.05258, 0.3302791), (-48.01018, 0.4338837), (-47.00938, 0.9937122), (-48.01018, 0.4338837), (-47.95659, 0.5320321), (-47.00938, 0.9937122), (-47.95659, 0.5320321), (-47.89247, 0.6234898), (-47.00938, 0.9937122), (-47.89247, 0.6234898), (-47.81864, 0.7071068), (-47.00938, 0.9937122), (-47.81864, 0.7071068), (-47.73603, 0.7818315), (-47.00938, 0.9937122), (-47.73603, 0.7818315), (-47.64566, 0.8467242), (-47.00938, 0.9937122), (-47.64566, 0.8467242), (-47.54869, 0.9009689), (-47.00938, 0.9937122), (-47.54869, 0.9009689), (-47.44633, 0.9438833), (-47.00938, 0.9937122), (-47.44633, 0.9438833), (-47.33986, 0.9749279), (-47.00938, 0.9937122), (-47.33986, 0.9749279), (-47.23062, 0.9937122), (-47.00938, 0.9937122), (-47.23062, 0.9937122), (-47.12, 1), (-55.6016, 1), (-55.71222, 0.9937122), (-55.82146, 0.9749279), (-55.6016, 1), (-55.82146, 0.9749279), (-55.92793, 0.9438833), (-55.6016, 1), (-55.92793, 0.9438833), (-56.03029, 0.9009689), (-55.6016, 1), (-56.03029, 0.9009689), (-56.12726, 0.8467242), (-55.6016, 1), (-56.12726, 0.8467242), (-56.21763, 0.7818315), (-55.6016, 1), (-56.21763, 0.7818315), (-56.30024, 0.7071068), (-55.6016, 1), (-56.30024, 0.7071068), (-56.37407, 0.6234898), (-55.6016, 1), (-56.37407, 0.6234898), (-56.43819, 0.5320321), (-55.6016, 1), (-56.43819, 0.5320321), (-56.49178, 0.4338837), (-55.6016, 1), (-56.49178, 0.4338837), (-56.53418, 0.3302791), (-55.6016, 1), (-56.53418, 0.3302791), (-56.56486, 0.2225209), (-55.6016, 1), (-56.56486, 0.2225209), (-56.58342, 0.1119645), (-55.6016, 1), (-56.58342, 0.1119645), (-56.58963, 6.123234e-17), (-55.6016, 1), (-56.58963, 6.123234e-17), (-56.58342, -0.1119645), (-55.6016, 1), (-56.58342, -0.1119645), (-56.56486, -0.2225209), (-55.6016, 1), (-56.56486, -0.2225209), (-56.53418, -0.3302791), (-55.6016, 1), (-56.53418, -0.3302791), (-56.49178, -0.4338837), (-55.6016, 1), (-56.49178, -0.4338837), (-56.43819, -0.5320321), (-55.6016, 1), (-56.43819, -0.5320321), (-56.37407, -0.6234898), (-55.6016, 1), (-56.37407, -0.6234898), (-56.30024, -0.7071068), (-55.6016, 1), (-56.30024, -0.7071068), (-56.21763, -0.7818315), (-55.6016, 1), (-56.21763, -0.7818315), (-56.12726, -0.8467242), (-55.6016, 1), (-56.12726, -0.8467242), (-56.03029, -0.9009689), (-55.6016, 1), (-56.03029, -0.9009689), (-55.92793, -0.9438833), (-55.6016, 1), (-55.92793, -0.9438833), (-55.82146, -0.9749279), (-55.6016, 1), (-55.82146, -0.9749279), (-55.71222, -0.9937122), (-55.6016, 1), (-55.71222, -0.9937122), (-55.6016, -1), (-55.6016, 1), (-55.6016, -1), (-55.49098, -0.9937122), (-55.6016, 1), (-55.49098, -0.9937122), (-55.38174, -0.9749279), (-55.6016, 1), (-55.38174, -0.9749279), (-55.27527, -0.9438833), (-55.6016, 1), (-55.27527, -0.9438833), (-55.17291, -0.9009689), (-55.6016, 1), (-55.17291, -0.9009689), (-55.07594, -0.8467242), (-55.6016, 1), (-55.07594, -0.8467242), (-54.98557, -0.7818315), (-55.6016, 1), (-54.98557, -0.7818315), (-54.90296, -0.7071068), (-55.6016, 1), (-54.90296, -0.7071068), (-54.82913, -0.6234898), (-55.6016, 1), (-54.82913, -0.6234898), (-54.76501, -0.5320321), (-55.6016, 1), (-54.76501, -0.5320321), (-54.71142, -0.4338837), (-55.6016, 1), (-54.71142, -0.4338837), (-54.66902, -0.3302791), (-55.6016, 1), (-54.66902, -0.3302791), (-54.63834, -0.2225209), (-55.6016, 1), (-54.63834, -0.2225209), (-54.61978, -0.1119645), (-55.6016, 1), (-54.61978, -0.1119645), (-54.61357, -1.83697e-16), (-55.6016, 1), (-54.61357, -1.83697e-16), (-54.61978, 0.1119645), (-55.6016, 1), (-54.61978, 0.1119645), (-54.63834, 0.2225209), (-55.6016, 1), (-54.63834, 0.2225209), (-54.66902, 0.3302791), (-55.6016, 1), (-54.66902, 0.3302791), (-54.71142, 0.4338837), (-55.6016, 1), (-54.71142, 0.4338837), (-54.76501, 0.5320321), (-55.6016, 1), (-54.76501, 0.5320321), (-54.82913, 0.6234898), (-55.6016, 1), (-54.82913, 0.6234898), (-54.90296, 0.7071068), (-55.6016, 1), (-54.90296, 0.7071068), (-54.98557, 0.7818315), (-55.6016, 1), (-54.98557, 0.7818315), (-55.07594, 0.8467242), (-55.6016, 1), (-55.07594, 0.8467242), (-55.17291, 0.9009689), (-55.6016, 1), (-55.17291, 0.9009689), (-55.27527, 0.9438833), (-55.6016, 1), (-55.27527, 0.9438833), (-55.38174, 0.9749279), (-55.6016, 1), (-55.38174, 0.9749279), (-55.49098, 0.9937122), (-47.12, 19.36), (-47.23062, 19.37727), (-55.71222, -34.94273), (-47.12, 19.36), (-55.71222, -34.94273), (-55.6016, -34.96), (-47.23062, 19.37727), (-47.33986, 19.39433), (-55.82146, -34.92567), (-47.23062, 19.37727), (-55.82146, -34.92567), (-55.71222, -34.94273), (-47.33986, 19.39433), (-47.44633, 19.41095), (-55.92793, -34.90905), (-47.33986, 19.39433), (-55.92793, -34.90905), (-55.82146, -34.92567), (-47.44633, 19.41095), (-47.54869, 19.42694), (-56.03029, -34.89306), (-47.44633, 19.41095), (-56.03029, -34.89306), (-55.92793, -34.90905), (-47.54869, 19.42694), (-47.64566, 19.44208), (-56.12726, -34.87792), (-47.54869, 19.42694), (-56.12726, -34.87792), (-56.03029, -34.89306), (-47.64566, 19.44208), (-47.73603, 19.45619), (-56.21763, -34.86381), (-47.64566, 19.44208), (-56.21763, -34.86381), (-56.12726, -34.87792), (-47.73603, 19.45619), (-47.81864, 19.46909), (-56.30024, -34.85091), (-47.73603, 19.45619), (-56.30024, -34.85091), (-56.21763, -34.86381), (19.46909, 0.7071068), (19.48061, 0.6234898), (-34.83939, 0.6234898), (19.46909, 0.7071068), (-34.83939, 0.6234898), (-34.85091, 0.7071068), (19.48061, 0.6234898), (19.49063, 0.5320321), (-34.82937, 0.5320321), (19.48061, 0.6234898), (-34.82937, 0.5320321), (-34.83939, 0.6234898), (19.49063, 0.5320321), (19.49899, 0.4338837), (-34.82101, 0.4338837), (19.49063, 0.5320321), (-34.82101, 0.4338837), (-34.82937, 0.5320321), (19.49899, 0.4338837), (19.50561, 0.3302791), (-34.81439, 0.3302791), (19.49899, 0.4338837), (-34.81439, 0.3302791), (-34.82101, 0.4338837), (19.50561, 0.3302791), (19.5104, 0.2225209), (-34.8096, 0.2225209), (19.50561, 0.3302791), (-34.8096, 0.2225209), (-34.81439, 0.3302791), (19.5104, 0.2225209), (19.5133, 0.1119645), (-34.8067, 0.1119645), (19.5104, 0.2225209), (-34.8067, 0.1119645), (-34.8096, 0.2225209), (19.5133, 0.1119645), (19.51427, 6.123234e-17), (-34.80573, 6.123234e-17), (19.5133, 0.1119645), (-34.80573, 6.123234e-17), (-34.8067, 0.1119645), (19.51427, 6.123234e-17), (19.5133, -0.1119645), (-34.8067, -0.1119645), (19.51427, 6.123234e-17), (-34.8067, -0.1119645), (-34.80573, 6.123234e-17), (19.5133, -0.1119645), (19.5104, -0.2225209), (-34.8096, -0.2225209), (19.5133, -0.1119645), (-34.8096, -0.2225209), (-34.8067, -0.1119645), (19.5104, -0.2225209), (19.50561, -0.3302791), (-34.81439, -0.3302791), (19.5104, -0.2225209), (-34.81439, -0.3302791), (-34.8096, -0.2225209), (19.50561, -0.3302791), (19.49899, -0.4338837), (-34.82101, -0.4338837), (19.50561, -0.3302791), (-34.82101, -0.4338837), (-34.81439, -0.3302791), (19.49899, -0.4338837), (19.49063, -0.5320321), (-34.82937, -0.5320321), (19.49899, -0.4338837), (-34.82937, -0.5320321), (-34.82101, -0.4338837), (19.49063, -0.5320321), (19.48061, -0.6234898), (-34.83939, -0.6234898), (19.49063, -0.5320321), (-34.83939, -0.6234898), (-34.82937, -0.5320321), (19.48061, -0.6234898), (19.46909, -0.7071068), (-34.85091, -0.7071068), (19.48061, -0.6234898), (-34.85091, -0.7071068), (-34.83939, -0.6234898), (-47.81864, 19.46909), (-47.73603, 19.45619), (-56.21763, -34.86381), (-47.81864, 19.46909), (-56.21763, -34.86381), (-56.30024, -34.85091), (-47.73603, 19.45619), (-47.64566, 19.44208), (-56.12726, -34.87792), (-47.73603, 19.45619), (-56.12726, -34.87792), (-56.21763, -34.86381), (-47.64566, 19.44208), (-47.54869, 19.42694), (-56.03029, -34.89306), (-47.64566, 19.44208), (-56.03029, -34.89306), (-56.12726, -34.87792), (-47.54869, 19.42694), (-47.44633, 19.41095), (-55.92793, -34.90905), (-47.54869, 19.42694), (-55.92793, -34.90905), (-56.03029, -34.89306), (-47.44633, 19.41095), (-47.33986, 19.39433), (-55.82146, -34.92567), (-47.44633, 19.41095), (-55.82146, -34.92567), (-55.92793, -34.90905), (-47.33986, 19.39433), (-47.23062, 19.37727), (-55.71222, -34.94273), (-47.33986, 19.39433), (-55.71222, -34.94273), (-55.82146, -34.92567), (-47.23062, 19.37727), (-47.12, 19.36), (-55.6016, -34.96), (-47.23062, 19.37727), (-55.6016, -34.96), (-55.71222, -34.94273), (-47.12, 19.36), (-47.00938, 19.34273), (-55.49098, -34.97727), (-47.12, 19.36), (-55.49098, -34.97727), (-55.6016, -34.96), (-47.00938, 19.34273), (-46.90014, 19.32567), (-55.38174, -34.99433), (-47.00938, 19.34273), (-55.38174, -34.99433), (-55.49098, -34.97727), (-46.90014, 19.32567), (-46.79367, 19.30905), (-55.27527, -35.01095), (-46.90014, 19.32567), (-55.27527, -35.01095), (-55.38174, -34.99433), (-46.79367, 19.30905), (-46.69131, 19.29306), (-55.17291, -35.02694), (-46.79367, 19.30905), (-55.17291, -35.02694), (-55.27527, -35.01095), (-46.69131, 19.29306), (-46.59434, 19.27792), (-55.07594, -35.04208), (-46.69131, 19.29306), (-55.07594, -35.04208), (-55.17291, -35.02694), (-46.59434, 19.27792), (-46.50397, 19.26381), (-54.98557, -35.05619), (-46.59434, 19.27792), (-54.98557, -35.05619), (-55.07594, -35.04208), (-46.50397, 19.26381), (-46.42136, 19.25091), (-54.90296, -35.06909), (-46.50397, 19.26381), (-54.90296, -35.06909), (-54.98557, -35.05619), (19.25091, -0.7071068), (19.23939, -0.6234898), (-35.08061, -0.6234898), (19.25091, -0.7071068), (-35.08061, -0.6234898), (-35.06909, -0.7071068), (19.23939, -0.6234898), (19.22937, -0.5320321), (-35.09063, -0.5320321), (19.23939, -0.6234898), (-35.09063, -0.5320321), (-35.08061, -0.6234898), (19.22937, -0.5320321), (19.22101, -0.4338837), (-35.09899, -0.4338837), (19.22937, -0.5320321), (-35.09899, -0.4338837), (-35.09063, -0.5320321), (19.22101, -0.4338837), (19.21439, -0.3302791), (-35.10561, -0.3302791), (19.22101, -0.4338837), (-35.10561, -0.3302791), (-35.09899, -0.4338837), (19.21439, -0.3302791), (19.2096, -0.2225209), (-35.1104, -0.2225209), (19.21439, -0.3302791), (-35.1104, -0.2225209), (-35.10561, -0.3302791), (19.2096, -0.2225209), (19.2067, -0.1119645), (-35.1133, -0.1119645), (19.2096, -0.2225209), (-35.1133, -0.1119645), (-35.1104, -0.2225209), (19.2067, -0.1119645), (19.20573, -1.83697e-16), (-35.11427, -1.83697e-16), (19.2067, -0.1119645), (-35.11427, -1.83697e-16), (-35.1133, -0.1119645), (19.20573, -1.83697e-16), (19.2067, 0.1119645), (-35.1133, 0.1119645), (19.20573, -1.83697e-16), (-35.1133, 0.1119645), (-35.11427, -1.83697e-16), (19.2067, 0.1119645), (19.2096, 0.2225209), (-35.1104, 0.2225209), (19.2067, 0.1119645), (-35.1104, 0.2225209), (-35.1133, 0.1119645), (19.2096, 0.2225209), (19.21439, 0.3302791), (-35.10561, 0.3302791), (19.2096, 0.2225209), (-35.10561, 0.3302791), (-35.1104, 0.2225209), (19.21439, 0.3302791), (19.22101, 0.4338837), (-35.09899, 0.4338837), (19.21439, 0.3302791), (-35.09899, 0.4338837), (-35.10561, 0.3302791), (19.22101, 0.4338837), (19.22937, 0.5320321), (-35.09063, 0.5320321), (19.22101, 0.4338837), (-35.09063, 0.5320321), (-35.09899, 0.4338837), (19.22937, 0.5320321), (19.23939, 0.6234898), (-35.08061, 0.6234898), (19.22937, 0.5320321), (-35.08061, 0.6234898), (-35.09063, 0.5320321), (19.23939, 0.6234898), (19.25091, 0.7071068), (-35.06909, 0.7071068), (19.23939, 0.6234898), (-35.06909, 0.7071068), (-35.08061, 0.6234898), (-46.42136, 19.25091), (-46.50397, 19.26381), (-54.98557, -35.05619), (-46.42136, 19.25091), (-54.98557, -35.05619), (-54.90296, -35.06909), (-46.50397, 19.26381), (-46.59434, 19.27792), (-55.07594, -35.04208), (-46.50397, 19.26381), (-55.07594, -35.04208), (-54.98557, -35.05619), (-46.59434, 19.27792), (-46.69131, 19.29306), (-55.17291, -35.02694), (-46.59434, 19.27792), (-55.17291, -35.02694), (-55.07594, -35.04208), (-46.69131, 19.29306), (-46.79367, 19.30905), (-55.27527, -35.01095), (-46.69131, 19.29306), (-55.27527, -35.01095), (-55.17291, -35.02694), (-46.79367, 19.30905), (-46.90014, 19.32567), (-55.38174, -34.99433), (-46.79367, 19.30905), (-55.38174, -34.99433), (-55.27527, -35.01095), (-46.90014, 19.32567), (-47.00938, 19.34273), (-55.49098, -34.97727), (-46.90014, 19.32567), (-55.49098, -34.97727), (-55.38174, -34.99433), (-47.00938, 19.34273), (-47.12, 19.36), (-55.6016, -34.96), (-47.00938, 19.34273), (-55.6016, -34.96), (-55.49098, -34.97727)] (interpolation = "faceVarying")
        }
        def Mesh "TrunnionMount_01" (prepend apiSchemas = ["MaterialBindingAPI"])
        {
            uniform token subdivisionScheme = "none"
            uniform token orientation = "rightHanded"
            bool doubleSided = false
            point3f[] points = [(-0.1363774, 0.06382265, -0.00507735), (-0.1364667, 0.06373333, -0.004833333), (-0.1365071, 0.06369289, -0.0045), (-0.1365071, 0.06369289, 0.0045), (-0.1364667, 0.06373333, 0.004833333), (-0.1363774, 0.06382265, 0.00507735), (-0.1364667, 0.06406667, -0.005166667), (-0.1366165, 0.06399175, -0.004908248), (-0.1366944, 0.06395279, -0.0045), (-0.1366944, 0.06395279, 0.0045), (-0.1366165, 0.06399175, 0.004908248), (-0.1364667, 0.06406667, 0.005166667), (-0.1365071, 0.0644, -0.005207107), (-0.1366944, 0.0644, -0.004947214), (-0.1368, 0.0644, -0.0045), (-0.1368, 0.0644, 0.0045), (-0.1366944, 0.0644, 0.004947214), (-0.1365071, 0.0644, 0.005207107), (-0.1365071, 0.0664, -0.005207107), (-0.1366944, 0.0664, -0.004947214), (-0.1368, 0.0664, -0.0045), (-0.1368, 0.0664, 0.0045), (-0.1366944, 0.0664, 0.004947214), (-0.1365071, 0.0664, 0.005207107), (-0.1364667, 0.06673333, -0.005166667), (-0.1366165, 0.06680825, -0.004908248), (-0.1366944, 0.06684721, -0.0045), (-0.1366944, 0.06684721, 0.0045), (-0.1366165, 0.06680825, 0.004908248), (-0.1364667, 0.06673333, 0.005166667), (-0.1363774, 0.06697735, -0.00507735), (-0.1364667, 0.06706667, -0.004833333), (-0.1365071, 0.06710711, -0.0045), (-0.1365071, 0.06710711, 0.0045), (-0.1364667, 0.06706667, 0.004833333), (-0.1363774, 0.06697735, 0.00507735), (-0.09922265, 0.06382265, -0.00507735), (-0.09913333, 0.06373333, -0.004833333), (-0.09909289, 0.06369289, -0.0045), (-0.09909289, 0.06369289, 0.0045), (-0.09913333, 0.06373333, 0.004833333), (-0.09922265, 0.06382265, 0.00507735), (-0.09913333, 0.06406667, -0.005166667), (-0.0989835, 0.06399175, -0.004908248), (-0.09890557, 0.06395279, -0.0045), (-0.09890557, 0.06395279, 0.0045), (-0.0989835, 0.06399175, 0.004908248), (-0.09913333, 0.06406667, 0.005166667), (-0.09909289, 0.0644, -0.005207107), (-0.09890557, 0.0644, -0.004947214), (-0.0988, 0.0644, -0.0045), (-0.0988, 0.0644, 0.0045), (-0.09890557, 0.0644, 0.004947214), (-0.09909289, 0.0644, 0.005207107), (-0.09909289, 0.0664, -0.005207107), (-0.09890557, 0.0664, -0.004947214), (-0.0988, 0.0664, -0.0045), (-0.0988, 0.0664, 0.0045), (-0.09890557, 0.0664, 0.004947214), (-0.09909289, 0.0664, 0.005207107), (-0.09913333, 0.06673333, -0.005166667), (-0.0989835, 0.06680825, -0.004908248), (-0.09890557, 0.06684721, -0.0045), (-0.09890557, 0.06684721, 0.0045), (-0.0989835, 0.06680825, 0.004908248), (-0.09913333, 0.06673333, 0.005166667), (-0.09922265, 0.06697735, -0.00507735), (-0.09913333, 0.06706667, -0.004833333), (-0.09909289, 0.06710711, -0.0045), (-0.09909289, 0.06710711, 0.0045), (-0.09913333, 0.06706667, 0.004833333), (-0.09922265, 0.06697735, 0.00507735), (-0.1363774, 0.06382265, -0.00507735), (-0.1361333, 0.06373333, -0.005166667), (-0.1358, 0.06369289, -0.005207107), (-0.0998, 0.06369289, -0.005207107), (-0.09946667, 0.06373333, -0.005166667), (-0.09922265, 0.06382265, -0.00507735), (-0.1364667, 0.06373333, -0.004833333), (-0.1362082, 0.0635835, -0.004908248), (-0.1358, 0.06350557, -0.004947214), (-0.0998, 0.06350557, -0.004947214), (-0.09939175, 0.0635835, -0.004908248), (-0.09913333, 0.06373333, -0.004833333), (-0.1365071, 0.06369289, -0.0045), (-0.1362472, 0.06350557, -0.0045), (-0.1358, 0.0634, -0.0045), (-0.0998, 0.0634, -0.0045), (-0.09935279, 0.06350557, -0.0045), (-0.09909289, 0.06369289, -0.0045), (-0.1365071, 0.06369289, 0.0045), (-0.1362472, 0.06350557, 0.0045), (-0.1358, 0.0634, 0.0045), (-0.0998, 0.0634, 0.0045), (-0.09935279, 0.06350557, 0.0045), (-0.09909289, 0.06369289, 0.0045), (-0.1364667, 0.06373333, 0.004833333), (-0.1362082, 0.0635835, 0.004908248), (-0.1358, 0.06350557, 0.004947214), (-0.0998, 0.06350557, 0.004947214), (-0.09939175, 0.0635835, 0.004908248), (-0.09913333, 0.06373333, 0.004833333), (-0.1363774, 0.06382265, 0.00507735), (-0.1361333, 0.06373333, 0.005166667), (-0.1358, 0.06369289, 0.005207107), (-0.0998, 0.06369289, 0.005207107), (-0.09946667, 0.06373333, 0.005166667), (-0.09922265, 0.06382265, 0.00507735), (-0.1363774, 0.06697735, -0.00507735), (-0.1361333, 0.06706667, -0.005166667), (-0.1358, 0.06710711, -0.005207107), (-0.0998, 0.06710711, -0.005207107), (-0.09946667, 0.06706667, -0.005166667), (-0.09922265, 0.06697735, -0.00507735), (-0.1364667, 0.06706667, -0.004833333), (-0.1362082, 0.0672165, -0.004908248), (-0.1358, 0.06729443, -0.004947214), (-0.0998, 0.06729443, -0.004947214), (-0.09939175, 0.0672165, -0.004908248), (-0.09913333, 0.06706667, -0.004833333), (-0.1365071, 0.06710711, -0.0045), (-0.1362472, 0.06729443, -0.0045), (-0.1358, 0.0674, -0.0045), (-0.0998, 0.0674, -0.0045), (-0.09935279, 0.06729443, -0.0045), (-0.09909289, 0.06710711, -0.0045), (-0.1365071, 0.06710711, 0.0045), (-0.1362472, 0.06729443, 0.0045), (-0.1358, 0.0674, 0.0045), (-0.0998, 0.0674, 0.0045), (-0.09935279, 0.06729443, 0.0045), (-0.09909289, 0.06710711, 0.0045), (-0.1364667, 0.06706667, 0.004833333), (-0.1362082, 0.0672165, 0.004908248), (-0.1358, 0.06729443, 0.004947214), (-0.0998, 0.06729443, 0.004947214), (-0.09939175, 0.0672165, 0.004908248), (-0.09913333, 0.06706667, 0.004833333), (-0.1363774, 0.06697735, 0.00507735), (-0.1361333, 0.06706667, 0.005166667), (-0.1358, 0.06710711, 0.005207107), (-0.0998, 0.06710711, 0.005207107), (-0.09946667, 0.06706667, 0.005166667), (-0.09922265, 0.06697735, 0.00507735), (-0.1363774, 0.06382265, -0.00507735), (-0.1364667, 0.06406667, -0.005166667), (-0.1365071, 0.0644, -0.005207107), (-0.1365071, 0.0664, -0.005207107), (-0.1364667, 0.06673333, -0.005166667), (-0.1363774, 0.06697735, -0.00507735), (-0.1361333, 0.06373333, -0.005166667), (-0.1362082, 0.06399175, -0.005316497), (-0.1362472, 0.0644, -0.005394427), (-0.1362472, 0.0664, -0.005394427), (-0.1362082, 0.06680825, -0.005316497), (-0.1361333, 0.06706667, -0.005166667), (-0.1358, 0.06369289, -0.005207107), (-0.1358, 0.06395279, -0.005394427), (-0.1358, 0.0644, -0.0055), (-0.1358, 0.0664, -0.0055), (-0.1358, 0.06684721, -0.005394427), (-0.1358, 0.06710711, -0.005207107), (-0.0998, 0.06369289, -0.005207107), (-0.0998, 0.06395279, -0.005394427), (-0.0998, 0.0644, -0.0055), (-0.0998, 0.0664, -0.0055), (-0.0998, 0.06684721, -0.005394427), (-0.0998, 0.06710711, -0.005207107), (-0.09946667, 0.06373333, -0.005166667), (-0.09939175, 0.06399175, -0.005316497), (-0.09935279, 0.0644, -0.005394427), (-0.09935279, 0.0664, -0.005394427), (-0.09939175, 0.06680825, -0.005316497), (-0.09946667, 0.06706667, -0.005166667), (-0.09922265, 0.06382265, -0.00507735), (-0.09913333, 0.06406667, -0.005166667), (-0.09909289, 0.0644, -0.005207107), (-0.09909289, 0.0664, -0.005207107), (-0.09913333, 0.06673333, -0.005166667), (-0.09922265, 0.06697735, -0.00507735), (-0.1363774, 0.06382265, 0.00507735), (-0.1364667, 0.06406667, 0.005166667), (-0.1365071, 0.0644, 0.005207107), (-0.1365071, 0.0664, 0.005207107), (-0.1364667, 0.06673333, 0.005166667), (-0.1363774, 0.06697735, 0.00507735), (-0.1361333, 0.06373333, 0.005166667), (-0.1362082, 0.06399175, 0.005316497), (-0.1362472, 0.0644, 0.005394427), (-0.1362472, 0.0664, 0.005394427), (-0.1362082, 0.06680825, 0.005316497), (-0.1361333, 0.06706667, 0.005166667), (-0.1358, 0.06369289, 0.005207107), (-0.1358, 0.06395279, 0.005394427), (-0.1358, 0.0644, 0.0055), (-0.1358, 0.0664, 0.0055), (-0.1358, 0.06684721, 0.005394427), (-0.1358, 0.06710711, 0.005207107), (-0.0998, 0.06369289, 0.005207107), (-0.0998, 0.06395279, 0.005394427), (-0.0998, 0.0644, 0.0055), (-0.0998, 0.0664, 0.0055), (-0.0998, 0.06684721, 0.005394427), (-0.0998, 0.06710711, 0.005207107), (-0.09946667, 0.06373333, 0.005166667), (-0.09939175, 0.06399175, 0.005316497), (-0.09935279, 0.0644, 0.005394427), (-0.09935279, 0.0664, 0.005394427), (-0.09939175, 0.06680825, 0.005316497), (-0.09946667, 0.06706667, 0.005166667), (-0.09922265, 0.06382265, 0.00507735), (-0.09913333, 0.06406667, 0.005166667), (-0.09909289, 0.0644, 0.005207107), (-0.09909289, 0.0664, 0.005207107), (-0.09913333, 0.06673333, 0.005166667), (-0.09922265, 0.06697735, 0.00507735)]
            int[] faceVertexCounts = [3, 3, 3, 3, 3, 3, 3, 3, 3, 3, 3, 3, 3, 3, 3, 3, 3, 3, 3, 3, 3, 3, 3, 3, 3, 3, 3, 3, 3, 3, 3, 3, 3, 3, 3, 3, 3, 3, 3, 3, 3, 3, 3, 3, 3, 3, 3, 3, 3, 3, 3, 3, 3, 3, 3, 3, 3, 3, 3, 3, 3, 3, 3, 3, 3, 3, 3, 3, 3, 3, 3, 3, 3, 3, 3, 3, 3, 3, 3, 3, 3, 3, 3, 3, 3, 3, 3, 3, 3, 3, 3, 3, 3, 3, 3, 3, 3, 3, 3, 3, 3, 3, 3, 3, 3, 3, 3, 3, 3, 3, 3, 3, 3, 3, 3, 3, 3, 3, 3, 3, 3, 3, 3, 3, 3, 3, 3, 3, 3, 3, 3, 3, 3, 3, 3, 3, 3, 3, 3, 3, 3, 3, 3, 3, 3, 3, 3, 3, 3, 3, 3, 3, 3, 3, 3, 3, 3, 3, 3, 3, 3, 3, 3, 3, 3, 3, 3, 3, 3, 3, 3, 3, 3, 3, 3, 3, 3, 3, 3, 3, 3, 3, 3, 3, 3, 3, 3, 3, 3, 3, 3, 3, 3, 3, 3, 3, 3, 3, 3, 3, 3, 3, 3, 3, 3, 3, 3, 3, 3, 3, 3, 3, 3, 3, 3, 3, 3, 3, 3, 3, 3, 3, 3, 3, 3, 3, 3, 3, 3, 3, 3, 3, 3, 3, 3, 3, 3, 3, 3, 3, 3, 3, 3, 3, 3, 3, 3, 3, 3, 3, 3, 3, 3, 3, 3, 3, 3, 3, 3, 3, 3, 3, 3, 3, 3, 3, 3, 3, 3, 3, 3, 3, 3, 3, 3, 3, 3, 3, 3, 3, 3, 3, 3, 3, 3, 3, 3, 3, 3, 3, 3, 3, 3, 3, 3, 3, 3, 3, 3, 3]
            int[] faceVertexIndices = [1, 7, 6, 1, 6, 0, 2, 8, 7, 2, 7, 1, 3, 9, 8, 3, 8, 2, 4, 10, 9, 4, 9, 3, 5, 11, 10, 5, 10, 4, 7, 13, 12, 7, 12, 6, 8, 14, 13, 8, 13, 7, 9, 15, 14, 9, 14, 8, 10, 16, 15, 10, 15, 9, 11, 17, 16, 11, 16, 10, 13, 19, 18, 13, 18, 12, 14, 20, 19, 14, 19, 13, 15, 21, 20, 15, 20, 14, 16, 22, 21, 16, 21, 15, 17, 23, 22, 17, 22, 16, 19, 25, 24, 19, 24, 18, 20, 26, 25, 20, 25, 19, 21, 27, 26, 21, 26, 20, 22, 28, 27, 22, 27, 21, 23, 29, 28, 23, 28, 22, 25, 31, 30, 25, 30, 24, 26, 32, 31, 26, 31, 25, 27, 33, 32, 27, 32, 26, 28, 34, 33, 28, 33, 27, 29, 35, 34, 29, 34, 28, 36, 42, 43, 36, 43, 37, 37, 43, 44, 37, 44, 38, 38, 44, 45, 38, 45, 39, 39, 45, 46, 39, 46, 40, 40, 46, 47, 40, 47, 41, 42, 48, 49, 42, 49, 43, 43, 49, 50, 43, 50, 44, 44, 50, 51, 44, 51, 45, 45, 51, 52, 45, 52, 46, 46, 52, 53, 46, 53, 47, 48, 54, 55, 48, 55, 49, 49, 55, 56, 49, 56, 50, 50, 56, 57, 50, 57, 51, 51, 57, 58, 51, 58, 52, 52, 58, 59, 52, 59, 53, 54, 60, 61, 54, 61, 55, 55, 61, 62, 55, 62, 56, 56, 62, 63, 56, 63, 57, 57, 63, 64, 57, 64, 58, 58, 64, 65, 58, 65, 59, 60, 66, 67, 60, 67, 61, 61, 67, 68, 61, 68, 62, 62, 68, 69, 62, 69, 63, 63, 69, 70, 63, 70, 64, 64, 70, 71, 64, 71, 65, 73, 79, 78, 73, 78, 72, 74, 80, 79, 74, 79, 73, 75, 81, 80, 75, 80, 74, 76, 82, 81, 76, 81, 75, 77, 83, 82, 77, 82, 76, 79, 85, 84, 79, 84, 78, 80, 86, 85, 80, 85, 79, 81, 87, 86, 81, 86, 80, 82, 88, 87, 82, 87, 81, 83, 89, 88, 83, 88, 82, 85, 91, 90, 85, 90, 84, 86, 92, 91, 86, 91, 85, 87, 93, 92, 87, 92, 86, 88, 94, 93, 88, 93, 87, 89, 95, 94, 89, 94, 88, 91, 97, 96, 91, 96, 90, 92, 98, 97, 92, 97, 91, 93, 99, 98, 93, 98, 92, 94, 100, 99, 94, 99, 93, 95, 101, 100, 95, 100, 94, 97, 103, 102, 97, 102, 96, 98, 104, 103, 98, 103, 97, 99, 105, 104, 99, 104, 98, 100, 106, 105, 100, 105, 99, 101, 107, 106, 101, 106, 100, 108, 114, 115, 108, 115, 109, 109, 115, 116, 109, 116, 110, 110, 116, 117, 110, 117, 111, 111, 117, 118, 111, 118, 112, 112, 118, 119, 112, 119, 113, 114, 120, 121, 114, 121, 115, 115, 121, 122, 115, 122, 116, 116, 122, 123, 116, 123, 117, 117, 123, 124, 117, 124, 118, 118, 124, 125, 118, 125, 119, 120, 126, 127, 120, 127, 121, 121, 127, 128, 121, 128, 122, 122, 128, 129, 122, 129, 123, 123, 129, 130, 123, 130, 124, 124, 130, 131, 124, 131, 125, 126, 132, 133, 126, 133, 127, 127, 133, 134, 127, 134, 128, 128, 134, 135, 128, 135, 129, 129, 135, 136, 129, 136, 130, 130, 136, 137, 130, 137, 131, 132, 138, 139, 132, 139, 133, 133, 139, 140, 133, 140, 134, 134, 140, 141, 134, 141, 135, 135, 141, 142, 135, 142, 136, 136, 142, 143, 136, 143, 137, 145, 151, 150, 145, 150, 144, 146, 152, 151, 146, 151, 145, 147, 153, 152, 147, 152, 146, 148, 154, 153, 148, 153, 147, 149, 155, 154, 149, 154, 148, 151, 157, 156, 151, 156, 150, 152, 158, 157, 152, 157, 151, 153, 159, 158, 153, 158, 152, 154, 160, 159, 154, 159, 153, 155, 161, 160, 155, 160, 154, 157, 163, 162, 157, 162, 156, 158, 164, 163, 158, 163, 157, 159, 165, 164, 159, 164, 158, 160, 166, 165, 160, 165, 159, 161, 167, 166, 161, 166, 160, 163, 169, 168, 163, 168, 162, 164, 170, 169, 164, 169, 163, 165, 171, 170, 165, 170, 164, 166, 172, 171, 166, 171, 165, 167, 173, 172, 167, 172, 166, 169, 175, 174, 169, 174, 168, 170, 176, 175, 170, 175, 169, 171, 177, 176, 171, 176, 170, 172, 178, 177, 172, 177, 171, 173, 179, 178, 173, 178, 172, 180, 186, 187, 180, 187, 181, 181, 187, 188, 181, 188, 182, 182, 188, 189, 182, 189, 183, 183, 189, 190, 183, 190, 184, 184, 190, 191, 184, 191, 185, 186, 192, 193, 186, 193, 187, 187, 193, 194, 187, 194, 188, 188, 194, 195, 188, 195, 189, 189, 195, 196, 189, 196, 190, 190, 196, 197, 190, 197, 191, 192, 198, 199, 192, 199, 193, 193, 199, 200, 193, 200, 194, 194, 200, 201, 194, 201, 195, 195, 201, 202, 195, 202, 196, 196, 202, 203, 196, 203, 197, 198, 204, 205, 198, 205, 199, 199, 205, 206, 199, 206, 200, 200, 206, 207, 200, 207, 201, 201, 207, 208, 201, 208, 202, 202, 208, 209, 202, 209, 203, 204, 210, 211, 204, 211, 205, 205, 211, 212, 205, 212, 206, 206, 212, 213, 206, 213, 207, 207, 213, 214, 207, 214, 208, 208, 214, 215, 208, 215, 209]
            normal3f[] normals = [(-0.7745967, -0.4472136, -0.4472136), (-0.7668657, -0.5195657, -0.376787), (-0.8122155, -0.5831857, -0.01415526), (-0.8112383, -0.5847075, 0.003079211), (-0.7900625, -0.5555967, 0.2590629), (-0.7071068, -0.5, 0.5), (-0.7668657, -0.376787, -0.5195657), (-0.8559572, -0.3656073, -0.3656073), (-0.8985152, -0.4388111, -0.01073584), (-0.9440381, -0.3297559, 0.007284043), (-0.8844941, -0.3299016, 0.3299016), (-0.7900625, -0.2590629, 0.5555967), (-0.8139601, -0.0505854, -0.5787141), (-0.9059127, -0.04128645, -0.4214471), (-0.9974573, -0.06928182, -0.01670231), (-0.9996624, -0.02499418, 0.007099804), (-0.9399818, -0.02911641, 0.3399802), (-0.8111734, -0.01302639, 0.5846607), (-0.8111734, 0.01302639, -0.5846607), (-0.9399818, 0.02911641, -0.3399802), (-0.9996624, 0.02499418, -0.007099804), (-0.9974573, 0.06928182, 0.01670231), (-0.9059127, 0.04128645, 0.4214471), (-0.8139601, 0.0505854, 0.5787141), (-0.7900625, 0.2590629, -0.5555967), (-0.8844941, 0.3299016, -0.3299016), (-0.9440381, 0.3297559, -0.007284043), (-0.8985152, 0.4388111, 0.01073584), (-0.8559572, 0.3656073, 0.3656073), (-0.7668657, 0.376787, 0.5195657), (-0.7071068, 0.5, -0.5), (-0.7900625, 0.5555967, -0.2590629), (-0.8112383, 0.5847075, -0.003079211), (-0.8122155, 0.5831857, 0.01415526), (-0.7668657, 0.5195657, 0.376787), (-0.7745967, 0.4472136, 0.4472136), (0.7071068, -0.5, -0.5), (0.7900625, -0.5555967, -0.2590629), (0.8112383, -0.5847075, -0.003079211), (0.8122155, -0.5831857, 0.01415526), (0.7668657, -0.5195657, 0.376787), (0.7745967, -0.4472136, 0.4472136), (0.7900625, -0.2590629, -0.5555967), (0.8844941, -0.3299016, -0.3299016), (0.9440381, -0.3297559, -0.007284043), (0.8985152, -0.4388111, 0.01073584), (0.8559572, -0.3656073, 0.3656073), (0.7668657, -0.376787, 0.5195657), (0.8111734, -0.01302639, -0.5846607), (0.9399818, -0.02911641, -0.3399802), (0.9996624, -0.02499418, -0.007099804), (0.9974573, -0.06928182, 0.01670231), (0.9059127, -0.04128645, 0.4214471), (0.8139601, -0.0505854, 0.5787141), (0.8139601, 0.0505854, -0.5787141), (0.9059127, 0.04128645, -0.4214471), (0.9974573, 0.06928182, -0.01670231), (0.9996624, 0.02499418, 0.007099804), (0.9399818, 0.02911641, 0.3399802), (0.8111734, 0.01302639, 0.5846607), (0.7668657, 0.376787, -0.5195657), (0.8559572, 0.3656073, -0.3656073), (0.8985152, 0.4388111, -0.01073584), (0.9440381, 0.3297559, 0.007284043), (0.8844941, 0.3299016, 0.3299016), (0.7900625, 0.2590629, 0.5555967), (0.7745967, 0.4472136, -0.4472136), (0.7668657, 0.5195657, -0.376787), (0.8122155, 0.5831857, -0.01415526), (0.8112383, 0.5847075, 0.003079211), (0.7900625, 0.5555967, 0.2590629), (0.7071068, 0.5, 0.5), (-0.4472136, -0.7745967, -0.4472136), (-0.376787, -0.7668657, -0.5195657), (-0.003746028, -0.8115158, -0.5843184), (0.0007804488, -0.8112419, -0.5847101), (0.2590629, -0.7900625, -0.5555967), (0.5, -0.7071068, -0.5), (-0.5195657, -0.7668657, -0.376787), (-0.3656073, -0.8559572, -0.3656073), (-0.002784934, -0.8964006, -0.4432361), (0.001871272, -0.9449564, -0.3271909), (0.3299016, -0.8844941, -0.3299016), (0.5555967, -0.7900625, -0.2590629), (-0.5831857, -0.8122155, -0.01415526), (-0.4388111, -0.8985152, -0.01073584), (-0.005342494, -0.9997656, -0.02098142), (0.00154408, -0.9999819, -0.005808041), (0.3297559, -0.9440381, -0.007284043), (0.5847075, -0.8112383, -0.003079211), (-0.5847075, -0.8112383, 0.003079211), (-0.3297559, -0.9440381, 0.007284043), (-0.00154408, -0.9999819, 0.005808041), (0.005342494, -0.9997656, 0.02098142), (0.4388111, -0.8985152, 0.01073584), (0.5831857, -0.8122155, 0.01415526), (-0.5555967, -0.7900625, 0.2590629), (-0.3299016, -0.8844941, 0.3299016), (-0.001871272, -0.9449564, 0.3271909), (0.002784934, -0.8964006, 0.4432361), (0.3656073, -0.8559572, 0.3656073), (0.5195657, -0.7668657, 0.376787), (-0.5, -0.7071068, 0.5), (-0.2590629, -0.7900625, 0.5555967), (-0.0007804488, -0.8112419, 0.5847101), (0.003746028, -0.8115158, 0.5843184), (0.376787, -0.7668657, 0.5195657), (0.4472136, -0.7745967, 0.4472136), (-0.5, 0.7071068, -0.5), (-0.2590629, 0.7900625, -0.5555967), (-0.0007804488, 0.8112419, -0.5847101), (0.003746028, 0.8115158, -0.5843184), (0.376787, 0.7668657, -0.5195657), (0.4472136, 0.7745967, -0.4472136), (-0.5555967, 0.7900625, -0.2590629), (-0.3299016, 0.8844941, -0.3299016), (-0.001871272, 0.9449564, -0.3271909), (0.002784934, 0.8964006, -0.4432361), (0.3656073, 0.8559572, -0.3656073), (0.5195657, 0.7668657, -0.376787), (-0.5847075, 0.8112383, -0.003079211), (-0.3297559, 0.9440381, -0.007284043), (-0.00154408, 0.9999819, -0.005808041), (0.005342494, 0.9997656, -0.02098142), (0.4388111, 0.8985152, -0.01073584), (0.5831857, 0.8122155, -0.01415526), (-0.5831857, 0.8122155, 0.01415526), (-0.4388111, 0.8985152, 0.01073584), (-0.005342494, 0.9997656, 0.02098142), (0.00154408, 0.9999819, 0.005808041), (0.3297559, 0.9440381, 0.007284043), (0.5847075, 0.8112383, 0.003079211), (-0.5195657, 0.7668657, 0.376787), (-0.3656073, 0.8559572, 0.3656073), (-0.002784934, 0.8964006, 0.4432361), (0.001871272, 0.9449564, 0.3271909), (0.3299016, 0.8844941, 0.3299016), (0.5555967, 0.7900625, 0.2590629), (-0.4472136, 0.7745967, 0.4472136), (-0.376787, 0.7668657, 0.5195657), (-0.003746028, 0.8115158, 0.5843184), (0.0007804488, 0.8112419, 0.5847101), (0.2590629, 0.7900625, 0.5555967), (0.5, 0.7071068, 0.5), (-0.4472136, -0.4472136, -0.7745967), (-0.5195657, -0.376787, -0.7668657), (-0.5787141, -0.0505854, -0.8139601), (-0.5846607, 0.01302639, -0.8111734), (-0.5555967, 0.2590629, -0.7900625), (-0.5, 0.5, -0.7071068), (-0.376787, -0.5195657, -0.7668657), (-0.3656073, -0.3656073, -0.8559572), (-0.4214471, -0.04128645, -0.9059127), (-0.3399802, 0.02911641, -0.9399818), (-0.3299016, 0.3299016, -0.8844941), (-0.2590629, 0.5555967, -0.7900625), (-0.003746028, -0.5843184, -0.8115158), (-0.002784934, -0.4432361, -0.8964006), (-0.004409972, -0.07184053, -0.9974064), (-0.001816602, 0.02405537, -0.999709), (-0.001871272, 0.3271909, -0.9449564), (-0.0007804488, 0.5847101, -0.8112419), (0.0007804488, -0.5847101, -0.8112419), (0.001871272, -0.3271909, -0.9449564), (0.001816602, -0.02405537, -0.999709), (0.004409972, 0.07184053, -0.9974064), (0.002784934, 0.4432361, -0.8964006), (0.003746028, 0.5843184, -0.8115158), (0.2590629, -0.5555967, -0.7900625), (0.3299016, -0.3299016, -0.8844941), (0.3399802, -0.02911641, -0.9399818), (0.4214471, 0.04128645, -0.9059127), (0.3656073, 0.3656073, -0.8559572), (0.376787, 0.5195657, -0.7668657), (0.5, -0.5, -0.7071068), (0.5555967, -0.2590629, -0.7900625), (0.5846607, -0.01302639, -0.8111734), (0.5787141, 0.0505854, -0.8139601), (0.5195657, 0.376787, -0.7668657), (0.4472136, 0.4472136, -0.7745967), (-0.5, -0.5, 0.7071068), (-0.5555967, -0.2590629, 0.7900625), (-0.5846607, -0.01302639, 0.8111734), (-0.5787141, 0.0505854, 0.8139601), (-0.5195657, 0.376787, 0.7668657), (-0.4472136, 0.4472136, 0.7745967), (-0.2590629, -0.5555967, 0.7900625), (-0.3299016, -0.3299016, 0.8844941), (-0.3399802, -0.02911641, 0.9399818), (-0.4214471, 0.04128645, 0.9059127), (-0.3656073, 0.3656073, 0.8559572), (-0.376787, 0.5195657, 0.7668657), (-0.0007804488, -0.5847101, 0.8112419), (-0.001871272, -0.3271909, 0.9449564), (-0.001816602, -0.02405537, 0.999709), (-0.004409972, 0.07184053, 0.9974064), (-0.002784934, 0.4432361, 0.8964006), (-0.003746028, 0.5843184, 0.8115158), (0.003746028, -0.5843184, 0.8115158), (0.002784934, -0.4432361, 0.8964006), (0.004409972, -0.07184053, 0.9974064), (0.001816602, 0.02405537, 0.999709), (0.001871272, 0.3271909, 0.9449564), (0.0007804488, 0.5847101, 0.8112419), (0.376787, -0.5195657, 0.7668657), (0.3656073, -0.3656073, 0.8559572), (0.4214471, -0.04128645, 0.9059127), (0.3399802, 0.02911641, 0.9399818), (0.3299016, 0.3299016, 0.8844941), (0.2590629, 0.5555967, 0.7900625), (0.4472136, -0.4472136, 0.7745967), (0.5195657, -0.376787, 0.7668657), (0.5787141, -0.0505854, 0.8139601), (0.5846607, 0.01302639, 0.8111734), (0.5555967, 0.2590629, 0.7900625), (0.5, 0.5, 0.7071068)] (interpolation = "vertex")
            float3[] extent = [(-0.1368, 0.0634, -0.0055), (-0.0988, 0.0674, 0.0055)]
            rel material:binding = </WorkbenchPart/Materials/black_metal>
            texCoord2f[] primvars:st = [(7.081481, -0.537037), (7.110195, -0.5453609), (7.118519, -0.5740741), (7.081481, -0.537037), (7.118519, -0.5740741), (7.091406, -0.56415), (7.076988, -0.5), (7.105865, -0.5), (7.110195, -0.5453609), (7.076988, -0.5), (7.110195, -0.5453609), (7.081481, -0.537037), (7.076988, 0.5), (7.105865, 0.5), (7.105865, -0.5), (7.076988, 0.5), (7.105865, -0.5), (7.076988, -0.5), (7.081481, 0.537037), (7.110195, 0.5453609), (7.105865, 0.5), (7.081481, 0.537037), (7.105865, 0.5), (7.076988, 0.5), (7.091406, 0.56415), (7.118519, 0.5740741), (7.110195, 0.5453609), (7.091406, 0.56415), (7.110195, 0.5453609), (7.081481, 0.537037), (7.110195, -0.5453609), (7.155556, -0.5496904), (7.155556, -0.5785674), (7.110195, -0.5453609), (7.155556, -0.5785674), (7.118519, -0.5740741), (7.105865, -0.5), (7.155556, -0.5), (7.155556, -0.5496904), (7.105865, -0.5), (7.155556, -0.5496904), (7.110195, -0.5453609), (7.105865, 0.5), (7.155556, 0.5), (7.155556, -0.5), (7.105865, 0.5), (7.155556, -0.5), (7.105865, -0.5), (7.110195, 0.5453609), (7.155556, 0.5496904), (7.155556, 0.5), (7.110195, 0.5453609), (7.155556, 0.5), (7.105865, 0.5), (7.118519, 0.5740741), (7.155556, 0.5785674), (7.155556, 0.5496904), (7.118519, 0.5740741), (7.155556, 0.5496904), (7.110195, 0.5453609), (7.155556, -0.5496904), (7.377778, -0.5496904), (7.377778, -0.5785674), (7.155556, -0.5496904), (7.377778, -0.5785674), (7.155556, -0.5785674), (7.155556, -0.5), (7.377778, -0.5), (7.377778, -0.5496904), (7.155556, -0.5), (7.377778, -0.5496904), (7.155556, -0.5496904), (7.155556, 0.5), (7.377778, 0.5), (7.377778, -0.5), (7.155556, 0.5), (7.377778, -0.5), (7.155556, -0.5), (7.155556, 0.5496904), (7.377778, 0.5496904), (7.377778, 0.5), (7.155556, 0.5496904), (7.377778, 0.5), (7.155556, 0.5), (7.155556, 0.5785674), (7.377778, 0.5785674), (7.377778, 0.5496904), (7.155556, 0.5785674), (7.377778, 0.5496904), (7.155556, 0.5496904), (7.377778, -0.5496904), (7.423139, -0.5453609), (7.414815, -0.5740741), (7.377778, -0.5496904), (7.414815, -0.5740741), (7.377778, -0.5785674), (7.377778, -0.5), (7.427468, -0.5), (7.423139, -0.5453609), (7.377778, -0.5), (7.423139, -0.5453609), (7.377778, -0.5496904), (7.377778, 0.5), (7.427468, 0.5), (7.427468, -0.5), (7.377778, 0.5), (7.427468, -0.5), (7.377778, -0.5), (7.377778, 0.5496904), (7.423139, 0.5453609), (7.427468, 0.5), (7.377778, 0.5496904), (7.427468, 0.5), (7.377778, 0.5), (7.377778, 0.5785674), (7.414815, 0.5740741), (7.423139, 0.5453609), (7.377778, 0.5785674), (7.423139, 0.5453609), (7.377778, 0.5496904), (7.423139, -0.5453609), (7.451852, -0.537037), (7.441928, -0.56415), (7.423139, -0.5453609), (7.441928, -0.56415), (7.414815, -0.5740741), (7.427468, -0.5), (7.456345, -0.5), (7.451852, -0.537037), (7.427468, -0.5), (7.451852, -0.537037), (7.423139, -0.5453609), (7.427468, 0.5), (7.456345, 0.5), (7.456345, -0.5), (7.427468, 0.5), (7.456345, -0.5), (7.427468, -0.5), (7.423139, 0.5453609), (7.451852, 0.537037), (7.456345, 0.5), (7.423139, 0.5453609), (7.456345, 0.5), (7.427468, 0.5), (7.414815, 0.5740741), (7.441928, 0.56415), (7.451852, 0.537037), (7.414815, 0.5740741), (7.451852, 0.537037), (7.423139, 0.5453609), (7.091406, -0.56415), (7.118519, -0.5740741), (7.110195, -0.5453609), (7.091406, -0.56415), (7.110195, -0.5453609), (7.081481, -0.537037), (7.081481, -0.537037), (7.110195, -0.5453609), (7.105865, -0.5), (7.081481, -0.537037), (7.105865, -0.5), (7.076988, -0.5), (7.076988, -0.5), (7.105865, -0.5), (7.105865, 0.5), (7.076988, -0.5), (7.105865, 0.5), (7.076988, 0.5), (7.076988, 0.5), (7.105865, 0.5), (7.110195, 0.5453609), (7.076988, 0.5), (7.110195, 0.5453609), (7.081481, 0.537037), (7.081481, 0.537037), (7.110195, 0.5453609), (7.118519, 0.5740741), (7.081481, 0.537037), (7.118519, 0.5740741), (7.091406, 0.56415), (7.118519, -0.5740741), (7.155556, -0.5785674), (7.155556, -0.5496904), (7.118519, -0.5740741), (7.155556, -0.5496904), (7.110195, -0.5453609), (7.110195, -0.5453609), (7.155556, -0.5496904), (7.155556, -0.5), (7.110195, -0.5453609), (7.155556, -0.5), (7.105865, -0.5), (7.105865, -0.5), (7.155556, -0.5), (7.155556, 0.5), (7.105865, -0.5), (7.155556, 0.5), (7.105865, 0.5), (7.105865, 0.5), (7.155556, 0.5), (7.155556, 0.5496904), (7.105865, 0.5), (7.155556, 0.5496904), (7.110195, 0.5453609), (7.110195, 0.5453609), (7.155556, 0.5496904), (7.155556, 0.5785674), (7.110195, 0.5453609), (7.155556, 0.5785674), (7.118519, 0.5740741), (7.155556, -0.5785674), (7.377778, -0.5785674), (7.377778, -0.5496904), (7.155556, -0.5785674), (7.377778, -0.5496904), (7.155556, -0.5496904), (7.155556, -0.5496904), (7.377778, -0.5496904), (7.377778, -0.5), (7.155556, -0.5496904), (7.377778, -0.5), (7.155556, -0.5), (7.155556, -0.5), (7.377778, -0.5), (7.377778, 0.5), (7.155556, -0.5), (7.377778, 0.5), (7.155556, 0.5), (7.155556, 0.5), (7.377778, 0.5), (7.377778, 0.5496904), (7.155556, 0.5), (7.377778, 0.5496904), (7.155556, 0.5496904), (7.155556, 0.5496904), (7.377778, 0.5496904), (7.377778, 0.5785674), (7.155556, 0.5496904), (7.377778, 0.5785674), (7.155556, 0.5785674), (7.377778, -0.5785674), (7.414815, -0.5740741), (7.423139, -0.5453609), (7.377778, -0.5785674), (7.423139, -0.5453609), (7.377778, -0.5496904), (7.377778, -0.5496904), (7.423139, -0.5453609), (7.427468, -0.5), (7.377778, -0.5496904), (7.427468, -0.5), (7.377778, -0.5), (7.377778, -0.5), (7.427468, -0.5), (7.427468, 0.5), (7.377778, -0.5), (7.427468, 0.5), (7.377778, 0.5), (7.377778, 0.5), (7.427468, 0.5), (7.423139, 0.5453609), (7.377778, 0.5), (7.423139, 0.5453609), (7.377778, 0.5496904), (7.377778, 0.5496904), (7.423139, 0.5453609), (7.414815, 0.5740741), (7.377778, 0.5496904), (7.414815, 0.5740741), (7.377778, 0.5785674), (7.414815, -0.5740741), (7.441928, -0.56415), (7.451852, -0.537037), (7.414815, -0.5740741), (7.451852, -0.537037), (7.423139, -0.5453609), (7.423139, -0.5453609), (7.451852, -0.537037), (7.456345, -0.5), (7.423139, -0.5453609), (7.456345, -0.5), (7.427468, -0.5), (7.427468, -0.5), (7.456345, -0.5), (7.456345, 0.5), (7.427468, -0.5), (7.456345, 0.5), (7.427468, 0.5), (7.427468, 0.5), (7.456345, 0.5), (7.451852, 0.537037), (7.427468, 0.5), (7.451852, 0.537037), (7.423139, 0.5453609), (7.423139, 0.5453609), (7.451852, 0.537037), (7.441928, 0.56415), (7.423139, 0.5453609), (7.441928, 0.56415), (7.414815, 0.5740741), (-15.12593, -0.5740741), (-15.13425, -0.5453609), (-15.16296, -0.537037), (-15.12593, -0.5740741), (-15.16296, -0.537037), (-15.15304, -0.56415), (-15.08889, -0.5785674), (-15.08889, -0.5496904), (-15.13425, -0.5453609), (-15.08889, -0.5785674), (-15.13425, -0.5453609), (-15.12593, -0.5740741), (-11.08889, -0.5785674), (-11.08889, -0.5496904), (-15.08889, -0.5496904), (-11.08889, -0.5785674), (-15.08889, -0.5496904), (-15.08889, -0.5785674), (-11.05185, -0.5740741), (-11.04353, -0.5453609), (-11.08889, -0.5496904), (-11.05185, -0.5740741), (-11.08889, -0.5496904), (-11.08889, -0.5785674), (-11.02474, -0.56415), (-11.01481, -0.537037), (-11.04353, -0.5453609), (-11.02474, -0.56415), (-11.04353, -0.5453609), (-11.05185, -0.5740741), (-15.13425, -0.5453609), (-15.13858, -0.5), (-15.16746, -0.5), (-15.13425, -0.5453609), (-15.16746, -0.5), (-15.16296, -0.537037), (-15.08889, -0.5496904), (-15.08889, -0.5), (-15.13858, -0.5), (-15.08889, -0.5496904), (-15.13858, -0.5), (-15.13425, -0.5453609), (-11.08889, -0.5496904), (-11.08889, -0.5), (-15.08889, -0.5), (-11.08889, -0.5496904), (-15.08889, -0.5), (-15.08889, -0.5496904), (-11.04353, -0.5453609), (-11.0392, -0.5), (-11.08889, -0.5), (-11.04353, -0.5453609), (-11.08889, -0.5), (-11.08889, -0.5496904), (-11.01481, -0.537037), (-11.01032, -0.5), (-11.0392, -0.5), (-11.01481, -0.537037), (-11.0392, -0.5), (-11.04353, -0.5453609), (-15.13858, -0.5), (-15.13858, 0.5), (-15.16746, 0.5), (-15.13858, -0.5), (-15.16746, 0.5), (-15.16746, -0.5), (-15.08889, -0.5), (-15.08889, 0.5), (-15.13858, 0.5), (-15.08889, -0.5), (-15.13858, 0.5), (-15.13858, -0.5), (-11.08889, -0.5), (-11.08889, 0.5), (-15.08889, 0.5), (-11.08889, -0.5), (-15.08889, 0.5), (-15.08889, -0.5), (-11.0392, -0.5), (-11.0392, 0.5), (-11.08889, 0.5), (-11.0392, -0.5), (-11.08889, 0.5), (-11.08889, -0.5), (-11.01032, -0.5), (-11.01032, 0.5), (-11.0392, 0.5), (-11.01032, -0.5), (-11.0392, 0.5), (-11.0392, -0.5), (-15.13858, 0.5), (-15.13425, 0.5453609), (-15.16296, 0.537037), (-15.13858, 0.5), (-15.16296, 0.537037), (-15.16746, 0.5), (-15.08889, 0.5), (-15.08889, 0.5496904), (-15.13425, 0.5453609), (-15.08889, 0.5), (-15.13425, 0.5453609), (-15.13858, 0.5), (-11.08889, 0.5), (-11.08889, 0.5496904), (-15.08889, 0.5496904), (-11.08889, 0.5), (-15.08889, 0.5496904), (-15.08889, 0.5), (-11.0392, 0.5), (-11.04353, 0.5453609), (-11.08889, 0.5496904), (-11.0392, 0.5), (-11.08889, 0.5496904), (-11.08889, 0.5), (-11.01032, 0.5), (-11.01481, 0.537037), (-11.04353, 0.5453609), (-11.01032, 0.5), (-11.04353, 0.5453609), (-11.0392, 0.5), (-15.13425, 0.5453609), (-15.12593, 0.5740741), (-15.15304, 0.56415), (-15.13425, 0.5453609), (-15.15304, 0.56415), (-15.16296, 0.537037), (-15.08889, 0.5496904), (-15.08889, 0.5785674), (-15.12593, 0.5740741), (-15.08889, 0.5496904), (-15.12593, 0.5740741), (-15.13425, 0.5453609), (-11.08889, 0.5496904), (-11.08889, 0.5785674), (-15.08889, 0.5785674), (-11.08889, 0.5496904), (-15.08889, 0.5785674), (-15.08889, 0.5496904), (-11.04353, 0.5453609), (-11.05185, 0.5740741), (-11.08889, 0.5785674), (-11.04353, 0.5453609), (-11.08889, 0.5785674), (-11.08889, 0.5496904), (-11.01481, 0.537037), (-11.02474, 0.56415), (-11.05185, 0.5740741), (-11.01481, 0.537037), (-11.05185, 0.5740741), (-11.04353, 0.5453609), (-15.15304, -0.56415), (-15.16296, -0.537037), (-15.13425, -0.5453609), (-15.15304, -0.56415), (-15.13425, -0.5453609), (-15.12593, -0.5740741), (-15.12593, -0.5740741), (-15.13425, -0.5453609), (-15.08889, -0.5496904), (-15.12593, -0.5740741), (-15.08889, -0.5496904), (-15.08889, -0.5785674), (-15.08889, -0.5785674), (-15.08889, -0.5496904), (-11.08889, -0.5496904), (-15.08889, -0.5785674), (-11.08889, -0.5496904), (-11.08889, -0.5785674), (-11.08889, -0.5785674), (-11.08889, -0.5496904), (-11.04353, -0.5453609), (-11.08889, -0.5785674), (-11.04353, -0.5453609), (-11.05185, -0.5740741), (-11.05185, -0.5740741), (-11.04353, -0.5453609), (-11.01481, -0.537037), (-11.05185, -0.5740741), (-11.01481, -0.537037), (-11.02474, -0.56415), (-15.16296, -0.537037), (-15.16746, -0.5), (-15.13858, -0.5), (-15.16296, -0.537037), (-15.13858, -0.5), (-15.13425, -0.5453609), (-15.13425, -0.5453609), (-15.13858, -0.5), (-15.08889, -0.5), (-15.13425, -0.5453609), (-15.08889, -0.5), (-15.08889, -0.5496904), (-15.08889, -0.5496904), (-15.08889, -0.5), (-11.08889, -0.5), (-15.08889, -0.5496904), (-11.08889, -0.5), (-11.08889, -0.5496904), (-11.08889, -0.5496904), (-11.08889, -0.5), (-11.0392, -0.5), (-11.08889, -0.5496904), (-11.0392, -0.5), (-11.04353, -0.5453609), (-11.04353, -0.5453609), (-11.0392, -0.5), (-11.01032, -0.5), (-11.04353, -0.5453609), (-11.01032, -0.5), (-11.01481, -0.537037), (-15.16746, -0.5), (-15.16746, 0.5), (-15.13858, 0.5), (-15.16746, -0.5), (-15.13858, 0.5), (-15.13858, -0.5), (-15.13858, -0.5), (-15.13858, 0.5), (-15.08889, 0.5), (-15.13858, -0.5), (-15.08889, 0.5), (-15.08889, -0.5), (-15.08889, -0.5), (-15.08889, 0.5), (-11.08889, 0.5), (-15.08889, -0.5), (-11.08889, 0.5), (-11.08889, -0.5), (-11.08889, -0.5), (-11.08889, 0.5), (-11.0392, 0.5), (-11.08889, -0.5), (-11.0392, 0.5), (-11.0392, -0.5), (-11.0392, -0.5), (-11.0392, 0.5), (-11.01032, 0.5), (-11.0392, -0.5), (-11.01032, 0.5), (-11.01032, -0.5), (-15.16746, 0.5), (-15.16296, 0.537037), (-15.13425, 0.5453609), (-15.16746, 0.5), (-15.13425, 0.5453609), (-15.13858, 0.5), (-15.13858, 0.5), (-15.13425, 0.5453609), (-15.08889, 0.5496904), (-15.13858, 0.5), (-15.08889, 0.5496904), (-15.08889, 0.5), (-15.08889, 0.5), (-15.08889, 0.5496904), (-11.08889, 0.5496904), (-15.08889, 0.5), (-11.08889, 0.5496904), (-11.08889, 0.5), (-11.08889, 0.5), (-11.08889, 0.5496904), (-11.04353, 0.5453609), (-11.08889, 0.5), (-11.04353, 0.5453609), (-11.0392, 0.5), (-11.0392, 0.5), (-11.04353, 0.5453609), (-11.01481, 0.537037), (-11.0392, 0.5), (-11.01481, 0.537037), (-11.01032, 0.5), (-15.16296, 0.537037), (-15.15304, 0.56415), (-15.12593, 0.5740741), (-15.16296, 0.537037), (-15.12593, 0.5740741), (-15.13425, 0.5453609), (-15.13425, 0.5453609), (-15.12593, 0.5740741), (-15.08889, 0.5785674), (-15.13425, 0.5453609), (-15.08889, 0.5785674), (-15.08889, 0.5496904), (-15.08889, 0.5496904), (-15.08889, 0.5785674), (-11.08889, 0.5785674), (-15.08889, 0.5496904), (-11.08889, 0.5785674), (-11.08889, 0.5496904), (-11.08889, 0.5496904), (-11.08889, 0.5785674), (-11.05185, 0.5740741), (-11.08889, 0.5496904), (-11.05185, 0.5740741), (-11.04353, 0.5453609), (-11.04353, 0.5453609), (-11.05185, 0.5740741), (-11.02474, 0.56415), (-11.04353, 0.5453609), (-11.02474, 0.56415), (-11.01481, 0.537037), (-15.16296, 7.118519), (-15.13425, 7.110195), (-15.12593, 7.081481), (-15.16296, 7.118519), (-15.12593, 7.081481), (-15.15304, 7.091406), (-15.16746, 7.155556), (-15.13858, 7.155556), (-15.13425, 7.110195), (-15.16746, 7.155556), (-15.13425, 7.110195), (-15.16296, 7.118519), (-15.16746, 7.377778), (-15.13858, 7.377778), (-15.13858, 7.155556), (-15.16746, 7.377778), (-15.13858, 7.155556), (-15.16746, 7.155556), (-15.16296, 7.414815), (-15.13425, 7.423139), (-15.13858, 7.377778), (-15.16296, 7.414815), (-15.13858, 7.377778), (-15.16746, 7.377778), (-15.15304, 7.441928), (-15.12593, 7.451852), (-15.13425, 7.423139), (-15.15304, 7.441928), (-15.13425, 7.423139), (-15.16296, 7.414815), (-15.13425, 7.110195), (-15.08889, 7.105865), (-15.08889, 7.076988), (-15.13425, 7.110195), (-15.08889, 7.076988), (-15.12593, 7.081481), (-15.13858, 7.155556), (-15.08889, 7.155556), (-15.08889, 7.105865), (-15.13858, 7.155556), (-15.08889, 7.105865), (-15.13425, 7.110195), (-15.13858, 7.377778), (-15.08889, 7.377778), (-15.08889, 7.155556), (-15.13858, 7.377778), (-15.08889, 7.155556), (-15.13858, 7.155556), (-15.13425, 7.423139), (-15.08889, 7.427468), (-15.08889, 7.377778), (-15.13425, 7.423139), (-15.08889, 7.377778), (-15.13858, 7.377778), (-15.12593, 7.451852), (-15.08889, 7.456345), (-15.08889, 7.427468), (-15.12593, 7.451852), (-15.08889, 7.427468), (-15.13425, 7.423139), (-15.08889, 7.105865), (-11.08889, 7.105865), (-11.08889, 7.076988), (-15.08889, 7.105865), (-11.08889, 7.076988), (-15.08889, 7.076988), (-15.08889, 7.155556), (-11.08889, 7.155556), (-11.08889, 7.105865), (-15.08889, 7.155556), (-11.08889, 7.105865), (-15.08889, 7.105865), (-15.08889, 7.377778), (-11.08889, 7.377778), (-11.08889, 7.155556), (-15.08889, 7.377778), (-11.08889, 7.155556), (-15.08889, 7.155556), (-15.08889, 7.427468), (-11.08889, 7.427468), (-11.08889, 7.377778), (-15.08889, 7.427468), (-11.08889, 7.377778), (-15.08889, 7.377778), (-15.08889, 7.456345), (-11.08889, 7.456345), (-11.08889, 7.427468), (-15.08889, 7.456345), (-11.08889, 7.427468), (-15.08889, 7.427468), (-11.08889, 7.105865), (-11.04353, 7.110195), (-11.05185, 7.081481), (-11.08889, 7.105865), (-11.05185, 7.081481), (-11.08889, 7.076988), (-11.08889, 7.155556), (-11.0392, 7.155556), (-11.04353, 7.110195), (-11.08889, 7.155556), (-11.04353, 7.110195), (-11.08889, 7.105865), (-11.08889, 7.377778), (-11.0392, 7.377778), (-11.0392, 7.155556), (-11.08889, 7.377778), (-11.0392, 7.155556), (-11.08889, 7.155556), (-11.08889, 7.427468), (-11.04353, 7.423139), (-11.0392, 7.377778), (-11.08889, 7.427468), (-11.0392, 7.377778), (-11.08889, 7.377778), (-11.08889, 7.456345), (-11.05185, 7.451852), (-11.04353, 7.423139), (-11.08889, 7.456345), (-11.04353, 7.423139), (-11.08889, 7.427468), (-11.04353, 7.110195), (-11.01481, 7.118519), (-11.02474, 7.091406), (-11.04353, 7.110195), (-11.02474, 7.091406), (-11.05185, 7.081481), (-11.0392, 7.155556), (-11.01032, 7.155556), (-11.01481, 7.118519), (-11.0392, 7.155556), (-11.01481, 7.118519), (-11.04353, 7.110195), (-11.0392, 7.377778), (-11.01032, 7.377778), (-11.01032, 7.155556), (-11.0392, 7.377778), (-11.01032, 7.155556), (-11.0392, 7.155556), (-11.04353, 7.423139), (-11.01481, 7.414815), (-11.01032, 7.377778), (-11.04353, 7.423139), (-11.01032, 7.377778), (-11.0392, 7.377778), (-11.05185, 7.451852), (-11.02474, 7.441928), (-11.01481, 7.414815), (-11.05185, 7.451852), (-11.01481, 7.414815), (-11.04353, 7.423139), (-15.15304, 7.091406), (-15.12593, 7.081481), (-15.13425, 7.110195), (-15.15304, 7.091406), (-15.13425, 7.110195), (-15.16296, 7.118519), (-15.16296, 7.118519), (-15.13425, 7.110195), (-15.13858, 7.155556), (-15.16296, 7.118519), (-15.13858, 7.155556), (-15.16746, 7.155556), (-15.16746, 7.155556), (-15.13858, 7.155556), (-15.13858, 7.377778), (-15.16746, 7.155556), (-15.13858, 7.377778), (-15.16746, 7.377778), (-15.16746, 7.377778), (-15.13858, 7.377778), (-15.13425, 7.423139), (-15.16746, 7.377778), (-15.13425, 7.423139), (-15.16296, 7.414815), (-15.16296, 7.414815), (-15.13425, 7.423139), (-15.12593, 7.451852), (-15.16296, 7.414815), (-15.12593, 7.451852), (-15.15304, 7.441928), (-15.12593, 7.081481), (-15.08889, 7.076988), (-15.08889, 7.105865), (-15.12593, 7.081481), (-15.08889, 7.105865), (-15.13425, 7.110195), (-15.13425, 7.110195), (-15.08889, 7.105865), (-15.08889, 7.155556), (-15.13425, 7.110195), (-15.08889, 7.155556), (-15.13858, 7.155556), (-15.13858, 7.155556), (-15.08889, 7.155556), (-15.08889, 7.377778), (-15.13858, 7.155556), (-15.08889, 7.377778), (-15.13858, 7.377778), (-15.13858, 7.377778), (-15.08889, 7.377778), (-15.08889, 7.427468), (-15.13858, 7.377778), (-15.08889, 7.427468), (-15.13425, 7.423139), (-15.13425, 7.423139), (-15.08889, 7.427468), (-15.08889, 7.456345), (-15.13425, 7.423139), (-15.08889, 7.456345), (-15.12593, 7.451852), (-15.08889, 7.076988), (-11.08889, 7.076988), (-11.08889, 7.105865), (-15.08889, 7.076988), (-11.08889, 7.105865), (-15.08889, 7.105865), (-15.08889, 7.105865), (-11.08889, 7.105865), (-11.08889, 7.155556), (-15.08889, 7.105865), (-11.08889, 7.155556), (-15.08889, 7.155556), (-15.08889, 7.155556), (-11.08889, 7.155556), (-11.08889, 7.377778), (-15.08889, 7.155556), (-11.08889, 7.377778), (-15.08889, 7.377778), (-15.08889, 7.377778), (-11.08889, 7.377778), (-11.08889, 7.427468), (-15.08889, 7.377778), (-11.08889, 7.427468), (-15.08889, 7.427468), (-15.08889, 7.427468), (-11.08889, 7.427468), (-11.08889, 7.456345), (-15.08889, 7.427468), (-11.08889, 7.456345), (-15.08889, 7.456345), (-11.08889, 7.076988), (-11.05185, 7.081481), (-11.04353, 7.110195), (-11.08889, 7.076988), (-11.04353, 7.110195), (-11.08889, 7.105865), (-11.08889, 7.105865), (-11.04353, 7.110195), (-11.0392, 7.155556), (-11.08889, 7.105865), (-11.0392, 7.155556), (-11.08889, 7.155556), (-11.08889, 7.155556), (-11.0392, 7.155556), (-11.0392, 7.377778), (-11.08889, 7.155556), (-11.0392, 7.377778), (-11.08889, 7.377778), (-11.08889, 7.377778), (-11.0392, 7.377778), (-11.04353, 7.423139), (-11.08889, 7.377778), (-11.04353, 7.423139), (-11.08889, 7.427468), (-11.08889, 7.427468), (-11.04353, 7.423139), (-11.05185, 7.451852), (-11.08889, 7.427468), (-11.05185, 7.451852), (-11.08889, 7.456345), (-11.05185, 7.081481), (-11.02474, 7.091406), (-11.01481, 7.118519), (-11.05185, 7.081481), (-11.01481, 7.118519), (-11.04353, 7.110195), (-11.04353, 7.110195), (-11.01481, 7.118519), (-11.01032, 7.155556), (-11.04353, 7.110195), (-11.01032, 7.155556), (-11.0392, 7.155556), (-11.0392, 7.155556), (-11.01032, 7.155556), (-11.01032, 7.377778), (-11.0392, 7.155556), (-11.01032, 7.377778), (-11.0392, 7.377778), (-11.0392, 7.377778), (-11.01032, 7.377778), (-11.01481, 7.414815), (-11.0392, 7.377778), (-11.01481, 7.414815), (-11.04353, 7.423139), (-11.04353, 7.423139), (-11.01481, 7.414815), (-11.02474, 7.441928), (-11.04353, 7.423139), (-11.02474, 7.441928), (-11.05185, 7.451852)] (interpolation = "faceVarying")
        }
        def Mesh "Skid_01" (prepend apiSchemas = ["MaterialBindingAPI"])
        {
            uniform token subdivisionScheme = "none"
            uniform token orientation = "rightHanded"
            bool doubleSided = false
            point3f[] points = [(-0.142004, -0.088, -0.0225), (-0.1419926, -0.08826147, -0.0225), (-0.1419584, -0.08852094, -0.0225), (-0.1419018, -0.08877646, -0.0225), (-0.1418231, -0.08902606, -0.0225), (-0.1417229, -0.08926785, -0.0225), (-0.1416021, -0.0895, -0.0225), (-0.1414615, -0.08972073, -0.0225), (-0.1413021, -0.08992836, -0.0225), (-0.1411253, -0.09012132, -0.0225), (-0.1409324, -0.09029813, -0.0225), (-0.1407247, -0.09045746, -0.0225), (-0.140504, -0.09059808, -0.0225), (-0.1402719, -0.09071892, -0.0225), (-0.1400301, -0.09081908, -0.0225), (-0.1397805, -0.09089778, -0.0225), (-0.1395249, -0.09095442, -0.0225), (-0.1392655, -0.09098858, -0.0225), (-0.139004, -0.091, -0.0225), (-0.1387425, -0.09098858, -0.0225), (-0.1384831, -0.09095442, -0.0225), (-0.1382275, -0.09089778, -0.0225), (-0.1379779, -0.09081908, -0.0225), (-0.1377361, -0.09071892, -0.0225), (-0.137504, -0.09059808, -0.0225), (-0.1372833, -0.09045746, -0.0225), (-0.1370756, -0.09029813, -0.0225), (-0.1368827, -0.09012132, -0.0225), (-0.1367059, -0.08992836, -0.0225), (-0.1365465, -0.08972073, -0.0225), (-0.1364059, -0.0895, -0.0225), (-0.1362851, -0.08926785, -0.0225), (-0.1361849, -0.08902606, -0.0225), (-0.1361062, -0.08877646, -0.0225), (-0.1360496, -0.08852094, -0.0225), (-0.1360154, -0.08826147, -0.0225), (-0.136004, -0.088, -0.0225), (-0.1360154, -0.08773853, -0.0225), (-0.1360496, -0.08747906, -0.0225), (-0.1361062, -0.08722354, -0.0225), (-0.1361849, -0.08697394, -0.0225), (-0.1362851, -0.08673215, -0.0225), (-0.1364059, -0.0865, -0.0225), (-0.1365465, -0.08627927, -0.0225), (-0.1367059, -0.08607164, -0.0225), (-0.1368827, -0.08587868, -0.0225), (-0.1370756, -0.08570187, -0.0225), (-0.1372833, -0.08554254, -0.0225), (-0.137504, -0.08540192, -0.0225), (-0.1377361, -0.08528108, -0.0225), (-0.1379779, -0.08518092, -0.0225), (-0.1382275, -0.08510222, -0.0225), (-0.1384831, -0.08504558, -0.0225), (-0.1387425, -0.08501142, -0.0225), (-0.139004, -0.085, -0.0225), (-0.1392655, -0.08501142, -0.0225), (-0.1395249, -0.08504558, -0.0225), (-0.1397805, -0.08510222, -0.0225), (-0.1400301, -0.08518092, -0.0225), (-0.1402719, -0.08528108, -0.0225), (-0.140504, -0.08540192, -0.0225), (-0.1407247, -0.08554254, -0.0225), (-0.1409324, -0.08570187, -0.0225), (-0.1411253, -0.08587868, -0.0225), (-0.1413021, -0.08607164, -0.0225), (-0.1414615, -0.08627927, -0.0225), (-0.1416021, -0.0865, -0.0225), (-0.1417229, -0.08673215, -0.0225), (-0.1418231, -0.08697394, -0.0225), (-0.1419018, -0.08722354, -0.0225), (-0.1419584, -0.08747906, -0.0225), (-0.1419926, -0.08773853, -0.0225), (-0.142004, -0.088, 0.0225), (-0.1419926, -0.08826147, 0.0225), (-0.1419584, -0.08852094, 0.0225), (-0.1419018, -0.08877646, 0.0225), (-0.1418231, -0.08902606, 0.0225), (-0.1417229, -0.08926785, 0.0225), (-0.1416021, -0.0895, 0.0225), (-0.1414615, -0.08972073, 0.0225), (-0.1413021, -0.08992836, 0.0225), (-0.1411253, -0.09012132, 0.0225), (-0.1409324, -0.09029813, 0.0225), (-0.1407247, -0.09045746, 0.0225), (-0.140504, -0.09059808, 0.0225), (-0.1402719, -0.09071892, 0.0225), (-0.1400301, -0.09081908, 0.0225), (-0.1397805, -0.09089778, 0.0225), (-0.1395249, -0.09095442, 0.0225), (-0.1392655, -0.09098858, 0.0225), (-0.139004, -0.091, 0.0225), (-0.1387425, -0.09098858, 0.0225), (-0.1384831, -0.09095442, 0.0225), (-0.1382275, -0.09089778, 0.0225), (-0.1379779, -0.09081908, 0.0225), (-0.1377361, -0.09071892, 0.0225), (-0.137504, -0.09059808, 0.0225), (-0.1372833, -0.09045746, 0.0225), (-0.1370756, -0.09029813, 0.0225), (-0.1368827, -0.09012132, 0.0225), (-0.1367059, -0.08992836, 0.0225), (-0.1365465, -0.08972073, 0.0225), (-0.1364059, -0.0895, 0.0225), (-0.1362851, -0.08926785, 0.0225), (-0.1361849, -0.08902606, 0.0225), (-0.1361062, -0.08877646, 0.0225), (-0.1360496, -0.08852094, 0.0225), (-0.1360154, -0.08826147, 0.0225), (-0.136004, -0.088, 0.0225), (-0.1360154, -0.08773853, 0.0225), (-0.1360496, -0.08747906, 0.0225), (-0.1361062, -0.08722354, 0.0225), (-0.1361849, -0.08697394, 0.0225), (-0.1362851, -0.08673215, 0.0225), (-0.1364059, -0.0865, 0.0225), (-0.1365465, -0.08627927, 0.0225), (-0.1367059, -0.08607164, 0.0225), (-0.1368827, -0.08587868, 0.0225), (-0.1370756, -0.08570187, 0.0225), (-0.1372833, -0.08554254, 0.0225), (-0.137504, -0.08540192, 0.0225), (-0.1377361, -0.08528108, 0.0225), (-0.1379779, -0.08518092, 0.0225), (-0.1382275, -0.08510222, 0.0225), (-0.1384831, -0.08504558, 0.0225), (-0.1387425, -0.08501142, 0.0225), (-0.139004, -0.085, 0.0225), (-0.1392655, -0.08501142, 0.0225), (-0.1395249, -0.08504558, 0.0225), (-0.1397805, -0.08510222, 0.0225), (-0.1400301, -0.08518092, 0.0225), (-0.1402719, -0.08528108, 0.0225), (-0.140504, -0.08540192, 0.0225), (-0.1407247, -0.08554254, 0.0225), (-0.1409324, -0.08570187, 0.0225), (-0.1411253, -0.08587868, 0.0225), (-0.1413021, -0.08607164, 0.0225), (-0.1414615, -0.08627927, 0.0225), (-0.1416021, -0.0865, 0.0225), (-0.1417229, -0.08673215, 0.0225), (-0.1418231, -0.08697394, 0.0225), (-0.1419018, -0.08722354, 0.0225), (-0.1419584, -0.08747906, 0.0225), (-0.1419926, -0.08773853, 0.0225), (-0.142004, -0.088, -0.0225), (-0.1419926, -0.08826147, -0.0225), (-0.1419584, -0.08852094, -0.0225), (-0.1419018, -0.08877646, -0.0225), (-0.1418231, -0.08902606, -0.0225), (-0.1417229, -0.08926785, -0.0225), (-0.1416021, -0.0895, -0.0225), (-0.1414615, -0.08972073, -0.0225), (-0.1413021, -0.08992836, -0.0225), (-0.1411253, -0.09012132, -0.0225), (-0.1409324, -0.09029813, -0.0225), (-0.1407247, -0.09045746, -0.0225), (-0.140504, -0.09059808, -0.0225), (-0.1402719, -0.09071892, -0.0225), (-0.1400301, -0.09081908, -0.0225), (-0.1397805, -0.09089778, -0.0225), (-0.1395249, -0.09095442, -0.0225), (-0.1392655, -0.09098858, -0.0225), (-0.139004, -0.091, -0.0225), (-0.1387425, -0.09098858, -0.0225), (-0.1384831, -0.09095442, -0.0225), (-0.1382275, -0.09089778, -0.0225), (-0.1379779, -0.09081908, -0.0225), (-0.1377361, -0.09071892, -0.0225), (-0.137504, -0.09059808, -0.0225), (-0.1372833, -0.09045746, -0.0225), (-0.1370756, -0.09029813, -0.0225), (-0.1368827, -0.09012132, -0.0225), (-0.1367059, -0.08992836, -0.0225), (-0.1365465, -0.08972073, -0.0225), (-0.1364059, -0.0895, -0.0225), (-0.1362851, -0.08926785, -0.0225), (-0.1361849, -0.08902606, -0.0225), (-0.1361062, -0.08877646, -0.0225), (-0.1360496, -0.08852094, -0.0225), (-0.1360154, -0.08826147, -0.0225), (-0.136004, -0.088, -0.0225), (-0.1360154, -0.08773853, -0.0225), (-0.1360496, -0.08747906, -0.0225), (-0.1361062, -0.08722354, -0.0225), (-0.1361849, -0.08697394, -0.0225), (-0.1362851, -0.08673215, -0.0225), (-0.1364059, -0.0865, -0.0225), (-0.1365465, -0.08627927, -0.0225), (-0.1367059, -0.08607164, -0.0225), (-0.1368827, -0.08587868, -0.0225), (-0.1370756, -0.08570187, -0.0225), (-0.1372833, -0.08554254, -0.0225), (-0.137504, -0.08540192, -0.0225), (-0.1377361, -0.08528108, -0.0225), (-0.1379779, -0.08518092, -0.0225), (-0.1382275, -0.08510222, -0.0225), (-0.1384831, -0.08504558, -0.0225), (-0.1387425, -0.08501142, -0.0225), (-0.139004, -0.085, -0.0225), (-0.1392655, -0.08501142, -0.0225), (-0.1395249, -0.08504558, -0.0225), (-0.1397805, -0.08510222, -0.0225), (-0.1400301, -0.08518092, -0.0225), (-0.1402719, -0.08528108, -0.0225), (-0.140504, -0.08540192, -0.0225), (-0.1407247, -0.08554254, -0.0225), (-0.1409324, -0.08570187, -0.0225), (-0.1411253, -0.08587868, -0.0225), (-0.1413021, -0.08607164, -0.0225), (-0.1414615, -0.08627927, -0.0225), (-0.1416021, -0.0865, -0.0225), (-0.1417229, -0.08673215, -0.0225), (-0.1418231, -0.08697394, -0.0225), (-0.1419018, -0.08722354, -0.0225), (-0.1419584, -0.08747906, -0.0225), (-0.1419926, -0.08773853, -0.0225), (-0.142004, -0.088, 0.0225), (-0.1419926, -0.08826147, 0.0225), (-0.1419584, -0.08852094, 0.0225), (-0.1419018, -0.08877646, 0.0225), (-0.1418231, -0.08902606, 0.0225), (-0.1417229, -0.08926785, 0.0225), (-0.1416021, -0.0895, 0.0225), (-0.1414615, -0.08972073, 0.0225), (-0.1413021, -0.08992836, 0.0225), (-0.1411253, -0.09012132, 0.0225), (-0.1409324, -0.09029813, 0.0225), (-0.1407247, -0.09045746, 0.0225), (-0.140504, -0.09059808, 0.0225), (-0.1402719, -0.09071892, 0.0225), (-0.1400301, -0.09081908, 0.0225), (-0.1397805, -0.09089778, 0.0225), (-0.1395249, -0.09095442, 0.0225), (-0.1392655, -0.09098858, 0.0225), (-0.139004, -0.091, 0.0225), (-0.1387425, -0.09098858, 0.0225), (-0.1384831, -0.09095442, 0.0225), (-0.1382275, -0.09089778, 0.0225), (-0.1379779, -0.09081908, 0.0225), (-0.1377361, -0.09071892, 0.0225), (-0.137504, -0.09059808, 0.0225), (-0.1372833, -0.09045746, 0.0225), (-0.1370756, -0.09029813, 0.0225), (-0.1368827, -0.09012132, 0.0225), (-0.1367059, -0.08992836, 0.0225), (-0.1365465, -0.08972073, 0.0225), (-0.1364059, -0.0895, 0.0225), (-0.1362851, -0.08926785, 0.0225), (-0.1361849, -0.08902606, 0.0225), (-0.1361062, -0.08877646, 0.0225), (-0.1360496, -0.08852094, 0.0225), (-0.1360154, -0.08826147, 0.0225), (-0.136004, -0.088, 0.0225), (-0.1360154, -0.08773853, 0.0225), (-0.1360496, -0.08747906, 0.0225), (-0.1361062, -0.08722354, 0.0225), (-0.1361849, -0.08697394, 0.0225), (-0.1362851, -0.08673215, 0.0225), (-0.1364059, -0.0865, 0.0225), (-0.1365465, -0.08627927, 0.0225), (-0.1367059, -0.08607164, 0.0225), (-0.1368827, -0.08587868, 0.0225), (-0.1370756, -0.08570187, 0.0225), (-0.1372833, -0.08554254, 0.0225), (-0.137504, -0.08540192, 0.0225), (-0.1377361, -0.08528108, 0.0225), (-0.1379779, -0.08518092, 0.0225), (-0.1382275, -0.08510222, 0.0225), (-0.1384831, -0.08504558, 0.0225), (-0.1387425, -0.08501142, 0.0225), (-0.139004, -0.085, 0.0225), (-0.1392655, -0.08501142, 0.0225), (-0.1395249, -0.08504558, 0.0225), (-0.1397805, -0.08510222, 0.0225), (-0.1400301, -0.08518092, 0.0225), (-0.1402719, -0.08528108, 0.0225), (-0.140504, -0.08540192, 0.0225), (-0.1407247, -0.08554254, 0.0225), (-0.1409324, -0.08570187, 0.0225), (-0.1411253, -0.08587868, 0.0225), (-0.1413021, -0.08607164, 0.0225), (-0.1414615, -0.08627927, 0.0225), (-0.1416021, -0.0865, 0.0225), (-0.1417229, -0.08673215, 0.0225), (-0.1418231, -0.08697394, 0.0225), (-0.1419018, -0.08722354, 0.0225), (-0.1419584, -0.08747906, 0.0225), (-0.1419926, -0.08773853, 0.0225)]
            int[] faceVertexCounts = [3, 3, 3, 3, 3, 3, 3, 3, 3, 3, 3, 3, 3, 3, 3, 3, 3, 3, 3, 3, 3, 3, 3, 3, 3, 3, 3, 3, 3, 3, 3, 3, 3, 3, 3, 3, 3, 3, 3, 3, 3, 3, 3, 3, 3, 3, 3, 3, 3, 3, 3, 3, 3, 3, 3, 3, 3, 3, 3, 3, 3, 3, 3, 3, 3, 3, 3, 3, 3, 3, 3, 3, 3, 3, 3, 3, 3, 3, 3, 3, 3, 3, 3, 3, 3, 3, 3, 3, 3, 3, 3, 3, 3, 3, 3, 3, 3, 3, 3, 3, 3, 3, 3, 3, 3, 3, 3, 3, 3, 3, 3, 3, 3, 3, 3, 3, 3, 3, 3, 3, 3, 3, 3, 3, 3, 3, 3, 3, 3, 3, 3, 3, 3, 3, 3, 3, 3, 3, 3, 3, 3, 3, 3, 3, 3, 3, 3, 3, 3, 3, 3, 3, 3, 3, 3, 3, 3, 3, 3, 3, 3, 3, 3, 3, 3, 3, 3, 3, 3, 3, 3, 3, 3, 3, 3, 3, 3, 3, 3, 3, 3, 3, 3, 3, 3, 3, 3, 3, 3, 3, 3, 3, 3, 3, 3, 3, 3, 3, 3, 3, 3, 3, 3, 3, 3, 3, 3, 3, 3, 3, 3, 3, 3, 3, 3, 3, 3, 3, 3, 3, 3, 3, 3, 3, 3, 3, 3, 3, 3, 3, 3, 3, 3, 3, 3, 3, 3, 3, 3, 3, 3, 3, 3, 3, 3, 3, 3, 3, 3, 3, 3, 3, 3, 3, 3, 3, 3, 3, 3, 3, 3, 3, 3, 3, 3, 3, 3, 3, 3, 3, 3, 3, 3, 3, 3, 3, 3, 3, 3, 3, 3, 3, 3, 3]
            int[] faceVertexIndices = [215, 214, 213, 215, 213, 212, 215, 212, 211, 215, 211, 210, 215, 210, 209, 215, 209, 208, 215, 208, 207, 215, 207, 206, 215, 206, 205, 215, 205, 204, 215, 204, 203, 215, 203, 202, 215, 202, 201, 215, 201, 200, 215, 200, 199, 215, 199, 198, 215, 198, 197, 215, 197, 196, 215, 196, 195, 215, 195, 194, 215, 194, 193, 215, 193, 192, 215, 192, 191, 215, 191, 190, 215, 190, 189, 215, 189, 188, 215, 188, 187, 215, 187, 186, 215, 186, 185, 215, 185, 184, 215, 184, 183, 215, 183, 182, 215, 182, 181, 215, 181, 180, 215, 180, 179, 215, 179, 178, 215, 178, 177, 215, 177, 176, 215, 176, 175, 215, 175, 174, 215, 174, 173, 215, 173, 172, 215, 172, 171, 215, 171, 170, 215, 170, 169, 215, 169, 168, 215, 168, 167, 215, 167, 166, 215, 166, 165, 215, 165, 164, 215, 164, 163, 215, 163, 162, 215, 162, 161, 215, 161, 160, 215, 160, 159, 215, 159, 158, 215, 158, 157, 215, 157, 156, 215, 156, 155, 215, 155, 154, 215, 154, 153, 215, 153, 152, 215, 152, 151, 215, 151, 150, 215, 150, 149, 215, 149, 148, 215, 148, 147, 215, 147, 146, 215, 146, 145, 215, 145, 144, 216, 217, 218, 216, 218, 219, 216, 219, 220, 216, 220, 221, 216, 221, 222, 216, 222, 223, 216, 223, 224, 216, 224, 225, 216, 225, 226, 216, 226, 227, 216, 227, 228, 216, 228, 229, 216, 229, 230, 216, 230, 231, 216, 231, 232, 216, 232, 233, 216, 233, 234, 216, 234, 235, 216, 235, 236, 216, 236, 237, 216, 237, 238, 216, 238, 239, 216, 239, 240, 216, 240, 241, 216, 241, 242, 216, 242, 243, 216, 243, 244, 216, 244, 245, 216, 245, 246, 216, 246, 247, 216, 247, 248, 216, 248, 249, 216, 249, 250, 216, 250, 251, 216, 251, 252, 216, 252, 253, 216, 253, 254, 216, 254, 255, 216, 255, 256, 216, 256, 257, 216, 257, 258, 216, 258, 259, 216, 259, 260, 216, 260, 261, 216, 261, 262, 216, 262, 263, 216, 263, 264, 216, 264, 265, 216, 265, 266, 216, 266, 267, 216, 267, 268, 216, 268, 269, 216, 269, 270, 216, 270, 271, 216, 271, 272, 216, 272, 273, 216, 273, 274, 216, 274, 275, 216, 275, 276, 216, 276, 277, 216, 277, 278, 216, 278, 279, 216, 279, 280, 216, 280, 281, 216, 281, 282, 216, 282, 283, 216, 283, 284, 216, 284, 285, 216, 285, 286, 216, 286, 287, 0, 1, 73, 0, 73, 72, 1, 2, 74, 1, 74, 73, 2, 3, 75, 2, 75, 74, 3, 4, 76, 3, 76, 75, 4, 5, 77, 4, 77, 76, 5, 6, 78, 5, 78, 77, 6, 7, 79, 6, 79, 78, 7, 8, 80, 7, 80, 79, 8, 9, 81, 8, 81, 80, 9, 10, 82, 9, 82, 81, 10, 11, 83, 10, 83, 82, 11, 12, 84, 11, 84, 83, 12, 13, 85, 12, 85, 84, 13, 14, 86, 13, 86, 85, 14, 15, 87, 14, 87, 86, 15, 16, 88, 15, 88, 87, 16, 17, 89, 16, 89, 88, 17, 18, 90, 17, 90, 89, 18, 19, 91, 18, 91, 90, 19, 20, 92, 19, 92, 91, 20, 21, 93, 20, 93, 92, 21, 22, 94, 21, 94, 93, 22, 23, 95, 22, 95, 94, 23, 24, 96, 23, 96, 95, 24, 25, 97, 24, 97, 96, 25, 26, 98, 25, 98, 97, 26, 27, 99, 26, 99, 98, 27, 28, 100, 27, 100, 99, 28, 29, 101, 28, 101, 100, 29, 30, 102, 29, 102, 101, 30, 31, 103, 30, 103, 102, 31, 32, 104, 31, 104, 103, 32, 33, 105, 32, 105, 104, 33, 34, 106, 33, 106, 105, 34, 35, 107, 34, 107, 106, 35, 36, 108, 35, 108, 107, 36, 37, 109, 36, 109, 108, 37, 38, 110, 37, 110, 109, 38, 39, 111, 38, 111, 110, 39, 40, 112, 39, 112, 111, 40, 41, 113, 40, 113, 112, 41, 42, 114, 41, 114, 113, 42, 43, 115, 42, 115, 114, 43, 44, 116, 43, 116, 115, 44, 45, 117, 44, 117, 116, 45, 46, 118, 45, 118, 117, 46, 47, 119, 46, 119, 118, 47, 48, 120, 47, 120, 119, 48, 49, 121, 48, 121, 120, 49, 50, 122, 49, 122, 121, 50, 51, 123, 50, 123, 122, 51, 52, 124, 51, 124, 123, 52, 53, 125, 52, 125, 124, 53, 54, 126, 53, 126, 125, 54, 55, 127, 54, 127, 126, 55, 56, 128, 55, 128, 127, 56, 57, 129, 56, 129, 128, 57, 58, 130, 57, 130, 129, 58, 59, 131, 58, 131, 130, 59, 60, 132, 59, 132, 131, 60, 61, 133, 60, 133, 132, 61, 62, 134, 61, 134, 133, 62, 63, 135, 62, 135, 134, 63, 64, 136, 63, 136, 135, 64, 65, 137, 64, 137, 136, 65, 66, 138, 65, 138, 137, 66, 67, 139, 66, 139, 138, 67, 68, 140, 67, 140, 139, 68, 69, 141, 68, 141, 140, 69, 70, 142, 69, 142, 141, 70, 71, 143, 70, 143, 142, 71, 0, 72, 71, 72, 143]
            normal3f[] normals = [(-0.9998941, -0.01455211, 0), (-0.9948209, -0.1016432, 0), (-0.9821765, -0.1879608, 0), (-0.9620572, -0.2728479, 0), (-0.934616, -0.3556584, 0), (-0.9000618, -0.4357622, 0), (-0.8586576, -0.5125496, 0), (-0.8107186, -0.5854361, 0), (-0.7566094, -0.6538671, 0), (-0.696742, -0.7173218, 0), (-0.631572, -0.7753172, 0), (-0.5615953, -0.8274121, 0), (-0.4873446, -0.8732098, 0), (-0.4093848, -0.9123618, 0), (-0.3283094, -0.9445702, 0), (-0.2447354, -0.9695899, 0), (-0.1592988, -0.9872304, 0), (-0.07264978, -0.9973575, 0), (0.01455211, -0.9998941, 0), (0.1016432, -0.9948209, 0), (0.1879608, -0.9821765, 0), (0.2728479, -0.9620572, 0), (0.3556584, -0.934616, 0), (0.4357622, -0.9000618, 0), (0.5125496, -0.8586576, 0), (0.5854361, -0.8107186, 0), (0.6538671, -0.7566094, 0), (0.7173218, -0.696742, 0), (0.7753172, -0.631572, 0), (0.8274121, -0.5615953, 0), (0.8732098, -0.4873446, 0), (0.9123618, -0.4093848, 0), (0.9445702, -0.3283094, 0), (0.9695899, -0.2447354, 0), (0.9872304, -0.1592988, 0), (0.9973575, -0.07264978, 0), (0.9998941, 0.01455211, 0), (0.9948209, 0.1016432, 0), (0.9821765, 0.1879608, 0), (0.9620572, 0.2728479, 0), (0.934616, 0.3556584, 0), (0.9000618, 0.4357622, 0), (0.8586576, 0.5125496, 0), (0.8107186, 0.5854361, 0), (0.7566094, 0.6538671, 0), (0.696742, 0.7173218, 0), (0.631572, 0.7753172, 0), (0.5615953, 0.8274121, 0), (0.4873446, 0.8732098, 0), (0.4093848, 0.9123618, 0), (0.3283094, 0.9445702, 0), (0.2447354, 0.9695899, 0), (0.1592988, 0.9872304, 0), (0.07264978, 0.9973575, 0), (-0.01455211, 0.9998941, 0), (-0.1016432, 0.9948209, 0), (-0.1879608, 0.9821765, 0), (-0.2728479, 0.9620572, 0), (-0.3556584, 0.934616, 0), (-0.4357622, 0.9000618, 0), (-0.5125496, 0.8586576, 0), (-0.5854361, 0.8107186, 0), (-0.6538671, 0.7566094, 0), (-0.7173218, 0.696742, 0), (-0.7753172, 0.631572, 0), (-0.8274121, 0.5615953, 0), (-0.8732098, 0.4873446, 0), (-0.9123618, 0.4093848, 0), (-0.9445702, 0.3283094, 0), (-0.9695899, 0.2447354, 0), (-0.9872304, 0.1592988, 0), (-0.9973575, 0.07264978, 0), (-0.9998941, 0.01455211, 0), (-0.9973575, -0.07264978, 0), (-0.9872304, -0.1592988, 0), (-0.9695899, -0.2447354, 0), (-0.9445702, -0.3283094, 0), (-0.9123618, -0.4093848, 0), (-0.8732098, -0.4873446, 0), (-0.8274121, -0.5615953, 0), (-0.7753172, -0.631572, 0), (-0.7173218, -0.696742, 0), (-0.6538671, -0.7566094, 0), (-0.5854361, -0.8107186, 0), (-0.5125496, -0.8586576, 0), (-0.4357622, -0.9000618, 0), (-0.3556584, -0.934616, 0), (-0.2728479, -0.9620572, 0), (-0.1879608, -0.9821765, 0), (-0.1016432, -0.9948209, 0), (-0.01455211, -0.9998941, 0), (0.07264978, -0.9973575, 0), (0.1592988, -0.9872304, 0), (0.2447354, -0.9695899, 0), (0.3283094, -0.9445702, 0), (0.4093848, -0.9123618, 0), (0.4873446, -0.8732098, 0), (0.5615953, -0.8274121, 0), (0.631572, -0.7753172, 0), (0.696742, -0.7173218, 0), (0.7566094, -0.6538671, 0), (0.8107186, -0.5854361, 0), (0.8586576, -0.5125496, 0), (0.9000618, -0.4357622, 0), (0.934616, -0.3556584, 0), (0.9620572, -0.2728479, 0), (0.9821765, -0.1879608, 0), (0.9948209, -0.1016432, 0), (0.9998941, -0.01455211, 0), (0.9973575, 0.07264978, 0), (0.9872304, 0.1592988, 0), (0.9695899, 0.2447354, 0), (0.9445702, 0.3283094, 0), (0.9123618, 0.4093848, 0), (0.8732098, 0.4873446, 0), (0.8274121, 0.5615953, 0), (0.7753172, 0.631572, 0), (0.7173218, 0.696742, 0), (0.6538671, 0.7566094, 0), (0.5854361, 0.8107186, 0), (0.5125496, 0.8586576, 0), (0.4357622, 0.9000618, 0), (0.3556584, 0.934616, 0), (0.2728479, 0.9620572, 0), (0.1879608, 0.9821765, 0), (0.1016432, 0.9948209, 0), (0.01455211, 0.9998941, 0), (-0.07264978, 0.9973575, 0), (-0.1592988, 0.9872304, 0), (-0.2447354, 0.9695899, 0), (-0.3283094, 0.9445702, 0), (-0.4093848, 0.9123618, 0), (-0.4873446, 0.8732098, 0), (-0.5615953, 0.8274121, 0), (-0.631572, 0.7753172, 0), (-0.696742, 0.7173218, 0), (-0.7566094, 0.6538671, 0), (-0.8107186, 0.5854361, 0), (-0.8586576, 0.5125496, 0), (-0.9000618, 0.4357622, 0), (-0.934616, 0.3556584, 0), (-0.9620572, 0.2728479, 0), (-0.9821765, 0.1879608, 0), (-0.9948209, 0.1016432, 0), (0, 0, -1), (0, 0, -1), (0, 0, -1), (0, 0, -1), (0, 0, -1), (0, 0, -1), (0, 0, -1), (0, 0, -1), (0, 0, -1), (0, 0, -1), (0, 0, -1), (0, 0, -1), (0, 0, -1), (0, 0, -1), (0, 0, -1), (0, 0, -1), (0, 0, -1), (0, 0, -1), (0, 0, -1), (0, 0, -1), (0, 0, -1), (0, 0, -1), (0, 0, -1), (0, 0, -1), (0, 0, -1), (0, 0, -1), (0, 0, -1), (0, 0, -1), (0, 0, -1), (0, 0, -1), (0, 0, -1), (0, 0, -1), (0, 0, -1), (0, 0, -1), (0, 0, -1), (0, 0, -1), (0, 0, -1), (0, 0, -1), (0, 0, -1), (0, 0, -1), (0, 0, -1), (0, 0, -1), (0, 0, -1), (0, 0, -1), (0, 0, -1), (0, 0, -1), (0, 0, -1), (0, 0, -1), (0, 0, -1), (0, 0, -1), (0, 0, -1), (0, 0, -1), (0, 0, -1), (0, 0, -1), (0, 0, -1), (0, 0, -1), (0, 0, -1), (0, 0, -1), (0, 0, -1), (0, 0, -1), (0, 0, -1), (0, 0, -1), (0, 0, -1), (0, 0, -1), (0, 0, -1), (0, 0, -1), (0, 0, -1), (0, 0, -1), (0, 0, -1), (0, 0, -1), (0, 0, -1), (0, 0, -1), (0, 0, 1), (0, 0, 1), (0, 0, 1), (0, 0, 1), (0, 0, 1), (0, 0, 1), (0, 0, 1), (0, 0, 1), (0, 0, 1), (0, 0, 1), (0, 0, 1), (0, 0, 1), (0, 0, 1), (0, 0, 1), (0, 0, 1), (0, 0, 1), (0, 0, 1), (0, 0, 1), (0, 0, 1), (0, 0, 1), (0, 0, 1), (0, 0, 1), (0, 0, 1), (0, 0, 1), (0, 0, 1), (0, 0, 1), (0, 0, 1), (0, 0, 1), (0, 0, 1), (0, 0, 1), (0, 0, 1), (0, 0, 1), (0, 0, 1), (0, 0, 1), (0, 0, 1), (0, 0, 1), (0, 0, 1), (0, 0, 1), (0, 0, 1), (0, 0, 1), (0, 0, 1), (0, 0, 1), (0, 0, 1), (0, 0, 1), (0, 0, 1), (0, 0, 1), (0, 0, 1), (0, 0, 1), (0, 0, 1), (0, 0, 1), (0, 0, 1), (0, 0, 1), (0, 0, 1), (0, 0, 1), (0, 0, 1), (0, 0, 1), (0, 0, 1), (0, 0, 1), (0, 0, 1), (0, 0, 1), (0, 0, 1), (0, 0, 1), (0, 0, 1), (0, 0, 1), (0, 0, 1), (0, 0, 1), (0, 0, 1), (0, 0, 1), (0, 0, 1), (0, 0, 1), (0, 0, 1), (0, 0, 1)] (interpolation = "vertex")
            float3[] extent = [(-0.142004, -0.091, -0.0225), (-0.136004, -0.085, 0.0225)]
            rel material:binding = </WorkbenchPart/Materials/rubber>
            texCoord2f[] primvars:st = [(-15.77695, -9.748726), (-15.77316, -9.719895), (-15.76686, -9.691505), (-15.77695, -9.748726), (-15.76686, -9.691505), (-15.75812, -9.663771), (-15.77695, -9.748726), (-15.75812, -9.663771), (-15.74699, -9.636905), (-15.77695, -9.748726), (-15.74699, -9.636905), (-15.73356, -9.611111), (-15.77695, -9.748726), (-15.73356, -9.611111), (-15.71794, -9.586586), (-15.77695, -9.748726), (-15.71794, -9.586586), (-15.70024, -9.563515), (-15.77695, -9.748726), (-15.70024, -9.563515), (-15.68059, -9.542076), (-15.77695, -9.748726), (-15.68059, -9.542076), (-15.65915, -9.52243), (-15.77695, -9.748726), (-15.65915, -9.52243), (-15.63608, -9.504727), (-15.77695, -9.748726), (-15.63608, -9.504727), (-15.61156, -9.489103), (-15.77695, -9.748726), (-15.61156, -9.489103), (-15.58576, -9.475675), (-15.77695, -9.748726), (-15.58576, -9.475675), (-15.5589, -9.464547), (-15.77695, -9.748726), (-15.5589, -9.464547), (-15.53116, -9.455803), (-15.77695, -9.748726), (-15.53116, -9.455803), (-15.50277, -9.449509), (-15.77695, -9.748726), (-15.50277, -9.449509), (-15.47394, -9.445713), (-15.77695, -9.748726), (-15.47394, -9.445713), (-15.44489, -9.444444), (-15.77695, -9.748726), (-15.44489, -9.444444), (-15.41584, -9.445713), (-15.77695, -9.748726), (-15.41584, -9.445713), (-15.38701, -9.449509), (-15.77695, -9.748726), (-15.38701, -9.449509), (-15.35862, -9.455803), (-15.77695, -9.748726), (-15.35862, -9.455803), (-15.33088, -9.464547), (-15.77695, -9.748726), (-15.33088, -9.464547), (-15.30402, -9.475675), (-15.77695, -9.748726), (-15.30402, -9.475675), (-15.27822, -9.489103), (-15.77695, -9.748726), (-15.27822, -9.489103), (-15.2537, -9.504727), (-15.77695, -9.748726), (-15.2537, -9.504727), (-15.23063, -9.52243), (-15.77695, -9.748726), (-15.23063, -9.52243), (-15.20919, -9.542076), (-15.77695, -9.748726), (-15.20919, -9.542076), (-15.18954, -9.563515), (-15.77695, -9.748726), (-15.18954, -9.563515), (-15.17184, -9.586586), (-15.77695, -9.748726), (-15.17184, -9.586586), (-15.15621, -9.611111), (-15.77695, -9.748726), (-15.15621, -9.611111), (-15.14279, -9.636905), (-15.77695, -9.748726), (-15.14279, -9.636905), (-15.13166, -9.663771), (-15.77695, -9.748726), (-15.13166, -9.663771), (-15.12291, -9.691505), (-15.77695, -9.748726), (-15.12291, -9.691505), (-15.11662, -9.719895), (-15.77695, -9.748726), (-15.11662, -9.719895), (-15.11282, -9.748726), (-15.77695, -9.748726), (-15.11282, -9.748726), (-15.11156, -9.777778), (-15.77695, -9.748726), (-15.11156, -9.777778), (-15.11282, -9.80683), (-15.77695, -9.748726), (-15.11282, -9.80683), (-15.11662, -9.835661), (-15.77695, -9.748726), (-15.11662, -9.835661), (-15.12291, -9.864051), (-15.77695, -9.748726), (-15.12291, -9.864051), (-15.13166, -9.891784), (-15.77695, -9.748726), (-15.13166, -9.891784), (-15.14279, -9.918651), (-15.77695, -9.748726), (-15.14279, -9.918651), (-15.15621, -9.944444), (-15.77695, -9.748726), (-15.15621, -9.944444), (-15.17184, -9.96897), (-15.77695, -9.748726), (-15.17184, -9.96897), (-15.18954, -9.99204), (-15.77695, -9.748726), (-15.18954, -9.99204), (-15.20919, -10.01348), (-15.77695, -9.748726), (-15.20919, -10.01348), (-15.23063, -10.03313), (-15.77695, -9.748726), (-15.23063, -10.03313), (-15.2537, -10.05083), (-15.77695, -9.748726), (-15.2537, -10.05083), (-15.27822, -10.06645), (-15.77695, -9.748726), (-15.27822, -10.06645), (-15.30402, -10.07988), (-15.77695, -9.748726), (-15.30402, -10.07988), (-15.33088, -10.09101), (-15.77695, -9.748726), (-15.33088, -10.09101), (-15.35862, -10.09975), (-15.77695, -9.748726), (-15.35862, -10.09975), (-15.38701, -10.10605), (-15.77695, -9.748726), (-15.38701, -10.10605), (-15.41584, -10.10984), (-15.77695, -9.748726), (-15.41584, -10.10984), (-15.44489, -10.11111), (-15.77695, -9.748726), (-15.44489, -10.11111), (-15.47394, -10.10984), (-15.77695, -9.748726), (-15.47394, -10.10984), (-15.50277, -10.10605), (-15.77695, -9.748726), (-15.50277, -10.10605), (-15.53116, -10.09975), (-15.77695, -9.748726), (-15.53116, -10.09975), (-15.5589, -10.09101), (-15.77695, -9.748726), (-15.5589, -10.09101), (-15.58576, -10.07988), (-15.77695, -9.748726), (-15.58576, -10.07988), (-15.61156, -10.06645), (-15.77695, -9.748726), (-15.61156, -10.06645), (-15.63608, -10.05083), (-15.77695, -9.748726), (-15.63608, -10.05083), (-15.65915, -10.03313), (-15.77695, -9.748726), (-15.65915, -10.03313), (-15.68059, -10.01348), (-15.77695, -9.748726), (-15.68059, -10.01348), (-15.70024, -9.99204), (-15.77695, -9.748726), (-15.70024, -9.99204), (-15.71794, -9.96897), (-15.77695, -9.748726), (-15.71794, -9.96897), (-15.73356, -9.944444), (-15.77695, -9.748726), (-15.73356, -9.944444), (-15.74699, -9.918651), (-15.77695, -9.748726), (-15.74699, -9.918651), (-15.75812, -9.891784), (-15.77695, -9.748726), (-15.75812, -9.891784), (-15.76686, -9.864051), (-15.77695, -9.748726), (-15.76686, -9.864051), (-15.77316, -9.835661), (-15.77695, -9.748726), (-15.77316, -9.835661), (-15.77695, -9.80683), (-15.77695, -9.748726), (-15.77695, -9.80683), (-15.77822, -9.777778), (-15.77822, -9.777778), (-15.77695, -9.80683), (-15.77316, -9.835661), (-15.77822, -9.777778), (-15.77316, -9.835661), (-15.76686, -9.864051), (-15.77822, -9.777778), (-15.76686, -9.864051), (-15.75812, -9.891784), (-15.77822, -9.777778), (-15.75812, -9.891784), (-15.74699, -9.918651), (-15.77822, -9.777778), (-15.74699, -9.918651), (-15.73356, -9.944444), (-15.77822, -9.777778), (-15.73356, -9.944444), (-15.71794, -9.96897), (-15.77822, -9.777778), (-15.71794, -9.96897), (-15.70024, -9.99204), (-15.77822, -9.777778), (-15.70024, -9.99204), (-15.68059, -10.01348), (-15.77822, -9.777778), (-15.68059, -10.01348), (-15.65915, -10.03313), (-15.77822, -9.777778), (-15.65915, -10.03313), (-15.63608, -10.05083), (-15.77822, -9.777778), (-15.63608, -10.05083), (-15.61156, -10.06645), (-15.77822, -9.777778), (-15.61156, -10.06645), (-15.58576, -10.07988), (-15.77822, -9.777778), (-15.58576, -10.07988), (-15.5589, -10.09101), (-15.77822, -9.777778), (-15.5589, -10.09101), (-15.53116, -10.09975), (-15.77822, -9.777778), (-15.53116, -10.09975), (-15.50277, -10.10605), (-15.77822, -9.777778), (-15.50277, -10.10605), (-15.47394, -10.10984), (-15.77822, -9.777778), (-15.47394, -10.10984), (-15.44489, -10.11111), (-15.77822, -9.777778), (-15.44489, -10.11111), (-15.41584, -10.10984), (-15.77822, -9.777778), (-15.41584, -10.10984), (-15.38701, -10.10605), (-15.77822, -9.777778), (-15.38701, -10.10605), (-15.35862, -10.09975), (-15.77822, -9.777778), (-15.35862, -10.09975), (-15.33088, -10.09101), (-15.77822, -9.777778), (-15.33088, -10.09101), (-15.30402, -10.07988), (-15.77822, -9.777778), (-15.30402, -10.07988), (-15.27822, -10.06645), (-15.77822, -9.777778), (-15.27822, -10.06645), (-15.2537, -10.05083), (-15.77822, -9.777778), (-15.2537, -10.05083), (-15.23063, -10.03313), (-15.77822, -9.777778), (-15.23063, -10.03313), (-15.20919, -10.01348), (-15.77822, -9.777778), (-15.20919, -10.01348), (-15.18954, -9.99204), (-15.77822, -9.777778), (-15.18954, -9.99204), (-15.17184, -9.96897), (-15.77822, -9.777778), (-15.17184, -9.96897), (-15.15621, -9.944444), (-15.77822, -9.777778), (-15.15621, -9.944444), (-15.14279, -9.918651), (-15.77822, -9.777778), (-15.14279, -9.918651), (-15.13166, -9.891784), (-15.77822, -9.777778), (-15.13166, -9.891784), (-15.12291, -9.864051), (-15.77822, -9.777778), (-15.12291, -9.864051), (-15.11662, -9.835661), (-15.77822, -9.777778), (-15.11662, -9.835661), (-15.11282, -9.80683), (-15.77822, -9.777778), (-15.11282, -9.80683), (-15.11156, -9.777778), (-15.77822, -9.777778), (-15.11156, -9.777778), (-15.11282, -9.748726), (-15.77822, -9.777778), (-15.11282, -9.748726), (-15.11662, -9.719895), (-15.77822, -9.777778), (-15.11662, -9.719895), (-15.12291, -9.691505), (-15.77822, -9.777778), (-15.12291, -9.691505), (-15.13166, -9.663771), (-15.77822, -9.777778), (-15.13166, -9.663771), (-15.14279, -9.636905), (-15.77822, -9.777778), (-15.14279, -9.636905), (-15.15621, -9.611111), (-15.77822, -9.777778), (-15.15621, -9.611111), (-15.17184, -9.586586), (-15.77822, -9.777778), (-15.17184, -9.586586), (-15.18954, -9.563515), (-15.77822, -9.777778), (-15.18954, -9.563515), (-15.20919, -9.542076), (-15.77822, -9.777778), (-15.20919, -9.542076), (-15.23063, -9.52243), (-15.77822, -9.777778), (-15.23063, -9.52243), (-15.2537, -9.504727), (-15.77822, -9.777778), (-15.2537, -9.504727), (-15.27822, -9.489103), (-15.77822, -9.777778), (-15.27822, -9.489103), (-15.30402, -9.475675), (-15.77822, -9.777778), (-15.30402, -9.475675), (-15.33088, -9.464547), (-15.77822, -9.777778), (-15.33088, -9.464547), (-15.35862, -9.455803), (-15.77822, -9.777778), (-15.35862, -9.455803), (-15.38701, -9.449509), (-15.77822, -9.777778), (-15.38701, -9.449509), (-15.41584, -9.445713), (-15.77822, -9.777778), (-15.41584, -9.445713), (-15.44489, -9.444444), (-15.77822, -9.777778), (-15.44489, -9.444444), (-15.47394, -9.445713), (-15.77822, -9.777778), (-15.47394, -9.445713), (-15.50277, -9.449509), (-15.77822, -9.777778), (-15.50277, -9.449509), (-15.53116, -9.455803), (-15.77822, -9.777778), (-15.53116, -9.455803), (-15.5589, -9.464547), (-15.77822, -9.777778), (-15.5589, -9.464547), (-15.58576, -9.475675), (-15.77822, -9.777778), (-15.58576, -9.475675), (-15.61156, -9.489103), (-15.77822, -9.777778), (-15.61156, -9.489103), (-15.63608, -9.504727), (-15.77822, -9.777778), (-15.63608, -9.504727), (-15.65915, -9.52243), (-15.77822, -9.777778), (-15.65915, -9.52243), (-15.68059, -9.542076), (-15.77822, -9.777778), (-15.68059, -9.542076), (-15.70024, -9.563515), (-15.77822, -9.777778), (-15.70024, -9.563515), (-15.71794, -9.586586), (-15.77822, -9.777778), (-15.71794, -9.586586), (-15.73356, -9.611111), (-15.77822, -9.777778), (-15.73356, -9.611111), (-15.74699, -9.636905), (-15.77822, -9.777778), (-15.74699, -9.636905), (-15.75812, -9.663771), (-15.77822, -9.777778), (-15.75812, -9.663771), (-15.76686, -9.691505), (-15.77822, -9.777778), (-15.76686, -9.691505), (-15.77316, -9.719895), (-15.77822, -9.777778), (-15.77316, -9.719895), (-15.77695, -9.748726), (-9.777778, -2.5), (-9.80683, -2.5), (-9.80683, 2.5), (-9.777778, -2.5), (-9.80683, 2.5), (-9.777778, 2.5), (-9.80683, -2.5), (-9.835661, -2.5), (-9.835661, 2.5), (-9.80683, -2.5), (-9.835661, 2.5), (-9.80683, 2.5), (-9.835661, -2.5), (-9.864051, -2.5), (-9.864051, 2.5), (-9.835661, -2.5), (-9.864051, 2.5), (-9.835661, 2.5), (-9.864051, -2.5), (-9.891784, -2.5), (-9.891784, 2.5), (-9.864051, -2.5), (-9.891784, 2.5), (-9.864051, 2.5), (-9.891784, -2.5), (-9.918651, -2.5), (-9.918651, 2.5), (-9.891784, -2.5), (-9.918651, 2.5), (-9.891784, 2.5), (-9.918651, -2.5), (-9.944444, -2.5), (-9.944444, 2.5), (-9.918651, -2.5), (-9.944444, 2.5), (-9.918651, 2.5), (-9.944444, -2.5), (-9.96897, -2.5), (-9.96897, 2.5), (-9.944444, -2.5), (-9.96897, 2.5), (-9.944444, 2.5), (-9.96897, -2.5), (-9.99204, -2.5), (-9.99204, 2.5), (-9.96897, -2.5), (-9.99204, 2.5), (-9.96897, 2.5), (-9.99204, -2.5), (-10.01348, -2.5), (-10.01348, 2.5), (-9.99204, -2.5), (-10.01348, 2.5), (-9.99204, 2.5), (-15.68059, -2.5), (-15.65915, -2.5), (-15.65915, 2.5), (-15.68059, -2.5), (-15.65915, 2.5), (-15.68059, 2.5), (-15.65915, -2.5), (-15.63608, -2.5), (-15.63608, 2.5), (-15.65915, -2.5), (-15.63608, 2.5), (-15.65915, 2.5), (-15.63608, -2.5), (-15.61156, -2.5), (-15.61156, 2.5), (-15.63608, -2.5), (-15.61156, 2.5), (-15.63608, 2.5), (-15.61156, -2.5), (-15.58576, -2.5), (-15.58576, 2.5), (-15.61156, -2.5), (-15.58576, 2.5), (-15.61156, 2.5), (-15.58576, -2.5), (-15.5589, -2.5), (-15.5589, 2.5), (-15.58576, -2.5), (-15.5589, 2.5), (-15.58576, 2.5), (-15.5589, -2.5), (-15.53116, -2.5), (-15.53116, 2.5), (-15.5589, -2.5), (-15.53116, 2.5), (-15.5589, 2.5), (-15.53116, -2.5), (-15.50277, -2.5), (-15.50277, 2.5), (-15.53116, -2.5), (-15.50277, 2.5), (-15.53116, 2.5), (-15.50277, -2.5), (-15.47394, -2.5), (-15.47394, 2.5), (-15.50277, -2.5), (-15.47394, 2.5), (-15.50277, 2.5), (-15.47394, -2.5), (-15.44489, -2.5), (-15.44489, 2.5), (-15.47394, -2.5), (-15.44489, 2.5), (-15.47394, 2.5), (-15.44489, -2.5), (-15.41584, -2.5), (-15.41584, 2.5), (-15.44489, -2.5), (-15.41584, 2.5), (-15.44489, 2.5), (-15.41584, -2.5), (-15.38701, -2.5), (-15.38701, 2.5), (-15.41584, -2.5), (-15.38701, 2.5), (-15.41584, 2.5), (-15.38701, -2.5), (-15.35862, -2.5), (-15.35862, 2.5), (-15.38701, -2.5), (-15.35862, 2.5), (-15.38701, 2.5), (-15.35862, -2.5), (-15.33088, -2.5), (-15.33088, 2.5), (-15.35862, -2.5), (-15.33088, 2.5), (-15.35862, 2.5), (-15.33088, -2.5), (-15.30402, -2.5), (-15.30402, 2.5), (-15.33088, -2.5), (-15.30402, 2.5), (-15.33088, 2.5), (-15.30402, -2.5), (-15.27822, -2.5), (-15.27822, 2.5), (-15.30402, -2.5), (-15.27822, 2.5), (-15.30402, 2.5), (-15.27822, -2.5), (-15.2537, -2.5), (-15.2537, 2.5), (-15.27822, -2.5), (-15.2537, 2.5), (-15.27822, 2.5), (-15.2537, -2.5), (-15.23063, -2.5), (-15.23063, 2.5), (-15.2537, -2.5), (-15.23063, 2.5), (-15.2537, 2.5), (-15.23063, -2.5), (-15.20919, -2.5), (-15.20919, 2.5), (-15.23063, -2.5), (-15.20919, 2.5), (-15.23063, 2.5), (-10.01348, -2.5), (-9.99204, -2.5), (-9.99204, 2.5), (-10.01348, -2.5), (-9.99204, 2.5), (-10.01348, 2.5), (-9.99204, -2.5), (-9.96897, -2.5), (-9.96897, 2.5), (-9.99204, -2.5), (-9.96897, 2.5), (-9.99204, 2.5), (-9.96897, -2.5), (-9.944444, -2.5), (-9.944444, 2.5), (-9.96897, -2.5), (-9.944444, 2.5), (-9.96897, 2.5), (-9.944444, -2.5), (-9.918651, -2.5), (-9.918651, 2.5), (-9.944444, -2.5), (-9.918651, 2.5), (-9.944444, 2.5), (-9.918651, -2.5), (-9.891784, -2.5), (-9.891784, 2.5), (-9.918651, -2.5), (-9.891784, 2.5), (-9.918651, 2.5), (-9.891784, -2.5), (-9.864051, -2.5), (-9.864051, 2.5), (-9.891784, -2.5), (-9.864051, 2.5), (-9.891784, 2.5), (-9.864051, -2.5), (-9.835661, -2.5), (-9.835661, 2.5), (-9.864051, -2.5), (-9.835661, 2.5), (-9.864051, 2.5), (-9.835661, -2.5), (-9.80683, -2.5), (-9.80683, 2.5), (-9.835661, -2.5), (-9.80683, 2.5), (-9.835661, 2.5), (-9.80683, -2.5), (-9.777778, -2.5), (-9.777778, 2.5), (-9.80683, -2.5), (-9.777778, 2.5), (-9.80683, 2.5), (-9.777778, -2.5), (-9.748726, -2.5), (-9.748726, 2.5), (-9.777778, -2.5), (-9.748726, 2.5), (-9.777778, 2.5), (-9.748726, -2.5), (-9.719895, -2.5), (-9.719895, 2.5), (-9.748726, -2.5), (-9.719895, 2.5), (-9.748726, 2.5), (-9.719895, -2.5), (-9.691505, -2.5), (-9.691505, 2.5), (-9.719895, -2.5), (-9.691505, 2.5), (-9.719895, 2.5), (-9.691505, -2.5), (-9.663771, -2.5), (-9.663771, 2.5), (-9.691505, -2.5), (-9.663771, 2.5), (-9.691505, 2.5), (-9.663771, -2.5), (-9.636905, -2.5), (-9.636905, 2.5), (-9.663771, -2.5), (-9.636905, 2.5), (-9.663771, 2.5), (-9.636905, -2.5), (-9.611111, -2.5), (-9.611111, 2.5), (-9.636905, -2.5), (-9.611111, 2.5), (-9.636905, 2.5), (-9.611111, -2.5), (-9.586586, -2.5), (-9.586586, 2.5), (-9.611111, -2.5), (-9.586586, 2.5), (-9.611111, 2.5), (-9.586586, -2.5), (-9.563515, -2.5), (-9.563515, 2.5), (-9.586586, -2.5), (-9.563515, 2.5), (-9.586586, 2.5), (-9.563515, -2.5), (-9.542076, -2.5), (-9.542076, 2.5), (-9.563515, -2.5), (-9.542076, 2.5), (-9.563515, 2.5), (-15.20919, -2.5), (-15.23063, -2.5), (-15.23063, 2.5), (-15.20919, -2.5), (-15.23063, 2.5), (-15.20919, 2.5), (-15.23063, -2.5), (-15.2537, -2.5), (-15.2537, 2.5), (-15.23063, -2.5), (-15.2537, 2.5), (-15.23063, 2.5), (-15.2537, -2.5), (-15.27822, -2.5), (-15.27822, 2.5), (-15.2537, -2.5), (-15.27822, 2.5), (-15.2537, 2.5), (-15.27822, -2.5), (-15.30402, -2.5), (-15.30402, 2.5), (-15.27822, -2.5), (-15.30402, 2.5), (-15.27822, 2.5), (-15.30402, -2.5), (-15.33088, -2.5), (-15.33088, 2.5), (-15.30402, -2.5), (-15.33088, 2.5), (-15.30402, 2.5), (-15.33088, -2.5), (-15.35862, -2.5), (-15.35862, 2.5), (-15.33088, -2.5), (-15.35862, 2.5), (-15.33088, 2.5), (-15.35862, -2.5), (-15.38701, -2.5), (-15.38701, 2.5), (-15.35862, -2.5), (-15.38701, 2.5), (-15.35862, 2.5), (-15.38701, -2.5), (-15.41584, -2.5), (-15.41584, 2.5), (-15.38701, -2.5), (-15.41584, 2.5), (-15.38701, 2.5), (-15.41584, -2.5), (-15.44489, -2.5), (-15.44489, 2.5), (-15.41584, -2.5), (-15.44489, 2.5), (-15.41584, 2.5), (-15.44489, -2.5), (-15.47394, -2.5), (-15.47394, 2.5), (-15.44489, -2.5), (-15.47394, 2.5), (-15.44489, 2.5), (-15.47394, -2.5), (-15.50277, -2.5), (-15.50277, 2.5), (-15.47394, -2.5), (-15.50277, 2.5), (-15.47394, 2.5), (-15.50277, -2.5), (-15.53116, -2.5), (-15.53116, 2.5), (-15.50277, -2.5), (-15.53116, 2.5), (-15.50277, 2.5), (-15.53116, -2.5), (-15.5589, -2.5), (-15.5589, 2.5), (-15.53116, -2.5), (-15.5589, 2.5), (-15.53116, 2.5), (-15.5589, -2.5), (-15.58576, -2.5), (-15.58576, 2.5), (-15.5589, -2.5), (-15.58576, 2.5), (-15.5589, 2.5), (-15.58576, -2.5), (-15.61156, -2.5), (-15.61156, 2.5), (-15.58576, -2.5), (-15.61156, 2.5), (-15.58576, 2.5), (-15.61156, -2.5), (-15.63608, -2.5), (-15.63608, 2.5), (-15.61156, -2.5), (-15.63608, 2.5), (-15.61156, 2.5), (-15.63608, -2.5), (-15.65915, -2.5), (-15.65915, 2.5), (-15.63608, -2.5), (-15.65915, 2.5), (-15.63608, 2.5), (-15.65915, -2.5), (-15.68059, -2.5), (-15.68059, 2.5), (-15.65915, -2.5), (-15.68059, 2.5), (-15.65915, 2.5), (-9.542076, -2.5), (-9.563515, -2.5), (-9.563515, 2.5), (-9.542076, -2.5), (-9.563515, 2.5), (-9.542076, 2.5), (-9.563515, -2.5), (-9.586586, -2.5), (-9.586586, 2.5), (-9.563515, -2.5), (-9.586586, 2.5), (-9.563515, 2.5), (-9.586586, -2.5), (-9.611111, -2.5), (-9.611111, 2.5), (-9.586586, -2.5), (-9.611111, 2.5), (-9.586586, 2.5), (-9.611111, -2.5), (-9.636905, -2.5), (-9.636905, 2.5), (-9.611111, -2.5), (-9.636905, 2.5), (-9.611111, 2.5), (-9.636905, -2.5), (-9.663771, -2.5), (-9.663771, 2.5), (-9.636905, -2.5), (-9.663771, 2.5), (-9.636905, 2.5), (-9.663771, -2.5), (-9.691505, -2.5), (-9.691505, 2.5), (-9.663771, -2.5), (-9.691505, 2.5), (-9.663771, 2.5), (-9.691505, -2.5), (-9.719895, -2.5), (-9.719895, 2.5), (-9.691505, -2.5), (-9.719895, 2.5), (-9.691505, 2.5), (-9.719895, -2.5), (-9.748726, -2.5), (-9.748726, 2.5), (-9.719895, -2.5), (-9.748726, 2.5), (-9.719895, 2.5), (-9.748726, -2.5), (-9.777778, -2.5), (-9.777778, 2.5), (-9.748726, -2.5), (-9.777778, 2.5), (-9.748726, 2.5)] (interpolation = "faceVarying")
        }
        def Mesh "ActuatorLinkBoss_01" (prepend apiSchemas = ["MaterialBindingAPI"])
        {
            uniform token subdivisionScheme = "none"
            uniform token orientation = "rightHanded"
            bool doubleSided = false
            point3f[] points = [(-0.1166797, 0.0594, 0.002234947), (-0.116965, 0.05915357, 0.002343511), (-0.1172708, 0.05891321, 0.002394371), (-0.1175897, 0.05868483, 0.002386274), (-0.1179137, 0.05847406, 0.002319418), (-0.118235, 0.05828609, 0.002195451), (-0.1185455, 0.05812556, 0.002017425), (-0.1188377, 0.0579964, 0.001789722), (-0.1191043, 0.0579018, 0.001517951), (-0.1193388, 0.05784409, 0.001208803), (-0.1195354, 0.0578247, 0.0008698902), (-0.1196893, 0.05784409, 0.0005095578), (-0.1197967, 0.0579018, 0.0001366783), (-0.1198549, 0.0579964, -0.0002395666), (-0.1198625, 0.05812556, -0.0006099127), (-0.1198193, 0.05828609, -0.0009652406), (-0.1197264, 0.05847406, -0.001296801), (-0.119586, 0.05868483, -0.00159643), (-0.1194017, 0.05891321, -0.00185675), (-0.119178, 0.05915357, -0.00207135), (-0.1189203, 0.0594, -0.002234947), (-0.118635, 0.05964643, -0.002343511), (-0.1183292, 0.05988679, -0.002394371), (-0.1180103, 0.06011517, -0.002386274), (-0.1176863, 0.06032594, -0.002319418), (-0.117365, 0.06051391, -0.002195451), (-0.1170545, 0.06067444, -0.002017425), (-0.1167623, 0.0608036, -0.001789722), (-0.1164957, 0.0608982, -0.001517951), (-0.1162612, 0.06095591, -0.001208803), (-0.1160646, 0.0609753, -0.0008698902), (-0.1159107, 0.06095591, -0.0005095578), (-0.1158033, 0.0608982, -0.0001366783), (-0.1157451, 0.0608036, 0.0002395666), (-0.1157375, 0.06067444, 0.0006099127), (-0.1157807, 0.06051391, 0.0009652406), (-0.1158736, 0.06032594, 0.001296801), (-0.116014, 0.06011517, 0.00159643), (-0.1161983, 0.05988679, 0.00185675), (-0.116422, 0.05964643, 0.00207135), (-0.1086997, 0.0484, -0.001765053), (-0.108985, 0.04815357, -0.001656489), (-0.1092908, 0.04791321, -0.001605629), (-0.1096097, 0.04768483, -0.001613726), (-0.1099337, 0.04747406, -0.001680582), (-0.110255, 0.04728609, -0.001804549), (-0.1105655, 0.04712556, -0.001982575), (-0.1108577, 0.0469964, -0.002210278), (-0.1111243, 0.0469018, -0.002482049), (-0.1113588, 0.04684409, -0.002791197), (-0.1115554, 0.0468247, -0.00313011), (-0.1117093, 0.04684409, -0.003490442), (-0.1118167, 0.0469018, -0.003863322), (-0.1118749, 0.0469964, -0.004239567), (-0.1118825, 0.04712556, -0.004609913), (-0.1118393, 0.04728609, -0.004965241), (-0.1117464, 0.04747406, -0.005296801), (-0.111606, 0.04768483, -0.00559643), (-0.1114217, 0.04791321, -0.00585675), (-0.111198, 0.04815357, -0.00607135), (-0.1109403, 0.0484, -0.006234947), (-0.110655, 0.04864643, -0.006343511), (-0.1103492, 0.04888679, -0.006394371), (-0.1100303, 0.04911517, -0.006386274), (-0.1097063, 0.04932594, -0.006319418), (-0.109385, 0.04951391, -0.006195451), (-0.1090745, 0.04967444, -0.006017425), (-0.1087823, 0.0498036, -0.005789722), (-0.1085157, 0.0498982, -0.005517951), (-0.1082812, 0.04995591, -0.005208803), (-0.1080846, 0.0499753, -0.00486989), (-0.1079307, 0.04995591, -0.004509558), (-0.1078233, 0.0498982, -0.004136678), (-0.1077651, 0.0498036, -0.003760433), (-0.1077575, 0.04967444, -0.003390087), (-0.1078007, 0.04951391, -0.003034759), (-0.1078936, 0.04932594, -0.002703199), (-0.108034, 0.04911517, -0.00240357), (-0.1082183, 0.04888679, -0.00214325), (-0.108442, 0.04864643, -0.00192865), (-0.1166797, 0.0594, 0.002234947), (-0.116965, 0.05915357, 0.002343511), (-0.1172708, 0.05891321, 0.002394371), (-0.1175897, 0.05868483, 0.002386274), (-0.1179137, 0.05847406, 0.002319418), (-0.118235, 0.05828609, 0.002195451), (-0.1185455, 0.05812556, 0.002017425), (-0.1188377, 0.0579964, 0.001789722), (-0.1191043, 0.0579018, 0.001517951), (-0.1193388, 0.05784409, 0.001208803), (-0.1195354, 0.0578247, 0.0008698902), (-0.1196893, 0.05784409, 0.0005095578), (-0.1197967, 0.0579018, 0.0001366783), (-0.1198549, 0.0579964, -0.0002395666), (-0.1198625, 0.05812556, -0.0006099127), (-0.1198193, 0.05828609, -0.0009652406), (-0.1197264, 0.05847406, -0.001296801), (-0.119586, 0.05868483, -0.00159643), (-0.1194017, 0.05891321, -0.00185675), (-0.119178, 0.05915357, -0.00207135), (-0.1189203, 0.0594, -0.002234947), (-0.118635, 0.05964643, -0.002343511), (-0.1183292, 0.05988679, -0.002394371), (-0.1180103, 0.06011517, -0.002386274), (-0.1176863, 0.06032594, -0.002319418), (-0.117365, 0.06051391, -0.002195451), (-0.1170545, 0.06067444, -0.002017425), (-0.1167623, 0.0608036, -0.001789722), (-0.1164957, 0.0608982, -0.001517951), (-0.1162612, 0.06095591, -0.001208803), (-0.1160646, 0.0609753, -0.0008698902), (-0.1159107, 0.06095591, -0.0005095578), (-0.1158033, 0.0608982, -0.0001366783), (-0.1157451, 0.0608036, 0.0002395666), (-0.1157375, 0.06067444, 0.0006099127), (-0.1157807, 0.06051391, 0.0009652406), (-0.1158736, 0.06032594, 0.001296801), (-0.116014, 0.06011517, 0.00159643), (-0.1161983, 0.05988679, 0.00185675), (-0.116422, 0.05964643, 0.00207135), (-0.1086997, 0.0484, -0.001765053), (-0.108985, 0.04815357, -0.001656489), (-0.1092908, 0.04791321, -0.001605629), (-0.1096097, 0.04768483, -0.001613726), (-0.1099337, 0.04747406, -0.001680582), (-0.110255, 0.04728609, -0.001804549), (-0.1105655, 0.04712556, -0.001982575), (-0.1108577, 0.0469964, -0.002210278), (-0.1111243, 0.0469018, -0.002482049), (-0.1113588, 0.04684409, -0.002791197), (-0.1115554, 0.0468247, -0.00313011), (-0.1117093, 0.04684409, -0.003490442), (-0.1118167, 0.0469018, -0.003863322), (-0.1118749, 0.0469964, -0.004239567), (-0.1118825, 0.04712556, -0.004609913), (-0.1118393, 0.04728609, -0.004965241), (-0.1117464, 0.04747406, -0.005296801), (-0.111606, 0.04768483, -0.00559643), (-0.1114217, 0.04791321, -0.00585675), (-0.111198, 0.04815357, -0.00607135), (-0.1109403, 0.0484, -0.006234947), (-0.110655, 0.04864643, -0.006343511), (-0.1103492, 0.04888679, -0.006394371), (-0.1100303, 0.04911517, -0.006386274), (-0.1097063, 0.04932594, -0.006319418), (-0.109385, 0.04951391, -0.006195451), (-0.1090745, 0.04967444, -0.006017425), (-0.1087823, 0.0498036, -0.005789722), (-0.1085157, 0.0498982, -0.005517951), (-0.1082812, 0.04995591, -0.005208803), (-0.1080846, 0.0499753, -0.00486989), (-0.1079307, 0.04995591, -0.004509558), (-0.1078233, 0.0498982, -0.004136678), (-0.1077651, 0.0498036, -0.003760433), (-0.1077575, 0.04967444, -0.003390087), (-0.1078007, 0.04951391, -0.003034759), (-0.1078936, 0.04932594, -0.002703199), (-0.108034, 0.04911517, -0.00240357), (-0.1082183, 0.04888679, -0.00214325), (-0.108442, 0.04864643, -0.00192865)]
            int[] faceVertexCounts = [3, 3, 3, 3, 3, 3, 3, 3, 3, 3, 3, 3, 3, 3, 3, 3, 3, 3, 3, 3, 3, 3, 3, 3, 3, 3, 3, 3, 3, 3, 3, 3, 3, 3, 3, 3, 3, 3, 3, 3, 3, 3, 3, 3, 3, 3, 3, 3, 3, 3, 3, 3, 3, 3, 3, 3, 3, 3, 3, 3, 3, 3, 3, 3, 3, 3, 3, 3, 3, 3, 3, 3, 3, 3, 3, 3, 3, 3, 3, 3, 3, 3, 3, 3, 3, 3, 3, 3, 3, 3, 3, 3, 3, 3, 3, 3, 3, 3, 3, 3, 3, 3, 3, 3, 3, 3, 3, 3, 3, 3, 3, 3, 3, 3, 3, 3, 3, 3, 3, 3, 3, 3, 3, 3, 3, 3, 3, 3, 3, 3, 3, 3, 3, 3, 3, 3, 3, 3, 3, 3, 3, 3, 3, 3, 3, 3, 3, 3, 3, 3, 3, 3, 3, 3, 3, 3]
            int[] faceVertexIndices = [119, 118, 117, 119, 117, 116, 119, 116, 115, 119, 115, 114, 119, 114, 113, 119, 113, 112, 119, 112, 111, 119, 111, 110, 119, 110, 109, 119, 109, 108, 119, 108, 107, 119, 107, 106, 119, 106, 105, 119, 105, 104, 119, 104, 103, 119, 103, 102, 119, 102, 101, 119, 101, 100, 119, 100, 99, 119, 99, 98, 119, 98, 97, 119, 97, 96, 119, 96, 95, 119, 95, 94, 119, 94, 93, 119, 93, 92, 119, 92, 91, 119, 91, 90, 119, 90, 89, 119, 89, 88, 119, 88, 87, 119, 87, 86, 119, 86, 85, 119, 85, 84, 119, 84, 83, 119, 83, 82, 119, 82, 81, 119, 81, 80, 120, 121, 122, 120, 122, 123, 120, 123, 124, 120, 124, 125, 120, 125, 126, 120, 126, 127, 120, 127, 128, 120, 128, 129, 120, 129, 130, 120, 130, 131, 120, 131, 132, 120, 132, 133, 120, 133, 134, 120, 134, 135, 120, 135, 136, 120, 136, 137, 120, 137, 138, 120, 138, 139, 120, 139, 140, 120, 140, 141, 120, 141, 142, 120, 142, 143, 120, 143, 144, 120, 144, 145, 120, 145, 146, 120, 146, 147, 120, 147, 148, 120, 148, 149, 120, 149, 150, 120, 150, 151, 120, 151, 152, 120, 152, 153, 120, 153, 154, 120, 154, 155, 120, 155, 156, 120, 156, 157, 120, 157, 158, 120, 158, 159, 0, 1, 41, 0, 41, 40, 1, 2, 42, 1, 42, 41, 2, 3, 43, 2, 43, 42, 3, 4, 44, 3, 44, 43, 4, 5, 45, 4, 45, 44, 5, 6, 46, 5, 46, 45, 6, 7, 47, 6, 47, 46, 7, 8, 48, 7, 48, 47, 8, 9, 49, 8, 49, 48, 9, 10, 50, 9, 50, 49, 10, 11, 51, 10, 51, 50, 11, 12, 52, 11, 52, 51, 12, 13, 53, 12, 53, 52, 13, 14, 54, 13, 54, 53, 14, 15, 55, 14, 55, 54, 15, 16, 56, 15, 56, 55, 16, 17, 57, 16, 57, 56, 17, 18, 58, 17, 58, 57, 18, 19, 59, 18, 59, 58, 19, 20, 60, 19, 60, 59, 20, 21, 61, 20, 61, 60, 21, 22, 62, 21, 62, 61, 22, 23, 63, 22, 63, 62, 23, 24, 64, 23, 64, 63, 24, 25, 65, 24, 65, 64, 25, 26, 66, 25, 66, 65, 26, 27, 67, 26, 67, 66, 27, 28, 68, 27, 68, 67, 28, 29, 69, 28, 69, 68, 29, 30, 70, 29, 70, 69, 30, 31, 71, 30, 71, 70, 31, 32, 72, 31, 72, 71, 32, 33, 73, 32, 73, 72, 33, 34, 74, 33, 74, 73, 34, 35, 75, 34, 75, 74, 35, 36, 76, 35, 76, 75, 36, 37, 77, 36, 77, 76, 37, 38, 78, 37, 78, 77, 38, 39, 79, 38, 79, 78, 39, 0, 40, 39, 40, 79]
            normal3f[] normals = [(0.4297509, -0.01652482, 0.9027963), (0.3140664, -0.11486, 0.9424274), (0.1906486, -0.2103669, 0.9588529), (0.06253643, -0.3006938, 0.9516682), (-0.06711563, -0.3836167, 0.9210503), (-0.1951151, -0.4570937, 0.8677531), (-0.3183101, -0.5193155, 0.7930889), (-0.4336674, -0.5687501, 0.6988963), (-0.5383463, -0.6041801, 0.5874945), (-0.6297693, -0.6247332, 0.4616266), (-0.7056853, -0.6299033, 0.3243919), (-0.764225, -0.6195631, 0.1791697), (-0.8039469, -0.5939672, 0.02953568), (-0.823873, -0.5537458, -0.1208256), (-0.8235126, -0.4998894, -0.2682117), (-0.8028746, -0.4337241, -0.4089936), (-0.7624672, -0.356879, -0.5397047), (-0.7032853, -0.2712464, -0.6571265), (-0.6267861, -0.1789348, -0.7583677), (-0.5348534, -0.08221721, -0.8409353), (-0.4297509, 0.01652482, -0.9027963), (-0.3140664, 0.11486, -0.9424274), (-0.1906486, 0.2103669, -0.9588529), (-0.06253643, 0.3006938, -0.9516682), (0.06711563, 0.3836167, -0.9210503), (0.1951151, 0.4570937, -0.8677531), (0.3183101, 0.5193155, -0.7930889), (0.4336674, 0.5687501, -0.6988963), (0.5383463, 0.6041801, -0.5874945), (0.6297693, 0.6247332, -0.4616266), (0.7056853, 0.6299033, -0.3243919), (0.764225, 0.6195631, -0.1791697), (0.8039469, 0.5939672, -0.02953568), (0.823873, 0.5537458, 0.1208256), (0.8235126, 0.4998894, 0.2682117), (0.8028746, 0.4337241, 0.4089936), (0.7624672, 0.356879, 0.5397047), (0.7032853, 0.2712464, 0.6571265), (0.6267861, 0.1789348, 0.7583677), (0.5348534, 0.08221721, 0.8409353), (0.4661601, 0.01652482, 0.8845461), (0.3537041, -0.08221721, 0.931737), (0.2325387, -0.1789348, 0.9559854), (0.1056475, -0.2712464, 0.9566943), (-0.02384513, -0.356879, 0.9338462), (-0.1527506, -0.4337241, 0.8880038), (-0.2778949, -0.4998894, 0.8202957), (-0.3961964, -0.5537458, 0.7323892), (-0.5047423, -0.5939672, 0.6264489), (-0.6008597, -0.6195631, 0.5050833), (-0.682182, -0.6299033, 0.3712809), (-0.7467067, -0.6247332, 0.2283363), (-0.7928451, -0.6041801, 0.07976936), (-0.8194609, -0.5687501, -0.0707618), (-0.8258989, -0.5193155, -0.2195506), (-0.8120005, -0.4570937, -0.3629333), (-0.778108, -0.3836167, -0.4973794), (-0.7250558, -0.3006938, -0.6195783), (-0.6541504, -0.2103669, -0.7265212), (-0.5671376, -0.11486, -0.8155747), (-0.4661601, -0.01652482, -0.8845461), (-0.3537041, 0.08221721, -0.931737), (-0.2325387, 0.1789348, -0.9559854), (-0.1056475, 0.2712464, -0.9566943), (0.02384513, 0.356879, -0.9338462), (0.1527506, 0.4337241, -0.8880038), (0.2778949, 0.4998894, -0.8202957), (0.3961964, 0.5537458, -0.7323892), (0.5047423, 0.5939672, -0.6264489), (0.6008597, 0.6195631, -0.5050833), (0.682182, 0.6299033, -0.3712809), (0.7467067, 0.6247332, -0.2283363), (0.7928451, 0.6041801, -0.07976936), (0.8194609, 0.5687501, 0.0707618), (0.8258989, 0.5193155, 0.2195506), (0.8120005, 0.4570937, 0.3629333), (0.778108, 0.3836167, 0.4973794), (0.7250558, 0.3006938, 0.6195783), (0.6541504, 0.2103669, 0.7265212), (0.5671376, 0.11486, 0.8155747), (-0.5633138, 0.7764978, 0.2823628), (-0.5633138, 0.7764978, 0.2823628), (-0.5633138, 0.7764978, 0.2823628), (-0.5633138, 0.7764978, 0.2823628), (-0.5633138, 0.7764978, 0.2823628), (-0.5633138, 0.7764978, 0.2823628), (-0.5633138, 0.7764978, 0.2823628), (-0.5633138, 0.7764978, 0.2823628), (-0.5633138, 0.7764978, 0.2823628), (-0.5633138, 0.7764978, 0.2823628), (-0.5633138, 0.7764978, 0.2823628), (-0.5633138, 0.7764978, 0.2823628), (-0.5633138, 0.7764978, 0.2823628), (-0.5633138, 0.7764978, 0.2823628), (-0.5633138, 0.7764978, 0.2823628), (-0.5633138, 0.7764978, 0.2823628), (-0.5633138, 0.7764978, 0.2823628), (-0.5633138, 0.7764978, 0.2823628), (-0.5633138, 0.7764978, 0.2823628), (-0.5633138, 0.7764978, 0.2823628), (-0.5633138, 0.7764978, 0.2823628), (-0.5633138, 0.7764978, 0.2823628), (-0.5633138, 0.7764978, 0.2823628), (-0.5633138, 0.7764978, 0.2823628), (-0.5633138, 0.7764978, 0.2823628), (-0.5633138, 0.7764978, 0.2823628), (-0.5633138, 0.7764978, 0.2823628), (-0.5633138, 0.7764978, 0.2823628), (-0.5633138, 0.7764978, 0.2823628), (-0.5633138, 0.7764978, 0.2823628), (-0.5633138, 0.7764978, 0.2823628), (-0.5633138, 0.7764978, 0.2823628), (-0.5633138, 0.7764978, 0.2823628), (-0.5633138, 0.7764978, 0.2823628), (-0.5633138, 0.7764978, 0.2823628), (-0.5633138, 0.7764978, 0.2823628), (-0.5633138, 0.7764978, 0.2823628), (-0.5633138, 0.7764978, 0.2823628), (-0.5633138, 0.7764978, 0.2823628), (-0.5633138, 0.7764978, 0.2823628), (0.5633138, -0.7764978, -0.2823628), (0.5633138, -0.7764978, -0.2823628), (0.5633138, -0.7764978, -0.2823628), (0.5633138, -0.7764978, -0.2823628), (0.5633138, -0.7764978, -0.2823628), (0.5633138, -0.7764978, -0.2823628), (0.5633138, -0.7764978, -0.2823628), (0.5633138, -0.7764978, -0.2823628), (0.5633138, -0.7764978, -0.2823628), (0.5633138, -0.7764978, -0.2823628), (0.5633138, -0.7764978, -0.2823628), (0.5633138, -0.7764978, -0.2823628), (0.5633138, -0.7764978, -0.2823628), (0.5633138, -0.7764978, -0.2823628), (0.5633138, -0.7764978, -0.2823628), (0.5633138, -0.7764978, -0.2823628), (0.5633138, -0.7764978, -0.2823628), (0.5633138, -0.7764978, -0.2823628), (0.5633138, -0.7764978, -0.2823628), (0.5633138, -0.7764978, -0.2823628), (0.5633138, -0.7764978, -0.2823628), (0.5633138, -0.7764978, -0.2823628), (0.5633138, -0.7764978, -0.2823628), (0.5633138, -0.7764978, -0.2823628), (0.5633138, -0.7764978, -0.2823628), (0.5633138, -0.7764978, -0.2823628), (0.5633138, -0.7764978, -0.2823628), (0.5633138, -0.7764978, -0.2823628), (0.5633138, -0.7764978, -0.2823628), (0.5633138, -0.7764978, -0.2823628), (0.5633138, -0.7764978, -0.2823628), (0.5633138, -0.7764978, -0.2823628), (0.5633138, -0.7764978, -0.2823628), (0.5633138, -0.7764978, -0.2823628), (0.5633138, -0.7764978, -0.2823628), (0.5633138, -0.7764978, -0.2823628), (0.5633138, -0.7764978, -0.2823628), (0.5633138, -0.7764978, -0.2823628), (0.5633138, -0.7764978, -0.2823628), (0.5633138, -0.7764978, -0.2823628)] (interpolation = "vertex")
            float3[] extent = [(-0.1198625, 0.0468247, -0.006394371), (-0.1077575, 0.0609753, 0.002394371)]
            rel material:binding = </WorkbenchPart/Materials/alloy>
            texCoord2f[] primvars:st = [(-12.93578, 0.23015), (-12.91092, 0.2063055), (-12.89044, 0.1773811), (-12.93578, 0.23015), (-12.89044, 0.1773811), (-12.87485, 0.144089), (-12.93578, 0.23015), (-12.87485, 0.144089), (-12.86452, 0.107249), (-12.93578, 0.23015), (-12.86452, 0.107249), (-12.85973, 0.06776807), (-12.93578, 0.23015), (-12.85973, 0.06776807), (-12.86057, 0.02661852), (-12.93578, 0.23015), (-12.86057, 0.02661852), (-12.86704, -0.01518648), (-12.93578, 0.23015), (-12.86704, -0.01518648), (-12.87897, -0.05661753), (-12.93578, 0.23015), (-12.87897, -0.05661753), (-12.89606, -0.09665447), (-12.93578, 0.23015), (-12.89606, -0.09665447), (-12.91791, -0.1343115), (-12.93578, 0.23015), (-12.91791, -0.1343115), (-12.94397, -0.1686612), (-12.93578, 0.23015), (-12.94397, -0.1686612), (-12.97359, -0.198858), (-12.93578, 0.23015), (-12.97359, -0.198858), (-13.00605, -0.2241583), (-12.93578, 0.23015), (-13.00605, -0.2241583), (-13.04056, -0.243939), (-12.93578, 0.23015), (-13.04056, -0.243939), (-13.07625, -0.2577132), (-12.93578, 0.23015), (-13.07625, -0.2577132), (-13.11226, -0.2651415), (-12.93578, 0.23015), (-13.11226, -0.2651415), (-13.14769, -0.2660413), (-12.93578, 0.23015), (-13.14769, -0.2660413), (-13.18167, -0.2603902), (-12.93578, 0.23015), (-13.18167, -0.2603902), (-13.21336, -0.2483274), (-12.93578, 0.23015), (-13.21336, -0.2483274), (-13.242, -0.23015), (-12.93578, 0.23015), (-13.242, -0.23015), (-13.26686, -0.2063055), (-12.93578, 0.23015), (-13.26686, -0.2063055), (-13.28734, -0.1773811), (-12.93578, 0.23015), (-13.28734, -0.1773811), (-13.30293, -0.144089), (-12.93578, 0.23015), (-13.30293, -0.144089), (-13.31325, -0.107249), (-12.93578, 0.23015), (-13.31325, -0.107249), (-13.31805, -0.06776807), (-12.93578, 0.23015), (-13.31805, -0.06776807), (-13.31721, -0.02661852), (-12.93578, 0.23015), (-13.31721, -0.02661852), (-13.31074, 0.01518648), (-12.93578, 0.23015), (-13.31074, 0.01518648), (-13.29881, 0.05661753), (-12.93578, 0.23015), (-13.29881, 0.05661753), (-13.28171, 0.09665447), (-12.93578, 0.23015), (-13.28171, 0.09665447), (-13.25987, 0.1343115), (-12.93578, 0.23015), (-13.25987, 0.1343115), (-13.23381, 0.1686612), (-12.93578, 0.23015), (-13.23381, 0.1686612), (-13.20419, 0.198858), (-12.93578, 0.23015), (-13.20419, 0.198858), (-13.17172, 0.2241583), (-12.93578, 0.23015), (-13.17172, 0.2241583), (-13.13722, 0.243939), (-12.93578, 0.23015), (-13.13722, 0.243939), (-13.10153, 0.2577132), (-12.93578, 0.23015), (-13.10153, 0.2577132), (-13.06552, 0.2651415), (-12.93578, 0.23015), (-13.06552, 0.2651415), (-13.03009, 0.2660413), (-12.93578, 0.23015), (-13.03009, 0.2660413), (-12.99611, 0.2603902), (-12.93578, 0.23015), (-12.99611, 0.2603902), (-12.96441, 0.2483274), (-12.07775, -0.196117), (-12.10944, -0.1840543), (-12.14343, -0.1784032), (-12.07775, -0.196117), (-12.14343, -0.1784032), (-12.17886, -0.1793029), (-12.07775, -0.196117), (-12.17886, -0.1793029), (-12.21486, -0.1867313), (-12.07775, -0.196117), (-12.21486, -0.1867313), (-12.25055, -0.2005054), (-12.07775, -0.196117), (-12.25055, -0.2005054), (-12.28506, -0.2202862), (-12.07775, -0.196117), (-12.28506, -0.2202862), (-12.31752, -0.2455864), (-12.07775, -0.196117), (-12.31752, -0.2455864), (-12.34715, -0.2757832), (-12.07775, -0.196117), (-12.34715, -0.2757832), (-12.3732, -0.310133), (-12.07775, -0.196117), (-12.3732, -0.310133), (-12.39505, -0.34779), (-12.07775, -0.196117), (-12.39505, -0.34779), (-12.41215, -0.3878269), (-12.07775, -0.196117), (-12.41215, -0.3878269), (-12.42408, -0.429258), (-12.07775, -0.196117), (-12.42408, -0.429258), (-12.43054, -0.471063), (-12.07775, -0.196117), (-12.43054, -0.471063), (-12.43139, -0.5122125), (-12.07775, -0.196117), (-12.43139, -0.5122125), (-12.42659, -0.5516934), (-12.07775, -0.196117), (-12.42659, -0.5516934), (-12.41626, -0.5885335), (-12.07775, -0.196117), (-12.41626, -0.5885335), (-12.40067, -0.6218256), (-12.07775, -0.196117), (-12.40067, -0.6218256), (-12.38019, -0.65075), (-12.07775, -0.196117), (-12.38019, -0.65075), (-12.35533, -0.6745944), (-12.07775, -0.196117), (-12.35533, -0.6745944), (-12.3267, -0.6927718), (-12.07775, -0.196117), (-12.3267, -0.6927718), (-12.295, -0.7048346), (-12.07775, -0.196117), (-12.295, -0.7048346), (-12.26102, -0.7104857), (-12.07775, -0.196117), (-12.26102, -0.7104857), (-12.22559, -0.709586), (-12.07775, -0.196117), (-12.22559, -0.709586), (-12.18958, -0.7021576), (-12.07775, -0.196117), (-12.18958, -0.7021576), (-12.15389, -0.6883835), (-12.07775, -0.196117), (-12.15389, -0.6883835), (-12.11939, -0.6686027), (-12.07775, -0.196117), (-12.11939, -0.6686027), (-12.08692, -0.6433025), (-12.07775, -0.196117), (-12.08692, -0.6433025), (-12.0573, -0.6131057), (-12.07775, -0.196117), (-12.0573, -0.6131057), (-12.03124, -0.5787559), (-12.07775, -0.196117), (-12.03124, -0.5787559), (-12.0094, -0.5410989), (-12.07775, -0.196117), (-12.0094, -0.5410989), (-11.9923, -0.501062), (-12.07775, -0.196117), (-11.9923, -0.501062), (-11.98037, -0.4596309), (-12.07775, -0.196117), (-11.98037, -0.4596309), (-11.9739, -0.4178259), (-12.07775, -0.196117), (-11.9739, -0.4178259), (-11.97306, -0.3766764), (-12.07775, -0.196117), (-11.97306, -0.3766764), (-11.97786, -0.3371955), (-12.07775, -0.196117), (-11.97786, -0.3371955), (-11.98818, -0.3003554), (-12.07775, -0.196117), (-11.98818, -0.3003554), (-12.00377, -0.2670633), (-12.07775, -0.196117), (-12.00377, -0.2670633), (-12.02425, -0.2381389), (-12.07775, -0.196117), (-12.02425, -0.2381389), (-12.04912, -0.2142945), (-12.96441, 6.6), (-12.99611, 6.572619), (-12.10944, 5.350397), (-12.96441, 6.6), (-12.10944, 5.350397), (-12.07775, 5.377778), (-12.99611, 6.572619), (-13.03009, 6.545912), (-12.14343, 5.32369), (-12.99611, 6.572619), (-12.14343, 5.32369), (-12.10944, 5.350397), (-13.03009, 6.545912), (-13.06552, 6.520537), (-12.17886, 5.298314), (-13.03009, 6.545912), (-12.17886, 5.298314), (-12.14343, 5.32369), (-13.06552, 6.520537), (-13.10153, 6.497118), (-12.21486, 5.274896), (-13.06552, 6.520537), (-12.21486, 5.274896), (-12.17886, 5.298314), (-13.10153, 6.497118), (-13.13722, 6.476233), (-12.25055, 5.254011), (-13.10153, 6.497118), (-12.25055, 5.254011), (-12.21486, 5.274896), (-13.13722, 6.476233), (-13.17172, 6.458395), (-12.28506, 5.236173), (-13.13722, 6.476233), (-12.28506, 5.236173), (-12.25055, 5.254011), (-13.17172, 6.458395), (-13.20419, 6.444044), (-12.31752, 5.221822), (-13.17172, 6.458395), (-12.31752, 5.221822), (-12.28506, 5.236173), (-13.20419, 6.444044), (-13.23381, 6.433533), (-12.34715, 5.211311), (-13.20419, 6.444044), (-12.34715, 5.211311), (-12.31752, 5.221822), (-13.23381, 0.1686612), (-13.25987, 0.1343115), (-12.3732, -0.310133), (-13.23381, 0.1686612), (-12.3732, -0.310133), (-12.34715, -0.2757832), (6.427122, 0.1343115), (6.424967, 0.09665447), (5.202744, -0.34779), (6.427122, 0.1343115), (5.202744, -0.34779), (5.204899, -0.310133), (6.424967, 0.09665447), (6.427122, 0.05661753), (5.204899, -0.3878269), (6.424967, 0.09665447), (5.204899, -0.3878269), (5.202744, -0.34779), (6.427122, 0.05661753), (6.433533, 0.01518648), (5.211311, -0.429258), (6.427122, 0.05661753), (5.211311, -0.429258), (5.204899, -0.3878269), (6.433533, 0.01518648), (6.444044, -0.02661852), (5.221822, -0.471063), (6.433533, 0.01518648), (5.221822, -0.471063), (5.211311, -0.429258), (6.444044, -0.02661852), (6.458395, -0.06776807), (5.236173, -0.5122125), (6.444044, -0.02661852), (5.236173, -0.5122125), (5.221822, -0.471063), (6.458395, -0.06776807), (6.476233, -0.107249), (5.254011, -0.5516934), (6.458395, -0.06776807), (5.254011, -0.5516934), (5.236173, -0.5122125), (6.476233, -0.107249), (6.497118, -0.144089), (5.274896, -0.5885335), (6.476233, -0.107249), (5.274896, -0.5885335), (5.254011, -0.5516934), (6.497118, -0.144089), (6.520537, -0.1773811), (5.298314, -0.6218256), (6.497118, -0.144089), (5.298314, -0.6218256), (5.274896, -0.5885335), (-13.28734, 6.520537), (-13.26686, 6.545912), (-12.38019, 5.32369), (-13.28734, 6.520537), (-12.38019, 5.32369), (-12.40067, 5.298314), (-13.26686, 6.545912), (-13.242, 6.572619), (-12.35533, 5.350397), (-13.26686, 6.545912), (-12.35533, 5.350397), (-12.38019, 5.32369), (-13.242, 6.572619), (-13.21336, 6.6), (-12.3267, 5.377778), (-13.242, 6.572619), (-12.3267, 5.377778), (-12.35533, 5.350397), (-13.21336, 6.6), (-13.18167, 6.627381), (-12.295, 5.405159), (-13.21336, 6.6), (-12.295, 5.405159), (-12.3267, 5.377778), (-13.18167, 6.627381), (-13.14769, 6.654088), (-12.26102, 5.431866), (-13.18167, 6.627381), (-12.26102, 5.431866), (-12.295, 5.405159), (-13.14769, 6.654088), (-13.11226, 6.679463), (-12.22559, 5.457241), (-13.14769, 6.654088), (-12.22559, 5.457241), (-12.26102, 5.431866), (-13.11226, 6.679463), (-13.07625, 6.702882), (-12.18958, 5.48066), (-13.11226, 6.679463), (-12.18958, 5.48066), (-12.22559, 5.457241), (-13.07625, 6.702882), (-13.04056, 6.723767), (-12.15389, 5.501545), (-13.07625, 6.702882), (-12.15389, 5.501545), (-12.18958, 5.48066), (-13.04056, 6.723767), (-13.00605, 6.741605), (-12.11939, 5.519383), (-13.04056, 6.723767), (-12.11939, 5.519383), (-12.15389, 5.501545), (-13.00605, 6.741605), (-12.97359, 6.755956), (-12.08692, 5.533734), (-13.00605, 6.741605), (-12.08692, 5.533734), (-12.11939, 5.519383), (-12.97359, 6.755956), (-12.94397, 6.766467), (-12.0573, 5.544244), (-12.97359, 6.755956), (-12.0573, 5.544244), (-12.08692, 5.533734), (-12.94397, -0.1686612), (-12.91791, -0.1343115), (-12.03124, -0.5787559), (-12.94397, -0.1686612), (-12.03124, -0.5787559), (-12.0573, -0.6131057), (6.772878, -0.1343115), (6.775033, -0.09665447), (5.552811, -0.5410989), (6.772878, -0.1343115), (5.552811, -0.5410989), (5.550656, -0.5787559), (6.775033, -0.09665447), (6.772878, -0.05661753), (5.550656, -0.501062), (6.775033, -0.09665447), (5.550656, -0.501062), (5.552811, -0.5410989), (6.772878, -0.05661753), (6.766467, -0.01518648), (5.544244, -0.4596309), (6.772878, -0.05661753), (5.544244, -0.4596309), (5.550656, -0.501062), (6.766467, -0.01518648), (6.755956, 0.02661852), (5.533734, -0.4178259), (6.766467, -0.01518648), (5.533734, -0.4178259), (5.544244, -0.4596309), (6.755956, 0.02661852), (6.741605, 0.06776807), (5.519383, -0.3766764), (6.755956, 0.02661852), (5.519383, -0.3766764), (5.533734, -0.4178259), (6.741605, 0.06776807), (6.723767, 0.107249), (5.501545, -0.3371955), (6.741605, 0.06776807), (5.501545, -0.3371955), (5.519383, -0.3766764), (6.723767, 0.107249), (6.702882, 0.144089), (5.48066, -0.3003554), (6.723767, 0.107249), (5.48066, -0.3003554), (5.501545, -0.3371955), (6.702882, 0.144089), (6.679463, 0.1773811), (5.457241, -0.2670633), (6.702882, 0.144089), (5.457241, -0.2670633), (5.48066, -0.3003554), (-12.89044, 6.679463), (-12.91092, 6.654088), (-12.02425, 5.431866), (-12.89044, 6.679463), (-12.02425, 5.431866), (-12.00377, 5.457241), (-12.91092, 6.654088), (-12.93578, 6.627381), (-12.04912, 5.405159), (-12.91092, 6.654088), (-12.04912, 5.405159), (-12.02425, 5.431866), (-12.93578, 6.627381), (-12.96441, 6.6), (-12.07775, 5.377778), (-12.93578, 6.627381), (-12.07775, 5.377778), (-12.04912, 5.405159)] (interpolation = "faceVarying")
        }
        def Mesh "ActuatorPushrod_01" (prepend apiSchemas = ["MaterialBindingAPI"])
        {
            uniform token subdivisionScheme = "none"
            uniform token orientation = "rightHanded"
            bool doubleSided = false
            point3f[] points = [(-0.10982, 0.0484, -0.0022), (-0.1100949, 0.04846115, -0.002222161), (-0.110363, 0.04852079, -0.002288098), (-0.1106177, 0.04857746, -0.002396188), (-0.1108528, 0.04862976, -0.002543769), (-0.1110624, 0.0486764, -0.002727208), (-0.1112415, 0.04871624, -0.002941987), (-0.1113855, 0.04874829, -0.003182817), (-0.111491, 0.04877176, -0.003443769), (-0.1115554, 0.04878608, -0.003718418), (-0.111577, 0.04879089, -0.004), (-0.1115554, 0.04878608, -0.004281582), (-0.111491, 0.04877176, -0.004556231), (-0.1113855, 0.04874829, -0.004817183), (-0.1112415, 0.04871624, -0.005058013), (-0.1110624, 0.0486764, -0.005272792), (-0.1108528, 0.04862976, -0.005456231), (-0.1106177, 0.04857746, -0.005603812), (-0.110363, 0.04852079, -0.005711902), (-0.1100949, 0.04846115, -0.005777839), (-0.10982, 0.0484, -0.0058), (-0.1095451, 0.04833885, -0.005777839), (-0.109277, 0.04827921, -0.005711902), (-0.1090223, 0.04822254, -0.005603812), (-0.1087872, 0.04817024, -0.005456231), (-0.1085776, 0.0481236, -0.005272792), (-0.1083985, 0.04808376, -0.005058013), (-0.1082545, 0.04805171, -0.004817183), (-0.108149, 0.04802824, -0.004556231), (-0.1080846, 0.04801392, -0.004281582), (-0.108063, 0.04800911, -0.004), (-0.1080846, 0.04801392, -0.003718418), (-0.108149, 0.04802824, -0.003443769), (-0.1082545, 0.04805171, -0.003182817), (-0.1083985, 0.04808376, -0.002941987), (-0.1085776, 0.0481236, -0.002727208), (-0.1087872, 0.04817024, -0.002543769), (-0.1090223, 0.04822254, -0.002396188), (-0.109277, 0.04827921, -0.002288098), (-0.1095451, 0.04833885, -0.002222161), (-0.134292, -0.0616, -0.0022), (-0.1345669, -0.06153885, -0.002222161), (-0.134835, -0.06147921, -0.002288098), (-0.1350897, -0.06142254, -0.002396188), (-0.1353248, -0.06137024, -0.002543769), (-0.1355344, -0.0613236, -0.002727208), (-0.1357135, -0.06128376, -0.002941987), (-0.1358575, -0.06125171, -0.003182817), (-0.135963, -0.06122824, -0.003443769), (-0.1360274, -0.06121392, -0.003718418), (-0.136049, -0.06120911, -0.004), (-0.1360274, -0.06121392, -0.004281582), (-0.135963, -0.06122824, -0.004556231), (-0.1358575, -0.06125171, -0.004817183), (-0.1357135, -0.06128376, -0.005058013), (-0.1355344, -0.0613236, -0.005272792), (-0.1353248, -0.06137024, -0.005456231), (-0.1350897, -0.06142254, -0.005603812), (-0.134835, -0.06147921, -0.005711902), (-0.1345669, -0.06153885, -0.005777839), (-0.134292, -0.0616, -0.0058), (-0.1340171, -0.06166115, -0.005777839), (-0.133749, -0.06172079, -0.005711902), (-0.1334943, -0.06177746, -0.005603812), (-0.1332592, -0.06182976, -0.005456231), (-0.1330496, -0.0618764, -0.005272792), (-0.1328705, -0.06191624, -0.005058013), (-0.1327265, -0.06194829, -0.004817183), (-0.132621, -0.06197176, -0.004556231), (-0.1325566, -0.06198608, -0.004281582), (-0.132535, -0.06199089, -0.004), (-0.1325566, -0.06198608, -0.003718418), (-0.132621, -0.06197176, -0.003443769), (-0.1327265, -0.06194829, -0.003182817), (-0.1328705, -0.06191624, -0.002941987), (-0.1330496, -0.0618764, -0.002727208), (-0.1332592, -0.06182976, -0.002543769), (-0.1334943, -0.06177746, -0.002396188), (-0.133749, -0.06172079, -0.002288098), (-0.1340171, -0.06166115, -0.002222161), (-0.10982, 0.0484, -0.0022), (-0.1100949, 0.04846115, -0.002222161), (-0.110363, 0.04852079, -0.002288098), (-0.1106177, 0.04857746, -0.002396188), (-0.1108528, 0.04862976, -0.002543769), (-0.1110624, 0.0486764, -0.002727208), (-0.1112415, 0.04871624, -0.002941987), (-0.1113855, 0.04874829, -0.003182817), (-0.111491, 0.04877176, -0.003443769), (-0.1115554, 0.04878608, -0.003718418), (-0.111577, 0.04879089, -0.004), (-0.1115554, 0.04878608, -0.004281582), (-0.111491, 0.04877176, -0.004556231), (-0.1113855, 0.04874829, -0.004817183), (-0.1112415, 0.04871624, -0.005058013), (-0.1110624, 0.0486764, -0.005272792), (-0.1108528, 0.04862976, -0.005456231), (-0.1106177, 0.04857746, -0.005603812), (-0.110363, 0.04852079, -0.005711902), (-0.1100949, 0.04846115, -0.005777839), (-0.10982, 0.0484, -0.0058), (-0.1095451, 0.04833885, -0.005777839), (-0.109277, 0.04827921, -0.005711902), (-0.1090223, 0.04822254, -0.005603812), (-0.1087872, 0.04817024, -0.005456231), (-0.1085776, 0.0481236, -0.005272792), (-0.1083985, 0.04808376, -0.005058013), (-0.1082545, 0.04805171, -0.004817183), (-0.108149, 0.04802824, -0.004556231), (-0.1080846, 0.04801392, -0.004281582), (-0.108063, 0.04800911, -0.004), (-0.1080846, 0.04801392, -0.003718418), (-0.108149, 0.04802824, -0.003443769), (-0.1082545, 0.04805171, -0.003182817), (-0.1083985, 0.04808376, -0.002941987), (-0.1085776, 0.0481236, -0.002727208), (-0.1087872, 0.04817024, -0.002543769), (-0.1090223, 0.04822254, -0.002396188), (-0.109277, 0.04827921, -0.002288098), (-0.1095451, 0.04833885, -0.002222161), (-0.134292, -0.0616, -0.0022), (-0.1345669, -0.06153885, -0.002222161), (-0.134835, -0.06147921, -0.002288098), (-0.1350897, -0.06142254, -0.002396188), (-0.1353248, -0.06137024, -0.002543769), (-0.1355344, -0.0613236, -0.002727208), (-0.1357135, -0.06128376, -0.002941987), (-0.1358575, -0.06125171, -0.003182817), (-0.135963, -0.06122824, -0.003443769), (-0.1360274, -0.06121392, -0.003718418), (-0.136049, -0.06120911, -0.004), (-0.1360274, -0.06121392, -0.004281582), (-0.135963, -0.06122824, -0.004556231), (-0.1358575, -0.06125171, -0.004817183), (-0.1357135, -0.06128376, -0.005058013), (-0.1355344, -0.0613236, -0.005272792), (-0.1353248, -0.06137024, -0.005456231), (-0.1350897, -0.06142254, -0.005603812), (-0.134835, -0.06147921, -0.005711902), (-0.1345669, -0.06153885, -0.005777839), (-0.134292, -0.0616, -0.0058), (-0.1340171, -0.06166115, -0.005777839), (-0.133749, -0.06172079, -0.005711902), (-0.1334943, -0.06177746, -0.005603812), (-0.1332592, -0.06182976, -0.005456231), (-0.1330496, -0.0618764, -0.005272792), (-0.1328705, -0.06191624, -0.005058013), (-0.1327265, -0.06194829, -0.004817183), (-0.132621, -0.06197176, -0.004556231), (-0.1325566, -0.06198608, -0.004281582), (-0.132535, -0.06199089, -0.004), (-0.1325566, -0.06198608, -0.003718418), (-0.132621, -0.06197176, -0.003443769), (-0.1327265, -0.06194829, -0.003182817), (-0.1328705, -0.06191624, -0.002941987), (-0.1330496, -0.0618764, -0.002727208), (-0.1332592, -0.06182976, -0.002543769), (-0.1334943, -0.06177746, -0.002396188), (-0.133749, -0.06172079, -0.002288098), (-0.1340171, -0.06166115, -0.002222161)]
            int[] faceVertexCounts = [3, 3, 3, 3, 3, 3, 3, 3, 3, 3, 3, 3, 3, 3, 3, 3, 3, 3, 3, 3, 3, 3, 3, 3, 3, 3, 3, 3, 3, 3, 3, 3, 3, 3, 3, 3, 3, 3, 3, 3, 3, 3, 3, 3, 3, 3, 3, 3, 3, 3, 3, 3, 3, 3, 3, 3, 3, 3, 3, 3, 3, 3, 3, 3, 3, 3, 3, 3, 3, 3, 3, 3, 3, 3, 3, 3, 3, 3, 3, 3, 3, 3, 3, 3, 3, 3, 3, 3, 3, 3, 3, 3, 3, 3, 3, 3, 3, 3, 3, 3, 3, 3, 3, 3, 3, 3, 3, 3, 3, 3, 3, 3, 3, 3, 3, 3, 3, 3, 3, 3, 3, 3, 3, 3, 3, 3, 3, 3, 3, 3, 3, 3, 3, 3, 3, 3, 3, 3, 3, 3, 3, 3, 3, 3, 3, 3, 3, 3, 3, 3, 3, 3, 3, 3, 3, 3]
            int[] faceVertexIndices = [119, 118, 117, 119, 117, 116, 119, 116, 115, 119, 115, 114, 119, 114, 113, 119, 113, 112, 119, 112, 111, 119, 111, 110, 119, 110, 109, 119, 109, 108, 119, 108, 107, 119, 107, 106, 119, 106, 105, 119, 105, 104, 119, 104, 103, 119, 103, 102, 119, 102, 101, 119, 101, 100, 119, 100, 99, 119, 99, 98, 119, 98, 97, 119, 97, 96, 119, 96, 95, 119, 95, 94, 119, 94, 93, 119, 93, 92, 119, 92, 91, 119, 91, 90, 119, 90, 89, 119, 89, 88, 119, 88, 87, 119, 87, 86, 119, 86, 85, 119, 85, 84, 119, 84, 83, 119, 83, 82, 119, 82, 81, 119, 81, 80, 120, 121, 122, 120, 122, 123, 120, 123, 124, 120, 124, 125, 120, 125, 126, 120, 126, 127, 120, 127, 128, 120, 128, 129, 120, 129, 130, 120, 130, 131, 120, 131, 132, 120, 132, 133, 120, 133, 134, 120, 134, 135, 120, 135, 136, 120, 136, 137, 120, 137, 138, 120, 138, 139, 120, 139, 140, 120, 140, 141, 120, 141, 142, 120, 142, 143, 120, 143, 144, 120, 144, 145, 120, 145, 146, 120, 146, 147, 120, 147, 148, 120, 148, 149, 120, 149, 150, 120, 150, 151, 120, 151, 152, 120, 152, 153, 120, 153, 154, 120, 154, 155, 120, 155, 156, 120, 156, 157, 120, 157, 158, 120, 158, 159, 0, 1, 41, 0, 41, 40, 1, 2, 42, 1, 42, 41, 2, 3, 43, 2, 43, 42, 3, 4, 44, 3, 44, 43, 4, 5, 45, 4, 45, 44, 5, 6, 46, 5, 46, 45, 6, 7, 47, 6, 47, 46, 7, 8, 48, 7, 48, 47, 8, 9, 49, 8, 49, 48, 9, 10, 50, 9, 50, 49, 10, 11, 51, 10, 51, 50, 11, 12, 52, 11, 52, 51, 12, 13, 53, 12, 53, 52, 13, 14, 54, 13, 54, 53, 14, 15, 55, 14, 55, 54, 15, 16, 56, 15, 56, 55, 16, 17, 57, 16, 57, 56, 17, 18, 58, 17, 58, 57, 18, 19, 59, 18, 59, 58, 19, 20, 60, 19, 60, 59, 20, 21, 61, 20, 61, 60, 21, 22, 62, 21, 62, 61, 22, 23, 63, 22, 63, 62, 23, 24, 64, 23, 64, 63, 24, 25, 65, 24, 65, 64, 25, 26, 66, 25, 66, 65, 26, 27, 67, 26, 67, 66, 27, 28, 68, 27, 68, 67, 28, 29, 69, 28, 69, 68, 29, 30, 70, 29, 70, 69, 30, 31, 71, 30, 71, 70, 31, 32, 72, 31, 72, 71, 32, 33, 73, 32, 73, 72, 33, 34, 74, 33, 74, 73, 34, 35, 75, 34, 75, 74, 35, 36, 76, 35, 76, 75, 36, 37, 77, 36, 77, 76, 37, 38, 78, 37, 78, 77, 38, 39, 79, 38, 79, 78, 39, 0, 40, 39, 40, 79]
            normal3f[] normals = [(-0.02559903, 0.005695086, 0.9996561), (-0.1779325, 0.03958514, 0.9832462), (-0.3258848, 0.07250047, 0.9426255), (-0.4658126, 0.1036306, 0.8787942), (-0.5942706, 0.132209, 0.7933242), (-0.7080957, 0.157532, 0.6883198), (-0.8044851, 0.178976, 0.5663667), (-0.8810655, 0.196013, 0.4304678), (-0.935951, 0.2082236, 0.2839694), (-0.9677904, 0.215307, 0.1304787), (-0.9757995, 0.2170888, -0.02622488), (-0.9597812, 0.2135252, -0.1822827), (-0.92013, 0.2047038, -0.3338521), (-0.857822, 0.190842, -0.4772009), (-0.7743917, 0.172281, -0.6087995), (-0.6718932, 0.1494779, -0.7254074), (-0.5528505, 0.1229942, -0.8241533), (-0.4201948, 0.09348189, -0.9026059), (-0.2771925, 0.06166777, -0.9588334), (-0.1273648, 0.0283352, -0.9914511), (0.02559903, -0.005695086, -0.9996561), (0.1779325, -0.03958514, -0.9832462), (0.3258848, -0.07250047, -0.9426255), (0.4658126, -0.1036306, -0.8787942), (0.5942706, -0.132209, -0.7933242), (0.7080957, -0.157532, -0.6883198), (0.8044851, -0.178976, -0.5663667), (0.8810655, -0.196013, -0.4304678), (0.935951, -0.2082236, -0.2839694), (0.9677904, -0.215307, -0.1304787), (0.9757995, -0.2170888, 0.02622488), (0.9597812, -0.2135252, 0.1822827), (0.92013, -0.2047038, 0.3338521), (0.857822, -0.190842, 0.4772009), (0.7743917, -0.172281, 0.6087995), (0.6718932, -0.1494779, 0.7254074), (0.5528505, -0.1229942, 0.8241533), (0.4201948, -0.09348189, 0.9026059), (0.2771925, -0.06166777, 0.9588334), (0.1273648, -0.0283352, 0.9914511), (0.02559903, -0.005695086, 0.9996561), (-0.1273648, 0.0283352, 0.9914511), (-0.2771925, 0.06166777, 0.9588334), (-0.4201948, 0.09348189, 0.9026059), (-0.5528505, 0.1229942, 0.8241533), (-0.6718932, 0.1494779, 0.7254074), (-0.7743917, 0.172281, 0.6087995), (-0.857822, 0.190842, 0.4772009), (-0.92013, 0.2047038, 0.3338521), (-0.9597812, 0.2135252, 0.1822827), (-0.9757995, 0.2170888, 0.02622488), (-0.9677904, 0.215307, -0.1304787), (-0.935951, 0.2082236, -0.2839694), (-0.8810655, 0.196013, -0.4304678), (-0.8044851, 0.178976, -0.5663667), (-0.7080957, 0.157532, -0.6883198), (-0.5942706, 0.132209, -0.7933242), (-0.4658126, 0.1036306, -0.8787942), (-0.3258848, 0.07250047, -0.9426255), (-0.1779325, 0.03958514, -0.9832462), (-0.02559903, 0.005695086, -0.9996561), (0.1273648, -0.0283352, -0.9914511), (0.2771925, -0.06166777, -0.9588334), (0.4201948, -0.09348189, -0.9026059), (0.5528505, -0.1229942, -0.8241533), (0.6718932, -0.1494779, -0.7254074), (0.7743917, -0.172281, -0.6087995), (0.857822, -0.190842, -0.4772009), (0.92013, -0.2047038, -0.3338521), (0.9597812, -0.2135252, -0.1822827), (0.9757995, -0.2170888, -0.02622488), (0.9677904, -0.215307, 0.1304787), (0.935951, -0.2082236, 0.2839694), (0.8810655, -0.196013, 0.4304678), (0.8044851, -0.178976, 0.5663667), (0.7080957, -0.157532, 0.6883198), (0.5942706, -0.132209, 0.7933242), (0.4658126, -0.1036306, 0.8787942), (0.3258848, -0.07250047, 0.9426255), (0.1779325, -0.03958514, 0.9832462), (0.2171635, 0.9761353, 0), (0.2171635, 0.9761353, 3.014369e-14), (0.2171635, 0.9761353, 4.084762e-14), (0.2171635, 0.9761353, -1.394596e-14), (0.2171635, 0.9761353, -5.170845e-15), (0.2171635, 0.9761353, 2.407149e-15), (0.2171635, 0.9761353, 9.18214e-15), (0.2171635, 0.9761353, -1.965074e-15), (0.2171635, 0.9761353, -1.002926e-14), (0.2171635, 0.9761353, 5.117984e-15), (0.2171635, 0.9761353, 0), (0.2171635, 0.9761353, -3.909792e-15), (0.2171635, 0.9761353, 5.818705e-15), (0.2171635, 0.9761353, 8.551739e-16), (0.2171635, 0.9761353, -2.936861e-15), (0.2171635, 0.9761353, -5.485091e-16), (0.2171635, 0.9761353, 8.008992e-16), (0.2171635, 0.9761353, 1.365127e-15), (0.2171635, 0.9761353, -2.23985e-15), (0.2171635, 0.9761353, -7.376687e-16), (0.2171635, 0.9761353, 0), (0.2171635, 0.9761353, 0), (0.2171635, 0.9761353, 2.7272e-16), (0.2171635, 0.9761353, -1.714091e-15), (0.2171635, 0.9761353, -8.948249e-16), (0.2171635, 0.9761353, -2.631304e-16), (0.2171635, 0.9761353, 1.90365e-15), (0.2171635, 0.9761353, -1.396354e-15), (0.2171635, 0.9761353, -5.554653e-15), (0.2171635, 0.9761353, 3.603479e-15), (0.2171635, 0.9761353, 0), (0.2171635, 0.9761353, -5.215003e-15), (0.2171635, 0.9761353, 1.176462e-14), (0.2171635, 0.9761353, 4.434222e-15), (0.2171635, 0.9761353, -9.450166e-15), (0.2171635, 0.9761353, 2.187601e-15), (0.2171635, 0.9761353, 1.401517e-14), (0.2171635, 0.9761353, 6.335511e-14), (0.2171635, 0.9761353, -4.188836e-14), (0.2171635, 0.9761353, 0), (-0.2171635, -0.9761353, 1.494921e-16), (-0.2171635, -0.9761353, -5.991627e-14), (-0.2171635, -0.9761353, -8.442901e-14), (-0.2171635, -0.9761353, 1.796816e-14), (-0.2171635, -0.9761353, 3.158349e-14), (-0.2171635, -0.9761353, 1.194644e-14), (-0.2171635, -0.9761353, 1.013536e-15), (-0.2171635, -0.9761353, -7.0779e-15), (-0.2171635, -0.9761353, 1.163928e-14), (-0.2171635, -0.9761353, 7.05763e-15), (-0.2171635, -0.9761353, 0), (-0.2171635, -0.9761353, -5.148215e-15), (-0.2171635, -0.9761353, -6.143959e-15), (-0.2171635, -0.9761353, 2.657927e-15), (-0.2171635, -0.9761353, -2.631304e-16), (-0.2171635, -0.9761353, -2.049684e-15), (-0.2171635, -0.9761353, -3.334358e-15), (-0.2171635, -0.9761353, -1.035645e-15), (-0.2171635, -0.9761353, 2.117955e-15), (-0.2171635, -0.9761353, 3.711189e-16), (-0.2171635, -0.9761353, 0), (-0.2171635, -0.9761353, -3.711189e-16), (-0.2171635, -0.9761353, -2.117955e-15), (-0.2171635, -0.9761353, 1.035645e-15), (-0.2171635, -0.9761353, 3.334358e-15), (-0.2171635, -0.9761353, 2.049684e-15), (-0.2171635, -0.9761353, 2.631304e-16), (-0.2171635, -0.9761353, -2.657927e-15), (-0.2171635, -0.9761353, 6.143959e-15), (-0.2171635, -0.9761353, 5.148215e-15), (-0.2171635, -0.9761353, 0), (-0.2171635, -0.9761353, -7.05763e-15), (-0.2171635, -0.9761353, -1.163928e-14), (-0.2171635, -0.9761353, 7.0779e-15), (-0.2171635, -0.9761353, -1.013536e-15), (-0.2171635, -0.9761353, -1.194644e-14), (-0.2171635, -0.9761353, 1.367251e-15), (-0.2171635, -0.9761353, 9.463232e-15), (-0.2171635, -0.9761353, 1.693915e-14), (-0.2171635, -0.9761353, 5.991627e-14)] (interpolation = "vertex")
            float3[] extent = [(-0.136049, -0.06199089, -0.0058), (-0.108063, 0.04879089, -0.0022)]
            rel material:binding = </WorkbenchPart/Materials/steel>
            texCoord2f[] primvars:st = [(-12.17168, -0.2469068), (-12.14189, -0.2542331), (-12.11359, -0.2662431), (-12.17168, -0.2469068), (-12.11359, -0.2662431), (-12.08747, -0.282641), (-12.17168, -0.2469068), (-12.08747, -0.282641), (-12.06418, -0.3030231), (-12.17168, -0.2469068), (-12.06418, -0.3030231), (-12.04428, -0.3268874), (-12.17168, -0.2469068), (-12.04428, -0.3268874), (-12.02827, -0.3536463), (-12.17168, -0.2469068), (-12.02827, -0.3536463), (-12.01655, -0.382641), (-12.17168, -0.2469068), (-12.01655, -0.382641), (-12.0094, -0.4131576), (-12.17168, -0.2469068), (-12.0094, -0.4131576), (-12.007, -0.4444444), (-12.17168, -0.2469068), (-12.007, -0.4444444), (-12.0094, -0.4757313), (-12.17168, -0.2469068), (-12.0094, -0.4757313), (-12.01655, -0.5062478), (-12.17168, -0.2469068), (-12.01655, -0.5062478), (-12.02827, -0.5352425), (-12.17168, -0.2469068), (-12.02827, -0.5352425), (-12.04428, -0.5620015), (-12.17168, -0.2469068), (-12.04428, -0.5620015), (-12.06418, -0.5858658), (-12.17168, -0.2469068), (-12.06418, -0.5858658), (-12.08747, -0.6062478), (-12.17168, -0.2469068), (-12.08747, -0.6062478), (-12.11359, -0.6226457), (-12.17168, -0.2469068), (-12.11359, -0.6226457), (-12.14189, -0.6346557), (-12.17168, -0.2469068), (-12.14189, -0.6346557), (-12.17168, -0.6419821), (-12.17168, -0.2469068), (-12.17168, -0.6419821), (-12.20222, -0.6444444), (-12.17168, -0.2469068), (-12.20222, -0.6444444), (-12.23276, -0.6419821), (-12.17168, -0.2469068), (-12.23276, -0.6419821), (-12.26255, -0.6346557), (-12.17168, -0.2469068), (-12.26255, -0.6346557), (-12.29085, -0.6226457), (-12.17168, -0.2469068), (-12.29085, -0.6226457), (-12.31697, -0.6062478), (-12.17168, -0.2469068), (-12.31697, -0.6062478), (-12.34027, -0.5858658), (-12.17168, -0.2469068), (-12.34027, -0.5858658), (-12.36016, -0.5620015), (-12.17168, -0.2469068), (-12.36016, -0.5620015), (-12.37617, -0.5352425), (-12.17168, -0.2469068), (-12.37617, -0.5352425), (-12.38789, -0.5062478), (-12.17168, -0.2469068), (-12.38789, -0.5062478), (-12.39505, -0.4757313), (-12.17168, -0.2469068), (-12.39505, -0.4757313), (-12.39745, -0.4444444), (-12.17168, -0.2469068), (-12.39745, -0.4444444), (-12.39505, -0.4131576), (-12.17168, -0.2469068), (-12.39505, -0.4131576), (-12.38789, -0.382641), (-12.17168, -0.2469068), (-12.38789, -0.382641), (-12.37617, -0.3536463), (-12.17168, -0.2469068), (-12.37617, -0.3536463), (-12.36016, -0.3268874), (-12.17168, -0.2469068), (-12.36016, -0.3268874), (-12.34027, -0.3030231), (-12.17168, -0.2469068), (-12.34027, -0.3030231), (-12.31697, -0.282641), (-12.17168, -0.2469068), (-12.31697, -0.282641), (-12.29085, -0.2662431), (-12.17168, -0.2469068), (-12.29085, -0.2662431), (-12.26255, -0.2542331), (-12.17168, -0.2469068), (-12.26255, -0.2542331), (-12.23276, -0.2469068), (-12.17168, -0.2469068), (-12.23276, -0.2469068), (-12.20222, -0.2444444), (-14.92133, -0.2444444), (-14.95187, -0.2469068), (-14.98166, -0.2542331), (-14.92133, -0.2444444), (-14.98166, -0.2542331), (-15.00996, -0.2662431), (-14.92133, -0.2444444), (-15.00996, -0.2662431), (-15.03608, -0.282641), (-14.92133, -0.2444444), (-15.03608, -0.282641), (-15.05938, -0.3030231), (-14.92133, -0.2444444), (-15.05938, -0.3030231), (-15.07928, -0.3268874), (-14.92133, -0.2444444), (-15.07928, -0.3268874), (-15.09528, -0.3536463), (-14.92133, -0.2444444), (-15.09528, -0.3536463), (-15.10701, -0.382641), (-14.92133, -0.2444444), (-15.10701, -0.382641), (-15.11416, -0.4131576), (-14.92133, -0.2444444), (-15.11416, -0.4131576), (-15.11656, -0.4444444), (-14.92133, -0.2444444), (-15.11656, -0.4444444), (-15.11416, -0.4757313), (-14.92133, -0.2444444), (-15.11416, -0.4757313), (-15.10701, -0.5062478), (-14.92133, -0.2444444), (-15.10701, -0.5062478), (-15.09528, -0.5352425), (-14.92133, -0.2444444), (-15.09528, -0.5352425), (-15.07928, -0.5620015), (-14.92133, -0.2444444), (-15.07928, -0.5620015), (-15.05938, -0.5858658), (-14.92133, -0.2444444), (-15.05938, -0.5858658), (-15.03608, -0.6062478), (-14.92133, -0.2444444), (-15.03608, -0.6062478), (-15.00996, -0.6226457), (-14.92133, -0.2444444), (-15.00996, -0.6226457), (-14.98166, -0.6346557), (-14.92133, -0.2444444), (-14.98166, -0.6346557), (-14.95187, -0.6419821), (-14.92133, -0.2444444), (-14.95187, -0.6419821), (-14.92133, -0.6444444), (-14.92133, -0.2444444), (-14.92133, -0.6444444), (-14.89079, -0.6419821), (-14.92133, -0.2444444), (-14.89079, -0.6419821), (-14.861, -0.6346557), (-14.92133, -0.2444444), (-14.861, -0.6346557), (-14.8327, -0.6226457), (-14.92133, -0.2444444), (-14.8327, -0.6226457), (-14.80658, -0.6062478), (-14.92133, -0.2444444), (-14.80658, -0.6062478), (-14.78329, -0.5858658), (-14.92133, -0.2444444), (-14.78329, -0.5858658), (-14.76339, -0.5620015), (-14.92133, -0.2444444), (-14.76339, -0.5620015), (-14.74738, -0.5352425), (-14.92133, -0.2444444), (-14.74738, -0.5352425), (-14.73566, -0.5062478), (-14.92133, -0.2444444), (-14.73566, -0.5062478), (-14.72851, -0.4757313), (-14.92133, -0.2444444), (-14.72851, -0.4757313), (-14.72611, -0.4444444), (-14.92133, -0.2444444), (-14.72611, -0.4444444), (-14.72851, -0.4131576), (-14.92133, -0.2444444), (-14.72851, -0.4131576), (-14.73566, -0.382641), (-14.92133, -0.2444444), (-14.73566, -0.382641), (-14.74738, -0.3536463), (-14.92133, -0.2444444), (-14.74738, -0.3536463), (-14.76339, -0.3268874), (-14.92133, -0.2444444), (-14.76339, -0.3268874), (-14.78329, -0.3030231), (-14.92133, -0.2444444), (-14.78329, -0.3030231), (-14.80658, -0.282641), (-14.92133, -0.2444444), (-14.80658, -0.282641), (-14.8327, -0.2662431), (-14.92133, -0.2444444), (-14.8327, -0.2662431), (-14.861, -0.2542331), (-14.92133, -0.2444444), (-14.861, -0.2542331), (-14.89079, -0.2469068), (-12.20222, 5.377778), (-12.23276, 5.384572), (-14.95187, -6.83765), (-12.20222, 5.377778), (-14.95187, -6.83765), (-14.92133, -6.844444), (-12.23276, 5.384572), (-12.26255, 5.391199), (-14.98166, -6.831023), (-12.23276, 5.384572), (-14.98166, -6.831023), (-14.95187, -6.83765), (-12.26255, 5.391199), (-12.29085, 5.397496), (-15.00996, -6.824726), (-12.26255, 5.391199), (-15.00996, -6.824726), (-14.98166, -6.831023), (-12.29085, 5.397496), (-12.31697, 5.403307), (-15.03608, -6.818915), (-12.29085, 5.397496), (-15.03608, -6.818915), (-15.00996, -6.824726), (-12.31697, 5.403307), (-12.34027, 5.408489), (-15.05938, -6.813733), (-12.31697, 5.403307), (-15.05938, -6.813733), (-15.03608, -6.818915), (5.408489, -0.3030231), (5.412916, -0.3268874), (-6.809307, -0.3268874), (5.408489, -0.3030231), (-6.809307, -0.3268874), (-6.813733, -0.3030231), (5.412916, -0.3268874), (5.416477, -0.3536463), (-6.805746, -0.3536463), (5.412916, -0.3268874), (-6.805746, -0.3536463), (-6.809307, -0.3268874), (5.416477, -0.3536463), (5.419085, -0.382641), (-6.803137, -0.382641), (5.416477, -0.3536463), (-6.803137, -0.382641), (-6.805746, -0.3536463), (5.419085, -0.382641), (5.420676, -0.4131576), (-6.801546, -0.4131576), (5.419085, -0.382641), (-6.801546, -0.4131576), (-6.803137, -0.382641), (5.420676, -0.4131576), (5.42121, -0.4444444), (-6.801012, -0.4444444), (5.420676, -0.4131576), (-6.801012, -0.4444444), (-6.801546, -0.4131576), (5.42121, -0.4444444), (5.420676, -0.4757313), (-6.801546, -0.4757313), (5.42121, -0.4444444), (-6.801546, -0.4757313), (-6.801012, -0.4444444), (5.420676, -0.4757313), (5.419085, -0.5062478), (-6.803137, -0.5062478), (5.420676, -0.4757313), (-6.803137, -0.5062478), (-6.801546, -0.4757313), (5.419085, -0.5062478), (5.416477, -0.5352425), (-6.805746, -0.5352425), (5.419085, -0.5062478), (-6.805746, -0.5352425), (-6.803137, -0.5062478), (5.416477, -0.5352425), (5.412916, -0.5620015), (-6.809307, -0.5620015), (5.416477, -0.5352425), (-6.809307, -0.5620015), (-6.805746, -0.5352425), (5.412916, -0.5620015), (5.408489, -0.5858658), (-6.813733, -0.5858658), (5.412916, -0.5620015), (-6.813733, -0.5858658), (-6.809307, -0.5620015), (-12.34027, 5.408489), (-12.31697, 5.403307), (-15.03608, -6.818915), (-12.34027, 5.408489), (-15.03608, -6.818915), (-15.05938, -6.813733), (-12.31697, 5.403307), (-12.29085, 5.397496), (-15.00996, -6.824726), (-12.31697, 5.403307), (-15.00996, -6.824726), (-15.03608, -6.818915), (-12.29085, 5.397496), (-12.26255, 5.391199), (-14.98166, -6.831023), (-12.29085, 5.397496), (-14.98166, -6.831023), (-15.00996, -6.824726), (-12.26255, 5.391199), (-12.23276, 5.384572), (-14.95187, -6.83765), (-12.26255, 5.391199), (-14.95187, -6.83765), (-14.98166, -6.831023), (-12.23276, 5.384572), (-12.20222, 5.377778), (-14.92133, -6.844444), (-12.23276, 5.384572), (-14.92133, -6.844444), (-14.95187, -6.83765), (-12.20222, 5.377778), (-12.17168, 5.370983), (-14.89079, -6.851239), (-12.20222, 5.377778), (-14.89079, -6.851239), (-14.92133, -6.844444), (-12.17168, 5.370983), (-12.14189, 5.364356), (-14.861, -6.857866), (-12.17168, 5.370983), (-14.861, -6.857866), (-14.89079, -6.851239), (-12.14189, 5.364356), (-12.11359, 5.35806), (-14.8327, -6.864162), (-12.14189, 5.364356), (-14.8327, -6.864162), (-14.861, -6.857866), (-12.11359, 5.35806), (-12.08747, 5.352249), (-14.80658, -6.869974), (-12.11359, 5.35806), (-14.80658, -6.869974), (-14.8327, -6.864162), (-12.08747, 5.352249), (-12.06418, 5.347066), (-14.78329, -6.875156), (-12.08747, 5.352249), (-14.78329, -6.875156), (-14.80658, -6.869974), (5.347066, -0.5858658), (5.34264, -0.5620015), (-6.879582, -0.5620015), (5.347066, -0.5858658), (-6.879582, -0.5620015), (-6.875156, -0.5858658), (5.34264, -0.5620015), (5.339079, -0.5352425), (-6.883143, -0.5352425), (5.34264, -0.5620015), (-6.883143, -0.5352425), (-6.879582, -0.5620015), (5.339079, -0.5352425), (5.336471, -0.5062478), (-6.885751, -0.5062478), (5.339079, -0.5352425), (-6.885751, -0.5062478), (-6.883143, -0.5352425), (5.336471, -0.5062478), (5.33488, -0.4757313), (-6.887342, -0.4757313), (5.336471, -0.5062478), (-6.887342, -0.4757313), (-6.885751, -0.5062478), (5.33488, -0.4757313), (5.334345, -0.4444444), (-6.887877, -0.4444444), (5.33488, -0.4757313), (-6.887877, -0.4444444), (-6.887342, -0.4757313), (5.334345, -0.4444444), (5.33488, -0.4131576), (-6.887342, -0.4131576), (5.334345, -0.4444444), (-6.887342, -0.4131576), (-6.887877, -0.4444444), (5.33488, -0.4131576), (5.336471, -0.382641), (-6.885751, -0.382641), (5.33488, -0.4131576), (-6.885751, -0.382641), (-6.887342, -0.4131576), (5.336471, -0.382641), (5.339079, -0.3536463), (-6.883143, -0.3536463), (5.336471, -0.382641), (-6.883143, -0.3536463), (-6.885751, -0.382641), (5.339079, -0.3536463), (5.34264, -0.3268874), (-6.879582, -0.3268874), (5.339079, -0.3536463), (-6.879582, -0.3268874), (-6.883143, -0.3536463), (5.34264, -0.3268874), (5.347066, -0.3030231), (-6.875156, -0.3030231), (5.34264, -0.3268874), (-6.875156, -0.3030231), (-6.879582, -0.3268874), (-12.06418, 5.347066), (-12.08747, 5.352249), (-14.80658, -6.869974), (-12.06418, 5.347066), (-14.80658, -6.869974), (-14.78329, -6.875156), (-12.08747, 5.352249), (-12.11359, 5.35806), (-14.8327, -6.864162), (-12.08747, 5.352249), (-14.8327, -6.864162), (-14.80658, -6.869974), (-12.11359, 5.35806), (-12.14189, 5.364356), (-14.861, -6.857866), (-12.11359, 5.35806), (-14.861, -6.857866), (-14.8327, -6.864162), (-12.14189, 5.364356), (-12.17168, 5.370983), (-14.89079, -6.851239), (-12.14189, 5.364356), (-14.89079, -6.851239), (-14.861, -6.857866), (-12.17168, 5.370983), (-12.20222, 5.377778), (-14.92133, -6.844444), (-12.17168, 5.370983), (-14.92133, -6.844444), (-14.89079, -6.851239)] (interpolation = "faceVarying")
        }
        def Mesh "RetractActuator_02" (prepend apiSchemas = ["MaterialBindingAPI"])
        {
            uniform token subdivisionScheme = "none"
            uniform token orientation = "rightHanded"
            bool doubleSided = false
            point3f[] points = [(0.0988, 0.0594, 0.008), (0.0988, 0.05870275, 0.007969558), (0.0988, 0.05801081, 0.007878462), (0.0988, 0.05732945, 0.007727407), (0.0988, 0.05666384, 0.007517541), (0.0988, 0.05601905, 0.007250462), (0.0988, 0.0554, 0.006928203), (0.0988, 0.05481139, 0.006553216), (0.0988, 0.0542577, 0.006128356), (0.0988, 0.05374315, 0.005656854), (0.0988, 0.05327164, 0.005142301), (0.0988, 0.05284678, 0.004588611), (0.0988, 0.0524718, 0.004), (0.0988, 0.05214954, 0.003380946), (0.0988, 0.05188246, 0.002736161), (0.0988, 0.05167259, 0.002070552), (0.0988, 0.05152154, 0.001389185), (0.0988, 0.05143044, 0.0006972459), (0.0988, 0.0514, 4.898587e-19), (0.0988, 0.05143044, -0.0006972459), (0.0988, 0.05152154, -0.001389185), (0.0988, 0.05167259, -0.002070552), (0.0988, 0.05188246, -0.002736161), (0.0988, 0.05214954, -0.003380946), (0.0988, 0.0524718, -0.004), (0.0988, 0.05284678, -0.004588611), (0.0988, 0.05327164, -0.005142301), (0.0988, 0.05374315, -0.005656854), (0.0988, 0.0542577, -0.006128356), (0.0988, 0.05481139, -0.006553216), (0.0988, 0.0554, -0.006928203), (0.0988, 0.05601905, -0.007250462), (0.0988, 0.05666384, -0.007517541), (0.0988, 0.05732945, -0.007727407), (0.0988, 0.05801081, -0.007878462), (0.0988, 0.05870275, -0.007969558), (0.0988, 0.0594, -0.008), (0.0988, 0.06009725, -0.007969558), (0.0988, 0.06078919, -0.007878462), (0.0988, 0.06147055, -0.007727407), (0.0988, 0.06213616, -0.007517541), (0.0988, 0.06278095, -0.007250462), (0.0988, 0.0634, -0.006928203), (0.0988, 0.06398861, -0.006553216), (0.0988, 0.0645423, -0.006128356), (0.0988, 0.06505685, -0.005656854), (0.0988, 0.06552836, -0.005142301), (0.0988, 0.06595322, -0.004588611), (0.0988, 0.0663282, -0.004), (0.0988, 0.06665046, -0.003380946), (0.0988, 0.06691754, -0.002736161), (0.0988, 0.06712741, -0.002070552), (0.0988, 0.06727846, -0.001389185), (0.0988, 0.06736956, -0.0006972459), (0.0988, 0.0674, -1.469576e-18), (0.0988, 0.06736956, 0.0006972459), (0.0988, 0.06727846, 0.001389185), (0.0988, 0.06712741, 0.002070552), (0.0988, 0.06691754, 0.002736161), (0.0988, 0.06665046, 0.003380946), (0.0988, 0.0663282, 0.004), (0.0988, 0.06595322, 0.004588611), (0.0988, 0.06552836, 0.005142301), (0.0988, 0.06505685, 0.005656854), (0.0988, 0.0645423, 0.006128356), (0.0988, 0.06398861, 0.006553216), (0.0988, 0.0634, 0.006928203), (0.0988, 0.06278095, 0.007250462), (0.0988, 0.06213616, 0.007517541), (0.0988, 0.06147055, 0.007727407), (0.0988, 0.06078919, 0.007878462), (0.0988, 0.06009725, 0.007969558), (0.1368, 0.0594, 0.008), (0.1368, 0.05870275, 0.007969558), (0.1368, 0.05801081, 0.007878462), (0.1368, 0.05732945, 0.007727407), (0.1368, 0.05666384, 0.007517541), (0.1368, 0.05601905, 0.007250462), (0.1368, 0.0554, 0.006928203), (0.1368, 0.05481139, 0.006553216), (0.1368, 0.0542577, 0.006128356), (0.1368, 0.05374315, 0.005656854), (0.1368, 0.05327164, 0.005142301), (0.1368, 0.05284678, 0.004588611), (0.1368, 0.0524718, 0.004), (0.1368, 0.05214954, 0.003380946), (0.1368, 0.05188246, 0.002736161), (0.1368, 0.05167259, 0.002070552), (0.1368, 0.05152154, 0.001389185), (0.1368, 0.05143044, 0.0006972459), (0.1368, 0.0514, 4.898587e-19), (0.1368, 0.05143044, -0.0006972459), (0.1368, 0.05152154, -0.001389185), (0.1368, 0.05167259, -0.002070552), (0.1368, 0.05188246, -0.002736161), (0.1368, 0.05214954, -0.003380946), (0.1368, 0.0524718, -0.004), (0.1368, 0.05284678, -0.004588611), (0.1368, 0.05327164, -0.005142301), (0.1368, 0.05374315, -0.005656854), (0.1368, 0.0542577, -0.006128356), (0.1368, 0.05481139, -0.006553216), (0.1368, 0.0554, -0.006928203), (0.1368, 0.05601905, -0.007250462), (0.1368, 0.05666384, -0.007517541), (0.1368, 0.05732945, -0.007727407), (0.1368, 0.05801081, -0.007878462), (0.1368, 0.05870275, -0.007969558), (0.1368, 0.0594, -0.008), (0.1368, 0.06009725, -0.007969558), (0.1368, 0.06078919, -0.007878462), (0.1368, 0.06147055, -0.007727407), (0.1368, 0.06213616, -0.007517541), (0.1368, 0.06278095, -0.007250462), (0.1368, 0.0634, -0.006928203), (0.1368, 0.06398861, -0.006553216), (0.1368, 0.0645423, -0.006128356), (0.1368, 0.06505685, -0.005656854), (0.1368, 0.06552836, -0.005142301), (0.1368, 0.06595322, -0.004588611), (0.1368, 0.0663282, -0.004), (0.1368, 0.06665046, -0.003380946), (0.1368, 0.06691754, -0.002736161), (0.1368, 0.06712741, -0.002070552), (0.1368, 0.06727846, -0.001389185), (0.1368, 0.06736956, -0.0006972459), (0.1368, 0.0674, -1.469576e-18), (0.1368, 0.06736956, 0.0006972459), (0.1368, 0.06727846, 0.001389185), (0.1368, 0.06712741, 0.002070552), (0.1368, 0.06691754, 0.002736161), (0.1368, 0.06665046, 0.003380946), (0.1368, 0.0663282, 0.004), (0.1368, 0.06595322, 0.004588611), (0.1368, 0.06552836, 0.005142301), (0.1368, 0.06505685, 0.005656854), (0.1368, 0.0645423, 0.006128356), (0.1368, 0.06398861, 0.006553216), (0.1368, 0.0634, 0.006928203), (0.1368, 0.06278095, 0.007250462), (0.1368, 0.06213616, 0.007517541), (0.1368, 0.06147055, 0.007727407), (0.1368, 0.06078919, 0.007878462), (0.1368, 0.06009725, 0.007969558), (0.0988, 0.0594, 0.008), (0.0988, 0.05870275, 0.007969558), (0.0988, 0.05801081, 0.007878462), (0.0988, 0.05732945, 0.007727407), (0.0988, 0.05666384, 0.007517541), (0.0988, 0.05601905, 0.007250462), (0.0988, 0.0554, 0.006928203), (0.0988, 0.05481139, 0.006553216), (0.0988, 0.0542577, 0.006128356), (0.0988, 0.05374315, 0.005656854), (0.0988, 0.05327164, 0.005142301), (0.0988, 0.05284678, 0.004588611), (0.0988, 0.0524718, 0.004), (0.0988, 0.05214954, 0.003380946), (0.0988, 0.05188246, 0.002736161), (0.0988, 0.05167259, 0.002070552), (0.0988, 0.05152154, 0.001389185), (0.0988, 0.05143044, 0.0006972459), (0.0988, 0.0514, 4.898587e-19), (0.0988, 0.05143044, -0.0006972459), (0.0988, 0.05152154, -0.001389185), (0.0988, 0.05167259, -0.002070552), (0.0988, 0.05188246, -0.002736161), (0.0988, 0.05214954, -0.003380946), (0.0988, 0.0524718, -0.004), (0.0988, 0.05284678, -0.004588611), (0.0988, 0.05327164, -0.005142301), (0.0988, 0.05374315, -0.005656854), (0.0988, 0.0542577, -0.006128356), (0.0988, 0.05481139, -0.006553216), (0.0988, 0.0554, -0.006928203), (0.0988, 0.05601905, -0.007250462), (0.0988, 0.05666384, -0.007517541), (0.0988, 0.05732945, -0.007727407), (0.0988, 0.05801081, -0.007878462), (0.0988, 0.05870275, -0.007969558), (0.0988, 0.0594, -0.008), (0.0988, 0.06009725, -0.007969558), (0.0988, 0.06078919, -0.007878462), (0.0988, 0.06147055, -0.007727407), (0.0988, 0.06213616, -0.007517541), (0.0988, 0.06278095, -0.007250462), (0.0988, 0.0634, -0.006928203), (0.0988, 0.06398861, -0.006553216), (0.0988, 0.0645423, -0.006128356), (0.0988, 0.06505685, -0.005656854), (0.0988, 0.06552836, -0.005142301), (0.0988, 0.06595322, -0.004588611), (0.0988, 0.0663282, -0.004), (0.0988, 0.06665046, -0.003380946), (0.0988, 0.06691754, -0.002736161), (0.0988, 0.06712741, -0.002070552), (0.0988, 0.06727846, -0.001389185), (0.0988, 0.06736956, -0.0006972459), (0.0988, 0.0674, -1.469576e-18), (0.0988, 0.06736956, 0.0006972459), (0.0988, 0.06727846, 0.001389185), (0.0988, 0.06712741, 0.002070552), (0.0988, 0.06691754, 0.002736161), (0.0988, 0.06665046, 0.003380946), (0.0988, 0.0663282, 0.004), (0.0988, 0.06595322, 0.004588611), (0.0988, 0.06552836, 0.005142301), (0.0988, 0.06505685, 0.005656854), (0.0988, 0.0645423, 0.006128356), (0.0988, 0.06398861, 0.006553216), (0.0988, 0.0634, 0.006928203), (0.0988, 0.06278095, 0.007250462), (0.0988, 0.06213616, 0.007517541), (0.0988, 0.06147055, 0.007727407), (0.0988, 0.06078919, 0.007878462), (0.0988, 0.06009725, 0.007969558), (0.1368, 0.0594, 0.008), (0.1368, 0.05870275, 0.007969558), (0.1368, 0.05801081, 0.007878462), (0.1368, 0.05732945, 0.007727407), (0.1368, 0.05666384, 0.007517541), (0.1368, 0.05601905, 0.007250462), (0.1368, 0.0554, 0.006928203), (0.1368, 0.05481139, 0.006553216), (0.1368, 0.0542577, 0.006128356), (0.1368, 0.05374315, 0.005656854), (0.1368, 0.05327164, 0.005142301), (0.1368, 0.05284678, 0.004588611), (0.1368, 0.0524718, 0.004), (0.1368, 0.05214954, 0.003380946), (0.1368, 0.05188246, 0.002736161), (0.1368, 0.05167259, 0.002070552), (0.1368, 0.05152154, 0.001389185), (0.1368, 0.05143044, 0.0006972459), (0.1368, 0.0514, 4.898587e-19), (0.1368, 0.05143044, -0.0006972459), (0.1368, 0.05152154, -0.001389185), (0.1368, 0.05167259, -0.002070552), (0.1368, 0.05188246, -0.002736161), (0.1368, 0.05214954, -0.003380946), (0.1368, 0.0524718, -0.004), (0.1368, 0.05284678, -0.004588611), (0.1368, 0.05327164, -0.005142301), (0.1368, 0.05374315, -0.005656854), (0.1368, 0.0542577, -0.006128356), (0.1368, 0.05481139, -0.006553216), (0.1368, 0.0554, -0.006928203), (0.1368, 0.05601905, -0.007250462), (0.1368, 0.05666384, -0.007517541), (0.1368, 0.05732945, -0.007727407), (0.1368, 0.05801081, -0.007878462), (0.1368, 0.05870275, -0.007969558), (0.1368, 0.0594, -0.008), (0.1368, 0.06009725, -0.007969558), (0.1368, 0.06078919, -0.007878462), (0.1368, 0.06147055, -0.007727407), (0.1368, 0.06213616, -0.007517541), (0.1368, 0.06278095, -0.007250462), (0.1368, 0.0634, -0.006928203), (0.1368, 0.06398861, -0.006553216), (0.1368, 0.0645423, -0.006128356), (0.1368, 0.06505685, -0.005656854), (0.1368, 0.06552836, -0.005142301), (0.1368, 0.06595322, -0.004588611), (0.1368, 0.0663282, -0.004), (0.1368, 0.06665046, -0.003380946), (0.1368, 0.06691754, -0.002736161), (0.1368, 0.06712741, -0.002070552), (0.1368, 0.06727846, -0.001389185), (0.1368, 0.06736956, -0.0006972459), (0.1368, 0.0674, -1.469576e-18), (0.1368, 0.06736956, 0.0006972459), (0.1368, 0.06727846, 0.001389185), (0.1368, 0.06712741, 0.002070552), (0.1368, 0.06691754, 0.002736161), (0.1368, 0.06665046, 0.003380946), (0.1368, 0.0663282, 0.004), (0.1368, 0.06595322, 0.004588611), (0.1368, 0.06552836, 0.005142301), (0.1368, 0.06505685, 0.005656854), (0.1368, 0.0645423, 0.006128356), (0.1368, 0.06398861, 0.006553216), (0.1368, 0.0634, 0.006928203), (0.1368, 0.06278095, 0.007250462), (0.1368, 0.06213616, 0.007517541), (0.1368, 0.06147055, 0.007727407), (0.1368, 0.06078919, 0.007878462), (0.1368, 0.06009725, 0.007969558)]
            int[] faceVertexCounts = [3, 3, 3, 3, 3, 3, 3, 3, 3, 3, 3, 3, 3, 3, 3, 3, 3, 3, 3, 3, 3, 3, 3, 3, 3, 3, 3, 3, 3, 3, 3, 3, 3, 3, 3, 3, 3, 3, 3, 3, 3, 3, 3, 3, 3, 3, 3, 3, 3, 3, 3, 3, 3, 3, 3, 3, 3, 3, 3, 3, 3, 3, 3, 3, 3, 3, 3, 3, 3, 3, 3, 3, 3, 3, 3, 3, 3, 3, 3, 3, 3, 3, 3, 3, 3, 3, 3, 3, 3, 3, 3, 3, 3, 3, 3, 3, 3, 3, 3, 3, 3, 3, 3, 3, 3, 3, 3, 3, 3, 3, 3, 3, 3, 3, 3, 3, 3, 3, 3, 3, 3, 3, 3, 3, 3, 3, 3, 3, 3, 3, 3, 3, 3, 3, 3, 3, 3, 3, 3, 3, 3, 3, 3, 3, 3, 3, 3, 3, 3, 3, 3, 3, 3, 3, 3, 3, 3, 3, 3, 3, 3, 3, 3, 3, 3, 3, 3, 3, 3, 3, 3, 3, 3, 3, 3, 3, 3, 3, 3, 3, 3, 3, 3, 3, 3, 3, 3, 3, 3, 3, 3, 3, 3, 3, 3, 3, 3, 3, 3, 3, 3, 3, 3, 3, 3, 3, 3, 3, 3, 3, 3, 3, 3, 3, 3, 3, 3, 3, 3, 3, 3, 3, 3, 3, 3, 3, 3, 3, 3, 3, 3, 3, 3, 3, 3, 3, 3, 3, 3, 3, 3, 3, 3, 3, 3, 3, 3, 3, 3, 3, 3, 3, 3, 3, 3, 3, 3, 3, 3, 3, 3, 3, 3, 3, 3, 3, 3, 3, 3, 3, 3, 3, 3, 3, 3, 3, 3, 3, 3, 3, 3, 3, 3, 3]
            int[] faceVertexIndices = [215, 214, 213, 215, 213, 212, 215, 212, 211, 215, 211, 210, 215, 210, 209, 215, 209, 208, 215, 208, 207, 215, 207, 206, 215, 206, 205, 215, 205, 204, 215, 204, 203, 215, 203, 202, 215, 202, 201, 215, 201, 200, 215, 200, 199, 215, 199, 198, 215, 198, 197, 215, 197, 196, 215, 196, 195, 215, 195, 194, 215, 194, 193, 215, 193, 192, 215, 192, 191, 215, 191, 190, 215, 190, 189, 215, 189, 188, 215, 188, 187, 215, 187, 186, 215, 186, 185, 215, 185, 184, 215, 184, 183, 215, 183, 182, 215, 182, 181, 215, 181, 180, 215, 180, 179, 215, 179, 178, 215, 178, 177, 215, 177, 176, 215, 176, 175, 215, 175, 174, 215, 174, 173, 215, 173, 172, 215, 172, 171, 215, 171, 170, 215, 170, 169, 215, 169, 168, 215, 168, 167, 215, 167, 166, 215, 166, 165, 215, 165, 164, 215, 164, 163, 215, 163, 162, 215, 162, 161, 215, 161, 160, 215, 160, 159, 215, 159, 158, 215, 158, 157, 215, 157, 156, 215, 156, 155, 215, 155, 154, 215, 154, 153, 215, 153, 152, 215, 152, 151, 215, 151, 150, 215, 150, 149, 215, 149, 148, 215, 148, 147, 215, 147, 146, 215, 146, 145, 215, 145, 144, 216, 217, 218, 216, 218, 219, 216, 219, 220, 216, 220, 221, 216, 221, 222, 216, 222, 223, 216, 223, 224, 216, 224, 225, 216, 225, 226, 216, 226, 227, 216, 227, 228, 216, 228, 229, 216, 229, 230, 216, 230, 231, 216, 231, 232, 216, 232, 233, 216, 233, 234, 216, 234, 235, 216, 235, 236, 216, 236, 237, 216, 237, 238, 216, 238, 239, 216, 239, 240, 216, 240, 241, 216, 241, 242, 216, 242, 243, 216, 243, 244, 216, 244, 245, 216, 245, 246, 216, 246, 247, 216, 247, 248, 216, 248, 249, 216, 249, 250, 216, 250, 251, 216, 251, 252, 216, 252, 253, 216, 253, 254, 216, 254, 255, 216, 255, 256, 216, 256, 257, 216, 257, 258, 216, 258, 259, 216, 259, 260, 216, 260, 261, 216, 261, 262, 216, 262, 263, 216, 263, 264, 216, 264, 265, 216, 265, 266, 216, 266, 267, 216, 267, 268, 216, 268, 269, 216, 269, 270, 216, 270, 271, 216, 271, 272, 216, 272, 273, 216, 273, 274, 216, 274, 275, 216, 275, 276, 216, 276, 277, 216, 277, 278, 216, 278, 279, 216, 279, 280, 216, 280, 281, 216, 281, 282, 216, 282, 283, 216, 283, 284, 216, 284, 285, 216, 285, 286, 216, 286, 287, 0, 1, 73, 0, 73, 72, 1, 2, 74, 1, 74, 73, 2, 3, 75, 2, 75, 74, 3, 4, 76, 3, 76, 75, 4, 5, 77, 4, 77, 76, 5, 6, 78, 5, 78, 77, 6, 7, 79, 6, 79, 78, 7, 8, 80, 7, 80, 79, 8, 9, 81, 8, 81, 80, 9, 10, 82, 9, 82, 81, 10, 11, 83, 10, 83, 82, 11, 12, 84, 11, 84, 83, 12, 13, 85, 12, 85, 84, 13, 14, 86, 13, 86, 85, 14, 15, 87, 14, 87, 86, 15, 16, 88, 15, 88, 87, 16, 17, 89, 16, 89, 88, 17, 18, 90, 17, 90, 89, 18, 19, 91, 18, 91, 90, 19, 20, 92, 19, 92, 91, 20, 21, 93, 20, 93, 92, 21, 22, 94, 21, 94, 93, 22, 23, 95, 22, 95, 94, 23, 24, 96, 23, 96, 95, 24, 25, 97, 24, 97, 96, 25, 26, 98, 25, 98, 97, 26, 27, 99, 26, 99, 98, 27, 28, 100, 27, 100, 99, 28, 29, 101, 28, 101, 100, 29, 30, 102, 29, 102, 101, 30, 31, 103, 30, 103, 102, 31, 32, 104, 31, 104, 103, 32, 33, 105, 32, 105, 104, 33, 34, 106, 33, 106, 105, 34, 35, 107, 34, 107, 106, 35, 36, 108, 35, 108, 107, 36, 37, 109, 36, 109, 108, 37, 38, 110, 37, 110, 109, 38, 39, 111, 38, 111, 110, 39, 40, 112, 39, 112, 111, 40, 41, 113, 40, 113, 112, 41, 42, 114, 41, 114, 113, 42, 43, 115, 42, 115, 114, 43, 44, 116, 43, 116, 115, 44, 45, 117, 44, 117, 116, 45, 46, 118, 45, 118, 117, 46, 47, 119, 46, 119, 118, 47, 48, 120, 47, 120, 119, 48, 49, 121, 48, 121, 120, 49, 50, 122, 49, 122, 121, 50, 51, 123, 50, 123, 122, 51, 52, 124, 51, 124, 123, 52, 53, 125, 52, 125, 124, 53, 54, 126, 53, 126, 125, 54, 55, 127, 54, 127, 126, 55, 56, 128, 55, 128, 127, 56, 57, 129, 56, 129, 128, 57, 58, 130, 57, 130, 129, 58, 59, 131, 58, 131, 130, 59, 60, 132, 59, 132, 131, 60, 61, 133, 60, 133, 132, 61, 62, 134, 61, 134, 133, 62, 63, 135, 62, 135, 134, 63, 64, 136, 63, 136, 135, 64, 65, 137, 64, 137, 136, 65, 66, 138, 65, 138, 137, 66, 67, 139, 66, 139, 138, 67, 68, 140, 67, 140, 139, 68, 69, 141, 68, 141, 140, 69, 70, 142, 69, 142, 141, 70, 71, 143, 70, 143, 142, 71, 0, 72, 71, 72, 143]
            normal3f[] normals = [(0, -0.01455211, 0.9998941), (0, -0.1016432, 0.9948209), (0, -0.1879608, 0.9821765), (0, -0.2728479, 0.9620572), (0, -0.3556584, 0.934616), (0, -0.4357622, 0.9000618), (0, -0.5125496, 0.8586576), (0, -0.5854361, 0.8107186), (0, -0.6538671, 0.7566094), (0, -0.7173218, 0.696742), (0, -0.7753172, 0.631572), (0, -0.8274121, 0.5615953), (0, -0.8732098, 0.4873446), (0, -0.9123618, 0.4093848), (0, -0.9445702, 0.3283094), (0, -0.9695899, 0.2447354), (0, -0.9872304, 0.1592988), (0, -0.9973575, 0.07264978), (0, -0.9998941, -0.01455211), (0, -0.9948209, -0.1016432), (0, -0.9821765, -0.1879608), (0, -0.9620572, -0.2728479), (0, -0.934616, -0.3556584), (0, -0.9000618, -0.4357622), (0, -0.8586576, -0.5125496), (0, -0.8107186, -0.5854361), (0, -0.7566094, -0.6538671), (0, -0.696742, -0.7173218), (0, -0.631572, -0.7753172), (0, -0.5615953, -0.8274121), (0, -0.4873446, -0.8732098), (0, -0.4093848, -0.9123618), (0, -0.3283094, -0.9445702), (0, -0.2447354, -0.9695899), (0, -0.1592988, -0.9872304), (0, -0.07264978, -0.9973575), (0, 0.01455211, -0.9998941), (0, 0.1016432, -0.9948209), (0, 0.1879608, -0.9821765), (0, 0.2728479, -0.9620572), (0, 0.3556584, -0.934616), (0, 0.4357622, -0.9000618), (0, 0.5125496, -0.8586576), (0, 0.5854361, -0.8107186), (0, 0.6538671, -0.7566094), (0, 0.7173218, -0.696742), (0, 0.7753172, -0.631572), (0, 0.8274121, -0.5615953), (0, 0.8732098, -0.4873446), (0, 0.9123618, -0.4093848), (0, 0.9445702, -0.3283094), (0, 0.9695899, -0.2447354), (0, 0.9872304, -0.1592988), (0, 0.9973575, -0.07264978), (0, 0.9998941, 0.01455211), (0, 0.9948209, 0.1016432), (0, 0.9821765, 0.1879608), (0, 0.9620572, 0.2728479), (0, 0.934616, 0.3556584), (0, 0.9000618, 0.4357622), (0, 0.8586576, 0.5125496), (0, 0.8107186, 0.5854361), (0, 0.7566094, 0.6538671), (0, 0.696742, 0.7173218), (0, 0.631572, 0.7753172), (0, 0.5615953, 0.8274121), (0, 0.4873446, 0.8732098), (0, 0.4093848, 0.9123618), (0, 0.3283094, 0.9445702), (0, 0.2447354, 0.9695899), (0, 0.1592988, 0.9872304), (0, 0.07264978, 0.9973575), (0, 0.01455211, 0.9998941), (0, -0.07264978, 0.9973575), (0, -0.1592988, 0.9872304), (0, -0.2447354, 0.9695899), (0, -0.3283094, 0.9445702), (0, -0.4093848, 0.9123618), (0, -0.4873446, 0.8732098), (0, -0.5615953, 0.8274121), (0, -0.631572, 0.7753172), (0, -0.696742, 0.7173218), (0, -0.7566094, 0.6538671), (0, -0.8107186, 0.5854361), (0, -0.8586576, 0.5125496), (0, -0.9000618, 0.4357622), (0, -0.934616, 0.3556584), (0, -0.9620572, 0.2728479), (0, -0.9821765, 0.1879608), (0, -0.9948209, 0.1016432), (0, -0.9998941, 0.01455211), (0, -0.9973575, -0.07264978), (0, -0.9872304, -0.1592988), (0, -0.9695899, -0.2447354), (0, -0.9445702, -0.3283094), (0, -0.9123618, -0.4093848), (0, -0.8732098, -0.4873446), (0, -0.8274121, -0.5615953), (0, -0.7753172, -0.631572), (0, -0.7173218, -0.696742), (0, -0.6538671, -0.7566094), (0, -0.5854361, -0.8107186), (0, -0.5125496, -0.8586576), (0, -0.4357622, -0.9000618), (0, -0.3556584, -0.934616), (0, -0.2728479, -0.9620572), (0, -0.1879608, -0.9821765), (0, -0.1016432, -0.9948209), (0, -0.01455211, -0.9998941), (0, 0.07264978, -0.9973575), (0, 0.1592988, -0.9872304), (0, 0.2447354, -0.9695899), (0, 0.3283094, -0.9445702), (0, 0.4093848, -0.9123618), (0, 0.4873446, -0.8732098), (0, 0.5615953, -0.8274121), (0, 0.631572, -0.7753172), (0, 0.696742, -0.7173218), (0, 0.7566094, -0.6538671), (0, 0.8107186, -0.5854361), (0, 0.8586576, -0.5125496), (0, 0.9000618, -0.4357622), (0, 0.934616, -0.3556584), (0, 0.9620572, -0.2728479), (0, 0.9821765, -0.1879608), (0, 0.9948209, -0.1016432), (0, 0.9998941, -0.01455211), (0, 0.9973575, 0.07264978), (0, 0.9872304, 0.1592988), (0, 0.9695899, 0.2447354), (0, 0.9445702, 0.3283094), (0, 0.9123618, 0.4093848), (0, 0.8732098, 0.4873446), (0, 0.8274121, 0.5615953), (0, 0.7753172, 0.631572), (0, 0.7173218, 0.696742), (0, 0.6538671, 0.7566094), (0, 0.5854361, 0.8107186), (0, 0.5125496, 0.8586576), (0, 0.4357622, 0.9000618), (0, 0.3556584, 0.934616), (0, 0.2728479, 0.9620572), (0, 0.1879608, 0.9821765), (0, 0.1016432, 0.9948209), (-1, 0, 0), (-1, 0, 0), (-1, 0, 0), (-1, 0, 0), (-1, 0, 0), (-1, 0, 0), (-1, 0, 0), (-1, 0, 0), (-1, 0, 0), (-1, 0, 0), (-1, 0, 0), (-1, 0, 0), (-1, 0, 0), (-1, 0, 0), (-1, 0, 0), (-1, 0, 0), (-1, 0, 0), (-1, 0, 0), (-1, 0, 0), (-1, 0, 0), (-1, 0, 0), (-1, 0, 0), (-1, 0, 0), (-1, 0, 0), (-1, 0, 0), (-1, 0, 0), (-1, 0, 0), (-1, 0, 0), (-1, 0, 0), (-1, 0, 0), (-1, 0, 0), (-1, 0, 0), (-1, 0, 0), (-1, 0, 0), (-1, 0, 0), (-1, 0, 0), (-1, 0, 0), (-1, 0, 0), (-1, 0, 0), (-1, 0, 0), (-1, 0, 0), (-1, 0, 0), (-1, 0, 0), (-1, 0, 0), (-1, 0, 0), (-1, 0, 0), (-1, 0, 0), (-1, 0, 0), (-1, 0, 0), (-1, 0, 0), (-1, 0, 0), (-1, 0, 0), (-1, 0, 0), (-1, 0, 0), (-1, 0, 0), (-1, 0, 0), (-1, 0, 0), (-1, 0, 0), (-1, 0, 0), (-1, 0, 0), (-1, 0, 0), (-1, 0, 0), (-1, 0, 0), (-1, 0, 0), (-1, 0, 0), (-1, 0, 0), (-1, 0, 0), (-1, 0, 0), (-1, 0, 0), (-1, 0, 0), (-1, 0, 0), (-1, 0, 0), (1, 0, 0), (1, 0, 0), (1, 0, 0), (1, 0, 0), (1, 0, 0), (1, 0, 0), (1, 0, 0), (1, 0, 0), (1, 0, 0), (1, 0, 0), (1, 0, 0), (1, 0, 0), (1, 0, 0), (1, 0, 0), (1, 0, 0), (1, 0, 0), (1, 0, 0), (1, 0, 0), (1, 0, 0), (1, 0, 0), (1, 0, 0), (1, 0, 0), (1, 0, 0), (1, 0, 0), (1, 0, 0), (1, 0, 0), (1, 0, 0), (1, 0, 0), (1, 0, 0), (1, 0, 0), (1, 0, 0), (1, 0, 0), (1, 0, 0), (1, 0, 0), (1, 0, 0), (1, 0, 0), (1, 0, 0), (1, 0, 0), (1, 0, 0), (1, 0, 0), (1, 0, 0), (1, 0, 0), (1, 0, 0), (1, 0, 0), (1, 0, 0), (1, 0, 0), (1, 0, 0), (1, 0, 0), (1, 0, 0), (1, 0, 0), (1, 0, 0), (1, 0, 0), (1, 0, 0), (1, 0, 0), (1, 0, 0), (1, 0, 0), (1, 0, 0), (1, 0, 0), (1, 0, 0), (1, 0, 0), (1, 0, 0), (1, 0, 0), (1, 0, 0), (1, 0, 0), (1, 0, 0), (1, 0, 0), (1, 0, 0), (1, 0, 0), (1, 0, 0), (1, 0, 0), (1, 0, 0), (1, 0, 0)] (interpolation = "vertex")
            float3[] extent = [(0.0988, 0.0514, -0.008), (0.1368, 0.0674, 0.008)]
            rel material:binding = </WorkbenchPart/Materials/accent_gear_retractable>
            texCoord2f[] primvars:st = [(6.677472, 0.8855064), (6.754354, 0.8753847), (6.830061, 0.8586007), (6.677472, 0.8855064), (6.830061, 0.8586007), (6.904018, 0.8352823), (6.677472, 0.8855064), (6.904018, 0.8352823), (6.975661, 0.8056069), (6.677472, 0.8855064), (6.975661, 0.8056069), (7.044444, 0.7698004), (6.677472, 0.8855064), (7.044444, 0.7698004), (7.109846, 0.7281352), (6.677472, 0.8855064), (7.109846, 0.7281352), (7.171367, 0.6809284), (6.677472, 0.8855064), (7.171367, 0.6809284), (7.228539, 0.6285394), (6.677472, 0.8855064), (7.228539, 0.6285394), (7.280928, 0.5713668), (6.677472, 0.8855064), (7.280928, 0.5713668), (7.328135, 0.5098457), (6.677472, 0.8855064), (7.328135, 0.5098457), (7.3698, 0.4444444), (6.677472, 0.8855064), (7.3698, 0.4444444), (7.405607, 0.3756607), (6.677472, 0.8855064), (7.405607, 0.3756607), (7.435282, 0.3040179), (6.677472, 0.8855064), (7.435282, 0.3040179), (7.458601, 0.2300614), (6.677472, 0.8855064), (7.458601, 0.2300614), (7.475385, 0.1543539), (6.677472, 0.8855064), (7.475385, 0.1543539), (7.485506, 0.07747177), (6.677472, 0.8855064), (7.485506, 0.07747177), (7.488889, -1.632862e-16), (6.677472, 0.8855064), (7.488889, -1.632862e-16), (7.485506, -0.07747177), (6.677472, 0.8855064), (7.485506, -0.07747177), (7.475385, -0.1543539), (6.677472, 0.8855064), (7.475385, -0.1543539), (7.458601, -0.2300614), (6.677472, 0.8855064), (7.458601, -0.2300614), (7.435282, -0.3040179), (6.677472, 0.8855064), (7.435282, -0.3040179), (7.405607, -0.3756607), (6.677472, 0.8855064), (7.405607, -0.3756607), (7.3698, -0.4444444), (6.677472, 0.8855064), (7.3698, -0.4444444), (7.328135, -0.5098457), (6.677472, 0.8855064), (7.328135, -0.5098457), (7.280928, -0.5713668), (6.677472, 0.8855064), (7.280928, -0.5713668), (7.228539, -0.6285394), (6.677472, 0.8855064), (7.228539, -0.6285394), (7.171367, -0.6809284), (6.677472, 0.8855064), (7.171367, -0.6809284), (7.109846, -0.7281352), (6.677472, 0.8855064), (7.109846, -0.7281352), (7.044444, -0.7698004), (6.677472, 0.8855064), (7.044444, -0.7698004), (6.975661, -0.8056069), (6.677472, 0.8855064), (6.975661, -0.8056069), (6.904018, -0.8352823), (6.677472, 0.8855064), (6.904018, -0.8352823), (6.830061, -0.8586007), (6.677472, 0.8855064), (6.830061, -0.8586007), (6.754354, -0.8753847), (6.677472, 0.8855064), (6.754354, -0.8753847), (6.677472, -0.8855064), (6.677472, 0.8855064), (6.677472, -0.8855064), (6.6, -0.8888889), (6.677472, 0.8855064), (6.6, -0.8888889), (6.522528, -0.8855064), (6.677472, 0.8855064), (6.522528, -0.8855064), (6.445646, -0.8753847), (6.677472, 0.8855064), (6.445646, -0.8753847), (6.369939, -0.8586007), (6.677472, 0.8855064), (6.369939, -0.8586007), (6.295982, -0.8352823), (6.677472, 0.8855064), (6.295982, -0.8352823), (6.224339, -0.8056069), (6.677472, 0.8855064), (6.224339, -0.8056069), (6.155556, -0.7698004), (6.677472, 0.8855064), (6.155556, -0.7698004), (6.090154, -0.7281352), (6.677472, 0.8855064), (6.090154, -0.7281352), (6.028633, -0.6809284), (6.677472, 0.8855064), (6.028633, -0.6809284), (5.971461, -0.6285394), (6.677472, 0.8855064), (5.971461, -0.6285394), (5.919072, -0.5713668), (6.677472, 0.8855064), (5.919072, -0.5713668), (5.871865, -0.5098457), (6.677472, 0.8855064), (5.871865, -0.5098457), (5.8302, -0.4444444), (6.677472, 0.8855064), (5.8302, -0.4444444), (5.794393, -0.3756607), (6.677472, 0.8855064), (5.794393, -0.3756607), (5.764718, -0.3040179), (6.677472, 0.8855064), (5.764718, -0.3040179), (5.741399, -0.2300614), (6.677472, 0.8855064), (5.741399, -0.2300614), (5.724615, -0.1543539), (6.677472, 0.8855064), (5.724615, -0.1543539), (5.714494, -0.07747177), (6.677472, 0.8855064), (5.714494, -0.07747177), (5.711111, 5.442875e-17), (6.677472, 0.8855064), (5.711111, 5.442875e-17), (5.714494, 0.07747177), (6.677472, 0.8855064), (5.714494, 0.07747177), (5.724615, 0.1543539), (6.677472, 0.8855064), (5.724615, 0.1543539), (5.741399, 0.2300614), (6.677472, 0.8855064), (5.741399, 0.2300614), (5.764718, 0.3040179), (6.677472, 0.8855064), (5.764718, 0.3040179), (5.794393, 0.3756607), (6.677472, 0.8855064), (5.794393, 0.3756607), (5.8302, 0.4444444), (6.677472, 0.8855064), (5.8302, 0.4444444), (5.871865, 0.5098457), (6.677472, 0.8855064), (5.871865, 0.5098457), (5.919072, 0.5713668), (6.677472, 0.8855064), (5.919072, 0.5713668), (5.971461, 0.6285394), (6.677472, 0.8855064), (5.971461, 0.6285394), (6.028633, 0.6809284), (6.677472, 0.8855064), (6.028633, 0.6809284), (6.090154, 0.7281352), (6.677472, 0.8855064), (6.090154, 0.7281352), (6.155556, 0.7698004), (6.677472, 0.8855064), (6.155556, 0.7698004), (6.224339, 0.8056069), (6.677472, 0.8855064), (6.224339, 0.8056069), (6.295982, 0.8352823), (6.677472, 0.8855064), (6.295982, 0.8352823), (6.369939, 0.8586007), (6.677472, 0.8855064), (6.369939, 0.8586007), (6.445646, 0.8753847), (6.677472, 0.8855064), (6.445646, 0.8753847), (6.522528, 0.8855064), (6.677472, 0.8855064), (6.522528, 0.8855064), (6.6, 0.8888889), (6.6, 0.8888889), (6.522528, 0.8855064), (6.445646, 0.8753847), (6.6, 0.8888889), (6.445646, 0.8753847), (6.369939, 0.8586007), (6.6, 0.8888889), (6.369939, 0.8586007), (6.295982, 0.8352823), (6.6, 0.8888889), (6.295982, 0.8352823), (6.224339, 0.8056069), (6.6, 0.8888889), (6.224339, 0.8056069), (6.155556, 0.7698004), (6.6, 0.8888889), (6.155556, 0.7698004), (6.090154, 0.7281352), (6.6, 0.8888889), (6.090154, 0.7281352), (6.028633, 0.6809284), (6.6, 0.8888889), (6.028633, 0.6809284), (5.971461, 0.6285394), (6.6, 0.8888889), (5.971461, 0.6285394), (5.919072, 0.5713668), (6.6, 0.8888889), (5.919072, 0.5713668), (5.871865, 0.5098457), (6.6, 0.8888889), (5.871865, 0.5098457), (5.8302, 0.4444444), (6.6, 0.8888889), (5.8302, 0.4444444), (5.794393, 0.3756607), (6.6, 0.8888889), (5.794393, 0.3756607), (5.764718, 0.3040179), (6.6, 0.8888889), (5.764718, 0.3040179), (5.741399, 0.2300614), (6.6, 0.8888889), (5.741399, 0.2300614), (5.724615, 0.1543539), (6.6, 0.8888889), (5.724615, 0.1543539), (5.714494, 0.07747177), (6.6, 0.8888889), (5.714494, 0.07747177), (5.711111, 5.442875e-17), (6.6, 0.8888889), (5.711111, 5.442875e-17), (5.714494, -0.07747177), (6.6, 0.8888889), (5.714494, -0.07747177), (5.724615, -0.1543539), (6.6, 0.8888889), (5.724615, -0.1543539), (5.741399, -0.2300614), (6.6, 0.8888889), (5.741399, -0.2300614), (5.764718, -0.3040179), (6.6, 0.8888889), (5.764718, -0.3040179), (5.794393, -0.3756607), (6.6, 0.8888889), (5.794393, -0.3756607), (5.8302, -0.4444444), (6.6, 0.8888889), (5.8302, -0.4444444), (5.871865, -0.5098457), (6.6, 0.8888889), (5.871865, -0.5098457), (5.919072, -0.5713668), (6.6, 0.8888889), (5.919072, -0.5713668), (5.971461, -0.6285394), (6.6, 0.8888889), (5.971461, -0.6285394), (6.028633, -0.6809284), (6.6, 0.8888889), (6.028633, -0.6809284), (6.090154, -0.7281352), (6.6, 0.8888889), (6.090154, -0.7281352), (6.155556, -0.7698004), (6.6, 0.8888889), (6.155556, -0.7698004), (6.224339, -0.8056069), (6.6, 0.8888889), (6.224339, -0.8056069), (6.295982, -0.8352823), (6.6, 0.8888889), (6.295982, -0.8352823), (6.369939, -0.8586007), (6.6, 0.8888889), (6.369939, -0.8586007), (6.445646, -0.8753847), (6.6, 0.8888889), (6.445646, -0.8753847), (6.522528, -0.8855064), (6.6, 0.8888889), (6.522528, -0.8855064), (6.6, -0.8888889), (6.6, 0.8888889), (6.6, -0.8888889), (6.677472, -0.8855064), (6.6, 0.8888889), (6.677472, -0.8855064), (6.754354, -0.8753847), (6.6, 0.8888889), (6.754354, -0.8753847), (6.830061, -0.8586007), (6.6, 0.8888889), (6.830061, -0.8586007), (6.904018, -0.8352823), (6.6, 0.8888889), (6.904018, -0.8352823), (6.975661, -0.8056069), (6.6, 0.8888889), (6.975661, -0.8056069), (7.044444, -0.7698004), (6.6, 0.8888889), (7.044444, -0.7698004), (7.109846, -0.7281352), (6.6, 0.8888889), (7.109846, -0.7281352), (7.171367, -0.6809284), (6.6, 0.8888889), (7.171367, -0.6809284), (7.228539, -0.6285394), (6.6, 0.8888889), (7.228539, -0.6285394), (7.280928, -0.5713668), (6.6, 0.8888889), (7.280928, -0.5713668), (7.328135, -0.5098457), (6.6, 0.8888889), (7.328135, -0.5098457), (7.3698, -0.4444444), (6.6, 0.8888889), (7.3698, -0.4444444), (7.405607, -0.3756607), (6.6, 0.8888889), (7.405607, -0.3756607), (7.435282, -0.3040179), (6.6, 0.8888889), (7.435282, -0.3040179), (7.458601, -0.2300614), (6.6, 0.8888889), (7.458601, -0.2300614), (7.475385, -0.1543539), (6.6, 0.8888889), (7.475385, -0.1543539), (7.485506, -0.07747177), (6.6, 0.8888889), (7.485506, -0.07747177), (7.488889, -1.632862e-16), (6.6, 0.8888889), (7.488889, -1.632862e-16), (7.485506, 0.07747177), (6.6, 0.8888889), (7.485506, 0.07747177), (7.475385, 0.1543539), (6.6, 0.8888889), (7.475385, 0.1543539), (7.458601, 0.2300614), (6.6, 0.8888889), (7.458601, 0.2300614), (7.435282, 0.3040179), (6.6, 0.8888889), (7.435282, 0.3040179), (7.405607, 0.3756607), (6.6, 0.8888889), (7.405607, 0.3756607), (7.3698, 0.4444444), (6.6, 0.8888889), (7.3698, 0.4444444), (7.328135, 0.5098457), (6.6, 0.8888889), (7.328135, 0.5098457), (7.280928, 0.5713668), (6.6, 0.8888889), (7.280928, 0.5713668), (7.228539, 0.6285394), (6.6, 0.8888889), (7.228539, 0.6285394), (7.171367, 0.6809284), (6.6, 0.8888889), (7.171367, 0.6809284), (7.109846, 0.7281352), (6.6, 0.8888889), (7.109846, 0.7281352), (7.044444, 0.7698004), (6.6, 0.8888889), (7.044444, 0.7698004), (6.975661, 0.8056069), (6.6, 0.8888889), (6.975661, 0.8056069), (6.904018, 0.8352823), (6.6, 0.8888889), (6.904018, 0.8352823), (6.830061, 0.8586007), (6.6, 0.8888889), (6.830061, 0.8586007), (6.754354, 0.8753847), (6.6, 0.8888889), (6.754354, 0.8753847), (6.677472, 0.8855064), (10.97778, 6.6), (10.97778, 6.522528), (15.2, 6.522528), (10.97778, 6.6), (15.2, 6.522528), (15.2, 6.6), (10.97778, 6.522528), (10.97778, 6.445646), (15.2, 6.445646), (10.97778, 6.522528), (15.2, 6.445646), (15.2, 6.522528), (10.97778, 6.445646), (10.97778, 6.369939), (15.2, 6.369939), (10.97778, 6.445646), (15.2, 6.369939), (15.2, 6.445646), (10.97778, 6.369939), (10.97778, 6.295982), (15.2, 6.295982), (10.97778, 6.369939), (15.2, 6.295982), (15.2, 6.369939), (10.97778, 6.295982), (10.97778, 6.224339), (15.2, 6.224339), (10.97778, 6.295982), (15.2, 6.224339), (15.2, 6.295982), (10.97778, 6.224339), (10.97778, 6.155556), (15.2, 6.155556), (10.97778, 6.224339), (15.2, 6.155556), (15.2, 6.224339), (10.97778, 6.155556), (10.97778, 6.090154), (15.2, 6.090154), (10.97778, 6.155556), (15.2, 6.090154), (15.2, 6.155556), (10.97778, 6.090154), (10.97778, 6.028633), (15.2, 6.028633), (10.97778, 6.090154), (15.2, 6.028633), (15.2, 6.090154), (10.97778, 6.028633), (10.97778, 5.971461), (15.2, 5.971461), (10.97778, 6.028633), (15.2, 5.971461), (15.2, 6.028633), (10.97778, 0.6285394), (10.97778, 0.5713668), (15.2, 0.5713668), (10.97778, 0.6285394), (15.2, 0.5713668), (15.2, 0.6285394), (10.97778, 0.5713668), (10.97778, 0.5098457), (15.2, 0.5098457), (10.97778, 0.5713668), (15.2, 0.5098457), (15.2, 0.5713668), (10.97778, 0.5098457), (10.97778, 0.4444444), (15.2, 0.4444444), (10.97778, 0.5098457), (15.2, 0.4444444), (15.2, 0.5098457), (10.97778, 0.4444444), (10.97778, 0.3756607), (15.2, 0.3756607), (10.97778, 0.4444444), (15.2, 0.3756607), (15.2, 0.4444444), (10.97778, 0.3756607), (10.97778, 0.3040179), (15.2, 0.3040179), (10.97778, 0.3756607), (15.2, 0.3040179), (15.2, 0.3756607), (10.97778, 0.3040179), (10.97778, 0.2300614), (15.2, 0.2300614), (10.97778, 0.3040179), (15.2, 0.2300614), (15.2, 0.3040179), (10.97778, 0.2300614), (10.97778, 0.1543539), (15.2, 0.1543539), (10.97778, 0.2300614), (15.2, 0.1543539), (15.2, 0.2300614), (10.97778, 0.1543539), (10.97778, 0.07747177), (15.2, 0.07747177), (10.97778, 0.1543539), (15.2, 0.07747177), (15.2, 0.1543539), (10.97778, 0.07747177), (10.97778, 5.442875e-17), (15.2, 5.442875e-17), (10.97778, 0.07747177), (15.2, 5.442875e-17), (15.2, 0.07747177), (10.97778, 5.442875e-17), (10.97778, -0.07747177), (15.2, -0.07747177), (10.97778, 5.442875e-17), (15.2, -0.07747177), (15.2, 5.442875e-17), (10.97778, -0.07747177), (10.97778, -0.1543539), (15.2, -0.1543539), (10.97778, -0.07747177), (15.2, -0.1543539), (15.2, -0.07747177), (10.97778, -0.1543539), (10.97778, -0.2300614), (15.2, -0.2300614), (10.97778, -0.1543539), (15.2, -0.2300614), (15.2, -0.1543539), (10.97778, -0.2300614), (10.97778, -0.3040179), (15.2, -0.3040179), (10.97778, -0.2300614), (15.2, -0.3040179), (15.2, -0.2300614), (10.97778, -0.3040179), (10.97778, -0.3756607), (15.2, -0.3756607), (10.97778, -0.3040179), (15.2, -0.3756607), (15.2, -0.3040179), (10.97778, -0.3756607), (10.97778, -0.4444444), (15.2, -0.4444444), (10.97778, -0.3756607), (15.2, -0.4444444), (15.2, -0.3756607), (10.97778, -0.4444444), (10.97778, -0.5098457), (15.2, -0.5098457), (10.97778, -0.4444444), (15.2, -0.5098457), (15.2, -0.4444444), (10.97778, -0.5098457), (10.97778, -0.5713668), (15.2, -0.5713668), (10.97778, -0.5098457), (15.2, -0.5713668), (15.2, -0.5098457), (10.97778, -0.5713668), (10.97778, -0.6285394), (15.2, -0.6285394), (10.97778, -0.5713668), (15.2, -0.6285394), (15.2, -0.5713668), (10.97778, 5.971461), (10.97778, 6.028633), (15.2, 6.028633), (10.97778, 5.971461), (15.2, 6.028633), (15.2, 5.971461), (10.97778, 6.028633), (10.97778, 6.090154), (15.2, 6.090154), (10.97778, 6.028633), (15.2, 6.090154), (15.2, 6.028633), (10.97778, 6.090154), (10.97778, 6.155556), (15.2, 6.155556), (10.97778, 6.090154), (15.2, 6.155556), (15.2, 6.090154), (10.97778, 6.155556), (10.97778, 6.224339), (15.2, 6.224339), (10.97778, 6.155556), (15.2, 6.224339), (15.2, 6.155556), (10.97778, 6.224339), (10.97778, 6.295982), (15.2, 6.295982), (10.97778, 6.224339), (15.2, 6.295982), (15.2, 6.224339), (10.97778, 6.295982), (10.97778, 6.369939), (15.2, 6.369939), (10.97778, 6.295982), (15.2, 6.369939), (15.2, 6.295982), (10.97778, 6.369939), (10.97778, 6.445646), (15.2, 6.445646), (10.97778, 6.369939), (15.2, 6.445646), (15.2, 6.369939), (10.97778, 6.445646), (10.97778, 6.522528), (15.2, 6.522528), (10.97778, 6.445646), (15.2, 6.522528), (15.2, 6.445646), (10.97778, 6.522528), (10.97778, 6.6), (15.2, 6.6), (10.97778, 6.522528), (15.2, 6.6), (15.2, 6.522528), (10.97778, 6.6), (10.97778, 6.677472), (15.2, 6.677472), (10.97778, 6.6), (15.2, 6.677472), (15.2, 6.6), (10.97778, 6.677472), (10.97778, 6.754354), (15.2, 6.754354), (10.97778, 6.677472), (15.2, 6.754354), (15.2, 6.677472), (10.97778, 6.754354), (10.97778, 6.830061), (15.2, 6.830061), (10.97778, 6.754354), (15.2, 6.830061), (15.2, 6.754354), (10.97778, 6.830061), (10.97778, 6.904018), (15.2, 6.904018), (10.97778, 6.830061), (15.2, 6.904018), (15.2, 6.830061), (10.97778, 6.904018), (10.97778, 6.975661), (15.2, 6.975661), (10.97778, 6.904018), (15.2, 6.975661), (15.2, 6.904018), (10.97778, 6.975661), (10.97778, 7.044444), (15.2, 7.044444), (10.97778, 6.975661), (15.2, 7.044444), (15.2, 6.975661), (10.97778, 7.044444), (10.97778, 7.109846), (15.2, 7.109846), (10.97778, 7.044444), (15.2, 7.109846), (15.2, 7.044444), (10.97778, 7.109846), (10.97778, 7.171367), (15.2, 7.171367), (10.97778, 7.109846), (15.2, 7.171367), (15.2, 7.109846), (10.97778, 7.171367), (10.97778, 7.228539), (15.2, 7.228539), (10.97778, 7.171367), (15.2, 7.228539), (15.2, 7.171367), (10.97778, -0.6285394), (10.97778, -0.5713668), (15.2, -0.5713668), (10.97778, -0.6285394), (15.2, -0.5713668), (15.2, -0.6285394), (10.97778, -0.5713668), (10.97778, -0.5098457), (15.2, -0.5098457), (10.97778, -0.5713668), (15.2, -0.5098457), (15.2, -0.5713668), (10.97778, -0.5098457), (10.97778, -0.4444444), (15.2, -0.4444444), (10.97778, -0.5098457), (15.2, -0.4444444), (15.2, -0.5098457), (10.97778, -0.4444444), (10.97778, -0.3756607), (15.2, -0.3756607), (10.97778, -0.4444444), (15.2, -0.3756607), (15.2, -0.4444444), (10.97778, -0.3756607), (10.97778, -0.3040179), (15.2, -0.3040179), (10.97778, -0.3756607), (15.2, -0.3040179), (15.2, -0.3756607), (10.97778, -0.3040179), (10.97778, -0.2300614), (15.2, -0.2300614), (10.97778, -0.3040179), (15.2, -0.2300614), (15.2, -0.3040179), (10.97778, -0.2300614), (10.97778, -0.1543539), (15.2, -0.1543539), (10.97778, -0.2300614), (15.2, -0.1543539), (15.2, -0.2300614), (10.97778, -0.1543539), (10.97778, -0.07747177), (15.2, -0.07747177), (10.97778, -0.1543539), (15.2, -0.07747177), (15.2, -0.1543539), (10.97778, -0.07747177), (10.97778, -1.632862e-16), (15.2, -1.632862e-16), (10.97778, -0.07747177), (15.2, -1.632862e-16), (15.2, -0.07747177), (10.97778, -1.632862e-16), (10.97778, 0.07747177), (15.2, 0.07747177), (10.97778, -1.632862e-16), (15.2, 0.07747177), (15.2, -1.632862e-16), (10.97778, 0.07747177), (10.97778, 0.1543539), (15.2, 0.1543539), (10.97778, 0.07747177), (15.2, 0.1543539), (15.2, 0.07747177), (10.97778, 0.1543539), (10.97778, 0.2300614), (15.2, 0.2300614), (10.97778, 0.1543539), (15.2, 0.2300614), (15.2, 0.1543539), (10.97778, 0.2300614), (10.97778, 0.3040179), (15.2, 0.3040179), (10.97778, 0.2300614), (15.2, 0.3040179), (15.2, 0.2300614), (10.97778, 0.3040179), (10.97778, 0.3756607), (15.2, 0.3756607), (10.97778, 0.3040179), (15.2, 0.3756607), (15.2, 0.3040179), (10.97778, 0.3756607), (10.97778, 0.4444444), (15.2, 0.4444444), (10.97778, 0.3756607), (15.2, 0.4444444), (15.2, 0.3756607), (10.97778, 0.4444444), (10.97778, 0.5098457), (15.2, 0.5098457), (10.97778, 0.4444444), (15.2, 0.5098457), (15.2, 0.4444444), (10.97778, 0.5098457), (10.97778, 0.5713668), (15.2, 0.5713668), (10.97778, 0.5098457), (15.2, 0.5713668), (15.2, 0.5098457), (10.97778, 0.5713668), (10.97778, 0.6285394), (15.2, 0.6285394), (10.97778, 0.5713668), (15.2, 0.6285394), (15.2, 0.5713668), (10.97778, 7.228539), (10.97778, 7.171367), (15.2, 7.171367), (10.97778, 7.228539), (15.2, 7.171367), (15.2, 7.228539), (10.97778, 7.171367), (10.97778, 7.109846), (15.2, 7.109846), (10.97778, 7.171367), (15.2, 7.109846), (15.2, 7.171367), (10.97778, 7.109846), (10.97778, 7.044444), (15.2, 7.044444), (10.97778, 7.109846), (15.2, 7.044444), (15.2, 7.109846), (10.97778, 7.044444), (10.97778, 6.975661), (15.2, 6.975661), (10.97778, 7.044444), (15.2, 6.975661), (15.2, 7.044444), (10.97778, 6.975661), (10.97778, 6.904018), (15.2, 6.904018), (10.97778, 6.975661), (15.2, 6.904018), (15.2, 6.975661), (10.97778, 6.904018), (10.97778, 6.830061), (15.2, 6.830061), (10.97778, 6.904018), (15.2, 6.830061), (15.2, 6.904018), (10.97778, 6.830061), (10.97778, 6.754354), (15.2, 6.754354), (10.97778, 6.830061), (15.2, 6.754354), (15.2, 6.830061), (10.97778, 6.754354), (10.97778, 6.677472), (15.2, 6.677472), (10.97778, 6.754354), (15.2, 6.677472), (15.2, 6.754354), (10.97778, 6.677472), (10.97778, 6.6), (15.2, 6.6), (10.97778, 6.677472), (15.2, 6.6), (15.2, 6.677472)] (interpolation = "faceVarying")
        }
        def Mesh "FastenerHead_02" (prepend apiSchemas = ["MaterialBindingAPI"])
        {
            uniform token subdivisionScheme = "none"
            uniform token orientation = "rightHanded"
            bool doubleSided = false
            point3f[] points = [(0.136715, 0.0594, 0.00425), (0.136715, 0.05857087, 0.004168337), (0.136715, 0.0577736, 0.003926488), (0.136715, 0.05703883, 0.003533746), (0.136715, 0.0563948, 0.003005204), (0.136715, 0.05586625, 0.002361173), (0.136715, 0.05547351, 0.001626405), (0.136715, 0.05523166, 0.0008291339), (0.136715, 0.05515, 2.602374e-19), (0.136715, 0.05523166, -0.0008291339), (0.136715, 0.05547351, -0.001626405), (0.136715, 0.05586625, -0.002361173), (0.136715, 0.0563948, -0.003005204), (0.136715, 0.05703883, -0.003533746), (0.136715, 0.0577736, -0.003926488), (0.136715, 0.05857087, -0.004168337), (0.136715, 0.0594, -0.00425), (0.136715, 0.06022913, -0.004168337), (0.136715, 0.0610264, -0.003926488), (0.136715, 0.06176117, -0.003533746), (0.136715, 0.0624052, -0.003005204), (0.136715, 0.06293375, -0.002361173), (0.136715, 0.06332649, -0.001626405), (0.136715, 0.06356834, -0.0008291339), (0.136715, 0.06365, -7.807123e-19), (0.136715, 0.06356834, 0.0008291339), (0.136715, 0.06332649, 0.001626405), (0.136715, 0.06293375, 0.002361173), (0.136715, 0.0624052, 0.003005204), (0.136715, 0.06176117, 0.003533746), (0.136715, 0.0610264, 0.003926488), (0.136715, 0.06022913, 0.004168337), (0.138245, 0.0594, 0.00425), (0.138245, 0.05857087, 0.004168337), (0.138245, 0.0577736, 0.003926488), (0.138245, 0.05703883, 0.003533746), (0.138245, 0.0563948, 0.003005204), (0.138245, 0.05586625, 0.002361173), (0.138245, 0.05547351, 0.001626405), (0.138245, 0.05523166, 0.0008291339), (0.138245, 0.05515, 2.602374e-19), (0.138245, 0.05523166, -0.0008291339), (0.138245, 0.05547351, -0.001626405), (0.138245, 0.05586625, -0.002361173), (0.138245, 0.0563948, -0.003005204), (0.138245, 0.05703883, -0.003533746), (0.138245, 0.0577736, -0.003926488), (0.138245, 0.05857087, -0.004168337), (0.138245, 0.0594, -0.00425), (0.138245, 0.06022913, -0.004168337), (0.138245, 0.0610264, -0.003926488), (0.138245, 0.06176117, -0.003533746), (0.138245, 0.0624052, -0.003005204), (0.138245, 0.06293375, -0.002361173), (0.138245, 0.06332649, -0.001626405), (0.138245, 0.06356834, -0.0008291339), (0.138245, 0.06365, -7.807123e-19), (0.138245, 0.06356834, 0.0008291339), (0.138245, 0.06332649, 0.001626405), (0.138245, 0.06293375, 0.002361173), (0.138245, 0.0624052, 0.003005204), (0.138245, 0.06176117, 0.003533746), (0.138245, 0.0610264, 0.003926488), (0.138245, 0.06022913, 0.004168337), (0.136715, 0.0594, 0.00425), (0.136715, 0.05857087, 0.004168337), (0.136715, 0.0577736, 0.003926488), (0.136715, 0.05703883, 0.003533746), (0.136715, 0.0563948, 0.003005204), (0.136715, 0.05586625, 0.002361173), (0.136715, 0.05547351, 0.001626405), (0.136715, 0.05523166, 0.0008291339), (0.136715, 0.05515, 2.602374e-19), (0.136715, 0.05523166, -0.0008291339), (0.136715, 0.05547351, -0.001626405), (0.136715, 0.05586625, -0.002361173), (0.136715, 0.0563948, -0.003005204), (0.136715, 0.05703883, -0.003533746), (0.136715, 0.0577736, -0.003926488), (0.136715, 0.05857087, -0.004168337), (0.136715, 0.0594, -0.00425), (0.136715, 0.06022913, -0.004168337), (0.136715, 0.0610264, -0.003926488), (0.136715, 0.06176117, -0.003533746), (0.136715, 0.0624052, -0.003005204), (0.136715, 0.06293375, -0.002361173), (0.136715, 0.06332649, -0.001626405), (0.136715, 0.06356834, -0.0008291339), (0.136715, 0.06365, -7.807123e-19), (0.136715, 0.06356834, 0.0008291339), (0.136715, 0.06332649, 0.001626405), (0.136715, 0.06293375, 0.002361173), (0.136715, 0.0624052, 0.003005204), (0.136715, 0.06176117, 0.003533746), (0.136715, 0.0610264, 0.003926488), (0.136715, 0.06022913, 0.004168337), (0.138245, 0.0594, 0.00425), (0.138245, 0.05857087, 0.004168337), (0.138245, 0.0577736, 0.003926488), (0.138245, 0.05703883, 0.003533746), (0.138245, 0.0563948, 0.003005204), (0.138245, 0.05586625, 0.002361173), (0.138245, 0.05547351, 0.001626405), (0.138245, 0.05523166, 0.0008291339), (0.138245, 0.05515, 2.602374e-19), (0.138245, 0.05523166, -0.0008291339), (0.138245, 0.05547351, -0.001626405), (0.138245, 0.05586625, -0.002361173), (0.138245, 0.0563948, -0.003005204), (0.138245, 0.05703883, -0.003533746), (0.138245, 0.0577736, -0.003926488), (0.138245, 0.05857087, -0.004168337), (0.138245, 0.0594, -0.00425), (0.138245, 0.06022913, -0.004168337), (0.138245, 0.0610264, -0.003926488), (0.138245, 0.06176117, -0.003533746), (0.138245, 0.0624052, -0.003005204), (0.138245, 0.06293375, -0.002361173), (0.138245, 0.06332649, -0.001626405), (0.138245, 0.06356834, -0.0008291339), (0.138245, 0.06365, -7.807123e-19), (0.138245, 0.06356834, 0.0008291339), (0.138245, 0.06332649, 0.001626405), (0.138245, 0.06293375, 0.002361173), (0.138245, 0.0624052, 0.003005204), (0.138245, 0.06176117, 0.003533746), (0.138245, 0.0610264, 0.003926488), (0.138245, 0.06022913, 0.004168337)]
            int[] faceVertexCounts = [3, 3, 3, 3, 3, 3, 3, 3, 3, 3, 3, 3, 3, 3, 3, 3, 3, 3, 3, 3, 3, 3, 3, 3, 3, 3, 3, 3, 3, 3, 3, 3, 3, 3, 3, 3, 3, 3, 3, 3, 3, 3, 3, 3, 3, 3, 3, 3, 3, 3, 3, 3, 3, 3, 3, 3, 3, 3, 3, 3, 3, 3, 3, 3, 3, 3, 3, 3, 3, 3, 3, 3, 3, 3, 3, 3, 3, 3, 3, 3, 3, 3, 3, 3, 3, 3, 3, 3, 3, 3, 3, 3, 3, 3, 3, 3, 3, 3, 3, 3, 3, 3, 3, 3, 3, 3, 3, 3, 3, 3, 3, 3, 3, 3, 3, 3, 3, 3, 3, 3, 3, 3, 3, 3]
            int[] faceVertexIndices = [95, 94, 93, 95, 93, 92, 95, 92, 91, 95, 91, 90, 95, 90, 89, 95, 89, 88, 95, 88, 87, 95, 87, 86, 95, 86, 85, 95, 85, 84, 95, 84, 83, 95, 83, 82, 95, 82, 81, 95, 81, 80, 95, 80, 79, 95, 79, 78, 95, 78, 77, 95, 77, 76, 95, 76, 75, 95, 75, 74, 95, 74, 73, 95, 73, 72, 95, 72, 71, 95, 71, 70, 95, 70, 69, 95, 69, 68, 95, 68, 67, 95, 67, 66, 95, 66, 65, 95, 65, 64, 96, 97, 98, 96, 98, 99, 96, 99, 100, 96, 100, 101, 96, 101, 102, 96, 102, 103, 96, 103, 104, 96, 104, 105, 96, 105, 106, 96, 106, 107, 96, 107, 108, 96, 108, 109, 96, 109, 110, 96, 110, 111, 96, 111, 112, 96, 112, 113, 96, 113, 114, 96, 114, 115, 96, 115, 116, 96, 116, 117, 96, 117, 118, 96, 118, 119, 96, 119, 120, 96, 120, 121, 96, 121, 122, 96, 122, 123, 96, 123, 124, 96, 124, 125, 96, 125, 126, 96, 126, 127, 0, 1, 33, 0, 33, 32, 1, 2, 34, 1, 34, 33, 2, 3, 35, 2, 35, 34, 3, 4, 36, 3, 36, 35, 4, 5, 37, 4, 37, 36, 5, 6, 38, 5, 38, 37, 6, 7, 39, 6, 39, 38, 7, 8, 40, 7, 40, 39, 8, 9, 41, 8, 41, 40, 9, 10, 42, 9, 42, 41, 10, 11, 43, 10, 43, 42, 11, 12, 44, 11, 44, 43, 12, 13, 45, 12, 45, 44, 13, 14, 46, 13, 46, 45, 14, 15, 47, 14, 47, 46, 15, 16, 48, 15, 48, 47, 16, 17, 49, 16, 49, 48, 17, 18, 50, 17, 50, 49, 18, 19, 51, 18, 51, 50, 19, 20, 52, 19, 52, 51, 20, 21, 53, 20, 53, 52, 21, 22, 54, 21, 54, 53, 22, 23, 55, 22, 55, 54, 23, 24, 56, 23, 56, 55, 24, 25, 57, 24, 57, 56, 25, 26, 58, 25, 58, 57, 26, 27, 59, 26, 59, 58, 27, 28, 60, 27, 60, 59, 28, 29, 61, 28, 61, 60, 29, 30, 62, 29, 62, 61, 30, 31, 63, 30, 63, 62, 31, 0, 32, 31, 32, 63]
            normal3f[] normals = [(0, -0.03281279, 0.9994615), (0, -0.2271676, 0.9738557), (0, -0.4127924, 0.9108251), (0, -0.5825539, 0.8127921), (0, -0.7299282, 0.6835239), (0, -0.8492517, 0.5279882), (0, -0.9359389, 0.3521623), (0, -0.9866586, 0.162803), (0, -0.9994615, -0.03281279), (0, -0.9738557, -0.2271676), (0, -0.9108251, -0.4127924), (0, -0.8127921, -0.5825539), (0, -0.6835239, -0.7299282), (0, -0.5279882, -0.8492517), (0, -0.3521623, -0.9359389), (0, -0.162803, -0.9866586), (0, 0.03281279, -0.9994615), (0, 0.2271676, -0.9738557), (0, 0.4127924, -0.9108251), (0, 0.5825539, -0.8127921), (0, 0.7299282, -0.6835239), (0, 0.8492517, -0.5279882), (0, 0.9359389, -0.3521623), (0, 0.9866586, -0.162803), (0, 0.9994615, 0.03281279), (0, 0.9738557, 0.2271676), (0, 0.9108251, 0.4127924), (0, 0.8127921, 0.5825539), (0, 0.6835239, 0.7299282), (0, 0.5279882, 0.8492517), (0, 0.3521623, 0.9359389), (0, 0.162803, 0.9866586), (0, 0.03281279, 0.9994615), (0, -0.162803, 0.9866586), (0, -0.3521623, 0.9359389), (0, -0.5279882, 0.8492517), (0, -0.6835239, 0.7299282), (0, -0.8127921, 0.5825539), (0, -0.9108251, 0.4127924), (0, -0.9738557, 0.2271676), (0, -0.9994615, 0.03281279), (0, -0.9866586, -0.162803), (0, -0.9359389, -0.3521623), (0, -0.8492517, -0.5279882), (0, -0.7299282, -0.6835239), (0, -0.5825539, -0.8127921), (0, -0.4127924, -0.9108251), (0, -0.2271676, -0.9738557), (0, -0.03281279, -0.9994615), (0, 0.162803, -0.9866586), (0, 0.3521623, -0.9359389), (0, 0.5279882, -0.8492517), (0, 0.6835239, -0.7299282), (0, 0.8127921, -0.5825539), (0, 0.9108251, -0.4127924), (0, 0.9738557, -0.2271676), (0, 0.9994615, -0.03281279), (0, 0.9866586, 0.162803), (0, 0.9359389, 0.3521623), (0, 0.8492517, 0.5279882), (0, 0.7299282, 0.6835239), (0, 0.5825539, 0.8127921), (0, 0.4127924, 0.9108251), (0, 0.2271676, 0.9738557), (-1, 0, 0), (-1, 0, 0), (-1, 0, 0), (-1, 0, 0), (-1, 0, 0), (-1, 0, 0), (-1, 0, 0), (-1, 0, 0), (-1, 0, 0), (-1, 0, 0), (-1, 0, 0), (-1, 0, 0), (-1, 0, 0), (-1, 0, 0), (-1, 0, 0), (-1, 0, 0), (-1, 0, 0), (-1, 0, 0), (-1, 0, 0), (-1, 0, 0), (-1, 0, 0), (-1, 0, 0), (-1, 0, 0), (-1, 0, 0), (-1, 0, 0), (-1, 0, 0), (-1, 0, 0), (-1, 0, 0), (-1, 0, 0), (-1, 0, 0), (-1, 0, 0), (-1, 0, 0), (1, 0, 0), (1, 0, 0), (1, 0, 0), (1, 0, 0), (1, 0, 0), (1, 0, 0), (1, 0, 0), (1, 0, 0), (1, 0, 0), (1, 0, 0), (1, 0, 0), (1, 0, 0), (1, 0, 0), (1, 0, 0), (1, 0, 0), (1, 0, 0), (1, 0, 0), (1, 0, 0), (1, 0, 0), (1, 0, 0), (1, 0, 0), (1, 0, 0), (1, 0, 0), (1, 0, 0), (1, 0, 0), (1, 0, 0), (1, 0, 0), (1, 0, 0), (1, 0, 0), (1, 0, 0), (1, 0, 0), (1, 0, 0)] (interpolation = "vertex")
            float3[] extent = [(0.136715, 0.05515, -0.00425), (0.138245, 0.06365, 0.00425)]
            rel material:binding = </WorkbenchPart/Materials/steel>
            texCoord2f[] primvars:st = [(6.692126, 0.4631486), (6.780712, 0.4362764), (6.862353, 0.3926384), (6.692126, 0.4631486), (6.862353, 0.3926384), (6.933912, 0.3339115), (6.692126, 0.4631486), (6.933912, 0.3339115), (6.992638, 0.2623526), (6.692126, 0.4631486), (6.992638, 0.2623526), (7.036276, 0.1807116), (6.692126, 0.4631486), (7.036276, 0.1807116), (7.063149, 0.09212599), (6.692126, 0.4631486), (7.063149, 0.09212599), (7.072222, -8.674581e-17), (6.692126, 0.4631486), (7.072222, -8.674581e-17), (7.063149, -0.09212599), (6.692126, 0.4631486), (7.063149, -0.09212599), (7.036276, -0.1807116), (6.692126, 0.4631486), (7.036276, -0.1807116), (6.992638, -0.2623526), (6.692126, 0.4631486), (6.992638, -0.2623526), (6.933912, -0.3339115), (6.692126, 0.4631486), (6.933912, -0.3339115), (6.862353, -0.3926384), (6.692126, 0.4631486), (6.862353, -0.3926384), (6.780712, -0.4362764), (6.692126, 0.4631486), (6.780712, -0.4362764), (6.692126, -0.4631486), (6.692126, 0.4631486), (6.692126, -0.4631486), (6.6, -0.4722222), (6.692126, 0.4631486), (6.6, -0.4722222), (6.507874, -0.4631486), (6.692126, 0.4631486), (6.507874, -0.4631486), (6.419288, -0.4362764), (6.692126, 0.4631486), (6.419288, -0.4362764), (6.337647, -0.3926384), (6.692126, 0.4631486), (6.337647, -0.3926384), (6.266088, -0.3339115), (6.692126, 0.4631486), (6.266088, -0.3339115), (6.207362, -0.2623526), (6.692126, 0.4631486), (6.207362, -0.2623526), (6.163724, -0.1807116), (6.692126, 0.4631486), (6.163724, -0.1807116), (6.136851, -0.09212599), (6.692126, 0.4631486), (6.136851, -0.09212599), (6.127778, 2.891527e-17), (6.692126, 0.4631486), (6.127778, 2.891527e-17), (6.136851, 0.09212599), (6.692126, 0.4631486), (6.136851, 0.09212599), (6.163724, 0.1807116), (6.692126, 0.4631486), (6.163724, 0.1807116), (6.207362, 0.2623526), (6.692126, 0.4631486), (6.207362, 0.2623526), (6.266088, 0.3339115), (6.692126, 0.4631486), (6.266088, 0.3339115), (6.337647, 0.3926384), (6.692126, 0.4631486), (6.337647, 0.3926384), (6.419288, 0.4362764), (6.692126, 0.4631486), (6.419288, 0.4362764), (6.507874, 0.4631486), (6.692126, 0.4631486), (6.507874, 0.4631486), (6.6, 0.4722222), (6.6, 0.4722222), (6.507874, 0.4631486), (6.419288, 0.4362764), (6.6, 0.4722222), (6.419288, 0.4362764), (6.337647, 0.3926384), (6.6, 0.4722222), (6.337647, 0.3926384), (6.266088, 0.3339115), (6.6, 0.4722222), (6.266088, 0.3339115), (6.207362, 0.2623526), (6.6, 0.4722222), (6.207362, 0.2623526), (6.163724, 0.1807116), (6.6, 0.4722222), (6.163724, 0.1807116), (6.136851, 0.09212599), (6.6, 0.4722222), (6.136851, 0.09212599), (6.127778, 2.891527e-17), (6.6, 0.4722222), (6.127778, 2.891527e-17), (6.136851, -0.09212599), (6.6, 0.4722222), (6.136851, -0.09212599), (6.163724, -0.1807116), (6.6, 0.4722222), (6.163724, -0.1807116), (6.207362, -0.2623526), (6.6, 0.4722222), (6.207362, -0.2623526), (6.266088, -0.3339115), (6.6, 0.4722222), (6.266088, -0.3339115), (6.337647, -0.3926384), (6.6, 0.4722222), (6.337647, -0.3926384), (6.419288, -0.4362764), (6.6, 0.4722222), (6.419288, -0.4362764), (6.507874, -0.4631486), (6.6, 0.4722222), (6.507874, -0.4631486), (6.6, -0.4722222), (6.6, 0.4722222), (6.6, -0.4722222), (6.692126, -0.4631486), (6.6, 0.4722222), (6.692126, -0.4631486), (6.780712, -0.4362764), (6.6, 0.4722222), (6.780712, -0.4362764), (6.862353, -0.3926384), (6.6, 0.4722222), (6.862353, -0.3926384), (6.933912, -0.3339115), (6.6, 0.4722222), (6.933912, -0.3339115), (6.992638, -0.2623526), (6.6, 0.4722222), (6.992638, -0.2623526), (7.036276, -0.1807116), (6.6, 0.4722222), (7.036276, -0.1807116), (7.063149, -0.09212599), (6.6, 0.4722222), (7.063149, -0.09212599), (7.072222, -8.674581e-17), (6.6, 0.4722222), (7.072222, -8.674581e-17), (7.063149, 0.09212599), (6.6, 0.4722222), (7.063149, 0.09212599), (7.036276, 0.1807116), (6.6, 0.4722222), (7.036276, 0.1807116), (6.992638, 0.2623526), (6.6, 0.4722222), (6.992638, 0.2623526), (6.933912, 0.3339115), (6.6, 0.4722222), (6.933912, 0.3339115), (6.862353, 0.3926384), (6.6, 0.4722222), (6.862353, 0.3926384), (6.780712, 0.4362764), (6.6, 0.4722222), (6.780712, 0.4362764), (6.692126, 0.4631486), (15.19056, 6.6), (15.19056, 6.507874), (15.36056, 6.507874), (15.19056, 6.6), (15.36056, 6.507874), (15.36056, 6.6), (15.19056, 6.507874), (15.19056, 6.419288), (15.36056, 6.419288), (15.19056, 6.507874), (15.36056, 6.419288), (15.36056, 6.507874), (15.19056, 6.419288), (15.19056, 6.337647), (15.36056, 6.337647), (15.19056, 6.419288), (15.36056, 6.337647), (15.36056, 6.419288), (15.19056, 6.337647), (15.19056, 6.266088), (15.36056, 6.266088), (15.19056, 6.337647), (15.36056, 6.266088), (15.36056, 6.337647), (15.19056, 0.3339115), (15.19056, 0.2623526), (15.36056, 0.2623526), (15.19056, 0.3339115), (15.36056, 0.2623526), (15.36056, 0.3339115), (15.19056, 0.2623526), (15.19056, 0.1807116), (15.36056, 0.1807116), (15.19056, 0.2623526), (15.36056, 0.1807116), (15.36056, 0.2623526), (15.19056, 0.1807116), (15.19056, 0.09212599), (15.36056, 0.09212599), (15.19056, 0.1807116), (15.36056, 0.09212599), (15.36056, 0.1807116), (15.19056, 0.09212599), (15.19056, 2.891527e-17), (15.36056, 2.891527e-17), (15.19056, 0.09212599), (15.36056, 2.891527e-17), (15.36056, 0.09212599), (15.19056, 2.891527e-17), (15.19056, -0.09212599), (15.36056, -0.09212599), (15.19056, 2.891527e-17), (15.36056, -0.09212599), (15.36056, 2.891527e-17), (15.19056, -0.09212599), (15.19056, -0.1807116), (15.36056, -0.1807116), (15.19056, -0.09212599), (15.36056, -0.1807116), (15.36056, -0.09212599), (15.19056, -0.1807116), (15.19056, -0.2623526), (15.36056, -0.2623526), (15.19056, -0.1807116), (15.36056, -0.2623526), (15.36056, -0.1807116), (15.19056, -0.2623526), (15.19056, -0.3339115), (15.36056, -0.3339115), (15.19056, -0.2623526), (15.36056, -0.3339115), (15.36056, -0.2623526), (15.19056, 6.266088), (15.19056, 6.337647), (15.36056, 6.337647), (15.19056, 6.266088), (15.36056, 6.337647), (15.36056, 6.266088), (15.19056, 6.337647), (15.19056, 6.419288), (15.36056, 6.419288), (15.19056, 6.337647), (15.36056, 6.419288), (15.36056, 6.337647), (15.19056, 6.419288), (15.19056, 6.507874), (15.36056, 6.507874), (15.19056, 6.419288), (15.36056, 6.507874), (15.36056, 6.419288), (15.19056, 6.507874), (15.19056, 6.6), (15.36056, 6.6), (15.19056, 6.507874), (15.36056, 6.6), (15.36056, 6.507874), (15.19056, 6.6), (15.19056, 6.692126), (15.36056, 6.692126), (15.19056, 6.6), (15.36056, 6.692126), (15.36056, 6.6), (15.19056, 6.692126), (15.19056, 6.780712), (15.36056, 6.780712), (15.19056, 6.692126), (15.36056, 6.780712), (15.36056, 6.692126), (15.19056, 6.780712), (15.19056, 6.862353), (15.36056, 6.862353), (15.19056, 6.780712), (15.36056, 6.862353), (15.36056, 6.780712), (15.19056, 6.862353), (15.19056, 6.933912), (15.36056, 6.933912), (15.19056, 6.862353), (15.36056, 6.933912), (15.36056, 6.862353), (15.19056, -0.3339115), (15.19056, -0.2623526), (15.36056, -0.2623526), (15.19056, -0.3339115), (15.36056, -0.2623526), (15.36056, -0.3339115), (15.19056, -0.2623526), (15.19056, -0.1807116), (15.36056, -0.1807116), (15.19056, -0.2623526), (15.36056, -0.1807116), (15.36056, -0.2623526), (15.19056, -0.1807116), (15.19056, -0.09212599), (15.36056, -0.09212599), (15.19056, -0.1807116), (15.36056, -0.09212599), (15.36056, -0.1807116), (15.19056, -0.09212599), (15.19056, -8.674581e-17), (15.36056, -8.674581e-17), (15.19056, -0.09212599), (15.36056, -8.674581e-17), (15.36056, -0.09212599), (15.19056, -8.674581e-17), (15.19056, 0.09212599), (15.36056, 0.09212599), (15.19056, -8.674581e-17), (15.36056, 0.09212599), (15.36056, -8.674581e-17), (15.19056, 0.09212599), (15.19056, 0.1807116), (15.36056, 0.1807116), (15.19056, 0.09212599), (15.36056, 0.1807116), (15.36056, 0.09212599), (15.19056, 0.1807116), (15.19056, 0.2623526), (15.36056, 0.2623526), (15.19056, 0.1807116), (15.36056, 0.2623526), (15.36056, 0.1807116), (15.19056, 0.2623526), (15.19056, 0.3339115), (15.36056, 0.3339115), (15.19056, 0.2623526), (15.36056, 0.3339115), (15.36056, 0.2623526), (15.19056, 6.933912), (15.19056, 6.862353), (15.36056, 6.862353), (15.19056, 6.933912), (15.36056, 6.862353), (15.36056, 6.933912), (15.19056, 6.862353), (15.19056, 6.780712), (15.36056, 6.780712), (15.19056, 6.862353), (15.36056, 6.780712), (15.36056, 6.862353), (15.19056, 6.780712), (15.19056, 6.692126), (15.36056, 6.692126), (15.19056, 6.780712), (15.36056, 6.692126), (15.36056, 6.780712), (15.19056, 6.692126), (15.19056, 6.6), (15.36056, 6.6), (15.19056, 6.692126), (15.36056, 6.6), (15.36056, 6.692126)] (interpolation = "faceVarying")
        }
        def Mesh "HexSocket_02" (prepend apiSchemas = ["MaterialBindingAPI"])
        {
            uniform token subdivisionScheme = "none"
            uniform token orientation = "rightHanded"
            bool doubleSided = false
            point3f[] points = [(0.1382004, 0.0594, 0.0018275), (0.1382004, 0.05781734, 0.00091375), (0.1382004, 0.05781734, -0.00091375), (0.1382004, 0.0594, -0.0018275), (0.1382004, 0.06098266, -0.00091375), (0.1382004, 0.06098266, 0.00091375), (0.1382641, 0.0594, 0.0018275), (0.1382641, 0.05781734, 0.00091375), (0.1382641, 0.05781734, -0.00091375), (0.1382641, 0.0594, -0.0018275), (0.1382641, 0.06098266, -0.00091375), (0.1382641, 0.06098266, 0.00091375), (0.1382004, 0.0594, 0.0018275), (0.1382004, 0.05781734, 0.00091375), (0.1382004, 0.05781734, -0.00091375), (0.1382004, 0.0594, -0.0018275), (0.1382004, 0.06098266, -0.00091375), (0.1382004, 0.06098266, 0.00091375), (0.1382641, 0.0594, 0.0018275), (0.1382641, 0.05781734, 0.00091375), (0.1382641, 0.05781734, -0.00091375), (0.1382641, 0.0594, -0.0018275), (0.1382641, 0.06098266, -0.00091375), (0.1382641, 0.06098266, 0.00091375)]
            int[] faceVertexCounts = [3, 3, 3, 3, 3, 3, 3, 3, 3, 3, 3, 3, 3, 3, 3, 3, 3, 3, 3, 3]
            int[] faceVertexIndices = [17, 16, 15, 17, 15, 14, 17, 14, 13, 17, 13, 12, 18, 19, 20, 18, 20, 21, 18, 21, 22, 18, 22, 23, 0, 1, 7, 0, 7, 6, 1, 2, 8, 1, 8, 7, 2, 3, 9, 2, 9, 8, 3, 4, 10, 3, 10, 9, 4, 5, 11, 4, 11, 10, 5, 0, 6, 5, 6, 11]
            normal3f[] normals = [(0, -0.1889822, 0.9819805), (0, -0.9449112, 0.3273268), (0, -0.7559289, -0.6546537), (0, 0.1889822, -0.9819805), (0, 0.9449112, -0.3273268), (0, 0.7559289, 0.6546537), (0, 0.1889822, 0.9819805), (0, -0.7559289, 0.6546537), (0, -0.9449112, -0.3273268), (0, -0.1889822, -0.9819805), (0, 0.7559289, -0.6546537), (0, 0.9449112, 0.3273268), (-1, 0, 0), (-1, 0, 0), (-1, 0, 0), (-1, 0, 0), (-1, 0, 0), (-1, 0, 0), (1, 0, 0), (1, 0, 0), (1, 0, 0), (1, 0, 0), (1, 0, 0), (1, 0, 0)] (interpolation = "vertex")
            float3[] extent = [(0.1382004, 0.05781734, -0.0018275), (0.1382641, 0.06098266, 0.0018275)]
            rel material:binding = </WorkbenchPart/Materials/seam>
        }
        def Mesh "LegHingeLink_02" (prepend apiSchemas = ["MaterialBindingAPI"])
        {
            uniform token subdivisionScheme = "none"
            uniform token orientation = "rightHanded"
            bool doubleSided = false
            point3f[] points = [(0.1178, 0.0594, 0.0035), (0.1173432, 0.0594, 0.003470057), (0.1168941, 0.0594, 0.00338074), (0.1164606, 0.0594, 0.003233578), (0.11605, 0.0594, 0.003031089), (0.1156693, 0.0594, 0.002776737), (0.1153251, 0.0594, 0.002474874), (0.1150233, 0.0594, 0.002130665), (0.1147689, 0.0594, 0.00175), (0.1145664, 0.0594, 0.001339392), (0.1144193, 0.0594, 0.0009058667), (0.1143299, 0.0594, 0.0004568417), (0.1143, 0.0594, 2.143132e-19), (0.1143299, 0.0594, -0.0004568417), (0.1144193, 0.0594, -0.0009058667), (0.1145664, 0.0594, -0.001339392), (0.1147689, 0.0594, -0.00175), (0.1150233, 0.0594, -0.002130665), (0.1153251, 0.0594, -0.002474874), (0.1156693, 0.0594, -0.002776737), (0.11605, 0.0594, -0.003031089), (0.1164606, 0.0594, -0.003233578), (0.1168941, 0.0594, -0.00338074), (0.1173432, 0.0594, -0.003470057), (0.1178, 0.0594, -0.0035), (0.1182568, 0.0594, -0.003470057), (0.1187059, 0.0594, -0.00338074), (0.1191394, 0.0594, -0.003233578), (0.11955, 0.0594, -0.003031089), (0.1199307, 0.0594, -0.002776737), (0.1202749, 0.0594, -0.002474874), (0.1205767, 0.0594, -0.002130665), (0.1208311, 0.0594, -0.00175), (0.1210336, 0.0594, -0.001339392), (0.1211807, 0.0594, -0.0009058667), (0.1212701, 0.0594, -0.0004568417), (0.1213, 0.0594, -6.429396e-19), (0.1212701, 0.0594, 0.0004568417), (0.1211807, 0.0594, 0.0009058667), (0.1210336, 0.0594, 0.001339392), (0.1208311, 0.0594, 0.00175), (0.1205767, 0.0594, 0.002130665), (0.1202749, 0.0594, 0.002474874), (0.1199307, 0.0594, 0.002776737), (0.11955, 0.0594, 0.003031089), (0.1191394, 0.0594, 0.003233578), (0.1187059, 0.0594, 0.00338074), (0.1182568, 0.0594, 0.003470057), (0.1178, 0.0484, 0.0035), (0.1173432, 0.0484, 0.003470057), (0.1168941, 0.0484, 0.00338074), (0.1164606, 0.0484, 0.003233578), (0.11605, 0.0484, 0.003031089), (0.1156693, 0.0484, 0.002776737), (0.1153251, 0.0484, 0.002474874), (0.1150233, 0.0484, 0.002130665), (0.1147689, 0.0484, 0.00175), (0.1145664, 0.0484, 0.001339392), (0.1144193, 0.0484, 0.0009058667), (0.1143299, 0.0484, 0.0004568417), (0.1143, 0.0484, 2.143132e-19), (0.1143299, 0.0484, -0.0004568417), (0.1144193, 0.0484, -0.0009058667), (0.1145664, 0.0484, -0.001339392), (0.1147689, 0.0484, -0.00175), (0.1150233, 0.0484, -0.002130665), (0.1153251, 0.0484, -0.002474874), (0.1156693, 0.0484, -0.002776737), (0.11605, 0.0484, -0.003031089), (0.1164606, 0.0484, -0.003233578), (0.1168941, 0.0484, -0.00338074), (0.1173432, 0.0484, -0.003470057), (0.1178, 0.0484, -0.0035), (0.1182568, 0.0484, -0.003470057), (0.1187059, 0.0484, -0.00338074), (0.1191394, 0.0484, -0.003233578), (0.11955, 0.0484, -0.003031089), (0.1199307, 0.0484, -0.002776737), (0.1202749, 0.0484, -0.002474874), (0.1205767, 0.0484, -0.002130665), (0.1208311, 0.0484, -0.00175), (0.1210336, 0.0484, -0.001339392), (0.1211807, 0.0484, -0.0009058667), (0.1212701, 0.0484, -0.0004568417), (0.1213, 0.0484, -6.429396e-19), (0.1212701, 0.0484, 0.0004568417), (0.1211807, 0.0484, 0.0009058667), (0.1210336, 0.0484, 0.001339392), (0.1208311, 0.0484, 0.00175), (0.1205767, 0.0484, 0.002130665), (0.1202749, 0.0484, 0.002474874), (0.1199307, 0.0484, 0.002776737), (0.11955, 0.0484, 0.003031089), (0.1191394, 0.0484, 0.003233578), (0.1187059, 0.0484, 0.00338074), (0.1182568, 0.0484, 0.003470057), (0.1178, 0.0594, 0.0035), (0.1173432, 0.0594, 0.003470057), (0.1168941, 0.0594, 0.00338074), (0.1164606, 0.0594, 0.003233578), (0.11605, 0.0594, 0.003031089), (0.1156693, 0.0594, 0.002776737), (0.1153251, 0.0594, 0.002474874), (0.1150233, 0.0594, 0.002130665), (0.1147689, 0.0594, 0.00175), (0.1145664, 0.0594, 0.001339392), (0.1144193, 0.0594, 0.0009058667), (0.1143299, 0.0594, 0.0004568417), (0.1143, 0.0594, 2.143132e-19), (0.1143299, 0.0594, -0.0004568417), (0.1144193, 0.0594, -0.0009058667), (0.1145664, 0.0594, -0.001339392), (0.1147689, 0.0594, -0.00175), (0.1150233, 0.0594, -0.002130665), (0.1153251, 0.0594, -0.002474874), (0.1156693, 0.0594, -0.002776737), (0.11605, 0.0594, -0.003031089), (0.1164606, 0.0594, -0.003233578), (0.1168941, 0.0594, -0.00338074), (0.1173432, 0.0594, -0.003470057), (0.1178, 0.0594, -0.0035), (0.1182568, 0.0594, -0.003470057), (0.1187059, 0.0594, -0.00338074), (0.1191394, 0.0594, -0.003233578), (0.11955, 0.0594, -0.003031089), (0.1199307, 0.0594, -0.002776737), (0.1202749, 0.0594, -0.002474874), (0.1205767, 0.0594, -0.002130665), (0.1208311, 0.0594, -0.00175), (0.1210336, 0.0594, -0.001339392), (0.1211807, 0.0594, -0.0009058667), (0.1212701, 0.0594, -0.0004568417), (0.1213, 0.0594, -6.429396e-19), (0.1212701, 0.0594, 0.0004568417), (0.1211807, 0.0594, 0.0009058667), (0.1210336, 0.0594, 0.001339392), (0.1208311, 0.0594, 0.00175), (0.1205767, 0.0594, 0.002130665), (0.1202749, 0.0594, 0.002474874), (0.1199307, 0.0594, 0.002776737), (0.11955, 0.0594, 0.003031089), (0.1191394, 0.0594, 0.003233578), (0.1187059, 0.0594, 0.00338074), (0.1182568, 0.0594, 0.003470057), (0.1178, 0.0484, 0.0035), (0.1173432, 0.0484, 0.003470057), (0.1168941, 0.0484, 0.00338074), (0.1164606, 0.0484, 0.003233578), (0.11605, 0.0484, 0.003031089), (0.1156693, 0.0484, 0.002776737), (0.1153251, 0.0484, 0.002474874), (0.1150233, 0.0484, 0.002130665), (0.1147689, 0.0484, 0.00175), (0.1145664, 0.0484, 0.001339392), (0.1144193, 0.0484, 0.0009058667), (0.1143299, 0.0484, 0.0004568417), (0.1143, 0.0484, 2.143132e-19), (0.1143299, 0.0484, -0.0004568417), (0.1144193, 0.0484, -0.0009058667), (0.1145664, 0.0484, -0.001339392), (0.1147689, 0.0484, -0.00175), (0.1150233, 0.0484, -0.002130665), (0.1153251, 0.0484, -0.002474874), (0.1156693, 0.0484, -0.002776737), (0.11605, 0.0484, -0.003031089), (0.1164606, 0.0484, -0.003233578), (0.1168941, 0.0484, -0.00338074), (0.1173432, 0.0484, -0.003470057), (0.1178, 0.0484, -0.0035), (0.1182568, 0.0484, -0.003470057), (0.1187059, 0.0484, -0.00338074), (0.1191394, 0.0484, -0.003233578), (0.11955, 0.0484, -0.003031089), (0.1199307, 0.0484, -0.002776737), (0.1202749, 0.0484, -0.002474874), (0.1205767, 0.0484, -0.002130665), (0.1208311, 0.0484, -0.00175), (0.1210336, 0.0484, -0.001339392), (0.1211807, 0.0484, -0.0009058667), (0.1212701, 0.0484, -0.0004568417), (0.1213, 0.0484, -6.429396e-19), (0.1212701, 0.0484, 0.0004568417), (0.1211807, 0.0484, 0.0009058667), (0.1210336, 0.0484, 0.001339392), (0.1208311, 0.0484, 0.00175), (0.1205767, 0.0484, 0.002130665), (0.1202749, 0.0484, 0.002474874), (0.1199307, 0.0484, 0.002776737), (0.11955, 0.0484, 0.003031089), (0.1191394, 0.0484, 0.003233578), (0.1187059, 0.0484, 0.00338074), (0.1182568, 0.0484, 0.003470057)]
            int[] faceVertexCounts = [3, 3, 3, 3, 3, 3, 3, 3, 3, 3, 3, 3, 3, 3, 3, 3, 3, 3, 3, 3, 3, 3, 3, 3, 3, 3, 3, 3, 3, 3, 3, 3, 3, 3, 3, 3, 3, 3, 3, 3, 3, 3, 3, 3, 3, 3, 3, 3, 3, 3, 3, 3, 3, 3, 3, 3, 3, 3, 3, 3, 3, 3, 3, 3, 3, 3, 3, 3, 3, 3, 3, 3, 3, 3, 3, 3, 3, 3, 3, 3, 3, 3, 3, 3, 3, 3, 3, 3, 3, 3, 3, 3, 3, 3, 3, 3, 3, 3, 3, 3, 3, 3, 3, 3, 3, 3, 3, 3, 3, 3, 3, 3, 3, 3, 3, 3, 3, 3, 3, 3, 3, 3, 3, 3, 3, 3, 3, 3, 3, 3, 3, 3, 3, 3, 3, 3, 3, 3, 3, 3, 3, 3, 3, 3, 3, 3, 3, 3, 3, 3, 3, 3, 3, 3, 3, 3, 3, 3, 3, 3, 3, 3, 3, 3, 3, 3, 3, 3, 3, 3, 3, 3, 3, 3, 3, 3, 3, 3, 3, 3, 3, 3, 3, 3, 3, 3, 3, 3]
            int[] faceVertexIndices = [143, 142, 141, 143, 141, 140, 143, 140, 139, 143, 139, 138, 143, 138, 137, 143, 137, 136, 143, 136, 135, 143, 135, 134, 143, 134, 133, 143, 133, 132, 143, 132, 131, 143, 131, 130, 143, 130, 129, 143, 129, 128, 143, 128, 127, 143, 127, 126, 143, 126, 125, 143, 125, 124, 143, 124, 123, 143, 123, 122, 143, 122, 121, 143, 121, 120, 143, 120, 119, 143, 119, 118, 143, 118, 117, 143, 117, 116, 143, 116, 115, 143, 115, 114, 143, 114, 113, 143, 113, 112, 143, 112, 111, 143, 111, 110, 143, 110, 109, 143, 109, 108, 143, 108, 107, 143, 107, 106, 143, 106, 105, 143, 105, 104, 143, 104, 103, 143, 103, 102, 143, 102, 101, 143, 101, 100, 143, 100, 99, 143, 99, 98, 143, 98, 97, 143, 97, 96, 144, 145, 146, 144, 146, 147, 144, 147, 148, 144, 148, 149, 144, 149, 150, 144, 150, 151, 144, 151, 152, 144, 152, 153, 144, 153, 154, 144, 154, 155, 144, 155, 156, 144, 156, 157, 144, 157, 158, 144, 158, 159, 144, 159, 160, 144, 160, 161, 144, 161, 162, 144, 162, 163, 144, 163, 164, 144, 164, 165, 144, 165, 166, 144, 166, 167, 144, 167, 168, 144, 168, 169, 144, 169, 170, 144, 170, 171, 144, 171, 172, 144, 172, 173, 144, 173, 174, 144, 174, 175, 144, 175, 176, 144, 176, 177, 144, 177, 178, 144, 178, 179, 144, 179, 180, 144, 180, 181, 144, 181, 182, 144, 182, 183, 144, 183, 184, 144, 184, 185, 144, 185, 186, 144, 186, 187, 144, 187, 188, 144, 188, 189, 144, 189, 190, 144, 190, 191, 0, 1, 49, 0, 49, 48, 1, 2, 50, 1, 50, 49, 2, 3, 51, 2, 51, 50, 3, 4, 52, 3, 52, 51, 4, 5, 53, 4, 53, 52, 5, 6, 54, 5, 54, 53, 6, 7, 55, 6, 55, 54, 7, 8, 56, 7, 56, 55, 8, 9, 57, 8, 57, 56, 9, 10, 58, 9, 58, 57, 10, 11, 59, 10, 59, 58, 11, 12, 60, 11, 60, 59, 12, 13, 61, 12, 61, 60, 13, 14, 62, 13, 62, 61, 14, 15, 63, 14, 63, 62, 15, 16, 64, 15, 64, 63, 16, 17, 65, 16, 65, 64, 17, 18, 66, 17, 66, 65, 18, 19, 67, 18, 67, 66, 19, 20, 68, 19, 68, 67, 20, 21, 69, 20, 69, 68, 21, 22, 70, 21, 70, 69, 22, 23, 71, 22, 71, 70, 23, 24, 72, 23, 72, 71, 24, 25, 73, 24, 73, 72, 25, 26, 74, 25, 74, 73, 26, 27, 75, 26, 75, 74, 27, 28, 76, 27, 76, 75, 28, 29, 77, 28, 77, 76, 29, 30, 78, 29, 78, 77, 30, 31, 79, 30, 79, 78, 31, 32, 80, 31, 80, 79, 32, 33, 81, 32, 81, 80, 33, 34, 82, 33, 82, 81, 34, 35, 83, 34, 83, 82, 35, 36, 84, 35, 84, 83, 36, 37, 85, 36, 85, 84, 37, 38, 86, 37, 86, 85, 38, 39, 87, 38, 87, 86, 39, 40, 88, 39, 88, 87, 40, 41, 89, 40, 89, 88, 41, 42, 90, 41, 90, 89, 42, 43, 91, 42, 91, 90, 43, 44, 92, 43, 92, 91, 44, 45, 93, 44, 93, 92, 45, 46, 94, 45, 94, 93, 46, 47, 95, 46, 95, 94, 47, 0, 48, 47, 48, 95]
            normal3f[] normals = [(-0.02184261, 0, 0.9997614), (-0.1521508, 0, 0.9883573), (-0.2798556, 0, 0.9600421), (-0.4027721, 0, 0.9153003), (-0.518797, 0, 0.8548975), (-0.6259451, 0, 0.7798671), (-0.7223831, 0, 0.691493), (-0.806461, 0, 0.5912873), (-0.8767401, 0, 0.4809645), (-0.9320179, 0, 0.3624122), (-0.9713487, 0, 0.237659), (-0.9940594, 0, 0.1088393), (-0.9997614, 0, -0.02184261), (-0.9883573, 0, -0.1521508), (-0.9600421, 0, -0.2798556), (-0.9153003, 0, -0.4027721), (-0.8548975, 0, -0.518797), (-0.7798671, 0, -0.6259451), (-0.691493, 0, -0.7223831), (-0.5912873, 0, -0.806461), (-0.4809645, 0, -0.8767401), (-0.3624122, 0, -0.9320179), (-0.237659, 0, -0.9713487), (-0.1088393, 0, -0.9940594), (0.02184261, 0, -0.9997614), (0.1521508, 0, -0.9883573), (0.2798556, 0, -0.9600421), (0.4027721, 0, -0.9153003), (0.518797, 0, -0.8548975), (0.6259451, 0, -0.7798671), (0.7223831, 0, -0.691493), (0.806461, 0, -0.5912873), (0.8767401, 0, -0.4809645), (0.9320179, 0, -0.3624122), (0.9713487, 0, -0.237659), (0.9940594, 0, -0.1088393), (0.9997614, 0, 0.02184261), (0.9883573, 0, 0.1521508), (0.9600421, 0, 0.2798556), (0.9153003, 0, 0.4027721), (0.8548975, 0, 0.518797), (0.7798671, 0, 0.6259451), (0.691493, 0, 0.7223831), (0.5912873, 0, 0.806461), (0.4809645, 0, 0.8767401), (0.3624122, 0, 0.9320179), (0.237659, 0, 0.9713487), (0.1088393, 0, 0.9940594), (0.02184261, 0, 0.9997614), (-0.1088393, 0, 0.9940594), (-0.237659, 0, 0.9713487), (-0.3624122, 0, 0.9320179), (-0.4809645, 0, 0.8767401), (-0.5912873, 0, 0.806461), (-0.691493, 0, 0.7223831), (-0.7798671, 0, 0.6259451), (-0.8548975, 0, 0.518797), (-0.9153003, 0, 0.4027721), (-0.9600421, 0, 0.2798556), (-0.9883573, 0, 0.1521508), (-0.9997614, 0, 0.02184261), (-0.9940594, 0, -0.1088393), (-0.9713487, 0, -0.237659), (-0.9320179, 0, -0.3624122), (-0.8767401, 0, -0.4809645), (-0.806461, 0, -0.5912873), (-0.7223831, 0, -0.691493), (-0.6259451, 0, -0.7798671), (-0.518797, 0, -0.8548975), (-0.4027721, 0, -0.9153003), (-0.2798556, 0, -0.9600421), (-0.1521508, 0, -0.9883573), (-0.02184261, 0, -0.9997614), (0.1088393, 0, -0.9940594), (0.237659, 0, -0.9713487), (0.3624122, 0, -0.9320179), (0.4809645, 0, -0.8767401), (0.5912873, 0, -0.806461), (0.691493, 0, -0.7223831), (0.7798671, 0, -0.6259451), (0.8548975, 0, -0.518797), (0.9153003, 0, -0.4027721), (0.9600421, 0, -0.2798556), (0.9883573, 0, -0.1521508), (0.9997614, 0, -0.02184261), (0.9940594, 0, 0.1088393), (0.9713487, 0, 0.237659), (0.9320179, 0, 0.3624122), (0.8767401, 0, 0.4809645), (0.806461, 0, 0.5912873), (0.7223831, 0, 0.691493), (0.6259451, 0, 0.7798671), (0.518797, 0, 0.8548975), (0.4027721, 0, 0.9153003), (0.2798556, 0, 0.9600421), (0.1521508, 0, 0.9883573), (0, 1, 0), (0, 1, 0), (0, 1, 0), (0, 1, 0), (0, 1, 0), (0, 1, 0), (0, 1, 0), (0, 1, 0), (0, 1, 0), (0, 1, 0), (0, 1, 0), (0, 1, 0), (0, 1, 0), (0, 1, 0), (0, 1, 0), (0, 1, 0), (0, 1, 0), (0, 1, 0), (0, 1, 0), (0, 1, 0), (0, 1, 0), (0, 1, 0), (0, 1, 0), (0, 1, 0), (0, 1, 0), (0, 1, 0), (0, 1, 0), (0, 1, 0), (0, 1, 0), (0, 1, 0), (0, 1, 0), (0, 1, 0), (0, 1, 0), (0, 1, 0), (0, 1, 0), (0, 1, 0), (0, 1, 0), (0, 1, 0), (0, 1, 0), (0, 1, 0), (0, 1, 0), (0, 1, 0), (0, 1, 0), (0, 1, 0), (0, 1, 0), (0, 1, 0), (0, 1, 0), (0, 1, 0), (0, -1, 0), (0, -1, 0), (0, -1, 0), (0, -1, 0), (0, -1, 0), (0, -1, 0), (0, -1, 0), (0, -1, 0), (0, -1, 0), (0, -1, 0), (0, -1, 0), (0, -1, 0), (0, -1, 0), (0, -1, 0), (0, -1, 0), (0, -1, 0), (0, -1, 0), (0, -1, 0), (0, -1, 0), (0, -1, 0), (0, -1, 0), (0, -1, 0), (0, -1, 0), (0, -1, 0), (0, -1, 0), (0, -1, 0), (0, -1, 0), (0, -1, 0), (0, -1, 0), (0, -1, 0), (0, -1, 0), (0, -1, 0), (0, -1, 0), (0, -1, 0), (0, -1, 0), (0, -1, 0), (0, -1, 0), (0, -1, 0), (0, -1, 0), (0, -1, 0), (0, -1, 0), (0, -1, 0), (0, -1, 0), (0, -1, 0), (0, -1, 0), (0, -1, 0), (0, -1, 0), (0, -1, 0)] (interpolation = "vertex")
            float3[] extent = [(0.1143, 0.0484, -0.0035), (0.1213, 0.0594, 0.0035)]
            rel material:binding = </WorkbenchPart/Materials/alloy>
            texCoord2f[] primvars:st = [(13.13965, 0.3855619), (13.18954, 0.3756378), (13.23771, 0.3592865), (13.13965, 0.3855619), (13.23771, 0.3592865), (13.28333, 0.3367877), (13.13965, 0.3855619), (13.28333, 0.3367877), (13.32563, 0.3085263), (13.13965, 0.3855619), (13.32563, 0.3085263), (13.36387, 0.274986), (13.13965, 0.3855619), (13.36387, 0.274986), (13.39742, 0.2367406), (13.13965, 0.3855619), (13.39742, 0.2367406), (13.42568, 0.1944444), (13.13965, 0.3855619), (13.42568, 0.1944444), (13.44818, 0.1488213), (13.13965, 0.3855619), (13.44818, 0.1488213), (13.46453, 0.1006519), (13.13965, 0.3855619), (13.46453, 0.1006519), (13.47445, 0.05076019), (13.13965, 0.3855619), (13.47445, 0.05076019), (13.47778, -7.143773e-17), (13.13965, 0.3855619), (13.47778, -7.143773e-17), (13.47445, -0.05076019), (13.13965, 0.3855619), (13.47445, -0.05076019), (13.46453, -0.1006519), (13.13965, 0.3855619), (13.46453, -0.1006519), (13.44818, -0.1488213), (13.13965, 0.3855619), (13.44818, -0.1488213), (13.42568, -0.1944444), (13.13965, 0.3855619), (13.42568, -0.1944444), (13.39742, -0.2367406), (13.13965, 0.3855619), (13.39742, -0.2367406), (13.36387, -0.274986), (13.13965, 0.3855619), (13.36387, -0.274986), (13.32563, -0.3085263), (13.13965, 0.3855619), (13.32563, -0.3085263), (13.28333, -0.3367877), (13.13965, 0.3855619), (13.28333, -0.3367877), (13.23771, -0.3592865), (13.13965, 0.3855619), (13.23771, -0.3592865), (13.18954, -0.3756378), (13.13965, 0.3855619), (13.18954, -0.3756378), (13.13965, -0.3855619), (13.13965, 0.3855619), (13.13965, -0.3855619), (13.08889, -0.3888889), (13.13965, 0.3855619), (13.08889, -0.3888889), (13.03813, -0.3855619), (13.13965, 0.3855619), (13.03813, -0.3855619), (12.98824, -0.3756378), (13.13965, 0.3855619), (12.98824, -0.3756378), (12.94007, -0.3592865), (13.13965, 0.3855619), (12.94007, -0.3592865), (12.89444, -0.3367877), (13.13965, 0.3855619), (12.89444, -0.3367877), (12.85215, -0.3085263), (13.13965, 0.3855619), (12.85215, -0.3085263), (12.8139, -0.274986), (13.13965, 0.3855619), (12.8139, -0.274986), (12.78036, -0.2367406), (13.13965, 0.3855619), (12.78036, -0.2367406), (12.7521, -0.1944444), (13.13965, 0.3855619), (12.7521, -0.1944444), (12.7296, -0.1488213), (13.13965, 0.3855619), (12.7296, -0.1488213), (12.71325, -0.1006519), (13.13965, 0.3855619), (12.71325, -0.1006519), (12.70333, -0.05076019), (13.13965, 0.3855619), (12.70333, -0.05076019), (12.7, 2.381258e-17), (13.13965, 0.3855619), (12.7, 2.381258e-17), (12.70333, 0.05076019), (13.13965, 0.3855619), (12.70333, 0.05076019), (12.71325, 0.1006519), (13.13965, 0.3855619), (12.71325, 0.1006519), (12.7296, 0.1488213), (13.13965, 0.3855619), (12.7296, 0.1488213), (12.7521, 0.1944444), (13.13965, 0.3855619), (12.7521, 0.1944444), (12.78036, 0.2367406), (13.13965, 0.3855619), (12.78036, 0.2367406), (12.8139, 0.274986), (13.13965, 0.3855619), (12.8139, 0.274986), (12.85215, 0.3085263), (13.13965, 0.3855619), (12.85215, 0.3085263), (12.89444, 0.3367877), (13.13965, 0.3855619), (12.89444, 0.3367877), (12.94007, 0.3592865), (13.13965, 0.3855619), (12.94007, 0.3592865), (12.98824, 0.3756378), (13.13965, 0.3855619), (12.98824, 0.3756378), (13.03813, 0.3855619), (13.13965, 0.3855619), (13.03813, 0.3855619), (13.08889, 0.3888889), (13.08889, 0.3888889), (13.03813, 0.3855619), (12.98824, 0.3756378), (13.08889, 0.3888889), (12.98824, 0.3756378), (12.94007, 0.3592865), (13.08889, 0.3888889), (12.94007, 0.3592865), (12.89444, 0.3367877), (13.08889, 0.3888889), (12.89444, 0.3367877), (12.85215, 0.3085263), (13.08889, 0.3888889), (12.85215, 0.3085263), (12.8139, 0.274986), (13.08889, 0.3888889), (12.8139, 0.274986), (12.78036, 0.2367406), (13.08889, 0.3888889), (12.78036, 0.2367406), (12.7521, 0.1944444), (13.08889, 0.3888889), (12.7521, 0.1944444), (12.7296, 0.1488213), (13.08889, 0.3888889), (12.7296, 0.1488213), (12.71325, 0.1006519), (13.08889, 0.3888889), (12.71325, 0.1006519), (12.70333, 0.05076019), (13.08889, 0.3888889), (12.70333, 0.05076019), (12.7, 2.381258e-17), (13.08889, 0.3888889), (12.7, 2.381258e-17), (12.70333, -0.05076019), (13.08889, 0.3888889), (12.70333, -0.05076019), (12.71325, -0.1006519), (13.08889, 0.3888889), (12.71325, -0.1006519), (12.7296, -0.1488213), (13.08889, 0.3888889), (12.7296, -0.1488213), (12.7521, -0.1944444), (13.08889, 0.3888889), (12.7521, -0.1944444), (12.78036, -0.2367406), (13.08889, 0.3888889), (12.78036, -0.2367406), (12.8139, -0.274986), (13.08889, 0.3888889), (12.8139, -0.274986), (12.85215, -0.3085263), (13.08889, 0.3888889), (12.85215, -0.3085263), (12.89444, -0.3367877), (13.08889, 0.3888889), (12.89444, -0.3367877), (12.94007, -0.3592865), (13.08889, 0.3888889), (12.94007, -0.3592865), (12.98824, -0.3756378), (13.08889, 0.3888889), (12.98824, -0.3756378), (13.03813, -0.3855619), (13.08889, 0.3888889), (13.03813, -0.3855619), (13.08889, -0.3888889), (13.08889, 0.3888889), (13.08889, -0.3888889), (13.13965, -0.3855619), (13.08889, 0.3888889), (13.13965, -0.3855619), (13.18954, -0.3756378), (13.08889, 0.3888889), (13.18954, -0.3756378), (13.23771, -0.3592865), (13.08889, 0.3888889), (13.23771, -0.3592865), (13.28333, -0.3367877), (13.08889, 0.3888889), (13.28333, -0.3367877), (13.32563, -0.3085263), (13.08889, 0.3888889), (13.32563, -0.3085263), (13.36387, -0.274986), (13.08889, 0.3888889), (13.36387, -0.274986), (13.39742, -0.2367406), (13.08889, 0.3888889), (13.39742, -0.2367406), (13.42568, -0.1944444), (13.08889, 0.3888889), (13.42568, -0.1944444), (13.44818, -0.1488213), (13.08889, 0.3888889), (13.44818, -0.1488213), (13.46453, -0.1006519), (13.08889, 0.3888889), (13.46453, -0.1006519), (13.47445, -0.05076019), (13.08889, 0.3888889), (13.47445, -0.05076019), (13.47778, -7.143773e-17), (13.08889, 0.3888889), (13.47778, -7.143773e-17), (13.47445, 0.05076019), (13.08889, 0.3888889), (13.47445, 0.05076019), (13.46453, 0.1006519), (13.08889, 0.3888889), (13.46453, 0.1006519), (13.44818, 0.1488213), (13.08889, 0.3888889), (13.44818, 0.1488213), (13.42568, 0.1944444), (13.08889, 0.3888889), (13.42568, 0.1944444), (13.39742, 0.2367406), (13.08889, 0.3888889), (13.39742, 0.2367406), (13.36387, 0.274986), (13.08889, 0.3888889), (13.36387, 0.274986), (13.32563, 0.3085263), (13.08889, 0.3888889), (13.32563, 0.3085263), (13.28333, 0.3367877), (13.08889, 0.3888889), (13.28333, 0.3367877), (13.23771, 0.3592865), (13.08889, 0.3888889), (13.23771, 0.3592865), (13.18954, 0.3756378), (13.08889, 0.3888889), (13.18954, 0.3756378), (13.13965, 0.3855619), (13.08889, 6.6), (13.03813, 6.6), (13.03813, 5.377778), (13.08889, 6.6), (13.03813, 5.377778), (13.08889, 5.377778), (13.03813, 6.6), (12.98824, 6.6), (12.98824, 5.377778), (13.03813, 6.6), (12.98824, 5.377778), (13.03813, 5.377778), (12.98824, 6.6), (12.94007, 6.6), (12.94007, 5.377778), (12.98824, 6.6), (12.94007, 5.377778), (12.98824, 5.377778), (12.94007, 6.6), (12.89444, 6.6), (12.89444, 5.377778), (12.94007, 6.6), (12.89444, 5.377778), (12.94007, 5.377778), (12.89444, 6.6), (12.85215, 6.6), (12.85215, 5.377778), (12.89444, 6.6), (12.85215, 5.377778), (12.89444, 5.377778), (12.85215, 6.6), (12.8139, 6.6), (12.8139, 5.377778), (12.85215, 6.6), (12.8139, 5.377778), (12.85215, 5.377778), (6.6, 0.274986), (6.6, 0.2367406), (5.377778, 0.2367406), (6.6, 0.274986), (5.377778, 0.2367406), (5.377778, 0.274986), (6.6, 0.2367406), (6.6, 0.1944444), (5.377778, 0.1944444), (6.6, 0.2367406), (5.377778, 0.1944444), (5.377778, 0.2367406), (6.6, 0.1944444), (6.6, 0.1488213), (5.377778, 0.1488213), (6.6, 0.1944444), (5.377778, 0.1488213), (5.377778, 0.1944444), (6.6, 0.1488213), (6.6, 0.1006519), (5.377778, 0.1006519), (6.6, 0.1488213), (5.377778, 0.1006519), (5.377778, 0.1488213), (6.6, 0.1006519), (6.6, 0.05076019), (5.377778, 0.05076019), (6.6, 0.1006519), (5.377778, 0.05076019), (5.377778, 0.1006519), (6.6, 0.05076019), (6.6, 2.381258e-17), (5.377778, 2.381258e-17), (6.6, 0.05076019), (5.377778, 2.381258e-17), (5.377778, 0.05076019), (6.6, 2.381258e-17), (6.6, -0.05076019), (5.377778, -0.05076019), (6.6, 2.381258e-17), (5.377778, -0.05076019), (5.377778, 2.381258e-17), (6.6, -0.05076019), (6.6, -0.1006519), (5.377778, -0.1006519), (6.6, -0.05076019), (5.377778, -0.1006519), (5.377778, -0.05076019), (6.6, -0.1006519), (6.6, -0.1488213), (5.377778, -0.1488213), (6.6, -0.1006519), (5.377778, -0.1488213), (5.377778, -0.1006519), (6.6, -0.1488213), (6.6, -0.1944444), (5.377778, -0.1944444), (6.6, -0.1488213), (5.377778, -0.1944444), (5.377778, -0.1488213), (6.6, -0.1944444), (6.6, -0.2367406), (5.377778, -0.2367406), (6.6, -0.1944444), (5.377778, -0.2367406), (5.377778, -0.1944444), (6.6, -0.2367406), (6.6, -0.274986), (5.377778, -0.274986), (6.6, -0.2367406), (5.377778, -0.274986), (5.377778, -0.2367406), (12.8139, 6.6), (12.85215, 6.6), (12.85215, 5.377778), (12.8139, 6.6), (12.85215, 5.377778), (12.8139, 5.377778), (12.85215, 6.6), (12.89444, 6.6), (12.89444, 5.377778), (12.85215, 6.6), (12.89444, 5.377778), (12.85215, 5.377778), (12.89444, 6.6), (12.94007, 6.6), (12.94007, 5.377778), (12.89444, 6.6), (12.94007, 5.377778), (12.89444, 5.377778), (12.94007, 6.6), (12.98824, 6.6), (12.98824, 5.377778), (12.94007, 6.6), (12.98824, 5.377778), (12.94007, 5.377778), (12.98824, 6.6), (13.03813, 6.6), (13.03813, 5.377778), (12.98824, 6.6), (13.03813, 5.377778), (12.98824, 5.377778), (13.03813, 6.6), (13.08889, 6.6), (13.08889, 5.377778), (13.03813, 6.6), (13.08889, 5.377778), (13.03813, 5.377778), (13.08889, 6.6), (13.13965, 6.6), (13.13965, 5.377778), (13.08889, 6.6), (13.13965, 5.377778), (13.08889, 5.377778), (13.13965, 6.6), (13.18954, 6.6), (13.18954, 5.377778), (13.13965, 6.6), (13.18954, 5.377778), (13.13965, 5.377778), (13.18954, 6.6), (13.23771, 6.6), (13.23771, 5.377778), (13.18954, 6.6), (13.23771, 5.377778), (13.18954, 5.377778), (13.23771, 6.6), (13.28333, 6.6), (13.28333, 5.377778), (13.23771, 6.6), (13.28333, 5.377778), (13.23771, 5.377778), (13.28333, 6.6), (13.32563, 6.6), (13.32563, 5.377778), (13.28333, 6.6), (13.32563, 5.377778), (13.28333, 5.377778), (13.32563, 6.6), (13.36387, 6.6), (13.36387, 5.377778), (13.32563, 6.6), (13.36387, 5.377778), (13.32563, 5.377778), (6.6, -0.274986), (6.6, -0.2367406), (5.377778, -0.2367406), (6.6, -0.274986), (5.377778, -0.2367406), (5.377778, -0.274986), (6.6, -0.2367406), (6.6, -0.1944444), (5.377778, -0.1944444), (6.6, -0.2367406), (5.377778, -0.1944444), (5.377778, -0.2367406), (6.6, -0.1944444), (6.6, -0.1488213), (5.377778, -0.1488213), (6.6, -0.1944444), (5.377778, -0.1488213), (5.377778, -0.1944444), (6.6, -0.1488213), (6.6, -0.1006519), (5.377778, -0.1006519), (6.6, -0.1488213), (5.377778, -0.1006519), (5.377778, -0.1488213), (6.6, -0.1006519), (6.6, -0.05076019), (5.377778, -0.05076019), (6.6, -0.1006519), (5.377778, -0.05076019), (5.377778, -0.1006519), (6.6, -0.05076019), (6.6, -7.143773e-17), (5.377778, -7.143773e-17), (6.6, -0.05076019), (5.377778, -7.143773e-17), (5.377778, -0.05076019), (6.6, -7.143773e-17), (6.6, 0.05076019), (5.377778, 0.05076019), (6.6, -7.143773e-17), (5.377778, 0.05076019), (5.377778, -7.143773e-17), (6.6, 0.05076019), (6.6, 0.1006519), (5.377778, 0.1006519), (6.6, 0.05076019), (5.377778, 0.1006519), (5.377778, 0.05076019), (6.6, 0.1006519), (6.6, 0.1488213), (5.377778, 0.1488213), (6.6, 0.1006519), (5.377778, 0.1488213), (5.377778, 0.1006519), (6.6, 0.1488213), (6.6, 0.1944444), (5.377778, 0.1944444), (6.6, 0.1488213), (5.377778, 0.1944444), (5.377778, 0.1488213), (6.6, 0.1944444), (6.6, 0.2367406), (5.377778, 0.2367406), (6.6, 0.1944444), (5.377778, 0.2367406), (5.377778, 0.1944444), (6.6, 0.2367406), (6.6, 0.274986), (5.377778, 0.274986), (6.6, 0.2367406), (5.377778, 0.274986), (5.377778, 0.2367406), (13.36387, 6.6), (13.32563, 6.6), (13.32563, 5.377778), (13.36387, 6.6), (13.32563, 5.377778), (13.36387, 5.377778), (13.32563, 6.6), (13.28333, 6.6), (13.28333, 5.377778), (13.32563, 6.6), (13.28333, 5.377778), (13.32563, 5.377778), (13.28333, 6.6), (13.23771, 6.6), (13.23771, 5.377778), (13.28333, 6.6), (13.23771, 5.377778), (13.28333, 5.377778), (13.23771, 6.6), (13.18954, 6.6), (13.18954, 5.377778), (13.23771, 6.6), (13.18954, 5.377778), (13.23771, 5.377778), (13.18954, 6.6), (13.13965, 6.6), (13.13965, 5.377778), (13.18954, 6.6), (13.13965, 5.377778), (13.18954, 5.377778), (13.13965, 6.6), (13.08889, 6.6), (13.08889, 5.377778), (13.13965, 6.6), (13.08889, 5.377778), (13.13965, 5.377778)] (interpolation = "faceVarying")
        }
        def Mesh "CarbonLeg_02" (prepend apiSchemas = ["MaterialBindingAPI"])
        {
            uniform token subdivisionScheme = "none"
            uniform token orientation = "rightHanded"
            bool doubleSided = false
            point3f[] points = [(0.1178, 0.0484, 0.0025), (0.1175234, 0.04835682, 0.002484281), (0.1172504, 0.04831418, 0.00243732), (0.1169842, 0.04827262, 0.002359708), (0.1167283, 0.04823266, 0.002252422), (0.1164858, 0.04819481, 0.00211681), (0.1162599, 0.04815953, 0.001954579), (0.1160534, 0.04812728, 0.001767767), (0.1158688, 0.04809846, 0.001558725), (0.1157085, 0.04807344, 0.00133008), (0.1155745, 0.04805251, 0.001084709), (0.1154685, 0.04803596, 0.0008256977), (0.1153919, 0.04802399, 0.0005563023), (0.1153455, 0.04801674, 0.0002799112), (0.1153299, 0.04801432, 1.530808e-19), (0.1153455, 0.04801674, -0.0002799112), (0.1153919, 0.04802399, -0.0005563023), (0.1154685, 0.04803596, -0.0008256977), (0.1155745, 0.04805251, -0.001084709), (0.1157085, 0.04807344, -0.00133008), (0.1158688, 0.04809846, -0.001558725), (0.1160534, 0.04812728, -0.001767767), (0.1162599, 0.04815953, -0.001954579), (0.1164858, 0.04819481, -0.00211681), (0.1167283, 0.04823266, -0.002252422), (0.1169842, 0.04827262, -0.002359708), (0.1172504, 0.04831418, -0.00243732), (0.1175234, 0.04835682, -0.002484281), (0.1178, 0.0484, -0.0025), (0.1180766, 0.04844318, -0.002484281), (0.1183496, 0.04848582, -0.00243732), (0.1186158, 0.04852738, -0.002359708), (0.1188717, 0.04856734, -0.002252422), (0.1191142, 0.04860519, -0.00211681), (0.1193401, 0.04864047, -0.001954579), (0.1195466, 0.04867272, -0.001767767), (0.1197312, 0.04870154, -0.001558725), (0.1198915, 0.04872656, -0.00133008), (0.1200255, 0.04874749, -0.001084709), (0.1201315, 0.04876404, -0.0008256977), (0.1202081, 0.04877601, -0.0005563023), (0.1202545, 0.04878326, -0.0002799112), (0.1202701, 0.04878568, -4.592425e-19), (0.1202545, 0.04878326, 0.0002799112), (0.1202081, 0.04877601, 0.0005563023), (0.1201315, 0.04876404, 0.0008256977), (0.1200255, 0.04874749, 0.001084709), (0.1198915, 0.04872656, 0.00133008), (0.1197312, 0.04870154, 0.001558725), (0.1195466, 0.04867272, 0.001767767), (0.1193401, 0.04864047, 0.001954579), (0.1191142, 0.04860519, 0.00211681), (0.1188717, 0.04856734, 0.002252422), (0.1186158, 0.04852738, 0.002359708), (0.1183496, 0.04848582, 0.00243732), (0.1180766, 0.04844318, 0.002484281), (0.139004, -0.0874, 0.0025), (0.1387274, -0.08744318, 0.002484281), (0.1384544, -0.08748582, 0.00243732), (0.1381882, -0.08752738, 0.002359708), (0.1379323, -0.08756734, 0.002252422), (0.1376898, -0.08760519, 0.00211681), (0.1374639, -0.08764047, 0.001954579), (0.1372574, -0.08767272, 0.001767767), (0.1370728, -0.08770154, 0.001558725), (0.1369125, -0.08772656, 0.00133008), (0.1367785, -0.08774749, 0.001084709), (0.1366725, -0.08776404, 0.0008256977), (0.1365959, -0.08777601, 0.0005563023), (0.1365495, -0.08778326, 0.0002799112), (0.1365339, -0.08778568, 1.530808e-19), (0.1365495, -0.08778326, -0.0002799112), (0.1365959, -0.08777601, -0.0005563023), (0.1366725, -0.08776404, -0.0008256977), (0.1367785, -0.08774749, -0.001084709), (0.1369125, -0.08772656, -0.00133008), (0.1370728, -0.08770154, -0.001558725), (0.1372574, -0.08767272, -0.001767767), (0.1374639, -0.08764047, -0.001954579), (0.1376898, -0.08760519, -0.00211681), (0.1379323, -0.08756734, -0.002252422), (0.1381882, -0.08752738, -0.002359708), (0.1384544, -0.08748582, -0.00243732), (0.1387274, -0.08744318, -0.002484281), (0.139004, -0.0874, -0.0025), (0.1392806, -0.08735682, -0.002484281), (0.1395536, -0.08731418, -0.00243732), (0.1398198, -0.08727262, -0.002359708), (0.1400757, -0.08723266, -0.002252422), (0.1403182, -0.08719481, -0.00211681), (0.1405441, -0.08715953, -0.001954579), (0.1407506, -0.08712728, -0.001767767), (0.1409352, -0.08709846, -0.001558725), (0.1410955, -0.08707344, -0.00133008), (0.1412295, -0.08705251, -0.001084709), (0.1413355, -0.08703596, -0.0008256977), (0.1414121, -0.08702399, -0.0005563023), (0.1414585, -0.08701674, -0.0002799112), (0.1414741, -0.08701432, -4.592425e-19), (0.1414585, -0.08701674, 0.0002799112), (0.1414121, -0.08702399, 0.0005563023), (0.1413355, -0.08703596, 0.0008256977), (0.1412295, -0.08705251, 0.001084709), (0.1410955, -0.08707344, 0.00133008), (0.1409352, -0.08709846, 0.001558725), (0.1407506, -0.08712728, 0.001767767), (0.1405441, -0.08715953, 0.001954579), (0.1403182, -0.08719481, 0.00211681), (0.1400757, -0.08723266, 0.002252422), (0.1398198, -0.08727262, 0.002359708), (0.1395536, -0.08731418, 0.00243732), (0.1392806, -0.08735682, 0.002484281), (0.1178, 0.0484, 0.0025), (0.1175234, 0.04835682, 0.002484281), (0.1172504, 0.04831418, 0.00243732), (0.1169842, 0.04827262, 0.002359708), (0.1167283, 0.04823266, 0.002252422), (0.1164858, 0.04819481, 0.00211681), (0.1162599, 0.04815953, 0.001954579), (0.1160534, 0.04812728, 0.001767767), (0.1158688, 0.04809846, 0.001558725), (0.1157085, 0.04807344, 0.00133008), (0.1155745, 0.04805251, 0.001084709), (0.1154685, 0.04803596, 0.0008256977), (0.1153919, 0.04802399, 0.0005563023), (0.1153455, 0.04801674, 0.0002799112), (0.1153299, 0.04801432, 1.530808e-19), (0.1153455, 0.04801674, -0.0002799112), (0.1153919, 0.04802399, -0.0005563023), (0.1154685, 0.04803596, -0.0008256977), (0.1155745, 0.04805251, -0.001084709), (0.1157085, 0.04807344, -0.00133008), (0.1158688, 0.04809846, -0.001558725), (0.1160534, 0.04812728, -0.001767767), (0.1162599, 0.04815953, -0.001954579), (0.1164858, 0.04819481, -0.00211681), (0.1167283, 0.04823266, -0.002252422), (0.1169842, 0.04827262, -0.002359708), (0.1172504, 0.04831418, -0.00243732), (0.1175234, 0.04835682, -0.002484281), (0.1178, 0.0484, -0.0025), (0.1180766, 0.04844318, -0.002484281), (0.1183496, 0.04848582, -0.00243732), (0.1186158, 0.04852738, -0.002359708), (0.1188717, 0.04856734, -0.002252422), (0.1191142, 0.04860519, -0.00211681), (0.1193401, 0.04864047, -0.001954579), (0.1195466, 0.04867272, -0.001767767), (0.1197312, 0.04870154, -0.001558725), (0.1198915, 0.04872656, -0.00133008), (0.1200255, 0.04874749, -0.001084709), (0.1201315, 0.04876404, -0.0008256977), (0.1202081, 0.04877601, -0.0005563023), (0.1202545, 0.04878326, -0.0002799112), (0.1202701, 0.04878568, -4.592425e-19), (0.1202545, 0.04878326, 0.0002799112), (0.1202081, 0.04877601, 0.0005563023), (0.1201315, 0.04876404, 0.0008256977), (0.1200255, 0.04874749, 0.001084709), (0.1198915, 0.04872656, 0.00133008), (0.1197312, 0.04870154, 0.001558725), (0.1195466, 0.04867272, 0.001767767), (0.1193401, 0.04864047, 0.001954579), (0.1191142, 0.04860519, 0.00211681), (0.1188717, 0.04856734, 0.002252422), (0.1186158, 0.04852738, 0.002359708), (0.1183496, 0.04848582, 0.00243732), (0.1180766, 0.04844318, 0.002484281), (0.139004, -0.0874, 0.0025), (0.1387274, -0.08744318, 0.002484281), (0.1384544, -0.08748582, 0.00243732), (0.1381882, -0.08752738, 0.002359708), (0.1379323, -0.08756734, 0.002252422), (0.1376898, -0.08760519, 0.00211681), (0.1374639, -0.08764047, 0.001954579), (0.1372574, -0.08767272, 0.001767767), (0.1370728, -0.08770154, 0.001558725), (0.1369125, -0.08772656, 0.00133008), (0.1367785, -0.08774749, 0.001084709), (0.1366725, -0.08776404, 0.0008256977), (0.1365959, -0.08777601, 0.0005563023), (0.1365495, -0.08778326, 0.0002799112), (0.1365339, -0.08778568, 1.530808e-19), (0.1365495, -0.08778326, -0.0002799112), (0.1365959, -0.08777601, -0.0005563023), (0.1366725, -0.08776404, -0.0008256977), (0.1367785, -0.08774749, -0.001084709), (0.1369125, -0.08772656, -0.00133008), (0.1370728, -0.08770154, -0.001558725), (0.1372574, -0.08767272, -0.001767767), (0.1374639, -0.08764047, -0.001954579), (0.1376898, -0.08760519, -0.00211681), (0.1379323, -0.08756734, -0.002252422), (0.1381882, -0.08752738, -0.002359708), (0.1384544, -0.08748582, -0.00243732), (0.1387274, -0.08744318, -0.002484281), (0.139004, -0.0874, -0.0025), (0.1392806, -0.08735682, -0.002484281), (0.1395536, -0.08731418, -0.00243732), (0.1398198, -0.08727262, -0.002359708), (0.1400757, -0.08723266, -0.002252422), (0.1403182, -0.08719481, -0.00211681), (0.1405441, -0.08715953, -0.001954579), (0.1407506, -0.08712728, -0.001767767), (0.1409352, -0.08709846, -0.001558725), (0.1410955, -0.08707344, -0.00133008), (0.1412295, -0.08705251, -0.001084709), (0.1413355, -0.08703596, -0.0008256977), (0.1414121, -0.08702399, -0.0005563023), (0.1414585, -0.08701674, -0.0002799112), (0.1414741, -0.08701432, -4.592425e-19), (0.1414585, -0.08701674, 0.0002799112), (0.1414121, -0.08702399, 0.0005563023), (0.1413355, -0.08703596, 0.0008256977), (0.1412295, -0.08705251, 0.001084709), (0.1410955, -0.08707344, 0.00133008), (0.1409352, -0.08709846, 0.001558725), (0.1407506, -0.08712728, 0.001767767), (0.1405441, -0.08715953, 0.001954579), (0.1403182, -0.08719481, 0.00211681), (0.1400757, -0.08723266, 0.002252422), (0.1398198, -0.08727262, 0.002359708), (0.1395536, -0.08731418, 0.00243732), (0.1392806, -0.08735682, 0.002484281)]
            int[] faceVertexCounts = [3, 3, 3, 3, 3, 3, 3, 3, 3, 3, 3, 3, 3, 3, 3, 3, 3, 3, 3, 3, 3, 3, 3, 3, 3, 3, 3, 3, 3, 3, 3, 3, 3, 3, 3, 3, 3, 3, 3, 3, 3, 3, 3, 3, 3, 3, 3, 3, 3, 3, 3, 3, 3, 3, 3, 3, 3, 3, 3, 3, 3, 3, 3, 3, 3, 3, 3, 3, 3, 3, 3, 3, 3, 3, 3, 3, 3, 3, 3, 3, 3, 3, 3, 3, 3, 3, 3, 3, 3, 3, 3, 3, 3, 3, 3, 3, 3, 3, 3, 3, 3, 3, 3, 3, 3, 3, 3, 3, 3, 3, 3, 3, 3, 3, 3, 3, 3, 3, 3, 3, 3, 3, 3, 3, 3, 3, 3, 3, 3, 3, 3, 3, 3, 3, 3, 3, 3, 3, 3, 3, 3, 3, 3, 3, 3, 3, 3, 3, 3, 3, 3, 3, 3, 3, 3, 3, 3, 3, 3, 3, 3, 3, 3, 3, 3, 3, 3, 3, 3, 3, 3, 3, 3, 3, 3, 3, 3, 3, 3, 3, 3, 3, 3, 3, 3, 3, 3, 3, 3, 3, 3, 3, 3, 3, 3, 3, 3, 3, 3, 3, 3, 3, 3, 3, 3, 3, 3, 3, 3, 3, 3, 3, 3, 3, 3, 3, 3, 3, 3, 3]
            int[] faceVertexIndices = [167, 166, 165, 167, 165, 164, 167, 164, 163, 167, 163, 162, 167, 162, 161, 167, 161, 160, 167, 160, 159, 167, 159, 158, 167, 158, 157, 167, 157, 156, 167, 156, 155, 167, 155, 154, 167, 154, 153, 167, 153, 152, 167, 152, 151, 167, 151, 150, 167, 150, 149, 167, 149, 148, 167, 148, 147, 167, 147, 146, 167, 146, 145, 167, 145, 144, 167, 144, 143, 167, 143, 142, 167, 142, 141, 167, 141, 140, 167, 140, 139, 167, 139, 138, 167, 138, 137, 167, 137, 136, 167, 136, 135, 167, 135, 134, 167, 134, 133, 167, 133, 132, 167, 132, 131, 167, 131, 130, 167, 130, 129, 167, 129, 128, 167, 128, 127, 167, 127, 126, 167, 126, 125, 167, 125, 124, 167, 124, 123, 167, 123, 122, 167, 122, 121, 167, 121, 120, 167, 120, 119, 167, 119, 118, 167, 118, 117, 167, 117, 116, 167, 116, 115, 167, 115, 114, 167, 114, 113, 167, 113, 112, 168, 169, 170, 168, 170, 171, 168, 171, 172, 168, 172, 173, 168, 173, 174, 168, 174, 175, 168, 175, 176, 168, 176, 177, 168, 177, 178, 168, 178, 179, 168, 179, 180, 168, 180, 181, 168, 181, 182, 168, 182, 183, 168, 183, 184, 168, 184, 185, 168, 185, 186, 168, 186, 187, 168, 187, 188, 168, 188, 189, 168, 189, 190, 168, 190, 191, 168, 191, 192, 168, 192, 193, 168, 193, 194, 168, 194, 195, 168, 195, 196, 168, 196, 197, 168, 197, 198, 168, 198, 199, 168, 199, 200, 168, 200, 201, 168, 201, 202, 168, 202, 203, 168, 203, 204, 168, 204, 205, 168, 205, 206, 168, 206, 207, 168, 207, 208, 168, 208, 209, 168, 209, 210, 168, 210, 211, 168, 211, 212, 168, 212, 213, 168, 213, 214, 168, 214, 215, 168, 215, 216, 168, 216, 217, 168, 217, 218, 168, 218, 219, 168, 219, 220, 168, 220, 221, 168, 221, 222, 168, 222, 223, 0, 1, 57, 0, 57, 56, 1, 2, 58, 1, 58, 57, 2, 3, 59, 2, 59, 58, 3, 4, 60, 3, 60, 59, 4, 5, 61, 4, 61, 60, 5, 6, 62, 5, 62, 61, 6, 7, 63, 6, 63, 62, 7, 8, 64, 7, 64, 63, 8, 9, 65, 8, 65, 64, 9, 10, 66, 9, 66, 65, 10, 11, 67, 10, 67, 66, 11, 12, 68, 11, 68, 67, 12, 13, 69, 12, 69, 68, 13, 14, 70, 13, 70, 69, 14, 15, 71, 14, 71, 70, 15, 16, 72, 15, 72, 71, 16, 17, 73, 16, 73, 72, 17, 18, 74, 17, 74, 73, 18, 19, 75, 18, 75, 74, 19, 20, 76, 19, 76, 75, 20, 21, 77, 20, 77, 76, 21, 22, 78, 21, 78, 77, 22, 23, 79, 22, 79, 78, 23, 24, 80, 23, 80, 79, 24, 25, 81, 24, 81, 80, 25, 26, 82, 25, 82, 81, 26, 27, 83, 26, 83, 82, 27, 28, 84, 27, 84, 83, 28, 29, 85, 28, 85, 84, 29, 30, 86, 29, 86, 85, 30, 31, 87, 30, 87, 86, 31, 32, 88, 31, 88, 87, 32, 33, 89, 32, 89, 88, 33, 34, 90, 33, 90, 89, 34, 35, 91, 34, 91, 90, 35, 36, 92, 35, 92, 91, 36, 37, 93, 36, 93, 92, 37, 38, 94, 37, 94, 93, 38, 39, 95, 38, 95, 94, 39, 40, 96, 39, 96, 95, 40, 41, 97, 40, 97, 96, 41, 42, 98, 41, 98, 97, 42, 43, 99, 42, 99, 98, 43, 44, 100, 43, 100, 99, 44, 45, 101, 44, 101, 100, 45, 46, 102, 45, 102, 101, 46, 47, 103, 46, 103, 102, 47, 48, 104, 47, 104, 103, 48, 49, 105, 48, 105, 104, 49, 50, 106, 49, 106, 105, 50, 51, 107, 50, 107, 106, 51, 52, 108, 51, 108, 107, 52, 53, 109, 52, 109, 108, 53, 54, 110, 53, 110, 109, 54, 55, 111, 54, 111, 110, 55, 0, 56, 55, 56, 111]
            normal3f[] normals = [(-0.01849226, -0.002887406, 0.9998248), (-0.1289807, -0.02013922, 0.9914426), (-0.2378471, -0.03713778, 0.9705924), (-0.3437225, -0.0536693, 0.9375364), (-0.4452753, -0.0695259, 0.8926903), (-0.5412286, -0.08450818, 0.8366182), (-0.6303755, -0.09842771, 0.7700251), (-0.7115952, -0.1111095, 0.6937485), (-0.7838661, -0.1223939, 0.6087476), (-0.8462795, -0.1321393, 0.5160913), (-0.8980504, -0.1402228, 0.4169449), (-0.9385278, -0.146543, 0.3125552), (-0.9672026, -0.1510204, 0.2042349), (-0.9837144, -0.1535985, 0.09334623), (-0.9878553, -0.1542451, -0.01871632), (-0.9795734, -0.152952, -0.1305435), (-0.9589728, -0.1497353, -0.240729), (-0.9263126, -0.1446357, -0.3478872), (-0.8820034, -0.1377172, -0.4506706), (-0.8266025, -0.1290669, -0.5477864), (-0.7608067, -0.1187934, -0.6380136), (-0.6854432, -0.1070261, -0.7202174), (-0.6014599, -0.09391278, -0.793364), (-0.5099129, -0.0796185, -0.8565336), (-0.4119534, -0.06432298, -0.9089318), (-0.3088134, -0.04821855, -0.9498996), (-0.2017899, -0.03150775, -0.9789219), (-0.09222872, -0.01440072, -0.9956337), (0.01849226, 0.002887406, -0.9998248), (0.1289807, 0.02013922, -0.9914426), (0.2378471, 0.03713778, -0.9705924), (0.3437225, 0.0536693, -0.9375364), (0.4452753, 0.0695259, -0.8926903), (0.5412286, 0.08450818, -0.8366182), (0.6303755, 0.09842771, -0.7700251), (0.7115952, 0.1111095, -0.6937485), (0.7838661, 0.1223939, -0.6087476), (0.8462795, 0.1321393, -0.5160913), (0.8980504, 0.1402228, -0.4169449), (0.9385278, 0.146543, -0.3125552), (0.9672026, 0.1510204, -0.2042349), (0.9837144, 0.1535985, -0.09334623), (0.9878553, 0.1542451, 0.01871632), (0.9795734, 0.152952, 0.1305435), (0.9589728, 0.1497353, 0.240729), (0.9263126, 0.1446357, 0.3478872), (0.8820034, 0.1377172, 0.4506706), (0.8266025, 0.1290669, 0.5477864), (0.7608067, 0.1187934, 0.6380136), (0.6854432, 0.1070261, 0.7202174), (0.6014599, 0.09391278, 0.793364), (0.5099129, 0.0796185, 0.8565336), (0.4119534, 0.06432298, 0.9089318), (0.3088134, 0.04821855, 0.9498996), (0.2017899, 0.03150775, 0.9789219), (0.09222872, 0.01440072, 0.9956337), (0.01849226, 0.002887406, 0.9998248), (-0.09222872, -0.01440072, 0.9956337), (-0.2017899, -0.03150775, 0.9789219), (-0.3088134, -0.04821855, 0.9498996), (-0.4119534, -0.06432298, 0.9089318), (-0.5099129, -0.0796185, 0.8565336), (-0.6014599, -0.09391278, 0.793364), (-0.6854432, -0.1070261, 0.7202174), (-0.7608067, -0.1187934, 0.6380136), (-0.8266025, -0.1290669, 0.5477864), (-0.8820034, -0.1377172, 0.4506706), (-0.9263126, -0.1446357, 0.3478872), (-0.9589728, -0.1497353, 0.240729), (-0.9795734, -0.152952, 0.1305435), (-0.9878553, -0.1542451, 0.01871632), (-0.9837144, -0.1535985, -0.09334623), (-0.9672026, -0.1510204, -0.2042349), (-0.9385278, -0.146543, -0.3125552), (-0.8980504, -0.1402228, -0.4169449), (-0.8462795, -0.1321393, -0.5160913), (-0.7838661, -0.1223939, -0.6087476), (-0.7115952, -0.1111095, -0.6937485), (-0.6303755, -0.09842771, -0.7700251), (-0.5412286, -0.08450818, -0.8366182), (-0.4452753, -0.0695259, -0.8926903), (-0.3437225, -0.0536693, -0.9375364), (-0.2378471, -0.03713778, -0.9705924), (-0.1289807, -0.02013922, -0.9914426), (-0.01849226, -0.002887406, -0.9998248), (0.09222872, 0.01440072, -0.9956337), (0.2017899, 0.03150775, -0.9789219), (0.3088134, 0.04821855, -0.9498996), (0.4119534, 0.06432298, -0.9089318), (0.5099129, 0.0796185, -0.8565336), (0.6014599, 0.09391278, -0.793364), (0.6854432, 0.1070261, -0.7202174), (0.7608067, 0.1187934, -0.6380136), (0.8266025, 0.1290669, -0.5477864), (0.8820034, 0.1377172, -0.4506706), (0.9263126, 0.1446357, -0.3478872), (0.9589728, 0.1497353, -0.240729), (0.9795734, 0.152952, -0.1305435), (0.9878553, 0.1542451, -0.01871632), (0.9837144, 0.1535985, 0.09334623), (0.9672026, 0.1510204, 0.2042349), (0.9385278, 0.146543, 0.3125552), (0.8980504, 0.1402228, 0.4169449), (0.8462795, 0.1321393, 0.5160913), (0.7838661, 0.1223939, 0.6087476), (0.7115952, 0.1111095, 0.6937485), (0.6303755, 0.09842771, 0.7700251), (0.5412286, 0.08450818, 0.8366182), (0.4452753, 0.0695259, 0.8926903), (0.3437225, 0.0536693, 0.9375364), (0.2378471, 0.03713778, 0.9705924), (0.1289807, 0.02013922, 0.9914426), (-0.1542721, 0.9880284, 0), (-0.1542721, 0.9880284, -3.281397e-14), (-0.1542721, 0.9880284, -2.241247e-14), (-0.1542721, 0.9880284, -7.639208e-15), (-0.1542721, 0.9880284, 4.627194e-14), (-0.1542721, 0.9880284, 9.882637e-15), (-0.1542721, 0.9880284, -2.750808e-14), (-0.1542721, 0.9880284, -1.808364e-14), (-0.1542721, 0.9880284, 1.099292e-14), (-0.1542721, 0.9880284, 5.078062e-15), (-0.1542721, 0.9880284, 1.694406e-15), (-0.1542721, 0.9880284, 6.032857e-15), (-0.1542721, 0.9880284, -2.555706e-15), (-0.1542721, 0.9880284, 1.513039e-15), (-0.1542721, 0.9880284, 0), (-0.1542721, 0.9880284, -1.237638e-15), (-0.1542721, 0.9880284, 1.706077e-15), (-0.1542721, 0.9880284, -3.27113e-15), (-0.1542721, 0.9880284, -7.407019e-16), (-0.1542721, 0.9880284, -1.770737e-15), (-0.1542721, 0.9880284, -3.01348e-15), (-0.1542721, 0.9880284, 3.821166e-15), (-0.1542721, 0.9880284, 4.362823e-15), (-0.1542721, 0.9880284, -1.134201e-15), (-0.1542721, 0.9880284, -3.648557e-15), (-0.1542721, 0.9880284, 3.830618e-16), (-0.1542721, 0.9880284, 6.3084e-16), (-0.1542721, 0.9880284, 4.113574e-16), (-0.1542721, 0.9880284, 0), (-0.1542721, 0.9880284, 0), (-0.1542721, 0.9880284, 6.324165e-17), (-0.1542721, 0.9880284, 1.492369e-16), (-0.1542721, 0.9880284, 2.626911e-15), (-0.1542721, 0.9880284, 6.36861e-16), (-0.1542721, 0.9880284, -3.146427e-15), (-0.1542721, 0.9880284, -2.795901e-15), (-0.1542721, 0.9880284, 2.864047e-15), (-0.1542721, 0.9880284, 1.635565e-15), (-0.1542721, 0.9880284, 8.530383e-16), (-0.1542721, 0.9880284, 3.094096e-15), (-0.1542721, 0.9880284, -1.496759e-15), (-0.1542721, 0.9880284, 1.286083e-15), (-0.1542721, 0.9880284, 0), (-0.1542721, 0.9880284, 2.724516e-15), (-0.1542721, 0.9880284, 2.82401e-15), (-0.1542721, 0.9880284, -1.229426e-14), (-0.1542721, 0.9880284, -2.424908e-15), (-0.1542721, 0.9880284, -6.228809e-15), (-0.1542721, 0.9880284, -1.498093e-14), (-0.1542721, 0.9880284, 2.080555e-14), (-0.1542721, 0.9880284, 3.504328e-14), (-0.1542721, 0.9880284, -1.145881e-14), (-0.1542721, 0.9880284, -8.644812e-14), (-0.1542721, 0.9880284, -1.131516e-14), (-0.1542721, 0.9880284, -1.955129e-14), (-0.1542721, 0.9880284, 8.105565e-18), (0.1542721, -0.9880284, 0), (0.1542721, -0.9880284, -1.767136e-14), (0.1542721, -0.9880284, 1.630326e-13), (0.1542721, -0.9880284, 5.358772e-14), (0.1542721, -0.9880284, -3.57133e-14), (0.1542721, -0.9880284, 4.047253e-14), (0.1542721, -0.9880284, -2.496666e-14), (0.1542721, -0.9880284, -1.291459e-14), (0.1542721, -0.9880284, 6.228809e-15), (0.1542721, -0.9880284, 2.263247e-15), (0.1542721, -0.9880284, 1.015612e-14), (0.1542721, -0.9880284, -6.664663e-15), (0.1542721, -0.9880284, -1.274684e-14), (0.1542721, -0.9880284, 1.669728e-14), (0.1542721, -0.9880284, 0), (0.1542721, -0.9880284, -1.333476e-14), (0.1542721, -0.9880284, 8.106531e-15), (0.1542721, -0.9880284, 3.355284e-15), (0.1542721, -0.9880284, -4.009772e-15), (0.1542721, -0.9880284, -6.913218e-16), (0.1542721, -0.9880284, -1.444549e-15), (0.1542721, -0.9880284, 2.215794e-15), (0.1542721, -0.9880284, 3.056933e-15), (0.1542721, -0.9880284, -3.359169e-15), (0.1542721, -0.9880284, 1.860487e-15), (0.1542721, -0.9880284, -1.546988e-15), (0.1542721, -0.9880284, -2.069731e-15), (0.1542721, -0.9880284, 5.573211e-17), (0.1542721, -0.9880284, 0), (0.1542721, -0.9880284, -5.573211e-17), (0.1542721, -0.9880284, 2.069731e-15), (0.1542721, -0.9880284, 1.546988e-15), (0.1542721, -0.9880284, -1.860487e-15), (0.1542721, -0.9880284, 3.359169e-15), (0.1542721, -0.9880284, -3.056933e-15), (0.1542721, -0.9880284, -2.215794e-15), (0.1542721, -0.9880284, 1.444549e-15), (0.1542721, -0.9880284, 6.913218e-16), (0.1542721, -0.9880284, 4.009772e-15), (0.1542721, -0.9880284, -3.355284e-15), (0.1542721, -0.9880284, -8.106531e-15), (0.1542721, -0.9880284, 1.333476e-14), (0.1542721, -0.9880284, 0), (0.1542721, -0.9880284, -1.669728e-14), (0.1542721, -0.9880284, 1.274684e-14), (0.1542721, -0.9880284, 6.664663e-15), (0.1542721, -0.9880284, -1.015612e-14), (0.1542721, -0.9880284, -2.263247e-15), (0.1542721, -0.9880284, -6.228809e-15), (0.1542721, -0.9880284, 1.291459e-14), (0.1542721, -0.9880284, 2.496666e-14), (0.1542721, -0.9880284, -4.047253e-14), (0.1542721, -0.9880284, 3.57133e-14), (0.1542721, -0.9880284, -5.358772e-14), (0.1542721, -0.9880284, -1.630326e-13), (0.1542721, -0.9880284, 1.767136e-14)] (interpolation = "vertex")
            float3[] extent = [(0.1153299, -0.08778568, -0.0025), (0.1414741, 0.04878568, 0.0025)]
            rel material:binding = </WorkbenchPart/Materials/carbon>
            texCoord2f[] primvars:st = [(47.23062, 0.9937122), (47.33986, 0.9749279), (47.44633, 0.9438833), (47.23062, 0.9937122), (47.44633, 0.9438833), (47.54869, 0.9009689), (47.23062, 0.9937122), (47.54869, 0.9009689), (47.64566, 0.8467242), (47.23062, 0.9937122), (47.64566, 0.8467242), (47.73603, 0.7818315), (47.23062, 0.9937122), (47.73603, 0.7818315), (47.81864, 0.7071068), (47.23062, 0.9937122), (47.81864, 0.7071068), (47.89247, 0.6234898), (47.23062, 0.9937122), (47.89247, 0.6234898), (47.95659, 0.5320321), (47.23062, 0.9937122), (47.95659, 0.5320321), (48.01018, 0.4338837), (47.23062, 0.9937122), (48.01018, 0.4338837), (48.05258, 0.3302791), (47.23062, 0.9937122), (48.05258, 0.3302791), (48.08326, 0.2225209), (47.23062, 0.9937122), (48.08326, 0.2225209), (48.10182, 0.1119645), (47.23062, 0.9937122), (48.10182, 0.1119645), (48.10803, -1.83697e-16), (47.23062, 0.9937122), (48.10803, -1.83697e-16), (48.10182, -0.1119645), (47.23062, 0.9937122), (48.10182, -0.1119645), (48.08326, -0.2225209), (47.23062, 0.9937122), (48.08326, -0.2225209), (48.05258, -0.3302791), (47.23062, 0.9937122), (48.05258, -0.3302791), (48.01018, -0.4338837), (47.23062, 0.9937122), (48.01018, -0.4338837), (47.95659, -0.5320321), (47.23062, 0.9937122), (47.95659, -0.5320321), (47.89247, -0.6234898), (47.23062, 0.9937122), (47.89247, -0.6234898), (47.81864, -0.7071068), (47.23062, 0.9937122), (47.81864, -0.7071068), (47.73603, -0.7818315), (47.23062, 0.9937122), (47.73603, -0.7818315), (47.64566, -0.8467242), (47.23062, 0.9937122), (47.64566, -0.8467242), (47.54869, -0.9009689), (47.23062, 0.9937122), (47.54869, -0.9009689), (47.44633, -0.9438833), (47.23062, 0.9937122), (47.44633, -0.9438833), (47.33986, -0.9749279), (47.23062, 0.9937122), (47.33986, -0.9749279), (47.23062, -0.9937122), (47.23062, 0.9937122), (47.23062, -0.9937122), (47.12, -1), (47.23062, 0.9937122), (47.12, -1), (47.00938, -0.9937122), (47.23062, 0.9937122), (47.00938, -0.9937122), (46.90014, -0.9749279), (47.23062, 0.9937122), (46.90014, -0.9749279), (46.79367, -0.9438833), (47.23062, 0.9937122), (46.79367, -0.9438833), (46.69131, -0.9009689), (47.23062, 0.9937122), (46.69131, -0.9009689), (46.59434, -0.8467242), (47.23062, 0.9937122), (46.59434, -0.8467242), (46.50397, -0.7818315), (47.23062, 0.9937122), (46.50397, -0.7818315), (46.42136, -0.7071068), (47.23062, 0.9937122), (46.42136, -0.7071068), (46.34753, -0.6234898), (47.23062, 0.9937122), (46.34753, -0.6234898), (46.28341, -0.5320321), (47.23062, 0.9937122), (46.28341, -0.5320321), (46.22982, -0.4338837), (47.23062, 0.9937122), (46.22982, -0.4338837), (46.18742, -0.3302791), (47.23062, 0.9937122), (46.18742, -0.3302791), (46.15674, -0.2225209), (47.23062, 0.9937122), (46.15674, -0.2225209), (46.13818, -0.1119645), (47.23062, 0.9937122), (46.13818, -0.1119645), (46.13197, 6.123234e-17), (47.23062, 0.9937122), (46.13197, 6.123234e-17), (46.13818, 0.1119645), (47.23062, 0.9937122), (46.13818, 0.1119645), (46.15674, 0.2225209), (47.23062, 0.9937122), (46.15674, 0.2225209), (46.18742, 0.3302791), (47.23062, 0.9937122), (46.18742, 0.3302791), (46.22982, 0.4338837), (47.23062, 0.9937122), (46.22982, 0.4338837), (46.28341, 0.5320321), (47.23062, 0.9937122), (46.28341, 0.5320321), (46.34753, 0.6234898), (47.23062, 0.9937122), (46.34753, 0.6234898), (46.42136, 0.7071068), (47.23062, 0.9937122), (46.42136, 0.7071068), (46.50397, 0.7818315), (47.23062, 0.9937122), (46.50397, 0.7818315), (46.59434, 0.8467242), (47.23062, 0.9937122), (46.59434, 0.8467242), (46.69131, 0.9009689), (47.23062, 0.9937122), (46.69131, 0.9009689), (46.79367, 0.9438833), (47.23062, 0.9937122), (46.79367, 0.9438833), (46.90014, 0.9749279), (47.23062, 0.9937122), (46.90014, 0.9749279), (47.00938, 0.9937122), (47.23062, 0.9937122), (47.00938, 0.9937122), (47.12, 1), (55.6016, 1), (55.49098, 0.9937122), (55.38174, 0.9749279), (55.6016, 1), (55.38174, 0.9749279), (55.27527, 0.9438833), (55.6016, 1), (55.27527, 0.9438833), (55.17291, 0.9009689), (55.6016, 1), (55.17291, 0.9009689), (55.07594, 0.8467242), (55.6016, 1), (55.07594, 0.8467242), (54.98557, 0.7818315), (55.6016, 1), (54.98557, 0.7818315), (54.90296, 0.7071068), (55.6016, 1), (54.90296, 0.7071068), (54.82913, 0.6234898), (55.6016, 1), (54.82913, 0.6234898), (54.76501, 0.5320321), (55.6016, 1), (54.76501, 0.5320321), (54.71142, 0.4338837), (55.6016, 1), (54.71142, 0.4338837), (54.66902, 0.3302791), (55.6016, 1), (54.66902, 0.3302791), (54.63834, 0.2225209), (55.6016, 1), (54.63834, 0.2225209), (54.61978, 0.1119645), (55.6016, 1), (54.61978, 0.1119645), (54.61357, 6.123234e-17), (55.6016, 1), (54.61357, 6.123234e-17), (54.61978, -0.1119645), (55.6016, 1), (54.61978, -0.1119645), (54.63834, -0.2225209), (55.6016, 1), (54.63834, -0.2225209), (54.66902, -0.3302791), (55.6016, 1), (54.66902, -0.3302791), (54.71142, -0.4338837), (55.6016, 1), (54.71142, -0.4338837), (54.76501, -0.5320321), (55.6016, 1), (54.76501, -0.5320321), (54.82913, -0.6234898), (55.6016, 1), (54.82913, -0.6234898), (54.90296, -0.7071068), (55.6016, 1), (54.90296, -0.7071068), (54.98557, -0.7818315), (55.6016, 1), (54.98557, -0.7818315), (55.07594, -0.8467242), (55.6016, 1), (55.07594, -0.8467242), (55.17291, -0.9009689), (55.6016, 1), (55.17291, -0.9009689), (55.27527, -0.9438833), (55.6016, 1), (55.27527, -0.9438833), (55.38174, -0.9749279), (55.6016, 1), (55.38174, -0.9749279), (55.49098, -0.9937122), (55.6016, 1), (55.49098, -0.9937122), (55.6016, -1), (55.6016, 1), (55.6016, -1), (55.71222, -0.9937122), (55.6016, 1), (55.71222, -0.9937122), (55.82146, -0.9749279), (55.6016, 1), (55.82146, -0.9749279), (55.92793, -0.9438833), (55.6016, 1), (55.92793, -0.9438833), (56.03029, -0.9009689), (55.6016, 1), (56.03029, -0.9009689), (56.12726, -0.8467242), (55.6016, 1), (56.12726, -0.8467242), (56.21763, -0.7818315), (55.6016, 1), (56.21763, -0.7818315), (56.30024, -0.7071068), (55.6016, 1), (56.30024, -0.7071068), (56.37407, -0.6234898), (55.6016, 1), (56.37407, -0.6234898), (56.43819, -0.5320321), (55.6016, 1), (56.43819, -0.5320321), (56.49178, -0.4338837), (55.6016, 1), (56.49178, -0.4338837), (56.53418, -0.3302791), (55.6016, 1), (56.53418, -0.3302791), (56.56486, -0.2225209), (55.6016, 1), (56.56486, -0.2225209), (56.58342, -0.1119645), (55.6016, 1), (56.58342, -0.1119645), (56.58963, -1.83697e-16), (55.6016, 1), (56.58963, -1.83697e-16), (56.58342, 0.1119645), (55.6016, 1), (56.58342, 0.1119645), (56.56486, 0.2225209), (55.6016, 1), (56.56486, 0.2225209), (56.53418, 0.3302791), (55.6016, 1), (56.53418, 0.3302791), (56.49178, 0.4338837), (55.6016, 1), (56.49178, 0.4338837), (56.43819, 0.5320321), (55.6016, 1), (56.43819, 0.5320321), (56.37407, 0.6234898), (55.6016, 1), (56.37407, 0.6234898), (56.30024, 0.7071068), (55.6016, 1), (56.30024, 0.7071068), (56.21763, 0.7818315), (55.6016, 1), (56.21763, 0.7818315), (56.12726, 0.8467242), (55.6016, 1), (56.12726, 0.8467242), (56.03029, 0.9009689), (55.6016, 1), (56.03029, 0.9009689), (55.92793, 0.9438833), (55.6016, 1), (55.92793, 0.9438833), (55.82146, 0.9749279), (55.6016, 1), (55.82146, 0.9749279), (55.71222, 0.9937122), (47.12, 19.36), (47.00938, 19.34273), (55.49098, -34.97727), (47.12, 19.36), (55.49098, -34.97727), (55.6016, -34.96), (47.00938, 19.34273), (46.90014, 19.32567), (55.38174, -34.99433), (47.00938, 19.34273), (55.38174, -34.99433), (55.49098, -34.97727), (46.90014, 19.32567), (46.79367, 19.30905), (55.27527, -35.01095), (46.90014, 19.32567), (55.27527, -35.01095), (55.38174, -34.99433), (46.79367, 19.30905), (46.69131, 19.29306), (55.17291, -35.02694), (46.79367, 19.30905), (55.17291, -35.02694), (55.27527, -35.01095), (46.69131, 19.29306), (46.59434, 19.27792), (55.07594, -35.04208), (46.69131, 19.29306), (55.07594, -35.04208), (55.17291, -35.02694), (46.59434, 19.27792), (46.50397, 19.26381), (54.98557, -35.05619), (46.59434, 19.27792), (54.98557, -35.05619), (55.07594, -35.04208), (46.50397, 19.26381), (46.42136, 19.25091), (54.90296, -35.06909), (46.50397, 19.26381), (54.90296, -35.06909), (54.98557, -35.05619), (19.25091, 0.7071068), (19.23939, 0.6234898), (-35.08061, 0.6234898), (19.25091, 0.7071068), (-35.08061, 0.6234898), (-35.06909, 0.7071068), (19.23939, 0.6234898), (19.22937, 0.5320321), (-35.09063, 0.5320321), (19.23939, 0.6234898), (-35.09063, 0.5320321), (-35.08061, 0.6234898), (19.22937, 0.5320321), (19.22101, 0.4338837), (-35.09899, 0.4338837), (19.22937, 0.5320321), (-35.09899, 0.4338837), (-35.09063, 0.5320321), (19.22101, 0.4338837), (19.21439, 0.3302791), (-35.10561, 0.3302791), (19.22101, 0.4338837), (-35.10561, 0.3302791), (-35.09899, 0.4338837), (19.21439, 0.3302791), (19.2096, 0.2225209), (-35.1104, 0.2225209), (19.21439, 0.3302791), (-35.1104, 0.2225209), (-35.10561, 0.3302791), (19.2096, 0.2225209), (19.2067, 0.1119645), (-35.1133, 0.1119645), (19.2096, 0.2225209), (-35.1133, 0.1119645), (-35.1104, 0.2225209), (19.2067, 0.1119645), (19.20573, 6.123234e-17), (-35.11427, 6.123234e-17), (19.2067, 0.1119645), (-35.11427, 6.123234e-17), (-35.1133, 0.1119645), (19.20573, 6.123234e-17), (19.2067, -0.1119645), (-35.1133, -0.1119645), (19.20573, 6.123234e-17), (-35.1133, -0.1119645), (-35.11427, 6.123234e-17), (19.2067, -0.1119645), (19.2096, -0.2225209), (-35.1104, -0.2225209), (19.2067, -0.1119645), (-35.1104, -0.2225209), (-35.1133, -0.1119645), (19.2096, -0.2225209), (19.21439, -0.3302791), (-35.10561, -0.3302791), (19.2096, -0.2225209), (-35.10561, -0.3302791), (-35.1104, -0.2225209), (19.21439, -0.3302791), (19.22101, -0.4338837), (-35.09899, -0.4338837), (19.21439, -0.3302791), (-35.09899, -0.4338837), (-35.10561, -0.3302791), (19.22101, -0.4338837), (19.22937, -0.5320321), (-35.09063, -0.5320321), (19.22101, -0.4338837), (-35.09063, -0.5320321), (-35.09899, -0.4338837), (19.22937, -0.5320321), (19.23939, -0.6234898), (-35.08061, -0.6234898), (19.22937, -0.5320321), (-35.08061, -0.6234898), (-35.09063, -0.5320321), (19.23939, -0.6234898), (19.25091, -0.7071068), (-35.06909, -0.7071068), (19.23939, -0.6234898), (-35.06909, -0.7071068), (-35.08061, -0.6234898), (46.42136, 19.25091), (46.50397, 19.26381), (54.98557, -35.05619), (46.42136, 19.25091), (54.98557, -35.05619), (54.90296, -35.06909), (46.50397, 19.26381), (46.59434, 19.27792), (55.07594, -35.04208), (46.50397, 19.26381), (55.07594, -35.04208), (54.98557, -35.05619), (46.59434, 19.27792), (46.69131, 19.29306), (55.17291, -35.02694), (46.59434, 19.27792), (55.17291, -35.02694), (55.07594, -35.04208), (46.69131, 19.29306), (46.79367, 19.30905), (55.27527, -35.01095), (46.69131, 19.29306), (55.27527, -35.01095), (55.17291, -35.02694), (46.79367, 19.30905), (46.90014, 19.32567), (55.38174, -34.99433), (46.79367, 19.30905), (55.38174, -34.99433), (55.27527, -35.01095), (46.90014, 19.32567), (47.00938, 19.34273), (55.49098, -34.97727), (46.90014, 19.32567), (55.49098, -34.97727), (55.38174, -34.99433), (47.00938, 19.34273), (47.12, 19.36), (55.6016, -34.96), (47.00938, 19.34273), (55.6016, -34.96), (55.49098, -34.97727), (47.12, 19.36), (47.23062, 19.37727), (55.71222, -34.94273), (47.12, 19.36), (55.71222, -34.94273), (55.6016, -34.96), (47.23062, 19.37727), (47.33986, 19.39433), (55.82146, -34.92567), (47.23062, 19.37727), (55.82146, -34.92567), (55.71222, -34.94273), (47.33986, 19.39433), (47.44633, 19.41095), (55.92793, -34.90905), (47.33986, 19.39433), (55.92793, -34.90905), (55.82146, -34.92567), (47.44633, 19.41095), (47.54869, 19.42694), (56.03029, -34.89306), (47.44633, 19.41095), (56.03029, -34.89306), (55.92793, -34.90905), (47.54869, 19.42694), (47.64566, 19.44208), (56.12726, -34.87792), (47.54869, 19.42694), (56.12726, -34.87792), (56.03029, -34.89306), (47.64566, 19.44208), (47.73603, 19.45619), (56.21763, -34.86381), (47.64566, 19.44208), (56.21763, -34.86381), (56.12726, -34.87792), (47.73603, 19.45619), (47.81864, 19.46909), (56.30024, -34.85091), (47.73603, 19.45619), (56.30024, -34.85091), (56.21763, -34.86381), (19.46909, -0.7071068), (19.48061, -0.6234898), (-34.83939, -0.6234898), (19.46909, -0.7071068), (-34.83939, -0.6234898), (-34.85091, -0.7071068), (19.48061, -0.6234898), (19.49063, -0.5320321), (-34.82937, -0.5320321), (19.48061, -0.6234898), (-34.82937, -0.5320321), (-34.83939, -0.6234898), (19.49063, -0.5320321), (19.49899, -0.4338837), (-34.82101, -0.4338837), (19.49063, -0.5320321), (-34.82101, -0.4338837), (-34.82937, -0.5320321), (19.49899, -0.4338837), (19.50561, -0.3302791), (-34.81439, -0.3302791), (19.49899, -0.4338837), (-34.81439, -0.3302791), (-34.82101, -0.4338837), (19.50561, -0.3302791), (19.5104, -0.2225209), (-34.8096, -0.2225209), (19.50561, -0.3302791), (-34.8096, -0.2225209), (-34.81439, -0.3302791), (19.5104, -0.2225209), (19.5133, -0.1119645), (-34.8067, -0.1119645), (19.5104, -0.2225209), (-34.8067, -0.1119645), (-34.8096, -0.2225209), (19.5133, -0.1119645), (19.51427, -1.83697e-16), (-34.80573, -1.83697e-16), (19.5133, -0.1119645), (-34.80573, -1.83697e-16), (-34.8067, -0.1119645), (19.51427, -1.83697e-16), (19.5133, 0.1119645), (-34.8067, 0.1119645), (19.51427, -1.83697e-16), (-34.8067, 0.1119645), (-34.80573, -1.83697e-16), (19.5133, 0.1119645), (19.5104, 0.2225209), (-34.8096, 0.2225209), (19.5133, 0.1119645), (-34.8096, 0.2225209), (-34.8067, 0.1119645), (19.5104, 0.2225209), (19.50561, 0.3302791), (-34.81439, 0.3302791), (19.5104, 0.2225209), (-34.81439, 0.3302791), (-34.8096, 0.2225209), (19.50561, 0.3302791), (19.49899, 0.4338837), (-34.82101, 0.4338837), (19.50561, 0.3302791), (-34.82101, 0.4338837), (-34.81439, 0.3302791), (19.49899, 0.4338837), (19.49063, 0.5320321), (-34.82937, 0.5320321), (19.49899, 0.4338837), (-34.82937, 0.5320321), (-34.82101, 0.4338837), (19.49063, 0.5320321), (19.48061, 0.6234898), (-34.83939, 0.6234898), (19.49063, 0.5320321), (-34.83939, 0.6234898), (-34.82937, 0.5320321), (19.48061, 0.6234898), (19.46909, 0.7071068), (-34.85091, 0.7071068), (19.48061, 0.6234898), (-34.85091, 0.7071068), (-34.83939, 0.6234898), (47.81864, 19.46909), (47.73603, 19.45619), (56.21763, -34.86381), (47.81864, 19.46909), (56.21763, -34.86381), (56.30024, -34.85091), (47.73603, 19.45619), (47.64566, 19.44208), (56.12726, -34.87792), (47.73603, 19.45619), (56.12726, -34.87792), (56.21763, -34.86381), (47.64566, 19.44208), (47.54869, 19.42694), (56.03029, -34.89306), (47.64566, 19.44208), (56.03029, -34.89306), (56.12726, -34.87792), (47.54869, 19.42694), (47.44633, 19.41095), (55.92793, -34.90905), (47.54869, 19.42694), (55.92793, -34.90905), (56.03029, -34.89306), (47.44633, 19.41095), (47.33986, 19.39433), (55.82146, -34.92567), (47.44633, 19.41095), (55.82146, -34.92567), (55.92793, -34.90905), (47.33986, 19.39433), (47.23062, 19.37727), (55.71222, -34.94273), (47.33986, 19.39433), (55.71222, -34.94273), (55.82146, -34.92567), (47.23062, 19.37727), (47.12, 19.36), (55.6016, -34.96), (47.23062, 19.37727), (55.6016, -34.96), (55.71222, -34.94273)] (interpolation = "faceVarying")
        }
        def Mesh "TrunnionMount_02" (prepend apiSchemas = ["MaterialBindingAPI"])
        {
            uniform token subdivisionScheme = "none"
            uniform token orientation = "rightHanded"
            bool doubleSided = false
            point3f[] points = [(0.09922265, 0.06382265, -0.00507735), (0.09913333, 0.06373333, -0.004833333), (0.09909289, 0.06369289, -0.0045), (0.09909289, 0.06369289, 0.0045), (0.09913333, 0.06373333, 0.004833333), (0.09922265, 0.06382265, 0.00507735), (0.09913333, 0.06406667, -0.005166667), (0.0989835, 0.06399175, -0.004908248), (0.09890557, 0.06395279, -0.0045), (0.09890557, 0.06395279, 0.0045), (0.0989835, 0.06399175, 0.004908248), (0.09913333, 0.06406667, 0.005166667), (0.09909289, 0.0644, -0.005207107), (0.09890557, 0.0644, -0.004947214), (0.0988, 0.0644, -0.0045), (0.0988, 0.0644, 0.0045), (0.09890557, 0.0644, 0.004947214), (0.09909289, 0.0644, 0.005207107), (0.09909289, 0.0664, -0.005207107), (0.09890557, 0.0664, -0.004947214), (0.0988, 0.0664, -0.0045), (0.0988, 0.0664, 0.0045), (0.09890557, 0.0664, 0.004947214), (0.09909289, 0.0664, 0.005207107), (0.09913333, 0.06673333, -0.005166667), (0.0989835, 0.06680825, -0.004908248), (0.09890557, 0.06684721, -0.0045), (0.09890557, 0.06684721, 0.0045), (0.0989835, 0.06680825, 0.004908248), (0.09913333, 0.06673333, 0.005166667), (0.09922265, 0.06697735, -0.00507735), (0.09913333, 0.06706667, -0.004833333), (0.09909289, 0.06710711, -0.0045), (0.09909289, 0.06710711, 0.0045), (0.09913333, 0.06706667, 0.004833333), (0.09922265, 0.06697735, 0.00507735), (0.1363774, 0.06382265, -0.00507735), (0.1364667, 0.06373333, -0.004833333), (0.1365071, 0.06369289, -0.0045), (0.1365071, 0.06369289, 0.0045), (0.1364667, 0.06373333, 0.004833333), (0.1363774, 0.06382265, 0.00507735), (0.1364667, 0.06406667, -0.005166667), (0.1366165, 0.06399175, -0.004908248), (0.1366944, 0.06395279, -0.0045), (0.1366944, 0.06395279, 0.0045), (0.1366165, 0.06399175, 0.004908248), (0.1364667, 0.06406667, 0.005166667), (0.1365071, 0.0644, -0.005207107), (0.1366944, 0.0644, -0.004947214), (0.1368, 0.0644, -0.0045), (0.1368, 0.0644, 0.0045), (0.1366944, 0.0644, 0.004947214), (0.1365071, 0.0644, 0.005207107), (0.1365071, 0.0664, -0.005207107), (0.1366944, 0.0664, -0.004947214), (0.1368, 0.0664, -0.0045), (0.1368, 0.0664, 0.0045), (0.1366944, 0.0664, 0.004947214), (0.1365071, 0.0664, 0.005207107), (0.1364667, 0.06673333, -0.005166667), (0.1366165, 0.06680825, -0.004908248), (0.1366944, 0.06684721, -0.0045), (0.1366944, 0.06684721, 0.0045), (0.1366165, 0.06680825, 0.004908248), (0.1364667, 0.06673333, 0.005166667), (0.1363774, 0.06697735, -0.00507735), (0.1364667, 0.06706667, -0.004833333), (0.1365071, 0.06710711, -0.0045), (0.1365071, 0.06710711, 0.0045), (0.1364667, 0.06706667, 0.004833333), (0.1363774, 0.06697735, 0.00507735), (0.09922265, 0.06382265, -0.00507735), (0.09946667, 0.06373333, -0.005166667), (0.0998, 0.06369289, -0.005207107), (0.1358, 0.06369289, -0.005207107), (0.1361333, 0.06373333, -0.005166667), (0.1363774, 0.06382265, -0.00507735), (0.09913333, 0.06373333, -0.004833333), (0.09939175, 0.0635835, -0.004908248), (0.0998, 0.06350557, -0.004947214), (0.1358, 0.06350557, -0.004947214), (0.1362082, 0.0635835, -0.004908248), (0.1364667, 0.06373333, -0.004833333), (0.09909289, 0.06369289, -0.0045), (0.09935279, 0.06350557, -0.0045), (0.0998, 0.0634, -0.0045), (0.1358, 0.0634, -0.0045), (0.1362472, 0.06350557, -0.0045), (0.1365071, 0.06369289, -0.0045), (0.09909289, 0.06369289, 0.0045), (0.09935279, 0.06350557, 0.0045), (0.0998, 0.0634, 0.0045), (0.1358, 0.0634, 0.0045), (0.1362472, 0.06350557, 0.0045), (0.1365071, 0.06369289, 0.0045), (0.09913333, 0.06373333, 0.004833333), (0.09939175, 0.0635835, 0.004908248), (0.0998, 0.06350557, 0.004947214), (0.1358, 0.06350557, 0.004947214), (0.1362082, 0.0635835, 0.004908248), (0.1364667, 0.06373333, 0.004833333), (0.09922265, 0.06382265, 0.00507735), (0.09946667, 0.06373333, 0.005166667), (0.0998, 0.06369289, 0.005207107), (0.1358, 0.06369289, 0.005207107), (0.1361333, 0.06373333, 0.005166667), (0.1363774, 0.06382265, 0.00507735), (0.09922265, 0.06697735, -0.00507735), (0.09946667, 0.06706667, -0.005166667), (0.0998, 0.06710711, -0.005207107), (0.1358, 0.06710711, -0.005207107), (0.1361333, 0.06706667, -0.005166667), (0.1363774, 0.06697735, -0.00507735), (0.09913333, 0.06706667, -0.004833333), (0.09939175, 0.0672165, -0.004908248), (0.0998, 0.06729443, -0.004947214), (0.1358, 0.06729443, -0.004947214), (0.1362082, 0.0672165, -0.004908248), (0.1364667, 0.06706667, -0.004833333), (0.09909289, 0.06710711, -0.0045), (0.09935279, 0.06729443, -0.0045), (0.0998, 0.0674, -0.0045), (0.1358, 0.0674, -0.0045), (0.1362472, 0.06729443, -0.0045), (0.1365071, 0.06710711, -0.0045), (0.09909289, 0.06710711, 0.0045), (0.09935279, 0.06729443, 0.0045), (0.0998, 0.0674, 0.0045), (0.1358, 0.0674, 0.0045), (0.1362472, 0.06729443, 0.0045), (0.1365071, 0.06710711, 0.0045), (0.09913333, 0.06706667, 0.004833333), (0.09939175, 0.0672165, 0.004908248), (0.0998, 0.06729443, 0.004947214), (0.1358, 0.06729443, 0.004947214), (0.1362082, 0.0672165, 0.004908248), (0.1364667, 0.06706667, 0.004833333), (0.09922265, 0.06697735, 0.00507735), (0.09946667, 0.06706667, 0.005166667), (0.0998, 0.06710711, 0.005207107), (0.1358, 0.06710711, 0.005207107), (0.1361333, 0.06706667, 0.005166667), (0.1363774, 0.06697735, 0.00507735), (0.09922265, 0.06382265, -0.00507735), (0.09913333, 0.06406667, -0.005166667), (0.09909289, 0.0644, -0.005207107), (0.09909289, 0.0664, -0.005207107), (0.09913333, 0.06673333, -0.005166667), (0.09922265, 0.06697735, -0.00507735), (0.09946667, 0.06373333, -0.005166667), (0.09939175, 0.06399175, -0.005316497), (0.09935279, 0.0644, -0.005394427), (0.09935279, 0.0664, -0.005394427), (0.09939175, 0.06680825, -0.005316497), (0.09946667, 0.06706667, -0.005166667), (0.0998, 0.06369289, -0.005207107), (0.0998, 0.06395279, -0.005394427), (0.0998, 0.0644, -0.0055), (0.0998, 0.0664, -0.0055), (0.0998, 0.06684721, -0.005394427), (0.0998, 0.06710711, -0.005207107), (0.1358, 0.06369289, -0.005207107), (0.1358, 0.06395279, -0.005394427), (0.1358, 0.0644, -0.0055), (0.1358, 0.0664, -0.0055), (0.1358, 0.06684721, -0.005394427), (0.1358, 0.06710711, -0.005207107), (0.1361333, 0.06373333, -0.005166667), (0.1362082, 0.06399175, -0.005316497), (0.1362472, 0.0644, -0.005394427), (0.1362472, 0.0664, -0.005394427), (0.1362082, 0.06680825, -0.005316497), (0.1361333, 0.06706667, -0.005166667), (0.1363774, 0.06382265, -0.00507735), (0.1364667, 0.06406667, -0.005166667), (0.1365071, 0.0644, -0.005207107), (0.1365071, 0.0664, -0.005207107), (0.1364667, 0.06673333, -0.005166667), (0.1363774, 0.06697735, -0.00507735), (0.09922265, 0.06382265, 0.00507735), (0.09913333, 0.06406667, 0.005166667), (0.09909289, 0.0644, 0.005207107), (0.09909289, 0.0664, 0.005207107), (0.09913333, 0.06673333, 0.005166667), (0.09922265, 0.06697735, 0.00507735), (0.09946667, 0.06373333, 0.005166667), (0.09939175, 0.06399175, 0.005316497), (0.09935279, 0.0644, 0.005394427), (0.09935279, 0.0664, 0.005394427), (0.09939175, 0.06680825, 0.005316497), (0.09946667, 0.06706667, 0.005166667), (0.0998, 0.06369289, 0.005207107), (0.0998, 0.06395279, 0.005394427), (0.0998, 0.0644, 0.0055), (0.0998, 0.0664, 0.0055), (0.0998, 0.06684721, 0.005394427), (0.0998, 0.06710711, 0.005207107), (0.1358, 0.06369289, 0.005207107), (0.1358, 0.06395279, 0.005394427), (0.1358, 0.0644, 0.0055), (0.1358, 0.0664, 0.0055), (0.1358, 0.06684721, 0.005394427), (0.1358, 0.06710711, 0.005207107), (0.1361333, 0.06373333, 0.005166667), (0.1362082, 0.06399175, 0.005316497), (0.1362472, 0.0644, 0.005394427), (0.1362472, 0.0664, 0.005394427), (0.1362082, 0.06680825, 0.005316497), (0.1361333, 0.06706667, 0.005166667), (0.1363774, 0.06382265, 0.00507735), (0.1364667, 0.06406667, 0.005166667), (0.1365071, 0.0644, 0.005207107), (0.1365071, 0.0664, 0.005207107), (0.1364667, 0.06673333, 0.005166667), (0.1363774, 0.06697735, 0.00507735)]
            int[] faceVertexCounts = [3, 3, 3, 3, 3, 3, 3, 3, 3, 3, 3, 3, 3, 3, 3, 3, 3, 3, 3, 3, 3, 3, 3, 3, 3, 3, 3, 3, 3, 3, 3, 3, 3, 3, 3, 3, 3, 3, 3, 3, 3, 3, 3, 3, 3, 3, 3, 3, 3, 3, 3, 3, 3, 3, 3, 3, 3, 3, 3, 3, 3, 3, 3, 3, 3, 3, 3, 3, 3, 3, 3, 3, 3, 3, 3, 3, 3, 3, 3, 3, 3, 3, 3, 3, 3, 3, 3, 3, 3, 3, 3, 3, 3, 3, 3, 3, 3, 3, 3, 3, 3, 3, 3, 3, 3, 3, 3, 3, 3, 3, 3, 3, 3, 3, 3, 3, 3, 3, 3, 3, 3, 3, 3, 3, 3, 3, 3, 3, 3, 3, 3, 3, 3, 3, 3, 3, 3, 3, 3, 3, 3, 3, 3, 3, 3, 3, 3, 3, 3, 3, 3, 3, 3, 3, 3, 3, 3, 3, 3, 3, 3, 3, 3, 3, 3, 3, 3, 3, 3, 3, 3, 3, 3, 3, 3, 3, 3, 3, 3, 3, 3, 3, 3, 3, 3, 3, 3, 3, 3, 3, 3, 3, 3, 3, 3, 3, 3, 3, 3, 3, 3, 3, 3, 3, 3, 3, 3, 3, 3, 3, 3, 3, 3, 3, 3, 3, 3, 3, 3, 3, 3, 3, 3, 3, 3, 3, 3, 3, 3, 3, 3, 3, 3, 3, 3, 3, 3, 3, 3, 3, 3, 3, 3, 3, 3, 3, 3, 3, 3, 3, 3, 3, 3, 3, 3, 3, 3, 3, 3, 3, 3, 3, 3, 3, 3, 3, 3, 3, 3, 3, 3, 3, 3, 3, 3, 3, 3, 3, 3, 3, 3, 3, 3, 3, 3, 3, 3, 3, 3, 3, 3, 3, 3, 3, 3, 3, 3, 3, 3, 3]
            int[] faceVertexIndices = [1, 7, 6, 1, 6, 0, 2, 8, 7, 2, 7, 1, 3, 9, 8, 3, 8, 2, 4, 10, 9, 4, 9, 3, 5, 11, 10, 5, 10, 4, 7, 13, 12, 7, 12, 6, 8, 14, 13, 8, 13, 7, 9, 15, 14, 9, 14, 8, 10, 16, 15, 10, 15, 9, 11, 17, 16, 11, 16, 10, 13, 19, 18, 13, 18, 12, 14, 20, 19, 14, 19, 13, 15, 21, 20, 15, 20, 14, 16, 22, 21, 16, 21, 15, 17, 23, 22, 17, 22, 16, 19, 25, 24, 19, 24, 18, 20, 26, 25, 20, 25, 19, 21, 27, 26, 21, 26, 20, 22, 28, 27, 22, 27, 21, 23, 29, 28, 23, 28, 22, 25, 31, 30, 25, 30, 24, 26, 32, 31, 26, 31, 25, 27, 33, 32, 27, 32, 26, 28, 34, 33, 28, 33, 27, 29, 35, 34, 29, 34, 28, 36, 42, 43, 36, 43, 37, 37, 43, 44, 37, 44, 38, 38, 44, 45, 38, 45, 39, 39, 45, 46, 39, 46, 40, 40, 46, 47, 40, 47, 41, 42, 48, 49, 42, 49, 43, 43, 49, 50, 43, 50, 44, 44, 50, 51, 44, 51, 45, 45, 51, 52, 45, 52, 46, 46, 52, 53, 46, 53, 47, 48, 54, 55, 48, 55, 49, 49, 55, 56, 49, 56, 50, 50, 56, 57, 50, 57, 51, 51, 57, 58, 51, 58, 52, 52, 58, 59, 52, 59, 53, 54, 60, 61, 54, 61, 55, 55, 61, 62, 55, 62, 56, 56, 62, 63, 56, 63, 57, 57, 63, 64, 57, 64, 58, 58, 64, 65, 58, 65, 59, 60, 66, 67, 60, 67, 61, 61, 67, 68, 61, 68, 62, 62, 68, 69, 62, 69, 63, 63, 69, 70, 63, 70, 64, 64, 70, 71, 64, 71, 65, 73, 79, 78, 73, 78, 72, 74, 80, 79, 74, 79, 73, 75, 81, 80, 75, 80, 74, 76, 82, 81, 76, 81, 75, 77, 83, 82, 77, 82, 76, 79, 85, 84, 79, 84, 78, 80, 86, 85, 80, 85, 79, 81, 87, 86, 81, 86, 80, 82, 88, 87, 82, 87, 81, 83, 89, 88, 83, 88, 82, 85, 91, 90, 85, 90, 84, 86, 92, 91, 86, 91, 85, 87, 93, 92, 87, 92, 86, 88, 94, 93, 88, 93, 87, 89, 95, 94, 89, 94, 88, 91, 97, 96, 91, 96, 90, 92, 98, 97, 92, 97, 91, 93, 99, 98, 93, 98, 92, 94, 100, 99, 94, 99, 93, 95, 101, 100, 95, 100, 94, 97, 103, 102, 97, 102, 96, 98, 104, 103, 98, 103, 97, 99, 105, 104, 99, 104, 98, 100, 106, 105, 100, 105, 99, 101, 107, 106, 101, 106, 100, 108, 114, 115, 108, 115, 109, 109, 115, 116, 109, 116, 110, 110, 116, 117, 110, 117, 111, 111, 117, 118, 111, 118, 112, 112, 118, 119, 112, 119, 113, 114, 120, 121, 114, 121, 115, 115, 121, 122, 115, 122, 116, 116, 122, 123, 116, 123, 117, 117, 123, 124, 117, 124, 118, 118, 124, 125, 118, 125, 119, 120, 126, 127, 120, 127, 121, 121, 127, 128, 121, 128, 122, 122, 128, 129, 122, 129, 123, 123, 129, 130, 123, 130, 124, 124, 130, 131, 124, 131, 125, 126, 132, 133, 126, 133, 127, 127, 133, 134, 127, 134, 128, 128, 134, 135, 128, 135, 129, 129, 135, 136, 129, 136, 130, 130, 136, 137, 130, 137, 131, 132, 138, 139, 132, 139, 133, 133, 139, 140, 133, 140, 134, 134, 140, 141, 134, 141, 135, 135, 141, 142, 135, 142, 136, 136, 142, 143, 136, 143, 137, 145, 151, 150, 145, 150, 144, 146, 152, 151, 146, 151, 145, 147, 153, 152, 147, 152, 146, 148, 154, 153, 148, 153, 147, 149, 155, 154, 149, 154, 148, 151, 157, 156, 151, 156, 150, 152, 158, 157, 152, 157, 151, 153, 159, 158, 153, 158, 152, 154, 160, 159, 154, 159, 153, 155, 161, 160, 155, 160, 154, 157, 163, 162, 157, 162, 156, 158, 164, 163, 158, 163, 157, 159, 165, 164, 159, 164, 158, 160, 166, 165, 160, 165, 159, 161, 167, 166, 161, 166, 160, 163, 169, 168, 163, 168, 162, 164, 170, 169, 164, 169, 163, 165, 171, 170, 165, 170, 164, 166, 172, 171, 166, 171, 165, 167, 173, 172, 167, 172, 166, 169, 175, 174, 169, 174, 168, 170, 176, 175, 170, 175, 169, 171, 177, 176, 171, 176, 170, 172, 178, 177, 172, 177, 171, 173, 179, 178, 173, 178, 172, 180, 186, 187, 180, 187, 181, 181, 187, 188, 181, 188, 182, 182, 188, 189, 182, 189, 183, 183, 189, 190, 183, 190, 184, 184, 190, 191, 184, 191, 185, 186, 192, 193, 186, 193, 187, 187, 193, 194, 187, 194, 188, 188, 194, 195, 188, 195, 189, 189, 195, 196, 189, 196, 190, 190, 196, 197, 190, 197, 191, 192, 198, 199, 192, 199, 193, 193, 199, 200, 193, 200, 194, 194, 200, 201, 194, 201, 195, 195, 201, 202, 195, 202, 196, 196, 202, 203, 196, 203, 197, 198, 204, 205, 198, 205, 199, 199, 205, 206, 199, 206, 200, 200, 206, 207, 200, 207, 201, 201, 207, 208, 201, 208, 202, 202, 208, 209, 202, 209, 203, 204, 210, 211, 204, 211, 205, 205, 211, 212, 205, 212, 206, 206, 212, 213, 206, 213, 207, 207, 213, 214, 207, 214, 208, 208, 214, 215, 208, 215, 209]
            normal3f[] normals = [(-0.7745967, -0.4472136, -0.4472136), (-0.7668657, -0.5195657, -0.376787), (-0.8122155, -0.5831857, -0.01415526), (-0.8112383, -0.5847075, 0.003079211), (-0.7900625, -0.5555967, 0.2590629), (-0.7071068, -0.5, 0.5), (-0.7668657, -0.376787, -0.5195657), (-0.8559572, -0.3656073, -0.3656073), (-0.8985152, -0.4388111, -0.01073584), (-0.9440381, -0.3297559, 0.007284043), (-0.8844941, -0.3299016, 0.3299016), (-0.7900625, -0.2590629, 0.5555967), (-0.8139601, -0.0505854, -0.5787141), (-0.9059127, -0.04128645, -0.4214471), (-0.9974573, -0.06928182, -0.01670231), (-0.9996624, -0.02499418, 0.007099804), (-0.9399818, -0.02911641, 0.3399802), (-0.8111734, -0.01302639, 0.5846607), (-0.8111734, 0.01302639, -0.5846607), (-0.9399818, 0.02911641, -0.3399802), (-0.9996624, 0.02499418, -0.007099804), (-0.9974573, 0.06928182, 0.01670231), (-0.9059127, 0.04128645, 0.4214471), (-0.8139601, 0.0505854, 0.5787141), (-0.7900625, 0.2590629, -0.5555967), (-0.8844941, 0.3299016, -0.3299016), (-0.9440381, 0.3297559, -0.007284043), (-0.8985152, 0.4388111, 0.01073584), (-0.8559572, 0.3656073, 0.3656073), (-0.7668657, 0.376787, 0.5195657), (-0.7071068, 0.5, -0.5), (-0.7900625, 0.5555967, -0.2590629), (-0.8112383, 0.5847075, -0.003079211), (-0.8122155, 0.5831857, 0.01415526), (-0.7668657, 0.5195657, 0.376787), (-0.7745967, 0.4472136, 0.4472136), (0.7071068, -0.5, -0.5), (0.7900625, -0.5555967, -0.2590629), (0.8112383, -0.5847075, -0.003079211), (0.8122155, -0.5831857, 0.01415526), (0.7668657, -0.5195657, 0.376787), (0.7745967, -0.4472136, 0.4472136), (0.7900625, -0.2590629, -0.5555967), (0.8844941, -0.3299016, -0.3299016), (0.9440381, -0.3297559, -0.007284043), (0.8985152, -0.4388111, 0.01073584), (0.8559572, -0.3656073, 0.3656073), (0.7668657, -0.376787, 0.5195657), (0.8111734, -0.01302639, -0.5846607), (0.9399818, -0.02911641, -0.3399802), (0.9996624, -0.02499418, -0.007099804), (0.9974573, -0.06928182, 0.01670231), (0.9059127, -0.04128645, 0.4214471), (0.8139601, -0.0505854, 0.5787141), (0.8139601, 0.0505854, -0.5787141), (0.9059127, 0.04128645, -0.4214471), (0.9974573, 0.06928182, -0.01670231), (0.9996624, 0.02499418, 0.007099804), (0.9399818, 0.02911641, 0.3399802), (0.8111734, 0.01302639, 0.5846607), (0.7668657, 0.376787, -0.5195657), (0.8559572, 0.3656073, -0.3656073), (0.8985152, 0.4388111, -0.01073584), (0.9440381, 0.3297559, 0.007284043), (0.8844941, 0.3299016, 0.3299016), (0.7900625, 0.2590629, 0.5555967), (0.7745967, 0.4472136, -0.4472136), (0.7668657, 0.5195657, -0.376787), (0.8122155, 0.5831857, -0.01415526), (0.8112383, 0.5847075, 0.003079211), (0.7900625, 0.5555967, 0.2590629), (0.7071068, 0.5, 0.5), (-0.4472136, -0.7745967, -0.4472136), (-0.376787, -0.7668657, -0.5195657), (-0.003746028, -0.8115158, -0.5843184), (0.0007804488, -0.8112419, -0.5847101), (0.2590629, -0.7900625, -0.5555967), (0.5, -0.7071068, -0.5), (-0.5195657, -0.7668657, -0.376787), (-0.3656073, -0.8559572, -0.3656073), (-0.002784934, -0.8964006, -0.4432361), (0.001871272, -0.9449564, -0.3271909), (0.3299016, -0.8844941, -0.3299016), (0.5555967, -0.7900625, -0.2590629), (-0.5831857, -0.8122155, -0.01415526), (-0.4388111, -0.8985152, -0.01073584), (-0.005342494, -0.9997656, -0.02098142), (0.00154408, -0.9999819, -0.005808041), (0.3297559, -0.9440381, -0.007284043), (0.5847075, -0.8112383, -0.003079211), (-0.5847075, -0.8112383, 0.003079211), (-0.3297559, -0.9440381, 0.007284043), (-0.00154408, -0.9999819, 0.005808041), (0.005342494, -0.9997656, 0.02098142), (0.4388111, -0.8985152, 0.01073584), (0.5831857, -0.8122155, 0.01415526), (-0.5555967, -0.7900625, 0.2590629), (-0.3299016, -0.8844941, 0.3299016), (-0.001871272, -0.9449564, 0.3271909), (0.002784934, -0.8964006, 0.4432361), (0.3656073, -0.8559572, 0.3656073), (0.5195657, -0.7668657, 0.376787), (-0.5, -0.7071068, 0.5), (-0.2590629, -0.7900625, 0.5555967), (-0.0007804488, -0.8112419, 0.5847101), (0.003746028, -0.8115158, 0.5843184), (0.376787, -0.7668657, 0.5195657), (0.4472136, -0.7745967, 0.4472136), (-0.5, 0.7071068, -0.5), (-0.2590629, 0.7900625, -0.5555967), (-0.0007804488, 0.8112419, -0.5847101), (0.003746028, 0.8115158, -0.5843184), (0.376787, 0.7668657, -0.5195657), (0.4472136, 0.7745967, -0.4472136), (-0.5555967, 0.7900625, -0.2590629), (-0.3299016, 0.8844941, -0.3299016), (-0.001871272, 0.9449564, -0.3271909), (0.002784934, 0.8964006, -0.4432361), (0.3656073, 0.8559572, -0.3656073), (0.5195657, 0.7668657, -0.376787), (-0.5847075, 0.8112383, -0.003079211), (-0.3297559, 0.9440381, -0.007284043), (-0.00154408, 0.9999819, -0.005808041), (0.005342494, 0.9997656, -0.02098142), (0.4388111, 0.8985152, -0.01073584), (0.5831857, 0.8122155, -0.01415526), (-0.5831857, 0.8122155, 0.01415526), (-0.4388111, 0.8985152, 0.01073584), (-0.005342494, 0.9997656, 0.02098142), (0.00154408, 0.9999819, 0.005808041), (0.3297559, 0.9440381, 0.007284043), (0.5847075, 0.8112383, 0.003079211), (-0.5195657, 0.7668657, 0.376787), (-0.3656073, 0.8559572, 0.3656073), (-0.002784934, 0.8964006, 0.4432361), (0.001871272, 0.9449564, 0.3271909), (0.3299016, 0.8844941, 0.3299016), (0.5555967, 0.7900625, 0.2590629), (-0.4472136, 0.7745967, 0.4472136), (-0.376787, 0.7668657, 0.5195657), (-0.003746028, 0.8115158, 0.5843184), (0.0007804488, 0.8112419, 0.5847101), (0.2590629, 0.7900625, 0.5555967), (0.5, 0.7071068, 0.5), (-0.4472136, -0.4472136, -0.7745967), (-0.5195657, -0.376787, -0.7668657), (-0.5787141, -0.0505854, -0.8139601), (-0.5846607, 0.01302639, -0.8111734), (-0.5555967, 0.2590629, -0.7900625), (-0.5, 0.5, -0.7071068), (-0.376787, -0.5195657, -0.7668657), (-0.3656073, -0.3656073, -0.8559572), (-0.4214471, -0.04128645, -0.9059127), (-0.3399802, 0.02911641, -0.9399818), (-0.3299016, 0.3299016, -0.8844941), (-0.2590629, 0.5555967, -0.7900625), (-0.003746028, -0.5843184, -0.8115158), (-0.002784934, -0.4432361, -0.8964006), (-0.004409972, -0.07184053, -0.9974064), (-0.001816602, 0.02405537, -0.999709), (-0.001871272, 0.3271909, -0.9449564), (-0.0007804488, 0.5847101, -0.8112419), (0.0007804488, -0.5847101, -0.8112419), (0.001871272, -0.3271909, -0.9449564), (0.001816602, -0.02405537, -0.999709), (0.004409972, 0.07184053, -0.9974064), (0.002784934, 0.4432361, -0.8964006), (0.003746028, 0.5843184, -0.8115158), (0.2590629, -0.5555967, -0.7900625), (0.3299016, -0.3299016, -0.8844941), (0.3399802, -0.02911641, -0.9399818), (0.4214471, 0.04128645, -0.9059127), (0.3656073, 0.3656073, -0.8559572), (0.376787, 0.5195657, -0.7668657), (0.5, -0.5, -0.7071068), (0.5555967, -0.2590629, -0.7900625), (0.5846607, -0.01302639, -0.8111734), (0.5787141, 0.0505854, -0.8139601), (0.5195657, 0.376787, -0.7668657), (0.4472136, 0.4472136, -0.7745967), (-0.5, -0.5, 0.7071068), (-0.5555967, -0.2590629, 0.7900625), (-0.5846607, -0.01302639, 0.8111734), (-0.5787141, 0.0505854, 0.8139601), (-0.5195657, 0.376787, 0.7668657), (-0.4472136, 0.4472136, 0.7745967), (-0.2590629, -0.5555967, 0.7900625), (-0.3299016, -0.3299016, 0.8844941), (-0.3399802, -0.02911641, 0.9399818), (-0.4214471, 0.04128645, 0.9059127), (-0.3656073, 0.3656073, 0.8559572), (-0.376787, 0.5195657, 0.7668657), (-0.0007804488, -0.5847101, 0.8112419), (-0.001871272, -0.3271909, 0.9449564), (-0.001816602, -0.02405537, 0.999709), (-0.004409972, 0.07184053, 0.9974064), (-0.002784934, 0.4432361, 0.8964006), (-0.003746028, 0.5843184, 0.8115158), (0.003746028, -0.5843184, 0.8115158), (0.002784934, -0.4432361, 0.8964006), (0.004409972, -0.07184053, 0.9974064), (0.001816602, 0.02405537, 0.999709), (0.001871272, 0.3271909, 0.9449564), (0.0007804488, 0.5847101, 0.8112419), (0.376787, -0.5195657, 0.7668657), (0.3656073, -0.3656073, 0.8559572), (0.4214471, -0.04128645, 0.9059127), (0.3399802, 0.02911641, 0.9399818), (0.3299016, 0.3299016, 0.8844941), (0.2590629, 0.5555967, 0.7900625), (0.4472136, -0.4472136, 0.7745967), (0.5195657, -0.376787, 0.7668657), (0.5787141, -0.0505854, 0.8139601), (0.5846607, 0.01302639, 0.8111734), (0.5555967, 0.2590629, 0.7900625), (0.5, 0.5, 0.7071068)] (interpolation = "vertex")
            float3[] extent = [(0.0988, 0.0634, -0.0055), (0.1368, 0.0674, 0.0055)]
            rel material:binding = </WorkbenchPart/Materials/black_metal>
            texCoord2f[] primvars:st = [(7.081481, -0.537037), (7.110195, -0.5453609), (7.118519, -0.5740741), (7.081481, -0.537037), (7.118519, -0.5740741), (7.091406, -0.56415), (7.076988, -0.5), (7.105865, -0.5), (7.110195, -0.5453609), (7.076988, -0.5), (7.110195, -0.5453609), (7.081481, -0.537037), (7.076988, 0.5), (7.105865, 0.5), (7.105865, -0.5), (7.076988, 0.5), (7.105865, -0.5), (7.076988, -0.5), (7.081481, 0.537037), (7.110195, 0.5453609), (7.105865, 0.5), (7.081481, 0.537037), (7.105865, 0.5), (7.076988, 0.5), (7.091406, 0.56415), (7.118519, 0.5740741), (7.110195, 0.5453609), (7.091406, 0.56415), (7.110195, 0.5453609), (7.081481, 0.537037), (7.110195, -0.5453609), (7.155556, -0.5496904), (7.155556, -0.5785674), (7.110195, -0.5453609), (7.155556, -0.5785674), (7.118519, -0.5740741), (7.105865, -0.5), (7.155556, -0.5), (7.155556, -0.5496904), (7.105865, -0.5), (7.155556, -0.5496904), (7.110195, -0.5453609), (7.105865, 0.5), (7.155556, 0.5), (7.155556, -0.5), (7.105865, 0.5), (7.155556, -0.5), (7.105865, -0.5), (7.110195, 0.5453609), (7.155556, 0.5496904), (7.155556, 0.5), (7.110195, 0.5453609), (7.155556, 0.5), (7.105865, 0.5), (7.118519, 0.5740741), (7.155556, 0.5785674), (7.155556, 0.5496904), (7.118519, 0.5740741), (7.155556, 0.5496904), (7.110195, 0.5453609), (7.155556, -0.5496904), (7.377778, -0.5496904), (7.377778, -0.5785674), (7.155556, -0.5496904), (7.377778, -0.5785674), (7.155556, -0.5785674), (7.155556, -0.5), (7.377778, -0.5), (7.377778, -0.5496904), (7.155556, -0.5), (7.377778, -0.5496904), (7.155556, -0.5496904), (7.155556, 0.5), (7.377778, 0.5), (7.377778, -0.5), (7.155556, 0.5), (7.377778, -0.5), (7.155556, -0.5), (7.155556, 0.5496904), (7.377778, 0.5496904), (7.377778, 0.5), (7.155556, 0.5496904), (7.377778, 0.5), (7.155556, 0.5), (7.155556, 0.5785674), (7.377778, 0.5785674), (7.377778, 0.5496904), (7.155556, 0.5785674), (7.377778, 0.5496904), (7.155556, 0.5496904), (7.377778, -0.5496904), (7.423139, -0.5453609), (7.414815, -0.5740741), (7.377778, -0.5496904), (7.414815, -0.5740741), (7.377778, -0.5785674), (7.377778, -0.5), (7.427468, -0.5), (7.423139, -0.5453609), (7.377778, -0.5), (7.423139, -0.5453609), (7.377778, -0.5496904), (7.377778, 0.5), (7.427468, 0.5), (7.427468, -0.5), (7.377778, 0.5), (7.427468, -0.5), (7.377778, -0.5), (7.377778, 0.5496904), (7.423139, 0.5453609), (7.427468, 0.5), (7.377778, 0.5496904), (7.427468, 0.5), (7.377778, 0.5), (7.377778, 0.5785674), (7.414815, 0.5740741), (7.423139, 0.5453609), (7.377778, 0.5785674), (7.423139, 0.5453609), (7.377778, 0.5496904), (7.423139, -0.5453609), (7.451852, -0.537037), (7.441928, -0.56415), (7.423139, -0.5453609), (7.441928, -0.56415), (7.414815, -0.5740741), (7.427468, -0.5), (7.456345, -0.5), (7.451852, -0.537037), (7.427468, -0.5), (7.451852, -0.537037), (7.423139, -0.5453609), (7.427468, 0.5), (7.456345, 0.5), (7.456345, -0.5), (7.427468, 0.5), (7.456345, -0.5), (7.427468, -0.5), (7.423139, 0.5453609), (7.451852, 0.537037), (7.456345, 0.5), (7.423139, 0.5453609), (7.456345, 0.5), (7.427468, 0.5), (7.414815, 0.5740741), (7.441928, 0.56415), (7.451852, 0.537037), (7.414815, 0.5740741), (7.451852, 0.537037), (7.423139, 0.5453609), (7.091406, -0.56415), (7.118519, -0.5740741), (7.110195, -0.5453609), (7.091406, -0.56415), (7.110195, -0.5453609), (7.081481, -0.537037), (7.081481, -0.537037), (7.110195, -0.5453609), (7.105865, -0.5), (7.081481, -0.537037), (7.105865, -0.5), (7.076988, -0.5), (7.076988, -0.5), (7.105865, -0.5), (7.105865, 0.5), (7.076988, -0.5), (7.105865, 0.5), (7.076988, 0.5), (7.076988, 0.5), (7.105865, 0.5), (7.110195, 0.5453609), (7.076988, 0.5), (7.110195, 0.5453609), (7.081481, 0.537037), (7.081481, 0.537037), (7.110195, 0.5453609), (7.118519, 0.5740741), (7.081481, 0.537037), (7.118519, 0.5740741), (7.091406, 0.56415), (7.118519, -0.5740741), (7.155556, -0.5785674), (7.155556, -0.5496904), (7.118519, -0.5740741), (7.155556, -0.5496904), (7.110195, -0.5453609), (7.110195, -0.5453609), (7.155556, -0.5496904), (7.155556, -0.5), (7.110195, -0.5453609), (7.155556, -0.5), (7.105865, -0.5), (7.105865, -0.5), (7.155556, -0.5), (7.155556, 0.5), (7.105865, -0.5), (7.155556, 0.5), (7.105865, 0.5), (7.105865, 0.5), (7.155556, 0.5), (7.155556, 0.5496904), (7.105865, 0.5), (7.155556, 0.5496904), (7.110195, 0.5453609), (7.110195, 0.5453609), (7.155556, 0.5496904), (7.155556, 0.5785674), (7.110195, 0.5453609), (7.155556, 0.5785674), (7.118519, 0.5740741), (7.155556, -0.5785674), (7.377778, -0.5785674), (7.377778, -0.5496904), (7.155556, -0.5785674), (7.377778, -0.5496904), (7.155556, -0.5496904), (7.155556, -0.5496904), (7.377778, -0.5496904), (7.377778, -0.5), (7.155556, -0.5496904), (7.377778, -0.5), (7.155556, -0.5), (7.155556, -0.5), (7.377778, -0.5), (7.377778, 0.5), (7.155556, -0.5), (7.377778, 0.5), (7.155556, 0.5), (7.155556, 0.5), (7.377778, 0.5), (7.377778, 0.5496904), (7.155556, 0.5), (7.377778, 0.5496904), (7.155556, 0.5496904), (7.155556, 0.5496904), (7.377778, 0.5496904), (7.377778, 0.5785674), (7.155556, 0.5496904), (7.377778, 0.5785674), (7.155556, 0.5785674), (7.377778, -0.5785674), (7.414815, -0.5740741), (7.423139, -0.5453609), (7.377778, -0.5785674), (7.423139, -0.5453609), (7.377778, -0.5496904), (7.377778, -0.5496904), (7.423139, -0.5453609), (7.427468, -0.5), (7.377778, -0.5496904), (7.427468, -0.5), (7.377778, -0.5), (7.377778, -0.5), (7.427468, -0.5), (7.427468, 0.5), (7.377778, -0.5), (7.427468, 0.5), (7.377778, 0.5), (7.377778, 0.5), (7.427468, 0.5), (7.423139, 0.5453609), (7.377778, 0.5), (7.423139, 0.5453609), (7.377778, 0.5496904), (7.377778, 0.5496904), (7.423139, 0.5453609), (7.414815, 0.5740741), (7.377778, 0.5496904), (7.414815, 0.5740741), (7.377778, 0.5785674), (7.414815, -0.5740741), (7.441928, -0.56415), (7.451852, -0.537037), (7.414815, -0.5740741), (7.451852, -0.537037), (7.423139, -0.5453609), (7.423139, -0.5453609), (7.451852, -0.537037), (7.456345, -0.5), (7.423139, -0.5453609), (7.456345, -0.5), (7.427468, -0.5), (7.427468, -0.5), (7.456345, -0.5), (7.456345, 0.5), (7.427468, -0.5), (7.456345, 0.5), (7.427468, 0.5), (7.427468, 0.5), (7.456345, 0.5), (7.451852, 0.537037), (7.427468, 0.5), (7.451852, 0.537037), (7.423139, 0.5453609), (7.423139, 0.5453609), (7.451852, 0.537037), (7.441928, 0.56415), (7.423139, 0.5453609), (7.441928, 0.56415), (7.414815, 0.5740741), (11.05185, -0.5740741), (11.04353, -0.5453609), (11.01481, -0.537037), (11.05185, -0.5740741), (11.01481, -0.537037), (11.02474, -0.56415), (11.08889, -0.5785674), (11.08889, -0.5496904), (11.04353, -0.5453609), (11.08889, -0.5785674), (11.04353, -0.5453609), (11.05185, -0.5740741), (15.08889, -0.5785674), (15.08889, -0.5496904), (11.08889, -0.5496904), (15.08889, -0.5785674), (11.08889, -0.5496904), (11.08889, -0.5785674), (15.12593, -0.5740741), (15.13425, -0.5453609), (15.08889, -0.5496904), (15.12593, -0.5740741), (15.08889, -0.5496904), (15.08889, -0.5785674), (15.15304, -0.56415), (15.16296, -0.537037), (15.13425, -0.5453609), (15.15304, -0.56415), (15.13425, -0.5453609), (15.12593, -0.5740741), (11.04353, -0.5453609), (11.0392, -0.5), (11.01032, -0.5), (11.04353, -0.5453609), (11.01032, -0.5), (11.01481, -0.537037), (11.08889, -0.5496904), (11.08889, -0.5), (11.0392, -0.5), (11.08889, -0.5496904), (11.0392, -0.5), (11.04353, -0.5453609), (15.08889, -0.5496904), (15.08889, -0.5), (11.08889, -0.5), (15.08889, -0.5496904), (11.08889, -0.5), (11.08889, -0.5496904), (15.13425, -0.5453609), (15.13858, -0.5), (15.08889, -0.5), (15.13425, -0.5453609), (15.08889, -0.5), (15.08889, -0.5496904), (15.16296, -0.537037), (15.16746, -0.5), (15.13858, -0.5), (15.16296, -0.537037), (15.13858, -0.5), (15.13425, -0.5453609), (11.0392, -0.5), (11.0392, 0.5), (11.01032, 0.5), (11.0392, -0.5), (11.01032, 0.5), (11.01032, -0.5), (11.08889, -0.5), (11.08889, 0.5), (11.0392, 0.5), (11.08889, -0.5), (11.0392, 0.5), (11.0392, -0.5), (15.08889, -0.5), (15.08889, 0.5), (11.08889, 0.5), (15.08889, -0.5), (11.08889, 0.5), (11.08889, -0.5), (15.13858, -0.5), (15.13858, 0.5), (15.08889, 0.5), (15.13858, -0.5), (15.08889, 0.5), (15.08889, -0.5), (15.16746, -0.5), (15.16746, 0.5), (15.13858, 0.5), (15.16746, -0.5), (15.13858, 0.5), (15.13858, -0.5), (11.0392, 0.5), (11.04353, 0.5453609), (11.01481, 0.537037), (11.0392, 0.5), (11.01481, 0.537037), (11.01032, 0.5), (11.08889, 0.5), (11.08889, 0.5496904), (11.04353, 0.5453609), (11.08889, 0.5), (11.04353, 0.5453609), (11.0392, 0.5), (15.08889, 0.5), (15.08889, 0.5496904), (11.08889, 0.5496904), (15.08889, 0.5), (11.08889, 0.5496904), (11.08889, 0.5), (15.13858, 0.5), (15.13425, 0.5453609), (15.08889, 0.5496904), (15.13858, 0.5), (15.08889, 0.5496904), (15.08889, 0.5), (15.16746, 0.5), (15.16296, 0.537037), (15.13425, 0.5453609), (15.16746, 0.5), (15.13425, 0.5453609), (15.13858, 0.5), (11.04353, 0.5453609), (11.05185, 0.5740741), (11.02474, 0.56415), (11.04353, 0.5453609), (11.02474, 0.56415), (11.01481, 0.537037), (11.08889, 0.5496904), (11.08889, 0.5785674), (11.05185, 0.5740741), (11.08889, 0.5496904), (11.05185, 0.5740741), (11.04353, 0.5453609), (15.08889, 0.5496904), (15.08889, 0.5785674), (11.08889, 0.5785674), (15.08889, 0.5496904), (11.08889, 0.5785674), (11.08889, 0.5496904), (15.13425, 0.5453609), (15.12593, 0.5740741), (15.08889, 0.5785674), (15.13425, 0.5453609), (15.08889, 0.5785674), (15.08889, 0.5496904), (15.16296, 0.537037), (15.15304, 0.56415), (15.12593, 0.5740741), (15.16296, 0.537037), (15.12593, 0.5740741), (15.13425, 0.5453609), (11.02474, -0.56415), (11.01481, -0.537037), (11.04353, -0.5453609), (11.02474, -0.56415), (11.04353, -0.5453609), (11.05185, -0.5740741), (11.05185, -0.5740741), (11.04353, -0.5453609), (11.08889, -0.5496904), (11.05185, -0.5740741), (11.08889, -0.5496904), (11.08889, -0.5785674), (11.08889, -0.5785674), (11.08889, -0.5496904), (15.08889, -0.5496904), (11.08889, -0.5785674), (15.08889, -0.5496904), (15.08889, -0.5785674), (15.08889, -0.5785674), (15.08889, -0.5496904), (15.13425, -0.5453609), (15.08889, -0.5785674), (15.13425, -0.5453609), (15.12593, -0.5740741), (15.12593, -0.5740741), (15.13425, -0.5453609), (15.16296, -0.537037), (15.12593, -0.5740741), (15.16296, -0.537037), (15.15304, -0.56415), (11.01481, -0.537037), (11.01032, -0.5), (11.0392, -0.5), (11.01481, -0.537037), (11.0392, -0.5), (11.04353, -0.5453609), (11.04353, -0.5453609), (11.0392, -0.5), (11.08889, -0.5), (11.04353, -0.5453609), (11.08889, -0.5), (11.08889, -0.5496904), (11.08889, -0.5496904), (11.08889, -0.5), (15.08889, -0.5), (11.08889, -0.5496904), (15.08889, -0.5), (15.08889, -0.5496904), (15.08889, -0.5496904), (15.08889, -0.5), (15.13858, -0.5), (15.08889, -0.5496904), (15.13858, -0.5), (15.13425, -0.5453609), (15.13425, -0.5453609), (15.13858, -0.5), (15.16746, -0.5), (15.13425, -0.5453609), (15.16746, -0.5), (15.16296, -0.537037), (11.01032, -0.5), (11.01032, 0.5), (11.0392, 0.5), (11.01032, -0.5), (11.0392, 0.5), (11.0392, -0.5), (11.0392, -0.5), (11.0392, 0.5), (11.08889, 0.5), (11.0392, -0.5), (11.08889, 0.5), (11.08889, -0.5), (11.08889, -0.5), (11.08889, 0.5), (15.08889, 0.5), (11.08889, -0.5), (15.08889, 0.5), (15.08889, -0.5), (15.08889, -0.5), (15.08889, 0.5), (15.13858, 0.5), (15.08889, -0.5), (15.13858, 0.5), (15.13858, -0.5), (15.13858, -0.5), (15.13858, 0.5), (15.16746, 0.5), (15.13858, -0.5), (15.16746, 0.5), (15.16746, -0.5), (11.01032, 0.5), (11.01481, 0.537037), (11.04353, 0.5453609), (11.01032, 0.5), (11.04353, 0.5453609), (11.0392, 0.5), (11.0392, 0.5), (11.04353, 0.5453609), (11.08889, 0.5496904), (11.0392, 0.5), (11.08889, 0.5496904), (11.08889, 0.5), (11.08889, 0.5), (11.08889, 0.5496904), (15.08889, 0.5496904), (11.08889, 0.5), (15.08889, 0.5496904), (15.08889, 0.5), (15.08889, 0.5), (15.08889, 0.5496904), (15.13425, 0.5453609), (15.08889, 0.5), (15.13425, 0.5453609), (15.13858, 0.5), (15.13858, 0.5), (15.13425, 0.5453609), (15.16296, 0.537037), (15.13858, 0.5), (15.16296, 0.537037), (15.16746, 0.5), (11.01481, 0.537037), (11.02474, 0.56415), (11.05185, 0.5740741), (11.01481, 0.537037), (11.05185, 0.5740741), (11.04353, 0.5453609), (11.04353, 0.5453609), (11.05185, 0.5740741), (11.08889, 0.5785674), (11.04353, 0.5453609), (11.08889, 0.5785674), (11.08889, 0.5496904), (11.08889, 0.5496904), (11.08889, 0.5785674), (15.08889, 0.5785674), (11.08889, 0.5496904), (15.08889, 0.5785674), (15.08889, 0.5496904), (15.08889, 0.5496904), (15.08889, 0.5785674), (15.12593, 0.5740741), (15.08889, 0.5496904), (15.12593, 0.5740741), (15.13425, 0.5453609), (15.13425, 0.5453609), (15.12593, 0.5740741), (15.15304, 0.56415), (15.13425, 0.5453609), (15.15304, 0.56415), (15.16296, 0.537037), (11.01481, 7.118519), (11.04353, 7.110195), (11.05185, 7.081481), (11.01481, 7.118519), (11.05185, 7.081481), (11.02474, 7.091406), (11.01032, 7.155556), (11.0392, 7.155556), (11.04353, 7.110195), (11.01032, 7.155556), (11.04353, 7.110195), (11.01481, 7.118519), (11.01032, 7.377778), (11.0392, 7.377778), (11.0392, 7.155556), (11.01032, 7.377778), (11.0392, 7.155556), (11.01032, 7.155556), (11.01481, 7.414815), (11.04353, 7.423139), (11.0392, 7.377778), (11.01481, 7.414815), (11.0392, 7.377778), (11.01032, 7.377778), (11.02474, 7.441928), (11.05185, 7.451852), (11.04353, 7.423139), (11.02474, 7.441928), (11.04353, 7.423139), (11.01481, 7.414815), (11.04353, 7.110195), (11.08889, 7.105865), (11.08889, 7.076988), (11.04353, 7.110195), (11.08889, 7.076988), (11.05185, 7.081481), (11.0392, 7.155556), (11.08889, 7.155556), (11.08889, 7.105865), (11.0392, 7.155556), (11.08889, 7.105865), (11.04353, 7.110195), (11.0392, 7.377778), (11.08889, 7.377778), (11.08889, 7.155556), (11.0392, 7.377778), (11.08889, 7.155556), (11.0392, 7.155556), (11.04353, 7.423139), (11.08889, 7.427468), (11.08889, 7.377778), (11.04353, 7.423139), (11.08889, 7.377778), (11.0392, 7.377778), (11.05185, 7.451852), (11.08889, 7.456345), (11.08889, 7.427468), (11.05185, 7.451852), (11.08889, 7.427468), (11.04353, 7.423139), (11.08889, 7.105865), (15.08889, 7.105865), (15.08889, 7.076988), (11.08889, 7.105865), (15.08889, 7.076988), (11.08889, 7.076988), (11.08889, 7.155556), (15.08889, 7.155556), (15.08889, 7.105865), (11.08889, 7.155556), (15.08889, 7.105865), (11.08889, 7.105865), (11.08889, 7.377778), (15.08889, 7.377778), (15.08889, 7.155556), (11.08889, 7.377778), (15.08889, 7.155556), (11.08889, 7.155556), (11.08889, 7.427468), (15.08889, 7.427468), (15.08889, 7.377778), (11.08889, 7.427468), (15.08889, 7.377778), (11.08889, 7.377778), (11.08889, 7.456345), (15.08889, 7.456345), (15.08889, 7.427468), (11.08889, 7.456345), (15.08889, 7.427468), (11.08889, 7.427468), (15.08889, 7.105865), (15.13425, 7.110195), (15.12593, 7.081481), (15.08889, 7.105865), (15.12593, 7.081481), (15.08889, 7.076988), (15.08889, 7.155556), (15.13858, 7.155556), (15.13425, 7.110195), (15.08889, 7.155556), (15.13425, 7.110195), (15.08889, 7.105865), (15.08889, 7.377778), (15.13858, 7.377778), (15.13858, 7.155556), (15.08889, 7.377778), (15.13858, 7.155556), (15.08889, 7.155556), (15.08889, 7.427468), (15.13425, 7.423139), (15.13858, 7.377778), (15.08889, 7.427468), (15.13858, 7.377778), (15.08889, 7.377778), (15.08889, 7.456345), (15.12593, 7.451852), (15.13425, 7.423139), (15.08889, 7.456345), (15.13425, 7.423139), (15.08889, 7.427468), (15.13425, 7.110195), (15.16296, 7.118519), (15.15304, 7.091406), (15.13425, 7.110195), (15.15304, 7.091406), (15.12593, 7.081481), (15.13858, 7.155556), (15.16746, 7.155556), (15.16296, 7.118519), (15.13858, 7.155556), (15.16296, 7.118519), (15.13425, 7.110195), (15.13858, 7.377778), (15.16746, 7.377778), (15.16746, 7.155556), (15.13858, 7.377778), (15.16746, 7.155556), (15.13858, 7.155556), (15.13425, 7.423139), (15.16296, 7.414815), (15.16746, 7.377778), (15.13425, 7.423139), (15.16746, 7.377778), (15.13858, 7.377778), (15.12593, 7.451852), (15.15304, 7.441928), (15.16296, 7.414815), (15.12593, 7.451852), (15.16296, 7.414815), (15.13425, 7.423139), (11.02474, 7.091406), (11.05185, 7.081481), (11.04353, 7.110195), (11.02474, 7.091406), (11.04353, 7.110195), (11.01481, 7.118519), (11.01481, 7.118519), (11.04353, 7.110195), (11.0392, 7.155556), (11.01481, 7.118519), (11.0392, 7.155556), (11.01032, 7.155556), (11.01032, 7.155556), (11.0392, 7.155556), (11.0392, 7.377778), (11.01032, 7.155556), (11.0392, 7.377778), (11.01032, 7.377778), (11.01032, 7.377778), (11.0392, 7.377778), (11.04353, 7.423139), (11.01032, 7.377778), (11.04353, 7.423139), (11.01481, 7.414815), (11.01481, 7.414815), (11.04353, 7.423139), (11.05185, 7.451852), (11.01481, 7.414815), (11.05185, 7.451852), (11.02474, 7.441928), (11.05185, 7.081481), (11.08889, 7.076988), (11.08889, 7.105865), (11.05185, 7.081481), (11.08889, 7.105865), (11.04353, 7.110195), (11.04353, 7.110195), (11.08889, 7.105865), (11.08889, 7.155556), (11.04353, 7.110195), (11.08889, 7.155556), (11.0392, 7.155556), (11.0392, 7.155556), (11.08889, 7.155556), (11.08889, 7.377778), (11.0392, 7.155556), (11.08889, 7.377778), (11.0392, 7.377778), (11.0392, 7.377778), (11.08889, 7.377778), (11.08889, 7.427468), (11.0392, 7.377778), (11.08889, 7.427468), (11.04353, 7.423139), (11.04353, 7.423139), (11.08889, 7.427468), (11.08889, 7.456345), (11.04353, 7.423139), (11.08889, 7.456345), (11.05185, 7.451852), (11.08889, 7.076988), (15.08889, 7.076988), (15.08889, 7.105865), (11.08889, 7.076988), (15.08889, 7.105865), (11.08889, 7.105865), (11.08889, 7.105865), (15.08889, 7.105865), (15.08889, 7.155556), (11.08889, 7.105865), (15.08889, 7.155556), (11.08889, 7.155556), (11.08889, 7.155556), (15.08889, 7.155556), (15.08889, 7.377778), (11.08889, 7.155556), (15.08889, 7.377778), (11.08889, 7.377778), (11.08889, 7.377778), (15.08889, 7.377778), (15.08889, 7.427468), (11.08889, 7.377778), (15.08889, 7.427468), (11.08889, 7.427468), (11.08889, 7.427468), (15.08889, 7.427468), (15.08889, 7.456345), (11.08889, 7.427468), (15.08889, 7.456345), (11.08889, 7.456345), (15.08889, 7.076988), (15.12593, 7.081481), (15.13425, 7.110195), (15.08889, 7.076988), (15.13425, 7.110195), (15.08889, 7.105865), (15.08889, 7.105865), (15.13425, 7.110195), (15.13858, 7.155556), (15.08889, 7.105865), (15.13858, 7.155556), (15.08889, 7.155556), (15.08889, 7.155556), (15.13858, 7.155556), (15.13858, 7.377778), (15.08889, 7.155556), (15.13858, 7.377778), (15.08889, 7.377778), (15.08889, 7.377778), (15.13858, 7.377778), (15.13425, 7.423139), (15.08889, 7.377778), (15.13425, 7.423139), (15.08889, 7.427468), (15.08889, 7.427468), (15.13425, 7.423139), (15.12593, 7.451852), (15.08889, 7.427468), (15.12593, 7.451852), (15.08889, 7.456345), (15.12593, 7.081481), (15.15304, 7.091406), (15.16296, 7.118519), (15.12593, 7.081481), (15.16296, 7.118519), (15.13425, 7.110195), (15.13425, 7.110195), (15.16296, 7.118519), (15.16746, 7.155556), (15.13425, 7.110195), (15.16746, 7.155556), (15.13858, 7.155556), (15.13858, 7.155556), (15.16746, 7.155556), (15.16746, 7.377778), (15.13858, 7.155556), (15.16746, 7.377778), (15.13858, 7.377778), (15.13858, 7.377778), (15.16746, 7.377778), (15.16296, 7.414815), (15.13858, 7.377778), (15.16296, 7.414815), (15.13425, 7.423139), (15.13425, 7.423139), (15.16296, 7.414815), (15.15304, 7.441928), (15.13425, 7.423139), (15.15304, 7.441928), (15.12593, 7.451852)] (interpolation = "faceVarying")
        }
        def Mesh "Skid_02" (prepend apiSchemas = ["MaterialBindingAPI"])
        {
            uniform token subdivisionScheme = "none"
            uniform token orientation = "rightHanded"
            bool doubleSided = false
            point3f[] points = [(0.136004, -0.088, -0.0225), (0.1360154, -0.08826147, -0.0225), (0.1360496, -0.08852094, -0.0225), (0.1361062, -0.08877646, -0.0225), (0.1361849, -0.08902606, -0.0225), (0.1362851, -0.08926785, -0.0225), (0.1364059, -0.0895, -0.0225), (0.1365465, -0.08972073, -0.0225), (0.1367059, -0.08992836, -0.0225), (0.1368827, -0.09012132, -0.0225), (0.1370756, -0.09029813, -0.0225), (0.1372833, -0.09045746, -0.0225), (0.137504, -0.09059808, -0.0225), (0.1377361, -0.09071892, -0.0225), (0.1379779, -0.09081908, -0.0225), (0.1382275, -0.09089778, -0.0225), (0.1384831, -0.09095442, -0.0225), (0.1387425, -0.09098858, -0.0225), (0.139004, -0.091, -0.0225), (0.1392655, -0.09098858, -0.0225), (0.1395249, -0.09095442, -0.0225), (0.1397805, -0.09089778, -0.0225), (0.1400301, -0.09081908, -0.0225), (0.1402719, -0.09071892, -0.0225), (0.140504, -0.09059808, -0.0225), (0.1407247, -0.09045746, -0.0225), (0.1409324, -0.09029813, -0.0225), (0.1411253, -0.09012132, -0.0225), (0.1413021, -0.08992836, -0.0225), (0.1414615, -0.08972073, -0.0225), (0.1416021, -0.0895, -0.0225), (0.1417229, -0.08926785, -0.0225), (0.1418231, -0.08902606, -0.0225), (0.1419018, -0.08877646, -0.0225), (0.1419584, -0.08852094, -0.0225), (0.1419926, -0.08826147, -0.0225), (0.142004, -0.088, -0.0225), (0.1419926, -0.08773853, -0.0225), (0.1419584, -0.08747906, -0.0225), (0.1419018, -0.08722354, -0.0225), (0.1418231, -0.08697394, -0.0225), (0.1417229, -0.08673215, -0.0225), (0.1416021, -0.0865, -0.0225), (0.1414615, -0.08627927, -0.0225), (0.1413021, -0.08607164, -0.0225), (0.1411253, -0.08587868, -0.0225), (0.1409324, -0.08570187, -0.0225), (0.1407247, -0.08554254, -0.0225), (0.140504, -0.08540192, -0.0225), (0.1402719, -0.08528108, -0.0225), (0.1400301, -0.08518092, -0.0225), (0.1397805, -0.08510222, -0.0225), (0.1395249, -0.08504558, -0.0225), (0.1392655, -0.08501142, -0.0225), (0.139004, -0.085, -0.0225), (0.1387425, -0.08501142, -0.0225), (0.1384831, -0.08504558, -0.0225), (0.1382275, -0.08510222, -0.0225), (0.1379779, -0.08518092, -0.0225), (0.1377361, -0.08528108, -0.0225), (0.137504, -0.08540192, -0.0225), (0.1372833, -0.08554254, -0.0225), (0.1370756, -0.08570187, -0.0225), (0.1368827, -0.08587868, -0.0225), (0.1367059, -0.08607164, -0.0225), (0.1365465, -0.08627927, -0.0225), (0.1364059, -0.0865, -0.0225), (0.1362851, -0.08673215, -0.0225), (0.1361849, -0.08697394, -0.0225), (0.1361062, -0.08722354, -0.0225), (0.1360496, -0.08747906, -0.0225), (0.1360154, -0.08773853, -0.0225), (0.136004, -0.088, 0.0225), (0.1360154, -0.08826147, 0.0225), (0.1360496, -0.08852094, 0.0225), (0.1361062, -0.08877646, 0.0225), (0.1361849, -0.08902606, 0.0225), (0.1362851, -0.08926785, 0.0225), (0.1364059, -0.0895, 0.0225), (0.1365465, -0.08972073, 0.0225), (0.1367059, -0.08992836, 0.0225), (0.1368827, -0.09012132, 0.0225), (0.1370756, -0.09029813, 0.0225), (0.1372833, -0.09045746, 0.0225), (0.137504, -0.09059808, 0.0225), (0.1377361, -0.09071892, 0.0225), (0.1379779, -0.09081908, 0.0225), (0.1382275, -0.09089778, 0.0225), (0.1384831, -0.09095442, 0.0225), (0.1387425, -0.09098858, 0.0225), (0.139004, -0.091, 0.0225), (0.1392655, -0.09098858, 0.0225), (0.1395249, -0.09095442, 0.0225), (0.1397805, -0.09089778, 0.0225), (0.1400301, -0.09081908, 0.0225), (0.1402719, -0.09071892, 0.0225), (0.140504, -0.09059808, 0.0225), (0.1407247, -0.09045746, 0.0225), (0.1409324, -0.09029813, 0.0225), (0.1411253, -0.09012132, 0.0225), (0.1413021, -0.08992836, 0.0225), (0.1414615, -0.08972073, 0.0225), (0.1416021, -0.0895, 0.0225), (0.1417229, -0.08926785, 0.0225), (0.1418231, -0.08902606, 0.0225), (0.1419018, -0.08877646, 0.0225), (0.1419584, -0.08852094, 0.0225), (0.1419926, -0.08826147, 0.0225), (0.142004, -0.088, 0.0225), (0.1419926, -0.08773853, 0.0225), (0.1419584, -0.08747906, 0.0225), (0.1419018, -0.08722354, 0.0225), (0.1418231, -0.08697394, 0.0225), (0.1417229, -0.08673215, 0.0225), (0.1416021, -0.0865, 0.0225), (0.1414615, -0.08627927, 0.0225), (0.1413021, -0.08607164, 0.0225), (0.1411253, -0.08587868, 0.0225), (0.1409324, -0.08570187, 0.0225), (0.1407247, -0.08554254, 0.0225), (0.140504, -0.08540192, 0.0225), (0.1402719, -0.08528108, 0.0225), (0.1400301, -0.08518092, 0.0225), (0.1397805, -0.08510222, 0.0225), (0.1395249, -0.08504558, 0.0225), (0.1392655, -0.08501142, 0.0225), (0.139004, -0.085, 0.0225), (0.1387425, -0.08501142, 0.0225), (0.1384831, -0.08504558, 0.0225), (0.1382275, -0.08510222, 0.0225), (0.1379779, -0.08518092, 0.0225), (0.1377361, -0.08528108, 0.0225), (0.137504, -0.08540192, 0.0225), (0.1372833, -0.08554254, 0.0225), (0.1370756, -0.08570187, 0.0225), (0.1368827, -0.08587868, 0.0225), (0.1367059, -0.08607164, 0.0225), (0.1365465, -0.08627927, 0.0225), (0.1364059, -0.0865, 0.0225), (0.1362851, -0.08673215, 0.0225), (0.1361849, -0.08697394, 0.0225), (0.1361062, -0.08722354, 0.0225), (0.1360496, -0.08747906, 0.0225), (0.1360154, -0.08773853, 0.0225), (0.136004, -0.088, -0.0225), (0.1360154, -0.08826147, -0.0225), (0.1360496, -0.08852094, -0.0225), (0.1361062, -0.08877646, -0.0225), (0.1361849, -0.08902606, -0.0225), (0.1362851, -0.08926785, -0.0225), (0.1364059, -0.0895, -0.0225), (0.1365465, -0.08972073, -0.0225), (0.1367059, -0.08992836, -0.0225), (0.1368827, -0.09012132, -0.0225), (0.1370756, -0.09029813, -0.0225), (0.1372833, -0.09045746, -0.0225), (0.137504, -0.09059808, -0.0225), (0.1377361, -0.09071892, -0.0225), (0.1379779, -0.09081908, -0.0225), (0.1382275, -0.09089778, -0.0225), (0.1384831, -0.09095442, -0.0225), (0.1387425, -0.09098858, -0.0225), (0.139004, -0.091, -0.0225), (0.1392655, -0.09098858, -0.0225), (0.1395249, -0.09095442, -0.0225), (0.1397805, -0.09089778, -0.0225), (0.1400301, -0.09081908, -0.0225), (0.1402719, -0.09071892, -0.0225), (0.140504, -0.09059808, -0.0225), (0.1407247, -0.09045746, -0.0225), (0.1409324, -0.09029813, -0.0225), (0.1411253, -0.09012132, -0.0225), (0.1413021, -0.08992836, -0.0225), (0.1414615, -0.08972073, -0.0225), (0.1416021, -0.0895, -0.0225), (0.1417229, -0.08926785, -0.0225), (0.1418231, -0.08902606, -0.0225), (0.1419018, -0.08877646, -0.0225), (0.1419584, -0.08852094, -0.0225), (0.1419926, -0.08826147, -0.0225), (0.142004, -0.088, -0.0225), (0.1419926, -0.08773853, -0.0225), (0.1419584, -0.08747906, -0.0225), (0.1419018, -0.08722354, -0.0225), (0.1418231, -0.08697394, -0.0225), (0.1417229, -0.08673215, -0.0225), (0.1416021, -0.0865, -0.0225), (0.1414615, -0.08627927, -0.0225), (0.1413021, -0.08607164, -0.0225), (0.1411253, -0.08587868, -0.0225), (0.1409324, -0.08570187, -0.0225), (0.1407247, -0.08554254, -0.0225), (0.140504, -0.08540192, -0.0225), (0.1402719, -0.08528108, -0.0225), (0.1400301, -0.08518092, -0.0225), (0.1397805, -0.08510222, -0.0225), (0.1395249, -0.08504558, -0.0225), (0.1392655, -0.08501142, -0.0225), (0.139004, -0.085, -0.0225), (0.1387425, -0.08501142, -0.0225), (0.1384831, -0.08504558, -0.0225), (0.1382275, -0.08510222, -0.0225), (0.1379779, -0.08518092, -0.0225), (0.1377361, -0.08528108, -0.0225), (0.137504, -0.08540192, -0.0225), (0.1372833, -0.08554254, -0.0225), (0.1370756, -0.08570187, -0.0225), (0.1368827, -0.08587868, -0.0225), (0.1367059, -0.08607164, -0.0225), (0.1365465, -0.08627927, -0.0225), (0.1364059, -0.0865, -0.0225), (0.1362851, -0.08673215, -0.0225), (0.1361849, -0.08697394, -0.0225), (0.1361062, -0.08722354, -0.0225), (0.1360496, -0.08747906, -0.0225), (0.1360154, -0.08773853, -0.0225), (0.136004, -0.088, 0.0225), (0.1360154, -0.08826147, 0.0225), (0.1360496, -0.08852094, 0.0225), (0.1361062, -0.08877646, 0.0225), (0.1361849, -0.08902606, 0.0225), (0.1362851, -0.08926785, 0.0225), (0.1364059, -0.0895, 0.0225), (0.1365465, -0.08972073, 0.0225), (0.1367059, -0.08992836, 0.0225), (0.1368827, -0.09012132, 0.0225), (0.1370756, -0.09029813, 0.0225), (0.1372833, -0.09045746, 0.0225), (0.137504, -0.09059808, 0.0225), (0.1377361, -0.09071892, 0.0225), (0.1379779, -0.09081908, 0.0225), (0.1382275, -0.09089778, 0.0225), (0.1384831, -0.09095442, 0.0225), (0.1387425, -0.09098858, 0.0225), (0.139004, -0.091, 0.0225), (0.1392655, -0.09098858, 0.0225), (0.1395249, -0.09095442, 0.0225), (0.1397805, -0.09089778, 0.0225), (0.1400301, -0.09081908, 0.0225), (0.1402719, -0.09071892, 0.0225), (0.140504, -0.09059808, 0.0225), (0.1407247, -0.09045746, 0.0225), (0.1409324, -0.09029813, 0.0225), (0.1411253, -0.09012132, 0.0225), (0.1413021, -0.08992836, 0.0225), (0.1414615, -0.08972073, 0.0225), (0.1416021, -0.0895, 0.0225), (0.1417229, -0.08926785, 0.0225), (0.1418231, -0.08902606, 0.0225), (0.1419018, -0.08877646, 0.0225), (0.1419584, -0.08852094, 0.0225), (0.1419926, -0.08826147, 0.0225), (0.142004, -0.088, 0.0225), (0.1419926, -0.08773853, 0.0225), (0.1419584, -0.08747906, 0.0225), (0.1419018, -0.08722354, 0.0225), (0.1418231, -0.08697394, 0.0225), (0.1417229, -0.08673215, 0.0225), (0.1416021, -0.0865, 0.0225), (0.1414615, -0.08627927, 0.0225), (0.1413021, -0.08607164, 0.0225), (0.1411253, -0.08587868, 0.0225), (0.1409324, -0.08570187, 0.0225), (0.1407247, -0.08554254, 0.0225), (0.140504, -0.08540192, 0.0225), (0.1402719, -0.08528108, 0.0225), (0.1400301, -0.08518092, 0.0225), (0.1397805, -0.08510222, 0.0225), (0.1395249, -0.08504558, 0.0225), (0.1392655, -0.08501142, 0.0225), (0.139004, -0.085, 0.0225), (0.1387425, -0.08501142, 0.0225), (0.1384831, -0.08504558, 0.0225), (0.1382275, -0.08510222, 0.0225), (0.1379779, -0.08518092, 0.0225), (0.1377361, -0.08528108, 0.0225), (0.137504, -0.08540192, 0.0225), (0.1372833, -0.08554254, 0.0225), (0.1370756, -0.08570187, 0.0225), (0.1368827, -0.08587868, 0.0225), (0.1367059, -0.08607164, 0.0225), (0.1365465, -0.08627927, 0.0225), (0.1364059, -0.0865, 0.0225), (0.1362851, -0.08673215, 0.0225), (0.1361849, -0.08697394, 0.0225), (0.1361062, -0.08722354, 0.0225), (0.1360496, -0.08747906, 0.0225), (0.1360154, -0.08773853, 0.0225)]
            int[] faceVertexCounts = [3, 3, 3, 3, 3, 3, 3, 3, 3, 3, 3, 3, 3, 3, 3, 3, 3, 3, 3, 3, 3, 3, 3, 3, 3, 3, 3, 3, 3, 3, 3, 3, 3, 3, 3, 3, 3, 3, 3, 3, 3, 3, 3, 3, 3, 3, 3, 3, 3, 3, 3, 3, 3, 3, 3, 3, 3, 3, 3, 3, 3, 3, 3, 3, 3, 3, 3, 3, 3, 3, 3, 3, 3, 3, 3, 3, 3, 3, 3, 3, 3, 3, 3, 3, 3, 3, 3, 3, 3, 3, 3, 3, 3, 3, 3, 3, 3, 3, 3, 3, 3, 3, 3, 3, 3, 3, 3, 3, 3, 3, 3, 3, 3, 3, 3, 3, 3, 3, 3, 3, 3, 3, 3, 3, 3, 3, 3, 3, 3, 3, 3, 3, 3, 3, 3, 3, 3, 3, 3, 3, 3, 3, 3, 3, 3, 3, 3, 3, 3, 3, 3, 3, 3, 3, 3, 3, 3, 3, 3, 3, 3, 3, 3, 3, 3, 3, 3, 3, 3, 3, 3, 3, 3, 3, 3, 3, 3, 3, 3, 3, 3, 3, 3, 3, 3, 3, 3, 3, 3, 3, 3, 3, 3, 3, 3, 3, 3, 3, 3, 3, 3, 3, 3, 3, 3, 3, 3, 3, 3, 3, 3, 3, 3, 3, 3, 3, 3, 3, 3, 3, 3, 3, 3, 3, 3, 3, 3, 3, 3, 3, 3, 3, 3, 3, 3, 3, 3, 3, 3, 3, 3, 3, 3, 3, 3, 3, 3, 3, 3, 3, 3, 3, 3, 3, 3, 3, 3, 3, 3, 3, 3, 3, 3, 3, 3, 3, 3, 3, 3, 3, 3, 3, 3, 3, 3, 3, 3, 3, 3, 3, 3, 3, 3, 3]
            int[] faceVertexIndices = [215, 214, 213, 215, 213, 212, 215, 212, 211, 215, 211, 210, 215, 210, 209, 215, 209, 208, 215, 208, 207, 215, 207, 206, 215, 206, 205, 215, 205, 204, 215, 204, 203, 215, 203, 202, 215, 202, 201, 215, 201, 200, 215, 200, 199, 215, 199, 198, 215, 198, 197, 215, 197, 196, 215, 196, 195, 215, 195, 194, 215, 194, 193, 215, 193, 192, 215, 192, 191, 215, 191, 190, 215, 190, 189, 215, 189, 188, 215, 188, 187, 215, 187, 186, 215, 186, 185, 215, 185, 184, 215, 184, 183, 215, 183, 182, 215, 182, 181, 215, 181, 180, 215, 180, 179, 215, 179, 178, 215, 178, 177, 215, 177, 176, 215, 176, 175, 215, 175, 174, 215, 174, 173, 215, 173, 172, 215, 172, 171, 215, 171, 170, 215, 170, 169, 215, 169, 168, 215, 168, 167, 215, 167, 166, 215, 166, 165, 215, 165, 164, 215, 164, 163, 215, 163, 162, 215, 162, 161, 215, 161, 160, 215, 160, 159, 215, 159, 158, 215, 158, 157, 215, 157, 156, 215, 156, 155, 215, 155, 154, 215, 154, 153, 215, 153, 152, 215, 152, 151, 215, 151, 150, 215, 150, 149, 215, 149, 148, 215, 148, 147, 215, 147, 146, 215, 146, 145, 215, 145, 144, 216, 217, 218, 216, 218, 219, 216, 219, 220, 216, 220, 221, 216, 221, 222, 216, 222, 223, 216, 223, 224, 216, 224, 225, 216, 225, 226, 216, 226, 227, 216, 227, 228, 216, 228, 229, 216, 229, 230, 216, 230, 231, 216, 231, 232, 216, 232, 233, 216, 233, 234, 216, 234, 235, 216, 235, 236, 216, 236, 237, 216, 237, 238, 216, 238, 239, 216, 239, 240, 216, 240, 241, 216, 241, 242, 216, 242, 243, 216, 243, 244, 216, 244, 245, 216, 245, 246, 216, 246, 247, 216, 247, 248, 216, 248, 249, 216, 249, 250, 216, 250, 251, 216, 251, 252, 216, 252, 253, 216, 253, 254, 216, 254, 255, 216, 255, 256, 216, 256, 257, 216, 257, 258, 216, 258, 259, 216, 259, 260, 216, 260, 261, 216, 261, 262, 216, 262, 263, 216, 263, 264, 216, 264, 265, 216, 265, 266, 216, 266, 267, 216, 267, 268, 216, 268, 269, 216, 269, 270, 216, 270, 271, 216, 271, 272, 216, 272, 273, 216, 273, 274, 216, 274, 275, 216, 275, 276, 216, 276, 277, 216, 277, 278, 216, 278, 279, 216, 279, 280, 216, 280, 281, 216, 281, 282, 216, 282, 283, 216, 283, 284, 216, 284, 285, 216, 285, 286, 216, 286, 287, 0, 1, 73, 0, 73, 72, 1, 2, 74, 1, 74, 73, 2, 3, 75, 2, 75, 74, 3, 4, 76, 3, 76, 75, 4, 5, 77, 4, 77, 76, 5, 6, 78, 5, 78, 77, 6, 7, 79, 6, 79, 78, 7, 8, 80, 7, 80, 79, 8, 9, 81, 8, 81, 80, 9, 10, 82, 9, 82, 81, 10, 11, 83, 10, 83, 82, 11, 12, 84, 11, 84, 83, 12, 13, 85, 12, 85, 84, 13, 14, 86, 13, 86, 85, 14, 15, 87, 14, 87, 86, 15, 16, 88, 15, 88, 87, 16, 17, 89, 16, 89, 88, 17, 18, 90, 17, 90, 89, 18, 19, 91, 18, 91, 90, 19, 20, 92, 19, 92, 91, 20, 21, 93, 20, 93, 92, 21, 22, 94, 21, 94, 93, 22, 23, 95, 22, 95, 94, 23, 24, 96, 23, 96, 95, 24, 25, 97, 24, 97, 96, 25, 26, 98, 25, 98, 97, 26, 27, 99, 26, 99, 98, 27, 28, 100, 27, 100, 99, 28, 29, 101, 28, 101, 100, 29, 30, 102, 29, 102, 101, 30, 31, 103, 30, 103, 102, 31, 32, 104, 31, 104, 103, 32, 33, 105, 32, 105, 104, 33, 34, 106, 33, 106, 105, 34, 35, 107, 34, 107, 106, 35, 36, 108, 35, 108, 107, 36, 37, 109, 36, 109, 108, 37, 38, 110, 37, 110, 109, 38, 39, 111, 38, 111, 110, 39, 40, 112, 39, 112, 111, 40, 41, 113, 40, 113, 112, 41, 42, 114, 41, 114, 113, 42, 43, 115, 42, 115, 114, 43, 44, 116, 43, 116, 115, 44, 45, 117, 44, 117, 116, 45, 46, 118, 45, 118, 117, 46, 47, 119, 46, 119, 118, 47, 48, 120, 47, 120, 119, 48, 49, 121, 48, 121, 120, 49, 50, 122, 49, 122, 121, 50, 51, 123, 50, 123, 122, 51, 52, 124, 51, 124, 123, 52, 53, 125, 52, 125, 124, 53, 54, 126, 53, 126, 125, 54, 55, 127, 54, 127, 126, 55, 56, 128, 55, 128, 127, 56, 57, 129, 56, 129, 128, 57, 58, 130, 57, 130, 129, 58, 59, 131, 58, 131, 130, 59, 60, 132, 59, 132, 131, 60, 61, 133, 60, 133, 132, 61, 62, 134, 61, 134, 133, 62, 63, 135, 62, 135, 134, 63, 64, 136, 63, 136, 135, 64, 65, 137, 64, 137, 136, 65, 66, 138, 65, 138, 137, 66, 67, 139, 66, 139, 138, 67, 68, 140, 67, 140, 139, 68, 69, 141, 68, 141, 140, 69, 70, 142, 69, 142, 141, 70, 71, 143, 70, 143, 142, 71, 0, 72, 71, 72, 143]
            normal3f[] normals = [(-0.9998941, -0.01455211, 0), (-0.9948209, -0.1016432, 0), (-0.9821765, -0.1879608, 0), (-0.9620572, -0.2728479, 0), (-0.934616, -0.3556584, 0), (-0.9000618, -0.4357622, 0), (-0.8586576, -0.5125496, 0), (-0.8107186, -0.5854361, 0), (-0.7566094, -0.6538671, 0), (-0.696742, -0.7173218, 0), (-0.631572, -0.7753172, 0), (-0.5615953, -0.8274121, 0), (-0.4873446, -0.8732098, 0), (-0.4093848, -0.9123618, 0), (-0.3283094, -0.9445702, 0), (-0.2447354, -0.9695899, 0), (-0.1592988, -0.9872304, 0), (-0.07264978, -0.9973575, 0), (0.01455211, -0.9998941, 0), (0.1016432, -0.9948209, 0), (0.1879608, -0.9821765, 0), (0.2728479, -0.9620572, 0), (0.3556584, -0.934616, 0), (0.4357622, -0.9000618, 0), (0.5125496, -0.8586576, 0), (0.5854361, -0.8107186, 0), (0.6538671, -0.7566094, 0), (0.7173218, -0.696742, 0), (0.7753172, -0.631572, 0), (0.8274121, -0.5615953, 0), (0.8732098, -0.4873446, 0), (0.9123618, -0.4093848, 0), (0.9445702, -0.3283094, 0), (0.9695899, -0.2447354, 0), (0.9872304, -0.1592988, 0), (0.9973575, -0.07264978, 0), (0.9998941, 0.01455211, 0), (0.9948209, 0.1016432, 0), (0.9821765, 0.1879608, 0), (0.9620572, 0.2728479, 0), (0.934616, 0.3556584, 0), (0.9000618, 0.4357622, 0), (0.8586576, 0.5125496, 0), (0.8107186, 0.5854361, 0), (0.7566094, 0.6538671, 0), (0.696742, 0.7173218, 0), (0.631572, 0.7753172, 0), (0.5615953, 0.8274121, 0), (0.4873446, 0.8732098, 0), (0.4093848, 0.9123618, 0), (0.3283094, 0.9445702, 0), (0.2447354, 0.9695899, 0), (0.1592988, 0.9872304, 0), (0.07264978, 0.9973575, 0), (-0.01455211, 0.9998941, 0), (-0.1016432, 0.9948209, 0), (-0.1879608, 0.9821765, 0), (-0.2728479, 0.9620572, 0), (-0.3556584, 0.934616, 0), (-0.4357622, 0.9000618, 0), (-0.5125496, 0.8586576, 0), (-0.5854361, 0.8107186, 0), (-0.6538671, 0.7566094, 0), (-0.7173218, 0.696742, 0), (-0.7753172, 0.631572, 0), (-0.8274121, 0.5615953, 0), (-0.8732098, 0.4873446, 0), (-0.9123618, 0.4093848, 0), (-0.9445702, 0.3283094, 0), (-0.9695899, 0.2447354, 0), (-0.9872304, 0.1592988, 0), (-0.9973575, 0.07264978, 0), (-0.9998941, 0.01455211, 0), (-0.9973575, -0.07264978, 0), (-0.9872304, -0.1592988, 0), (-0.9695899, -0.2447354, 0), (-0.9445702, -0.3283094, 0), (-0.9123618, -0.4093848, 0), (-0.8732098, -0.4873446, 0), (-0.8274121, -0.5615953, 0), (-0.7753172, -0.631572, 0), (-0.7173218, -0.696742, 0), (-0.6538671, -0.7566094, 0), (-0.5854361, -0.8107186, 0), (-0.5125496, -0.8586576, 0), (-0.4357622, -0.9000618, 0), (-0.3556584, -0.934616, 0), (-0.2728479, -0.9620572, 0), (-0.1879608, -0.9821765, 0), (-0.1016432, -0.9948209, 0), (-0.01455211, -0.9998941, 0), (0.07264978, -0.9973575, 0), (0.1592988, -0.9872304, 0), (0.2447354, -0.9695899, 0), (0.3283094, -0.9445702, 0), (0.4093848, -0.9123618, 0), (0.4873446, -0.8732098, 0), (0.5615953, -0.8274121, 0), (0.631572, -0.7753172, 0), (0.696742, -0.7173218, 0), (0.7566094, -0.6538671, 0), (0.8107186, -0.5854361, 0), (0.8586576, -0.5125496, 0), (0.9000618, -0.4357622, 0), (0.934616, -0.3556584, 0), (0.9620572, -0.2728479, 0), (0.9821765, -0.1879608, 0), (0.9948209, -0.1016432, 0), (0.9998941, -0.01455211, 0), (0.9973575, 0.07264978, 0), (0.9872304, 0.1592988, 0), (0.9695899, 0.2447354, 0), (0.9445702, 0.3283094, 0), (0.9123618, 0.4093848, 0), (0.8732098, 0.4873446, 0), (0.8274121, 0.5615953, 0), (0.7753172, 0.631572, 0), (0.7173218, 0.696742, 0), (0.6538671, 0.7566094, 0), (0.5854361, 0.8107186, 0), (0.5125496, 0.8586576, 0), (0.4357622, 0.9000618, 0), (0.3556584, 0.934616, 0), (0.2728479, 0.9620572, 0), (0.1879608, 0.9821765, 0), (0.1016432, 0.9948209, 0), (0.01455211, 0.9998941, 0), (-0.07264978, 0.9973575, 0), (-0.1592988, 0.9872304, 0), (-0.2447354, 0.9695899, 0), (-0.3283094, 0.9445702, 0), (-0.4093848, 0.9123618, 0), (-0.4873446, 0.8732098, 0), (-0.5615953, 0.8274121, 0), (-0.631572, 0.7753172, 0), (-0.696742, 0.7173218, 0), (-0.7566094, 0.6538671, 0), (-0.8107186, 0.5854361, 0), (-0.8586576, 0.5125496, 0), (-0.9000618, 0.4357622, 0), (-0.934616, 0.3556584, 0), (-0.9620572, 0.2728479, 0), (-0.9821765, 0.1879608, 0), (-0.9948209, 0.1016432, 0), (0, 0, -1), (0, 0, -1), (0, 0, -1), (0, 0, -1), (0, 0, -1), (0, 0, -1), (0, 0, -1), (0, 0, -1), (0, 0, -1), (0, 0, -1), (0, 0, -1), (0, 0, -1), (0, 0, -1), (0, 0, -1), (0, 0, -1), (0, 0, -1), (0, 0, -1), (0, 0, -1), (0, 0, -1), (0, 0, -1), (0, 0, -1), (0, 0, -1), (0, 0, -1), (0, 0, -1), (0, 0, -1), (0, 0, -1), (0, 0, -1), (0, 0, -1), (0, 0, -1), (0, 0, -1), (0, 0, -1), (0, 0, -1), (0, 0, -1), (0, 0, -1), (0, 0, -1), (0, 0, -1), (0, 0, -1), (0, 0, -1), (0, 0, -1), (0, 0, -1), (0, 0, -1), (0, 0, -1), (0, 0, -1), (0, 0, -1), (0, 0, -1), (0, 0, -1), (0, 0, -1), (0, 0, -1), (0, 0, -1), (0, 0, -1), (0, 0, -1), (0, 0, -1), (0, 0, -1), (0, 0, -1), (0, 0, -1), (0, 0, -1), (0, 0, -1), (0, 0, -1), (0, 0, -1), (0, 0, -1), (0, 0, -1), (0, 0, -1), (0, 0, -1), (0, 0, -1), (0, 0, -1), (0, 0, -1), (0, 0, -1), (0, 0, -1), (0, 0, -1), (0, 0, -1), (0, 0, -1), (0, 0, -1), (0, 0, 1), (0, 0, 1), (0, 0, 1), (0, 0, 1), (0, 0, 1), (0, 0, 1), (0, 0, 1), (0, 0, 1), (0, 0, 1), (0, 0, 1), (0, 0, 1), (0, 0, 1), (0, 0, 1), (0, 0, 1), (0, 0, 1), (0, 0, 1), (0, 0, 1), (0, 0, 1), (0, 0, 1), (0, 0, 1), (0, 0, 1), (0, 0, 1), (0, 0, 1), (0, 0, 1), (0, 0, 1), (0, 0, 1), (0, 0, 1), (0, 0, 1), (0, 0, 1), (0, 0, 1), (0, 0, 1), (0, 0, 1), (0, 0, 1), (0, 0, 1), (0, 0, 1), (0, 0, 1), (0, 0, 1), (0, 0, 1), (0, 0, 1), (0, 0, 1), (0, 0, 1), (0, 0, 1), (0, 0, 1), (0, 0, 1), (0, 0, 1), (0, 0, 1), (0, 0, 1), (0, 0, 1), (0, 0, 1), (0, 0, 1), (0, 0, 1), (0, 0, 1), (0, 0, 1), (0, 0, 1), (0, 0, 1), (0, 0, 1), (0, 0, 1), (0, 0, 1), (0, 0, 1), (0, 0, 1), (0, 0, 1), (0, 0, 1), (0, 0, 1), (0, 0, 1), (0, 0, 1), (0, 0, 1), (0, 0, 1), (0, 0, 1), (0, 0, 1), (0, 0, 1), (0, 0, 1), (0, 0, 1)] (interpolation = "vertex")
            float3[] extent = [(0.136004, -0.091, -0.0225), (0.142004, -0.085, 0.0225)]
            rel material:binding = </WorkbenchPart/Materials/rubber>
            texCoord2f[] primvars:st = [(15.11282, -9.748726), (15.11662, -9.719895), (15.12291, -9.691505), (15.11282, -9.748726), (15.12291, -9.691505), (15.13166, -9.663771), (15.11282, -9.748726), (15.13166, -9.663771), (15.14279, -9.636905), (15.11282, -9.748726), (15.14279, -9.636905), (15.15621, -9.611111), (15.11282, -9.748726), (15.15621, -9.611111), (15.17184, -9.586586), (15.11282, -9.748726), (15.17184, -9.586586), (15.18954, -9.563515), (15.11282, -9.748726), (15.18954, -9.563515), (15.20919, -9.542076), (15.11282, -9.748726), (15.20919, -9.542076), (15.23063, -9.52243), (15.11282, -9.748726), (15.23063, -9.52243), (15.2537, -9.504727), (15.11282, -9.748726), (15.2537, -9.504727), (15.27822, -9.489103), (15.11282, -9.748726), (15.27822, -9.489103), (15.30402, -9.475675), (15.11282, -9.748726), (15.30402, -9.475675), (15.33088, -9.464547), (15.11282, -9.748726), (15.33088, -9.464547), (15.35862, -9.455803), (15.11282, -9.748726), (15.35862, -9.455803), (15.38701, -9.449509), (15.11282, -9.748726), (15.38701, -9.449509), (15.41584, -9.445713), (15.11282, -9.748726), (15.41584, -9.445713), (15.44489, -9.444444), (15.11282, -9.748726), (15.44489, -9.444444), (15.47394, -9.445713), (15.11282, -9.748726), (15.47394, -9.445713), (15.50277, -9.449509), (15.11282, -9.748726), (15.50277, -9.449509), (15.53116, -9.455803), (15.11282, -9.748726), (15.53116, -9.455803), (15.5589, -9.464547), (15.11282, -9.748726), (15.5589, -9.464547), (15.58576, -9.475675), (15.11282, -9.748726), (15.58576, -9.475675), (15.61156, -9.489103), (15.11282, -9.748726), (15.61156, -9.489103), (15.63608, -9.504727), (15.11282, -9.748726), (15.63608, -9.504727), (15.65915, -9.52243), (15.11282, -9.748726), (15.65915, -9.52243), (15.68059, -9.542076), (15.11282, -9.748726), (15.68059, -9.542076), (15.70024, -9.563515), (15.11282, -9.748726), (15.70024, -9.563515), (15.71794, -9.586586), (15.11282, -9.748726), (15.71794, -9.586586), (15.73356, -9.611111), (15.11282, -9.748726), (15.73356, -9.611111), (15.74699, -9.636905), (15.11282, -9.748726), (15.74699, -9.636905), (15.75812, -9.663771), (15.11282, -9.748726), (15.75812, -9.663771), (15.76686, -9.691505), (15.11282, -9.748726), (15.76686, -9.691505), (15.77316, -9.719895), (15.11282, -9.748726), (15.77316, -9.719895), (15.77695, -9.748726), (15.11282, -9.748726), (15.77695, -9.748726), (15.77822, -9.777778), (15.11282, -9.748726), (15.77822, -9.777778), (15.77695, -9.80683), (15.11282, -9.748726), (15.77695, -9.80683), (15.77316, -9.835661), (15.11282, -9.748726), (15.77316, -9.835661), (15.76686, -9.864051), (15.11282, -9.748726), (15.76686, -9.864051), (15.75812, -9.891784), (15.11282, -9.748726), (15.75812, -9.891784), (15.74699, -9.918651), (15.11282, -9.748726), (15.74699, -9.918651), (15.73356, -9.944444), (15.11282, -9.748726), (15.73356, -9.944444), (15.71794, -9.96897), (15.11282, -9.748726), (15.71794, -9.96897), (15.70024, -9.99204), (15.11282, -9.748726), (15.70024, -9.99204), (15.68059, -10.01348), (15.11282, -9.748726), (15.68059, -10.01348), (15.65915, -10.03313), (15.11282, -9.748726), (15.65915, -10.03313), (15.63608, -10.05083), (15.11282, -9.748726), (15.63608, -10.05083), (15.61156, -10.06645), (15.11282, -9.748726), (15.61156, -10.06645), (15.58576, -10.07988), (15.11282, -9.748726), (15.58576, -10.07988), (15.5589, -10.09101), (15.11282, -9.748726), (15.5589, -10.09101), (15.53116, -10.09975), (15.11282, -9.748726), (15.53116, -10.09975), (15.50277, -10.10605), (15.11282, -9.748726), (15.50277, -10.10605), (15.47394, -10.10984), (15.11282, -9.748726), (15.47394, -10.10984), (15.44489, -10.11111), (15.11282, -9.748726), (15.44489, -10.11111), (15.41584, -10.10984), (15.11282, -9.748726), (15.41584, -10.10984), (15.38701, -10.10605), (15.11282, -9.748726), (15.38701, -10.10605), (15.35862, -10.09975), (15.11282, -9.748726), (15.35862, -10.09975), (15.33088, -10.09101), (15.11282, -9.748726), (15.33088, -10.09101), (15.30402, -10.07988), (15.11282, -9.748726), (15.30402, -10.07988), (15.27822, -10.06645), (15.11282, -9.748726), (15.27822, -10.06645), (15.2537, -10.05083), (15.11282, -9.748726), (15.2537, -10.05083), (15.23063, -10.03313), (15.11282, -9.748726), (15.23063, -10.03313), (15.20919, -10.01348), (15.11282, -9.748726), (15.20919, -10.01348), (15.18954, -9.99204), (15.11282, -9.748726), (15.18954, -9.99204), (15.17184, -9.96897), (15.11282, -9.748726), (15.17184, -9.96897), (15.15621, -9.944444), (15.11282, -9.748726), (15.15621, -9.944444), (15.14279, -9.918651), (15.11282, -9.748726), (15.14279, -9.918651), (15.13166, -9.891784), (15.11282, -9.748726), (15.13166, -9.891784), (15.12291, -9.864051), (15.11282, -9.748726), (15.12291, -9.864051), (15.11662, -9.835661), (15.11282, -9.748726), (15.11662, -9.835661), (15.11282, -9.80683), (15.11282, -9.748726), (15.11282, -9.80683), (15.11156, -9.777778), (15.11156, -9.777778), (15.11282, -9.80683), (15.11662, -9.835661), (15.11156, -9.777778), (15.11662, -9.835661), (15.12291, -9.864051), (15.11156, -9.777778), (15.12291, -9.864051), (15.13166, -9.891784), (15.11156, -9.777778), (15.13166, -9.891784), (15.14279, -9.918651), (15.11156, -9.777778), (15.14279, -9.918651), (15.15621, -9.944444), (15.11156, -9.777778), (15.15621, -9.944444), (15.17184, -9.96897), (15.11156, -9.777778), (15.17184, -9.96897), (15.18954, -9.99204), (15.11156, -9.777778), (15.18954, -9.99204), (15.20919, -10.01348), (15.11156, -9.777778), (15.20919, -10.01348), (15.23063, -10.03313), (15.11156, -9.777778), (15.23063, -10.03313), (15.2537, -10.05083), (15.11156, -9.777778), (15.2537, -10.05083), (15.27822, -10.06645), (15.11156, -9.777778), (15.27822, -10.06645), (15.30402, -10.07988), (15.11156, -9.777778), (15.30402, -10.07988), (15.33088, -10.09101), (15.11156, -9.777778), (15.33088, -10.09101), (15.35862, -10.09975), (15.11156, -9.777778), (15.35862, -10.09975), (15.38701, -10.10605), (15.11156, -9.777778), (15.38701, -10.10605), (15.41584, -10.10984), (15.11156, -9.777778), (15.41584, -10.10984), (15.44489, -10.11111), (15.11156, -9.777778), (15.44489, -10.11111), (15.47394, -10.10984), (15.11156, -9.777778), (15.47394, -10.10984), (15.50277, -10.10605), (15.11156, -9.777778), (15.50277, -10.10605), (15.53116, -10.09975), (15.11156, -9.777778), (15.53116, -10.09975), (15.5589, -10.09101), (15.11156, -9.777778), (15.5589, -10.09101), (15.58576, -10.07988), (15.11156, -9.777778), (15.58576, -10.07988), (15.61156, -10.06645), (15.11156, -9.777778), (15.61156, -10.06645), (15.63608, -10.05083), (15.11156, -9.777778), (15.63608, -10.05083), (15.65915, -10.03313), (15.11156, -9.777778), (15.65915, -10.03313), (15.68059, -10.01348), (15.11156, -9.777778), (15.68059, -10.01348), (15.70024, -9.99204), (15.11156, -9.777778), (15.70024, -9.99204), (15.71794, -9.96897), (15.11156, -9.777778), (15.71794, -9.96897), (15.73356, -9.944444), (15.11156, -9.777778), (15.73356, -9.944444), (15.74699, -9.918651), (15.11156, -9.777778), (15.74699, -9.918651), (15.75812, -9.891784), (15.11156, -9.777778), (15.75812, -9.891784), (15.76686, -9.864051), (15.11156, -9.777778), (15.76686, -9.864051), (15.77316, -9.835661), (15.11156, -9.777778), (15.77316, -9.835661), (15.77695, -9.80683), (15.11156, -9.777778), (15.77695, -9.80683), (15.77822, -9.777778), (15.11156, -9.777778), (15.77822, -9.777778), (15.77695, -9.748726), (15.11156, -9.777778), (15.77695, -9.748726), (15.77316, -9.719895), (15.11156, -9.777778), (15.77316, -9.719895), (15.76686, -9.691505), (15.11156, -9.777778), (15.76686, -9.691505), (15.75812, -9.663771), (15.11156, -9.777778), (15.75812, -9.663771), (15.74699, -9.636905), (15.11156, -9.777778), (15.74699, -9.636905), (15.73356, -9.611111), (15.11156, -9.777778), (15.73356, -9.611111), (15.71794, -9.586586), (15.11156, -9.777778), (15.71794, -9.586586), (15.70024, -9.563515), (15.11156, -9.777778), (15.70024, -9.563515), (15.68059, -9.542076), (15.11156, -9.777778), (15.68059, -9.542076), (15.65915, -9.52243), (15.11156, -9.777778), (15.65915, -9.52243), (15.63608, -9.504727), (15.11156, -9.777778), (15.63608, -9.504727), (15.61156, -9.489103), (15.11156, -9.777778), (15.61156, -9.489103), (15.58576, -9.475675), (15.11156, -9.777778), (15.58576, -9.475675), (15.5589, -9.464547), (15.11156, -9.777778), (15.5589, -9.464547), (15.53116, -9.455803), (15.11156, -9.777778), (15.53116, -9.455803), (15.50277, -9.449509), (15.11156, -9.777778), (15.50277, -9.449509), (15.47394, -9.445713), (15.11156, -9.777778), (15.47394, -9.445713), (15.44489, -9.444444), (15.11156, -9.777778), (15.44489, -9.444444), (15.41584, -9.445713), (15.11156, -9.777778), (15.41584, -9.445713), (15.38701, -9.449509), (15.11156, -9.777778), (15.38701, -9.449509), (15.35862, -9.455803), (15.11156, -9.777778), (15.35862, -9.455803), (15.33088, -9.464547), (15.11156, -9.777778), (15.33088, -9.464547), (15.30402, -9.475675), (15.11156, -9.777778), (15.30402, -9.475675), (15.27822, -9.489103), (15.11156, -9.777778), (15.27822, -9.489103), (15.2537, -9.504727), (15.11156, -9.777778), (15.2537, -9.504727), (15.23063, -9.52243), (15.11156, -9.777778), (15.23063, -9.52243), (15.20919, -9.542076), (15.11156, -9.777778), (15.20919, -9.542076), (15.18954, -9.563515), (15.11156, -9.777778), (15.18954, -9.563515), (15.17184, -9.586586), (15.11156, -9.777778), (15.17184, -9.586586), (15.15621, -9.611111), (15.11156, -9.777778), (15.15621, -9.611111), (15.14279, -9.636905), (15.11156, -9.777778), (15.14279, -9.636905), (15.13166, -9.663771), (15.11156, -9.777778), (15.13166, -9.663771), (15.12291, -9.691505), (15.11156, -9.777778), (15.12291, -9.691505), (15.11662, -9.719895), (15.11156, -9.777778), (15.11662, -9.719895), (15.11282, -9.748726), (-9.777778, -2.5), (-9.80683, -2.5), (-9.80683, 2.5), (-9.777778, -2.5), (-9.80683, 2.5), (-9.777778, 2.5), (-9.80683, -2.5), (-9.835661, -2.5), (-9.835661, 2.5), (-9.80683, -2.5), (-9.835661, 2.5), (-9.80683, 2.5), (-9.835661, -2.5), (-9.864051, -2.5), (-9.864051, 2.5), (-9.835661, -2.5), (-9.864051, 2.5), (-9.835661, 2.5), (-9.864051, -2.5), (-9.891784, -2.5), (-9.891784, 2.5), (-9.864051, -2.5), (-9.891784, 2.5), (-9.864051, 2.5), (-9.891784, -2.5), (-9.918651, -2.5), (-9.918651, 2.5), (-9.891784, -2.5), (-9.918651, 2.5), (-9.891784, 2.5), (-9.918651, -2.5), (-9.944444, -2.5), (-9.944444, 2.5), (-9.918651, -2.5), (-9.944444, 2.5), (-9.918651, 2.5), (-9.944444, -2.5), (-9.96897, -2.5), (-9.96897, 2.5), (-9.944444, -2.5), (-9.96897, 2.5), (-9.944444, 2.5), (-9.96897, -2.5), (-9.99204, -2.5), (-9.99204, 2.5), (-9.96897, -2.5), (-9.99204, 2.5), (-9.96897, 2.5), (-9.99204, -2.5), (-10.01348, -2.5), (-10.01348, 2.5), (-9.99204, -2.5), (-10.01348, 2.5), (-9.99204, 2.5), (15.20919, -2.5), (15.23063, -2.5), (15.23063, 2.5), (15.20919, -2.5), (15.23063, 2.5), (15.20919, 2.5), (15.23063, -2.5), (15.2537, -2.5), (15.2537, 2.5), (15.23063, -2.5), (15.2537, 2.5), (15.23063, 2.5), (15.2537, -2.5), (15.27822, -2.5), (15.27822, 2.5), (15.2537, -2.5), (15.27822, 2.5), (15.2537, 2.5), (15.27822, -2.5), (15.30402, -2.5), (15.30402, 2.5), (15.27822, -2.5), (15.30402, 2.5), (15.27822, 2.5), (15.30402, -2.5), (15.33088, -2.5), (15.33088, 2.5), (15.30402, -2.5), (15.33088, 2.5), (15.30402, 2.5), (15.33088, -2.5), (15.35862, -2.5), (15.35862, 2.5), (15.33088, -2.5), (15.35862, 2.5), (15.33088, 2.5), (15.35862, -2.5), (15.38701, -2.5), (15.38701, 2.5), (15.35862, -2.5), (15.38701, 2.5), (15.35862, 2.5), (15.38701, -2.5), (15.41584, -2.5), (15.41584, 2.5), (15.38701, -2.5), (15.41584, 2.5), (15.38701, 2.5), (15.41584, -2.5), (15.44489, -2.5), (15.44489, 2.5), (15.41584, -2.5), (15.44489, 2.5), (15.41584, 2.5), (15.44489, -2.5), (15.47394, -2.5), (15.47394, 2.5), (15.44489, -2.5), (15.47394, 2.5), (15.44489, 2.5), (15.47394, -2.5), (15.50277, -2.5), (15.50277, 2.5), (15.47394, -2.5), (15.50277, 2.5), (15.47394, 2.5), (15.50277, -2.5), (15.53116, -2.5), (15.53116, 2.5), (15.50277, -2.5), (15.53116, 2.5), (15.50277, 2.5), (15.53116, -2.5), (15.5589, -2.5), (15.5589, 2.5), (15.53116, -2.5), (15.5589, 2.5), (15.53116, 2.5), (15.5589, -2.5), (15.58576, -2.5), (15.58576, 2.5), (15.5589, -2.5), (15.58576, 2.5), (15.5589, 2.5), (15.58576, -2.5), (15.61156, -2.5), (15.61156, 2.5), (15.58576, -2.5), (15.61156, 2.5), (15.58576, 2.5), (15.61156, -2.5), (15.63608, -2.5), (15.63608, 2.5), (15.61156, -2.5), (15.63608, 2.5), (15.61156, 2.5), (15.63608, -2.5), (15.65915, -2.5), (15.65915, 2.5), (15.63608, -2.5), (15.65915, 2.5), (15.63608, 2.5), (15.65915, -2.5), (15.68059, -2.5), (15.68059, 2.5), (15.65915, -2.5), (15.68059, 2.5), (15.65915, 2.5), (-10.01348, -2.5), (-9.99204, -2.5), (-9.99204, 2.5), (-10.01348, -2.5), (-9.99204, 2.5), (-10.01348, 2.5), (-9.99204, -2.5), (-9.96897, -2.5), (-9.96897, 2.5), (-9.99204, -2.5), (-9.96897, 2.5), (-9.99204, 2.5), (-9.96897, -2.5), (-9.944444, -2.5), (-9.944444, 2.5), (-9.96897, -2.5), (-9.944444, 2.5), (-9.96897, 2.5), (-9.944444, -2.5), (-9.918651, -2.5), (-9.918651, 2.5), (-9.944444, -2.5), (-9.918651, 2.5), (-9.944444, 2.5), (-9.918651, -2.5), (-9.891784, -2.5), (-9.891784, 2.5), (-9.918651, -2.5), (-9.891784, 2.5), (-9.918651, 2.5), (-9.891784, -2.5), (-9.864051, -2.5), (-9.864051, 2.5), (-9.891784, -2.5), (-9.864051, 2.5), (-9.891784, 2.5), (-9.864051, -2.5), (-9.835661, -2.5), (-9.835661, 2.5), (-9.864051, -2.5), (-9.835661, 2.5), (-9.864051, 2.5), (-9.835661, -2.5), (-9.80683, -2.5), (-9.80683, 2.5), (-9.835661, -2.5), (-9.80683, 2.5), (-9.835661, 2.5), (-9.80683, -2.5), (-9.777778, -2.5), (-9.777778, 2.5), (-9.80683, -2.5), (-9.777778, 2.5), (-9.80683, 2.5), (-9.777778, -2.5), (-9.748726, -2.5), (-9.748726, 2.5), (-9.777778, -2.5), (-9.748726, 2.5), (-9.777778, 2.5), (-9.748726, -2.5), (-9.719895, -2.5), (-9.719895, 2.5), (-9.748726, -2.5), (-9.719895, 2.5), (-9.748726, 2.5), (-9.719895, -2.5), (-9.691505, -2.5), (-9.691505, 2.5), (-9.719895, -2.5), (-9.691505, 2.5), (-9.719895, 2.5), (-9.691505, -2.5), (-9.663771, -2.5), (-9.663771, 2.5), (-9.691505, -2.5), (-9.663771, 2.5), (-9.691505, 2.5), (-9.663771, -2.5), (-9.636905, -2.5), (-9.636905, 2.5), (-9.663771, -2.5), (-9.636905, 2.5), (-9.663771, 2.5), (-9.636905, -2.5), (-9.611111, -2.5), (-9.611111, 2.5), (-9.636905, -2.5), (-9.611111, 2.5), (-9.636905, 2.5), (-9.611111, -2.5), (-9.586586, -2.5), (-9.586586, 2.5), (-9.611111, -2.5), (-9.586586, 2.5), (-9.611111, 2.5), (-9.586586, -2.5), (-9.563515, -2.5), (-9.563515, 2.5), (-9.586586, -2.5), (-9.563515, 2.5), (-9.586586, 2.5), (-9.563515, -2.5), (-9.542076, -2.5), (-9.542076, 2.5), (-9.563515, -2.5), (-9.542076, 2.5), (-9.563515, 2.5), (15.68059, -2.5), (15.65915, -2.5), (15.65915, 2.5), (15.68059, -2.5), (15.65915, 2.5), (15.68059, 2.5), (15.65915, -2.5), (15.63608, -2.5), (15.63608, 2.5), (15.65915, -2.5), (15.63608, 2.5), (15.65915, 2.5), (15.63608, -2.5), (15.61156, -2.5), (15.61156, 2.5), (15.63608, -2.5), (15.61156, 2.5), (15.63608, 2.5), (15.61156, -2.5), (15.58576, -2.5), (15.58576, 2.5), (15.61156, -2.5), (15.58576, 2.5), (15.61156, 2.5), (15.58576, -2.5), (15.5589, -2.5), (15.5589, 2.5), (15.58576, -2.5), (15.5589, 2.5), (15.58576, 2.5), (15.5589, -2.5), (15.53116, -2.5), (15.53116, 2.5), (15.5589, -2.5), (15.53116, 2.5), (15.5589, 2.5), (15.53116, -2.5), (15.50277, -2.5), (15.50277, 2.5), (15.53116, -2.5), (15.50277, 2.5), (15.53116, 2.5), (15.50277, -2.5), (15.47394, -2.5), (15.47394, 2.5), (15.50277, -2.5), (15.47394, 2.5), (15.50277, 2.5), (15.47394, -2.5), (15.44489, -2.5), (15.44489, 2.5), (15.47394, -2.5), (15.44489, 2.5), (15.47394, 2.5), (15.44489, -2.5), (15.41584, -2.5), (15.41584, 2.5), (15.44489, -2.5), (15.41584, 2.5), (15.44489, 2.5), (15.41584, -2.5), (15.38701, -2.5), (15.38701, 2.5), (15.41584, -2.5), (15.38701, 2.5), (15.41584, 2.5), (15.38701, -2.5), (15.35862, -2.5), (15.35862, 2.5), (15.38701, -2.5), (15.35862, 2.5), (15.38701, 2.5), (15.35862, -2.5), (15.33088, -2.5), (15.33088, 2.5), (15.35862, -2.5), (15.33088, 2.5), (15.35862, 2.5), (15.33088, -2.5), (15.30402, -2.5), (15.30402, 2.5), (15.33088, -2.5), (15.30402, 2.5), (15.33088, 2.5), (15.30402, -2.5), (15.27822, -2.5), (15.27822, 2.5), (15.30402, -2.5), (15.27822, 2.5), (15.30402, 2.5), (15.27822, -2.5), (15.2537, -2.5), (15.2537, 2.5), (15.27822, -2.5), (15.2537, 2.5), (15.27822, 2.5), (15.2537, -2.5), (15.23063, -2.5), (15.23063, 2.5), (15.2537, -2.5), (15.23063, 2.5), (15.2537, 2.5), (15.23063, -2.5), (15.20919, -2.5), (15.20919, 2.5), (15.23063, -2.5), (15.20919, 2.5), (15.23063, 2.5), (-9.542076, -2.5), (-9.563515, -2.5), (-9.563515, 2.5), (-9.542076, -2.5), (-9.563515, 2.5), (-9.542076, 2.5), (-9.563515, -2.5), (-9.586586, -2.5), (-9.586586, 2.5), (-9.563515, -2.5), (-9.586586, 2.5), (-9.563515, 2.5), (-9.586586, -2.5), (-9.611111, -2.5), (-9.611111, 2.5), (-9.586586, -2.5), (-9.611111, 2.5), (-9.586586, 2.5), (-9.611111, -2.5), (-9.636905, -2.5), (-9.636905, 2.5), (-9.611111, -2.5), (-9.636905, 2.5), (-9.611111, 2.5), (-9.636905, -2.5), (-9.663771, -2.5), (-9.663771, 2.5), (-9.636905, -2.5), (-9.663771, 2.5), (-9.636905, 2.5), (-9.663771, -2.5), (-9.691505, -2.5), (-9.691505, 2.5), (-9.663771, -2.5), (-9.691505, 2.5), (-9.663771, 2.5), (-9.691505, -2.5), (-9.719895, -2.5), (-9.719895, 2.5), (-9.691505, -2.5), (-9.719895, 2.5), (-9.691505, 2.5), (-9.719895, -2.5), (-9.748726, -2.5), (-9.748726, 2.5), (-9.719895, -2.5), (-9.748726, 2.5), (-9.719895, 2.5), (-9.748726, -2.5), (-9.777778, -2.5), (-9.777778, 2.5), (-9.748726, -2.5), (-9.777778, 2.5), (-9.748726, 2.5)] (interpolation = "faceVarying")
        }
        def Mesh "ActuatorLinkBoss_02" (prepend apiSchemas = ["MaterialBindingAPI"])
        {
            uniform token subdivisionScheme = "none"
            uniform token orientation = "rightHanded"
            bool doubleSided = false
            point3f[] points = [(0.1189203, 0.0594, -0.002234947), (0.119178, 0.05915357, -0.00207135), (0.1194017, 0.05891321, -0.00185675), (0.119586, 0.05868483, -0.00159643), (0.1197264, 0.05847406, -0.001296801), (0.1198193, 0.05828609, -0.0009652406), (0.1198625, 0.05812556, -0.0006099127), (0.1198549, 0.0579964, -0.0002395666), (0.1197967, 0.0579018, 0.0001366783), (0.1196893, 0.05784409, 0.0005095578), (0.1195354, 0.0578247, 0.0008698902), (0.1193388, 0.05784409, 0.001208803), (0.1191043, 0.0579018, 0.001517951), (0.1188377, 0.0579964, 0.001789722), (0.1185455, 0.05812556, 0.002017425), (0.118235, 0.05828609, 0.002195451), (0.1179137, 0.05847406, 0.002319418), (0.1175897, 0.05868483, 0.002386274), (0.1172708, 0.05891321, 0.002394371), (0.116965, 0.05915357, 0.002343511), (0.1166797, 0.0594, 0.002234947), (0.116422, 0.05964643, 0.00207135), (0.1161983, 0.05988679, 0.00185675), (0.116014, 0.06011517, 0.00159643), (0.1158736, 0.06032594, 0.001296801), (0.1157807, 0.06051391, 0.0009652406), (0.1157375, 0.06067444, 0.0006099127), (0.1157451, 0.0608036, 0.0002395666), (0.1158033, 0.0608982, -0.0001366783), (0.1159107, 0.06095591, -0.0005095578), (0.1160646, 0.0609753, -0.0008698902), (0.1162612, 0.06095591, -0.001208803), (0.1164957, 0.0608982, -0.001517951), (0.1167623, 0.0608036, -0.001789722), (0.1170545, 0.06067444, -0.002017425), (0.117365, 0.06051391, -0.002195451), (0.1176863, 0.06032594, -0.002319418), (0.1180103, 0.06011517, -0.002386274), (0.1183292, 0.05988679, -0.002394371), (0.118635, 0.05964643, -0.002343511), (0.1109403, 0.0484, -0.006234947), (0.111198, 0.04815357, -0.00607135), (0.1114217, 0.04791321, -0.00585675), (0.111606, 0.04768483, -0.00559643), (0.1117464, 0.04747406, -0.005296801), (0.1118393, 0.04728609, -0.004965241), (0.1118825, 0.04712556, -0.004609913), (0.1118749, 0.0469964, -0.004239567), (0.1118167, 0.0469018, -0.003863322), (0.1117093, 0.04684409, -0.003490442), (0.1115554, 0.0468247, -0.00313011), (0.1113588, 0.04684409, -0.002791197), (0.1111243, 0.0469018, -0.002482049), (0.1108577, 0.0469964, -0.002210278), (0.1105655, 0.04712556, -0.001982575), (0.110255, 0.04728609, -0.001804549), (0.1099337, 0.04747406, -0.001680582), (0.1096097, 0.04768483, -0.001613726), (0.1092908, 0.04791321, -0.001605629), (0.108985, 0.04815357, -0.001656489), (0.1086997, 0.0484, -0.001765053), (0.108442, 0.04864643, -0.00192865), (0.1082183, 0.04888679, -0.00214325), (0.108034, 0.04911517, -0.00240357), (0.1078936, 0.04932594, -0.002703199), (0.1078007, 0.04951391, -0.003034759), (0.1077575, 0.04967444, -0.003390087), (0.1077651, 0.0498036, -0.003760433), (0.1078233, 0.0498982, -0.004136678), (0.1079307, 0.04995591, -0.004509558), (0.1080846, 0.0499753, -0.00486989), (0.1082812, 0.04995591, -0.005208803), (0.1085157, 0.0498982, -0.005517951), (0.1087823, 0.0498036, -0.005789722), (0.1090745, 0.04967444, -0.006017425), (0.109385, 0.04951391, -0.006195451), (0.1097063, 0.04932594, -0.006319418), (0.1100303, 0.04911517, -0.006386274), (0.1103492, 0.04888679, -0.006394371), (0.110655, 0.04864643, -0.006343511), (0.1189203, 0.0594, -0.002234947), (0.119178, 0.05915357, -0.00207135), (0.1194017, 0.05891321, -0.00185675), (0.119586, 0.05868483, -0.00159643), (0.1197264, 0.05847406, -0.001296801), (0.1198193, 0.05828609, -0.0009652406), (0.1198625, 0.05812556, -0.0006099127), (0.1198549, 0.0579964, -0.0002395666), (0.1197967, 0.0579018, 0.0001366783), (0.1196893, 0.05784409, 0.0005095578), (0.1195354, 0.0578247, 0.0008698902), (0.1193388, 0.05784409, 0.001208803), (0.1191043, 0.0579018, 0.001517951), (0.1188377, 0.0579964, 0.001789722), (0.1185455, 0.05812556, 0.002017425), (0.118235, 0.05828609, 0.002195451), (0.1179137, 0.05847406, 0.002319418), (0.1175897, 0.05868483, 0.002386274), (0.1172708, 0.05891321, 0.002394371), (0.116965, 0.05915357, 0.002343511), (0.1166797, 0.0594, 0.002234947), (0.116422, 0.05964643, 0.00207135), (0.1161983, 0.05988679, 0.00185675), (0.116014, 0.06011517, 0.00159643), (0.1158736, 0.06032594, 0.001296801), (0.1157807, 0.06051391, 0.0009652406), (0.1157375, 0.06067444, 0.0006099127), (0.1157451, 0.0608036, 0.0002395666), (0.1158033, 0.0608982, -0.0001366783), (0.1159107, 0.06095591, -0.0005095578), (0.1160646, 0.0609753, -0.0008698902), (0.1162612, 0.06095591, -0.001208803), (0.1164957, 0.0608982, -0.001517951), (0.1167623, 0.0608036, -0.001789722), (0.1170545, 0.06067444, -0.002017425), (0.117365, 0.06051391, -0.002195451), (0.1176863, 0.06032594, -0.002319418), (0.1180103, 0.06011517, -0.002386274), (0.1183292, 0.05988679, -0.002394371), (0.118635, 0.05964643, -0.002343511), (0.1109403, 0.0484, -0.006234947), (0.111198, 0.04815357, -0.00607135), (0.1114217, 0.04791321, -0.00585675), (0.111606, 0.04768483, -0.00559643), (0.1117464, 0.04747406, -0.005296801), (0.1118393, 0.04728609, -0.004965241), (0.1118825, 0.04712556, -0.004609913), (0.1118749, 0.0469964, -0.004239567), (0.1118167, 0.0469018, -0.003863322), (0.1117093, 0.04684409, -0.003490442), (0.1115554, 0.0468247, -0.00313011), (0.1113588, 0.04684409, -0.002791197), (0.1111243, 0.0469018, -0.002482049), (0.1108577, 0.0469964, -0.002210278), (0.1105655, 0.04712556, -0.001982575), (0.110255, 0.04728609, -0.001804549), (0.1099337, 0.04747406, -0.001680582), (0.1096097, 0.04768483, -0.001613726), (0.1092908, 0.04791321, -0.001605629), (0.108985, 0.04815357, -0.001656489), (0.1086997, 0.0484, -0.001765053), (0.108442, 0.04864643, -0.00192865), (0.1082183, 0.04888679, -0.00214325), (0.108034, 0.04911517, -0.00240357), (0.1078936, 0.04932594, -0.002703199), (0.1078007, 0.04951391, -0.003034759), (0.1077575, 0.04967444, -0.003390087), (0.1077651, 0.0498036, -0.003760433), (0.1078233, 0.0498982, -0.004136678), (0.1079307, 0.04995591, -0.004509558), (0.1080846, 0.0499753, -0.00486989), (0.1082812, 0.04995591, -0.005208803), (0.1085157, 0.0498982, -0.005517951), (0.1087823, 0.0498036, -0.005789722), (0.1090745, 0.04967444, -0.006017425), (0.109385, 0.04951391, -0.006195451), (0.1097063, 0.04932594, -0.006319418), (0.1100303, 0.04911517, -0.006386274), (0.1103492, 0.04888679, -0.006394371), (0.110655, 0.04864643, -0.006343511)]
            int[] faceVertexCounts = [3, 3, 3, 3, 3, 3, 3, 3, 3, 3, 3, 3, 3, 3, 3, 3, 3, 3, 3, 3, 3, 3, 3, 3, 3, 3, 3, 3, 3, 3, 3, 3, 3, 3, 3, 3, 3, 3, 3, 3, 3, 3, 3, 3, 3, 3, 3, 3, 3, 3, 3, 3, 3, 3, 3, 3, 3, 3, 3, 3, 3, 3, 3, 3, 3, 3, 3, 3, 3, 3, 3, 3, 3, 3, 3, 3, 3, 3, 3, 3, 3, 3, 3, 3, 3, 3, 3, 3, 3, 3, 3, 3, 3, 3, 3, 3, 3, 3, 3, 3, 3, 3, 3, 3, 3, 3, 3, 3, 3, 3, 3, 3, 3, 3, 3, 3, 3, 3, 3, 3, 3, 3, 3, 3, 3, 3, 3, 3, 3, 3, 3, 3, 3, 3, 3, 3, 3, 3, 3, 3, 3, 3, 3, 3, 3, 3, 3, 3, 3, 3, 3, 3, 3, 3, 3, 3]
            int[] faceVertexIndices = [119, 118, 117, 119, 117, 116, 119, 116, 115, 119, 115, 114, 119, 114, 113, 119, 113, 112, 119, 112, 111, 119, 111, 110, 119, 110, 109, 119, 109, 108, 119, 108, 107, 119, 107, 106, 119, 106, 105, 119, 105, 104, 119, 104, 103, 119, 103, 102, 119, 102, 101, 119, 101, 100, 119, 100, 99, 119, 99, 98, 119, 98, 97, 119, 97, 96, 119, 96, 95, 119, 95, 94, 119, 94, 93, 119, 93, 92, 119, 92, 91, 119, 91, 90, 119, 90, 89, 119, 89, 88, 119, 88, 87, 119, 87, 86, 119, 86, 85, 119, 85, 84, 119, 84, 83, 119, 83, 82, 119, 82, 81, 119, 81, 80, 120, 121, 122, 120, 122, 123, 120, 123, 124, 120, 124, 125, 120, 125, 126, 120, 126, 127, 120, 127, 128, 120, 128, 129, 120, 129, 130, 120, 130, 131, 120, 131, 132, 120, 132, 133, 120, 133, 134, 120, 134, 135, 120, 135, 136, 120, 136, 137, 120, 137, 138, 120, 138, 139, 120, 139, 140, 120, 140, 141, 120, 141, 142, 120, 142, 143, 120, 143, 144, 120, 144, 145, 120, 145, 146, 120, 146, 147, 120, 147, 148, 120, 148, 149, 120, 149, 150, 120, 150, 151, 120, 151, 152, 120, 152, 153, 120, 153, 154, 120, 154, 155, 120, 155, 156, 120, 156, 157, 120, 157, 158, 120, 158, 159, 0, 1, 41, 0, 41, 40, 1, 2, 42, 1, 42, 41, 2, 3, 43, 2, 43, 42, 3, 4, 44, 3, 44, 43, 4, 5, 45, 4, 45, 44, 5, 6, 46, 5, 46, 45, 6, 7, 47, 6, 47, 46, 7, 8, 48, 7, 48, 47, 8, 9, 49, 8, 49, 48, 9, 10, 50, 9, 50, 49, 10, 11, 51, 10, 51, 50, 11, 12, 52, 11, 52, 51, 12, 13, 53, 12, 53, 52, 13, 14, 54, 13, 54, 53, 14, 15, 55, 14, 55, 54, 15, 16, 56, 15, 56, 55, 16, 17, 57, 16, 57, 56, 17, 18, 58, 17, 58, 57, 18, 19, 59, 18, 59, 58, 19, 20, 60, 19, 60, 59, 20, 21, 61, 20, 61, 60, 21, 22, 62, 21, 62, 61, 22, 23, 63, 22, 63, 62, 23, 24, 64, 23, 64, 63, 24, 25, 65, 24, 65, 64, 25, 26, 66, 25, 66, 65, 26, 27, 67, 26, 67, 66, 27, 28, 68, 27, 68, 67, 28, 29, 69, 28, 69, 68, 29, 30, 70, 29, 70, 69, 30, 31, 71, 30, 71, 70, 31, 32, 72, 31, 72, 71, 32, 33, 73, 32, 73, 72, 33, 34, 74, 33, 74, 73, 34, 35, 75, 34, 75, 74, 35, 36, 76, 35, 76, 75, 36, 37, 77, 36, 77, 76, 37, 38, 78, 37, 78, 77, 38, 39, 79, 38, 79, 78, 39, 0, 40, 39, 40, 79]
            normal3f[] normals = [(0.4661601, -0.01652482, -0.8845461), (0.5671376, -0.11486, -0.8155747), (0.6541504, -0.2103669, -0.7265212), (0.7250558, -0.3006938, -0.6195783), (0.778108, -0.3836167, -0.4973794), (0.8120005, -0.4570937, -0.3629333), (0.8258989, -0.5193155, -0.2195506), (0.8194609, -0.5687501, -0.0707618), (0.7928451, -0.6041801, 0.07976936), (0.7467067, -0.6247332, 0.2283363), (0.682182, -0.6299033, 0.3712809), (0.6008597, -0.6195631, 0.5050833), (0.5047423, -0.5939672, 0.6264489), (0.3961964, -0.5537458, 0.7323892), (0.2778949, -0.4998894, 0.8202957), (0.1527506, -0.4337241, 0.8880038), (0.02384513, -0.356879, 0.9338462), (-0.1056475, -0.2712464, 0.9566943), (-0.2325387, -0.1789348, 0.9559854), (-0.3537041, -0.08221721, 0.931737), (-0.4661601, 0.01652482, 0.8845461), (-0.5671376, 0.11486, 0.8155747), (-0.6541504, 0.2103669, 0.7265212), (-0.7250558, 0.3006938, 0.6195783), (-0.778108, 0.3836167, 0.4973794), (-0.8120005, 0.4570937, 0.3629333), (-0.8258989, 0.5193155, 0.2195506), (-0.8194609, 0.5687501, 0.0707618), (-0.7928451, 0.6041801, -0.07976936), (-0.7467067, 0.6247332, -0.2283363), (-0.682182, 0.6299033, -0.3712809), (-0.6008597, 0.6195631, -0.5050833), (-0.5047423, 0.5939672, -0.6264489), (-0.3961964, 0.5537458, -0.7323892), (-0.2778949, 0.4998894, -0.8202957), (-0.1527506, 0.4337241, -0.8880038), (-0.02384513, 0.356879, -0.9338462), (0.1056475, 0.2712464, -0.9566943), (0.2325387, 0.1789348, -0.9559854), (0.3537041, 0.08221721, -0.931737), (0.4297509, 0.01652482, -0.9027963), (0.5348534, -0.08221721, -0.8409353), (0.6267861, -0.1789348, -0.7583677), (0.7032853, -0.2712464, -0.6571265), (0.7624672, -0.356879, -0.5397047), (0.8028746, -0.4337241, -0.4089936), (0.8235126, -0.4998894, -0.2682117), (0.823873, -0.5537458, -0.1208256), (0.8039469, -0.5939672, 0.02953568), (0.764225, -0.6195631, 0.1791697), (0.7056853, -0.6299033, 0.3243919), (0.6297693, -0.6247332, 0.4616266), (0.5383463, -0.6041801, 0.5874945), (0.4336674, -0.5687501, 0.6988963), (0.3183101, -0.5193155, 0.7930889), (0.1951151, -0.4570937, 0.8677531), (0.06711563, -0.3836167, 0.9210503), (-0.06253643, -0.3006938, 0.9516682), (-0.1906486, -0.2103669, 0.9588529), (-0.3140664, -0.11486, 0.9424274), (-0.4297509, -0.01652482, 0.9027963), (-0.5348534, 0.08221721, 0.8409353), (-0.6267861, 0.1789348, 0.7583677), (-0.7032853, 0.2712464, 0.6571265), (-0.7624672, 0.356879, 0.5397047), (-0.8028746, 0.4337241, 0.4089936), (-0.8235126, 0.4998894, 0.2682117), (-0.823873, 0.5537458, 0.1208256), (-0.8039469, 0.5939672, -0.02953568), (-0.764225, 0.6195631, -0.1791697), (-0.7056853, 0.6299033, -0.3243919), (-0.6297693, 0.6247332, -0.4616266), (-0.5383463, 0.6041801, -0.5874945), (-0.4336674, 0.5687501, -0.6988963), (-0.3183101, 0.5193155, -0.7930889), (-0.1951151, 0.4570937, -0.8677531), (-0.06711563, 0.3836167, -0.9210503), (0.06253643, 0.3006938, -0.9516682), (0.1906486, 0.2103669, -0.9588529), (0.3140664, 0.11486, -0.9424274), (0.5633138, 0.7764978, 0.2823628), (0.5633138, 0.7764978, 0.2823628), (0.5633138, 0.7764978, 0.2823628), (0.5633138, 0.7764978, 0.2823628), (0.5633138, 0.7764978, 0.2823628), (0.5633138, 0.7764978, 0.2823628), (0.5633138, 0.7764978, 0.2823628), (0.5633138, 0.7764978, 0.2823628), (0.5633138, 0.7764978, 0.2823628), (0.5633138, 0.7764978, 0.2823628), (0.5633138, 0.7764978, 0.2823628), (0.5633138, 0.7764978, 0.2823628), (0.5633138, 0.7764978, 0.2823628), (0.5633138, 0.7764978, 0.2823628), (0.5633138, 0.7764978, 0.2823628), (0.5633138, 0.7764978, 0.2823628), (0.5633138, 0.7764978, 0.2823628), (0.5633138, 0.7764978, 0.2823628), (0.5633138, 0.7764978, 0.2823628), (0.5633138, 0.7764978, 0.2823628), (0.5633138, 0.7764978, 0.2823628), (0.5633138, 0.7764978, 0.2823628), (0.5633138, 0.7764978, 0.2823628), (0.5633138, 0.7764978, 0.2823628), (0.5633138, 0.7764978, 0.2823628), (0.5633138, 0.7764978, 0.2823628), (0.5633138, 0.7764978, 0.2823628), (0.5633138, 0.7764978, 0.2823628), (0.5633138, 0.7764978, 0.2823628), (0.5633138, 0.7764978, 0.2823628), (0.5633138, 0.7764978, 0.2823628), (0.5633138, 0.7764978, 0.2823628), (0.5633138, 0.7764978, 0.2823628), (0.5633138, 0.7764978, 0.2823628), (0.5633138, 0.7764978, 0.2823628), (0.5633138, 0.7764978, 0.2823628), (0.5633138, 0.7764978, 0.2823628), (0.5633138, 0.7764978, 0.2823628), (0.5633138, 0.7764978, 0.2823628), (0.5633138, 0.7764978, 0.2823628), (-0.5633138, -0.7764978, -0.2823628), (-0.5633138, -0.7764978, -0.2823628), (-0.5633138, -0.7764978, -0.2823628), (-0.5633138, -0.7764978, -0.2823628), (-0.5633138, -0.7764978, -0.2823628), (-0.5633138, -0.7764978, -0.2823628), (-0.5633138, -0.7764978, -0.2823628), (-0.5633138, -0.7764978, -0.2823628), (-0.5633138, -0.7764978, -0.2823628), (-0.5633138, -0.7764978, -0.2823628), (-0.5633138, -0.7764978, -0.2823628), (-0.5633138, -0.7764978, -0.2823628), (-0.5633138, -0.7764978, -0.2823628), (-0.5633138, -0.7764978, -0.2823628), (-0.5633138, -0.7764978, -0.2823628), (-0.5633138, -0.7764978, -0.2823628), (-0.5633138, -0.7764978, -0.2823628), (-0.5633138, -0.7764978, -0.2823628), (-0.5633138, -0.7764978, -0.2823628), (-0.5633138, -0.7764978, -0.2823628), (-0.5633138, -0.7764978, -0.2823628), (-0.5633138, -0.7764978, -0.2823628), (-0.5633138, -0.7764978, -0.2823628), (-0.5633138, -0.7764978, -0.2823628), (-0.5633138, -0.7764978, -0.2823628), (-0.5633138, -0.7764978, -0.2823628), (-0.5633138, -0.7764978, -0.2823628), (-0.5633138, -0.7764978, -0.2823628), (-0.5633138, -0.7764978, -0.2823628), (-0.5633138, -0.7764978, -0.2823628), (-0.5633138, -0.7764978, -0.2823628), (-0.5633138, -0.7764978, -0.2823628), (-0.5633138, -0.7764978, -0.2823628), (-0.5633138, -0.7764978, -0.2823628), (-0.5633138, -0.7764978, -0.2823628), (-0.5633138, -0.7764978, -0.2823628), (-0.5633138, -0.7764978, -0.2823628), (-0.5633138, -0.7764978, -0.2823628), (-0.5633138, -0.7764978, -0.2823628), (-0.5633138, -0.7764978, -0.2823628)] (interpolation = "vertex")
            float3[] extent = [(0.1077575, 0.0468247, -0.006394371), (0.1198625, 0.0609753, 0.002394371)]
            rel material:binding = </WorkbenchPart/Materials/alloy>
            texCoord2f[] primvars:st = [(13.18167, -0.2603902), (13.14769, -0.2660413), (13.11226, -0.2651415), (13.18167, -0.2603902), (13.11226, -0.2651415), (13.07625, -0.2577132), (13.18167, -0.2603902), (13.07625, -0.2577132), (13.04056, -0.243939), (13.18167, -0.2603902), (13.04056, -0.243939), (13.00605, -0.2241583), (13.18167, -0.2603902), (13.00605, -0.2241583), (12.97359, -0.198858), (13.18167, -0.2603902), (12.97359, -0.198858), (12.94397, -0.1686612), (13.18167, -0.2603902), (12.94397, -0.1686612), (12.91791, -0.1343115), (13.18167, -0.2603902), (12.91791, -0.1343115), (12.89606, -0.09665447), (13.18167, -0.2603902), (12.89606, -0.09665447), (12.87897, -0.05661753), (13.18167, -0.2603902), (12.87897, -0.05661753), (12.86704, -0.01518648), (13.18167, -0.2603902), (12.86704, -0.01518648), (12.86057, 0.02661852), (13.18167, -0.2603902), (12.86057, 0.02661852), (12.85973, 0.06776807), (13.18167, -0.2603902), (12.85973, 0.06776807), (12.86452, 0.107249), (13.18167, -0.2603902), (12.86452, 0.107249), (12.87485, 0.144089), (13.18167, -0.2603902), (12.87485, 0.144089), (12.89044, 0.1773811), (13.18167, -0.2603902), (12.89044, 0.1773811), (12.91092, 0.2063055), (13.18167, -0.2603902), (12.91092, 0.2063055), (12.93578, 0.23015), (13.18167, -0.2603902), (12.93578, 0.23015), (12.96441, 0.2483274), (13.18167, -0.2603902), (12.96441, 0.2483274), (12.99611, 0.2603902), (13.18167, -0.2603902), (12.99611, 0.2603902), (13.03009, 0.2660413), (13.18167, -0.2603902), (13.03009, 0.2660413), (13.06552, 0.2651415), (13.18167, -0.2603902), (13.06552, 0.2651415), (13.10153, 0.2577132), (13.18167, -0.2603902), (13.10153, 0.2577132), (13.13722, 0.243939), (13.18167, -0.2603902), (13.13722, 0.243939), (13.17172, 0.2241583), (13.18167, -0.2603902), (13.17172, 0.2241583), (13.20419, 0.198858), (13.18167, -0.2603902), (13.20419, 0.198858), (13.23381, 0.1686612), (13.18167, -0.2603902), (13.23381, 0.1686612), (13.25987, 0.1343115), (13.18167, -0.2603902), (13.25987, 0.1343115), (13.28171, 0.09665447), (13.18167, -0.2603902), (13.28171, 0.09665447), (13.29881, 0.05661753), (13.18167, -0.2603902), (13.29881, 0.05661753), (13.31074, 0.01518648), (13.18167, -0.2603902), (13.31074, 0.01518648), (13.31721, -0.02661852), (13.18167, -0.2603902), (13.31721, -0.02661852), (13.31805, -0.06776807), (13.18167, -0.2603902), (13.31805, -0.06776807), (13.31325, -0.107249), (13.18167, -0.2603902), (13.31325, -0.107249), (13.30293, -0.144089), (13.18167, -0.2603902), (13.30293, -0.144089), (13.28734, -0.1773811), (13.18167, -0.2603902), (13.28734, -0.1773811), (13.26686, -0.2063055), (13.18167, -0.2603902), (13.26686, -0.2063055), (13.242, -0.23015), (13.18167, -0.2603902), (13.242, -0.23015), (13.21336, -0.2483274), (12.3267, -0.6927718), (12.35533, -0.6745944), (12.38019, -0.65075), (12.3267, -0.6927718), (12.38019, -0.65075), (12.40067, -0.6218256), (12.3267, -0.6927718), (12.40067, -0.6218256), (12.41626, -0.5885335), (12.3267, -0.6927718), (12.41626, -0.5885335), (12.42659, -0.5516934), (12.3267, -0.6927718), (12.42659, -0.5516934), (12.43139, -0.5122125), (12.3267, -0.6927718), (12.43139, -0.5122125), (12.43054, -0.471063), (12.3267, -0.6927718), (12.43054, -0.471063), (12.42408, -0.429258), (12.3267, -0.6927718), (12.42408, -0.429258), (12.41215, -0.3878269), (12.3267, -0.6927718), (12.41215, -0.3878269), (12.39505, -0.34779), (12.3267, -0.6927718), (12.39505, -0.34779), (12.3732, -0.310133), (12.3267, -0.6927718), (12.3732, -0.310133), (12.34715, -0.2757832), (12.3267, -0.6927718), (12.34715, -0.2757832), (12.31752, -0.2455864), (12.3267, -0.6927718), (12.31752, -0.2455864), (12.28506, -0.2202862), (12.3267, -0.6927718), (12.28506, -0.2202862), (12.25055, -0.2005054), (12.3267, -0.6927718), (12.25055, -0.2005054), (12.21486, -0.1867313), (12.3267, -0.6927718), (12.21486, -0.1867313), (12.17886, -0.1793029), (12.3267, -0.6927718), (12.17886, -0.1793029), (12.14343, -0.1784032), (12.3267, -0.6927718), (12.14343, -0.1784032), (12.10944, -0.1840543), (12.3267, -0.6927718), (12.10944, -0.1840543), (12.07775, -0.196117), (12.3267, -0.6927718), (12.07775, -0.196117), (12.04912, -0.2142945), (12.3267, -0.6927718), (12.04912, -0.2142945), (12.02425, -0.2381389), (12.3267, -0.6927718), (12.02425, -0.2381389), (12.00377, -0.2670633), (12.3267, -0.6927718), (12.00377, -0.2670633), (11.98818, -0.3003554), (12.3267, -0.6927718), (11.98818, -0.3003554), (11.97786, -0.3371955), (12.3267, -0.6927718), (11.97786, -0.3371955), (11.97306, -0.3766764), (12.3267, -0.6927718), (11.97306, -0.3766764), (11.9739, -0.4178259), (12.3267, -0.6927718), (11.9739, -0.4178259), (11.98037, -0.4596309), (12.3267, -0.6927718), (11.98037, -0.4596309), (11.9923, -0.501062), (12.3267, -0.6927718), (11.9923, -0.501062), (12.0094, -0.5410989), (12.3267, -0.6927718), (12.0094, -0.5410989), (12.03124, -0.5787559), (12.3267, -0.6927718), (12.03124, -0.5787559), (12.0573, -0.6131057), (12.3267, -0.6927718), (12.0573, -0.6131057), (12.08692, -0.6433025), (12.3267, -0.6927718), (12.08692, -0.6433025), (12.11939, -0.6686027), (12.3267, -0.6927718), (12.11939, -0.6686027), (12.15389, -0.6883835), (12.3267, -0.6927718), (12.15389, -0.6883835), (12.18958, -0.7021576), (12.3267, -0.6927718), (12.18958, -0.7021576), (12.22559, -0.709586), (12.3267, -0.6927718), (12.22559, -0.709586), (12.26102, -0.7104857), (12.3267, -0.6927718), (12.26102, -0.7104857), (12.295, -0.7048346), (13.21336, 6.6), (13.242, 6.572619), (12.35533, 5.350397), (13.21336, 6.6), (12.35533, 5.350397), (12.3267, 5.377778), (13.242, 6.572619), (13.26686, 6.545912), (12.38019, 5.32369), (13.242, 6.572619), (12.38019, 5.32369), (12.35533, 5.350397), (13.26686, 6.545912), (13.28734, 6.520537), (12.40067, 5.298314), (13.26686, 6.545912), (12.40067, 5.298314), (12.38019, 5.32369), (6.520537, -0.1773811), (6.497118, -0.144089), (5.274896, -0.5885335), (6.520537, -0.1773811), (5.274896, -0.5885335), (5.298314, -0.6218256), (6.497118, -0.144089), (6.476233, -0.107249), (5.254011, -0.5516934), (6.497118, -0.144089), (5.254011, -0.5516934), (5.274896, -0.5885335), (6.476233, -0.107249), (6.458395, -0.06776807), (5.236173, -0.5122125), (6.476233, -0.107249), (5.236173, -0.5122125), (5.254011, -0.5516934), (6.458395, -0.06776807), (6.444044, -0.02661852), (5.221822, -0.471063), (6.458395, -0.06776807), (5.221822, -0.471063), (5.236173, -0.5122125), (6.444044, -0.02661852), (6.433533, 0.01518648), (5.211311, -0.429258), (6.444044, -0.02661852), (5.211311, -0.429258), (5.221822, -0.471063), (6.433533, 0.01518648), (6.427122, 0.05661753), (5.204899, -0.3878269), (6.433533, 0.01518648), (5.204899, -0.3878269), (5.211311, -0.429258), (6.427122, 0.05661753), (6.424967, 0.09665447), (5.202744, -0.34779), (6.427122, 0.05661753), (5.202744, -0.34779), (5.204899, -0.3878269), (6.424967, 0.09665447), (6.427122, 0.1343115), (5.204899, -0.310133), (6.424967, 0.09665447), (5.204899, -0.310133), (5.202744, -0.34779), (13.25987, 0.1343115), (13.23381, 0.1686612), (12.34715, -0.2757832), (13.25987, 0.1343115), (12.34715, -0.2757832), (12.3732, -0.310133), (13.23381, 6.433533), (13.20419, 6.444044), (12.31752, 5.221822), (13.23381, 6.433533), (12.31752, 5.221822), (12.34715, 5.211311), (13.20419, 6.444044), (13.17172, 6.458395), (12.28506, 5.236173), (13.20419, 6.444044), (12.28506, 5.236173), (12.31752, 5.221822), (13.17172, 6.458395), (13.13722, 6.476233), (12.25055, 5.254011), (13.17172, 6.458395), (12.25055, 5.254011), (12.28506, 5.236173), (13.13722, 6.476233), (13.10153, 6.497118), (12.21486, 5.274896), (13.13722, 6.476233), (12.21486, 5.274896), (12.25055, 5.254011), (13.10153, 6.497118), (13.06552, 6.520537), (12.17886, 5.298314), (13.10153, 6.497118), (12.17886, 5.298314), (12.21486, 5.274896), (13.06552, 6.520537), (13.03009, 6.545912), (12.14343, 5.32369), (13.06552, 6.520537), (12.14343, 5.32369), (12.17886, 5.298314), (13.03009, 6.545912), (12.99611, 6.572619), (12.10944, 5.350397), (13.03009, 6.545912), (12.10944, 5.350397), (12.14343, 5.32369), (12.99611, 6.572619), (12.96441, 6.6), (12.07775, 5.377778), (12.99611, 6.572619), (12.07775, 5.377778), (12.10944, 5.350397), (12.96441, 6.6), (12.93578, 6.627381), (12.04912, 5.405159), (12.96441, 6.6), (12.04912, 5.405159), (12.07775, 5.377778), (12.93578, 6.627381), (12.91092, 6.654088), (12.02425, 5.431866), (12.93578, 6.627381), (12.02425, 5.431866), (12.04912, 5.405159), (12.91092, 6.654088), (12.89044, 6.679463), (12.00377, 5.457241), (12.91092, 6.654088), (12.00377, 5.457241), (12.02425, 5.431866), (6.679463, 0.1773811), (6.702882, 0.144089), (5.48066, -0.3003554), (6.679463, 0.1773811), (5.48066, -0.3003554), (5.457241, -0.2670633), (6.702882, 0.144089), (6.723767, 0.107249), (5.501545, -0.3371955), (6.702882, 0.144089), (5.501545, -0.3371955), (5.48066, -0.3003554), (6.723767, 0.107249), (6.741605, 0.06776807), (5.519383, -0.3766764), (6.723767, 0.107249), (5.519383, -0.3766764), (5.501545, -0.3371955), (6.741605, 0.06776807), (6.755956, 0.02661852), (5.533734, -0.4178259), (6.741605, 0.06776807), (5.533734, -0.4178259), (5.519383, -0.3766764), (6.755956, 0.02661852), (6.766467, -0.01518648), (5.544244, -0.4596309), (6.755956, 0.02661852), (5.544244, -0.4596309), (5.533734, -0.4178259), (6.766467, -0.01518648), (6.772878, -0.05661753), (5.550656, -0.501062), (6.766467, -0.01518648), (5.550656, -0.501062), (5.544244, -0.4596309), (6.772878, -0.05661753), (6.775033, -0.09665447), (5.552811, -0.5410989), (6.772878, -0.05661753), (5.552811, -0.5410989), (5.550656, -0.501062), (6.775033, -0.09665447), (6.772878, -0.1343115), (5.550656, -0.5787559), (6.775033, -0.09665447), (5.550656, -0.5787559), (5.552811, -0.5410989), (12.91791, -0.1343115), (12.94397, -0.1686612), (12.0573, -0.6131057), (12.91791, -0.1343115), (12.0573, -0.6131057), (12.03124, -0.5787559), (12.94397, 6.766467), (12.97359, 6.755956), (12.08692, 5.533734), (12.94397, 6.766467), (12.08692, 5.533734), (12.0573, 5.544244), (12.97359, 6.755956), (13.00605, 6.741605), (12.11939, 5.519383), (12.97359, 6.755956), (12.11939, 5.519383), (12.08692, 5.533734), (13.00605, 6.741605), (13.04056, 6.723767), (12.15389, 5.501545), (13.00605, 6.741605), (12.15389, 5.501545), (12.11939, 5.519383), (13.04056, 6.723767), (13.07625, 6.702882), (12.18958, 5.48066), (13.04056, 6.723767), (12.18958, 5.48066), (12.15389, 5.501545), (13.07625, 6.702882), (13.11226, 6.679463), (12.22559, 5.457241), (13.07625, 6.702882), (12.22559, 5.457241), (12.18958, 5.48066), (13.11226, 6.679463), (13.14769, 6.654088), (12.26102, 5.431866), (13.11226, 6.679463), (12.26102, 5.431866), (12.22559, 5.457241), (13.14769, 6.654088), (13.18167, 6.627381), (12.295, 5.405159), (13.14769, 6.654088), (12.295, 5.405159), (12.26102, 5.431866), (13.18167, 6.627381), (13.21336, 6.6), (12.3267, 5.377778), (13.18167, 6.627381), (12.3267, 5.377778), (12.295, 5.405159)] (interpolation = "faceVarying")
        }
        def Mesh "ActuatorPushrod_02" (prepend apiSchemas = ["MaterialBindingAPI"])
        {
            uniform token subdivisionScheme = "none"
            uniform token orientation = "rightHanded"
            bool doubleSided = false
            point3f[] points = [(0.10982, 0.0484, -0.0022), (0.1095451, 0.04833885, -0.002222161), (0.109277, 0.04827921, -0.002288098), (0.1090223, 0.04822254, -0.002396188), (0.1087872, 0.04817024, -0.002543769), (0.1085776, 0.0481236, -0.002727208), (0.1083985, 0.04808376, -0.002941987), (0.1082545, 0.04805171, -0.003182817), (0.108149, 0.04802824, -0.003443769), (0.1080846, 0.04801392, -0.003718418), (0.108063, 0.04800911, -0.004), (0.1080846, 0.04801392, -0.004281582), (0.108149, 0.04802824, -0.004556231), (0.1082545, 0.04805171, -0.004817183), (0.1083985, 0.04808376, -0.005058013), (0.1085776, 0.0481236, -0.005272792), (0.1087872, 0.04817024, -0.005456231), (0.1090223, 0.04822254, -0.005603812), (0.109277, 0.04827921, -0.005711902), (0.1095451, 0.04833885, -0.005777839), (0.10982, 0.0484, -0.0058), (0.1100949, 0.04846115, -0.005777839), (0.110363, 0.04852079, -0.005711902), (0.1106177, 0.04857746, -0.005603812), (0.1108528, 0.04862976, -0.005456231), (0.1110624, 0.0486764, -0.005272792), (0.1112415, 0.04871624, -0.005058013), (0.1113855, 0.04874829, -0.004817183), (0.111491, 0.04877176, -0.004556231), (0.1115554, 0.04878608, -0.004281582), (0.111577, 0.04879089, -0.004), (0.1115554, 0.04878608, -0.003718418), (0.111491, 0.04877176, -0.003443769), (0.1113855, 0.04874829, -0.003182817), (0.1112415, 0.04871624, -0.002941987), (0.1110624, 0.0486764, -0.002727208), (0.1108528, 0.04862976, -0.002543769), (0.1106177, 0.04857746, -0.002396188), (0.110363, 0.04852079, -0.002288098), (0.1100949, 0.04846115, -0.002222161), (0.134292, -0.0616, -0.0022), (0.1340171, -0.06166115, -0.002222161), (0.133749, -0.06172079, -0.002288098), (0.1334943, -0.06177746, -0.002396188), (0.1332592, -0.06182976, -0.002543769), (0.1330496, -0.0618764, -0.002727208), (0.1328705, -0.06191624, -0.002941987), (0.1327265, -0.06194829, -0.003182817), (0.132621, -0.06197176, -0.003443769), (0.1325566, -0.06198608, -0.003718418), (0.132535, -0.06199089, -0.004), (0.1325566, -0.06198608, -0.004281582), (0.132621, -0.06197176, -0.004556231), (0.1327265, -0.06194829, -0.004817183), (0.1328705, -0.06191624, -0.005058013), (0.1330496, -0.0618764, -0.005272792), (0.1332592, -0.06182976, -0.005456231), (0.1334943, -0.06177746, -0.005603812), (0.133749, -0.06172079, -0.005711902), (0.1340171, -0.06166115, -0.005777839), (0.134292, -0.0616, -0.0058), (0.1345669, -0.06153885, -0.005777839), (0.134835, -0.06147921, -0.005711902), (0.1350897, -0.06142254, -0.005603812), (0.1353248, -0.06137024, -0.005456231), (0.1355344, -0.0613236, -0.005272792), (0.1357135, -0.06128376, -0.005058013), (0.1358575, -0.06125171, -0.004817183), (0.135963, -0.06122824, -0.004556231), (0.1360274, -0.06121392, -0.004281582), (0.136049, -0.06120911, -0.004), (0.1360274, -0.06121392, -0.003718418), (0.135963, -0.06122824, -0.003443769), (0.1358575, -0.06125171, -0.003182817), (0.1357135, -0.06128376, -0.002941987), (0.1355344, -0.0613236, -0.002727208), (0.1353248, -0.06137024, -0.002543769), (0.1350897, -0.06142254, -0.002396188), (0.134835, -0.06147921, -0.002288098), (0.1345669, -0.06153885, -0.002222161), (0.10982, 0.0484, -0.0022), (0.1095451, 0.04833885, -0.002222161), (0.109277, 0.04827921, -0.002288098), (0.1090223, 0.04822254, -0.002396188), (0.1087872, 0.04817024, -0.002543769), (0.1085776, 0.0481236, -0.002727208), (0.1083985, 0.04808376, -0.002941987), (0.1082545, 0.04805171, -0.003182817), (0.108149, 0.04802824, -0.003443769), (0.1080846, 0.04801392, -0.003718418), (0.108063, 0.04800911, -0.004), (0.1080846, 0.04801392, -0.004281582), (0.108149, 0.04802824, -0.004556231), (0.1082545, 0.04805171, -0.004817183), (0.1083985, 0.04808376, -0.005058013), (0.1085776, 0.0481236, -0.005272792), (0.1087872, 0.04817024, -0.005456231), (0.1090223, 0.04822254, -0.005603812), (0.109277, 0.04827921, -0.005711902), (0.1095451, 0.04833885, -0.005777839), (0.10982, 0.0484, -0.0058), (0.1100949, 0.04846115, -0.005777839), (0.110363, 0.04852079, -0.005711902), (0.1106177, 0.04857746, -0.005603812), (0.1108528, 0.04862976, -0.005456231), (0.1110624, 0.0486764, -0.005272792), (0.1112415, 0.04871624, -0.005058013), (0.1113855, 0.04874829, -0.004817183), (0.111491, 0.04877176, -0.004556231), (0.1115554, 0.04878608, -0.004281582), (0.111577, 0.04879089, -0.004), (0.1115554, 0.04878608, -0.003718418), (0.111491, 0.04877176, -0.003443769), (0.1113855, 0.04874829, -0.003182817), (0.1112415, 0.04871624, -0.002941987), (0.1110624, 0.0486764, -0.002727208), (0.1108528, 0.04862976, -0.002543769), (0.1106177, 0.04857746, -0.002396188), (0.110363, 0.04852079, -0.002288098), (0.1100949, 0.04846115, -0.002222161), (0.134292, -0.0616, -0.0022), (0.1340171, -0.06166115, -0.002222161), (0.133749, -0.06172079, -0.002288098), (0.1334943, -0.06177746, -0.002396188), (0.1332592, -0.06182976, -0.002543769), (0.1330496, -0.0618764, -0.002727208), (0.1328705, -0.06191624, -0.002941987), (0.1327265, -0.06194829, -0.003182817), (0.132621, -0.06197176, -0.003443769), (0.1325566, -0.06198608, -0.003718418), (0.132535, -0.06199089, -0.004), (0.1325566, -0.06198608, -0.004281582), (0.132621, -0.06197176, -0.004556231), (0.1327265, -0.06194829, -0.004817183), (0.1328705, -0.06191624, -0.005058013), (0.1330496, -0.0618764, -0.005272792), (0.1332592, -0.06182976, -0.005456231), (0.1334943, -0.06177746, -0.005603812), (0.133749, -0.06172079, -0.005711902), (0.1340171, -0.06166115, -0.005777839), (0.134292, -0.0616, -0.0058), (0.1345669, -0.06153885, -0.005777839), (0.134835, -0.06147921, -0.005711902), (0.1350897, -0.06142254, -0.005603812), (0.1353248, -0.06137024, -0.005456231), (0.1355344, -0.0613236, -0.005272792), (0.1357135, -0.06128376, -0.005058013), (0.1358575, -0.06125171, -0.004817183), (0.135963, -0.06122824, -0.004556231), (0.1360274, -0.06121392, -0.004281582), (0.136049, -0.06120911, -0.004), (0.1360274, -0.06121392, -0.003718418), (0.135963, -0.06122824, -0.003443769), (0.1358575, -0.06125171, -0.003182817), (0.1357135, -0.06128376, -0.002941987), (0.1355344, -0.0613236, -0.002727208), (0.1353248, -0.06137024, -0.002543769), (0.1350897, -0.06142254, -0.002396188), (0.134835, -0.06147921, -0.002288098), (0.1345669, -0.06153885, -0.002222161)]
            int[] faceVertexCounts = [3, 3, 3, 3, 3, 3, 3, 3, 3, 3, 3, 3, 3, 3, 3, 3, 3, 3, 3, 3, 3, 3, 3, 3, 3, 3, 3, 3, 3, 3, 3, 3, 3, 3, 3, 3, 3, 3, 3, 3, 3, 3, 3, 3, 3, 3, 3, 3, 3, 3, 3, 3, 3, 3, 3, 3, 3, 3, 3, 3, 3, 3, 3, 3, 3, 3, 3, 3, 3, 3, 3, 3, 3, 3, 3, 3, 3, 3, 3, 3, 3, 3, 3, 3, 3, 3, 3, 3, 3, 3, 3, 3, 3, 3, 3, 3, 3, 3, 3, 3, 3, 3, 3, 3, 3, 3, 3, 3, 3, 3, 3, 3, 3, 3, 3, 3, 3, 3, 3, 3, 3, 3, 3, 3, 3, 3, 3, 3, 3, 3, 3, 3, 3, 3, 3, 3, 3, 3, 3, 3, 3, 3, 3, 3, 3, 3, 3, 3, 3, 3, 3, 3, 3, 3, 3, 3]
            int[] faceVertexIndices = [119, 118, 117, 119, 117, 116, 119, 116, 115, 119, 115, 114, 119, 114, 113, 119, 113, 112, 119, 112, 111, 119, 111, 110, 119, 110, 109, 119, 109, 108, 119, 108, 107, 119, 107, 106, 119, 106, 105, 119, 105, 104, 119, 104, 103, 119, 103, 102, 119, 102, 101, 119, 101, 100, 119, 100, 99, 119, 99, 98, 119, 98, 97, 119, 97, 96, 119, 96, 95, 119, 95, 94, 119, 94, 93, 119, 93, 92, 119, 92, 91, 119, 91, 90, 119, 90, 89, 119, 89, 88, 119, 88, 87, 119, 87, 86, 119, 86, 85, 119, 85, 84, 119, 84, 83, 119, 83, 82, 119, 82, 81, 119, 81, 80, 120, 121, 122, 120, 122, 123, 120, 123, 124, 120, 124, 125, 120, 125, 126, 120, 126, 127, 120, 127, 128, 120, 128, 129, 120, 129, 130, 120, 130, 131, 120, 131, 132, 120, 132, 133, 120, 133, 134, 120, 134, 135, 120, 135, 136, 120, 136, 137, 120, 137, 138, 120, 138, 139, 120, 139, 140, 120, 140, 141, 120, 141, 142, 120, 142, 143, 120, 143, 144, 120, 144, 145, 120, 145, 146, 120, 146, 147, 120, 147, 148, 120, 148, 149, 120, 149, 150, 120, 150, 151, 120, 151, 152, 120, 152, 153, 120, 153, 154, 120, 154, 155, 120, 155, 156, 120, 156, 157, 120, 157, 158, 120, 158, 159, 0, 1, 41, 0, 41, 40, 1, 2, 42, 1, 42, 41, 2, 3, 43, 2, 43, 42, 3, 4, 44, 3, 44, 43, 4, 5, 45, 4, 45, 44, 5, 6, 46, 5, 46, 45, 6, 7, 47, 6, 47, 46, 7, 8, 48, 7, 48, 47, 8, 9, 49, 8, 49, 48, 9, 10, 50, 9, 50, 49, 10, 11, 51, 10, 51, 50, 11, 12, 52, 11, 52, 51, 12, 13, 53, 12, 53, 52, 13, 14, 54, 13, 54, 53, 14, 15, 55, 14, 55, 54, 15, 16, 56, 15, 56, 55, 16, 17, 57, 16, 57, 56, 17, 18, 58, 17, 58, 57, 18, 19, 59, 18, 59, 58, 19, 20, 60, 19, 60, 59, 20, 21, 61, 20, 61, 60, 21, 22, 62, 21, 62, 61, 22, 23, 63, 22, 63, 62, 23, 24, 64, 23, 64, 63, 24, 25, 65, 24, 65, 64, 25, 26, 66, 25, 66, 65, 26, 27, 67, 26, 67, 66, 27, 28, 68, 27, 68, 67, 28, 29, 69, 28, 69, 68, 29, 30, 70, 29, 70, 69, 30, 31, 71, 30, 71, 70, 31, 32, 72, 31, 72, 71, 32, 33, 73, 32, 73, 72, 33, 34, 74, 33, 74, 73, 34, 35, 75, 34, 75, 74, 35, 36, 76, 35, 76, 75, 36, 37, 77, 36, 77, 76, 37, 38, 78, 37, 78, 77, 38, 39, 79, 38, 79, 78, 39, 0, 40, 39, 40, 79]
            normal3f[] normals = [(-0.02559903, -0.005695086, 0.9996561), (-0.1779325, -0.03958514, 0.9832462), (-0.3258848, -0.07250047, 0.9426255), (-0.4658126, -0.1036306, 0.8787942), (-0.5942706, -0.132209, 0.7933242), (-0.7080957, -0.157532, 0.6883198), (-0.8044851, -0.178976, 0.5663667), (-0.8810655, -0.196013, 0.4304678), (-0.935951, -0.2082236, 0.2839694), (-0.9677904, -0.215307, 0.1304787), (-0.9757995, -0.2170888, -0.02622488), (-0.9597812, -0.2135252, -0.1822827), (-0.92013, -0.2047038, -0.3338521), (-0.857822, -0.190842, -0.4772009), (-0.7743917, -0.172281, -0.6087995), (-0.6718932, -0.1494779, -0.7254074), (-0.5528505, -0.1229942, -0.8241533), (-0.4201948, -0.09348189, -0.9026059), (-0.2771925, -0.06166777, -0.9588334), (-0.1273648, -0.0283352, -0.9914511), (0.02559903, 0.005695086, -0.9996561), (0.1779325, 0.03958514, -0.9832462), (0.3258848, 0.07250047, -0.9426255), (0.4658126, 0.1036306, -0.8787942), (0.5942706, 0.132209, -0.7933242), (0.7080957, 0.157532, -0.6883198), (0.8044851, 0.178976, -0.5663667), (0.8810655, 0.196013, -0.4304678), (0.935951, 0.2082236, -0.2839694), (0.9677904, 0.215307, -0.1304787), (0.9757995, 0.2170888, 0.02622488), (0.9597812, 0.2135252, 0.1822827), (0.92013, 0.2047038, 0.3338521), (0.857822, 0.190842, 0.4772009), (0.7743917, 0.172281, 0.6087995), (0.6718932, 0.1494779, 0.7254074), (0.5528505, 0.1229942, 0.8241533), (0.4201948, 0.09348189, 0.9026059), (0.2771925, 0.06166777, 0.9588334), (0.1273648, 0.0283352, 0.9914511), (0.02559903, 0.005695086, 0.9996561), (-0.1273648, -0.0283352, 0.9914511), (-0.2771925, -0.06166777, 0.9588334), (-0.4201948, -0.09348189, 0.9026059), (-0.5528505, -0.1229942, 0.8241533), (-0.6718932, -0.1494779, 0.7254074), (-0.7743917, -0.172281, 0.6087995), (-0.857822, -0.190842, 0.4772009), (-0.92013, -0.2047038, 0.3338521), (-0.9597812, -0.2135252, 0.1822827), (-0.9757995, -0.2170888, 0.02622488), (-0.9677904, -0.215307, -0.1304787), (-0.935951, -0.2082236, -0.2839694), (-0.8810655, -0.196013, -0.4304678), (-0.8044851, -0.178976, -0.5663667), (-0.7080957, -0.157532, -0.6883198), (-0.5942706, -0.132209, -0.7933242), (-0.4658126, -0.1036306, -0.8787942), (-0.3258848, -0.07250047, -0.9426255), (-0.1779325, -0.03958514, -0.9832462), (-0.02559903, -0.005695086, -0.9996561), (0.1273648, 0.0283352, -0.9914511), (0.2771925, 0.06166777, -0.9588334), (0.4201948, 0.09348189, -0.9026059), (0.5528505, 0.1229942, -0.8241533), (0.6718932, 0.1494779, -0.7254074), (0.7743917, 0.172281, -0.6087995), (0.857822, 0.190842, -0.4772009), (0.92013, 0.2047038, -0.3338521), (0.9597812, 0.2135252, -0.1822827), (0.9757995, 0.2170888, -0.02622488), (0.9677904, 0.215307, 0.1304787), (0.935951, 0.2082236, 0.2839694), (0.8810655, 0.196013, 0.4304678), (0.8044851, 0.178976, 0.5663667), (0.7080957, 0.157532, 0.6883198), (0.5942706, 0.132209, 0.7933242), (0.4658126, 0.1036306, 0.8787942), (0.3258848, 0.07250047, 0.9426255), (0.1779325, 0.03958514, 0.9832462), (-0.2171635, 0.9761353, 0), (-0.2171635, 0.9761353, -3.014369e-14), (-0.2171635, 0.9761353, -4.084762e-14), (-0.2171635, 0.9761353, 1.394596e-14), (-0.2171635, 0.9761353, 5.170845e-15), (-0.2171635, 0.9761353, -2.407149e-15), (-0.2171635, 0.9761353, -9.18214e-15), (-0.2171635, 0.9761353, 1.965074e-15), (-0.2171635, 0.9761353, 1.002926e-14), (-0.2171635, 0.9761353, -5.117984e-15), (-0.2171635, 0.9761353, 0), (-0.2171635, 0.9761353, 3.909792e-15), (-0.2171635, 0.9761353, -5.818705e-15), (-0.2171635, 0.9761353, -8.551739e-16), (-0.2171635, 0.9761353, 2.936861e-15), (-0.2171635, 0.9761353, 5.485091e-16), (-0.2171635, 0.9761353, -8.008992e-16), (-0.2171635, 0.9761353, -1.365127e-15), (-0.2171635, 0.9761353, 2.23985e-15), (-0.2171635, 0.9761353, 7.376687e-16), (-0.2171635, 0.9761353, 0), (-0.2171635, 0.9761353, 0), (-0.2171635, 0.9761353, -2.7272e-16), (-0.2171635, 0.9761353, 1.714091e-15), (-0.2171635, 0.9761353, 8.948249e-16), (-0.2171635, 0.9761353, 2.631304e-16), (-0.2171635, 0.9761353, -1.90365e-15), (-0.2171635, 0.9761353, 1.396354e-15), (-0.2171635, 0.9761353, 5.554653e-15), (-0.2171635, 0.9761353, -3.603479e-15), (-0.2171635, 0.9761353, 0), (-0.2171635, 0.9761353, 5.215003e-15), (-0.2171635, 0.9761353, -1.176462e-14), (-0.2171635, 0.9761353, -4.434222e-15), (-0.2171635, 0.9761353, 9.450166e-15), (-0.2171635, 0.9761353, -2.187601e-15), (-0.2171635, 0.9761353, -1.401517e-14), (-0.2171635, 0.9761353, -6.335511e-14), (-0.2171635, 0.9761353, 4.188836e-14), (-0.2171635, 0.9761353, 0), (0.2171635, -0.9761353, -1.494921e-16), (0.2171635, -0.9761353, 5.991627e-14), (0.2171635, -0.9761353, 8.442901e-14), (0.2171635, -0.9761353, -1.796816e-14), (0.2171635, -0.9761353, -3.158349e-14), (0.2171635, -0.9761353, -1.194644e-14), (0.2171635, -0.9761353, -1.013536e-15), (0.2171635, -0.9761353, 7.0779e-15), (0.2171635, -0.9761353, -1.163928e-14), (0.2171635, -0.9761353, -7.05763e-15), (0.2171635, -0.9761353, 0), (0.2171635, -0.9761353, 5.148215e-15), (0.2171635, -0.9761353, 6.143959e-15), (0.2171635, -0.9761353, -2.657927e-15), (0.2171635, -0.9761353, 2.631304e-16), (0.2171635, -0.9761353, 2.049684e-15), (0.2171635, -0.9761353, 3.334358e-15), (0.2171635, -0.9761353, 1.035645e-15), (0.2171635, -0.9761353, -2.117955e-15), (0.2171635, -0.9761353, -3.711189e-16), (0.2171635, -0.9761353, 0), (0.2171635, -0.9761353, 3.711189e-16), (0.2171635, -0.9761353, 2.117955e-15), (0.2171635, -0.9761353, -1.035645e-15), (0.2171635, -0.9761353, -3.334358e-15), (0.2171635, -0.9761353, -2.049684e-15), (0.2171635, -0.9761353, -2.631304e-16), (0.2171635, -0.9761353, 2.657927e-15), (0.2171635, -0.9761353, -6.143959e-15), (0.2171635, -0.9761353, -5.148215e-15), (0.2171635, -0.9761353, 0), (0.2171635, -0.9761353, 7.05763e-15), (0.2171635, -0.9761353, 1.163928e-14), (0.2171635, -0.9761353, -7.0779e-15), (0.2171635, -0.9761353, 1.013536e-15), (0.2171635, -0.9761353, 1.194644e-14), (0.2171635, -0.9761353, -1.367251e-15), (0.2171635, -0.9761353, -9.463232e-15), (0.2171635, -0.9761353, -1.693915e-14), (0.2171635, -0.9761353, -5.991627e-14)] (interpolation = "vertex")
            float3[] extent = [(0.108063, -0.06199089, -0.0058), (0.136049, 0.04879089, -0.0022)]
            rel material:binding = </WorkbenchPart/Materials/steel>
            texCoord2f[] primvars:st = [(12.23276, -0.2469068), (12.26255, -0.2542331), (12.29085, -0.2662431), (12.23276, -0.2469068), (12.29085, -0.2662431), (12.31697, -0.282641), (12.23276, -0.2469068), (12.31697, -0.282641), (12.34027, -0.3030231), (12.23276, -0.2469068), (12.34027, -0.3030231), (12.36016, -0.3268874), (12.23276, -0.2469068), (12.36016, -0.3268874), (12.37617, -0.3536463), (12.23276, -0.2469068), (12.37617, -0.3536463), (12.38789, -0.382641), (12.23276, -0.2469068), (12.38789, -0.382641), (12.39505, -0.4131576), (12.23276, -0.2469068), (12.39505, -0.4131576), (12.39745, -0.4444444), (12.23276, -0.2469068), (12.39745, -0.4444444), (12.39505, -0.4757313), (12.23276, -0.2469068), (12.39505, -0.4757313), (12.38789, -0.5062478), (12.23276, -0.2469068), (12.38789, -0.5062478), (12.37617, -0.5352425), (12.23276, -0.2469068), (12.37617, -0.5352425), (12.36016, -0.5620015), (12.23276, -0.2469068), (12.36016, -0.5620015), (12.34027, -0.5858658), (12.23276, -0.2469068), (12.34027, -0.5858658), (12.31697, -0.6062478), (12.23276, -0.2469068), (12.31697, -0.6062478), (12.29085, -0.6226457), (12.23276, -0.2469068), (12.29085, -0.6226457), (12.26255, -0.6346557), (12.23276, -0.2469068), (12.26255, -0.6346557), (12.23276, -0.6419821), (12.23276, -0.2469068), (12.23276, -0.6419821), (12.20222, -0.6444444), (12.23276, -0.2469068), (12.20222, -0.6444444), (12.17168, -0.6419821), (12.23276, -0.2469068), (12.17168, -0.6419821), (12.14189, -0.6346557), (12.23276, -0.2469068), (12.14189, -0.6346557), (12.11359, -0.6226457), (12.23276, -0.2469068), (12.11359, -0.6226457), (12.08747, -0.6062478), (12.23276, -0.2469068), (12.08747, -0.6062478), (12.06418, -0.5858658), (12.23276, -0.2469068), (12.06418, -0.5858658), (12.04428, -0.5620015), (12.23276, -0.2469068), (12.04428, -0.5620015), (12.02827, -0.5352425), (12.23276, -0.2469068), (12.02827, -0.5352425), (12.01655, -0.5062478), (12.23276, -0.2469068), (12.01655, -0.5062478), (12.0094, -0.4757313), (12.23276, -0.2469068), (12.0094, -0.4757313), (12.007, -0.4444444), (12.23276, -0.2469068), (12.007, -0.4444444), (12.0094, -0.4131576), (12.23276, -0.2469068), (12.0094, -0.4131576), (12.01655, -0.382641), (12.23276, -0.2469068), (12.01655, -0.382641), (12.02827, -0.3536463), (12.23276, -0.2469068), (12.02827, -0.3536463), (12.04428, -0.3268874), (12.23276, -0.2469068), (12.04428, -0.3268874), (12.06418, -0.3030231), (12.23276, -0.2469068), (12.06418, -0.3030231), (12.08747, -0.282641), (12.23276, -0.2469068), (12.08747, -0.282641), (12.11359, -0.2662431), (12.23276, -0.2469068), (12.11359, -0.2662431), (12.14189, -0.2542331), (12.23276, -0.2469068), (12.14189, -0.2542331), (12.17168, -0.2469068), (12.23276, -0.2469068), (12.17168, -0.2469068), (12.20222, -0.2444444), (14.92133, -0.2444444), (14.89079, -0.2469068), (14.861, -0.2542331), (14.92133, -0.2444444), (14.861, -0.2542331), (14.8327, -0.2662431), (14.92133, -0.2444444), (14.8327, -0.2662431), (14.80658, -0.282641), (14.92133, -0.2444444), (14.80658, -0.282641), (14.78329, -0.3030231), (14.92133, -0.2444444), (14.78329, -0.3030231), (14.76339, -0.3268874), (14.92133, -0.2444444), (14.76339, -0.3268874), (14.74738, -0.3536463), (14.92133, -0.2444444), (14.74738, -0.3536463), (14.73566, -0.382641), (14.92133, -0.2444444), (14.73566, -0.382641), (14.72851, -0.4131576), (14.92133, -0.2444444), (14.72851, -0.4131576), (14.72611, -0.4444444), (14.92133, -0.2444444), (14.72611, -0.4444444), (14.72851, -0.4757313), (14.92133, -0.2444444), (14.72851, -0.4757313), (14.73566, -0.5062478), (14.92133, -0.2444444), (14.73566, -0.5062478), (14.74738, -0.5352425), (14.92133, -0.2444444), (14.74738, -0.5352425), (14.76339, -0.5620015), (14.92133, -0.2444444), (14.76339, -0.5620015), (14.78329, -0.5858658), (14.92133, -0.2444444), (14.78329, -0.5858658), (14.80658, -0.6062478), (14.92133, -0.2444444), (14.80658, -0.6062478), (14.8327, -0.6226457), (14.92133, -0.2444444), (14.8327, -0.6226457), (14.861, -0.6346557), (14.92133, -0.2444444), (14.861, -0.6346557), (14.89079, -0.6419821), (14.92133, -0.2444444), (14.89079, -0.6419821), (14.92133, -0.6444444), (14.92133, -0.2444444), (14.92133, -0.6444444), (14.95187, -0.6419821), (14.92133, -0.2444444), (14.95187, -0.6419821), (14.98166, -0.6346557), (14.92133, -0.2444444), (14.98166, -0.6346557), (15.00996, -0.6226457), (14.92133, -0.2444444), (15.00996, -0.6226457), (15.03608, -0.6062478), (14.92133, -0.2444444), (15.03608, -0.6062478), (15.05938, -0.5858658), (14.92133, -0.2444444), (15.05938, -0.5858658), (15.07928, -0.5620015), (14.92133, -0.2444444), (15.07928, -0.5620015), (15.09528, -0.5352425), (14.92133, -0.2444444), (15.09528, -0.5352425), (15.10701, -0.5062478), (14.92133, -0.2444444), (15.10701, -0.5062478), (15.11416, -0.4757313), (14.92133, -0.2444444), (15.11416, -0.4757313), (15.11656, -0.4444444), (14.92133, -0.2444444), (15.11656, -0.4444444), (15.11416, -0.4131576), (14.92133, -0.2444444), (15.11416, -0.4131576), (15.10701, -0.382641), (14.92133, -0.2444444), (15.10701, -0.382641), (15.09528, -0.3536463), (14.92133, -0.2444444), (15.09528, -0.3536463), (15.07928, -0.3268874), (14.92133, -0.2444444), (15.07928, -0.3268874), (15.05938, -0.3030231), (14.92133, -0.2444444), (15.05938, -0.3030231), (15.03608, -0.282641), (14.92133, -0.2444444), (15.03608, -0.282641), (15.00996, -0.2662431), (14.92133, -0.2444444), (15.00996, -0.2662431), (14.98166, -0.2542331), (14.92133, -0.2444444), (14.98166, -0.2542331), (14.95187, -0.2469068), (12.20222, 5.377778), (12.17168, 5.370983), (14.89079, -6.851239), (12.20222, 5.377778), (14.89079, -6.851239), (14.92133, -6.844444), (12.17168, 5.370983), (12.14189, 5.364356), (14.861, -6.857866), (12.17168, 5.370983), (14.861, -6.857866), (14.89079, -6.851239), (12.14189, 5.364356), (12.11359, 5.35806), (14.8327, -6.864162), (12.14189, 5.364356), (14.8327, -6.864162), (14.861, -6.857866), (12.11359, 5.35806), (12.08747, 5.352249), (14.80658, -6.869974), (12.11359, 5.35806), (14.80658, -6.869974), (14.8327, -6.864162), (12.08747, 5.352249), (12.06418, 5.347066), (14.78329, -6.875156), (12.08747, 5.352249), (14.78329, -6.875156), (14.80658, -6.869974), (5.347066, -0.3030231), (5.34264, -0.3268874), (-6.879582, -0.3268874), (5.347066, -0.3030231), (-6.879582, -0.3268874), (-6.875156, -0.3030231), (5.34264, -0.3268874), (5.339079, -0.3536463), (-6.883143, -0.3536463), (5.34264, -0.3268874), (-6.883143, -0.3536463), (-6.879582, -0.3268874), (5.339079, -0.3536463), (5.336471, -0.382641), (-6.885751, -0.382641), (5.339079, -0.3536463), (-6.885751, -0.382641), (-6.883143, -0.3536463), (5.336471, -0.382641), (5.33488, -0.4131576), (-6.887342, -0.4131576), (5.336471, -0.382641), (-6.887342, -0.4131576), (-6.885751, -0.382641), (5.33488, -0.4131576), (5.334345, -0.4444444), (-6.887877, -0.4444444), (5.33488, -0.4131576), (-6.887877, -0.4444444), (-6.887342, -0.4131576), (5.334345, -0.4444444), (5.33488, -0.4757313), (-6.887342, -0.4757313), (5.334345, -0.4444444), (-6.887342, -0.4757313), (-6.887877, -0.4444444), (5.33488, -0.4757313), (5.336471, -0.5062478), (-6.885751, -0.5062478), (5.33488, -0.4757313), (-6.885751, -0.5062478), (-6.887342, -0.4757313), (5.336471, -0.5062478), (5.339079, -0.5352425), (-6.883143, -0.5352425), (5.336471, -0.5062478), (-6.883143, -0.5352425), (-6.885751, -0.5062478), (5.339079, -0.5352425), (5.34264, -0.5620015), (-6.879582, -0.5620015), (5.339079, -0.5352425), (-6.879582, -0.5620015), (-6.883143, -0.5352425), (5.34264, -0.5620015), (5.347066, -0.5858658), (-6.875156, -0.5858658), (5.34264, -0.5620015), (-6.875156, -0.5858658), (-6.879582, -0.5620015), (12.06418, 5.347066), (12.08747, 5.352249), (14.80658, -6.869974), (12.06418, 5.347066), (14.80658, -6.869974), (14.78329, -6.875156), (12.08747, 5.352249), (12.11359, 5.35806), (14.8327, -6.864162), (12.08747, 5.352249), (14.8327, -6.864162), (14.80658, -6.869974), (12.11359, 5.35806), (12.14189, 5.364356), (14.861, -6.857866), (12.11359, 5.35806), (14.861, -6.857866), (14.8327, -6.864162), (12.14189, 5.364356), (12.17168, 5.370983), (14.89079, -6.851239), (12.14189, 5.364356), (14.89079, -6.851239), (14.861, -6.857866), (12.17168, 5.370983), (12.20222, 5.377778), (14.92133, -6.844444), (12.17168, 5.370983), (14.92133, -6.844444), (14.89079, -6.851239), (12.20222, 5.377778), (12.23276, 5.384572), (14.95187, -6.83765), (12.20222, 5.377778), (14.95187, -6.83765), (14.92133, -6.844444), (12.23276, 5.384572), (12.26255, 5.391199), (14.98166, -6.831023), (12.23276, 5.384572), (14.98166, -6.831023), (14.95187, -6.83765), (12.26255, 5.391199), (12.29085, 5.397496), (15.00996, -6.824726), (12.26255, 5.391199), (15.00996, -6.824726), (14.98166, -6.831023), (12.29085, 5.397496), (12.31697, 5.403307), (15.03608, -6.818915), (12.29085, 5.397496), (15.03608, -6.818915), (15.00996, -6.824726), (12.31697, 5.403307), (12.34027, 5.408489), (15.05938, -6.813733), (12.31697, 5.403307), (15.05938, -6.813733), (15.03608, -6.818915), (5.408489, -0.5858658), (5.412916, -0.5620015), (-6.809307, -0.5620015), (5.408489, -0.5858658), (-6.809307, -0.5620015), (-6.813733, -0.5858658), (5.412916, -0.5620015), (5.416477, -0.5352425), (-6.805746, -0.5352425), (5.412916, -0.5620015), (-6.805746, -0.5352425), (-6.809307, -0.5620015), (5.416477, -0.5352425), (5.419085, -0.5062478), (-6.803137, -0.5062478), (5.416477, -0.5352425), (-6.803137, -0.5062478), (-6.805746, -0.5352425), (5.419085, -0.5062478), (5.420676, -0.4757313), (-6.801546, -0.4757313), (5.419085, -0.5062478), (-6.801546, -0.4757313), (-6.803137, -0.5062478), (5.420676, -0.4757313), (5.42121, -0.4444444), (-6.801012, -0.4444444), (5.420676, -0.4757313), (-6.801012, -0.4444444), (-6.801546, -0.4757313), (5.42121, -0.4444444), (5.420676, -0.4131576), (-6.801546, -0.4131576), (5.42121, -0.4444444), (-6.801546, -0.4131576), (-6.801012, -0.4444444), (5.420676, -0.4131576), (5.419085, -0.382641), (-6.803137, -0.382641), (5.420676, -0.4131576), (-6.803137, -0.382641), (-6.801546, -0.4131576), (5.419085, -0.382641), (5.416477, -0.3536463), (-6.805746, -0.3536463), (5.419085, -0.382641), (-6.805746, -0.3536463), (-6.803137, -0.382641), (5.416477, -0.3536463), (5.412916, -0.3268874), (-6.809307, -0.3268874), (5.416477, -0.3536463), (-6.809307, -0.3268874), (-6.805746, -0.3536463), (5.412916, -0.3268874), (5.408489, -0.3030231), (-6.813733, -0.3030231), (5.412916, -0.3268874), (-6.813733, -0.3030231), (-6.809307, -0.3268874), (12.34027, 5.408489), (12.31697, 5.403307), (15.03608, -6.818915), (12.34027, 5.408489), (15.03608, -6.818915), (15.05938, -6.813733), (12.31697, 5.403307), (12.29085, 5.397496), (15.00996, -6.824726), (12.31697, 5.403307), (15.00996, -6.824726), (15.03608, -6.818915), (12.29085, 5.397496), (12.26255, 5.391199), (14.98166, -6.831023), (12.29085, 5.397496), (14.98166, -6.831023), (15.00996, -6.824726), (12.26255, 5.391199), (12.23276, 5.384572), (14.95187, -6.83765), (12.26255, 5.391199), (14.95187, -6.83765), (14.98166, -6.831023), (12.23276, 5.384572), (12.20222, 5.377778), (14.92133, -6.844444), (12.23276, 5.384572), (14.92133, -6.844444), (14.95187, -6.83765)] (interpolation = "faceVarying")
        }
    }
}
