#usda 1.0
(
    defaultPrim = "WorkbenchPart"
    metersPerUnit = 1
    upAxis = "Y"
)
def Xform "WorkbenchPart" (
    kind = "component"
    customData = {
        string catalogID = "gps-m10-compass"
        string forwardAxis = "+Z"
    }
)
{
    def Scope "Materials"
    {
        def Material "label_gps_m10_compass_M10"
        {
            token outputs:surface.connect = </WorkbenchPart/Materials/label_gps_m10_compass_M10/Surface.outputs:surface>
            def Shader "Surface"
            {
                uniform token info:id = "UsdPreviewSurface"
                color3f inputs:diffuseColor = (1, 1, 1)
                float inputs:roughness = 0.72
                float inputs:metallic = 0
                float inputs:ior = 1.46
                color3f inputs:diffuseColor.connect = </WorkbenchPart/Materials/label_gps_m10_compass_M10/Color.outputs:rgb>
                token outputs:surface
            }
            def Shader "UV"
            {
                uniform token info:id = "UsdPrimvarReader_float2"
                string inputs:varname = "st"
                float2 outputs:result
            }
            def Shader "Color"
            {
                uniform token info:id = "UsdUVTexture"
                asset inputs:file = @textures/gps_m10_compass_M10.png@
                token inputs:sourceColorSpace = "sRGB"
                token inputs:wrapS = "repeat"
                token inputs:wrapT = "repeat"
                float2 inputs:st.connect = </WorkbenchPart/Materials/label_gps_m10_compass_M10/UV.outputs:result>
                float3 outputs:rgb
                float outputs:r
            }
        }
        def Material "polymer"
        {
            token outputs:surface.connect = </WorkbenchPart/Materials/polymer/Surface.outputs:surface>
            def Shader "Surface"
            {
                uniform token info:id = "UsdPreviewSurface"
                color3f inputs:diffuseColor = (0.01850022, 0.02624122, 0.03560131)
                float inputs:roughness = 0.58
                float inputs:metallic = 0.02
                float inputs:ior = 1.46
                color3f inputs:diffuseColor.connect = </WorkbenchPart/Materials/polymer/Color.outputs:rgb>
                normal3f inputs:normal.connect = </WorkbenchPart/Materials/polymer/Normal.outputs:rgb>
                float inputs:roughness.connect = </WorkbenchPart/Materials/polymer/Rough.outputs:r>
                token outputs:surface
            }
            def Shader "UV"
            {
                uniform token info:id = "UsdPrimvarReader_float2"
                string inputs:varname = "st"
                float2 outputs:result
            }
            def Shader "Color"
            {
                uniform token info:id = "UsdUVTexture"
                asset inputs:file = @textures/surface-7e58029f8b2b78-color.png@
                token inputs:sourceColorSpace = "sRGB"
                token inputs:wrapS = "repeat"
                token inputs:wrapT = "repeat"
                float2 inputs:st.connect = </WorkbenchPart/Materials/polymer/UV.outputs:result>
                float3 outputs:rgb
                float outputs:r
            }
            def Shader "Normal"
            {
                uniform token info:id = "UsdUVTexture"
                asset inputs:file = @textures/grain-normal.png@
                token inputs:sourceColorSpace = "raw"
                token inputs:wrapS = "repeat"
                token inputs:wrapT = "repeat"
                float2 inputs:st.connect = </WorkbenchPart/Materials/polymer/UV.outputs:result>
                float4 inputs:scale = (2, 2, 2, 1)
                float4 inputs:bias = (-1, -1, -1, 0)
                float3 outputs:rgb
                float outputs:r
            }
            def Shader "Rough"
            {
                uniform token info:id = "UsdUVTexture"
                asset inputs:file = @textures/surface-7e58029f8b2b78-rough.png@
                token inputs:sourceColorSpace = "raw"
                token inputs:wrapS = "repeat"
                token inputs:wrapT = "repeat"
                float2 inputs:st.connect = </WorkbenchPart/Materials/polymer/UV.outputs:result>
                float3 outputs:rgb
                float outputs:r
            }
        }
        def Material "rubber"
        {
            token outputs:surface.connect = </WorkbenchPart/Materials/rubber/Surface.outputs:surface>
            def Shader "Surface"
            {
                uniform token info:id = "UsdPreviewSurface"
                color3f inputs:diffuseColor = (0.01096009, 0.01520851, 0.02028856)
                float inputs:roughness = 0.85
                float inputs:metallic = 0
                float inputs:ior = 1.46
                color3f inputs:diffuseColor.connect = </WorkbenchPart/Materials/rubber/Color.outputs:rgb>
                normal3f inputs:normal.connect = </WorkbenchPart/Materials/rubber/Normal.outputs:rgb>
                float inputs:roughness.connect = </WorkbenchPart/Materials/rubber/Rough.outputs:r>
                token outputs:surface
            }
            def Shader "UV"
            {
                uniform token info:id = "UsdPrimvarReader_float2"
                string inputs:varname = "st"
                float2 outputs:result
            }
            def Shader "Color"
            {
                uniform token info:id = "UsdUVTexture"
                asset inputs:file = @textures/surface-5f4da83744fa83-color.png@
                token inputs:sourceColorSpace = "sRGB"
                token inputs:wrapS = "repeat"
                token inputs:wrapT = "repeat"
                float2 inputs:st.connect = </WorkbenchPart/Materials/rubber/UV.outputs:result>
                float3 outputs:rgb
                float outputs:r
            }
            def Shader "Normal"
            {
                uniform token info:id = "UsdUVTexture"
                asset inputs:file = @textures/grain-normal.png@
                token inputs:sourceColorSpace = "raw"
                token inputs:wrapS = "repeat"
                token inputs:wrapT = "repeat"
                float2 inputs:st.connect = </WorkbenchPart/Materials/rubber/UV.outputs:result>
                float4 inputs:scale = (2, 2, 2, 1)
                float4 inputs:bias = (-1, -1, -1, 0)
                float3 outputs:rgb
                float outputs:r
            }
            def Shader "Rough"
            {
                uniform token info:id = "UsdUVTexture"
                asset inputs:file = @textures/surface-5f4da83744fa83-rough.png@
                token inputs:sourceColorSpace = "raw"
                token inputs:wrapS = "repeat"
                token inputs:wrapT = "repeat"
                float2 inputs:st.connect = </WorkbenchPart/Materials/rubber/UV.outputs:result>
                float3 outputs:rgb
                float outputs:r
            }
        }
        def Material "seam"
        {
            token outputs:surface.connect = </WorkbenchPart/Materials/seam/Surface.outputs:surface>
            def Shader "Surface"
            {
                uniform token info:id = "UsdPreviewSurface"
                color3f inputs:diffuseColor = (0.01599629, 0.02624122, 0.03433981)
                float inputs:roughness = 0.82
                float inputs:metallic = 0
                float inputs:ior = 1.46
                token outputs:surface
            }
        }
        def Material "steel"
        {
            token outputs:surface.connect = </WorkbenchPart/Materials/steel/Surface.outputs:surface>
            def Shader "Surface"
            {
                uniform token info:id = "UsdPreviewSurface"
                color3f inputs:diffuseColor = (0.4735315, 0.5332764, 0.5840784)
                float inputs:roughness = 0.25
                float inputs:metallic = 0.86
                float inputs:ior = 1.46
                color3f inputs:diffuseColor.connect = </WorkbenchPart/Materials/steel/Color.outputs:rgb>
                normal3f inputs:normal.connect = </WorkbenchPart/Materials/steel/Normal.outputs:rgb>
                float inputs:roughness.connect = </WorkbenchPart/Materials/steel/Rough.outputs:r>
                token outputs:surface
            }
            def Shader "UV"
            {
                uniform token info:id = "UsdPrimvarReader_float2"
                string inputs:varname = "st"
                float2 outputs:result
            }
            def Shader "Color"
            {
                uniform token info:id = "UsdUVTexture"
                asset inputs:file = @textures/surface-3355c54d2bc56b-color.png@
                token inputs:sourceColorSpace = "sRGB"
                token inputs:wrapS = "repeat"
                token inputs:wrapT = "repeat"
                float2 inputs:st.connect = </WorkbenchPart/Materials/steel/UV.outputs:result>
                float3 outputs:rgb
                float outputs:r
            }
            def Shader "Normal"
            {
                uniform token info:id = "UsdUVTexture"
                asset inputs:file = @textures/brushed-normal.png@
                token inputs:sourceColorSpace = "raw"
                token inputs:wrapS = "repeat"
                token inputs:wrapT = "repeat"
                float2 inputs:st.connect = </WorkbenchPart/Materials/steel/UV.outputs:result>
                float4 inputs:scale = (2, 2, 2, 1)
                float4 inputs:bias = (-1, -1, -1, 0)
                float3 outputs:rgb
                float outputs:r
            }
            def Shader "Rough"
            {
                uniform token info:id = "UsdUVTexture"
                asset inputs:file = @textures/surface-3355c54d2bc56b-rough.png@
                token inputs:sourceColorSpace = "raw"
                token inputs:wrapS = "repeat"
                token inputs:wrapT = "repeat"
                float2 inputs:st.connect = </WorkbenchPart/Materials/steel/UV.outputs:result>
                float3 outputs:rgb
                float outputs:r
            }
        }
        def Material "white"
        {
            token outputs:surface.connect = </WorkbenchPart/Materials/white/Surface.outputs:surface>
            def Shader "Surface"
            {
                uniform token info:id = "UsdPreviewSurface"
                color3f inputs:diffuseColor = (0.7083758, 0.7529422, 0.7304607)
                float inputs:roughness = 0.39
                float inputs:metallic = 0.01
                float inputs:ior = 1.46
                color3f inputs:diffuseColor.connect = </WorkbenchPart/Materials/white/Color.outputs:rgb>
                normal3f inputs:normal.connect = </WorkbenchPart/Materials/white/Normal.outputs:rgb>
                float inputs:roughness.connect = </WorkbenchPart/Materials/white/Rough.outputs:r>
                token outputs:surface
            }
            def Shader "UV"
            {
                uniform token info:id = "UsdPrimvarReader_float2"
                string inputs:varname = "st"
                float2 outputs:result
            }
            def Shader "Color"
            {
                uniform token info:id = "UsdUVTexture"
                asset inputs:file = @textures/surface-f33fa3df27dfcb-color.png@
                token inputs:sourceColorSpace = "sRGB"
                token inputs:wrapS = "repeat"
                token inputs:wrapT = "repeat"
                float2 inputs:st.connect = </WorkbenchPart/Materials/white/UV.outputs:result>
                float3 outputs:rgb
                float outputs:r
            }
            def Shader "Normal"
            {
                uniform token info:id = "UsdUVTexture"
                asset inputs:file = @textures/paint-normal.png@
                token inputs:sourceColorSpace = "raw"
                token inputs:wrapS = "repeat"
                token inputs:wrapT = "repeat"
                float2 inputs:st.connect = </WorkbenchPart/Materials/white/UV.outputs:result>
                float4 inputs:scale = (2, 2, 2, 1)
                float4 inputs:bias = (-1, -1, -1, 0)
                float3 outputs:rgb
                float outputs:r
            }
            def Shader "Rough"
            {
                uniform token info:id = "UsdUVTexture"
                asset inputs:file = @textures/surface-f33fa3df27dfcb-rough.png@
                token inputs:sourceColorSpace = "raw"
                token inputs:wrapS = "repeat"
                token inputs:wrapT = "repeat"
                float2 inputs:st.connect = </WorkbenchPart/Materials/white/UV.outputs:result>
                float3 outputs:rgb
                float outputs:r
            }
        }
    }
    def Xform "GNSSModule"
    {
        def Mesh "GNSSPuckBase_01" (prepend apiSchemas = ["MaterialBindingAPI"])
        {
            uniform token subdivisionScheme = "none"
            uniform token orientation = "rightHanded"
            bool doubleSided = false
            point3f[] points = [(0, -0.00441, -0.014), (-0.00122018, -0.00441, -0.01394673), (-0.002431074, -0.00441, -0.01378731), (-0.003623467, -0.00441, -0.01352296), (-0.004788282, -0.00441, -0.0131557), (-0.005916656, -0.00441, -0.01268831), (-0.007, -0.00441, -0.01212436), (-0.00803007, -0.00441, -0.01146813), (-0.008999027, -0.00441, -0.01072462), (-0.009899495, -0.00441, -0.009899495), (-0.01072462, -0.00441, -0.008999027), (-0.01146813, -0.00441, -0.00803007), (-0.01212436, -0.00441, -0.007), (-0.01268831, -0.00441, -0.005916656), (-0.0131557, -0.00441, -0.004788282), (-0.01352296, -0.00441, -0.003623467), (-0.01378731, -0.00441, -0.002431074), (-0.01394673, -0.00441, -0.00122018), (-0.014, -0.00441, -8.572528e-19), (-0.01394673, -0.00441, 0.00122018), (-0.01378731, -0.00441, 0.002431074), (-0.01352296, -0.00441, 0.003623467), (-0.0131557, -0.00441, 0.004788282), (-0.01268831, -0.00441, 0.005916656), (-0.01212436, -0.00441, 0.007), (-0.01146813, -0.00441, 0.00803007), (-0.01072462, -0.00441, 0.008999027), (-0.009899495, -0.00441, 0.009899495), (-0.008999027, -0.00441, 0.01072462), (-0.00803007, -0.00441, 0.01146813), (-0.007, -0.00441, 0.01212436), (-0.005916656, -0.00441, 0.01268831), (-0.004788282, -0.00441, 0.0131557), (-0.003623467, -0.00441, 0.01352296), (-0.002431074, -0.00441, 0.01378731), (-0.00122018, -0.00441, 0.01394673), (-1.714506e-18, -0.00441, 0.014), (0.00122018, -0.00441, 0.01394673), (0.002431074, -0.00441, 0.01378731), (0.003623467, -0.00441, 0.01352296), (0.004788282, -0.00441, 0.0131557), (0.005916656, -0.00441, 0.01268831), (0.007, -0.00441, 0.01212436), (0.00803007, -0.00441, 0.01146813), (0.008999027, -0.00441, 0.01072462), (0.009899495, -0.00441, 0.009899495), (0.01072462, -0.00441, 0.008999027), (0.01146813, -0.00441, 0.00803007), (0.01212436, -0.00441, 0.007), (0.01268831, -0.00441, 0.005916656), (0.0131557, -0.00441, 0.004788282), (0.01352296, -0.00441, 0.003623467), (0.01378731, -0.00441, 0.002431074), (0.01394673, -0.00441, 0.00122018), (0.014, -0.00441, 2.571758e-18), (0.01394673, -0.00441, -0.00122018), (0.01378731, -0.00441, -0.002431074), (0.01352296, -0.00441, -0.003623467), (0.0131557, -0.00441, -0.004788282), (0.01268831, -0.00441, -0.005916656), (0.01212436, -0.00441, -0.007), (0.01146813, -0.00441, -0.00803007), (0.01072462, -0.00441, -0.008999027), (0.009899495, -0.00441, -0.009899495), (0.008999027, -0.00441, -0.01072462), (0.00803007, -0.00441, -0.01146813), (0.007, -0.00441, -0.01212436), (0.005916656, -0.00441, -0.01268831), (0.004788282, -0.00441, -0.0131557), (0.003623467, -0.00441, -0.01352296), (0.002431074, -0.00441, -0.01378731), (0.00122018, -0.00441, -0.01394673), (0, 0.00153, -0.014), (-0.00122018, 0.00153, -0.01394673), (-0.002431074, 0.00153, -0.01378731), (-0.003623467, 0.00153, -0.01352296), (-0.004788282, 0.00153, -0.0131557), (-0.005916656, 0.00153, -0.01268831), (-0.007, 0.00153, -0.01212436), (-0.00803007, 0.00153, -0.01146813), (-0.008999027, 0.00153, -0.01072462), (-0.009899495, 0.00153, -0.009899495), (-0.01072462, 0.00153, -0.008999027), (-0.01146813, 0.00153, -0.00803007), (-0.01212436, 0.00153, -0.007), (-0.01268831, 0.00153, -0.005916656), (-0.0131557, 0.00153, -0.004788282), (-0.01352296, 0.00153, -0.003623467), (-0.01378731, 0.00153, -0.002431074), (-0.01394673, 0.00153, -0.00122018), (-0.014, 0.00153, -8.572528e-19), (-0.01394673, 0.00153, 0.00122018), (-0.01378731, 0.00153, 0.002431074), (-0.01352296, 0.00153, 0.003623467), (-0.0131557, 0.00153, 0.004788282), (-0.01268831, 0.00153, 0.005916656), (-0.01212436, 0.00153, 0.007), (-0.01146813, 0.00153, 0.00803007), (-0.01072462, 0.00153, 0.008999027), (-0.009899495, 0.00153, 0.009899495), (-0.008999027, 0.00153, 0.01072462), (-0.00803007, 0.00153, 0.01146813), (-0.007, 0.00153, 0.01212436), (-0.005916656, 0.00153, 0.01268831), (-0.004788282, 0.00153, 0.0131557), (-0.003623467, 0.00153, 0.01352296), (-0.002431074, 0.00153, 0.01378731), (-0.00122018, 0.00153, 0.01394673), (-1.714506e-18, 0.00153, 0.014), (0.00122018, 0.00153, 0.01394673), (0.002431074, 0.00153, 0.01378731), (0.003623467, 0.00153, 0.01352296), (0.004788282, 0.00153, 0.0131557), (0.005916656, 0.00153, 0.01268831), (0.007, 0.00153, 0.01212436), (0.00803007, 0.00153, 0.01146813), (0.008999027, 0.00153, 0.01072462), (0.009899495, 0.00153, 0.009899495), (0.01072462, 0.00153, 0.008999027), (0.01146813, 0.00153, 0.00803007), (0.01212436, 0.00153, 0.007), (0.01268831, 0.00153, 0.005916656), (0.0131557, 0.00153, 0.004788282), (0.01352296, 0.00153, 0.003623467), (0.01378731, 0.00153, 0.002431074), (0.01394673, 0.00153, 0.00122018), (0.014, 0.00153, 2.571758e-18), (0.01394673, 0.00153, -0.00122018), (0.01378731, 0.00153, -0.002431074), (0.01352296, 0.00153, -0.003623467), (0.0131557, 0.00153, -0.004788282), (0.01268831, 0.00153, -0.005916656), (0.01212436, 0.00153, -0.007), (0.01146813, 0.00153, -0.00803007), (0.01072462, 0.00153, -0.008999027), (0.009899495, 0.00153, -0.009899495), (0.008999027, 0.00153, -0.01072462), (0.00803007, 0.00153, -0.01146813), (0.007, 0.00153, -0.01212436), (0.005916656, 0.00153, -0.01268831), (0.004788282, 0.00153, -0.0131557), (0.003623467, 0.00153, -0.01352296), (0.002431074, 0.00153, -0.01378731), (0.00122018, 0.00153, -0.01394673), (0, -0.00441, -0.014), (-0.00122018, -0.00441, -0.01394673), (-0.002431074, -0.00441, -0.01378731), (-0.003623467, -0.00441, -0.01352296), (-0.004788282, -0.00441, -0.0131557), (-0.005916656, -0.00441, -0.01268831), (-0.007, -0.00441, -0.01212436), (-0.00803007, -0.00441, -0.01146813), (-0.008999027, -0.00441, -0.01072462), (-0.009899495, -0.00441, -0.009899495), (-0.01072462, -0.00441, -0.008999027), (-0.01146813, -0.00441, -0.00803007), (-0.01212436, -0.00441, -0.007), (-0.01268831, -0.00441, -0.005916656), (-0.0131557, -0.00441, -0.004788282), (-0.01352296, -0.00441, -0.003623467), (-0.01378731, -0.00441, -0.002431074), (-0.01394673, -0.00441, -0.00122018), (-0.014, -0.00441, -8.572528e-19), (-0.01394673, -0.00441, 0.00122018), (-0.01378731, -0.00441, 0.002431074), (-0.01352296, -0.00441, 0.003623467), (-0.0131557, -0.00441, 0.004788282), (-0.01268831, -0.00441, 0.005916656), (-0.01212436, -0.00441, 0.007), (-0.01146813, -0.00441, 0.00803007), (-0.01072462, -0.00441, 0.008999027), (-0.009899495, -0.00441, 0.009899495), (-0.008999027, -0.00441, 0.01072462), (-0.00803007, -0.00441, 0.01146813), (-0.007, -0.00441, 0.01212436), (-0.005916656, -0.00441, 0.01268831), (-0.004788282, -0.00441, 0.0131557), (-0.003623467, -0.00441, 0.01352296), (-0.002431074, -0.00441, 0.01378731), (-0.00122018, -0.00441, 0.01394673), (-1.714506e-18, -0.00441, 0.014), (0.00122018, -0.00441, 0.01394673), (0.002431074, -0.00441, 0.01378731), (0.003623467, -0.00441, 0.01352296), (0.004788282, -0.00441, 0.0131557), (0.005916656, -0.00441, 0.01268831), (0.007, -0.00441, 0.01212436), (0.00803007, -0.00441, 0.01146813), (0.008999027, -0.00441, 0.01072462), (0.009899495, -0.00441, 0.009899495), (0.01072462, -0.00441, 0.008999027), (0.01146813, -0.00441, 0.00803007), (0.01212436, -0.00441, 0.007), (0.01268831, -0.00441, 0.005916656), (0.0131557, -0.00441, 0.004788282), (0.01352296, -0.00441, 0.003623467), (0.01378731, -0.00441, 0.002431074), (0.01394673, -0.00441, 0.00122018), (0.014, -0.00441, 2.571758e-18), (0.01394673, -0.00441, -0.00122018), (0.01378731, -0.00441, -0.002431074), (0.01352296, -0.00441, -0.003623467), (0.0131557, -0.00441, -0.004788282), (0.01268831, -0.00441, -0.005916656), (0.01212436, -0.00441, -0.007), (0.01146813, -0.00441, -0.00803007), (0.01072462, -0.00441, -0.008999027), (0.009899495, -0.00441, -0.009899495), (0.008999027, -0.00441, -0.01072462), (0.00803007, -0.00441, -0.01146813), (0.007, -0.00441, -0.01212436), (0.005916656, -0.00441, -0.01268831), (0.004788282, -0.00441, -0.0131557), (0.003623467, -0.00441, -0.01352296), (0.002431074, -0.00441, -0.01378731), (0.00122018, -0.00441, -0.01394673), (0, 0.00153, -0.014), (-0.00122018, 0.00153, -0.01394673), (-0.002431074, 0.00153, -0.01378731), (-0.003623467, 0.00153, -0.01352296), (-0.004788282, 0.00153, -0.0131557), (-0.005916656, 0.00153, -0.01268831), (-0.007, 0.00153, -0.01212436), (-0.00803007, 0.00153, -0.01146813), (-0.008999027, 0.00153, -0.01072462), (-0.009899495, 0.00153, -0.009899495), (-0.01072462, 0.00153, -0.008999027), (-0.01146813, 0.00153, -0.00803007), (-0.01212436, 0.00153, -0.007), (-0.01268831, 0.00153, -0.005916656), (-0.0131557, 0.00153, -0.004788282), (-0.01352296, 0.00153, -0.003623467), (-0.01378731, 0.00153, -0.002431074), (-0.01394673, 0.00153, -0.00122018), (-0.014, 0.00153, -8.572528e-19), (-0.01394673, 0.00153, 0.00122018), (-0.01378731, 0.00153, 0.002431074), (-0.01352296, 0.00153, 0.003623467), (-0.0131557, 0.00153, 0.004788282), (-0.01268831, 0.00153, 0.005916656), (-0.01212436, 0.00153, 0.007), (-0.01146813, 0.00153, 0.00803007), (-0.01072462, 0.00153, 0.008999027), (-0.009899495, 0.00153, 0.009899495), (-0.008999027, 0.00153, 0.01072462), (-0.00803007, 0.00153, 0.01146813), (-0.007, 0.00153, 0.01212436), (-0.005916656, 0.00153, 0.01268831), (-0.004788282, 0.00153, 0.0131557), (-0.003623467, 0.00153, 0.01352296), (-0.002431074, 0.00153, 0.01378731), (-0.00122018, 0.00153, 0.01394673), (-1.714506e-18, 0.00153, 0.014), (0.00122018, 0.00153, 0.01394673), (0.002431074, 0.00153, 0.01378731), (0.003623467, 0.00153, 0.01352296), (0.004788282, 0.00153, 0.0131557), (0.005916656, 0.00153, 0.01268831), (0.007, 0.00153, 0.01212436), (0.00803007, 0.00153, 0.01146813), (0.008999027, 0.00153, 0.01072462), (0.009899495, 0.00153, 0.009899495), (0.01072462, 0.00153, 0.008999027), (0.01146813, 0.00153, 0.00803007), (0.01212436, 0.00153, 0.007), (0.01268831, 0.00153, 0.005916656), (0.0131557, 0.00153, 0.004788282), (0.01352296, 0.00153, 0.003623467), (0.01378731, 0.00153, 0.002431074), (0.01394673, 0.00153, 0.00122018), (0.014, 0.00153, 2.571758e-18), (0.01394673, 0.00153, -0.00122018), (0.01378731, 0.00153, -0.002431074), (0.01352296, 0.00153, -0.003623467), (0.0131557, 0.00153, -0.004788282), (0.01268831, 0.00153, -0.005916656), (0.01212436, 0.00153, -0.007), (0.01146813, 0.00153, -0.00803007), (0.01072462, 0.00153, -0.008999027), (0.009899495, 0.00153, -0.009899495), (0.008999027, 0.00153, -0.01072462), (0.00803007, 0.00153, -0.01146813), (0.007, 0.00153, -0.01212436), (0.005916656, 0.00153, -0.01268831), (0.004788282, 0.00153, -0.0131557), (0.003623467, 0.00153, -0.01352296), (0.002431074, 0.00153, -0.01378731), (0.00122018, 0.00153, -0.01394673)]
            int[] faceVertexCounts = [3, 3, 3, 3, 3, 3, 3, 3, 3, 3, 3, 3, 3, 3, 3, 3, 3, 3, 3, 3, 3, 3, 3, 3, 3, 3, 3, 3, 3, 3, 3, 3, 3, 3, 3, 3, 3, 3, 3, 3, 3, 3, 3, 3, 3, 3, 3, 3, 3, 3, 3, 3, 3, 3, 3, 3, 3, 3, 3, 3, 3, 3, 3, 3, 3, 3, 3, 3, 3, 3, 3, 3, 3, 3, 3, 3, 3, 3, 3, 3, 3, 3, 3, 3, 3, 3, 3, 3, 3, 3, 3, 3, 3, 3, 3, 3, 3, 3, 3, 3, 3, 3, 3, 3, 3, 3, 3, 3, 3, 3, 3, 3, 3, 3, 3, 3, 3, 3, 3, 3, 3, 3, 3, 3, 3, 3, 3, 3, 3, 3, 3, 3, 3, 3, 3, 3, 3, 3, 3, 3, 3, 3, 3, 3, 3, 3, 3, 3, 3, 3, 3, 3, 3, 3, 3, 3, 3, 3, 3, 3, 3, 3, 3, 3, 3, 3, 3, 3, 3, 3, 3, 3, 3, 3, 3, 3, 3, 3, 3, 3, 3, 3, 3, 3, 3, 3, 3, 3, 3, 3, 3, 3, 3, 3, 3, 3, 3, 3, 3, 3, 3, 3, 3, 3, 3, 3, 3, 3, 3, 3, 3, 3, 3, 3, 3, 3, 3, 3, 3, 3, 3, 3, 3, 3, 3, 3, 3, 3, 3, 3, 3, 3, 3, 3, 3, 3, 3, 3, 3, 3, 3, 3, 3, 3, 3, 3, 3, 3, 3, 3, 3, 3, 3, 3, 3, 3, 3, 3, 3, 3, 3, 3, 3, 3, 3, 3, 3, 3, 3, 3, 3, 3, 3, 3, 3, 3, 3, 3, 3, 3, 3, 3, 3, 3]
            int[] faceVertexIndices = [215, 214, 213, 215, 213, 212, 215, 212, 211, 215, 211, 210, 215, 210, 209, 215, 209, 208, 215, 208, 207, 215, 207, 206, 215, 206, 205, 215, 205, 204, 215, 204, 203, 215, 203, 202, 215, 202, 201, 215, 201, 200, 215, 200, 199, 215, 199, 198, 215, 198, 197, 215, 197, 196, 215, 196, 195, 215, 195, 194, 215, 194, 193, 215, 193, 192, 215, 192, 191, 215, 191, 190, 215, 190, 189, 215, 189, 188, 215, 188, 187, 215, 187, 186, 215, 186, 185, 215, 185, 184, 215, 184, 183, 215, 183, 182, 215, 182, 181, 215, 181, 180, 215, 180, 179, 215, 179, 178, 215, 178, 177, 215, 177, 176, 215, 176, 175, 215, 175, 174, 215, 174, 173, 215, 173, 172, 215, 172, 171, 215, 171, 170, 215, 170, 169, 215, 169, 168, 215, 168, 167, 215, 167, 166, 215, 166, 165, 215, 165, 164, 215, 164, 163, 215, 163, 162, 215, 162, 161, 215, 161, 160, 215, 160, 159, 215, 159, 158, 215, 158, 157, 215, 157, 156, 215, 156, 155, 215, 155, 154, 215, 154, 153, 215, 153, 152, 215, 152, 151, 215, 151, 150, 215, 150, 149, 215, 149, 148, 215, 148, 147, 215, 147, 146, 215, 146, 145, 215, 145, 144, 216, 217, 218, 216, 218, 219, 216, 219, 220, 216, 220, 221, 216, 221, 222, 216, 222, 223, 216, 223, 224, 216, 224, 225, 216, 225, 226, 216, 226, 227, 216, 227, 228, 216, 228, 229, 216, 229, 230, 216, 230, 231, 216, 231, 232, 216, 232, 233, 216, 233, 234, 216, 234, 235, 216, 235, 236, 216, 236, 237, 216, 237, 238, 216, 238, 239, 216, 239, 240, 216, 240, 241, 216, 241, 242, 216, 242, 243, 216, 243, 244, 216, 244, 245, 216, 245, 246, 216, 246, 247, 216, 247, 248, 216, 248, 249, 216, 249, 250, 216, 250, 251, 216, 251, 252, 216, 252, 253, 216, 253, 254, 216, 254, 255, 216, 255, 256, 216, 256, 257, 216, 257, 258, 216, 258, 259, 216, 259, 260, 216, 260, 261, 216, 261, 262, 216, 262, 263, 216, 263, 264, 216, 264, 265, 216, 265, 266, 216, 266, 267, 216, 267, 268, 216, 268, 269, 216, 269, 270, 216, 270, 271, 216, 271, 272, 216, 272, 273, 216, 273, 274, 216, 274, 275, 216, 275, 276, 216, 276, 277, 216, 277, 278, 216, 278, 279, 216, 279, 280, 216, 280, 281, 216, 281, 282, 216, 282, 283, 216, 283, 284, 216, 284, 285, 216, 285, 286, 216, 286, 287, 0, 1, 73, 0, 73, 72, 1, 2, 74, 1, 74, 73, 2, 3, 75, 2, 75, 74, 3, 4, 76, 3, 76, 75, 4, 5, 77, 4, 77, 76, 5, 6, 78, 5, 78, 77, 6, 7, 79, 6, 79, 78, 7, 8, 80, 7, 80, 79, 8, 9, 81, 8, 81, 80, 9, 10, 82, 9, 82, 81, 10, 11, 83, 10, 83, 82, 11, 12, 84, 11, 84, 83, 12, 13, 85, 12, 85, 84, 13, 14, 86, 13, 86, 85, 14, 15, 87, 14, 87, 86, 15, 16, 88, 15, 88, 87, 16, 17, 89, 16, 89, 88, 17, 18, 90, 17, 90, 89, 18, 19, 91, 18, 91, 90, 19, 20, 92, 19, 92, 91, 20, 21, 93, 20, 93, 92, 21, 22, 94, 21, 94, 93, 22, 23, 95, 22, 95, 94, 23, 24, 96, 23, 96, 95, 24, 25, 97, 24, 97, 96, 25, 26, 98, 25, 98, 97, 26, 27, 99, 26, 99, 98, 27, 28, 100, 27, 100, 99, 28, 29, 101, 28, 101, 100, 29, 30, 102, 29, 102, 101, 30, 31, 103, 30, 103, 102, 31, 32, 104, 31, 104, 103, 32, 33, 105, 32, 105, 104, 33, 34, 106, 33, 106, 105, 34, 35, 107, 34, 107, 106, 35, 36, 108, 35, 108, 107, 36, 37, 109, 36, 109, 108, 37, 38, 110, 37, 110, 109, 38, 39, 111, 38, 111, 110, 39, 40, 112, 39, 112, 111, 40, 41, 113, 40, 113, 112, 41, 42, 114, 41, 114, 113, 42, 43, 115, 42, 115, 114, 43, 44, 116, 43, 116, 115, 44, 45, 117, 44, 117, 116, 45, 46, 118, 45, 118, 117, 46, 47, 119, 46, 119, 118, 47, 48, 120, 47, 120, 119, 48, 49, 121, 48, 121, 120, 49, 50, 122, 49, 122, 121, 50, 51, 123, 50, 123, 122, 51, 52, 124, 51, 124, 123, 52, 53, 125, 52, 125, 124, 53, 54, 126, 53, 126, 125, 54, 55, 127, 54, 127, 126, 55, 56, 128, 55, 128, 127, 56, 57, 129, 56, 129, 128, 57, 58, 130, 57, 130, 129, 58, 59, 131, 58, 131, 130, 59, 60, 132, 59, 132, 131, 60, 61, 133, 60, 133, 132, 61, 62, 134, 61, 134, 133, 62, 63, 135, 62, 135, 134, 63, 64, 136, 63, 136, 135, 64, 65, 137, 64, 137, 136, 65, 66, 138, 65, 138, 137, 66, 67, 139, 66, 139, 138, 67, 68, 140, 67, 140, 139, 68, 69, 141, 68, 141, 140, 69, 70, 142, 69, 142, 141, 70, 71, 143, 70, 143, 142, 71, 0, 72, 71, 72, 143]
            normal3f[] normals = [(-0.01455211, 0, -0.9998941), (-0.1016432, 0, -0.9948209), (-0.1879608, 0, -0.9821765), (-0.2728479, 0, -0.9620572), (-0.3556584, 0, -0.934616), (-0.4357622, 0, -0.9000618), (-0.5125496, 0, -0.8586576), (-0.5854361, 0, -0.8107186), (-0.6538671, 0, -0.7566094), (-0.7173218, 0, -0.696742), (-0.7753172, 0, -0.631572), (-0.8274121, 0, -0.5615953), (-0.8732098, 0, -0.4873446), (-0.9123618, 0, -0.4093848), (-0.9445702, 0, -0.3283094), (-0.9695899, 0, -0.2447354), (-0.9872304, 0, -0.1592988), (-0.9973575, 0, -0.07264978), (-0.9998941, 0, 0.01455211), (-0.9948209, 0, 0.1016432), (-0.9821765, 0, 0.1879608), (-0.9620572, 0, 0.2728479), (-0.934616, 0, 0.3556584), (-0.9000618, 0, 0.4357622), (-0.8586576, 0, 0.5125496), (-0.8107186, 0, 0.5854361), (-0.7566094, 0, 0.6538671), (-0.696742, 0, 0.7173218), (-0.631572, 0, 0.7753172), (-0.5615953, 0, 0.8274121), (-0.4873446, 0, 0.8732098), (-0.4093848, 0, 0.9123618), (-0.3283094, 0, 0.9445702), (-0.2447354, 0, 0.9695899), (-0.1592988, 0, 0.9872304), (-0.07264978, 0, 0.9973575), (0.01455211, 0, 0.9998941), (0.1016432, 0, 0.9948209), (0.1879608, 0, 0.9821765), (0.2728479, 0, 0.9620572), (0.3556584, 0, 0.934616), (0.4357622, 0, 0.9000618), (0.5125496, 0, 0.8586576), (0.5854361, 0, 0.8107186), (0.6538671, 0, 0.7566094), (0.7173218, 0, 0.696742), (0.7753172, 0, 0.631572), (0.8274121, 0, 0.5615953), (0.8732098, 0, 0.4873446), (0.9123618, 0, 0.4093848), (0.9445702, 0, 0.3283094), (0.9695899, 0, 0.2447354), (0.9872304, 0, 0.1592988), (0.9973575, 0, 0.07264978), (0.9998941, 0, -0.01455211), (0.9948209, 0, -0.1016432), (0.9821765, 0, -0.1879608), (0.9620572, 0, -0.2728479), (0.934616, 0, -0.3556584), (0.9000618, 0, -0.4357622), (0.8586576, 0, -0.5125496), (0.8107186, 0, -0.5854361), (0.7566094, 0, -0.6538671), (0.696742, 0, -0.7173218), (0.631572, 0, -0.7753172), (0.5615953, 0, -0.8274121), (0.4873446, 0, -0.8732098), (0.4093848, 0, -0.9123618), (0.3283094, 0, -0.9445702), (0.2447354, 0, -0.9695899), (0.1592988, 0, -0.9872304), (0.07264978, 0, -0.9973575), (0.01455211, 0, -0.9998941), (-0.07264978, 0, -0.9973575), (-0.1592988, 0, -0.9872304), (-0.2447354, 0, -0.9695899), (-0.3283094, 0, -0.9445702), (-0.4093848, 0, -0.9123618), (-0.4873446, 0, -0.8732098), (-0.5615953, 0, -0.8274121), (-0.631572, 0, -0.7753172), (-0.696742, 0, -0.7173218), (-0.7566094, 0, -0.6538671), (-0.8107186, 0, -0.5854361), (-0.8586576, 0, -0.5125496), (-0.9000618, 0, -0.4357622), (-0.934616, 0, -0.3556584), (-0.9620572, 0, -0.2728479), (-0.9821765, 0, -0.1879608), (-0.9948209, 0, -0.1016432), (-0.9998941, 0, -0.01455211), (-0.9973575, 0, 0.07264978), (-0.9872304, 0, 0.1592988), (-0.9695899, 0, 0.2447354), (-0.9445702, 0, 0.3283094), (-0.9123618, 0, 0.4093848), (-0.8732098, 0, 0.4873446), (-0.8274121, 0, 0.5615953), (-0.7753172, 0, 0.631572), (-0.7173218, 0, 0.696742), (-0.6538671, 0, 0.7566094), (-0.5854361, 0, 0.8107186), (-0.5125496, 0, 0.8586576), (-0.4357622, 0, 0.9000618), (-0.3556584, 0, 0.934616), (-0.2728479, 0, 0.9620572), (-0.1879608, 0, 0.9821765), (-0.1016432, 0, 0.9948209), (-0.01455211, 0, 0.9998941), (0.07264978, 0, 0.9973575), (0.1592988, 0, 0.9872304), (0.2447354, 0, 0.9695899), (0.3283094, 0, 0.9445702), (0.4093848, 0, 0.9123618), (0.4873446, 0, 0.8732098), (0.5615953, 0, 0.8274121), (0.631572, 0, 0.7753172), (0.696742, 0, 0.7173218), (0.7566094, 0, 0.6538671), (0.8107186, 0, 0.5854361), (0.8586576, 0, 0.5125496), (0.9000618, 0, 0.4357622), (0.934616, 0, 0.3556584), (0.9620572, 0, 0.2728479), (0.9821765, 0, 0.1879608), (0.9948209, 0, 0.1016432), (0.9998941, 0, 0.01455211), (0.9973575, 0, -0.07264978), (0.9872304, 0, -0.1592988), (0.9695899, 0, -0.2447354), (0.9445702, 0, -0.3283094), (0.9123618, 0, -0.4093848), (0.8732098, 0, -0.4873446), (0.8274121, 0, -0.5615953), (0.7753172, 0, -0.631572), (0.7173218, 0, -0.696742), (0.6538671, 0, -0.7566094), (0.5854361, 0, -0.8107186), (0.5125496, 0, -0.8586576), (0.4357622, 0, -0.9000618), (0.3556584, 0, -0.934616), (0.2728479, 0, -0.9620572), (0.1879608, 0, -0.9821765), (0.1016432, 0, -0.9948209), (0, -1, 0), (0, -1, 0), (0, -1, 0), (0, -1, 0), (0, -1, 0), (0, -1, 0), (0, -1, 0), (0, -1, 0), (0, -1, 0), (0, -1, 0), (0, -1, 0), (0, -1, 0), (0, -1, 0), (0, -1, 0), (0, -1, 0), (0, -1, 0), (0, -1, 0), (0, -1, 0), (0, -1, 0), (0, -1, 0), (0, -1, 0), (0, -1, 0), (0, -1, 0), (0, -1, 0), (0, -1, 0), (0, -1, 0), (0, -1, 0), (0, -1, 0), (0, -1, 0), (0, -1, 0), (0, -1, 0), (0, -1, 0), (0, -1, 0), (0, -1, 0), (0, -1, 0), (0, -1, 0), (0, -1, 0), (0, -1, 0), (0, -1, 0), (0, -1, 0), (0, -1, 0), (0, -1, 0), (0, -1, 0), (0, -1, 0), (0, -1, 0), (0, -1, 0), (0, -1, 0), (0, -1, 0), (0, -1, 0), (0, -1, 0), (0, -1, 0), (0, -1, 0), (0, -1, 0), (0, -1, 0), (0, -1, 0), (0, -1, 0), (0, -1, 0), (0, -1, 0), (0, -1, 0), (0, -1, 0), (0, -1, 0), (0, -1, 0), (0, -1, 0), (0, -1, 0), (0, -1, 0), (0, -1, 0), (0, -1, 0), (0, -1, 0), (0, -1, 0), (0, -1, 0), (0, -1, 0), (0, -1, 0), (0, 1, 0), (0, 1, 0), (0, 1, 0), (0, 1, 0), (0, 1, 0), (0, 1, 0), (0, 1, 0), (0, 1, 0), (0, 1, 0), (0, 1, 0), (0, 1, 0), (0, 1, 0), (0, 1, 0), (0, 1, 0), (0, 1, 0), (0, 1, 0), (0, 1, 0), (0, 1, 0), (0, 1, 0), (0, 1, 0), (0, 1, 0), (0, 1, 0), (0, 1, 0), (0, 1, 0), (0, 1, 0), (0, 1, 0), (0, 1, 0), (0, 1, 0), (0, 1, 0), (0, 1, 0), (0, 1, 0), (0, 1, 0), (0, 1, 0), (0, 1, 0), (0, 1, 0), (0, 1, 0), (0, 1, 0), (0, 1, 0), (0, 1, 0), (0, 1, 0), (0, 1, 0), (0, 1, 0), (0, 1, 0), (0, 1, 0), (0, 1, 0), (0, 1, 0), (0, 1, 0), (0, 1, 0), (0, 1, 0), (0, 1, 0), (0, 1, 0), (0, 1, 0), (0, 1, 0), (0, 1, 0), (0, 1, 0), (0, 1, 0), (0, 1, 0), (0, 1, 0), (0, 1, 0), (0, 1, 0), (0, 1, 0), (0, 1, 0), (0, 1, 0), (0, 1, 0), (0, 1, 0), (0, 1, 0), (0, 1, 0), (0, 1, 0), (0, 1, 0), (0, 1, 0), (0, 1, 0), (0, 1, 0)] (interpolation = "vertex")
            float3[] extent = [(-0.014, -0.00441, -0.014), (0.014, 0.00153, 0.014)]
            rel material:binding = </WorkbenchPart/Materials/polymer>
            texCoord2f[] primvars:st = [(0.1355756, -1.549636), (0.2701194, -1.531923), (0.4026074, -1.502551), (0.1355756, -1.549636), (0.4026074, -1.502551), (0.5320313, -1.461744), (0.1355756, -1.549636), (0.5320313, -1.461744), (0.6574062, -1.409812), (0.1355756, -1.549636), (0.6574062, -1.409812), (0.7777778, -1.347151), (0.1355756, -1.549636), (0.7777778, -1.347151), (0.89223, -1.274237), (0.1355756, -1.549636), (0.89223, -1.274237), (0.9998918, -1.191625), (0.1355756, -1.549636), (0.9998918, -1.191625), (1.099944, -1.099944), (0.1355756, -1.549636), (1.099944, -1.099944), (1.191625, -0.9998918), (0.1355756, -1.549636), (1.191625, -0.9998918), (1.274237, -0.89223), (0.1355756, -1.549636), (1.274237, -0.89223), (1.347151, -0.7777778), (0.1355756, -1.549636), (1.347151, -0.7777778), (1.409812, -0.6574062), (0.1355756, -1.549636), (1.409812, -0.6574062), (1.461744, -0.5320313), (0.1355756, -1.549636), (1.461744, -0.5320313), (1.502551, -0.4026074), (0.1355756, -1.549636), (1.502551, -0.4026074), (1.531923, -0.2701194), (0.1355756, -1.549636), (1.531923, -0.2701194), (1.549636, -0.1355756), (0.1355756, -1.549636), (1.549636, -0.1355756), (1.555556, 2.857509e-16), (0.1355756, -1.549636), (1.555556, 2.857509e-16), (1.549636, 0.1355756), (0.1355756, -1.549636), (1.549636, 0.1355756), (1.531923, 0.2701194), (0.1355756, -1.549636), (1.531923, 0.2701194), (1.502551, 0.4026074), (0.1355756, -1.549636), (1.502551, 0.4026074), (1.461744, 0.5320313), (0.1355756, -1.549636), (1.461744, 0.5320313), (1.409812, 0.6574062), (0.1355756, -1.549636), (1.409812, 0.6574062), (1.347151, 0.7777778), (0.1355756, -1.549636), (1.347151, 0.7777778), (1.274237, 0.89223), (0.1355756, -1.549636), (1.274237, 0.89223), (1.191625, 0.9998918), (0.1355756, -1.549636), (1.191625, 0.9998918), (1.099944, 1.099944), (0.1355756, -1.549636), (1.099944, 1.099944), (0.9998918, 1.191625), (0.1355756, -1.549636), (0.9998918, 1.191625), (0.89223, 1.274237), (0.1355756, -1.549636), (0.89223, 1.274237), (0.7777778, 1.347151), (0.1355756, -1.549636), (0.7777778, 1.347151), (0.6574062, 1.409812), (0.1355756, -1.549636), (0.6574062, 1.409812), (0.5320313, 1.461744), (0.1355756, -1.549636), (0.5320313, 1.461744), (0.4026074, 1.502551), (0.1355756, -1.549636), (0.4026074, 1.502551), (0.2701194, 1.531923), (0.1355756, -1.549636), (0.2701194, 1.531923), (0.1355756, 1.549636), (0.1355756, -1.549636), (0.1355756, 1.549636), (-1.905006e-16, 1.555556), (0.1355756, -1.549636), (-1.905006e-16, 1.555556), (-0.1355756, 1.549636), (0.1355756, -1.549636), (-0.1355756, 1.549636), (-0.2701194, 1.531923), (0.1355756, -1.549636), (-0.2701194, 1.531923), (-0.4026074, 1.502551), (0.1355756, -1.549636), (-0.4026074, 1.502551), (-0.5320313, 1.461744), (0.1355756, -1.549636), (-0.5320313, 1.461744), (-0.6574062, 1.409812), (0.1355756, -1.549636), (-0.6574062, 1.409812), (-0.7777778, 1.347151), (0.1355756, -1.549636), (-0.7777778, 1.347151), (-0.89223, 1.274237), (0.1355756, -1.549636), (-0.89223, 1.274237), (-0.9998918, 1.191625), (0.1355756, -1.549636), (-0.9998918, 1.191625), (-1.099944, 1.099944), (0.1355756, -1.549636), (-1.099944, 1.099944), (-1.191625, 0.9998918), (0.1355756, -1.549636), (-1.191625, 0.9998918), (-1.274237, 0.89223), (0.1355756, -1.549636), (-1.274237, 0.89223), (-1.347151, 0.7777778), (0.1355756, -1.549636), (-1.347151, 0.7777778), (-1.409812, 0.6574062), (0.1355756, -1.549636), (-1.409812, 0.6574062), (-1.461744, 0.5320313), (0.1355756, -1.549636), (-1.461744, 0.5320313), (-1.502551, 0.4026074), (0.1355756, -1.549636), (-1.502551, 0.4026074), (-1.531923, 0.2701194), (0.1355756, -1.549636), (-1.531923, 0.2701194), (-1.549636, 0.1355756), (0.1355756, -1.549636), (-1.549636, 0.1355756), (-1.555556, -9.525031e-17), (0.1355756, -1.549636), (-1.555556, -9.525031e-17), (-1.549636, -0.1355756), (0.1355756, -1.549636), (-1.549636, -0.1355756), (-1.531923, -0.2701194), (0.1355756, -1.549636), (-1.531923, -0.2701194), (-1.502551, -0.4026074), (0.1355756, -1.549636), (-1.502551, -0.4026074), (-1.461744, -0.5320313), (0.1355756, -1.549636), (-1.461744, -0.5320313), (-1.409812, -0.6574062), (0.1355756, -1.549636), (-1.409812, -0.6574062), (-1.347151, -0.7777778), (0.1355756, -1.549636), (-1.347151, -0.7777778), (-1.274237, -0.89223), (0.1355756, -1.549636), (-1.274237, -0.89223), (-1.191625, -0.9998918), (0.1355756, -1.549636), (-1.191625, -0.9998918), (-1.099944, -1.099944), (0.1355756, -1.549636), (-1.099944, -1.099944), (-0.9998918, -1.191625), (0.1355756, -1.549636), (-0.9998918, -1.191625), (-0.89223, -1.274237), (0.1355756, -1.549636), (-0.89223, -1.274237), (-0.7777778, -1.347151), (0.1355756, -1.549636), (-0.7777778, -1.347151), (-0.6574062, -1.409812), (0.1355756, -1.549636), (-0.6574062, -1.409812), (-0.5320313, -1.461744), (0.1355756, -1.549636), (-0.5320313, -1.461744), (-0.4026074, -1.502551), (0.1355756, -1.549636), (-0.4026074, -1.502551), (-0.2701194, -1.531923), (0.1355756, -1.549636), (-0.2701194, -1.531923), (-0.1355756, -1.549636), (0.1355756, -1.549636), (-0.1355756, -1.549636), (0, -1.555556), (0, -1.555556), (-0.1355756, -1.549636), (-0.2701194, -1.531923), (0, -1.555556), (-0.2701194, -1.531923), (-0.4026074, -1.502551), (0, -1.555556), (-0.4026074, -1.502551), (-0.5320313, -1.461744), (0, -1.555556), (-0.5320313, -1.461744), (-0.6574062, -1.409812), (0, -1.555556), (-0.6574062, -1.409812), (-0.7777778, -1.347151), (0, -1.555556), (-0.7777778, -1.347151), (-0.89223, -1.274237), (0, -1.555556), (-0.89223, -1.274237), (-0.9998918, -1.191625), (0, -1.555556), (-0.9998918, -1.191625), (-1.099944, -1.099944), (0, -1.555556), (-1.099944, -1.099944), (-1.191625, -0.9998918), (0, -1.555556), (-1.191625, -0.9998918), (-1.274237, -0.89223), (0, -1.555556), (-1.274237, -0.89223), (-1.347151, -0.7777778), (0, -1.555556), (-1.347151, -0.7777778), (-1.409812, -0.6574062), (0, -1.555556), (-1.409812, -0.6574062), (-1.461744, -0.5320313), (0, -1.555556), (-1.461744, -0.5320313), (-1.502551, -0.4026074), (0, -1.555556), (-1.502551, -0.4026074), (-1.531923, -0.2701194), (0, -1.555556), (-1.531923, -0.2701194), (-1.549636, -0.1355756), (0, -1.555556), (-1.549636, -0.1355756), (-1.555556, -9.525031e-17), (0, -1.555556), (-1.555556, -9.525031e-17), (-1.549636, 0.1355756), (0, -1.555556), (-1.549636, 0.1355756), (-1.531923, 0.2701194), (0, -1.555556), (-1.531923, 0.2701194), (-1.502551, 0.4026074), (0, -1.555556), (-1.502551, 0.4026074), (-1.461744, 0.5320313), (0, -1.555556), (-1.461744, 0.5320313), (-1.409812, 0.6574062), (0, -1.555556), (-1.409812, 0.6574062), (-1.347151, 0.7777778), (0, -1.555556), (-1.347151, 0.7777778), (-1.274237, 0.89223), (0, -1.555556), (-1.274237, 0.89223), (-1.191625, 0.9998918), (0, -1.555556), (-1.191625, 0.9998918), (-1.099944, 1.099944), (0, -1.555556), (-1.099944, 1.099944), (-0.9998918, 1.191625), (0, -1.555556), (-0.9998918, 1.191625), (-0.89223, 1.274237), (0, -1.555556), (-0.89223, 1.274237), (-0.7777778, 1.347151), (0, -1.555556), (-0.7777778, 1.347151), (-0.6574062, 1.409812), (0, -1.555556), (-0.6574062, 1.409812), (-0.5320313, 1.461744), (0, -1.555556), (-0.5320313, 1.461744), (-0.4026074, 1.502551), (0, -1.555556), (-0.4026074, 1.502551), (-0.2701194, 1.531923), (0, -1.555556), (-0.2701194, 1.531923), (-0.1355756, 1.549636), (0, -1.555556), (-0.1355756, 1.549636), (-1.905006e-16, 1.555556), (0, -1.555556), (-1.905006e-16, 1.555556), (0.1355756, 1.549636), (0, -1.555556), (0.1355756, 1.549636), (0.2701194, 1.531923), (0, -1.555556), (0.2701194, 1.531923), (0.4026074, 1.502551), (0, -1.555556), (0.4026074, 1.502551), (0.5320313, 1.461744), (0, -1.555556), (0.5320313, 1.461744), (0.6574062, 1.409812), (0, -1.555556), (0.6574062, 1.409812), (0.7777778, 1.347151), (0, -1.555556), (0.7777778, 1.347151), (0.89223, 1.274237), (0, -1.555556), (0.89223, 1.274237), (0.9998918, 1.191625), (0, -1.555556), (0.9998918, 1.191625), (1.099944, 1.099944), (0, -1.555556), (1.099944, 1.099944), (1.191625, 0.9998918), (0, -1.555556), (1.191625, 0.9998918), (1.274237, 0.89223), (0, -1.555556), (1.274237, 0.89223), (1.347151, 0.7777778), (0, -1.555556), (1.347151, 0.7777778), (1.409812, 0.6574062), (0, -1.555556), (1.409812, 0.6574062), (1.461744, 0.5320313), (0, -1.555556), (1.461744, 0.5320313), (1.502551, 0.4026074), (0, -1.555556), (1.502551, 0.4026074), (1.531923, 0.2701194), (0, -1.555556), (1.531923, 0.2701194), (1.549636, 0.1355756), (0, -1.555556), (1.549636, 0.1355756), (1.555556, 2.857509e-16), (0, -1.555556), (1.555556, 2.857509e-16), (1.549636, -0.1355756), (0, -1.555556), (1.549636, -0.1355756), (1.531923, -0.2701194), (0, -1.555556), (1.531923, -0.2701194), (1.502551, -0.4026074), (0, -1.555556), (1.502551, -0.4026074), (1.461744, -0.5320313), (0, -1.555556), (1.461744, -0.5320313), (1.409812, -0.6574062), (0, -1.555556), (1.409812, -0.6574062), (1.347151, -0.7777778), (0, -1.555556), (1.347151, -0.7777778), (1.274237, -0.89223), (0, -1.555556), (1.274237, -0.89223), (1.191625, -0.9998918), (0, -1.555556), (1.191625, -0.9998918), (1.099944, -1.099944), (0, -1.555556), (1.099944, -1.099944), (0.9998918, -1.191625), (0, -1.555556), (0.9998918, -1.191625), (0.89223, -1.274237), (0, -1.555556), (0.89223, -1.274237), (0.7777778, -1.347151), (0, -1.555556), (0.7777778, -1.347151), (0.6574062, -1.409812), (0, -1.555556), (0.6574062, -1.409812), (0.5320313, -1.461744), (0, -1.555556), (0.5320313, -1.461744), (0.4026074, -1.502551), (0, -1.555556), (0.4026074, -1.502551), (0.2701194, -1.531923), (0, -1.555556), (0.2701194, -1.531923), (0.1355756, -1.549636), (0, -0.49), (-0.1355756, -0.49), (-0.1355756, 0.17), (0, -0.49), (-0.1355756, 0.17), (0, 0.17), (-0.1355756, -0.49), (-0.2701194, -0.49), (-0.2701194, 0.17), (-0.1355756, -0.49), (-0.2701194, 0.17), (-0.1355756, 0.17), (-0.2701194, -0.49), (-0.4026074, -0.49), (-0.4026074, 0.17), (-0.2701194, -0.49), (-0.4026074, 0.17), (-0.2701194, 0.17), (-0.4026074, -0.49), (-0.5320313, -0.49), (-0.5320313, 0.17), (-0.4026074, -0.49), (-0.5320313, 0.17), (-0.4026074, 0.17), (-0.5320313, -0.49), (-0.6574062, -0.49), (-0.6574062, 0.17), (-0.5320313, -0.49), (-0.6574062, 0.17), (-0.5320313, 0.17), (-0.6574062, -0.49), (-0.7777778, -0.49), (-0.7777778, 0.17), (-0.6574062, -0.49), (-0.7777778, 0.17), (-0.6574062, 0.17), (-0.7777778, -0.49), (-0.89223, -0.49), (-0.89223, 0.17), (-0.7777778, -0.49), (-0.89223, 0.17), (-0.7777778, 0.17), (-0.89223, -0.49), (-0.9998918, -0.49), (-0.9998918, 0.17), (-0.89223, -0.49), (-0.9998918, 0.17), (-0.89223, 0.17), (-0.9998918, -0.49), (-1.099944, -0.49), (-1.099944, 0.17), (-0.9998918, -0.49), (-1.099944, 0.17), (-0.9998918, 0.17), (-0.49, -1.099944), (-0.49, -0.9998918), (0.17, -0.9998918), (-0.49, -1.099944), (0.17, -0.9998918), (0.17, -1.099944), (-0.49, -0.9998918), (-0.49, -0.89223), (0.17, -0.89223), (-0.49, -0.9998918), (0.17, -0.89223), (0.17, -0.9998918), (-0.49, -0.89223), (-0.49, -0.7777778), (0.17, -0.7777778), (-0.49, -0.89223), (0.17, -0.7777778), (0.17, -0.89223), (-0.49, -0.7777778), (-0.49, -0.6574062), (0.17, -0.6574062), (-0.49, -0.7777778), (0.17, -0.6574062), (0.17, -0.7777778), (-0.49, -0.6574062), (-0.49, -0.5320313), (0.17, -0.5320313), (-0.49, -0.6574062), (0.17, -0.5320313), (0.17, -0.6574062), (-0.49, -0.5320313), (-0.49, -0.4026074), (0.17, -0.4026074), (-0.49, -0.5320313), (0.17, -0.4026074), (0.17, -0.5320313), (-0.49, -0.4026074), (-0.49, -0.2701194), (0.17, -0.2701194), (-0.49, -0.4026074), (0.17, -0.2701194), (0.17, -0.4026074), (-0.49, -0.2701194), (-0.49, -0.1355756), (0.17, -0.1355756), (-0.49, -0.2701194), (0.17, -0.1355756), (0.17, -0.2701194), (-0.49, -0.1355756), (-0.49, -9.525031e-17), (0.17, -9.525031e-17), (-0.49, -0.1355756), (0.17, -9.525031e-17), (0.17, -0.1355756), (-0.49, -9.525031e-17), (-0.49, 0.1355756), (0.17, 0.1355756), (-0.49, -9.525031e-17), (0.17, 0.1355756), (0.17, -9.525031e-17), (-0.49, 0.1355756), (-0.49, 0.2701194), (0.17, 0.2701194), (-0.49, 0.1355756), (0.17, 0.2701194), (0.17, 0.1355756), (-0.49, 0.2701194), (-0.49, 0.4026074), (0.17, 0.4026074), (-0.49, 0.2701194), (0.17, 0.4026074), (0.17, 0.2701194), (-0.49, 0.4026074), (-0.49, 0.5320313), (0.17, 0.5320313), (-0.49, 0.4026074), (0.17, 0.5320313), (0.17, 0.4026074), (-0.49, 0.5320313), (-0.49, 0.6574062), (0.17, 0.6574062), (-0.49, 0.5320313), (0.17, 0.6574062), (0.17, 0.5320313), (-0.49, 0.6574062), (-0.49, 0.7777778), (0.17, 0.7777778), (-0.49, 0.6574062), (0.17, 0.7777778), (0.17, 0.6574062), (-0.49, 0.7777778), (-0.49, 0.89223), (0.17, 0.89223), (-0.49, 0.7777778), (0.17, 0.89223), (0.17, 0.7777778), (-0.49, 0.89223), (-0.49, 0.9998918), (0.17, 0.9998918), (-0.49, 0.89223), (0.17, 0.9998918), (0.17, 0.89223), (-0.49, 0.9998918), (-0.49, 1.099944), (0.17, 1.099944), (-0.49, 0.9998918), (0.17, 1.099944), (0.17, 0.9998918), (-1.099944, -0.49), (-0.9998918, -0.49), (-0.9998918, 0.17), (-1.099944, -0.49), (-0.9998918, 0.17), (-1.099944, 0.17), (-0.9998918, -0.49), (-0.89223, -0.49), (-0.89223, 0.17), (-0.9998918, -0.49), (-0.89223, 0.17), (-0.9998918, 0.17), (-0.89223, -0.49), (-0.7777778, -0.49), (-0.7777778, 0.17), (-0.89223, -0.49), (-0.7777778, 0.17), (-0.89223, 0.17), (-0.7777778, -0.49), (-0.6574062, -0.49), (-0.6574062, 0.17), (-0.7777778, -0.49), (-0.6574062, 0.17), (-0.7777778, 0.17), (-0.6574062, -0.49), (-0.5320313, -0.49), (-0.5320313, 0.17), (-0.6574062, -0.49), (-0.5320313, 0.17), (-0.6574062, 0.17), (-0.5320313, -0.49), (-0.4026074, -0.49), (-0.4026074, 0.17), (-0.5320313, -0.49), (-0.4026074, 0.17), (-0.5320313, 0.17), (-0.4026074, -0.49), (-0.2701194, -0.49), (-0.2701194, 0.17), (-0.4026074, -0.49), (-0.2701194, 0.17), (-0.4026074, 0.17), (-0.2701194, -0.49), (-0.1355756, -0.49), (-0.1355756, 0.17), (-0.2701194, -0.49), (-0.1355756, 0.17), (-0.2701194, 0.17), (-0.1355756, -0.49), (-1.905006e-16, -0.49), (-1.905006e-16, 0.17), (-0.1355756, -0.49), (-1.905006e-16, 0.17), (-0.1355756, 0.17), (-1.905006e-16, -0.49), (0.1355756, -0.49), (0.1355756, 0.17), (-1.905006e-16, -0.49), (0.1355756, 0.17), (-1.905006e-16, 0.17), (0.1355756, -0.49), (0.2701194, -0.49), (0.2701194, 0.17), (0.1355756, -0.49), (0.2701194, 0.17), (0.1355756, 0.17), (0.2701194, -0.49), (0.4026074, -0.49), (0.4026074, 0.17), (0.2701194, -0.49), (0.4026074, 0.17), (0.2701194, 0.17), (0.4026074, -0.49), (0.5320313, -0.49), (0.5320313, 0.17), (0.4026074, -0.49), (0.5320313, 0.17), (0.4026074, 0.17), (0.5320313, -0.49), (0.6574062, -0.49), (0.6574062, 0.17), (0.5320313, -0.49), (0.6574062, 0.17), (0.5320313, 0.17), (0.6574062, -0.49), (0.7777778, -0.49), (0.7777778, 0.17), (0.6574062, -0.49), (0.7777778, 0.17), (0.6574062, 0.17), (0.7777778, -0.49), (0.89223, -0.49), (0.89223, 0.17), (0.7777778, -0.49), (0.89223, 0.17), (0.7777778, 0.17), (0.89223, -0.49), (0.9998918, -0.49), (0.9998918, 0.17), (0.89223, -0.49), (0.9998918, 0.17), (0.89223, 0.17), (0.9998918, -0.49), (1.099944, -0.49), (1.099944, 0.17), (0.9998918, -0.49), (1.099944, 0.17), (0.9998918, 0.17), (-0.49, 1.099944), (-0.49, 0.9998918), (0.17, 0.9998918), (-0.49, 1.099944), (0.17, 0.9998918), (0.17, 1.099944), (-0.49, 0.9998918), (-0.49, 0.89223), (0.17, 0.89223), (-0.49, 0.9998918), (0.17, 0.89223), (0.17, 0.9998918), (-0.49, 0.89223), (-0.49, 0.7777778), (0.17, 0.7777778), (-0.49, 0.89223), (0.17, 0.7777778), (0.17, 0.89223), (-0.49, 0.7777778), (-0.49, 0.6574062), (0.17, 0.6574062), (-0.49, 0.7777778), (0.17, 0.6574062), (0.17, 0.7777778), (-0.49, 0.6574062), (-0.49, 0.5320313), (0.17, 0.5320313), (-0.49, 0.6574062), (0.17, 0.5320313), (0.17, 0.6574062), (-0.49, 0.5320313), (-0.49, 0.4026074), (0.17, 0.4026074), (-0.49, 0.5320313), (0.17, 0.4026074), (0.17, 0.5320313), (-0.49, 0.4026074), (-0.49, 0.2701194), (0.17, 0.2701194), (-0.49, 0.4026074), (0.17, 0.2701194), (0.17, 0.4026074), (-0.49, 0.2701194), (-0.49, 0.1355756), (0.17, 0.1355756), (-0.49, 0.2701194), (0.17, 0.1355756), (0.17, 0.2701194), (-0.49, 0.1355756), (-0.49, 2.857509e-16), (0.17, 2.857509e-16), (-0.49, 0.1355756), (0.17, 2.857509e-16), (0.17, 0.1355756), (-0.49, 2.857509e-16), (-0.49, -0.1355756), (0.17, -0.1355756), (-0.49, 2.857509e-16), (0.17, -0.1355756), (0.17, 2.857509e-16), (-0.49, -0.1355756), (-0.49, -0.2701194), (0.17, -0.2701194), (-0.49, -0.1355756), (0.17, -0.2701194), (0.17, -0.1355756), (-0.49, -0.2701194), (-0.49, -0.4026074), (0.17, -0.4026074), (-0.49, -0.2701194), (0.17, -0.4026074), (0.17, -0.2701194), (-0.49, -0.4026074), (-0.49, -0.5320313), (0.17, -0.5320313), (-0.49, -0.4026074), (0.17, -0.5320313), (0.17, -0.4026074), (-0.49, -0.5320313), (-0.49, -0.6574062), (0.17, -0.6574062), (-0.49, -0.5320313), (0.17, -0.6574062), (0.17, -0.5320313), (-0.49, -0.6574062), (-0.49, -0.7777778), (0.17, -0.7777778), (-0.49, -0.6574062), (0.17, -0.7777778), (0.17, -0.6574062), (-0.49, -0.7777778), (-0.49, -0.89223), (0.17, -0.89223), (-0.49, -0.7777778), (0.17, -0.89223), (0.17, -0.7777778), (-0.49, -0.89223), (-0.49, -0.9998918), (0.17, -0.9998918), (-0.49, -0.89223), (0.17, -0.9998918), (0.17, -0.89223), (-0.49, -0.9998918), (-0.49, -1.099944), (0.17, -1.099944), (-0.49, -0.9998918), (0.17, -1.099944), (0.17, -0.9998918), (1.099944, -0.49), (0.9998918, -0.49), (0.9998918, 0.17), (1.099944, -0.49), (0.9998918, 0.17), (1.099944, 0.17), (0.9998918, -0.49), (0.89223, -0.49), (0.89223, 0.17), (0.9998918, -0.49), (0.89223, 0.17), (0.9998918, 0.17), (0.89223, -0.49), (0.7777778, -0.49), (0.7777778, 0.17), (0.89223, -0.49), (0.7777778, 0.17), (0.89223, 0.17), (0.7777778, -0.49), (0.6574062, -0.49), (0.6574062, 0.17), (0.7777778, -0.49), (0.6574062, 0.17), (0.7777778, 0.17), (0.6574062, -0.49), (0.5320313, -0.49), (0.5320313, 0.17), (0.6574062, -0.49), (0.5320313, 0.17), (0.6574062, 0.17), (0.5320313, -0.49), (0.4026074, -0.49), (0.4026074, 0.17), (0.5320313, -0.49), (0.4026074, 0.17), (0.5320313, 0.17), (0.4026074, -0.49), (0.2701194, -0.49), (0.2701194, 0.17), (0.4026074, -0.49), (0.2701194, 0.17), (0.4026074, 0.17), (0.2701194, -0.49), (0.1355756, -0.49), (0.1355756, 0.17), (0.2701194, -0.49), (0.1355756, 0.17), (0.2701194, 0.17), (0.1355756, -0.49), (0, -0.49), (0, 0.17), (0.1355756, -0.49), (0, 0.17), (0.1355756, 0.17)] (interpolation = "faceVarying")
        }
        def Mesh "PuckGasket_01" (prepend apiSchemas = ["MaterialBindingAPI"])
        {
            uniform token subdivisionScheme = "none"
            uniform token orientation = "rightHanded"
            bool doubleSided = false
            point3f[] points = [(0.01274, 0.001395, 0), (0.01267865, 0.001395, 0.001248738), (0.0124952, 0.001395, 0.002485451), (0.01219142, 0.001395, 0.003698227), (0.01177023, 0.001395, 0.004875387), (0.01123568, 0.001395, 0.006005594), (0.01059292, 0.001395, 0.007077965), (0.009848153, 0.001395, 0.00808217), (0.00900854, 0.001395, 0.00900854), (0.00808217, 0.001395, 0.009848153), (0.007077965, 0.001395, 0.01059292), (0.006005594, 0.001395, 0.01123568), (0.004875387, 0.001395, 0.01177023), (0.003698227, 0.001395, 0.01219142), (0.002485451, 0.001395, 0.0124952), (0.001248738, 0.001395, 0.01267865), (7.801e-19, 0.001395, 0.01274), (-0.001248738, 0.001395, 0.01267865), (-0.002485451, 0.001395, 0.0124952), (-0.003698227, 0.001395, 0.01219142), (-0.004875387, 0.001395, 0.01177023), (-0.006005594, 0.001395, 0.01123568), (-0.007077965, 0.001395, 0.01059292), (-0.00808217, 0.001395, 0.009848153), (-0.00900854, 0.001395, 0.00900854), (-0.009848153, 0.001395, 0.00808217), (-0.01059292, 0.001395, 0.007077965), (-0.01123568, 0.001395, 0.006005594), (-0.01177023, 0.001395, 0.004875387), (-0.01219142, 0.001395, 0.003698227), (-0.0124952, 0.001395, 0.002485451), (-0.01267865, 0.001395, 0.001248738), (-0.01274, 0.001395, 1.5602e-18), (-0.01267865, 0.001395, -0.001248738), (-0.0124952, 0.001395, -0.002485451), (-0.01219142, 0.001395, -0.003698227), (-0.01177023, 0.001395, -0.004875387), (-0.01123568, 0.001395, -0.006005594), (-0.01059292, 0.001395, -0.007077965), (-0.009848153, 0.001395, -0.00808217), (-0.00900854, 0.001395, -0.00900854), (-0.00808217, 0.001395, -0.009848153), (-0.007077965, 0.001395, -0.01059292), (-0.006005594, 0.001395, -0.01123568), (-0.004875387, 0.001395, -0.01177023), (-0.003698227, 0.001395, -0.01219142), (-0.002485451, 0.001395, -0.0124952), (-0.001248738, 0.001395, -0.01267865), (-2.3403e-18, 0.001395, -0.01274), (0.001248738, 0.001395, -0.01267865), (0.002485451, 0.001395, -0.0124952), (0.003698227, 0.001395, -0.01219142), (0.004875387, 0.001395, -0.01177023), (0.006005594, 0.001395, -0.01123568), (0.007077965, 0.001395, -0.01059292), (0.00808217, 0.001395, -0.009848153), (0.00900854, 0.001395, -0.00900854), (0.009848153, 0.001395, -0.00808217), (0.01059292, 0.001395, -0.007077965), (0.01123568, 0.001395, -0.006005594), (0.01177023, 0.001395, -0.004875387), (0.01219142, 0.001395, -0.003698227), (0.0124952, 0.001395, -0.002485451), (0.01267865, 0.001395, -0.001248738), (0.01414, 0.001395, 0), (0.01407191, 0.001395, 0.001385962), (0.0138683, 0.001395, 0.002758577), (0.01353114, 0.001395, 0.004104625), (0.01306366, 0.001395, 0.005411144), (0.01247037, 0.001395, 0.00666555), (0.01175698, 0.001395, 0.007855763), (0.01093037, 0.001395, 0.008970321), (0.00999849, 0.001395, 0.00999849), (0.008970321, 0.001395, 0.01093037), (0.007855763, 0.001395, 0.01175698), (0.00666555, 0.001395, 0.01247037), (0.005411144, 0.001395, 0.01306366), (0.004104625, 0.001395, 0.01353114), (0.002758577, 0.001395, 0.0138683), (0.001385962, 0.001395, 0.01407191), (8.658253e-19, 0.001395, 0.01414), (-0.001385962, 0.001395, 0.01407191), (-0.002758577, 0.001395, 0.0138683), (-0.004104625, 0.001395, 0.01353114), (-0.005411144, 0.001395, 0.01306366), (-0.00666555, 0.001395, 0.01247037), (-0.007855763, 0.001395, 0.01175698), (-0.008970321, 0.001395, 0.01093037), (-0.00999849, 0.001395, 0.00999849), (-0.01093037, 0.001395, 0.008970321), (-0.01175698, 0.001395, 0.007855763), (-0.01247037, 0.001395, 0.00666555), (-0.01306366, 0.001395, 0.005411144), (-0.01353114, 0.001395, 0.004104625), (-0.0138683, 0.001395, 0.002758577), (-0.01407191, 0.001395, 0.001385962), (-0.01414, 0.001395, 1.731651e-18), (-0.01407191, 0.001395, -0.001385962), (-0.0138683, 0.001395, -0.002758577), (-0.01353114, 0.001395, -0.004104625), (-0.01306366, 0.001395, -0.005411144), (-0.01247037, 0.001395, -0.00666555), (-0.01175698, 0.001395, -0.007855763), (-0.01093037, 0.001395, -0.008970321), (-0.00999849, 0.001395, -0.00999849), (-0.008970321, 0.001395, -0.01093037), (-0.007855763, 0.001395, -0.01175698), (-0.00666555, 0.001395, -0.01247037), (-0.005411144, 0.001395, -0.01306366), (-0.004104625, 0.001395, -0.01353114), (-0.002758577, 0.001395, -0.0138683), (-0.001385962, 0.001395, -0.01407191), (-2.597476e-18, 0.001395, -0.01414), (0.001385962, 0.001395, -0.01407191), (0.002758577, 0.001395, -0.0138683), (0.004104625, 0.001395, -0.01353114), (0.005411144, 0.001395, -0.01306366), (0.00666555, 0.001395, -0.01247037), (0.007855763, 0.001395, -0.01175698), (0.008970321, 0.001395, -0.01093037), (0.00999849, 0.001395, -0.00999849), (0.01093037, 0.001395, -0.008970321), (0.01175698, 0.001395, -0.007855763), (0.01247037, 0.001395, -0.00666555), (0.01306366, 0.001395, -0.005411144), (0.01353114, 0.001395, -0.004104625), (0.0138683, 0.001395, -0.002758577), (0.01407191, 0.001395, -0.001385962), (0.01414, 0.002025, 0), (0.01407191, 0.002025, 0.001385962), (0.0138683, 0.002025, 0.002758577), (0.01353114, 0.002025, 0.004104625), (0.01306366, 0.002025, 0.005411144), (0.01247037, 0.002025, 0.00666555), (0.01175698, 0.002025, 0.007855763), (0.01093037, 0.002025, 0.008970321), (0.00999849, 0.002025, 0.00999849), (0.008970321, 0.002025, 0.01093037), (0.007855763, 0.002025, 0.01175698), (0.00666555, 0.002025, 0.01247037), (0.005411144, 0.002025, 0.01306366), (0.004104625, 0.002025, 0.01353114), (0.002758577, 0.002025, 0.0138683), (0.001385962, 0.002025, 0.01407191), (8.658253e-19, 0.002025, 0.01414), (-0.001385962, 0.002025, 0.01407191), (-0.002758577, 0.002025, 0.0138683), (-0.004104625, 0.002025, 0.01353114), (-0.005411144, 0.002025, 0.01306366), (-0.00666555, 0.002025, 0.01247037), (-0.007855763, 0.002025, 0.01175698), (-0.008970321, 0.002025, 0.01093037), (-0.00999849, 0.002025, 0.00999849), (-0.01093037, 0.002025, 0.008970321), (-0.01175698, 0.002025, 0.007855763), (-0.01247037, 0.002025, 0.00666555), (-0.01306366, 0.002025, 0.005411144), (-0.01353114, 0.002025, 0.004104625), (-0.0138683, 0.002025, 0.002758577), (-0.01407191, 0.002025, 0.001385962), (-0.01414, 0.002025, 1.731651e-18), (-0.01407191, 0.002025, -0.001385962), (-0.0138683, 0.002025, -0.002758577), (-0.01353114, 0.002025, -0.004104625), (-0.01306366, 0.002025, -0.005411144), (-0.01247037, 0.002025, -0.00666555), (-0.01175698, 0.002025, -0.007855763), (-0.01093037, 0.002025, -0.008970321), (-0.00999849, 0.002025, -0.00999849), (-0.008970321, 0.002025, -0.01093037), (-0.007855763, 0.002025, -0.01175698), (-0.00666555, 0.002025, -0.01247037), (-0.005411144, 0.002025, -0.01306366), (-0.004104625, 0.002025, -0.01353114), (-0.002758577, 0.002025, -0.0138683), (-0.001385962, 0.002025, -0.01407191), (-2.597476e-18, 0.002025, -0.01414), (0.001385962, 0.002025, -0.01407191), (0.002758577, 0.002025, -0.0138683), (0.004104625, 0.002025, -0.01353114), (0.005411144, 0.002025, -0.01306366), (0.00666555, 0.002025, -0.01247037), (0.007855763, 0.002025, -0.01175698), (0.008970321, 0.002025, -0.01093037), (0.00999849, 0.002025, -0.00999849), (0.01093037, 0.002025, -0.008970321), (0.01175698, 0.002025, -0.007855763), (0.01247037, 0.002025, -0.00666555), (0.01306366, 0.002025, -0.005411144), (0.01353114, 0.002025, -0.004104625), (0.0138683, 0.002025, -0.002758577), (0.01407191, 0.002025, -0.001385962), (0.01274, 0.002025, 0), (0.01267865, 0.002025, 0.001248738), (0.0124952, 0.002025, 0.002485451), (0.01219142, 0.002025, 0.003698227), (0.01177023, 0.002025, 0.004875387), (0.01123568, 0.002025, 0.006005594), (0.01059292, 0.002025, 0.007077965), (0.009848153, 0.002025, 0.00808217), (0.00900854, 0.002025, 0.00900854), (0.00808217, 0.002025, 0.009848153), (0.007077965, 0.002025, 0.01059292), (0.006005594, 0.002025, 0.01123568), (0.004875387, 0.002025, 0.01177023), (0.003698227, 0.002025, 0.01219142), (0.002485451, 0.002025, 0.0124952), (0.001248738, 0.002025, 0.01267865), (7.801e-19, 0.002025, 0.01274), (-0.001248738, 0.002025, 0.01267865), (-0.002485451, 0.002025, 0.0124952), (-0.003698227, 0.002025, 0.01219142), (-0.004875387, 0.002025, 0.01177023), (-0.006005594, 0.002025, 0.01123568), (-0.007077965, 0.002025, 0.01059292), (-0.00808217, 0.002025, 0.009848153), (-0.00900854, 0.002025, 0.00900854), (-0.009848153, 0.002025, 0.00808217), (-0.01059292, 0.002025, 0.007077965), (-0.01123568, 0.002025, 0.006005594), (-0.01177023, 0.002025, 0.004875387), (-0.01219142, 0.002025, 0.003698227), (-0.0124952, 0.002025, 0.002485451), (-0.01267865, 0.002025, 0.001248738), (-0.01274, 0.002025, 1.5602e-18), (-0.01267865, 0.002025, -0.001248738), (-0.0124952, 0.002025, -0.002485451), (-0.01219142, 0.002025, -0.003698227), (-0.01177023, 0.002025, -0.004875387), (-0.01123568, 0.002025, -0.006005594), (-0.01059292, 0.002025, -0.007077965), (-0.009848153, 0.002025, -0.00808217), (-0.00900854, 0.002025, -0.00900854), (-0.00808217, 0.002025, -0.009848153), (-0.007077965, 0.002025, -0.01059292), (-0.006005594, 0.002025, -0.01123568), (-0.004875387, 0.002025, -0.01177023), (-0.003698227, 0.002025, -0.01219142), (-0.002485451, 0.002025, -0.0124952), (-0.001248738, 0.002025, -0.01267865), (-2.3403e-18, 0.002025, -0.01274), (0.001248738, 0.002025, -0.01267865), (0.002485451, 0.002025, -0.0124952), (0.003698227, 0.002025, -0.01219142), (0.004875387, 0.002025, -0.01177023), (0.006005594, 0.002025, -0.01123568), (0.007077965, 0.002025, -0.01059292), (0.00808217, 0.002025, -0.009848153), (0.00900854, 0.002025, -0.00900854), (0.009848153, 0.002025, -0.00808217), (0.01059292, 0.002025, -0.007077965), (0.01123568, 0.002025, -0.006005594), (0.01177023, 0.002025, -0.004875387), (0.01219142, 0.002025, -0.003698227), (0.0124952, 0.002025, -0.002485451), (0.01267865, 0.002025, -0.001248738)]
            int[] faceVertexCounts = [3, 3, 3, 3, 3, 3, 3, 3, 3, 3, 3, 3, 3, 3, 3, 3, 3, 3, 3, 3, 3, 3, 3, 3, 3, 3, 3, 3, 3, 3, 3, 3, 3, 3, 3, 3, 3, 3, 3, 3, 3, 3, 3, 3, 3, 3, 3, 3, 3, 3, 3, 3, 3, 3, 3, 3, 3, 3, 3, 3, 3, 3, 3, 3, 3, 3, 3, 3, 3, 3, 3, 3, 3, 3, 3, 3, 3, 3, 3, 3, 3, 3, 3, 3, 3, 3, 3, 3, 3, 3, 3, 3, 3, 3, 3, 3, 3, 3, 3, 3, 3, 3, 3, 3, 3, 3, 3, 3, 3, 3, 3, 3, 3, 3, 3, 3, 3, 3, 3, 3, 3, 3, 3, 3, 3, 3, 3, 3, 3, 3, 3, 3, 3, 3, 3, 3, 3, 3, 3, 3, 3, 3, 3, 3, 3, 3, 3, 3, 3, 3, 3, 3, 3, 3, 3, 3, 3, 3, 3, 3, 3, 3, 3, 3, 3, 3, 3, 3, 3, 3, 3, 3, 3, 3, 3, 3, 3, 3, 3, 3, 3, 3, 3, 3, 3, 3, 3, 3, 3, 3, 3, 3, 3, 3, 3, 3, 3, 3, 3, 3, 3, 3, 3, 3, 3, 3, 3, 3, 3, 3, 3, 3, 3, 3, 3, 3, 3, 3, 3, 3, 3, 3, 3, 3, 3, 3, 3, 3, 3, 3, 3, 3, 3, 3, 3, 3, 3, 3, 3, 3, 3, 3, 3, 3, 3, 3, 3, 3, 3, 3, 3, 3, 3, 3, 3, 3, 3, 3, 3, 3, 3, 3, 3, 3, 3, 3, 3, 3, 3, 3, 3, 3, 3, 3, 3, 3, 3, 3, 3, 3, 3, 3, 3, 3, 3, 3, 3, 3, 3, 3, 3, 3, 3, 3, 3, 3, 3, 3, 3, 3, 3, 3, 3, 3, 3, 3, 3, 3, 3, 3, 3, 3, 3, 3, 3, 3, 3, 3, 3, 3, 3, 3, 3, 3, 3, 3, 3, 3, 3, 3, 3, 3, 3, 3, 3, 3, 3, 3, 3, 3, 3, 3, 3, 3, 3, 3, 3, 3, 3, 3, 3, 3, 3, 3, 3, 3, 3, 3, 3, 3, 3, 3, 3, 3, 3, 3, 3, 3, 3, 3, 3, 3, 3, 3, 3, 3, 3, 3, 3, 3, 3, 3, 3, 3, 3, 3, 3, 3, 3, 3, 3, 3, 3, 3, 3, 3, 3, 3, 3, 3, 3, 3, 3, 3, 3, 3, 3, 3, 3, 3, 3, 3, 3, 3, 3, 3, 3, 3, 3, 3, 3, 3, 3, 3, 3, 3, 3, 3, 3, 3, 3, 3, 3, 3, 3, 3, 3, 3, 3, 3, 3, 3, 3, 3, 3, 3, 3, 3, 3, 3, 3, 3, 3, 3, 3, 3, 3, 3, 3, 3, 3, 3, 3, 3, 3, 3, 3, 3, 3, 3, 3, 3, 3, 3, 3, 3, 3, 3, 3, 3, 3, 3, 3, 3, 3, 3, 3, 3, 3, 3, 3, 3, 3, 3, 3, 3, 3, 3, 3, 3, 3, 3, 3, 3, 3, 3, 3, 3, 3, 3, 3, 3]
            int[] faceVertexIndices = [0, 65, 1, 0, 64, 65, 1, 66, 2, 1, 65, 66, 2, 67, 3, 2, 66, 67, 3, 68, 4, 3, 67, 68, 4, 69, 5, 4, 68, 69, 5, 70, 6, 5, 69, 70, 6, 71, 7, 6, 70, 71, 7, 72, 8, 7, 71, 72, 8, 73, 9, 8, 72, 73, 9, 74, 10, 9, 73, 74, 10, 75, 11, 10, 74, 75, 11, 76, 12, 11, 75, 76, 12, 77, 13, 12, 76, 77, 13, 78, 14, 13, 77, 78, 14, 79, 15, 14, 78, 79, 15, 80, 16, 15, 79, 80, 16, 81, 17, 16, 80, 81, 17, 82, 18, 17, 81, 82, 18, 83, 19, 18, 82, 83, 19, 84, 20, 19, 83, 84, 20, 85, 21, 20, 84, 85, 21, 86, 22, 21, 85, 86, 22, 87, 23, 22, 86, 87, 23, 88, 24, 23, 87, 88, 24, 89, 25, 24, 88, 89, 25, 90, 26, 25, 89, 90, 26, 91, 27, 26, 90, 91, 27, 92, 28, 27, 91, 92, 28, 93, 29, 28, 92, 93, 29, 94, 30, 29, 93, 94, 30, 95, 31, 30, 94, 95, 31, 96, 32, 31, 95, 96, 32, 97, 33, 32, 96, 97, 33, 98, 34, 33, 97, 98, 34, 99, 35, 34, 98, 99, 35, 100, 36, 35, 99, 100, 36, 101, 37, 36, 100, 101, 37, 102, 38, 37, 101, 102, 38, 103, 39, 38, 102, 103, 39, 104, 40, 39, 103, 104, 40, 105, 41, 40, 104, 105, 41, 106, 42, 41, 105, 106, 42, 107, 43, 42, 106, 107, 43, 108, 44, 43, 107, 108, 44, 109, 45, 44, 108, 109, 45, 110, 46, 45, 109, 110, 46, 111, 47, 46, 110, 111, 47, 112, 48, 47, 111, 112, 48, 113, 49, 48, 112, 113, 49, 114, 50, 49, 113, 114, 50, 115, 51, 50, 114, 115, 51, 116, 52, 51, 115, 116, 52, 117, 53, 52, 116, 117, 53, 118, 54, 53, 117, 118, 54, 119, 55, 54, 118, 119, 55, 120, 56, 55, 119, 120, 56, 121, 57, 56, 120, 121, 57, 122, 58, 57, 121, 122, 58, 123, 59, 58, 122, 123, 59, 124, 60, 59, 123, 124, 60, 125, 61, 60, 124, 125, 61, 126, 62, 61, 125, 126, 62, 127, 63, 62, 126, 127, 63, 64, 0, 63, 127, 64, 64, 129, 65, 64, 128, 129, 65, 130, 66, 65, 129, 130, 66, 131, 67, 66, 130, 131, 67, 132, 68, 67, 131, 132, 68, 133, 69, 68, 132, 133, 69, 134, 70, 69, 133, 134, 70, 135, 71, 70, 134, 135, 71, 136, 72, 71, 135, 136, 72, 137, 73, 72, 136, 137, 73, 138, 74, 73, 137, 138, 74, 139, 75, 74, 138, 139, 75, 140, 76, 75, 139, 140, 76, 141, 77, 76, 140, 141, 77, 142, 78, 77, 141, 142, 78, 143, 79, 78, 142, 143, 79, 144, 80, 79, 143, 144, 80, 145, 81, 80, 144, 145, 81, 146, 82, 81, 145, 146, 82, 147, 83, 82, 146, 147, 83, 148, 84, 83, 147, 148, 84, 149, 85, 84, 148, 149, 85, 150, 86, 85, 149, 150, 86, 151, 87, 86, 150, 151, 87, 152, 88, 87, 151, 152, 88, 153, 89, 88, 152, 153, 89, 154, 90, 89, 153, 154, 90, 155, 91, 90, 154, 155, 91, 156, 92, 91, 155, 156, 92, 157, 93, 92, 156, 157, 93, 158, 94, 93, 157, 158, 94, 159, 95, 94, 158, 159, 95, 160, 96, 95, 159, 160, 96, 161, 97, 96, 160, 161, 97, 162, 98, 97, 161, 162, 98, 163, 99, 98, 162, 163, 99, 164, 100, 99, 163, 164, 100, 165, 101, 100, 164, 165, 101, 166, 102, 101, 165, 166, 102, 167, 103, 102, 166, 167, 103, 168, 104, 103, 167, 168, 104, 169, 105, 104, 168, 169, 105, 170, 106, 105, 169, 170, 106, 171, 107, 106, 170, 171, 107, 172, 108, 107, 171, 172, 108, 173, 109, 108, 172, 173, 109, 174, 110, 109, 173, 174, 110, 175, 111, 110, 174, 175, 111, 176, 112, 111, 175, 176, 112, 177, 113, 112, 176, 177, 113, 178, 114, 113, 177, 178, 114, 179, 115, 114, 178, 179, 115, 180, 116, 115, 179, 180, 116, 181, 117, 116, 180, 181, 117, 182, 118, 117, 181, 182, 118, 183, 119, 118, 182, 183, 119, 184, 120, 119, 183, 184, 120, 185, 121, 120, 184, 185, 121, 186, 122, 121, 185, 186, 122, 187, 123, 122, 186, 187, 123, 188, 124, 123, 187, 188, 124, 189, 125, 124, 188, 189, 125, 190, 126, 125, 189, 190, 126, 191, 127, 126, 190, 191, 127, 128, 64, 127, 191, 128, 128, 193, 129, 128, 192, 193, 129, 194, 130, 129, 193, 194, 130, 195, 131, 130, 194, 195, 131, 196, 132, 131, 195, 196, 132, 197, 133, 132, 196, 197, 133, 198, 134, 133, 197, 198, 134, 199, 135, 134, 198, 199, 135, 200, 136, 135, 199, 200, 136, 201, 137, 136, 200, 201, 137, 202, 138, 137, 201, 202, 138, 203, 139, 138, 202, 203, 139, 204, 140, 139, 203, 204, 140, 205, 141, 140, 204, 205, 141, 206, 142, 141, 205, 206, 142, 207, 143, 142, 206, 207, 143, 208, 144, 143, 207, 208, 144, 209, 145, 144, 208, 209, 145, 210, 146, 145, 209, 210, 146, 211, 147, 146, 210, 211, 147, 212, 148, 147, 211, 212, 148, 213, 149, 148, 212, 213, 149, 214, 150, 149, 213, 214, 150, 215, 151, 150, 214, 215, 151, 216, 152, 151, 215, 216, 152, 217, 153, 152, 216, 217, 153, 218, 154, 153, 217, 218, 154, 219, 155, 154, 218, 219, 155, 220, 156, 155, 219, 220, 156, 221, 157, 156, 220, 221, 157, 222, 158, 157, 221, 222, 158, 223, 159, 158, 222, 223, 159, 224, 160, 159, 223, 224, 160, 225, 161, 160, 224, 225, 161, 226, 162, 161, 225, 226, 162, 227, 163, 162, 226, 227, 163, 228, 164, 163, 227, 228, 164, 229, 165, 164, 228, 229, 165, 230, 166, 165, 229, 230, 166, 231, 167, 166, 230, 231, 167, 232, 168, 167, 231, 232, 168, 233, 169, 168, 232, 233, 169, 234, 170, 169, 233, 234, 170, 235, 171, 170, 234, 235, 171, 236, 172, 171, 235, 236, 172, 237, 173, 172, 236, 237, 173, 238, 174, 173, 237, 238, 174, 239, 175, 174, 238, 239, 175, 240, 176, 175, 239, 240, 176, 241, 177, 176, 240, 241, 177, 242, 178, 177, 241, 242, 178, 243, 179, 178, 242, 243, 179, 244, 180, 179, 243, 244, 180, 245, 181, 180, 244, 245, 181, 246, 182, 181, 245, 246, 182, 247, 183, 182, 246, 247, 183, 248, 184, 183, 247, 248, 184, 249, 185, 184, 248, 249, 185, 250, 186, 185, 249, 250, 186, 251, 187, 186, 250, 251, 187, 252, 188, 187, 251, 252, 188, 253, 189, 188, 252, 253, 189, 254, 190, 189, 253, 254, 190, 255, 191, 190, 254, 255, 191, 192, 128, 191, 255, 192, 192, 1, 193, 192, 0, 1, 193, 2, 194, 193, 1, 2, 194, 3, 195, 194, 2, 3, 195, 4, 196, 195, 3, 4, 196, 5, 197, 196, 4, 5, 197, 6, 198, 197, 5, 6, 198, 7, 199, 198, 6, 7, 199, 8, 200, 199, 7, 8, 200, 9, 201, 200, 8, 9, 201, 10, 202, 201, 9, 10, 202, 11, 203, 202, 10, 11, 203, 12, 204, 203, 11, 12, 204, 13, 205, 204, 12, 13, 205, 14, 206, 205, 13, 14, 206, 15, 207, 206, 14, 15, 207, 16, 208, 207, 15, 16, 208, 17, 209, 208, 16, 17, 209, 18, 210, 209, 17, 18, 210, 19, 211, 210, 18, 19, 211, 20, 212, 211, 19, 20, 212, 21, 213, 212, 20, 21, 213, 22, 214, 213, 21, 22, 214, 23, 215, 214, 22, 23, 215, 24, 216, 215, 23, 24, 216, 25, 217, 216, 24, 25, 217, 26, 218, 217, 25, 26, 218, 27, 219, 218, 26, 27, 219, 28, 220, 219, 27, 28, 220, 29, 221, 220, 28, 29, 221, 30, 222, 221, 29, 30, 222, 31, 223, 222, 30, 31, 223, 32, 224, 223, 31, 32, 224, 33, 225, 224, 32, 33, 225, 34, 226, 225, 33, 34, 226, 35, 227, 226, 34, 35, 227, 36, 228, 227, 35, 36, 228, 37, 229, 228, 36, 37, 229, 38, 230, 229, 37, 38, 230, 39, 231, 230, 38, 39, 231, 40, 232, 231, 39, 40, 232, 41, 233, 232, 40, 41, 233, 42, 234, 233, 41, 42, 234, 43, 235, 234, 42, 43, 235, 44, 236, 235, 43, 44, 236, 45, 237, 236, 44, 45, 237, 46, 238, 237, 45, 46, 238, 47, 239, 238, 46, 47, 239, 48, 240, 239, 47, 48, 240, 49, 241, 240, 48, 49, 241, 50, 242, 241, 49, 50, 242, 51, 243, 242, 50, 51, 243, 52, 244, 243, 51, 52, 244, 53, 245, 244, 52, 53, 245, 54, 246, 245, 53, 54, 246, 55, 247, 246, 54, 55, 247, 56, 248, 247, 55, 56, 248, 57, 249, 248, 56, 57, 249, 58, 250, 249, 57, 58, 250, 59, 251, 250, 58, 59, 251, 60, 252, 251, 59, 60, 252, 61, 253, 252, 60, 61, 253, 62, 254, 253, 61, 62, 254, 63, 255, 254, 62, 63, 255, 0, 192, 255, 63, 0]
            normal3f[] normals = [(-0.3981902, -0.9172797, 0.006520609), (-0.3969119, -0.9172797, -0.03254025), (-0.3918111, -0.9172797, -0.07128773), (-0.3829371, -0.9172797, -0.1093487), (-0.3703751, -0.9172797, -0.1463565), (-0.3542462, -0.9172797, -0.1819549), (-0.3347057, -0.9172797, -0.2158009), (-0.3119418, -0.9172797, -0.2475687), (-0.2861737, -0.9172797, -0.2769522), (-0.2576497, -0.9172797, -0.3036685), (-0.2266443, -0.9172797, -0.3274604), (-0.1934562, -0.9172797, -0.3480986), (-0.158405, -0.9172797, -0.3653844), (-0.1218283, -0.9172797, -0.3791514), (-0.08407836, -0.9172797, -0.3892669), (-0.04551867, -0.9172797, -0.3956336), (-0.006520609, -0.9172797, -0.3981902), (0.03254025, -0.9172797, -0.3969119), (0.07128773, -0.9172797, -0.3918111), (0.1093487, -0.9172797, -0.3829371), (0.1463565, -0.9172797, -0.3703751), (0.1819549, -0.9172797, -0.3542462), (0.2158009, -0.9172797, -0.3347057), (0.2475687, -0.9172797, -0.3119418), (0.2769522, -0.9172797, -0.2861737), (0.3036685, -0.9172797, -0.2576497), (0.3274604, -0.9172797, -0.2266443), (0.3480986, -0.9172797, -0.1934562), (0.3653844, -0.9172797, -0.158405), (0.3791514, -0.9172797, -0.1218283), (0.3892669, -0.9172797, -0.08407836), (0.3956336, -0.9172797, -0.04551867), (0.3981902, -0.9172797, -0.006520609), (0.3969119, -0.9172797, 0.03254025), (0.3918111, -0.9172797, 0.07128773), (0.3829371, -0.9172797, 0.1093487), (0.3703751, -0.9172797, 0.1463565), (0.3542462, -0.9172797, 0.1819549), (0.3347057, -0.9172797, 0.2158009), (0.3119418, -0.9172797, 0.2475687), (0.2861737, -0.9172797, 0.2769522), (0.2576497, -0.9172797, 0.3036685), (0.2266443, -0.9172797, 0.3274604), (0.1934562, -0.9172797, 0.3480986), (0.158405, -0.9172797, 0.3653844), (0.1218283, -0.9172797, 0.3791514), (0.08407836, -0.9172797, 0.3892669), (0.04551867, -0.9172797, 0.3956336), (0.006520609, -0.9172797, 0.3981902), (-0.03254025, -0.9172797, 0.3969119), (-0.07128773, -0.9172797, 0.3918111), (-0.1093487, -0.9172797, 0.3829371), (-0.1463565, -0.9172797, 0.3703751), (-0.1819549, -0.9172797, 0.3542462), (-0.2158009, -0.9172797, 0.3347057), (-0.2475687, -0.9172797, 0.3119418), (-0.2769522, -0.9172797, 0.2861737), (-0.3036685, -0.9172797, 0.2576497), (-0.3274604, -0.9172797, 0.2266443), (-0.3480986, -0.9172797, 0.1934562), (-0.3653844, -0.9172797, 0.158405), (-0.3791514, -0.9172797, 0.1218283), (-0.3892669, -0.9172797, 0.08407836), (-0.3956336, -0.9172797, 0.04551867), (0.4219011, -0.9066155, 0.006908891), (0.4191924, -0.9066155, 0.04822916), (0.4124465, -0.9066155, 0.08908496), (0.4017287, -0.9066155, 0.1290828), (0.3871419, -0.9066155, 0.1678376), (0.3688267, -0.9066155, 0.2049759), (0.3469596, -0.9066155, 0.2401402), (0.321751, -0.9066155, 0.2729919), (0.2934438, -0.9066155, 0.3032145), (0.2623106, -0.9066155, 0.3305169), (0.2286512, -0.9066155, 0.3546363), (0.1927897, -0.9066155, 0.3753404), (0.1550716, -0.9066155, 0.3924297), (0.11586, -0.9066155, 0.4057397), (0.07553269, -0.9066155, 0.4151423), (0.03447792, -0.9066155, 0.4205467), (-0.006908891, -0.9066155, 0.4219011), (-0.04822916, -0.9066155, 0.4191924), (-0.08908496, -0.9066155, 0.4124465), (-0.1290828, -0.9066155, 0.4017287), (-0.1678376, -0.9066155, 0.3871419), (-0.2049759, -0.9066155, 0.3688267), (-0.2401402, -0.9066155, 0.3469596), (-0.2729919, -0.9066155, 0.321751), (-0.3032145, -0.9066155, 0.2934438), (-0.3305169, -0.9066155, 0.2623106), (-0.3546363, -0.9066155, 0.2286512), (-0.3753404, -0.9066155, 0.1927897), (-0.3924297, -0.9066155, 0.1550716), (-0.4057397, -0.9066155, 0.11586), (-0.4151423, -0.9066155, 0.07553269), (-0.4205467, -0.9066155, 0.03447792), (-0.4219011, -0.9066155, -0.006908891), (-0.4191924, -0.9066155, -0.04822916), (-0.4124465, -0.9066155, -0.08908496), (-0.4017287, -0.9066155, -0.1290828), (-0.3871419, -0.9066155, -0.1678376), (-0.3688267, -0.9066155, -0.2049759), (-0.3469596, -0.9066155, -0.2401402), (-0.321751, -0.9066155, -0.2729919), (-0.2934438, -0.9066155, -0.3032145), (-0.2623106, -0.9066155, -0.3305169), (-0.2286512, -0.9066155, -0.3546363), (-0.1927897, -0.9066155, -0.3753404), (-0.1550716, -0.9066155, -0.3924297), (-0.11586, -0.9066155, -0.4057397), (-0.07553269, -0.9066155, -0.4151423), (-0.03447792, -0.9066155, -0.4205467), (0.006908891, -0.9066155, -0.4219011), (0.04822916, -0.9066155, -0.4191924), (0.08908496, -0.9066155, -0.4124465), (0.1290828, -0.9066155, -0.4017287), (0.1678376, -0.9066155, -0.3871419), (0.2049759, -0.9066155, -0.3688267), (0.2401402, -0.9066155, -0.3469596), (0.2729919, -0.9066155, -0.321751), (0.3032145, -0.9066155, -0.2934438), (0.3305169, -0.9066155, -0.2623106), (0.3546363, -0.9066155, -0.2286512), (0.3753404, -0.9066155, -0.1927897), (0.3924297, -0.9066155, -0.1550716), (0.4057397, -0.9066155, -0.11586), (0.4151423, -0.9066155, -0.07553269), (0.4205467, -0.9066155, -0.03447792), (0.4219011, 0.9066155, -0.006908891), (0.4205467, 0.9066155, 0.03447792), (0.4151423, 0.9066155, 0.07553269), (0.4057397, 0.9066155, 0.11586), (0.3924297, 0.9066155, 0.1550716), (0.3753404, 0.9066155, 0.1927897), (0.3546363, 0.9066155, 0.2286512), (0.3305169, 0.9066155, 0.2623106), (0.3032145, 0.9066155, 0.2934438), (0.2729919, 0.9066155, 0.321751), (0.2401402, 0.9066155, 0.3469596), (0.2049759, 0.9066155, 0.3688267), (0.1678376, 0.9066155, 0.3871419), (0.1290828, 0.9066155, 0.4017287), (0.08908496, 0.9066155, 0.4124465), (0.04822916, 0.9066155, 0.4191924), (0.006908891, 0.9066155, 0.4219011), (-0.03447792, 0.9066155, 0.4205467), (-0.07553269, 0.9066155, 0.4151423), (-0.11586, 0.9066155, 0.4057397), (-0.1550716, 0.9066155, 0.3924297), (-0.1927897, 0.9066155, 0.3753404), (-0.2286512, 0.9066155, 0.3546363), (-0.2623106, 0.9066155, 0.3305169), (-0.2934438, 0.9066155, 0.3032145), (-0.321751, 0.9066155, 0.2729919), (-0.3469596, 0.9066155, 0.2401402), (-0.3688267, 0.9066155, 0.2049759), (-0.3871419, 0.9066155, 0.1678376), (-0.4017287, 0.9066155, 0.1290828), (-0.4124465, 0.9066155, 0.08908496), (-0.4191924, 0.9066155, 0.04822916), (-0.4219011, 0.9066155, 0.006908891), (-0.4205467, 0.9066155, -0.03447792), (-0.4151423, 0.9066155, -0.07553269), (-0.4057397, 0.9066155, -0.11586), (-0.3924297, 0.9066155, -0.1550716), (-0.3753404, 0.9066155, -0.1927897), (-0.3546363, 0.9066155, -0.2286512), (-0.3305169, 0.9066155, -0.2623106), (-0.3032145, 0.9066155, -0.2934438), (-0.2729919, 0.9066155, -0.321751), (-0.2401402, 0.9066155, -0.3469596), (-0.2049759, 0.9066155, -0.3688267), (-0.1678376, 0.9066155, -0.3871419), (-0.1290828, 0.9066155, -0.4017287), (-0.08908496, 0.9066155, -0.4124465), (-0.04822916, 0.9066155, -0.4191924), (-0.006908891, 0.9066155, -0.4219011), (0.03447792, 0.9066155, -0.4205467), (0.07553269, 0.9066155, -0.4151423), (0.11586, 0.9066155, -0.4057397), (0.1550716, 0.9066155, -0.3924297), (0.1927897, 0.9066155, -0.3753404), (0.2286512, 0.9066155, -0.3546363), (0.2623106, 0.9066155, -0.3305169), (0.2934438, 0.9066155, -0.3032145), (0.321751, 0.9066155, -0.2729919), (0.3469596, 0.9066155, -0.2401402), (0.3688267, 0.9066155, -0.2049759), (0.3871419, 0.9066155, -0.1678376), (0.4017287, 0.9066155, -0.1290828), (0.4124465, 0.9066155, -0.08908496), (0.4191924, 0.9066155, -0.04822916), (-0.3981902, 0.9172797, -0.006520609), (-0.3956336, 0.9172797, -0.04551867), (-0.3892669, 0.9172797, -0.08407836), (-0.3791514, 0.9172797, -0.1218283), (-0.3653844, 0.9172797, -0.158405), (-0.3480986, 0.9172797, -0.1934562), (-0.3274604, 0.9172797, -0.2266443), (-0.3036685, 0.9172797, -0.2576497), (-0.2769522, 0.9172797, -0.2861737), (-0.2475687, 0.9172797, -0.3119418), (-0.2158009, 0.9172797, -0.3347057), (-0.1819549, 0.9172797, -0.3542462), (-0.1463565, 0.9172797, -0.3703751), (-0.1093487, 0.9172797, -0.3829371), (-0.07128773, 0.9172797, -0.3918111), (-0.03254025, 0.9172797, -0.3969119), (0.006520609, 0.9172797, -0.3981902), (0.04551867, 0.9172797, -0.3956336), (0.08407836, 0.9172797, -0.3892669), (0.1218283, 0.9172797, -0.3791514), (0.158405, 0.9172797, -0.3653844), (0.1934562, 0.9172797, -0.3480986), (0.2266443, 0.9172797, -0.3274604), (0.2576497, 0.9172797, -0.3036685), (0.2861737, 0.9172797, -0.2769522), (0.3119418, 0.9172797, -0.2475687), (0.3347057, 0.9172797, -0.2158009), (0.3542462, 0.9172797, -0.1819549), (0.3703751, 0.9172797, -0.1463565), (0.3829371, 0.9172797, -0.1093487), (0.3918111, 0.9172797, -0.07128773), (0.3969119, 0.9172797, -0.03254025), (0.3981902, 0.9172797, 0.006520609), (0.3956336, 0.9172797, 0.04551867), (0.3892669, 0.9172797, 0.08407836), (0.3791514, 0.9172797, 0.1218283), (0.3653844, 0.9172797, 0.158405), (0.3480986, 0.9172797, 0.1934562), (0.3274604, 0.9172797, 0.2266443), (0.3036685, 0.9172797, 0.2576497), (0.2769522, 0.9172797, 0.2861737), (0.2475687, 0.9172797, 0.3119418), (0.2158009, 0.9172797, 0.3347057), (0.1819549, 0.9172797, 0.3542462), (0.1463565, 0.9172797, 0.3703751), (0.1093487, 0.9172797, 0.3829371), (0.07128773, 0.9172797, 0.3918111), (0.03254025, 0.9172797, 0.3969119), (-0.006520609, 0.9172797, 0.3981902), (-0.04551867, 0.9172797, 0.3956336), (-0.08407836, 0.9172797, 0.3892669), (-0.1218283, 0.9172797, 0.3791514), (-0.158405, 0.9172797, 0.3653844), (-0.1934562, 0.9172797, 0.3480986), (-0.2266443, 0.9172797, 0.3274604), (-0.2576497, 0.9172797, 0.3036685), (-0.2861737, 0.9172797, 0.2769522), (-0.3119418, 0.9172797, 0.2475687), (-0.3347057, 0.9172797, 0.2158009), (-0.3542462, 0.9172797, 0.1819549), (-0.3703751, 0.9172797, 0.1463565), (-0.3829371, 0.9172797, 0.1093487), (-0.3918111, 0.9172797, 0.07128773), (-0.3969119, 0.9172797, 0.03254025)] (interpolation = "vertex")
            float3[] extent = [(-0.01414, 0.001395, -0.01414), (0.01414, 0.002025, 0.01414)]
            rel material:binding = </WorkbenchPart/Materials/rubber>
            texCoord2f[] primvars:st = [(1.415556, 0), (1.563546, 0.1539958), (1.408739, 0.1387487), (1.415556, 0), (1.571111, 0), (1.563546, 0.1539958), (1.408739, 0.1387487), (1.540923, 0.3065086), (1.388356, 0.2761612), (1.408739, 0.1387487), (1.563546, 0.1539958), (1.540923, 0.3065086), (1.388356, 0.2761612), (1.50346, 0.4560695), (1.354602, 0.4109141), (1.388356, 0.2761612), (1.540923, 0.3065086), (1.50346, 0.4560695), (1.354602, 0.4109141), (1.451517, 0.6012382), (1.307803, 0.5417097), (1.354602, 0.4109141), (1.50346, 0.4560695), (1.451517, 0.6012382), (1.307803, 0.5417097), (1.385596, 0.7406167), (1.248409, 0.6672883), (1.307803, 0.5417097), (1.451517, 0.6012382), (1.385596, 0.7406167), (1.248409, 0.6672883), (1.306331, 0.8728626), (1.176991, 0.7864405), (1.248409, 0.6672883), (1.385596, 0.7406167), (1.306331, 0.8728626), (1.176991, 0.7864405), (1.214485, 0.9967023), (1.094239, 0.8980189), (1.176991, 0.7864405), (1.306331, 0.8728626), (1.214485, 0.9967023), (1.094239, 0.8980189), (1.110943, 1.110943), (1.000949, 1.000949), (1.094239, 0.8980189), (1.214485, 0.9967023), (1.110943, 1.110943), (1.000949, 1.000949), (0.9967023, 1.214485), (0.8980189, 1.094239), (1.000949, 1.000949), (1.110943, 1.110943), (0.9967023, 1.214485), (0.8980189, 1.094239), (0.8728626, 1.306331), (0.7864405, 1.176991), (0.8980189, 1.094239), (0.9967023, 1.214485), (0.8728626, 1.306331), (0.7864405, 1.176991), (0.7406167, 1.385596), (0.6672883, 1.248409), (0.7864405, 1.176991), (0.8728626, 1.306331), (0.7406167, 1.385596), (0.6672883, 1.248409), (0.6012382, 1.451517), (0.5417097, 1.307803), (0.6672883, 1.248409), (0.7406167, 1.385596), (0.6012382, 1.451517), (0.5417097, 1.307803), (0.4560695, 1.50346), (0.4109141, 1.354602), (0.5417097, 1.307803), (0.6012382, 1.451517), (0.4560695, 1.50346), (0.4109141, 1.354602), (0.3065086, 1.540923), (0.2761612, 1.388356), (0.4109141, 1.354602), (0.4560695, 1.50346), (0.3065086, 1.540923), (0.2761612, 1.388356), (0.1539958, 1.563546), (0.1387487, 1.408739), (0.2761612, 1.388356), (0.3065086, 1.540923), (0.1539958, 1.563546), (0.1387487, 1.408739), (9.620281e-17, 1.571111), (8.667778e-17, 1.415556), (0.1387487, 1.408739), (0.1539958, 1.563546), (9.620281e-17, 1.571111), (8.667778e-17, 1.415556), (-0.1539958, 1.563546), (-0.1387487, 1.408739), (8.667778e-17, 1.415556), (9.620281e-17, 1.571111), (-0.1539958, 1.563546), (-0.1387487, 1.408739), (-0.3065086, 1.540923), (-0.2761612, 1.388356), (-0.1387487, 1.408739), (-0.1539958, 1.563546), (-0.3065086, 1.540923), (-0.2761612, 1.388356), (-0.4560695, 1.50346), (-0.4109141, 1.354602), (-0.2761612, 1.388356), (-0.3065086, 1.540923), (-0.4560695, 1.50346), (-0.4109141, 1.354602), (-0.6012382, 1.451517), (-0.5417097, 1.307803), (-0.4109141, 1.354602), (-0.4560695, 1.50346), (-0.6012382, 1.451517), (-0.5417097, 1.307803), (-0.7406167, 1.385596), (-0.6672883, 1.248409), (-0.5417097, 1.307803), (-0.6012382, 1.451517), (-0.7406167, 1.385596), (-0.6672883, 1.248409), (-0.8728626, 1.306331), (-0.7864405, 1.176991), (-0.6672883, 1.248409), (-0.7406167, 1.385596), (-0.8728626, 1.306331), (-0.7864405, 1.176991), (-0.9967023, 1.214485), (-0.8980189, 1.094239), (-0.7864405, 1.176991), (-0.8728626, 1.306331), (-0.9967023, 1.214485), (-0.8980189, 1.094239), (-1.110943, 1.110943), (-1.000949, 1.000949), (-0.8980189, 1.094239), (-0.9967023, 1.214485), (-1.110943, 1.110943), (-1.000949, 1.000949), (-1.214485, 0.9967023), (-1.094239, 0.8980189), (-1.000949, 1.000949), (-1.110943, 1.110943), (-1.214485, 0.9967023), (-1.094239, 0.8980189), (-1.306331, 0.8728626), (-1.176991, 0.7864405), (-1.094239, 0.8980189), (-1.214485, 0.9967023), (-1.306331, 0.8728626), (-1.176991, 0.7864405), (-1.385596, 0.7406167), (-1.248409, 0.6672883), (-1.176991, 0.7864405), (-1.306331, 0.8728626), (-1.385596, 0.7406167), (-1.248409, 0.6672883), (-1.451517, 0.6012382), (-1.307803, 0.5417097), (-1.248409, 0.6672883), (-1.385596, 0.7406167), (-1.451517, 0.6012382), (-1.307803, 0.5417097), (-1.50346, 0.4560695), (-1.354602, 0.4109141), (-1.307803, 0.5417097), (-1.451517, 0.6012382), (-1.50346, 0.4560695), (-1.354602, 0.4109141), (-1.540923, 0.3065086), (-1.388356, 0.2761612), (-1.354602, 0.4109141), (-1.50346, 0.4560695), (-1.540923, 0.3065086), (-1.388356, 0.2761612), (-1.563546, 0.1539958), (-1.408739, 0.1387487), (-1.388356, 0.2761612), (-1.540923, 0.3065086), (-1.563546, 0.1539958), (-1.408739, 0.1387487), (-1.571111, 1.924056e-16), (-1.415556, 1.733556e-16), (-1.408739, 0.1387487), (-1.563546, 0.1539958), (-1.571111, 1.924056e-16), (-1.415556, 1.733556e-16), (-1.563546, -0.1539958), (-1.408739, -0.1387487), (-1.415556, 1.733556e-16), (-1.571111, 1.924056e-16), (-1.563546, -0.1539958), (-1.408739, -0.1387487), (-1.540923, -0.3065086), (-1.388356, -0.2761612), (-1.408739, -0.1387487), (-1.563546, -0.1539958), (-1.540923, -0.3065086), (-1.388356, -0.2761612), (-1.50346, -0.4560695), (-1.354602, -0.4109141), (-1.388356, -0.2761612), (-1.540923, -0.3065086), (-1.50346, -0.4560695), (-1.354602, -0.4109141), (-1.451517, -0.6012382), (-1.307803, -0.5417097), (-1.354602, -0.4109141), (-1.50346, -0.4560695), (-1.451517, -0.6012382), (-1.307803, -0.5417097), (-1.385596, -0.7406167), (-1.248409, -0.6672883), (-1.307803, -0.5417097), (-1.451517, -0.6012382), (-1.385596, -0.7406167), (-1.248409, -0.6672883), (-1.306331, -0.8728626), (-1.176991, -0.7864405), (-1.248409, -0.6672883), (-1.385596, -0.7406167), (-1.306331, -0.8728626), (-1.176991, -0.7864405), (-1.214485, -0.9967023), (-1.094239, -0.8980189), (-1.176991, -0.7864405), (-1.306331, -0.8728626), (-1.214485, -0.9967023), (-1.094239, -0.8980189), (-1.110943, -1.110943), (-1.000949, -1.000949), (-1.094239, -0.8980189), (-1.214485, -0.9967023), (-1.110943, -1.110943), (-1.000949, -1.000949), (-0.9967023, -1.214485), (-0.8980189, -1.094239), (-1.000949, -1.000949), (-1.110943, -1.110943), (-0.9967023, -1.214485), (-0.8980189, -1.094239), (-0.8728626, -1.306331), (-0.7864405, -1.176991), (-0.8980189, -1.094239), (-0.9967023, -1.214485), (-0.8728626, -1.306331), (-0.7864405, -1.176991), (-0.7406167, -1.385596), (-0.6672883, -1.248409), (-0.7864405, -1.176991), (-0.8728626, -1.306331), (-0.7406167, -1.385596), (-0.6672883, -1.248409), (-0.6012382, -1.451517), (-0.5417097, -1.307803), (-0.6672883, -1.248409), (-0.7406167, -1.385596), (-0.6012382, -1.451517), (-0.5417097, -1.307803), (-0.4560695, -1.50346), (-0.4109141, -1.354602), (-0.5417097, -1.307803), (-0.6012382, -1.451517), (-0.4560695, -1.50346), (-0.4109141, -1.354602), (-0.3065086, -1.540923), (-0.2761612, -1.388356), (-0.4109141, -1.354602), (-0.4560695, -1.50346), (-0.3065086, -1.540923), (-0.2761612, -1.388356), (-0.1539958, -1.563546), (-0.1387487, -1.408739), (-0.2761612, -1.388356), (-0.3065086, -1.540923), (-0.1539958, -1.563546), (-0.1387487, -1.408739), (-2.886084e-16, -1.571111), (-2.600333e-16, -1.415556), (-0.1387487, -1.408739), (-0.1539958, -1.563546), (-2.886084e-16, -1.571111), (-2.600333e-16, -1.415556), (0.1539958, -1.563546), (0.1387487, -1.408739), (-2.600333e-16, -1.415556), (-2.886084e-16, -1.571111), (0.1539958, -1.563546), (0.1387487, -1.408739), (0.3065086, -1.540923), (0.2761612, -1.388356), (0.1387487, -1.408739), (0.1539958, -1.563546), (0.3065086, -1.540923), (0.2761612, -1.388356), (0.4560695, -1.50346), (0.4109141, -1.354602), (0.2761612, -1.388356), (0.3065086, -1.540923), (0.4560695, -1.50346), (0.4109141, -1.354602), (0.6012382, -1.451517), (0.5417097, -1.307803), (0.4109141, -1.354602), (0.4560695, -1.50346), (0.6012382, -1.451517), (0.5417097, -1.307803), (0.7406167, -1.385596), (0.6672883, -1.248409), (0.5417097, -1.307803), (0.6012382, -1.451517), (0.7406167, -1.385596), (0.6672883, -1.248409), (0.8728626, -1.306331), (0.7864405, -1.176991), (0.6672883, -1.248409), (0.7406167, -1.385596), (0.8728626, -1.306331), (0.7864405, -1.176991), (0.9967023, -1.214485), (0.8980189, -1.094239), (0.7864405, -1.176991), (0.8728626, -1.306331), (0.9967023, -1.214485), (0.8980189, -1.094239), (1.110943, -1.110943), (1.000949, -1.000949), (0.8980189, -1.094239), (0.9967023, -1.214485), (1.110943, -1.110943), (1.000949, -1.000949), (1.214485, -0.9967023), (1.094239, -0.8980189), (1.000949, -1.000949), (1.110943, -1.110943), (1.214485, -0.9967023), (1.094239, -0.8980189), (1.306331, -0.8728626), (1.176991, -0.7864405), (1.094239, -0.8980189), (1.214485, -0.9967023), (1.306331, -0.8728626), (1.176991, -0.7864405), (1.385596, -0.7406167), (1.248409, -0.6672883), (1.176991, -0.7864405), (1.306331, -0.8728626), (1.385596, -0.7406167), (1.248409, -0.6672883), (1.451517, -0.6012382), (1.307803, -0.5417097), (1.248409, -0.6672883), (1.385596, -0.7406167), (1.451517, -0.6012382), (1.307803, -0.5417097), (1.50346, -0.4560695), (1.354602, -0.4109141), (1.307803, -0.5417097), (1.451517, -0.6012382), (1.50346, -0.4560695), (1.354602, -0.4109141), (1.540923, -0.3065086), (1.388356, -0.2761612), (1.354602, -0.4109141), (1.50346, -0.4560695), (1.540923, -0.3065086), (1.388356, -0.2761612), (1.563546, -0.1539958), (1.408739, -0.1387487), (1.388356, -0.2761612), (1.540923, -0.3065086), (1.563546, -0.1539958), (1.408739, -0.1387487), (1.571111, 0), (1.415556, 0), (1.408739, -0.1387487), (1.563546, -0.1539958), (1.571111, 0), (0.155, 0), (0.225, 0.1539958), (0.155, 0.1539958), (0.155, 0), (0.225, 0), (0.225, 0.1539958), (0.155, 0.1539958), (0.225, 0.3065086), (0.155, 0.3065086), (0.155, 0.1539958), (0.225, 0.1539958), (0.225, 0.3065086), (0.155, 0.3065086), (0.225, 0.4560695), (0.155, 0.4560695), (0.155, 0.3065086), (0.225, 0.3065086), (0.225, 0.4560695), (0.155, 0.4560695), (0.225, 0.6012382), (0.155, 0.6012382), (0.155, 0.4560695), (0.225, 0.4560695), (0.225, 0.6012382), (0.155, 0.6012382), (0.225, 0.7406167), (0.155, 0.7406167), (0.155, 0.6012382), (0.225, 0.6012382), (0.225, 0.7406167), (0.155, 0.7406167), (0.225, 0.8728626), (0.155, 0.8728626), (0.155, 0.7406167), (0.225, 0.7406167), (0.225, 0.8728626), (0.155, 0.8728626), (0.225, 0.9967023), (0.155, 0.9967023), (0.155, 0.8728626), (0.225, 0.8728626), (0.225, 0.9967023), (0.155, 0.9967023), (0.225, 1.110943), (0.155, 1.110943), (0.155, 0.9967023), (0.225, 0.9967023), (0.225, 1.110943), (1.110943, 0.155), (0.9967023, 0.225), (0.9967023, 0.155), (1.110943, 0.155), (1.110943, 0.225), (0.9967023, 0.225), (0.9967023, 0.155), (0.8728626, 0.225), (0.8728626, 0.155), (0.9967023, 0.155), (0.9967023, 0.225), (0.8728626, 0.225), (0.8728626, 0.155), (0.7406167, 0.225), (0.7406167, 0.155), (0.8728626, 0.155), (0.8728626, 0.225), (0.7406167, 0.225), (0.7406167, 0.155), (0.6012382, 0.225), (0.6012382, 0.155), (0.7406167, 0.155), (0.7406167, 0.225), (0.6012382, 0.225), (0.6012382, 0.155), (0.4560695, 0.225), (0.4560695, 0.155), (0.6012382, 0.155), (0.6012382, 0.225), (0.4560695, 0.225), (0.4560695, 0.155), (0.3065086, 0.225), (0.3065086, 0.155), (0.4560695, 0.155), (0.4560695, 0.225), (0.3065086, 0.225), (0.3065086, 0.155), (0.1539958, 0.225), (0.1539958, 0.155), (0.3065086, 0.155), (0.3065086, 0.225), (0.1539958, 0.225), (0.1539958, 0.155), (9.620281e-17, 0.225), (9.620281e-17, 0.155), (0.1539958, 0.155), (0.1539958, 0.225), (9.620281e-17, 0.225), (9.620281e-17, 0.155), (-0.1539958, 0.225), (-0.1539958, 0.155), (9.620281e-17, 0.155), (9.620281e-17, 0.225), (-0.1539958, 0.225), (-0.1539958, 0.155), (-0.3065086, 0.225), (-0.3065086, 0.155), (-0.1539958, 0.155), (-0.1539958, 0.225), (-0.3065086, 0.225), (-0.3065086, 0.155), (-0.4560695, 0.225), (-0.4560695, 0.155), (-0.3065086, 0.155), (-0.3065086, 0.225), (-0.4560695, 0.225), (-0.4560695, 0.155), (-0.6012382, 0.225), (-0.6012382, 0.155), (-0.4560695, 0.155), (-0.4560695, 0.225), (-0.6012382, 0.225), (-0.6012382, 0.155), (-0.7406167, 0.225), (-0.7406167, 0.155), (-0.6012382, 0.155), (-0.6012382, 0.225), (-0.7406167, 0.225), (-0.7406167, 0.155), (-0.8728626, 0.225), (-0.8728626, 0.155), (-0.7406167, 0.155), (-0.7406167, 0.225), (-0.8728626, 0.225), (-0.8728626, 0.155), (-0.9967023, 0.225), (-0.9967023, 0.155), (-0.8728626, 0.155), (-0.8728626, 0.225), (-0.9967023, 0.225), (-0.9967023, 0.155), (-1.110943, 0.225), (-1.110943, 0.155), (-0.9967023, 0.155), (-0.9967023, 0.225), (-1.110943, 0.225), (0.155, 1.110943), (0.225, 0.9967023), (0.155, 0.9967023), (0.155, 1.110943), (0.225, 1.110943), (0.225, 0.9967023), (0.155, 0.9967023), (0.225, 0.8728626), (0.155, 0.8728626), (0.155, 0.9967023), (0.225, 0.9967023), (0.225, 0.8728626), (0.155, 0.8728626), (0.225, 0.7406167), (0.155, 0.7406167), (0.155, 0.8728626), (0.225, 0.8728626), (0.225, 0.7406167), (0.155, 0.7406167), (0.225, 0.6012382), (0.155, 0.6012382), (0.155, 0.7406167), (0.225, 0.7406167), (0.225, 0.6012382), (0.155, 0.6012382), (0.225, 0.4560695), (0.155, 0.4560695), (0.155, 0.6012382), (0.225, 0.6012382), (0.225, 0.4560695), (0.155, 0.4560695), (0.225, 0.3065086), (0.155, 0.3065086), (0.155, 0.4560695), (0.225, 0.4560695), (0.225, 0.3065086), (0.155, 0.3065086), (0.225, 0.1539958), (0.155, 0.1539958), (0.155, 0.3065086), (0.225, 0.3065086), (0.225, 0.1539958), (0.155, 0.1539958), (0.225, 1.924056e-16), (0.155, 1.924056e-16), (0.155, 0.1539958), (0.225, 0.1539958), (0.225, 1.924056e-16), (0.155, 1.924056e-16), (0.225, -0.1539958), (0.155, -0.1539958), (0.155, 1.924056e-16), (0.225, 1.924056e-16), (0.225, -0.1539958), (0.155, -0.1539958), (0.225, -0.3065086), (0.155, -0.3065086), (0.155, -0.1539958), (0.225, -0.1539958), (0.225, -0.3065086), (0.155, -0.3065086), (0.225, -0.4560695), (0.155, -0.4560695), (0.155, -0.3065086), (0.225, -0.3065086), (0.225, -0.4560695), (0.155, -0.4560695), (0.225, -0.6012382), (0.155, -0.6012382), (0.155, -0.4560695), (0.225, -0.4560695), (0.225, -0.6012382), (0.155, -0.6012382), (0.225, -0.7406167), (0.155, -0.7406167), (0.155, -0.6012382), (0.225, -0.6012382), (0.225, -0.7406167), (0.155, -0.7406167), (0.225, -0.8728626), (0.155, -0.8728626), (0.155, -0.7406167), (0.225, -0.7406167), (0.225, -0.8728626), (0.155, -0.8728626), (0.225, -0.9967023), (0.155, -0.9967023), (0.155, -0.8728626), (0.225, -0.8728626), (0.225, -0.9967023), (0.155, -0.9967023), (0.225, -1.110943), (0.155, -1.110943), (0.155, -0.9967023), (0.225, -0.9967023), (0.225, -1.110943), (-1.110943, 0.155), (-0.9967023, 0.225), (-0.9967023, 0.155), (-1.110943, 0.155), (-1.110943, 0.225), (-0.9967023, 0.225), (-0.9967023, 0.155), (-0.8728626, 0.225), (-0.8728626, 0.155), (-0.9967023, 0.155), (-0.9967023, 0.225), (-0.8728626, 0.225), (-0.8728626, 0.155), (-0.7406167, 0.225), (-0.7406167, 0.155), (-0.8728626, 0.155), (-0.8728626, 0.225), (-0.7406167, 0.225), (-0.7406167, 0.155), (-0.6012382, 0.225), (-0.6012382, 0.155), (-0.7406167, 0.155), (-0.7406167, 0.225), (-0.6012382, 0.225), (-0.6012382, 0.155), (-0.4560695, 0.225), (-0.4560695, 0.155), (-0.6012382, 0.155), (-0.6012382, 0.225), (-0.4560695, 0.225), (-0.4560695, 0.155), (-0.3065086, 0.225), (-0.3065086, 0.155), (-0.4560695, 0.155), (-0.4560695, 0.225), (-0.3065086, 0.225), (-0.3065086, 0.155), (-0.1539958, 0.225), (-0.1539958, 0.155), (-0.3065086, 0.155), (-0.3065086, 0.225), (-0.1539958, 0.225), (-0.1539958, 0.155), (-2.886084e-16, 0.225), (-2.886084e-16, 0.155), (-0.1539958, 0.155), (-0.1539958, 0.225), (-2.886084e-16, 0.225), (-2.886084e-16, 0.155), (0.1539958, 0.225), (0.1539958, 0.155), (-2.886084e-16, 0.155), (-2.886084e-16, 0.225), (0.1539958, 0.225), (0.1539958, 0.155), (0.3065086, 0.225), (0.3065086, 0.155), (0.1539958, 0.155), (0.1539958, 0.225), (0.3065086, 0.225), (0.3065086, 0.155), (0.4560695, 0.225), (0.4560695, 0.155), (0.3065086, 0.155), (0.3065086, 0.225), (0.4560695, 0.225), (0.4560695, 0.155), (0.6012382, 0.225), (0.6012382, 0.155), (0.4560695, 0.155), (0.4560695, 0.225), (0.6012382, 0.225), (0.6012382, 0.155), (0.7406167, 0.225), (0.7406167, 0.155), (0.6012382, 0.155), (0.6012382, 0.225), (0.7406167, 0.225), (0.7406167, 0.155), (0.8728626, 0.225), (0.8728626, 0.155), (0.7406167, 0.155), (0.7406167, 0.225), (0.8728626, 0.225), (0.8728626, 0.155), (0.9967023, 0.225), (0.9967023, 0.155), (0.8728626, 0.155), (0.8728626, 0.225), (0.9967023, 0.225), (0.9967023, 0.155), (1.110943, 0.225), (1.110943, 0.155), (0.9967023, 0.155), (0.9967023, 0.225), (1.110943, 0.225), (0.155, -1.110943), (0.225, -0.9967023), (0.155, -0.9967023), (0.155, -1.110943), (0.225, -1.110943), (0.225, -0.9967023), (0.155, -0.9967023), (0.225, -0.8728626), (0.155, -0.8728626), (0.155, -0.9967023), (0.225, -0.9967023), (0.225, -0.8728626), (0.155, -0.8728626), (0.225, -0.7406167), (0.155, -0.7406167), (0.155, -0.8728626), (0.225, -0.8728626), (0.225, -0.7406167), (0.155, -0.7406167), (0.225, -0.6012382), (0.155, -0.6012382), (0.155, -0.7406167), (0.225, -0.7406167), (0.225, -0.6012382), (0.155, -0.6012382), (0.225, -0.4560695), (0.155, -0.4560695), (0.155, -0.6012382), (0.225, -0.6012382), (0.225, -0.4560695), (0.155, -0.4560695), (0.225, -0.3065086), (0.155, -0.3065086), (0.155, -0.4560695), (0.225, -0.4560695), (0.225, -0.3065086), (0.155, -0.3065086), (0.225, -0.1539958), (0.155, -0.1539958), (0.155, -0.3065086), (0.225, -0.3065086), (0.225, -0.1539958), (0.155, -0.1539958), (0.225, 0), (0.155, 0), (0.155, -0.1539958), (0.225, -0.1539958), (0.225, 0), (1.571111, 0), (1.408739, 0.1387487), (1.563546, 0.1539958), (1.571111, 0), (1.415556, 0), (1.408739, 0.1387487), (1.563546, 0.1539958), (1.388356, 0.2761612), (1.540923, 0.3065086), (1.563546, 0.1539958), (1.408739, 0.1387487), (1.388356, 0.2761612), (1.540923, 0.3065086), (1.354602, 0.4109141), (1.50346, 0.4560695), (1.540923, 0.3065086), (1.388356, 0.2761612), (1.354602, 0.4109141), (1.50346, 0.4560695), (1.307803, 0.5417097), (1.451517, 0.6012382), (1.50346, 0.4560695), (1.354602, 0.4109141), (1.307803, 0.5417097), (1.451517, 0.6012382), (1.248409, 0.6672883), (1.385596, 0.7406167), (1.451517, 0.6012382), (1.307803, 0.5417097), (1.248409, 0.6672883), (1.385596, 0.7406167), (1.176991, 0.7864405), (1.306331, 0.8728626), (1.385596, 0.7406167), (1.248409, 0.6672883), (1.176991, 0.7864405), (1.306331, 0.8728626), (1.094239, 0.8980189), (1.214485, 0.9967023), (1.306331, 0.8728626), (1.176991, 0.7864405), (1.094239, 0.8980189), (1.214485, 0.9967023), (1.000949, 1.000949), (1.110943, 1.110943), (1.214485, 0.9967023), (1.094239, 0.8980189), (1.000949, 1.000949), (1.110943, 1.110943), (0.8980189, 1.094239), (0.9967023, 1.214485), (1.110943, 1.110943), (1.000949, 1.000949), (0.8980189, 1.094239), (0.9967023, 1.214485), (0.7864405, 1.176991), (0.8728626, 1.306331), (0.9967023, 1.214485), (0.8980189, 1.094239), (0.7864405, 1.176991), (0.8728626, 1.306331), (0.6672883, 1.248409), (0.7406167, 1.385596), (0.8728626, 1.306331), (0.7864405, 1.176991), (0.6672883, 1.248409), (0.7406167, 1.385596), (0.5417097, 1.307803), (0.6012382, 1.451517), (0.7406167, 1.385596), (0.6672883, 1.248409), (0.5417097, 1.307803), (0.6012382, 1.451517), (0.4109141, 1.354602), (0.4560695, 1.50346), (0.6012382, 1.451517), (0.5417097, 1.307803), (0.4109141, 1.354602), (0.4560695, 1.50346), (0.2761612, 1.388356), (0.3065086, 1.540923), (0.4560695, 1.50346), (0.4109141, 1.354602), (0.2761612, 1.388356), (0.3065086, 1.540923), (0.1387487, 1.408739), (0.1539958, 1.563546), (0.3065086, 1.540923), (0.2761612, 1.388356), (0.1387487, 1.408739), (0.1539958, 1.563546), (8.667778e-17, 1.415556), (9.620281e-17, 1.571111), (0.1539958, 1.563546), (0.1387487, 1.408739), (8.667778e-17, 1.415556), (9.620281e-17, 1.571111), (-0.1387487, 1.408739), (-0.1539958, 1.563546), (9.620281e-17, 1.571111), (8.667778e-17, 1.415556), (-0.1387487, 1.408739), (-0.1539958, 1.563546), (-0.2761612, 1.388356), (-0.3065086, 1.540923), (-0.1539958, 1.563546), (-0.1387487, 1.408739), (-0.2761612, 1.388356), (-0.3065086, 1.540923), (-0.4109141, 1.354602), (-0.4560695, 1.50346), (-0.3065086, 1.540923), (-0.2761612, 1.388356), (-0.4109141, 1.354602), (-0.4560695, 1.50346), (-0.5417097, 1.307803), (-0.6012382, 1.451517), (-0.4560695, 1.50346), (-0.4109141, 1.354602), (-0.5417097, 1.307803), (-0.6012382, 1.451517), (-0.6672883, 1.248409), (-0.7406167, 1.385596), (-0.6012382, 1.451517), (-0.5417097, 1.307803), (-0.6672883, 1.248409), (-0.7406167, 1.385596), (-0.7864405, 1.176991), (-0.8728626, 1.306331), (-0.7406167, 1.385596), (-0.6672883, 1.248409), (-0.7864405, 1.176991), (-0.8728626, 1.306331), (-0.8980189, 1.094239), (-0.9967023, 1.214485), (-0.8728626, 1.306331), (-0.7864405, 1.176991), (-0.8980189, 1.094239), (-0.9967023, 1.214485), (-1.000949, 1.000949), (-1.110943, 1.110943), (-0.9967023, 1.214485), (-0.8980189, 1.094239), (-1.000949, 1.000949), (-1.110943, 1.110943), (-1.094239, 0.8980189), (-1.214485, 0.9967023), (-1.110943, 1.110943), (-1.000949, 1.000949), (-1.094239, 0.8980189), (-1.214485, 0.9967023), (-1.176991, 0.7864405), (-1.306331, 0.8728626), (-1.214485, 0.9967023), (-1.094239, 0.8980189), (-1.176991, 0.7864405), (-1.306331, 0.8728626), (-1.248409, 0.6672883), (-1.385596, 0.7406167), (-1.306331, 0.8728626), (-1.176991, 0.7864405), (-1.248409, 0.6672883), (-1.385596, 0.7406167), (-1.307803, 0.5417097), (-1.451517, 0.6012382), (-1.385596, 0.7406167), (-1.248409, 0.6672883), (-1.307803, 0.5417097), (-1.451517, 0.6012382), (-1.354602, 0.4109141), (-1.50346, 0.4560695), (-1.451517, 0.6012382), (-1.307803, 0.5417097), (-1.354602, 0.4109141), (-1.50346, 0.4560695), (-1.388356, 0.2761612), (-1.540923, 0.3065086), (-1.50346, 0.4560695), (-1.354602, 0.4109141), (-1.388356, 0.2761612), (-1.540923, 0.3065086), (-1.408739, 0.1387487), (-1.563546, 0.1539958), (-1.540923, 0.3065086), (-1.388356, 0.2761612), (-1.408739, 0.1387487), (-1.563546, 0.1539958), (-1.415556, 1.733556e-16), (-1.571111, 1.924056e-16), (-1.563546, 0.1539958), (-1.408739, 0.1387487), (-1.415556, 1.733556e-16), (-1.571111, 1.924056e-16), (-1.408739, -0.1387487), (-1.563546, -0.1539958), (-1.571111, 1.924056e-16), (-1.415556, 1.733556e-16), (-1.408739, -0.1387487), (-1.563546, -0.1539958), (-1.388356, -0.2761612), (-1.540923, -0.3065086), (-1.563546, -0.1539958), (-1.408739, -0.1387487), (-1.388356, -0.2761612), (-1.540923, -0.3065086), (-1.354602, -0.4109141), (-1.50346, -0.4560695), (-1.540923, -0.3065086), (-1.388356, -0.2761612), (-1.354602, -0.4109141), (-1.50346, -0.4560695), (-1.307803, -0.5417097), (-1.451517, -0.6012382), (-1.50346, -0.4560695), (-1.354602, -0.4109141), (-1.307803, -0.5417097), (-1.451517, -0.6012382), (-1.248409, -0.6672883), (-1.385596, -0.7406167), (-1.451517, -0.6012382), (-1.307803, -0.5417097), (-1.248409, -0.6672883), (-1.385596, -0.7406167), (-1.176991, -0.7864405), (-1.306331, -0.8728626), (-1.385596, -0.7406167), (-1.248409, -0.6672883), (-1.176991, -0.7864405), (-1.306331, -0.8728626), (-1.094239, -0.8980189), (-1.214485, -0.9967023), (-1.306331, -0.8728626), (-1.176991, -0.7864405), (-1.094239, -0.8980189), (-1.214485, -0.9967023), (-1.000949, -1.000949), (-1.110943, -1.110943), (-1.214485, -0.9967023), (-1.094239, -0.8980189), (-1.000949, -1.000949), (-1.110943, -1.110943), (-0.8980189, -1.094239), (-0.9967023, -1.214485), (-1.110943, -1.110943), (-1.000949, -1.000949), (-0.8980189, -1.094239), (-0.9967023, -1.214485), (-0.7864405, -1.176991), (-0.8728626, -1.306331), (-0.9967023, -1.214485), (-0.8980189, -1.094239), (-0.7864405, -1.176991), (-0.8728626, -1.306331), (-0.6672883, -1.248409), (-0.7406167, -1.385596), (-0.8728626, -1.306331), (-0.7864405, -1.176991), (-0.6672883, -1.248409), (-0.7406167, -1.385596), (-0.5417097, -1.307803), (-0.6012382, -1.451517), (-0.7406167, -1.385596), (-0.6672883, -1.248409), (-0.5417097, -1.307803), (-0.6012382, -1.451517), (-0.4109141, -1.354602), (-0.4560695, -1.50346), (-0.6012382, -1.451517), (-0.5417097, -1.307803), (-0.4109141, -1.354602), (-0.4560695, -1.50346), (-0.2761612, -1.388356), (-0.3065086, -1.540923), (-0.4560695, -1.50346), (-0.4109141, -1.354602), (-0.2761612, -1.388356), (-0.3065086, -1.540923), (-0.1387487, -1.408739), (-0.1539958, -1.563546), (-0.3065086, -1.540923), (-0.2761612, -1.388356), (-0.1387487, -1.408739), (-0.1539958, -1.563546), (-2.600333e-16, -1.415556), (-2.886084e-16, -1.571111), (-0.1539958, -1.563546), (-0.1387487, -1.408739), (-2.600333e-16, -1.415556), (-2.886084e-16, -1.571111), (0.1387487, -1.408739), (0.1539958, -1.563546), (-2.886084e-16, -1.571111), (-2.600333e-16, -1.415556), (0.1387487, -1.408739), (0.1539958, -1.563546), (0.2761612, -1.388356), (0.3065086, -1.540923), (0.1539958, -1.563546), (0.1387487, -1.408739), (0.2761612, -1.388356), (0.3065086, -1.540923), (0.4109141, -1.354602), (0.4560695, -1.50346), (0.3065086, -1.540923), (0.2761612, -1.388356), (0.4109141, -1.354602), (0.4560695, -1.50346), (0.5417097, -1.307803), (0.6012382, -1.451517), (0.4560695, -1.50346), (0.4109141, -1.354602), (0.5417097, -1.307803), (0.6012382, -1.451517), (0.6672883, -1.248409), (0.7406167, -1.385596), (0.6012382, -1.451517), (0.5417097, -1.307803), (0.6672883, -1.248409), (0.7406167, -1.385596), (0.7864405, -1.176991), (0.8728626, -1.306331), (0.7406167, -1.385596), (0.6672883, -1.248409), (0.7864405, -1.176991), (0.8728626, -1.306331), (0.8980189, -1.094239), (0.9967023, -1.214485), (0.8728626, -1.306331), (0.7864405, -1.176991), (0.8980189, -1.094239), (0.9967023, -1.214485), (1.000949, -1.000949), (1.110943, -1.110943), (0.9967023, -1.214485), (0.8980189, -1.094239), (1.000949, -1.000949), (1.110943, -1.110943), (1.094239, -0.8980189), (1.214485, -0.9967023), (1.110943, -1.110943), (1.000949, -1.000949), (1.094239, -0.8980189), (1.214485, -0.9967023), (1.176991, -0.7864405), (1.306331, -0.8728626), (1.214485, -0.9967023), (1.094239, -0.8980189), (1.176991, -0.7864405), (1.306331, -0.8728626), (1.248409, -0.6672883), (1.385596, -0.7406167), (1.306331, -0.8728626), (1.176991, -0.7864405), (1.248409, -0.6672883), (1.385596, -0.7406167), (1.307803, -0.5417097), (1.451517, -0.6012382), (1.385596, -0.7406167), (1.248409, -0.6672883), (1.307803, -0.5417097), (1.451517, -0.6012382), (1.354602, -0.4109141), (1.50346, -0.4560695), (1.451517, -0.6012382), (1.307803, -0.5417097), (1.354602, -0.4109141), (1.50346, -0.4560695), (1.388356, -0.2761612), (1.540923, -0.3065086), (1.50346, -0.4560695), (1.354602, -0.4109141), (1.388356, -0.2761612), (1.540923, -0.3065086), (1.408739, -0.1387487), (1.563546, -0.1539958), (1.540923, -0.3065086), (1.388356, -0.2761612), (1.408739, -0.1387487), (1.563546, -0.1539958), (1.415556, 0), (1.571111, 0), (1.563546, -0.1539958), (1.408739, -0.1387487), (1.415556, 0), (0.225, 0), (0.155, 0.1387487), (0.225, 0.1387487), (0.225, 0), (0.155, 0), (0.155, 0.1387487), (0.225, 0.1387487), (0.155, 0.2761612), (0.225, 0.2761612), (0.225, 0.1387487), (0.155, 0.1387487), (0.155, 0.2761612), (0.225, 0.2761612), (0.155, 0.4109141), (0.225, 0.4109141), (0.225, 0.2761612), (0.155, 0.2761612), (0.155, 0.4109141), (0.225, 0.4109141), (0.155, 0.5417097), (0.225, 0.5417097), (0.225, 0.4109141), (0.155, 0.4109141), (0.155, 0.5417097), (0.225, 0.5417097), (0.155, 0.6672883), (0.225, 0.6672883), (0.225, 0.5417097), (0.155, 0.5417097), (0.155, 0.6672883), (0.225, 0.6672883), (0.155, 0.7864405), (0.225, 0.7864405), (0.225, 0.6672883), (0.155, 0.6672883), (0.155, 0.7864405), (0.225, 0.7864405), (0.155, 0.8980189), (0.225, 0.8980189), (0.225, 0.7864405), (0.155, 0.7864405), (0.155, 0.8980189), (0.225, 0.8980189), (0.155, 1.000949), (0.225, 1.000949), (0.225, 0.8980189), (0.155, 0.8980189), (0.155, 1.000949), (1.000949, 0.225), (0.8980189, 0.155), (0.8980189, 0.225), (1.000949, 0.225), (1.000949, 0.155), (0.8980189, 0.155), (0.8980189, 0.225), (0.7864405, 0.155), (0.7864405, 0.225), (0.8980189, 0.225), (0.8980189, 0.155), (0.7864405, 0.155), (0.7864405, 0.225), (0.6672883, 0.155), (0.6672883, 0.225), (0.7864405, 0.225), (0.7864405, 0.155), (0.6672883, 0.155), (0.6672883, 0.225), (0.5417097, 0.155), (0.5417097, 0.225), (0.6672883, 0.225), (0.6672883, 0.155), (0.5417097, 0.155), (0.5417097, 0.225), (0.4109141, 0.155), (0.4109141, 0.225), (0.5417097, 0.225), (0.5417097, 0.155), (0.4109141, 0.155), (0.4109141, 0.225), (0.2761612, 0.155), (0.2761612, 0.225), (0.4109141, 0.225), (0.4109141, 0.155), (0.2761612, 0.155), (0.2761612, 0.225), (0.1387487, 0.155), (0.1387487, 0.225), (0.2761612, 0.225), (0.2761612, 0.155), (0.1387487, 0.155), (0.1387487, 0.225), (8.667778e-17, 0.155), (8.667778e-17, 0.225), (0.1387487, 0.225), (0.1387487, 0.155), (8.667778e-17, 0.155), (8.667778e-17, 0.225), (-0.1387487, 0.155), (-0.1387487, 0.225), (8.667778e-17, 0.225), (8.667778e-17, 0.155), (-0.1387487, 0.155), (-0.1387487, 0.225), (-0.2761612, 0.155), (-0.2761612, 0.225), (-0.1387487, 0.225), (-0.1387487, 0.155), (-0.2761612, 0.155), (-0.2761612, 0.225), (-0.4109141, 0.155), (-0.4109141, 0.225), (-0.2761612, 0.225), (-0.2761612, 0.155), (-0.4109141, 0.155), (-0.4109141, 0.225), (-0.5417097, 0.155), (-0.5417097, 0.225), (-0.4109141, 0.225), (-0.4109141, 0.155), (-0.5417097, 0.155), (-0.5417097, 0.225), (-0.6672883, 0.155), (-0.6672883, 0.225), (-0.5417097, 0.225), (-0.5417097, 0.155), (-0.6672883, 0.155), (-0.6672883, 0.225), (-0.7864405, 0.155), (-0.7864405, 0.225), (-0.6672883, 0.225), (-0.6672883, 0.155), (-0.7864405, 0.155), (-0.7864405, 0.225), (-0.8980189, 0.155), (-0.8980189, 0.225), (-0.7864405, 0.225), (-0.7864405, 0.155), (-0.8980189, 0.155), (-0.8980189, 0.225), (-1.000949, 0.155), (-1.000949, 0.225), (-0.8980189, 0.225), (-0.8980189, 0.155), (-1.000949, 0.155), (0.225, 1.000949), (0.155, 0.8980189), (0.225, 0.8980189), (0.225, 1.000949), (0.155, 1.000949), (0.155, 0.8980189), (0.225, 0.8980189), (0.155, 0.7864405), (0.225, 0.7864405), (0.225, 0.8980189), (0.155, 0.8980189), (0.155, 0.7864405), (0.225, 0.7864405), (0.155, 0.6672883), (0.225, 0.6672883), (0.225, 0.7864405), (0.155, 0.7864405), (0.155, 0.6672883), (0.225, 0.6672883), (0.155, 0.5417097), (0.225, 0.5417097), (0.225, 0.6672883), (0.155, 0.6672883), (0.155, 0.5417097), (0.225, 0.5417097), (0.155, 0.4109141), (0.225, 0.4109141), (0.225, 0.5417097), (0.155, 0.5417097), (0.155, 0.4109141), (0.225, 0.4109141), (0.155, 0.2761612), (0.225, 0.2761612), (0.225, 0.4109141), (0.155, 0.4109141), (0.155, 0.2761612), (0.225, 0.2761612), (0.155, 0.1387487), (0.225, 0.1387487), (0.225, 0.2761612), (0.155, 0.2761612), (0.155, 0.1387487), (0.225, 0.1387487), (0.155, 1.733556e-16), (0.225, 1.733556e-16), (0.225, 0.1387487), (0.155, 0.1387487), (0.155, 1.733556e-16), (0.225, 1.733556e-16), (0.155, -0.1387487), (0.225, -0.1387487), (0.225, 1.733556e-16), (0.155, 1.733556e-16), (0.155, -0.1387487), (0.225, -0.1387487), (0.155, -0.2761612), (0.225, -0.2761612), (0.225, -0.1387487), (0.155, -0.1387487), (0.155, -0.2761612), (0.225, -0.2761612), (0.155, -0.4109141), (0.225, -0.4109141), (0.225, -0.2761612), (0.155, -0.2761612), (0.155, -0.4109141), (0.225, -0.4109141), (0.155, -0.5417097), (0.225, -0.5417097), (0.225, -0.4109141), (0.155, -0.4109141), (0.155, -0.5417097), (0.225, -0.5417097), (0.155, -0.6672883), (0.225, -0.6672883), (0.225, -0.5417097), (0.155, -0.5417097), (0.155, -0.6672883), (0.225, -0.6672883), (0.155, -0.7864405), (0.225, -0.7864405), (0.225, -0.6672883), (0.155, -0.6672883), (0.155, -0.7864405), (0.225, -0.7864405), (0.155, -0.8980189), (0.225, -0.8980189), (0.225, -0.7864405), (0.155, -0.7864405), (0.155, -0.8980189), (0.225, -0.8980189), (0.155, -1.000949), (0.225, -1.000949), (0.225, -0.8980189), (0.155, -0.8980189), (0.155, -1.000949), (-1.000949, 0.225), (-0.8980189, 0.155), (-0.8980189, 0.225), (-1.000949, 0.225), (-1.000949, 0.155), (-0.8980189, 0.155), (-0.8980189, 0.225), (-0.7864405, 0.155), (-0.7864405, 0.225), (-0.8980189, 0.225), (-0.8980189, 0.155), (-0.7864405, 0.155), (-0.7864405, 0.225), (-0.6672883, 0.155), (-0.6672883, 0.225), (-0.7864405, 0.225), (-0.7864405, 0.155), (-0.6672883, 0.155), (-0.6672883, 0.225), (-0.5417097, 0.155), (-0.5417097, 0.225), (-0.6672883, 0.225), (-0.6672883, 0.155), (-0.5417097, 0.155), (-0.5417097, 0.225), (-0.4109141, 0.155), (-0.4109141, 0.225), (-0.5417097, 0.225), (-0.5417097, 0.155), (-0.4109141, 0.155), (-0.4109141, 0.225), (-0.2761612, 0.155), (-0.2761612, 0.225), (-0.4109141, 0.225), (-0.4109141, 0.155), (-0.2761612, 0.155), (-0.2761612, 0.225), (-0.1387487, 0.155), (-0.1387487, 0.225), (-0.2761612, 0.225), (-0.2761612, 0.155), (-0.1387487, 0.155), (-0.1387487, 0.225), (-2.600333e-16, 0.155), (-2.600333e-16, 0.225), (-0.1387487, 0.225), (-0.1387487, 0.155), (-2.600333e-16, 0.155), (-2.600333e-16, 0.225), (0.1387487, 0.155), (0.1387487, 0.225), (-2.600333e-16, 0.225), (-2.600333e-16, 0.155), (0.1387487, 0.155), (0.1387487, 0.225), (0.2761612, 0.155), (0.2761612, 0.225), (0.1387487, 0.225), (0.1387487, 0.155), (0.2761612, 0.155), (0.2761612, 0.225), (0.4109141, 0.155), (0.4109141, 0.225), (0.2761612, 0.225), (0.2761612, 0.155), (0.4109141, 0.155), (0.4109141, 0.225), (0.5417097, 0.155), (0.5417097, 0.225), (0.4109141, 0.225), (0.4109141, 0.155), (0.5417097, 0.155), (0.5417097, 0.225), (0.6672883, 0.155), (0.6672883, 0.225), (0.5417097, 0.225), (0.5417097, 0.155), (0.6672883, 0.155), (0.6672883, 0.225), (0.7864405, 0.155), (0.7864405, 0.225), (0.6672883, 0.225), (0.6672883, 0.155), (0.7864405, 0.155), (0.7864405, 0.225), (0.8980189, 0.155), (0.8980189, 0.225), (0.7864405, 0.225), (0.7864405, 0.155), (0.8980189, 0.155), (0.8980189, 0.225), (1.000949, 0.155), (1.000949, 0.225), (0.8980189, 0.225), (0.8980189, 0.155), (1.000949, 0.155), (0.225, -1.000949), (0.155, -0.8980189), (0.225, -0.8980189), (0.225, -1.000949), (0.155, -1.000949), (0.155, -0.8980189), (0.225, -0.8980189), (0.155, -0.7864405), (0.225, -0.7864405), (0.225, -0.8980189), (0.155, -0.8980189), (0.155, -0.7864405), (0.225, -0.7864405), (0.155, -0.6672883), (0.225, -0.6672883), (0.225, -0.7864405), (0.155, -0.7864405), (0.155, -0.6672883), (0.225, -0.6672883), (0.155, -0.5417097), (0.225, -0.5417097), (0.225, -0.6672883), (0.155, -0.6672883), (0.155, -0.5417097), (0.225, -0.5417097), (0.155, -0.4109141), (0.225, -0.4109141), (0.225, -0.5417097), (0.155, -0.5417097), (0.155, -0.4109141), (0.225, -0.4109141), (0.155, -0.2761612), (0.225, -0.2761612), (0.225, -0.4109141), (0.155, -0.4109141), (0.155, -0.2761612), (0.225, -0.2761612), (0.155, -0.1387487), (0.225, -0.1387487), (0.225, -0.2761612), (0.155, -0.2761612), (0.155, -0.1387487), (0.225, -0.1387487), (0.155, 0), (0.225, 0), (0.225, -0.1387487), (0.155, -0.1387487), (0.155, 0)] (interpolation = "faceVarying")
        }
        def Mesh "Radome_01" (prepend apiSchemas = ["MaterialBindingAPI"])
        {
            uniform token subdivisionScheme = "none"
            uniform token orientation = "rightHanded"
            bool doubleSided = false
            point3f[] points = [(0, 0.000495, -0.01372), (-0.001195777, 0.000495, -0.01366779), (-0.002382453, 0.000495, -0.01351156), (-0.003550997, 0.000495, -0.0132525), (-0.004692516, 0.000495, -0.01289258), (-0.005798323, 0.000495, -0.01243454), (-0.00686, 0.000495, -0.01188187), (-0.007869469, 0.000495, -0.01123877), (-0.008819046, 0.000495, -0.01051013), (-0.009701505, 0.000495, -0.009701505), (-0.01051013, 0.000495, -0.008819046), (-0.01123877, 0.000495, -0.007869469), (-0.01188187, 0.000495, -0.00686), (-0.01243454, 0.000495, -0.005798323), (-0.01289258, 0.000495, -0.004692516), (-0.0132525, 0.000495, -0.003550997), (-0.01351156, 0.000495, -0.002382453), (-0.01366779, 0.000495, -0.001195777), (-0.01372, 0.000495, -8.401077e-19), (-0.01366779, 0.000495, 0.001195777), (-0.01351156, 0.000495, 0.002382453), (-0.0132525, 0.000495, 0.003550997), (-0.01289258, 0.000495, 0.004692516), (-0.01243454, 0.000495, 0.005798323), (-0.01188187, 0.000495, 0.00686), (-0.01123877, 0.000495, 0.007869469), (-0.01051013, 0.000495, 0.008819046), (-0.009701505, 0.000495, 0.009701505), (-0.008819046, 0.000495, 0.01051013), (-0.007869469, 0.000495, 0.01123877), (-0.00686, 0.000495, 0.01188187), (-0.005798323, 0.000495, 0.01243454), (-0.004692516, 0.000495, 0.01289258), (-0.003550997, 0.000495, 0.0132525), (-0.002382453, 0.000495, 0.01351156), (-0.001195777, 0.000495, 0.01366779), (-1.680215e-18, 0.000495, 0.01372), (0.001195777, 0.000495, 0.01366779), (0.002382453, 0.000495, 0.01351156), (0.003550997, 0.000495, 0.0132525), (0.004692516, 0.000495, 0.01289258), (0.005798323, 0.000495, 0.01243454), (0.00686, 0.000495, 0.01188187), (0.007869469, 0.000495, 0.01123877), (0.008819046, 0.000495, 0.01051013), (0.009701505, 0.000495, 0.009701505), (0.01051013, 0.000495, 0.008819046), (0.01123877, 0.000495, 0.007869469), (0.01188187, 0.000495, 0.00686), (0.01243454, 0.000495, 0.005798323), (0.01289258, 0.000495, 0.004692516), (0.0132525, 0.000495, 0.003550997), (0.01351156, 0.000495, 0.002382453), (0.01366779, 0.000495, 0.001195777), (0.01372, 0.000495, 2.520323e-18), (0.01366779, 0.000495, -0.001195777), (0.01351156, 0.000495, -0.002382453), (0.0132525, 0.000495, -0.003550997), (0.01289258, 0.000495, -0.004692516), (0.01243454, 0.000495, -0.005798323), (0.01188187, 0.000495, -0.00686), (0.01123877, 0.000495, -0.007869469), (0.01051013, 0.000495, -0.008819046), (0.009701505, 0.000495, -0.009701505), (0.008819046, 0.000495, -0.01051013), (0.007869469, 0.000495, -0.01123877), (0.00686, 0.000495, -0.01188187), (0.005798323, 0.000495, -0.01243454), (0.004692516, 0.000495, -0.01289258), (0.003550997, 0.000495, -0.0132525), (0.002382453, 0.000495, -0.01351156), (0.001195777, 0.000495, -0.01366779), (0, 0.004365, -0.01372), (-0.001195777, 0.004365, -0.01366779), (-0.002382453, 0.004365, -0.01351156), (-0.003550997, 0.004365, -0.0132525), (-0.004692516, 0.004365, -0.01289258), (-0.005798323, 0.004365, -0.01243454), (-0.00686, 0.004365, -0.01188187), (-0.007869469, 0.004365, -0.01123877), (-0.008819046, 0.004365, -0.01051013), (-0.009701505, 0.004365, -0.009701505), (-0.01051013, 0.004365, -0.008819046), (-0.01123877, 0.004365, -0.007869469), (-0.01188187, 0.004365, -0.00686), (-0.01243454, 0.004365, -0.005798323), (-0.01289258, 0.004365, -0.004692516), (-0.0132525, 0.004365, -0.003550997), (-0.01351156, 0.004365, -0.002382453), (-0.01366779, 0.004365, -0.001195777), (-0.01372, 0.004365, -8.401077e-19), (-0.01366779, 0.004365, 0.001195777), (-0.01351156, 0.004365, 0.002382453), (-0.0132525, 0.004365, 0.003550997), (-0.01289258, 0.004365, 0.004692516), (-0.01243454, 0.004365, 0.005798323), (-0.01188187, 0.004365, 0.00686), (-0.01123877, 0.004365, 0.007869469), (-0.01051013, 0.004365, 0.008819046), (-0.009701505, 0.004365, 0.009701505), (-0.008819046, 0.004365, 0.01051013), (-0.007869469, 0.004365, 0.01123877), (-0.00686, 0.004365, 0.01188187), (-0.005798323, 0.004365, 0.01243454), (-0.004692516, 0.004365, 0.01289258), (-0.003550997, 0.004365, 0.0132525), (-0.002382453, 0.004365, 0.01351156), (-0.001195777, 0.004365, 0.01366779), (-1.680215e-18, 0.004365, 0.01372), (0.001195777, 0.004365, 0.01366779), (0.002382453, 0.004365, 0.01351156), (0.003550997, 0.004365, 0.0132525), (0.004692516, 0.004365, 0.01289258), (0.005798323, 0.004365, 0.01243454), (0.00686, 0.004365, 0.01188187), (0.007869469, 0.004365, 0.01123877), (0.008819046, 0.004365, 0.01051013), (0.009701505, 0.004365, 0.009701505), (0.01051013, 0.004365, 0.008819046), (0.01123877, 0.004365, 0.007869469), (0.01188187, 0.004365, 0.00686), (0.01243454, 0.004365, 0.005798323), (0.01289258, 0.004365, 0.004692516), (0.0132525, 0.004365, 0.003550997), (0.01351156, 0.004365, 0.002382453), (0.01366779, 0.004365, 0.001195777), (0.01372, 0.004365, 2.520323e-18), (0.01366779, 0.004365, -0.001195777), (0.01351156, 0.004365, -0.002382453), (0.0132525, 0.004365, -0.003550997), (0.01289258, 0.004365, -0.004692516), (0.01243454, 0.004365, -0.005798323), (0.01188187, 0.004365, -0.00686), (0.01123877, 0.004365, -0.007869469), (0.01051013, 0.004365, -0.008819046), (0.009701505, 0.004365, -0.009701505), (0.008819046, 0.004365, -0.01051013), (0.007869469, 0.004365, -0.01123877), (0.00686, 0.004365, -0.01188187), (0.005798323, 0.004365, -0.01243454), (0.004692516, 0.004365, -0.01289258), (0.003550997, 0.004365, -0.0132525), (0.002382453, 0.004365, -0.01351156), (0.001195777, 0.004365, -0.01366779), (0, 0.000495, -0.01372), (-0.001195777, 0.000495, -0.01366779), (-0.002382453, 0.000495, -0.01351156), (-0.003550997, 0.000495, -0.0132525), (-0.004692516, 0.000495, -0.01289258), (-0.005798323, 0.000495, -0.01243454), (-0.00686, 0.000495, -0.01188187), (-0.007869469, 0.000495, -0.01123877), (-0.008819046, 0.000495, -0.01051013), (-0.009701505, 0.000495, -0.009701505), (-0.01051013, 0.000495, -0.008819046), (-0.01123877, 0.000495, -0.007869469), (-0.01188187, 0.000495, -0.00686), (-0.01243454, 0.000495, -0.005798323), (-0.01289258, 0.000495, -0.004692516), (-0.0132525, 0.000495, -0.003550997), (-0.01351156, 0.000495, -0.002382453), (-0.01366779, 0.000495, -0.001195777), (-0.01372, 0.000495, -8.401077e-19), (-0.01366779, 0.000495, 0.001195777), (-0.01351156, 0.000495, 0.002382453), (-0.0132525, 0.000495, 0.003550997), (-0.01289258, 0.000495, 0.004692516), (-0.01243454, 0.000495, 0.005798323), (-0.01188187, 0.000495, 0.00686), (-0.01123877, 0.000495, 0.007869469), (-0.01051013, 0.000495, 0.008819046), (-0.009701505, 0.000495, 0.009701505), (-0.008819046, 0.000495, 0.01051013), (-0.007869469, 0.000495, 0.01123877), (-0.00686, 0.000495, 0.01188187), (-0.005798323, 0.000495, 0.01243454), (-0.004692516, 0.000495, 0.01289258), (-0.003550997, 0.000495, 0.0132525), (-0.002382453, 0.000495, 0.01351156), (-0.001195777, 0.000495, 0.01366779), (-1.680215e-18, 0.000495, 0.01372), (0.001195777, 0.000495, 0.01366779), (0.002382453, 0.000495, 0.01351156), (0.003550997, 0.000495, 0.0132525), (0.004692516, 0.000495, 0.01289258), (0.005798323, 0.000495, 0.01243454), (0.00686, 0.000495, 0.01188187), (0.007869469, 0.000495, 0.01123877), (0.008819046, 0.000495, 0.01051013), (0.009701505, 0.000495, 0.009701505), (0.01051013, 0.000495, 0.008819046), (0.01123877, 0.000495, 0.007869469), (0.01188187, 0.000495, 0.00686), (0.01243454, 0.000495, 0.005798323), (0.01289258, 0.000495, 0.004692516), (0.0132525, 0.000495, 0.003550997), (0.01351156, 0.000495, 0.002382453), (0.01366779, 0.000495, 0.001195777), (0.01372, 0.000495, 2.520323e-18), (0.01366779, 0.000495, -0.001195777), (0.01351156, 0.000495, -0.002382453), (0.0132525, 0.000495, -0.003550997), (0.01289258, 0.000495, -0.004692516), (0.01243454, 0.000495, -0.005798323), (0.01188187, 0.000495, -0.00686), (0.01123877, 0.000495, -0.007869469), (0.01051013, 0.000495, -0.008819046), (0.009701505, 0.000495, -0.009701505), (0.008819046, 0.000495, -0.01051013), (0.007869469, 0.000495, -0.01123877), (0.00686, 0.000495, -0.01188187), (0.005798323, 0.000495, -0.01243454), (0.004692516, 0.000495, -0.01289258), (0.003550997, 0.000495, -0.0132525), (0.002382453, 0.000495, -0.01351156), (0.001195777, 0.000495, -0.01366779), (0, 0.004365, -0.01372), (-0.001195777, 0.004365, -0.01366779), (-0.002382453, 0.004365, -0.01351156), (-0.003550997, 0.004365, -0.0132525), (-0.004692516, 0.004365, -0.01289258), (-0.005798323, 0.004365, -0.01243454), (-0.00686, 0.004365, -0.01188187), (-0.007869469, 0.004365, -0.01123877), (-0.008819046, 0.004365, -0.01051013), (-0.009701505, 0.004365, -0.009701505), (-0.01051013, 0.004365, -0.008819046), (-0.01123877, 0.004365, -0.007869469), (-0.01188187, 0.004365, -0.00686), (-0.01243454, 0.004365, -0.005798323), (-0.01289258, 0.004365, -0.004692516), (-0.0132525, 0.004365, -0.003550997), (-0.01351156, 0.004365, -0.002382453), (-0.01366779, 0.004365, -0.001195777), (-0.01372, 0.004365, -8.401077e-19), (-0.01366779, 0.004365, 0.001195777), (-0.01351156, 0.004365, 0.002382453), (-0.0132525, 0.004365, 0.003550997), (-0.01289258, 0.004365, 0.004692516), (-0.01243454, 0.004365, 0.005798323), (-0.01188187, 0.004365, 0.00686), (-0.01123877, 0.004365, 0.007869469), (-0.01051013, 0.004365, 0.008819046), (-0.009701505, 0.004365, 0.009701505), (-0.008819046, 0.004365, 0.01051013), (-0.007869469, 0.004365, 0.01123877), (-0.00686, 0.004365, 0.01188187), (-0.005798323, 0.004365, 0.01243454), (-0.004692516, 0.004365, 0.01289258), (-0.003550997, 0.004365, 0.0132525), (-0.002382453, 0.004365, 0.01351156), (-0.001195777, 0.004365, 0.01366779), (-1.680215e-18, 0.004365, 0.01372), (0.001195777, 0.004365, 0.01366779), (0.002382453, 0.004365, 0.01351156), (0.003550997, 0.004365, 0.0132525), (0.004692516, 0.004365, 0.01289258), (0.005798323, 0.004365, 0.01243454), (0.00686, 0.004365, 0.01188187), (0.007869469, 0.004365, 0.01123877), (0.008819046, 0.004365, 0.01051013), (0.009701505, 0.004365, 0.009701505), (0.01051013, 0.004365, 0.008819046), (0.01123877, 0.004365, 0.007869469), (0.01188187, 0.004365, 0.00686), (0.01243454, 0.004365, 0.005798323), (0.01289258, 0.004365, 0.004692516), (0.0132525, 0.004365, 0.003550997), (0.01351156, 0.004365, 0.002382453), (0.01366779, 0.004365, 0.001195777), (0.01372, 0.004365, 2.520323e-18), (0.01366779, 0.004365, -0.001195777), (0.01351156, 0.004365, -0.002382453), (0.0132525, 0.004365, -0.003550997), (0.01289258, 0.004365, -0.004692516), (0.01243454, 0.004365, -0.005798323), (0.01188187, 0.004365, -0.00686), (0.01123877, 0.004365, -0.007869469), (0.01051013, 0.004365, -0.008819046), (0.009701505, 0.004365, -0.009701505), (0.008819046, 0.004365, -0.01051013), (0.007869469, 0.004365, -0.01123877), (0.00686, 0.004365, -0.01188187), (0.005798323, 0.004365, -0.01243454), (0.004692516, 0.004365, -0.01289258), (0.003550997, 0.004365, -0.0132525), (0.002382453, 0.004365, -0.01351156), (0.001195777, 0.004365, -0.01366779)]
            int[] faceVertexCounts = [3, 3, 3, 3, 3, 3, 3, 3, 3, 3, 3, 3, 3, 3, 3, 3, 3, 3, 3, 3, 3, 3, 3, 3, 3, 3, 3, 3, 3, 3, 3, 3, 3, 3, 3, 3, 3, 3, 3, 3, 3, 3, 3, 3, 3, 3, 3, 3, 3, 3, 3, 3, 3, 3, 3, 3, 3, 3, 3, 3, 3, 3, 3, 3, 3, 3, 3, 3, 3, 3, 3, 3, 3, 3, 3, 3, 3, 3, 3, 3, 3, 3, 3, 3, 3, 3, 3, 3, 3, 3, 3, 3, 3, 3, 3, 3, 3, 3, 3, 3, 3, 3, 3, 3, 3, 3, 3, 3, 3, 3, 3, 3, 3, 3, 3, 3, 3, 3, 3, 3, 3, 3, 3, 3, 3, 3, 3, 3, 3, 3, 3, 3, 3, 3, 3, 3, 3, 3, 3, 3, 3, 3, 3, 3, 3, 3, 3, 3, 3, 3, 3, 3, 3, 3, 3, 3, 3, 3, 3, 3, 3, 3, 3, 3, 3, 3, 3, 3, 3, 3, 3, 3, 3, 3, 3, 3, 3, 3, 3, 3, 3, 3, 3, 3, 3, 3, 3, 3, 3, 3, 3, 3, 3, 3, 3, 3, 3, 3, 3, 3, 3, 3, 3, 3, 3, 3, 3, 3, 3, 3, 3, 3, 3, 3, 3, 3, 3, 3, 3, 3, 3, 3, 3, 3, 3, 3, 3, 3, 3, 3, 3, 3, 3, 3, 3, 3, 3, 3, 3, 3, 3, 3, 3, 3, 3, 3, 3, 3, 3, 3, 3, 3, 3, 3, 3, 3, 3, 3, 3, 3, 3, 3, 3, 3, 3, 3, 3, 3, 3, 3, 3, 3, 3, 3, 3, 3, 3, 3, 3, 3, 3, 3, 3, 3]
            int[] faceVertexIndices = [215, 214, 213, 215, 213, 212, 215, 212, 211, 215, 211, 210, 215, 210, 209, 215, 209, 208, 215, 208, 207, 215, 207, 206, 215, 206, 205, 215, 205, 204, 215, 204, 203, 215, 203, 202, 215, 202, 201, 215, 201, 200, 215, 200, 199, 215, 199, 198, 215, 198, 197, 215, 197, 196, 215, 196, 195, 215, 195, 194, 215, 194, 193, 215, 193, 192, 215, 192, 191, 215, 191, 190, 215, 190, 189, 215, 189, 188, 215, 188, 187, 215, 187, 186, 215, 186, 185, 215, 185, 184, 215, 184, 183, 215, 183, 182, 215, 182, 181, 215, 181, 180, 215, 180, 179, 215, 179, 178, 215, 178, 177, 215, 177, 176, 215, 176, 175, 215, 175, 174, 215, 174, 173, 215, 173, 172, 215, 172, 171, 215, 171, 170, 215, 170, 169, 215, 169, 168, 215, 168, 167, 215, 167, 166, 215, 166, 165, 215, 165, 164, 215, 164, 163, 215, 163, 162, 215, 162, 161, 215, 161, 160, 215, 160, 159, 215, 159, 158, 215, 158, 157, 215, 157, 156, 215, 156, 155, 215, 155, 154, 215, 154, 153, 215, 153, 152, 215, 152, 151, 215, 151, 150, 215, 150, 149, 215, 149, 148, 215, 148, 147, 215, 147, 146, 215, 146, 145, 215, 145, 144, 216, 217, 218, 216, 218, 219, 216, 219, 220, 216, 220, 221, 216, 221, 222, 216, 222, 223, 216, 223, 224, 216, 224, 225, 216, 225, 226, 216, 226, 227, 216, 227, 228, 216, 228, 229, 216, 229, 230, 216, 230, 231, 216, 231, 232, 216, 232, 233, 216, 233, 234, 216, 234, 235, 216, 235, 236, 216, 236, 237, 216, 237, 238, 216, 238, 239, 216, 239, 240, 216, 240, 241, 216, 241, 242, 216, 242, 243, 216, 243, 244, 216, 244, 245, 216, 245, 246, 216, 246, 247, 216, 247, 248, 216, 248, 249, 216, 249, 250, 216, 250, 251, 216, 251, 252, 216, 252, 253, 216, 253, 254, 216, 254, 255, 216, 255, 256, 216, 256, 257, 216, 257, 258, 216, 258, 259, 216, 259, 260, 216, 260, 261, 216, 261, 262, 216, 262, 263, 216, 263, 264, 216, 264, 265, 216, 265, 266, 216, 266, 267, 216, 267, 268, 216, 268, 269, 216, 269, 270, 216, 270, 271, 216, 271, 272, 216, 272, 273, 216, 273, 274, 216, 274, 275, 216, 275, 276, 216, 276, 277, 216, 277, 278, 216, 278, 279, 216, 279, 280, 216, 280, 281, 216, 281, 282, 216, 282, 283, 216, 283, 284, 216, 284, 285, 216, 285, 286, 216, 286, 287, 0, 1, 73, 0, 73, 72, 1, 2, 74, 1, 74, 73, 2, 3, 75, 2, 75, 74, 3, 4, 76, 3, 76, 75, 4, 5, 77, 4, 77, 76, 5, 6, 78, 5, 78, 77, 6, 7, 79, 6, 79, 78, 7, 8, 80, 7, 80, 79, 8, 9, 81, 8, 81, 80, 9, 10, 82, 9, 82, 81, 10, 11, 83, 10, 83, 82, 11, 12, 84, 11, 84, 83, 12, 13, 85, 12, 85, 84, 13, 14, 86, 13, 86, 85, 14, 15, 87, 14, 87, 86, 15, 16, 88, 15, 88, 87, 16, 17, 89, 16, 89, 88, 17, 18, 90, 17, 90, 89, 18, 19, 91, 18, 91, 90, 19, 20, 92, 19, 92, 91, 20, 21, 93, 20, 93, 92, 21, 22, 94, 21, 94, 93, 22, 23, 95, 22, 95, 94, 23, 24, 96, 23, 96, 95, 24, 25, 97, 24, 97, 96, 25, 26, 98, 25, 98, 97, 26, 27, 99, 26, 99, 98, 27, 28, 100, 27, 100, 99, 28, 29, 101, 28, 101, 100, 29, 30, 102, 29, 102, 101, 30, 31, 103, 30, 103, 102, 31, 32, 104, 31, 104, 103, 32, 33, 105, 32, 105, 104, 33, 34, 106, 33, 106, 105, 34, 35, 107, 34, 107, 106, 35, 36, 108, 35, 108, 107, 36, 37, 109, 36, 109, 108, 37, 38, 110, 37, 110, 109, 38, 39, 111, 38, 111, 110, 39, 40, 112, 39, 112, 111, 40, 41, 113, 40, 113, 112, 41, 42, 114, 41, 114, 113, 42, 43, 115, 42, 115, 114, 43, 44, 116, 43, 116, 115, 44, 45, 117, 44, 117, 116, 45, 46, 118, 45, 118, 117, 46, 47, 119, 46, 119, 118, 47, 48, 120, 47, 120, 119, 48, 49, 121, 48, 121, 120, 49, 50, 122, 49, 122, 121, 50, 51, 123, 50, 123, 122, 51, 52, 124, 51, 124, 123, 52, 53, 125, 52, 125, 124, 53, 54, 126, 53, 126, 125, 54, 55, 127, 54, 127, 126, 55, 56, 128, 55, 128, 127, 56, 57, 129, 56, 129, 128, 57, 58, 130, 57, 130, 129, 58, 59, 131, 58, 131, 130, 59, 60, 132, 59, 132, 131, 60, 61, 133, 60, 133, 132, 61, 62, 134, 61, 134, 133, 62, 63, 135, 62, 135, 134, 63, 64, 136, 63, 136, 135, 64, 65, 137, 64, 137, 136, 65, 66, 138, 65, 138, 137, 66, 67, 139, 66, 139, 138, 67, 68, 140, 67, 140, 139, 68, 69, 141, 68, 141, 140, 69, 70, 142, 69, 142, 141, 70, 71, 143, 70, 143, 142, 71, 0, 72, 71, 72, 143]
            normal3f[] normals = [(-0.01455211, 0, -0.9998941), (-0.1016432, 0, -0.9948209), (-0.1879608, 0, -0.9821765), (-0.2728479, 0, -0.9620572), (-0.3556584, 0, -0.934616), (-0.4357622, 0, -0.9000618), (-0.5125496, 0, -0.8586576), (-0.5854361, 0, -0.8107186), (-0.6538671, 0, -0.7566094), (-0.7173218, 0, -0.696742), (-0.7753172, 0, -0.631572), (-0.8274121, 0, -0.5615953), (-0.8732098, 0, -0.4873446), (-0.9123618, 0, -0.4093848), (-0.9445702, 0, -0.3283094), (-0.9695899, 0, -0.2447354), (-0.9872304, 0, -0.1592988), (-0.9973575, 0, -0.07264978), (-0.9998941, 0, 0.01455211), (-0.9948209, 0, 0.1016432), (-0.9821765, 0, 0.1879608), (-0.9620572, 0, 0.2728479), (-0.934616, 0, 0.3556584), (-0.9000618, 0, 0.4357622), (-0.8586576, 0, 0.5125496), (-0.8107186, 0, 0.5854361), (-0.7566094, 0, 0.6538671), (-0.696742, 0, 0.7173218), (-0.631572, 0, 0.7753172), (-0.5615953, 0, 0.8274121), (-0.4873446, 0, 0.8732098), (-0.4093848, 0, 0.9123618), (-0.3283094, 0, 0.9445702), (-0.2447354, 0, 0.9695899), (-0.1592988, 0, 0.9872304), (-0.07264978, 0, 0.9973575), (0.01455211, 0, 0.9998941), (0.1016432, 0, 0.9948209), (0.1879608, 0, 0.9821765), (0.2728479, 0, 0.9620572), (0.3556584, 0, 0.934616), (0.4357622, 0, 0.9000618), (0.5125496, 0, 0.8586576), (0.5854361, 0, 0.8107186), (0.6538671, 0, 0.7566094), (0.7173218, 0, 0.696742), (0.7753172, 0, 0.631572), (0.8274121, 0, 0.5615953), (0.8732098, 0, 0.4873446), (0.9123618, 0, 0.4093848), (0.9445702, 0, 0.3283094), (0.9695899, 0, 0.2447354), (0.9872304, 0, 0.1592988), (0.9973575, 0, 0.07264978), (0.9998941, 0, -0.01455211), (0.9948209, 0, -0.1016432), (0.9821765, 0, -0.1879608), (0.9620572, 0, -0.2728479), (0.934616, 0, -0.3556584), (0.9000618, 0, -0.4357622), (0.8586576, 0, -0.5125496), (0.8107186, 0, -0.5854361), (0.7566094, 0, -0.6538671), (0.696742, 0, -0.7173218), (0.631572, 0, -0.7753172), (0.5615953, 0, -0.8274121), (0.4873446, 0, -0.8732098), (0.4093848, 0, -0.9123618), (0.3283094, 0, -0.9445702), (0.2447354, 0, -0.9695899), (0.1592988, 0, -0.9872304), (0.07264978, 0, -0.9973575), (0.01455211, 0, -0.9998941), (-0.07264978, 0, -0.9973575), (-0.1592988, 0, -0.9872304), (-0.2447354, 0, -0.9695899), (-0.3283094, 0, -0.9445702), (-0.4093848, 0, -0.9123618), (-0.4873446, 0, -0.8732098), (-0.5615953, 0, -0.8274121), (-0.631572, 0, -0.7753172), (-0.696742, 0, -0.7173218), (-0.7566094, 0, -0.6538671), (-0.8107186, 0, -0.5854361), (-0.8586576, 0, -0.5125496), (-0.9000618, 0, -0.4357622), (-0.934616, 0, -0.3556584), (-0.9620572, 0, -0.2728479), (-0.9821765, 0, -0.1879608), (-0.9948209, 0, -0.1016432), (-0.9998941, 0, -0.01455211), (-0.9973575, 0, 0.07264978), (-0.9872304, 0, 0.1592988), (-0.9695899, 0, 0.2447354), (-0.9445702, 0, 0.3283094), (-0.9123618, 0, 0.4093848), (-0.8732098, 0, 0.4873446), (-0.8274121, 0, 0.5615953), (-0.7753172, 0, 0.631572), (-0.7173218, 0, 0.696742), (-0.6538671, 0, 0.7566094), (-0.5854361, 0, 0.8107186), (-0.5125496, 0, 0.8586576), (-0.4357622, 0, 0.9000618), (-0.3556584, 0, 0.934616), (-0.2728479, 0, 0.9620572), (-0.1879608, 0, 0.9821765), (-0.1016432, 0, 0.9948209), (-0.01455211, 0, 0.9998941), (0.07264978, 0, 0.9973575), (0.1592988, 0, 0.9872304), (0.2447354, 0, 0.9695899), (0.3283094, 0, 0.9445702), (0.4093848, 0, 0.9123618), (0.4873446, 0, 0.8732098), (0.5615953, 0, 0.8274121), (0.631572, 0, 0.7753172), (0.696742, 0, 0.7173218), (0.7566094, 0, 0.6538671), (0.8107186, 0, 0.5854361), (0.8586576, 0, 0.5125496), (0.9000618, 0, 0.4357622), (0.934616, 0, 0.3556584), (0.9620572, 0, 0.2728479), (0.9821765, 0, 0.1879608), (0.9948209, 0, 0.1016432), (0.9998941, 0, 0.01455211), (0.9973575, 0, -0.07264978), (0.9872304, 0, -0.1592988), (0.9695899, 0, -0.2447354), (0.9445702, 0, -0.3283094), (0.9123618, 0, -0.4093848), (0.8732098, 0, -0.4873446), (0.8274121, 0, -0.5615953), (0.7753172, 0, -0.631572), (0.7173218, 0, -0.696742), (0.6538671, 0, -0.7566094), (0.5854361, 0, -0.8107186), (0.5125496, 0, -0.8586576), (0.4357622, 0, -0.9000618), (0.3556584, 0, -0.934616), (0.2728479, 0, -0.9620572), (0.1879608, 0, -0.9821765), (0.1016432, 0, -0.9948209), (0, -1, 0), (0, -1, 0), (0, -1, 0), (0, -1, 0), (0, -1, 0), (0, -1, 0), (0, -1, 0), (0, -1, 0), (0, -1, 0), (0, -1, 0), (0, -1, 0), (0, -1, 0), (0, -1, 0), (0, -1, 0), (0, -1, 0), (0, -1, 0), (0, -1, 0), (0, -1, 0), (0, -1, 0), (0, -1, 0), (0, -1, 0), (0, -1, 0), (0, -1, 0), (0, -1, 0), (0, -1, 0), (0, -1, 0), (0, -1, 0), (0, -1, 0), (0, -1, 0), (0, -1, 0), (0, -1, 0), (0, -1, 0), (0, -1, 0), (0, -1, 0), (0, -1, 0), (0, -1, 0), (0, -1, 0), (0, -1, 0), (0, -1, 0), (0, -1, 0), (0, -1, 0), (0, -1, 0), (0, -1, 0), (0, -1, 0), (0, -1, 0), (0, -1, 0), (0, -1, 0), (0, -1, 0), (0, -1, 0), (0, -1, 0), (0, -1, 0), (0, -1, 0), (0, -1, 0), (0, -1, 0), (0, -1, 0), (0, -1, 0), (0, -1, 0), (0, -1, 0), (0, -1, 0), (0, -1, 0), (0, -1, 0), (0, -1, 0), (0, -1, 0), (0, -1, 0), (0, -1, 0), (0, -1, 0), (0, -1, 0), (0, -1, 0), (0, -1, 0), (0, -1, 0), (0, -1, 0), (0, -1, 0), (0, 1, 0), (0, 1, 0), (0, 1, 0), (0, 1, 0), (0, 1, 0), (0, 1, 0), (0, 1, 0), (0, 1, 0), (0, 1, 0), (0, 1, 0), (0, 1, 0), (0, 1, 0), (0, 1, 0), (0, 1, 0), (0, 1, 0), (0, 1, 0), (0, 1, 0), (0, 1, 0), (0, 1, 0), (0, 1, 0), (0, 1, 0), (0, 1, 0), (0, 1, 0), (0, 1, 0), (0, 1, 0), (0, 1, 0), (0, 1, 0), (0, 1, 0), (0, 1, 0), (0, 1, 0), (0, 1, 0), (0, 1, 0), (0, 1, 0), (0, 1, 0), (0, 1, 0), (0, 1, 0), (0, 1, 0), (0, 1, 0), (0, 1, 0), (0, 1, 0), (0, 1, 0), (0, 1, 0), (0, 1, 0), (0, 1, 0), (0, 1, 0), (0, 1, 0), (0, 1, 0), (0, 1, 0), (0, 1, 0), (0, 1, 0), (0, 1, 0), (0, 1, 0), (0, 1, 0), (0, 1, 0), (0, 1, 0), (0, 1, 0), (0, 1, 0), (0, 1, 0), (0, 1, 0), (0, 1, 0), (0, 1, 0), (0, 1, 0), (0, 1, 0), (0, 1, 0), (0, 1, 0), (0, 1, 0), (0, 1, 0), (0, 1, 0), (0, 1, 0), (0, 1, 0), (0, 1, 0), (0, 1, 0)] (interpolation = "vertex")
            float3[] extent = [(-0.01372, 0.000495, -0.01372), (0.01372, 0.004365, 0.01372)]
            rel material:binding = </WorkbenchPart/Materials/white>
            texCoord2f[] primvars:st = [(0.1328641, -1.518643), (0.264717, -1.501285), (0.3945553, -1.4725), (0.1328641, -1.518643), (0.3945553, -1.4725), (0.5213907, -1.432509), (0.1328641, -1.518643), (0.5213907, -1.432509), (0.6442581, -1.381616), (0.1328641, -1.518643), (0.6442581, -1.381616), (0.7622222, -1.320208), (0.1328641, -1.518643), (0.7622222, -1.320208), (0.8743854, -1.248752), (0.1328641, -1.518643), (0.8743854, -1.248752), (0.979894, -1.167792), (0.1328641, -1.518643), (0.979894, -1.167792), (1.077945, -1.077945), (0.1328641, -1.518643), (1.077945, -1.077945), (1.167792, -0.979894), (0.1328641, -1.518643), (1.167792, -0.979894), (1.248752, -0.8743854), (0.1328641, -1.518643), (1.248752, -0.8743854), (1.320208, -0.7622222), (0.1328641, -1.518643), (1.320208, -0.7622222), (1.381616, -0.6442581), (0.1328641, -1.518643), (1.381616, -0.6442581), (1.432509, -0.5213907), (0.1328641, -1.518643), (1.432509, -0.5213907), (1.4725, -0.3945553), (0.1328641, -1.518643), (1.4725, -0.3945553), (1.501285, -0.264717), (0.1328641, -1.518643), (1.501285, -0.264717), (1.518643, -0.1328641), (0.1328641, -1.518643), (1.518643, -0.1328641), (1.524444, 2.800359e-16), (0.1328641, -1.518643), (1.524444, 2.800359e-16), (1.518643, 0.1328641), (0.1328641, -1.518643), (1.518643, 0.1328641), (1.501285, 0.264717), (0.1328641, -1.518643), (1.501285, 0.264717), (1.4725, 0.3945553), (0.1328641, -1.518643), (1.4725, 0.3945553), (1.432509, 0.5213907), (0.1328641, -1.518643), (1.432509, 0.5213907), (1.381616, 0.6442581), (0.1328641, -1.518643), (1.381616, 0.6442581), (1.320208, 0.7622222), (0.1328641, -1.518643), (1.320208, 0.7622222), (1.248752, 0.8743854), (0.1328641, -1.518643), (1.248752, 0.8743854), (1.167792, 0.979894), (0.1328641, -1.518643), (1.167792, 0.979894), (1.077945, 1.077945), (0.1328641, -1.518643), (1.077945, 1.077945), (0.979894, 1.167792), (0.1328641, -1.518643), (0.979894, 1.167792), (0.8743854, 1.248752), (0.1328641, -1.518643), (0.8743854, 1.248752), (0.7622222, 1.320208), (0.1328641, -1.518643), (0.7622222, 1.320208), (0.6442581, 1.381616), (0.1328641, -1.518643), (0.6442581, 1.381616), (0.5213907, 1.432509), (0.1328641, -1.518643), (0.5213907, 1.432509), (0.3945553, 1.4725), (0.1328641, -1.518643), (0.3945553, 1.4725), (0.264717, 1.501285), (0.1328641, -1.518643), (0.264717, 1.501285), (0.1328641, 1.518643), (0.1328641, -1.518643), (0.1328641, 1.518643), (-1.866906e-16, 1.524444), (0.1328641, -1.518643), (-1.866906e-16, 1.524444), (-0.1328641, 1.518643), (0.1328641, -1.518643), (-0.1328641, 1.518643), (-0.264717, 1.501285), (0.1328641, -1.518643), (-0.264717, 1.501285), (-0.3945553, 1.4725), (0.1328641, -1.518643), (-0.3945553, 1.4725), (-0.5213907, 1.432509), (0.1328641, -1.518643), (-0.5213907, 1.432509), (-0.6442581, 1.381616), (0.1328641, -1.518643), (-0.6442581, 1.381616), (-0.7622222, 1.320208), (0.1328641, -1.518643), (-0.7622222, 1.320208), (-0.8743854, 1.248752), (0.1328641, -1.518643), (-0.8743854, 1.248752), (-0.979894, 1.167792), (0.1328641, -1.518643), (-0.979894, 1.167792), (-1.077945, 1.077945), (0.1328641, -1.518643), (-1.077945, 1.077945), (-1.167792, 0.979894), (0.1328641, -1.518643), (-1.167792, 0.979894), (-1.248752, 0.8743854), (0.1328641, -1.518643), (-1.248752, 0.8743854), (-1.320208, 0.7622222), (0.1328641, -1.518643), (-1.320208, 0.7622222), (-1.381616, 0.6442581), (0.1328641, -1.518643), (-1.381616, 0.6442581), (-1.432509, 0.5213907), (0.1328641, -1.518643), (-1.432509, 0.5213907), (-1.4725, 0.3945553), (0.1328641, -1.518643), (-1.4725, 0.3945553), (-1.501285, 0.264717), (0.1328641, -1.518643), (-1.501285, 0.264717), (-1.518643, 0.1328641), (0.1328641, -1.518643), (-1.518643, 0.1328641), (-1.524444, -9.33453e-17), (0.1328641, -1.518643), (-1.524444, -9.33453e-17), (-1.518643, -0.1328641), (0.1328641, -1.518643), (-1.518643, -0.1328641), (-1.501285, -0.264717), (0.1328641, -1.518643), (-1.501285, -0.264717), (-1.4725, -0.3945553), (0.1328641, -1.518643), (-1.4725, -0.3945553), (-1.432509, -0.5213907), (0.1328641, -1.518643), (-1.432509, -0.5213907), (-1.381616, -0.6442581), (0.1328641, -1.518643), (-1.381616, -0.6442581), (-1.320208, -0.7622222), (0.1328641, -1.518643), (-1.320208, -0.7622222), (-1.248752, -0.8743854), (0.1328641, -1.518643), (-1.248752, -0.8743854), (-1.167792, -0.979894), (0.1328641, -1.518643), (-1.167792, -0.979894), (-1.077945, -1.077945), (0.1328641, -1.518643), (-1.077945, -1.077945), (-0.979894, -1.167792), (0.1328641, -1.518643), (-0.979894, -1.167792), (-0.8743854, -1.248752), (0.1328641, -1.518643), (-0.8743854, -1.248752), (-0.7622222, -1.320208), (0.1328641, -1.518643), (-0.7622222, -1.320208), (-0.6442581, -1.381616), (0.1328641, -1.518643), (-0.6442581, -1.381616), (-0.5213907, -1.432509), (0.1328641, -1.518643), (-0.5213907, -1.432509), (-0.3945553, -1.4725), (0.1328641, -1.518643), (-0.3945553, -1.4725), (-0.264717, -1.501285), (0.1328641, -1.518643), (-0.264717, -1.501285), (-0.1328641, -1.518643), (0.1328641, -1.518643), (-0.1328641, -1.518643), (0, -1.524444), (0, -1.524444), (-0.1328641, -1.518643), (-0.264717, -1.501285), (0, -1.524444), (-0.264717, -1.501285), (-0.3945553, -1.4725), (0, -1.524444), (-0.3945553, -1.4725), (-0.5213907, -1.432509), (0, -1.524444), (-0.5213907, -1.432509), (-0.6442581, -1.381616), (0, -1.524444), (-0.6442581, -1.381616), (-0.7622222, -1.320208), (0, -1.524444), (-0.7622222, -1.320208), (-0.8743854, -1.248752), (0, -1.524444), (-0.8743854, -1.248752), (-0.979894, -1.167792), (0, -1.524444), (-0.979894, -1.167792), (-1.077945, -1.077945), (0, -1.524444), (-1.077945, -1.077945), (-1.167792, -0.979894), (0, -1.524444), (-1.167792, -0.979894), (-1.248752, -0.8743854), (0, -1.524444), (-1.248752, -0.8743854), (-1.320208, -0.7622222), (0, -1.524444), (-1.320208, -0.7622222), (-1.381616, -0.6442581), (0, -1.524444), (-1.381616, -0.6442581), (-1.432509, -0.5213907), (0, -1.524444), (-1.432509, -0.5213907), (-1.4725, -0.3945553), (0, -1.524444), (-1.4725, -0.3945553), (-1.501285, -0.264717), (0, -1.524444), (-1.501285, -0.264717), (-1.518643, -0.1328641), (0, -1.524444), (-1.518643, -0.1328641), (-1.524444, -9.33453e-17), (0, -1.524444), (-1.524444, -9.33453e-17), (-1.518643, 0.1328641), (0, -1.524444), (-1.518643, 0.1328641), (-1.501285, 0.264717), (0, -1.524444), (-1.501285, 0.264717), (-1.4725, 0.3945553), (0, -1.524444), (-1.4725, 0.3945553), (-1.432509, 0.5213907), (0, -1.524444), (-1.432509, 0.5213907), (-1.381616, 0.6442581), (0, -1.524444), (-1.381616, 0.6442581), (-1.320208, 0.7622222), (0, -1.524444), (-1.320208, 0.7622222), (-1.248752, 0.8743854), (0, -1.524444), (-1.248752, 0.8743854), (-1.167792, 0.979894), (0, -1.524444), (-1.167792, 0.979894), (-1.077945, 1.077945), (0, -1.524444), (-1.077945, 1.077945), (-0.979894, 1.167792), (0, -1.524444), (-0.979894, 1.167792), (-0.8743854, 1.248752), (0, -1.524444), (-0.8743854, 1.248752), (-0.7622222, 1.320208), (0, -1.524444), (-0.7622222, 1.320208), (-0.6442581, 1.381616), (0, -1.524444), (-0.6442581, 1.381616), (-0.5213907, 1.432509), (0, -1.524444), (-0.5213907, 1.432509), (-0.3945553, 1.4725), (0, -1.524444), (-0.3945553, 1.4725), (-0.264717, 1.501285), (0, -1.524444), (-0.264717, 1.501285), (-0.1328641, 1.518643), (0, -1.524444), (-0.1328641, 1.518643), (-1.866906e-16, 1.524444), (0, -1.524444), (-1.866906e-16, 1.524444), (0.1328641, 1.518643), (0, -1.524444), (0.1328641, 1.518643), (0.264717, 1.501285), (0, -1.524444), (0.264717, 1.501285), (0.3945553, 1.4725), (0, -1.524444), (0.3945553, 1.4725), (0.5213907, 1.432509), (0, -1.524444), (0.5213907, 1.432509), (0.6442581, 1.381616), (0, -1.524444), (0.6442581, 1.381616), (0.7622222, 1.320208), (0, -1.524444), (0.7622222, 1.320208), (0.8743854, 1.248752), (0, -1.524444), (0.8743854, 1.248752), (0.979894, 1.167792), (0, -1.524444), (0.979894, 1.167792), (1.077945, 1.077945), (0, -1.524444), (1.077945, 1.077945), (1.167792, 0.979894), (0, -1.524444), (1.167792, 0.979894), (1.248752, 0.8743854), (0, -1.524444), (1.248752, 0.8743854), (1.320208, 0.7622222), (0, -1.524444), (1.320208, 0.7622222), (1.381616, 0.6442581), (0, -1.524444), (1.381616, 0.6442581), (1.432509, 0.5213907), (0, -1.524444), (1.432509, 0.5213907), (1.4725, 0.3945553), (0, -1.524444), (1.4725, 0.3945553), (1.501285, 0.264717), (0, -1.524444), (1.501285, 0.264717), (1.518643, 0.1328641), (0, -1.524444), (1.518643, 0.1328641), (1.524444, 2.800359e-16), (0, -1.524444), (1.524444, 2.800359e-16), (1.518643, -0.1328641), (0, -1.524444), (1.518643, -0.1328641), (1.501285, -0.264717), (0, -1.524444), (1.501285, -0.264717), (1.4725, -0.3945553), (0, -1.524444), (1.4725, -0.3945553), (1.432509, -0.5213907), (0, -1.524444), (1.432509, -0.5213907), (1.381616, -0.6442581), (0, -1.524444), (1.381616, -0.6442581), (1.320208, -0.7622222), (0, -1.524444), (1.320208, -0.7622222), (1.248752, -0.8743854), (0, -1.524444), (1.248752, -0.8743854), (1.167792, -0.979894), (0, -1.524444), (1.167792, -0.979894), (1.077945, -1.077945), (0, -1.524444), (1.077945, -1.077945), (0.979894, -1.167792), (0, -1.524444), (0.979894, -1.167792), (0.8743854, -1.248752), (0, -1.524444), (0.8743854, -1.248752), (0.7622222, -1.320208), (0, -1.524444), (0.7622222, -1.320208), (0.6442581, -1.381616), (0, -1.524444), (0.6442581, -1.381616), (0.5213907, -1.432509), (0, -1.524444), (0.5213907, -1.432509), (0.3945553, -1.4725), (0, -1.524444), (0.3945553, -1.4725), (0.264717, -1.501285), (0, -1.524444), (0.264717, -1.501285), (0.1328641, -1.518643), (0, 0.055), (-0.1328641, 0.055), (-0.1328641, 0.485), (0, 0.055), (-0.1328641, 0.485), (0, 0.485), (-0.1328641, 0.055), (-0.264717, 0.055), (-0.264717, 0.485), (-0.1328641, 0.055), (-0.264717, 0.485), (-0.1328641, 0.485), (-0.264717, 0.055), (-0.3945553, 0.055), (-0.3945553, 0.485), (-0.264717, 0.055), (-0.3945553, 0.485), (-0.264717, 0.485), (-0.3945553, 0.055), (-0.5213907, 0.055), (-0.5213907, 0.485), (-0.3945553, 0.055), (-0.5213907, 0.485), (-0.3945553, 0.485), (-0.5213907, 0.055), (-0.6442581, 0.055), (-0.6442581, 0.485), (-0.5213907, 0.055), (-0.6442581, 0.485), (-0.5213907, 0.485), (-0.6442581, 0.055), (-0.7622222, 0.055), (-0.7622222, 0.485), (-0.6442581, 0.055), (-0.7622222, 0.485), (-0.6442581, 0.485), (-0.7622222, 0.055), (-0.8743854, 0.055), (-0.8743854, 0.485), (-0.7622222, 0.055), (-0.8743854, 0.485), (-0.7622222, 0.485), (-0.8743854, 0.055), (-0.979894, 0.055), (-0.979894, 0.485), (-0.8743854, 0.055), (-0.979894, 0.485), (-0.8743854, 0.485), (-0.979894, 0.055), (-1.077945, 0.055), (-1.077945, 0.485), (-0.979894, 0.055), (-1.077945, 0.485), (-0.979894, 0.485), (0.055, -1.077945), (0.055, -0.979894), (0.485, -0.979894), (0.055, -1.077945), (0.485, -0.979894), (0.485, -1.077945), (0.055, -0.979894), (0.055, -0.8743854), (0.485, -0.8743854), (0.055, -0.979894), (0.485, -0.8743854), (0.485, -0.979894), (0.055, -0.8743854), (0.055, -0.7622222), (0.485, -0.7622222), (0.055, -0.8743854), (0.485, -0.7622222), (0.485, -0.8743854), (0.055, -0.7622222), (0.055, -0.6442581), (0.485, -0.6442581), (0.055, -0.7622222), (0.485, -0.6442581), (0.485, -0.7622222), (0.055, -0.6442581), (0.055, -0.5213907), (0.485, -0.5213907), (0.055, -0.6442581), (0.485, -0.5213907), (0.485, -0.6442581), (0.055, -0.5213907), (0.055, -0.3945553), (0.485, -0.3945553), (0.055, -0.5213907), (0.485, -0.3945553), (0.485, -0.5213907), (0.055, -0.3945553), (0.055, -0.264717), (0.485, -0.264717), (0.055, -0.3945553), (0.485, -0.264717), (0.485, -0.3945553), (0.055, -0.264717), (0.055, -0.1328641), (0.485, -0.1328641), (0.055, -0.264717), (0.485, -0.1328641), (0.485, -0.264717), (0.055, -0.1328641), (0.055, -9.33453e-17), (0.485, -9.33453e-17), (0.055, -0.1328641), (0.485, -9.33453e-17), (0.485, -0.1328641), (0.055, -9.33453e-17), (0.055, 0.1328641), (0.485, 0.1328641), (0.055, -9.33453e-17), (0.485, 0.1328641), (0.485, -9.33453e-17), (0.055, 0.1328641), (0.055, 0.264717), (0.485, 0.264717), (0.055, 0.1328641), (0.485, 0.264717), (0.485, 0.1328641), (0.055, 0.264717), (0.055, 0.3945553), (0.485, 0.3945553), (0.055, 0.264717), (0.485, 0.3945553), (0.485, 0.264717), (0.055, 0.3945553), (0.055, 0.5213907), (0.485, 0.5213907), (0.055, 0.3945553), (0.485, 0.5213907), (0.485, 0.3945553), (0.055, 0.5213907), (0.055, 0.6442581), (0.485, 0.6442581), (0.055, 0.5213907), (0.485, 0.6442581), (0.485, 0.5213907), (0.055, 0.6442581), (0.055, 0.7622222), (0.485, 0.7622222), (0.055, 0.6442581), (0.485, 0.7622222), (0.485, 0.6442581), (0.055, 0.7622222), (0.055, 0.8743854), (0.485, 0.8743854), (0.055, 0.7622222), (0.485, 0.8743854), (0.485, 0.7622222), (0.055, 0.8743854), (0.055, 0.979894), (0.485, 0.979894), (0.055, 0.8743854), (0.485, 0.979894), (0.485, 0.8743854), (0.055, 0.979894), (0.055, 1.077945), (0.485, 1.077945), (0.055, 0.979894), (0.485, 1.077945), (0.485, 0.979894), (-1.077945, 0.055), (-0.979894, 0.055), (-0.979894, 0.485), (-1.077945, 0.055), (-0.979894, 0.485), (-1.077945, 0.485), (-0.979894, 0.055), (-0.8743854, 0.055), (-0.8743854, 0.485), (-0.979894, 0.055), (-0.8743854, 0.485), (-0.979894, 0.485), (-0.8743854, 0.055), (-0.7622222, 0.055), (-0.7622222, 0.485), (-0.8743854, 0.055), (-0.7622222, 0.485), (-0.8743854, 0.485), (-0.7622222, 0.055), (-0.6442581, 0.055), (-0.6442581, 0.485), (-0.7622222, 0.055), (-0.6442581, 0.485), (-0.7622222, 0.485), (-0.6442581, 0.055), (-0.5213907, 0.055), (-0.5213907, 0.485), (-0.6442581, 0.055), (-0.5213907, 0.485), (-0.6442581, 0.485), (-0.5213907, 0.055), (-0.3945553, 0.055), (-0.3945553, 0.485), (-0.5213907, 0.055), (-0.3945553, 0.485), (-0.5213907, 0.485), (-0.3945553, 0.055), (-0.264717, 0.055), (-0.264717, 0.485), (-0.3945553, 0.055), (-0.264717, 0.485), (-0.3945553, 0.485), (-0.264717, 0.055), (-0.1328641, 0.055), (-0.1328641, 0.485), (-0.264717, 0.055), (-0.1328641, 0.485), (-0.264717, 0.485), (-0.1328641, 0.055), (-1.866906e-16, 0.055), (-1.866906e-16, 0.485), (-0.1328641, 0.055), (-1.866906e-16, 0.485), (-0.1328641, 0.485), (-1.866906e-16, 0.055), (0.1328641, 0.055), (0.1328641, 0.485), (-1.866906e-16, 0.055), (0.1328641, 0.485), (-1.866906e-16, 0.485), (0.1328641, 0.055), (0.264717, 0.055), (0.264717, 0.485), (0.1328641, 0.055), (0.264717, 0.485), (0.1328641, 0.485), (0.264717, 0.055), (0.3945553, 0.055), (0.3945553, 0.485), (0.264717, 0.055), (0.3945553, 0.485), (0.264717, 0.485), (0.3945553, 0.055), (0.5213907, 0.055), (0.5213907, 0.485), (0.3945553, 0.055), (0.5213907, 0.485), (0.3945553, 0.485), (0.5213907, 0.055), (0.6442581, 0.055), (0.6442581, 0.485), (0.5213907, 0.055), (0.6442581, 0.485), (0.5213907, 0.485), (0.6442581, 0.055), (0.7622222, 0.055), (0.7622222, 0.485), (0.6442581, 0.055), (0.7622222, 0.485), (0.6442581, 0.485), (0.7622222, 0.055), (0.8743854, 0.055), (0.8743854, 0.485), (0.7622222, 0.055), (0.8743854, 0.485), (0.7622222, 0.485), (0.8743854, 0.055), (0.979894, 0.055), (0.979894, 0.485), (0.8743854, 0.055), (0.979894, 0.485), (0.8743854, 0.485), (0.979894, 0.055), (1.077945, 0.055), (1.077945, 0.485), (0.979894, 0.055), (1.077945, 0.485), (0.979894, 0.485), (0.055, 1.077945), (0.055, 0.979894), (0.485, 0.979894), (0.055, 1.077945), (0.485, 0.979894), (0.485, 1.077945), (0.055, 0.979894), (0.055, 0.8743854), (0.485, 0.8743854), (0.055, 0.979894), (0.485, 0.8743854), (0.485, 0.979894), (0.055, 0.8743854), (0.055, 0.7622222), (0.485, 0.7622222), (0.055, 0.8743854), (0.485, 0.7622222), (0.485, 0.8743854), (0.055, 0.7622222), (0.055, 0.6442581), (0.485, 0.6442581), (0.055, 0.7622222), (0.485, 0.6442581), (0.485, 0.7622222), (0.055, 0.6442581), (0.055, 0.5213907), (0.485, 0.5213907), (0.055, 0.6442581), (0.485, 0.5213907), (0.485, 0.6442581), (0.055, 0.5213907), (0.055, 0.3945553), (0.485, 0.3945553), (0.055, 0.5213907), (0.485, 0.3945553), (0.485, 0.5213907), (0.055, 0.3945553), (0.055, 0.264717), (0.485, 0.264717), (0.055, 0.3945553), (0.485, 0.264717), (0.485, 0.3945553), (0.055, 0.264717), (0.055, 0.1328641), (0.485, 0.1328641), (0.055, 0.264717), (0.485, 0.1328641), (0.485, 0.264717), (0.055, 0.1328641), (0.055, 2.800359e-16), (0.485, 2.800359e-16), (0.055, 0.1328641), (0.485, 2.800359e-16), (0.485, 0.1328641), (0.055, 2.800359e-16), (0.055, -0.1328641), (0.485, -0.1328641), (0.055, 2.800359e-16), (0.485, -0.1328641), (0.485, 2.800359e-16), (0.055, -0.1328641), (0.055, -0.264717), (0.485, -0.264717), (0.055, -0.1328641), (0.485, -0.264717), (0.485, -0.1328641), (0.055, -0.264717), (0.055, -0.3945553), (0.485, -0.3945553), (0.055, -0.264717), (0.485, -0.3945553), (0.485, -0.264717), (0.055, -0.3945553), (0.055, -0.5213907), (0.485, -0.5213907), (0.055, -0.3945553), (0.485, -0.5213907), (0.485, -0.3945553), (0.055, -0.5213907), (0.055, -0.6442581), (0.485, -0.6442581), (0.055, -0.5213907), (0.485, -0.6442581), (0.485, -0.5213907), (0.055, -0.6442581), (0.055, -0.7622222), (0.485, -0.7622222), (0.055, -0.6442581), (0.485, -0.7622222), (0.485, -0.6442581), (0.055, -0.7622222), (0.055, -0.8743854), (0.485, -0.8743854), (0.055, -0.7622222), (0.485, -0.8743854), (0.485, -0.7622222), (0.055, -0.8743854), (0.055, -0.979894), (0.485, -0.979894), (0.055, -0.8743854), (0.485, -0.979894), (0.485, -0.8743854), (0.055, -0.979894), (0.055, -1.077945), (0.485, -1.077945), (0.055, -0.979894), (0.485, -1.077945), (0.485, -0.979894), (1.077945, 0.055), (0.979894, 0.055), (0.979894, 0.485), (1.077945, 0.055), (0.979894, 0.485), (1.077945, 0.485), (0.979894, 0.055), (0.8743854, 0.055), (0.8743854, 0.485), (0.979894, 0.055), (0.8743854, 0.485), (0.979894, 0.485), (0.8743854, 0.055), (0.7622222, 0.055), (0.7622222, 0.485), (0.8743854, 0.055), (0.7622222, 0.485), (0.8743854, 0.485), (0.7622222, 0.055), (0.6442581, 0.055), (0.6442581, 0.485), (0.7622222, 0.055), (0.6442581, 0.485), (0.7622222, 0.485), (0.6442581, 0.055), (0.5213907, 0.055), (0.5213907, 0.485), (0.6442581, 0.055), (0.5213907, 0.485), (0.6442581, 0.485), (0.5213907, 0.055), (0.3945553, 0.055), (0.3945553, 0.485), (0.5213907, 0.055), (0.3945553, 0.485), (0.5213907, 0.485), (0.3945553, 0.055), (0.264717, 0.055), (0.264717, 0.485), (0.3945553, 0.055), (0.264717, 0.485), (0.3945553, 0.485), (0.264717, 0.055), (0.1328641, 0.055), (0.1328641, 0.485), (0.264717, 0.055), (0.1328641, 0.485), (0.264717, 0.485), (0.1328641, 0.055), (0, 0.055), (0, 0.485), (0.1328641, 0.055), (0, 0.485), (0.1328641, 0.485)] (interpolation = "faceVarying")
        }
        def Mesh "FastenerHead_01" (prepend apiSchemas = ["MaterialBindingAPI"])
        {
            uniform token subdivisionScheme = "none"
            uniform token orientation = "rightHanded"
            bool doubleSided = false
            point3f[] points = [(0.007325626, 0.00424908, 0.006681626), (0.007199988, 0.00424908, 0.006694001), (0.007079178, 0.00424908, 0.006730648), (0.006967839, 0.00424908, 0.00679016), (0.006870249, 0.00424908, 0.006870249), (0.00679016, 0.00424908, 0.006967839), (0.006730648, 0.00424908, 0.007079178), (0.006694001, 0.00424908, 0.007199988), (0.006681626, 0.00424908, 0.007325626), (0.006694001, 0.00424908, 0.007451264), (0.006730648, 0.00424908, 0.007572074), (0.00679016, 0.00424908, 0.007683413), (0.006870249, 0.00424908, 0.007781003), (0.006967839, 0.00424908, 0.007861093), (0.007079178, 0.00424908, 0.007920605), (0.007199988, 0.00424908, 0.007957252), (0.007325626, 0.00424908, 0.007969626), (0.007451264, 0.00424908, 0.007957252), (0.007572074, 0.00424908, 0.007920605), (0.007683413, 0.00424908, 0.007861093), (0.007781003, 0.00424908, 0.007781003), (0.007861093, 0.00424908, 0.007683413), (0.007920605, 0.00424908, 0.007572074), (0.007957252, 0.00424908, 0.007451264), (0.007969626, 0.00424908, 0.007325626), (0.007957252, 0.00424908, 0.007199988), (0.007920605, 0.00424908, 0.007079178), (0.007861093, 0.00424908, 0.006967839), (0.007781003, 0.00424908, 0.006870249), (0.007683413, 0.00424908, 0.00679016), (0.007572074, 0.00424908, 0.006730648), (0.007451264, 0.00424908, 0.006694001), (0.007325626, 0.00448092, 0.006681626), (0.007199988, 0.00448092, 0.006694001), (0.007079178, 0.00448092, 0.006730648), (0.006967839, 0.00448092, 0.00679016), (0.006870249, 0.00448092, 0.006870249), (0.00679016, 0.00448092, 0.006967839), (0.006730648, 0.00448092, 0.007079178), (0.006694001, 0.00448092, 0.007199988), (0.006681626, 0.00448092, 0.007325626), (0.006694001, 0.00448092, 0.007451264), (0.006730648, 0.00448092, 0.007572074), (0.00679016, 0.00448092, 0.007683413), (0.006870249, 0.00448092, 0.007781003), (0.006967839, 0.00448092, 0.007861093), (0.007079178, 0.00448092, 0.007920605), (0.007199988, 0.00448092, 0.007957252), (0.007325626, 0.00448092, 0.007969626), (0.007451264, 0.00448092, 0.007957252), (0.007572074, 0.00448092, 0.007920605), (0.007683413, 0.00448092, 0.007861093), (0.007781003, 0.00448092, 0.007781003), (0.007861093, 0.00448092, 0.007683413), (0.007920605, 0.00448092, 0.007572074), (0.007957252, 0.00448092, 0.007451264), (0.007969626, 0.00448092, 0.007325626), (0.007957252, 0.00448092, 0.007199988), (0.007920605, 0.00448092, 0.007079178), (0.007861093, 0.00448092, 0.006967839), (0.007781003, 0.00448092, 0.006870249), (0.007683413, 0.00448092, 0.00679016), (0.007572074, 0.00448092, 0.006730648), (0.007451264, 0.00448092, 0.006694001), (0.007325626, 0.00424908, 0.006681626), (0.007199988, 0.00424908, 0.006694001), (0.007079178, 0.00424908, 0.006730648), (0.006967839, 0.00424908, 0.00679016), (0.006870249, 0.00424908, 0.006870249), (0.00679016, 0.00424908, 0.006967839), (0.006730648, 0.00424908, 0.007079178), (0.006694001, 0.00424908, 0.007199988), (0.006681626, 0.00424908, 0.007325626), (0.006694001, 0.00424908, 0.007451264), (0.006730648, 0.00424908, 0.007572074), (0.00679016, 0.00424908, 0.007683413), (0.006870249, 0.00424908, 0.007781003), (0.006967839, 0.00424908, 0.007861093), (0.007079178, 0.00424908, 0.007920605), (0.007199988, 0.00424908, 0.007957252), (0.007325626, 0.00424908, 0.007969626), (0.007451264, 0.00424908, 0.007957252), (0.007572074, 0.00424908, 0.007920605), (0.007683413, 0.00424908, 0.007861093), (0.007781003, 0.00424908, 0.007781003), (0.007861093, 0.00424908, 0.007683413), (0.007920605, 0.00424908, 0.007572074), (0.007957252, 0.00424908, 0.007451264), (0.007969626, 0.00424908, 0.007325626), (0.007957252, 0.00424908, 0.007199988), (0.007920605, 0.00424908, 0.007079178), (0.007861093, 0.00424908, 0.006967839), (0.007781003, 0.00424908, 0.006870249), (0.007683413, 0.00424908, 0.00679016), (0.007572074, 0.00424908, 0.006730648), (0.007451264, 0.00424908, 0.006694001), (0.007325626, 0.00448092, 0.006681626), (0.007199988, 0.00448092, 0.006694001), (0.007079178, 0.00448092, 0.006730648), (0.006967839, 0.00448092, 0.00679016), (0.006870249, 0.00448092, 0.006870249), (0.00679016, 0.00448092, 0.006967839), (0.006730648, 0.00448092, 0.007079178), (0.006694001, 0.00448092, 0.007199988), (0.006681626, 0.00448092, 0.007325626), (0.006694001, 0.00448092, 0.007451264), (0.006730648, 0.00448092, 0.007572074), (0.00679016, 0.00448092, 0.007683413), (0.006870249, 0.00448092, 0.007781003), (0.006967839, 0.00448092, 0.007861093), (0.007079178, 0.00448092, 0.007920605), (0.007199988, 0.00448092, 0.007957252), (0.007325626, 0.00448092, 0.007969626), (0.007451264, 0.00448092, 0.007957252), (0.007572074, 0.00448092, 0.007920605), (0.007683413, 0.00448092, 0.007861093), (0.007781003, 0.00448092, 0.007781003), (0.007861093, 0.00448092, 0.007683413), (0.007920605, 0.00448092, 0.007572074), (0.007957252, 0.00448092, 0.007451264), (0.007969626, 0.00448092, 0.007325626), (0.007957252, 0.00448092, 0.007199988), (0.007920605, 0.00448092, 0.007079178), (0.007861093, 0.00448092, 0.006967839), (0.007781003, 0.00448092, 0.006870249), (0.007683413, 0.00448092, 0.00679016), (0.007572074, 0.00448092, 0.006730648), (0.007451264, 0.00448092, 0.006694001)]
            int[] faceVertexCounts = [3, 3, 3, 3, 3, 3, 3, 3, 3, 3, 3, 3, 3, 3, 3, 3, 3, 3, 3, 3, 3, 3, 3, 3, 3, 3, 3, 3, 3, 3, 3, 3, 3, 3, 3, 3, 3, 3, 3, 3, 3, 3, 3, 3, 3, 3, 3, 3, 3, 3, 3, 3, 3, 3, 3, 3, 3, 3, 3, 3, 3, 3, 3, 3, 3, 3, 3, 3, 3, 3, 3, 3, 3, 3, 3, 3, 3, 3, 3, 3, 3, 3, 3, 3, 3, 3, 3, 3, 3, 3, 3, 3, 3, 3, 3, 3, 3, 3, 3, 3, 3, 3, 3, 3, 3, 3, 3, 3, 3, 3, 3, 3, 3, 3, 3, 3, 3, 3, 3, 3, 3, 3, 3, 3]
            int[] faceVertexIndices = [95, 94, 93, 95, 93, 92, 95, 92, 91, 95, 91, 90, 95, 90, 89, 95, 89, 88, 95, 88, 87, 95, 87, 86, 95, 86, 85, 95, 85, 84, 95, 84, 83, 95, 83, 82, 95, 82, 81, 95, 81, 80, 95, 80, 79, 95, 79, 78, 95, 78, 77, 95, 77, 76, 95, 76, 75, 95, 75, 74, 95, 74, 73, 95, 73, 72, 95, 72, 71, 95, 71, 70, 95, 70, 69, 95, 69, 68, 95, 68, 67, 95, 67, 66, 95, 66, 65, 95, 65, 64, 96, 97, 98, 96, 98, 99, 96, 99, 100, 96, 100, 101, 96, 101, 102, 96, 102, 103, 96, 103, 104, 96, 104, 105, 96, 105, 106, 96, 106, 107, 96, 107, 108, 96, 108, 109, 96, 109, 110, 96, 110, 111, 96, 111, 112, 96, 112, 113, 96, 113, 114, 96, 114, 115, 96, 115, 116, 96, 116, 117, 96, 117, 118, 96, 118, 119, 96, 119, 120, 96, 120, 121, 96, 121, 122, 96, 122, 123, 96, 123, 124, 96, 124, 125, 96, 125, 126, 96, 126, 127, 0, 1, 33, 0, 33, 32, 1, 2, 34, 1, 34, 33, 2, 3, 35, 2, 35, 34, 3, 4, 36, 3, 36, 35, 4, 5, 37, 4, 37, 36, 5, 6, 38, 5, 38, 37, 6, 7, 39, 6, 39, 38, 7, 8, 40, 7, 40, 39, 8, 9, 41, 8, 41, 40, 9, 10, 42, 9, 42, 41, 10, 11, 43, 10, 43, 42, 11, 12, 44, 11, 44, 43, 12, 13, 45, 12, 45, 44, 13, 14, 46, 13, 46, 45, 14, 15, 47, 14, 47, 46, 15, 16, 48, 15, 48, 47, 16, 17, 49, 16, 49, 48, 17, 18, 50, 17, 50, 49, 18, 19, 51, 18, 51, 50, 19, 20, 52, 19, 52, 51, 20, 21, 53, 20, 53, 52, 21, 22, 54, 21, 54, 53, 22, 23, 55, 22, 55, 54, 23, 24, 56, 23, 56, 55, 24, 25, 57, 24, 57, 56, 25, 26, 58, 25, 58, 57, 26, 27, 59, 26, 59, 58, 27, 28, 60, 27, 60, 59, 28, 29, 61, 28, 61, 60, 29, 30, 62, 29, 62, 61, 30, 31, 63, 30, 63, 62, 31, 0, 32, 31, 32, 63]
            normal3f[] normals = [(-0.03281279, 0, -0.9994615), (-0.2271676, 0, -0.9738557), (-0.4127924, 0, -0.9108251), (-0.5825539, 0, -0.8127921), (-0.7299282, 0, -0.6835239), (-0.8492517, 0, -0.5279882), (-0.9359389, 0, -0.3521623), (-0.9866586, 0, -0.162803), (-0.9994615, 0, 0.03281279), (-0.9738557, 0, 0.2271676), (-0.9108251, 0, 0.4127924), (-0.8127921, 0, 0.5825539), (-0.6835239, 0, 0.7299282), (-0.5279882, 0, 0.8492517), (-0.3521623, 0, 0.9359389), (-0.162803, 0, 0.9866586), (0.03281279, 0, 0.9994615), (0.2271676, 0, 0.9738557), (0.4127924, 0, 0.9108251), (0.5825539, 0, 0.8127921), (0.7299282, 0, 0.6835239), (0.8492517, 0, 0.5279882), (0.9359389, 0, 0.3521623), (0.9866586, 0, 0.162803), (0.9994615, 0, -0.03281279), (0.9738557, 0, -0.2271676), (0.9108251, 0, -0.4127924), (0.8127921, 0, -0.5825539), (0.6835239, 0, -0.7299282), (0.5279882, 0, -0.8492517), (0.3521623, 0, -0.9359389), (0.162803, 0, -0.9866586), (0.03281279, 0, -0.9994615), (-0.162803, 0, -0.9866586), (-0.3521623, 0, -0.9359389), (-0.5279882, 0, -0.8492517), (-0.6835239, 0, -0.7299282), (-0.8127921, 0, -0.5825539), (-0.9108251, 0, -0.4127924), (-0.9738557, 0, -0.2271676), (-0.9994615, 0, -0.03281279), (-0.9866586, 0, 0.162803), (-0.9359389, 0, 0.3521623), (-0.8492517, 0, 0.5279882), (-0.7299282, 0, 0.6835239), (-0.5825539, 0, 0.8127921), (-0.4127924, 0, 0.9108251), (-0.2271676, 0, 0.9738557), (-0.03281279, 0, 0.9994615), (0.162803, 0, 0.9866586), (0.3521623, 0, 0.9359389), (0.5279882, 0, 0.8492517), (0.6835239, 0, 0.7299282), (0.8127921, 0, 0.5825539), (0.9108251, 0, 0.4127924), (0.9738557, 0, 0.2271676), (0.9994615, 0, 0.03281279), (0.9866586, 0, -0.162803), (0.9359389, 0, -0.3521623), (0.8492517, 0, -0.5279882), (0.7299282, 0, -0.6835239), (0.5825539, 0, -0.8127921), (0.4127924, 0, -0.9108251), (0.2271676, 0, -0.9738557), (0, -1, 0), (0, -1, 0), (0, -1, 0), (0, -1, 0), (0, -1, 0), (0, -1, 0), (0, -1, 0), (0, -1, 0), (0, -1, 0), (0, -1, 0), (0, -1, 0), (0, -1, 0), (0, -1, 0), (0, -1, 0), (0, -1, 0), (0, -1, 0), (0, -1, 0), (0, -1, 0), (0, -1, 0), (0, -1, 0), (0, -1, 0), (0, -1, 0), (0, -1, 0), (0, -1, 0), (0, -1, 0), (0, -1, 0), (0, -1, 0), (0, -1, 0), (0, -1, 0), (0, -1, 0), (0, -1, 0), (0, -1, 0), (0, 1, 0), (0, 1, 0), (0, 1, 0), (0, 1, 0), (0, 1, 0), (0, 1, 0), (0, 1, 0), (0, 1, 0), (0, 1, 0), (0, 1, 0), (0, 1, 0), (0, 1, 0), (0, 1, 0), (0, 1, 0), (0, 1, 0), (0, 1, 0), (0, 1, 0), (0, 1, 0), (0, 1, 0), (0, 1, 0), (0, 1, 0), (0, 1, 0), (0, 1, 0), (0, 1, 0), (0, 1, 0), (0, 1, 0), (0, 1, 0), (0, 1, 0), (0, 1, 0), (0, 1, 0), (0, 1, 0), (0, 1, 0)] (interpolation = "vertex")
            float3[] extent = [(0.006681626, 0.00424908, 0.006681626), (0.007969626, 0.00448092, 0.007969626)]
            rel material:binding = </WorkbenchPart/Materials/steel>
            texCoord2f[] primvars:st = [(0.8279183, 0.7437778), (0.8413416, 0.7478498), (0.8537126, 0.7544622), (0.8279183, 0.7437778), (0.8537126, 0.7544622), (0.8645559, 0.7633611), (0.8279183, 0.7437778), (0.8645559, 0.7633611), (0.8734547, 0.7742043), (0.8279183, 0.7437778), (0.8734547, 0.7742043), (0.8800672, 0.7865753), (0.8279183, 0.7437778), (0.8800672, 0.7865753), (0.8841391, 0.7999987), (0.8279183, 0.7437778), (0.8841391, 0.7999987), (0.885514, 0.8139585), (0.8279183, 0.7437778), (0.885514, 0.8139585), (0.8841391, 0.8279183), (0.8279183, 0.7437778), (0.8841391, 0.8279183), (0.8800672, 0.8413416), (0.8279183, 0.7437778), (0.8800672, 0.8413416), (0.8734547, 0.8537126), (0.8279183, 0.7437778), (0.8734547, 0.8537126), (0.8645559, 0.8645559), (0.8279183, 0.7437778), (0.8645559, 0.8645559), (0.8537126, 0.8734547), (0.8279183, 0.7437778), (0.8537126, 0.8734547), (0.8413416, 0.8800672), (0.8279183, 0.7437778), (0.8413416, 0.8800672), (0.8279183, 0.8841391), (0.8279183, 0.7437778), (0.8279183, 0.8841391), (0.8139585, 0.885514), (0.8279183, 0.7437778), (0.8139585, 0.885514), (0.7999987, 0.8841391), (0.8279183, 0.7437778), (0.7999987, 0.8841391), (0.7865753, 0.8800672), (0.8279183, 0.7437778), (0.7865753, 0.8800672), (0.7742043, 0.8734547), (0.8279183, 0.7437778), (0.7742043, 0.8734547), (0.7633611, 0.8645559), (0.8279183, 0.7437778), (0.7633611, 0.8645559), (0.7544622, 0.8537126), (0.8279183, 0.7437778), (0.7544622, 0.8537126), (0.7478498, 0.8413416), (0.8279183, 0.7437778), (0.7478498, 0.8413416), (0.7437778, 0.8279183), (0.8279183, 0.7437778), (0.7437778, 0.8279183), (0.7424029, 0.8139585), (0.8279183, 0.7437778), (0.7424029, 0.8139585), (0.7437778, 0.7999987), (0.8279183, 0.7437778), (0.7437778, 0.7999987), (0.7478498, 0.7865753), (0.8279183, 0.7437778), (0.7478498, 0.7865753), (0.7544622, 0.7742043), (0.8279183, 0.7437778), (0.7544622, 0.7742043), (0.7633611, 0.7633611), (0.8279183, 0.7437778), (0.7633611, 0.7633611), (0.7742043, 0.7544622), (0.8279183, 0.7437778), (0.7742043, 0.7544622), (0.7865753, 0.7478498), (0.8279183, 0.7437778), (0.7865753, 0.7478498), (0.7999987, 0.7437778), (0.8279183, 0.7437778), (0.7999987, 0.7437778), (0.8139585, 0.7424029), (0.8139585, 0.7424029), (0.7999987, 0.7437778), (0.7865753, 0.7478498), (0.8139585, 0.7424029), (0.7865753, 0.7478498), (0.7742043, 0.7544622), (0.8139585, 0.7424029), (0.7742043, 0.7544622), (0.7633611, 0.7633611), (0.8139585, 0.7424029), (0.7633611, 0.7633611), (0.7544622, 0.7742043), (0.8139585, 0.7424029), (0.7544622, 0.7742043), (0.7478498, 0.7865753), (0.8139585, 0.7424029), (0.7478498, 0.7865753), (0.7437778, 0.7999987), (0.8139585, 0.7424029), (0.7437778, 0.7999987), (0.7424029, 0.8139585), (0.8139585, 0.7424029), (0.7424029, 0.8139585), (0.7437778, 0.8279183), (0.8139585, 0.7424029), (0.7437778, 0.8279183), (0.7478498, 0.8413416), (0.8139585, 0.7424029), (0.7478498, 0.8413416), (0.7544622, 0.8537126), (0.8139585, 0.7424029), (0.7544622, 0.8537126), (0.7633611, 0.8645559), (0.8139585, 0.7424029), (0.7633611, 0.8645559), (0.7742043, 0.8734547), (0.8139585, 0.7424029), (0.7742043, 0.8734547), (0.7865753, 0.8800672), (0.8139585, 0.7424029), (0.7865753, 0.8800672), (0.7999987, 0.8841391), (0.8139585, 0.7424029), (0.7999987, 0.8841391), (0.8139585, 0.885514), (0.8139585, 0.7424029), (0.8139585, 0.885514), (0.8279183, 0.8841391), (0.8139585, 0.7424029), (0.8279183, 0.8841391), (0.8413416, 0.8800672), (0.8139585, 0.7424029), (0.8413416, 0.8800672), (0.8537126, 0.8734547), (0.8139585, 0.7424029), (0.8537126, 0.8734547), (0.8645559, 0.8645559), (0.8139585, 0.7424029), (0.8645559, 0.8645559), (0.8734547, 0.8537126), (0.8139585, 0.7424029), (0.8734547, 0.8537126), (0.8800672, 0.8413416), (0.8139585, 0.7424029), (0.8800672, 0.8413416), (0.8841391, 0.8279183), (0.8139585, 0.7424029), (0.8841391, 0.8279183), (0.885514, 0.8139585), (0.8139585, 0.7424029), (0.885514, 0.8139585), (0.8841391, 0.7999987), (0.8139585, 0.7424029), (0.8841391, 0.7999987), (0.8800672, 0.7865753), (0.8139585, 0.7424029), (0.8800672, 0.7865753), (0.8734547, 0.7742043), (0.8139585, 0.7424029), (0.8734547, 0.7742043), (0.8645559, 0.7633611), (0.8139585, 0.7424029), (0.8645559, 0.7633611), (0.8537126, 0.7544622), (0.8139585, 0.7424029), (0.8537126, 0.7544622), (0.8413416, 0.7478498), (0.8139585, 0.7424029), (0.8413416, 0.7478498), (0.8279183, 0.7437778), (0.8139585, 0.47212), (0.7999987, 0.47212), (0.7999987, 0.49788), (0.8139585, 0.47212), (0.7999987, 0.49788), (0.8139585, 0.49788), (0.7999987, 0.47212), (0.7865753, 0.47212), (0.7865753, 0.49788), (0.7999987, 0.47212), (0.7865753, 0.49788), (0.7999987, 0.49788), (0.7865753, 0.47212), (0.7742043, 0.47212), (0.7742043, 0.49788), (0.7865753, 0.47212), (0.7742043, 0.49788), (0.7865753, 0.49788), (0.7742043, 0.47212), (0.7633611, 0.47212), (0.7633611, 0.49788), (0.7742043, 0.47212), (0.7633611, 0.49788), (0.7742043, 0.49788), (0.47212, 0.7633611), (0.47212, 0.7742043), (0.49788, 0.7742043), (0.47212, 0.7633611), (0.49788, 0.7742043), (0.49788, 0.7633611), (0.47212, 0.7742043), (0.47212, 0.7865753), (0.49788, 0.7865753), (0.47212, 0.7742043), (0.49788, 0.7865753), (0.49788, 0.7742043), (0.47212, 0.7865753), (0.47212, 0.7999987), (0.49788, 0.7999987), (0.47212, 0.7865753), (0.49788, 0.7999987), (0.49788, 0.7865753), (0.47212, 0.7999987), (0.47212, 0.8139585), (0.49788, 0.8139585), (0.47212, 0.7999987), (0.49788, 0.8139585), (0.49788, 0.7999987), (0.47212, 0.8139585), (0.47212, 0.8279183), (0.49788, 0.8279183), (0.47212, 0.8139585), (0.49788, 0.8279183), (0.49788, 0.8139585), (0.47212, 0.8279183), (0.47212, 0.8413416), (0.49788, 0.8413416), (0.47212, 0.8279183), (0.49788, 0.8413416), (0.49788, 0.8279183), (0.47212, 0.8413416), (0.47212, 0.8537126), (0.49788, 0.8537126), (0.47212, 0.8413416), (0.49788, 0.8537126), (0.49788, 0.8413416), (0.47212, 0.8537126), (0.47212, 0.8645559), (0.49788, 0.8645559), (0.47212, 0.8537126), (0.49788, 0.8645559), (0.49788, 0.8537126), (0.7633611, 0.47212), (0.7742043, 0.47212), (0.7742043, 0.49788), (0.7633611, 0.47212), (0.7742043, 0.49788), (0.7633611, 0.49788), (0.7742043, 0.47212), (0.7865753, 0.47212), (0.7865753, 0.49788), (0.7742043, 0.47212), (0.7865753, 0.49788), (0.7742043, 0.49788), (0.7865753, 0.47212), (0.7999987, 0.47212), (0.7999987, 0.49788), (0.7865753, 0.47212), (0.7999987, 0.49788), (0.7865753, 0.49788), (0.7999987, 0.47212), (0.8139585, 0.47212), (0.8139585, 0.49788), (0.7999987, 0.47212), (0.8139585, 0.49788), (0.7999987, 0.49788), (0.8139585, 0.47212), (0.8279183, 0.47212), (0.8279183, 0.49788), (0.8139585, 0.47212), (0.8279183, 0.49788), (0.8139585, 0.49788), (0.8279183, 0.47212), (0.8413416, 0.47212), (0.8413416, 0.49788), (0.8279183, 0.47212), (0.8413416, 0.49788), (0.8279183, 0.49788), (0.8413416, 0.47212), (0.8537126, 0.47212), (0.8537126, 0.49788), (0.8413416, 0.47212), (0.8537126, 0.49788), (0.8413416, 0.49788), (0.8537126, 0.47212), (0.8645559, 0.47212), (0.8645559, 0.49788), (0.8537126, 0.47212), (0.8645559, 0.49788), (0.8537126, 0.49788), (0.47212, 0.8645559), (0.47212, 0.8537126), (0.49788, 0.8537126), (0.47212, 0.8645559), (0.49788, 0.8537126), (0.49788, 0.8645559), (0.47212, 0.8537126), (0.47212, 0.8413416), (0.49788, 0.8413416), (0.47212, 0.8537126), (0.49788, 0.8413416), (0.49788, 0.8537126), (0.47212, 0.8413416), (0.47212, 0.8279183), (0.49788, 0.8279183), (0.47212, 0.8413416), (0.49788, 0.8279183), (0.49788, 0.8413416), (0.47212, 0.8279183), (0.47212, 0.8139585), (0.49788, 0.8139585), (0.47212, 0.8279183), (0.49788, 0.8139585), (0.49788, 0.8279183), (0.47212, 0.8139585), (0.47212, 0.7999987), (0.49788, 0.7999987), (0.47212, 0.8139585), (0.49788, 0.7999987), (0.49788, 0.8139585), (0.47212, 0.7999987), (0.47212, 0.7865753), (0.49788, 0.7865753), (0.47212, 0.7999987), (0.49788, 0.7865753), (0.49788, 0.7999987), (0.47212, 0.7865753), (0.47212, 0.7742043), (0.49788, 0.7742043), (0.47212, 0.7865753), (0.49788, 0.7742043), (0.49788, 0.7865753), (0.47212, 0.7742043), (0.47212, 0.7633611), (0.49788, 0.7633611), (0.47212, 0.7742043), (0.49788, 0.7633611), (0.49788, 0.7742043), (0.8645559, 0.47212), (0.8537126, 0.47212), (0.8537126, 0.49788), (0.8645559, 0.47212), (0.8537126, 0.49788), (0.8645559, 0.49788), (0.8537126, 0.47212), (0.8413416, 0.47212), (0.8413416, 0.49788), (0.8537126, 0.47212), (0.8413416, 0.49788), (0.8537126, 0.49788), (0.8413416, 0.47212), (0.8279183, 0.47212), (0.8279183, 0.49788), (0.8413416, 0.47212), (0.8279183, 0.49788), (0.8413416, 0.49788), (0.8279183, 0.47212), (0.8139585, 0.47212), (0.8139585, 0.49788), (0.8279183, 0.47212), (0.8139585, 0.49788), (0.8279183, 0.49788)] (interpolation = "faceVarying")
        }
        def Mesh "HexSocket_01" (prepend apiSchemas = ["MaterialBindingAPI"])
        {
            uniform token subdivisionScheme = "none"
            uniform token orientation = "rightHanded"
            bool doubleSided = false
            point3f[] points = [(0.007325626, 0.004474158, 0.007048706), (0.007085806, 0.004474158, 0.007187166), (0.007085806, 0.004474158, 0.007464086), (0.007325626, 0.004474158, 0.007602546), (0.007565446, 0.004474158, 0.007464086), (0.007565446, 0.004474158, 0.007187166), (0.007325626, 0.004483818, 0.007048706), (0.007085806, 0.004483818, 0.007187166), (0.007085806, 0.004483818, 0.007464086), (0.007325626, 0.004483818, 0.007602546), (0.007565446, 0.004483818, 0.007464086), (0.007565446, 0.004483818, 0.007187166), (0.007325626, 0.004474158, 0.007048706), (0.007085806, 0.004474158, 0.007187166), (0.007085806, 0.004474158, 0.007464086), (0.007325626, 0.004474158, 0.007602546), (0.007565446, 0.004474158, 0.007464086), (0.007565446, 0.004474158, 0.007187166), (0.007325626, 0.004483818, 0.007048706), (0.007085806, 0.004483818, 0.007187166), (0.007085806, 0.004483818, 0.007464086), (0.007325626, 0.004483818, 0.007602546), (0.007565446, 0.004483818, 0.007464086), (0.007565446, 0.004483818, 0.007187166)]
            int[] faceVertexCounts = [3, 3, 3, 3, 3, 3, 3, 3, 3, 3, 3, 3, 3, 3, 3, 3, 3, 3, 3, 3]
            int[] faceVertexIndices = [17, 16, 15, 17, 15, 14, 17, 14, 13, 17, 13, 12, 18, 19, 20, 18, 20, 21, 18, 21, 22, 18, 22, 23, 0, 1, 7, 0, 7, 6, 1, 2, 8, 1, 8, 7, 2, 3, 9, 2, 9, 8, 3, 4, 10, 3, 10, 9, 4, 5, 11, 4, 11, 10, 5, 0, 6, 5, 6, 11]
            normal3f[] normals = [(-0.1889822, 0, -0.9819805), (-0.9449112, 0, -0.3273268), (-0.7559289, 0, 0.6546537), (0.1889822, 0, 0.9819805), (0.9449112, 0, 0.3273268), (0.7559289, 0, -0.6546537), (0.1889822, 0, -0.9819805), (-0.7559289, 0, -0.6546537), (-0.9449112, 0, 0.3273268), (-0.1889822, 0, 0.9819805), (0.7559289, 0, 0.6546537), (0.9449112, 0, -0.3273268), (0, -1, 0), (0, -1, 0), (0, -1, 0), (0, -1, 0), (0, -1, 0), (0, -1, 0), (0, 1, 0), (0, 1, 0), (0, 1, 0), (0, 1, 0), (0, 1, 0), (0, 1, 0)] (interpolation = "vertex")
            float3[] extent = [(0.007085806, 0.004474158, 0.007048706), (0.007565446, 0.004483818, 0.007602546)]
            rel material:binding = </WorkbenchPart/Materials/seam>
        }
        def Mesh "FastenerHead_02" (prepend apiSchemas = ["MaterialBindingAPI"])
        {
            uniform token subdivisionScheme = "none"
            uniform token orientation = "rightHanded"
            bool doubleSided = false
            point3f[] points = [(-0.007325626, 0.00424908, 0.006681626), (-0.007451264, 0.00424908, 0.006694001), (-0.007572074, 0.00424908, 0.006730648), (-0.007683413, 0.00424908, 0.00679016), (-0.007781003, 0.00424908, 0.006870249), (-0.007861093, 0.00424908, 0.006967839), (-0.007920605, 0.00424908, 0.007079178), (-0.007957252, 0.00424908, 0.007199988), (-0.007969626, 0.00424908, 0.007325626), (-0.007957252, 0.00424908, 0.007451264), (-0.007920605, 0.00424908, 0.007572074), (-0.007861093, 0.00424908, 0.007683413), (-0.007781003, 0.00424908, 0.007781003), (-0.007683413, 0.00424908, 0.007861093), (-0.007572074, 0.00424908, 0.007920605), (-0.007451264, 0.00424908, 0.007957252), (-0.007325626, 0.00424908, 0.007969626), (-0.007199988, 0.00424908, 0.007957252), (-0.007079178, 0.00424908, 0.007920605), (-0.006967839, 0.00424908, 0.007861093), (-0.006870249, 0.00424908, 0.007781003), (-0.00679016, 0.00424908, 0.007683413), (-0.006730648, 0.00424908, 0.007572074), (-0.006694001, 0.00424908, 0.007451264), (-0.006681626, 0.00424908, 0.007325626), (-0.006694001, 0.00424908, 0.007199988), (-0.006730648, 0.00424908, 0.007079178), (-0.00679016, 0.00424908, 0.006967839), (-0.006870249, 0.00424908, 0.006870249), (-0.006967839, 0.00424908, 0.00679016), (-0.007079178, 0.00424908, 0.006730648), (-0.007199988, 0.00424908, 0.006694001), (-0.007325626, 0.00448092, 0.006681626), (-0.007451264, 0.00448092, 0.006694001), (-0.007572074, 0.00448092, 0.006730648), (-0.007683413, 0.00448092, 0.00679016), (-0.007781003, 0.00448092, 0.006870249), (-0.007861093, 0.00448092, 0.006967839), (-0.007920605, 0.00448092, 0.007079178), (-0.007957252, 0.00448092, 0.007199988), (-0.007969626, 0.00448092, 0.007325626), (-0.007957252, 0.00448092, 0.007451264), (-0.007920605, 0.00448092, 0.007572074), (-0.007861093, 0.00448092, 0.007683413), (-0.007781003, 0.00448092, 0.007781003), (-0.007683413, 0.00448092, 0.007861093), (-0.007572074, 0.00448092, 0.007920605), (-0.007451264, 0.00448092, 0.007957252), (-0.007325626, 0.00448092, 0.007969626), (-0.007199988, 0.00448092, 0.007957252), (-0.007079178, 0.00448092, 0.007920605), (-0.006967839, 0.00448092, 0.007861093), (-0.006870249, 0.00448092, 0.007781003), (-0.00679016, 0.00448092, 0.007683413), (-0.006730648, 0.00448092, 0.007572074), (-0.006694001, 0.00448092, 0.007451264), (-0.006681626, 0.00448092, 0.007325626), (-0.006694001, 0.00448092, 0.007199988), (-0.006730648, 0.00448092, 0.007079178), (-0.00679016, 0.00448092, 0.006967839), (-0.006870249, 0.00448092, 0.006870249), (-0.006967839, 0.00448092, 0.00679016), (-0.007079178, 0.00448092, 0.006730648), (-0.007199988, 0.00448092, 0.006694001), (-0.007325626, 0.00424908, 0.006681626), (-0.007451264, 0.00424908, 0.006694001), (-0.007572074, 0.00424908, 0.006730648), (-0.007683413, 0.00424908, 0.00679016), (-0.007781003, 0.00424908, 0.006870249), (-0.007861093, 0.00424908, 0.006967839), (-0.007920605, 0.00424908, 0.007079178), (-0.007957252, 0.00424908, 0.007199988), (-0.007969626, 0.00424908, 0.007325626), (-0.007957252, 0.00424908, 0.007451264), (-0.007920605, 0.00424908, 0.007572074), (-0.007861093, 0.00424908, 0.007683413), (-0.007781003, 0.00424908, 0.007781003), (-0.007683413, 0.00424908, 0.007861093), (-0.007572074, 0.00424908, 0.007920605), (-0.007451264, 0.00424908, 0.007957252), (-0.007325626, 0.00424908, 0.007969626), (-0.007199988, 0.00424908, 0.007957252), (-0.007079178, 0.00424908, 0.007920605), (-0.006967839, 0.00424908, 0.007861093), (-0.006870249, 0.00424908, 0.007781003), (-0.00679016, 0.00424908, 0.007683413), (-0.006730648, 0.00424908, 0.007572074), (-0.006694001, 0.00424908, 0.007451264), (-0.006681626, 0.00424908, 0.007325626), (-0.006694001, 0.00424908, 0.007199988), (-0.006730648, 0.00424908, 0.007079178), (-0.00679016, 0.00424908, 0.006967839), (-0.006870249, 0.00424908, 0.006870249), (-0.006967839, 0.00424908, 0.00679016), (-0.007079178, 0.00424908, 0.006730648), (-0.007199988, 0.00424908, 0.006694001), (-0.007325626, 0.00448092, 0.006681626), (-0.007451264, 0.00448092, 0.006694001), (-0.007572074, 0.00448092, 0.006730648), (-0.007683413, 0.00448092, 0.00679016), (-0.007781003, 0.00448092, 0.006870249), (-0.007861093, 0.00448092, 0.006967839), (-0.007920605, 0.00448092, 0.007079178), (-0.007957252, 0.00448092, 0.007199988), (-0.007969626, 0.00448092, 0.007325626), (-0.007957252, 0.00448092, 0.007451264), (-0.007920605, 0.00448092, 0.007572074), (-0.007861093, 0.00448092, 0.007683413), (-0.007781003, 0.00448092, 0.007781003), (-0.007683413, 0.00448092, 0.007861093), (-0.007572074, 0.00448092, 0.007920605), (-0.007451264, 0.00448092, 0.007957252), (-0.007325626, 0.00448092, 0.007969626), (-0.007199988, 0.00448092, 0.007957252), (-0.007079178, 0.00448092, 0.007920605), (-0.006967839, 0.00448092, 0.007861093), (-0.006870249, 0.00448092, 0.007781003), (-0.00679016, 0.00448092, 0.007683413), (-0.006730648, 0.00448092, 0.007572074), (-0.006694001, 0.00448092, 0.007451264), (-0.006681626, 0.00448092, 0.007325626), (-0.006694001, 0.00448092, 0.007199988), (-0.006730648, 0.00448092, 0.007079178), (-0.00679016, 0.00448092, 0.006967839), (-0.006870249, 0.00448092, 0.006870249), (-0.006967839, 0.00448092, 0.00679016), (-0.007079178, 0.00448092, 0.006730648), (-0.007199988, 0.00448092, 0.006694001)]
            int[] faceVertexCounts = [3, 3, 3, 3, 3, 3, 3, 3, 3, 3, 3, 3, 3, 3, 3, 3, 3, 3, 3, 3, 3, 3, 3, 3, 3, 3, 3, 3, 3, 3, 3, 3, 3, 3, 3, 3, 3, 3, 3, 3, 3, 3, 3, 3, 3, 3, 3, 3, 3, 3, 3, 3, 3, 3, 3, 3, 3, 3, 3, 3, 3, 3, 3, 3, 3, 3, 3, 3, 3, 3, 3, 3, 3, 3, 3, 3, 3, 3, 3, 3, 3, 3, 3, 3, 3, 3, 3, 3, 3, 3, 3, 3, 3, 3, 3, 3, 3, 3, 3, 3, 3, 3, 3, 3, 3, 3, 3, 3, 3, 3, 3, 3, 3, 3, 3, 3, 3, 3, 3, 3, 3, 3, 3, 3]
            int[] faceVertexIndices = [95, 94, 93, 95, 93, 92, 95, 92, 91, 95, 91, 90, 95, 90, 89, 95, 89, 88, 95, 88, 87, 95, 87, 86, 95, 86, 85, 95, 85, 84, 95, 84, 83, 95, 83, 82, 95, 82, 81, 95, 81, 80, 95, 80, 79, 95, 79, 78, 95, 78, 77, 95, 77, 76, 95, 76, 75, 95, 75, 74, 95, 74, 73, 95, 73, 72, 95, 72, 71, 95, 71, 70, 95, 70, 69, 95, 69, 68, 95, 68, 67, 95, 67, 66, 95, 66, 65, 95, 65, 64, 96, 97, 98, 96, 98, 99, 96, 99, 100, 96, 100, 101, 96, 101, 102, 96, 102, 103, 96, 103, 104, 96, 104, 105, 96, 105, 106, 96, 106, 107, 96, 107, 108, 96, 108, 109, 96, 109, 110, 96, 110, 111, 96, 111, 112, 96, 112, 113, 96, 113, 114, 96, 114, 115, 96, 115, 116, 96, 116, 117, 96, 117, 118, 96, 118, 119, 96, 119, 120, 96, 120, 121, 96, 121, 122, 96, 122, 123, 96, 123, 124, 96, 124, 125, 96, 125, 126, 96, 126, 127, 0, 1, 33, 0, 33, 32, 1, 2, 34, 1, 34, 33, 2, 3, 35, 2, 35, 34, 3, 4, 36, 3, 36, 35, 4, 5, 37, 4, 37, 36, 5, 6, 38, 5, 38, 37, 6, 7, 39, 6, 39, 38, 7, 8, 40, 7, 40, 39, 8, 9, 41, 8, 41, 40, 9, 10, 42, 9, 42, 41, 10, 11, 43, 10, 43, 42, 11, 12, 44, 11, 44, 43, 12, 13, 45, 12, 45, 44, 13, 14, 46, 13, 46, 45, 14, 15, 47, 14, 47, 46, 15, 16, 48, 15, 48, 47, 16, 17, 49, 16, 49, 48, 17, 18, 50, 17, 50, 49, 18, 19, 51, 18, 51, 50, 19, 20, 52, 19, 52, 51, 20, 21, 53, 20, 53, 52, 21, 22, 54, 21, 54, 53, 22, 23, 55, 22, 55, 54, 23, 24, 56, 23, 56, 55, 24, 25, 57, 24, 57, 56, 25, 26, 58, 25, 58, 57, 26, 27, 59, 26, 59, 58, 27, 28, 60, 27, 60, 59, 28, 29, 61, 28, 61, 60, 29, 30, 62, 29, 62, 61, 30, 31, 63, 30, 63, 62, 31, 0, 32, 31, 32, 63]
            normal3f[] normals = [(-0.03281279, 0, -0.9994615), (-0.2271676, 0, -0.9738557), (-0.4127924, 0, -0.9108251), (-0.5825539, 0, -0.8127921), (-0.7299282, 0, -0.6835239), (-0.8492517, 0, -0.5279882), (-0.9359389, 0, -0.3521623), (-0.9866586, 0, -0.162803), (-0.9994615, 0, 0.03281279), (-0.9738557, 0, 0.2271676), (-0.9108251, 0, 0.4127924), (-0.8127921, 0, 0.5825539), (-0.6835239, 0, 0.7299282), (-0.5279882, 0, 0.8492517), (-0.3521623, 0, 0.9359389), (-0.162803, 0, 0.9866586), (0.03281279, 0, 0.9994615), (0.2271676, 0, 0.9738557), (0.4127924, 0, 0.9108251), (0.5825539, 0, 0.8127921), (0.7299282, 0, 0.6835239), (0.8492517, 0, 0.5279882), (0.9359389, 0, 0.3521623), (0.9866586, 0, 0.162803), (0.9994615, 0, -0.03281279), (0.9738557, 0, -0.2271676), (0.9108251, 0, -0.4127924), (0.8127921, 0, -0.5825539), (0.6835239, 0, -0.7299282), (0.5279882, 0, -0.8492517), (0.3521623, 0, -0.9359389), (0.162803, 0, -0.9866586), (0.03281279, 0, -0.9994615), (-0.162803, 0, -0.9866586), (-0.3521623, 0, -0.9359389), (-0.5279882, 0, -0.8492517), (-0.6835239, 0, -0.7299282), (-0.8127921, 0, -0.5825539), (-0.9108251, 0, -0.4127924), (-0.9738557, 0, -0.2271676), (-0.9994615, 0, -0.03281279), (-0.9866586, 0, 0.162803), (-0.9359389, 0, 0.3521623), (-0.8492517, 0, 0.5279882), (-0.7299282, 0, 0.6835239), (-0.5825539, 0, 0.8127921), (-0.4127924, 0, 0.9108251), (-0.2271676, 0, 0.9738557), (-0.03281279, 0, 0.9994615), (0.162803, 0, 0.9866586), (0.3521623, 0, 0.9359389), (0.5279882, 0, 0.8492517), (0.6835239, 0, 0.7299282), (0.8127921, 0, 0.5825539), (0.9108251, 0, 0.4127924), (0.9738557, 0, 0.2271676), (0.9994615, 0, 0.03281279), (0.9866586, 0, -0.162803), (0.9359389, 0, -0.3521623), (0.8492517, 0, -0.5279882), (0.7299282, 0, -0.6835239), (0.5825539, 0, -0.8127921), (0.4127924, 0, -0.9108251), (0.2271676, 0, -0.9738557), (0, -1, 0), (0, -1, 0), (0, -1, 0), (0, -1, 0), (0, -1, 0), (0, -1, 0), (0, -1, 0), (0, -1, 0), (0, -1, 0), (0, -1, 0), (0, -1, 0), (0, -1, 0), (0, -1, 0), (0, -1, 0), (0, -1, 0), (0, -1, 0), (0, -1, 0), (0, -1, 0), (0, -1, 0), (0, -1, 0), (0, -1, 0), (0, -1, 0), (0, -1, 0), (0, -1, 0), (0, -1, 0), (0, -1, 0), (0, -1, 0), (0, -1, 0), (0, -1, 0), (0, -1, 0), (0, -1, 0), (0, -1, 0), (0, 1, 0), (0, 1, 0), (0, 1, 0), (0, 1, 0), (0, 1, 0), (0, 1, 0), (0, 1, 0), (0, 1, 0), (0, 1, 0), (0, 1, 0), (0, 1, 0), (0, 1, 0), (0, 1, 0), (0, 1, 0), (0, 1, 0), (0, 1, 0), (0, 1, 0), (0, 1, 0), (0, 1, 0), (0, 1, 0), (0, 1, 0), (0, 1, 0), (0, 1, 0), (0, 1, 0), (0, 1, 0), (0, 1, 0), (0, 1, 0), (0, 1, 0), (0, 1, 0), (0, 1, 0), (0, 1, 0), (0, 1, 0)] (interpolation = "vertex")
            float3[] extent = [(-0.007969626, 0.00424908, 0.006681626), (-0.006681626, 0.00448092, 0.007969626)]
            rel material:binding = </WorkbenchPart/Materials/steel>
            texCoord2f[] primvars:st = [(-0.7999987, 0.7437778), (-0.7865753, 0.7478498), (-0.7742043, 0.7544622), (-0.7999987, 0.7437778), (-0.7742043, 0.7544622), (-0.7633611, 0.7633611), (-0.7999987, 0.7437778), (-0.7633611, 0.7633611), (-0.7544622, 0.7742043), (-0.7999987, 0.7437778), (-0.7544622, 0.7742043), (-0.7478498, 0.7865753), (-0.7999987, 0.7437778), (-0.7478498, 0.7865753), (-0.7437778, 0.7999987), (-0.7999987, 0.7437778), (-0.7437778, 0.7999987), (-0.7424029, 0.8139585), (-0.7999987, 0.7437778), (-0.7424029, 0.8139585), (-0.7437778, 0.8279183), (-0.7999987, 0.7437778), (-0.7437778, 0.8279183), (-0.7478498, 0.8413416), (-0.7999987, 0.7437778), (-0.7478498, 0.8413416), (-0.7544622, 0.8537126), (-0.7999987, 0.7437778), (-0.7544622, 0.8537126), (-0.7633611, 0.8645559), (-0.7999987, 0.7437778), (-0.7633611, 0.8645559), (-0.7742043, 0.8734547), (-0.7999987, 0.7437778), (-0.7742043, 0.8734547), (-0.7865753, 0.8800672), (-0.7999987, 0.7437778), (-0.7865753, 0.8800672), (-0.7999987, 0.8841391), (-0.7999987, 0.7437778), (-0.7999987, 0.8841391), (-0.8139585, 0.885514), (-0.7999987, 0.7437778), (-0.8139585, 0.885514), (-0.8279183, 0.8841391), (-0.7999987, 0.7437778), (-0.8279183, 0.8841391), (-0.8413416, 0.8800672), (-0.7999987, 0.7437778), (-0.8413416, 0.8800672), (-0.8537126, 0.8734547), (-0.7999987, 0.7437778), (-0.8537126, 0.8734547), (-0.8645559, 0.8645559), (-0.7999987, 0.7437778), (-0.8645559, 0.8645559), (-0.8734547, 0.8537126), (-0.7999987, 0.7437778), (-0.8734547, 0.8537126), (-0.8800672, 0.8413416), (-0.7999987, 0.7437778), (-0.8800672, 0.8413416), (-0.8841391, 0.8279183), (-0.7999987, 0.7437778), (-0.8841391, 0.8279183), (-0.885514, 0.8139585), (-0.7999987, 0.7437778), (-0.885514, 0.8139585), (-0.8841391, 0.7999987), (-0.7999987, 0.7437778), (-0.8841391, 0.7999987), (-0.8800672, 0.7865753), (-0.7999987, 0.7437778), (-0.8800672, 0.7865753), (-0.8734547, 0.7742043), (-0.7999987, 0.7437778), (-0.8734547, 0.7742043), (-0.8645559, 0.7633611), (-0.7999987, 0.7437778), (-0.8645559, 0.7633611), (-0.8537126, 0.7544622), (-0.7999987, 0.7437778), (-0.8537126, 0.7544622), (-0.8413416, 0.7478498), (-0.7999987, 0.7437778), (-0.8413416, 0.7478498), (-0.8279183, 0.7437778), (-0.7999987, 0.7437778), (-0.8279183, 0.7437778), (-0.8139585, 0.7424029), (-0.8139585, 0.7424029), (-0.8279183, 0.7437778), (-0.8413416, 0.7478498), (-0.8139585, 0.7424029), (-0.8413416, 0.7478498), (-0.8537126, 0.7544622), (-0.8139585, 0.7424029), (-0.8537126, 0.7544622), (-0.8645559, 0.7633611), (-0.8139585, 0.7424029), (-0.8645559, 0.7633611), (-0.8734547, 0.7742043), (-0.8139585, 0.7424029), (-0.8734547, 0.7742043), (-0.8800672, 0.7865753), (-0.8139585, 0.7424029), (-0.8800672, 0.7865753), (-0.8841391, 0.7999987), (-0.8139585, 0.7424029), (-0.8841391, 0.7999987), (-0.885514, 0.8139585), (-0.8139585, 0.7424029), (-0.885514, 0.8139585), (-0.8841391, 0.8279183), (-0.8139585, 0.7424029), (-0.8841391, 0.8279183), (-0.8800672, 0.8413416), (-0.8139585, 0.7424029), (-0.8800672, 0.8413416), (-0.8734547, 0.8537126), (-0.8139585, 0.7424029), (-0.8734547, 0.8537126), (-0.8645559, 0.8645559), (-0.8139585, 0.7424029), (-0.8645559, 0.8645559), (-0.8537126, 0.8734547), (-0.8139585, 0.7424029), (-0.8537126, 0.8734547), (-0.8413416, 0.8800672), (-0.8139585, 0.7424029), (-0.8413416, 0.8800672), (-0.8279183, 0.8841391), (-0.8139585, 0.7424029), (-0.8279183, 0.8841391), (-0.8139585, 0.885514), (-0.8139585, 0.7424029), (-0.8139585, 0.885514), (-0.7999987, 0.8841391), (-0.8139585, 0.7424029), (-0.7999987, 0.8841391), (-0.7865753, 0.8800672), (-0.8139585, 0.7424029), (-0.7865753, 0.8800672), (-0.7742043, 0.8734547), (-0.8139585, 0.7424029), (-0.7742043, 0.8734547), (-0.7633611, 0.8645559), (-0.8139585, 0.7424029), (-0.7633611, 0.8645559), (-0.7544622, 0.8537126), (-0.8139585, 0.7424029), (-0.7544622, 0.8537126), (-0.7478498, 0.8413416), (-0.8139585, 0.7424029), (-0.7478498, 0.8413416), (-0.7437778, 0.8279183), (-0.8139585, 0.7424029), (-0.7437778, 0.8279183), (-0.7424029, 0.8139585), (-0.8139585, 0.7424029), (-0.7424029, 0.8139585), (-0.7437778, 0.7999987), (-0.8139585, 0.7424029), (-0.7437778, 0.7999987), (-0.7478498, 0.7865753), (-0.8139585, 0.7424029), (-0.7478498, 0.7865753), (-0.7544622, 0.7742043), (-0.8139585, 0.7424029), (-0.7544622, 0.7742043), (-0.7633611, 0.7633611), (-0.8139585, 0.7424029), (-0.7633611, 0.7633611), (-0.7742043, 0.7544622), (-0.8139585, 0.7424029), (-0.7742043, 0.7544622), (-0.7865753, 0.7478498), (-0.8139585, 0.7424029), (-0.7865753, 0.7478498), (-0.7999987, 0.7437778), (-0.8139585, 0.47212), (-0.8279183, 0.47212), (-0.8279183, 0.49788), (-0.8139585, 0.47212), (-0.8279183, 0.49788), (-0.8139585, 0.49788), (-0.8279183, 0.47212), (-0.8413416, 0.47212), (-0.8413416, 0.49788), (-0.8279183, 0.47212), (-0.8413416, 0.49788), (-0.8279183, 0.49788), (-0.8413416, 0.47212), (-0.8537126, 0.47212), (-0.8537126, 0.49788), (-0.8413416, 0.47212), (-0.8537126, 0.49788), (-0.8413416, 0.49788), (-0.8537126, 0.47212), (-0.8645559, 0.47212), (-0.8645559, 0.49788), (-0.8537126, 0.47212), (-0.8645559, 0.49788), (-0.8537126, 0.49788), (0.47212, 0.7633611), (0.47212, 0.7742043), (0.49788, 0.7742043), (0.47212, 0.7633611), (0.49788, 0.7742043), (0.49788, 0.7633611), (0.47212, 0.7742043), (0.47212, 0.7865753), (0.49788, 0.7865753), (0.47212, 0.7742043), (0.49788, 0.7865753), (0.49788, 0.7742043), (0.47212, 0.7865753), (0.47212, 0.7999987), (0.49788, 0.7999987), (0.47212, 0.7865753), (0.49788, 0.7999987), (0.49788, 0.7865753), (0.47212, 0.7999987), (0.47212, 0.8139585), (0.49788, 0.8139585), (0.47212, 0.7999987), (0.49788, 0.8139585), (0.49788, 0.7999987), (0.47212, 0.8139585), (0.47212, 0.8279183), (0.49788, 0.8279183), (0.47212, 0.8139585), (0.49788, 0.8279183), (0.49788, 0.8139585), (0.47212, 0.8279183), (0.47212, 0.8413416), (0.49788, 0.8413416), (0.47212, 0.8279183), (0.49788, 0.8413416), (0.49788, 0.8279183), (0.47212, 0.8413416), (0.47212, 0.8537126), (0.49788, 0.8537126), (0.47212, 0.8413416), (0.49788, 0.8537126), (0.49788, 0.8413416), (0.47212, 0.8537126), (0.47212, 0.8645559), (0.49788, 0.8645559), (0.47212, 0.8537126), (0.49788, 0.8645559), (0.49788, 0.8537126), (-0.8645559, 0.47212), (-0.8537126, 0.47212), (-0.8537126, 0.49788), (-0.8645559, 0.47212), (-0.8537126, 0.49788), (-0.8645559, 0.49788), (-0.8537126, 0.47212), (-0.8413416, 0.47212), (-0.8413416, 0.49788), (-0.8537126, 0.47212), (-0.8413416, 0.49788), (-0.8537126, 0.49788), (-0.8413416, 0.47212), (-0.8279183, 0.47212), (-0.8279183, 0.49788), (-0.8413416, 0.47212), (-0.8279183, 0.49788), (-0.8413416, 0.49788), (-0.8279183, 0.47212), (-0.8139585, 0.47212), (-0.8139585, 0.49788), (-0.8279183, 0.47212), (-0.8139585, 0.49788), (-0.8279183, 0.49788), (-0.8139585, 0.47212), (-0.7999987, 0.47212), (-0.7999987, 0.49788), (-0.8139585, 0.47212), (-0.7999987, 0.49788), (-0.8139585, 0.49788), (-0.7999987, 0.47212), (-0.7865753, 0.47212), (-0.7865753, 0.49788), (-0.7999987, 0.47212), (-0.7865753, 0.49788), (-0.7999987, 0.49788), (-0.7865753, 0.47212), (-0.7742043, 0.47212), (-0.7742043, 0.49788), (-0.7865753, 0.47212), (-0.7742043, 0.49788), (-0.7865753, 0.49788), (-0.7742043, 0.47212), (-0.7633611, 0.47212), (-0.7633611, 0.49788), (-0.7742043, 0.47212), (-0.7633611, 0.49788), (-0.7742043, 0.49788), (0.47212, 0.8645559), (0.47212, 0.8537126), (0.49788, 0.8537126), (0.47212, 0.8645559), (0.49788, 0.8537126), (0.49788, 0.8645559), (0.47212, 0.8537126), (0.47212, 0.8413416), (0.49788, 0.8413416), (0.47212, 0.8537126), (0.49788, 0.8413416), (0.49788, 0.8537126), (0.47212, 0.8413416), (0.47212, 0.8279183), (0.49788, 0.8279183), (0.47212, 0.8413416), (0.49788, 0.8279183), (0.49788, 0.8413416), (0.47212, 0.8279183), (0.47212, 0.8139585), (0.49788, 0.8139585), (0.47212, 0.8279183), (0.49788, 0.8139585), (0.49788, 0.8279183), (0.47212, 0.8139585), (0.47212, 0.7999987), (0.49788, 0.7999987), (0.47212, 0.8139585), (0.49788, 0.7999987), (0.49788, 0.8139585), (0.47212, 0.7999987), (0.47212, 0.7865753), (0.49788, 0.7865753), (0.47212, 0.7999987), (0.49788, 0.7865753), (0.49788, 0.7999987), (0.47212, 0.7865753), (0.47212, 0.7742043), (0.49788, 0.7742043), (0.47212, 0.7865753), (0.49788, 0.7742043), (0.49788, 0.7865753), (0.47212, 0.7742043), (0.47212, 0.7633611), (0.49788, 0.7633611), (0.47212, 0.7742043), (0.49788, 0.7633611), (0.49788, 0.7742043), (-0.7633611, 0.47212), (-0.7742043, 0.47212), (-0.7742043, 0.49788), (-0.7633611, 0.47212), (-0.7742043, 0.49788), (-0.7633611, 0.49788), (-0.7742043, 0.47212), (-0.7865753, 0.47212), (-0.7865753, 0.49788), (-0.7742043, 0.47212), (-0.7865753, 0.49788), (-0.7742043, 0.49788), (-0.7865753, 0.47212), (-0.7999987, 0.47212), (-0.7999987, 0.49788), (-0.7865753, 0.47212), (-0.7999987, 0.49788), (-0.7865753, 0.49788), (-0.7999987, 0.47212), (-0.8139585, 0.47212), (-0.8139585, 0.49788), (-0.7999987, 0.47212), (-0.8139585, 0.49788), (-0.7999987, 0.49788)] (interpolation = "faceVarying")
        }
        def Mesh "HexSocket_02" (prepend apiSchemas = ["MaterialBindingAPI"])
        {
            uniform token subdivisionScheme = "none"
            uniform token orientation = "rightHanded"
            bool doubleSided = false
            point3f[] points = [(-0.007325626, 0.004474158, 0.007048706), (-0.007565446, 0.004474158, 0.007187166), (-0.007565446, 0.004474158, 0.007464086), (-0.007325626, 0.004474158, 0.007602546), (-0.007085806, 0.004474158, 0.007464086), (-0.007085806, 0.004474158, 0.007187166), (-0.007325626, 0.004483818, 0.007048706), (-0.007565446, 0.004483818, 0.007187166), (-0.007565446, 0.004483818, 0.007464086), (-0.007325626, 0.004483818, 0.007602546), (-0.007085806, 0.004483818, 0.007464086), (-0.007085806, 0.004483818, 0.007187166), (-0.007325626, 0.004474158, 0.007048706), (-0.007565446, 0.004474158, 0.007187166), (-0.007565446, 0.004474158, 0.007464086), (-0.007325626, 0.004474158, 0.007602546), (-0.007085806, 0.004474158, 0.007464086), (-0.007085806, 0.004474158, 0.007187166), (-0.007325626, 0.004483818, 0.007048706), (-0.007565446, 0.004483818, 0.007187166), (-0.007565446, 0.004483818, 0.007464086), (-0.007325626, 0.004483818, 0.007602546), (-0.007085806, 0.004483818, 0.007464086), (-0.007085806, 0.004483818, 0.007187166)]
            int[] faceVertexCounts = [3, 3, 3, 3, 3, 3, 3, 3, 3, 3, 3, 3, 3, 3, 3, 3, 3, 3, 3, 3]
            int[] faceVertexIndices = [17, 16, 15, 17, 15, 14, 17, 14, 13, 17, 13, 12, 18, 19, 20, 18, 20, 21, 18, 21, 22, 18, 22, 23, 0, 1, 7, 0, 7, 6, 1, 2, 8, 1, 8, 7, 2, 3, 9, 2, 9, 8, 3, 4, 10, 3, 10, 9, 4, 5, 11, 4, 11, 10, 5, 0, 6, 5, 6, 11]
            normal3f[] normals = [(-0.1889822, 0, -0.9819805), (-0.9449112, 0, -0.3273268), (-0.7559289, 0, 0.6546537), (0.1889822, 0, 0.9819805), (0.9449112, 0, 0.3273268), (0.7559289, 0, -0.6546537), (0.1889822, 0, -0.9819805), (-0.7559289, 0, -0.6546537), (-0.9449112, 0, 0.3273268), (-0.1889822, 0, 0.9819805), (0.7559289, 0, 0.6546537), (0.9449112, 0, -0.3273268), (0, -1, 0), (0, -1, 0), (0, -1, 0), (0, -1, 0), (0, -1, 0), (0, -1, 0), (0, 1, 0), (0, 1, 0), (0, 1, 0), (0, 1, 0), (0, 1, 0), (0, 1, 0)] (interpolation = "vertex")
            float3[] extent = [(-0.007565446, 0.004474158, 0.007048706), (-0.007085806, 0.004483818, 0.007602546)]
            rel material:binding = </WorkbenchPart/Materials/seam>
        }
        def Mesh "FastenerHead_03" (prepend apiSchemas = ["MaterialBindingAPI"])
        {
            uniform token subdivisionScheme = "none"
            uniform token orientation = "rightHanded"
            bool doubleSided = false
            point3f[] points = [(-0.007325626, 0.00424908, -0.007969626), (-0.007451264, 0.00424908, -0.007957252), (-0.007572074, 0.00424908, -0.007920605), (-0.007683413, 0.00424908, -0.007861093), (-0.007781003, 0.00424908, -0.007781003), (-0.007861093, 0.00424908, -0.007683413), (-0.007920605, 0.00424908, -0.007572074), (-0.007957252, 0.00424908, -0.007451264), (-0.007969626, 0.00424908, -0.007325626), (-0.007957252, 0.00424908, -0.007199988), (-0.007920605, 0.00424908, -0.007079178), (-0.007861093, 0.00424908, -0.006967839), (-0.007781003, 0.00424908, -0.006870249), (-0.007683413, 0.00424908, -0.00679016), (-0.007572074, 0.00424908, -0.006730648), (-0.007451264, 0.00424908, -0.006694001), (-0.007325626, 0.00424908, -0.006681626), (-0.007199988, 0.00424908, -0.006694001), (-0.007079178, 0.00424908, -0.006730648), (-0.006967839, 0.00424908, -0.00679016), (-0.006870249, 0.00424908, -0.006870249), (-0.00679016, 0.00424908, -0.006967839), (-0.006730648, 0.00424908, -0.007079178), (-0.006694001, 0.00424908, -0.007199988), (-0.006681626, 0.00424908, -0.007325626), (-0.006694001, 0.00424908, -0.007451264), (-0.006730648, 0.00424908, -0.007572074), (-0.00679016, 0.00424908, -0.007683413), (-0.006870249, 0.00424908, -0.007781003), (-0.006967839, 0.00424908, -0.007861093), (-0.007079178, 0.00424908, -0.007920605), (-0.007199988, 0.00424908, -0.007957252), (-0.007325626, 0.00448092, -0.007969626), (-0.007451264, 0.00448092, -0.007957252), (-0.007572074, 0.00448092, -0.007920605), (-0.007683413, 0.00448092, -0.007861093), (-0.007781003, 0.00448092, -0.007781003), (-0.007861093, 0.00448092, -0.007683413), (-0.007920605, 0.00448092, -0.007572074), (-0.007957252, 0.00448092, -0.007451264), (-0.007969626, 0.00448092, -0.007325626), (-0.007957252, 0.00448092, -0.007199988), (-0.007920605, 0.00448092, -0.007079178), (-0.007861093, 0.00448092, -0.006967839), (-0.007781003, 0.00448092, -0.006870249), (-0.007683413, 0.00448092, -0.00679016), (-0.007572074, 0.00448092, -0.006730648), (-0.007451264, 0.00448092, -0.006694001), (-0.007325626, 0.00448092, -0.006681626), (-0.007199988, 0.00448092, -0.006694001), (-0.007079178, 0.00448092, -0.006730648), (-0.006967839, 0.00448092, -0.00679016), (-0.006870249, 0.00448092, -0.006870249), (-0.00679016, 0.00448092, -0.006967839), (-0.006730648, 0.00448092, -0.007079178), (-0.006694001, 0.00448092, -0.007199988), (-0.006681626, 0.00448092, -0.007325626), (-0.006694001, 0.00448092, -0.007451264), (-0.006730648, 0.00448092, -0.007572074), (-0.00679016, 0.00448092, -0.007683413), (-0.006870249, 0.00448092, -0.007781003), (-0.006967839, 0.00448092, -0.007861093), (-0.007079178, 0.00448092, -0.007920605), (-0.007199988, 0.00448092, -0.007957252), (-0.007325626, 0.00424908, -0.007969626), (-0.007451264, 0.00424908, -0.007957252), (-0.007572074, 0.00424908, -0.007920605), (-0.007683413, 0.00424908, -0.007861093), (-0.007781003, 0.00424908, -0.007781003), (-0.007861093, 0.00424908, -0.007683413), (-0.007920605, 0.00424908, -0.007572074), (-0.007957252, 0.00424908, -0.007451264), (-0.007969626, 0.00424908, -0.007325626), (-0.007957252, 0.00424908, -0.007199988), (-0.007920605, 0.00424908, -0.007079178), (-0.007861093, 0.00424908, -0.006967839), (-0.007781003, 0.00424908, -0.006870249), (-0.007683413, 0.00424908, -0.00679016), (-0.007572074, 0.00424908, -0.006730648), (-0.007451264, 0.00424908, -0.006694001), (-0.007325626, 0.00424908, -0.006681626), (-0.007199988, 0.00424908, -0.006694001), (-0.007079178, 0.00424908, -0.006730648), (-0.006967839, 0.00424908, -0.00679016), (-0.006870249, 0.00424908, -0.006870249), (-0.00679016, 0.00424908, -0.006967839), (-0.006730648, 0.00424908, -0.007079178), (-0.006694001, 0.00424908, -0.007199988), (-0.006681626, 0.00424908, -0.007325626), (-0.006694001, 0.00424908, -0.007451264), (-0.006730648, 0.00424908, -0.007572074), (-0.00679016, 0.00424908, -0.007683413), (-0.006870249, 0.00424908, -0.007781003), (-0.006967839, 0.00424908, -0.007861093), (-0.007079178, 0.00424908, -0.007920605), (-0.007199988, 0.00424908, -0.007957252), (-0.007325626, 0.00448092, -0.007969626), (-0.007451264, 0.00448092, -0.007957252), (-0.007572074, 0.00448092, -0.007920605), (-0.007683413, 0.00448092, -0.007861093), (-0.007781003, 0.00448092, -0.007781003), (-0.007861093, 0.00448092, -0.007683413), (-0.007920605, 0.00448092, -0.007572074), (-0.007957252, 0.00448092, -0.007451264), (-0.007969626, 0.00448092, -0.007325626), (-0.007957252, 0.00448092, -0.007199988), (-0.007920605, 0.00448092, -0.007079178), (-0.007861093, 0.00448092, -0.006967839), (-0.007781003, 0.00448092, -0.006870249), (-0.007683413, 0.00448092, -0.00679016), (-0.007572074, 0.00448092, -0.006730648), (-0.007451264, 0.00448092, -0.006694001), (-0.007325626, 0.00448092, -0.006681626), (-0.007199988, 0.00448092, -0.006694001), (-0.007079178, 0.00448092, -0.006730648), (-0.006967839, 0.00448092, -0.00679016), (-0.006870249, 0.00448092, -0.006870249), (-0.00679016, 0.00448092, -0.006967839), (-0.006730648, 0.00448092, -0.007079178), (-0.006694001, 0.00448092, -0.007199988), (-0.006681626, 0.00448092, -0.007325626), (-0.006694001, 0.00448092, -0.007451264), (-0.006730648, 0.00448092, -0.007572074), (-0.00679016, 0.00448092, -0.007683413), (-0.006870249, 0.00448092, -0.007781003), (-0.006967839, 0.00448092, -0.007861093), (-0.007079178, 0.00448092, -0.007920605), (-0.007199988, 0.00448092, -0.007957252)]
            int[] faceVertexCounts = [3, 3, 3, 3, 3, 3, 3, 3, 3, 3, 3, 3, 3, 3, 3, 3, 3, 3, 3, 3, 3, 3, 3, 3, 3, 3, 3, 3, 3, 3, 3, 3, 3, 3, 3, 3, 3, 3, 3, 3, 3, 3, 3, 3, 3, 3, 3, 3, 3, 3, 3, 3, 3, 3, 3, 3, 3, 3, 3, 3, 3, 3, 3, 3, 3, 3, 3, 3, 3, 3, 3, 3, 3, 3, 3, 3, 3, 3, 3, 3, 3, 3, 3, 3, 3, 3, 3, 3, 3, 3, 3, 3, 3, 3, 3, 3, 3, 3, 3, 3, 3, 3, 3, 3, 3, 3, 3, 3, 3, 3, 3, 3, 3, 3, 3, 3, 3, 3, 3, 3, 3, 3, 3, 3]
            int[] faceVertexIndices = [95, 94, 93, 95, 93, 92, 95, 92, 91, 95, 91, 90, 95, 90, 89, 95, 89, 88, 95, 88, 87, 95, 87, 86, 95, 86, 85, 95, 85, 84, 95, 84, 83, 95, 83, 82, 95, 82, 81, 95, 81, 80, 95, 80, 79, 95, 79, 78, 95, 78, 77, 95, 77, 76, 95, 76, 75, 95, 75, 74, 95, 74, 73, 95, 73, 72, 95, 72, 71, 95, 71, 70, 95, 70, 69, 95, 69, 68, 95, 68, 67, 95, 67, 66, 95, 66, 65, 95, 65, 64, 96, 97, 98, 96, 98, 99, 96, 99, 100, 96, 100, 101, 96, 101, 102, 96, 102, 103, 96, 103, 104, 96, 104, 105, 96, 105, 106, 96, 106, 107, 96, 107, 108, 96, 108, 109, 96, 109, 110, 96, 110, 111, 96, 111, 112, 96, 112, 113, 96, 113, 114, 96, 114, 115, 96, 115, 116, 96, 116, 117, 96, 117, 118, 96, 118, 119, 96, 119, 120, 96, 120, 121, 96, 121, 122, 96, 122, 123, 96, 123, 124, 96, 124, 125, 96, 125, 126, 96, 126, 127, 0, 1, 33, 0, 33, 32, 1, 2, 34, 1, 34, 33, 2, 3, 35, 2, 35, 34, 3, 4, 36, 3, 36, 35, 4, 5, 37, 4, 37, 36, 5, 6, 38, 5, 38, 37, 6, 7, 39, 6, 39, 38, 7, 8, 40, 7, 40, 39, 8, 9, 41, 8, 41, 40, 9, 10, 42, 9, 42, 41, 10, 11, 43, 10, 43, 42, 11, 12, 44, 11, 44, 43, 12, 13, 45, 12, 45, 44, 13, 14, 46, 13, 46, 45, 14, 15, 47, 14, 47, 46, 15, 16, 48, 15, 48, 47, 16, 17, 49, 16, 49, 48, 17, 18, 50, 17, 50, 49, 18, 19, 51, 18, 51, 50, 19, 20, 52, 19, 52, 51, 20, 21, 53, 20, 53, 52, 21, 22, 54, 21, 54, 53, 22, 23, 55, 22, 55, 54, 23, 24, 56, 23, 56, 55, 24, 25, 57, 24, 57, 56, 25, 26, 58, 25, 58, 57, 26, 27, 59, 26, 59, 58, 27, 28, 60, 27, 60, 59, 28, 29, 61, 28, 61, 60, 29, 30, 62, 29, 62, 61, 30, 31, 63, 30, 63, 62, 31, 0, 32, 31, 32, 63]
            normal3f[] normals = [(-0.03281279, 0, -0.9994615), (-0.2271676, 0, -0.9738557), (-0.4127924, 0, -0.9108251), (-0.5825539, 0, -0.8127921), (-0.7299282, 0, -0.6835239), (-0.8492517, 0, -0.5279882), (-0.9359389, 0, -0.3521623), (-0.9866586, 0, -0.162803), (-0.9994615, 0, 0.03281279), (-0.9738557, 0, 0.2271676), (-0.9108251, 0, 0.4127924), (-0.8127921, 0, 0.5825539), (-0.6835239, 0, 0.7299282), (-0.5279882, 0, 0.8492517), (-0.3521623, 0, 0.9359389), (-0.162803, 0, 0.9866586), (0.03281279, 0, 0.9994615), (0.2271676, 0, 0.9738557), (0.4127924, 0, 0.9108251), (0.5825539, 0, 0.8127921), (0.7299282, 0, 0.6835239), (0.8492517, 0, 0.5279882), (0.9359389, 0, 0.3521623), (0.9866586, 0, 0.162803), (0.9994615, 0, -0.03281279), (0.9738557, 0, -0.2271676), (0.9108251, 0, -0.4127924), (0.8127921, 0, -0.5825539), (0.6835239, 0, -0.7299282), (0.5279882, 0, -0.8492517), (0.3521623, 0, -0.9359389), (0.162803, 0, -0.9866586), (0.03281279, 0, -0.9994615), (-0.162803, 0, -0.9866586), (-0.3521623, 0, -0.9359389), (-0.5279882, 0, -0.8492517), (-0.6835239, 0, -0.7299282), (-0.8127921, 0, -0.5825539), (-0.9108251, 0, -0.4127924), (-0.9738557, 0, -0.2271676), (-0.9994615, 0, -0.03281279), (-0.9866586, 0, 0.162803), (-0.9359389, 0, 0.3521623), (-0.8492517, 0, 0.5279882), (-0.7299282, 0, 0.6835239), (-0.5825539, 0, 0.8127921), (-0.4127924, 0, 0.9108251), (-0.2271676, 0, 0.9738557), (-0.03281279, 0, 0.9994615), (0.162803, 0, 0.9866586), (0.3521623, 0, 0.9359389), (0.5279882, 0, 0.8492517), (0.6835239, 0, 0.7299282), (0.8127921, 0, 0.5825539), (0.9108251, 0, 0.4127924), (0.9738557, 0, 0.2271676), (0.9994615, 0, 0.03281279), (0.9866586, 0, -0.162803), (0.9359389, 0, -0.3521623), (0.8492517, 0, -0.5279882), (0.7299282, 0, -0.6835239), (0.5825539, 0, -0.8127921), (0.4127924, 0, -0.9108251), (0.2271676, 0, -0.9738557), (0, -1, 0), (0, -1, 0), (0, -1, 0), (0, -1, 0), (0, -1, 0), (0, -1, 0), (0, -1, 0), (0, -1, 0), (0, -1, 0), (0, -1, 0), (0, -1, 0), (0, -1, 0), (0, -1, 0), (0, -1, 0), (0, -1, 0), (0, -1, 0), (0, -1, 0), (0, -1, 0), (0, -1, 0), (0, -1, 0), (0, -1, 0), (0, -1, 0), (0, -1, 0), (0, -1, 0), (0, -1, 0), (0, -1, 0), (0, -1, 0), (0, -1, 0), (0, -1, 0), (0, -1, 0), (0, -1, 0), (0, -1, 0), (0, 1, 0), (0, 1, 0), (0, 1, 0), (0, 1, 0), (0, 1, 0), (0, 1, 0), (0, 1, 0), (0, 1, 0), (0, 1, 0), (0, 1, 0), (0, 1, 0), (0, 1, 0), (0, 1, 0), (0, 1, 0), (0, 1, 0), (0, 1, 0), (0, 1, 0), (0, 1, 0), (0, 1, 0), (0, 1, 0), (0, 1, 0), (0, 1, 0), (0, 1, 0), (0, 1, 0), (0, 1, 0), (0, 1, 0), (0, 1, 0), (0, 1, 0), (0, 1, 0), (0, 1, 0), (0, 1, 0), (0, 1, 0)] (interpolation = "vertex")
            float3[] extent = [(-0.007969626, 0.00424908, -0.007969626), (-0.006681626, 0.00448092, -0.006681626)]
            rel material:binding = </WorkbenchPart/Materials/steel>
            texCoord2f[] primvars:st = [(-0.7999987, -0.8841391), (-0.7865753, -0.8800672), (-0.7742043, -0.8734547), (-0.7999987, -0.8841391), (-0.7742043, -0.8734547), (-0.7633611, -0.8645559), (-0.7999987, -0.8841391), (-0.7633611, -0.8645559), (-0.7544622, -0.8537126), (-0.7999987, -0.8841391), (-0.7544622, -0.8537126), (-0.7478498, -0.8413416), (-0.7999987, -0.8841391), (-0.7478498, -0.8413416), (-0.7437778, -0.8279183), (-0.7999987, -0.8841391), (-0.7437778, -0.8279183), (-0.7424029, -0.8139585), (-0.7999987, -0.8841391), (-0.7424029, -0.8139585), (-0.7437778, -0.7999987), (-0.7999987, -0.8841391), (-0.7437778, -0.7999987), (-0.7478498, -0.7865753), (-0.7999987, -0.8841391), (-0.7478498, -0.7865753), (-0.7544622, -0.7742043), (-0.7999987, -0.8841391), (-0.7544622, -0.7742043), (-0.7633611, -0.7633611), (-0.7999987, -0.8841391), (-0.7633611, -0.7633611), (-0.7742043, -0.7544622), (-0.7999987, -0.8841391), (-0.7742043, -0.7544622), (-0.7865753, -0.7478498), (-0.7999987, -0.8841391), (-0.7865753, -0.7478498), (-0.7999987, -0.7437778), (-0.7999987, -0.8841391), (-0.7999987, -0.7437778), (-0.8139585, -0.7424029), (-0.7999987, -0.8841391), (-0.8139585, -0.7424029), (-0.8279183, -0.7437778), (-0.7999987, -0.8841391), (-0.8279183, -0.7437778), (-0.8413416, -0.7478498), (-0.7999987, -0.8841391), (-0.8413416, -0.7478498), (-0.8537126, -0.7544622), (-0.7999987, -0.8841391), (-0.8537126, -0.7544622), (-0.8645559, -0.7633611), (-0.7999987, -0.8841391), (-0.8645559, -0.7633611), (-0.8734547, -0.7742043), (-0.7999987, -0.8841391), (-0.8734547, -0.7742043), (-0.8800672, -0.7865753), (-0.7999987, -0.8841391), (-0.8800672, -0.7865753), (-0.8841391, -0.7999987), (-0.7999987, -0.8841391), (-0.8841391, -0.7999987), (-0.885514, -0.8139585), (-0.7999987, -0.8841391), (-0.885514, -0.8139585), (-0.8841391, -0.8279183), (-0.7999987, -0.8841391), (-0.8841391, -0.8279183), (-0.8800672, -0.8413416), (-0.7999987, -0.8841391), (-0.8800672, -0.8413416), (-0.8734547, -0.8537126), (-0.7999987, -0.8841391), (-0.8734547, -0.8537126), (-0.8645559, -0.8645559), (-0.7999987, -0.8841391), (-0.8645559, -0.8645559), (-0.8537126, -0.8734547), (-0.7999987, -0.8841391), (-0.8537126, -0.8734547), (-0.8413416, -0.8800672), (-0.7999987, -0.8841391), (-0.8413416, -0.8800672), (-0.8279183, -0.8841391), (-0.7999987, -0.8841391), (-0.8279183, -0.8841391), (-0.8139585, -0.885514), (-0.8139585, -0.885514), (-0.8279183, -0.8841391), (-0.8413416, -0.8800672), (-0.8139585, -0.885514), (-0.8413416, -0.8800672), (-0.8537126, -0.8734547), (-0.8139585, -0.885514), (-0.8537126, -0.8734547), (-0.8645559, -0.8645559), (-0.8139585, -0.885514), (-0.8645559, -0.8645559), (-0.8734547, -0.8537126), (-0.8139585, -0.885514), (-0.8734547, -0.8537126), (-0.8800672, -0.8413416), (-0.8139585, -0.885514), (-0.8800672, -0.8413416), (-0.8841391, -0.8279183), (-0.8139585, -0.885514), (-0.8841391, -0.8279183), (-0.885514, -0.8139585), (-0.8139585, -0.885514), (-0.885514, -0.8139585), (-0.8841391, -0.7999987), (-0.8139585, -0.885514), (-0.8841391, -0.7999987), (-0.8800672, -0.7865753), (-0.8139585, -0.885514), (-0.8800672, -0.7865753), (-0.8734547, -0.7742043), (-0.8139585, -0.885514), (-0.8734547, -0.7742043), (-0.8645559, -0.7633611), (-0.8139585, -0.885514), (-0.8645559, -0.7633611), (-0.8537126, -0.7544622), (-0.8139585, -0.885514), (-0.8537126, -0.7544622), (-0.8413416, -0.7478498), (-0.8139585, -0.885514), (-0.8413416, -0.7478498), (-0.8279183, -0.7437778), (-0.8139585, -0.885514), (-0.8279183, -0.7437778), (-0.8139585, -0.7424029), (-0.8139585, -0.885514), (-0.8139585, -0.7424029), (-0.7999987, -0.7437778), (-0.8139585, -0.885514), (-0.7999987, -0.7437778), (-0.7865753, -0.7478498), (-0.8139585, -0.885514), (-0.7865753, -0.7478498), (-0.7742043, -0.7544622), (-0.8139585, -0.885514), (-0.7742043, -0.7544622), (-0.7633611, -0.7633611), (-0.8139585, -0.885514), (-0.7633611, -0.7633611), (-0.7544622, -0.7742043), (-0.8139585, -0.885514), (-0.7544622, -0.7742043), (-0.7478498, -0.7865753), (-0.8139585, -0.885514), (-0.7478498, -0.7865753), (-0.7437778, -0.7999987), (-0.8139585, -0.885514), (-0.7437778, -0.7999987), (-0.7424029, -0.8139585), (-0.8139585, -0.885514), (-0.7424029, -0.8139585), (-0.7437778, -0.8279183), (-0.8139585, -0.885514), (-0.7437778, -0.8279183), (-0.7478498, -0.8413416), (-0.8139585, -0.885514), (-0.7478498, -0.8413416), (-0.7544622, -0.8537126), (-0.8139585, -0.885514), (-0.7544622, -0.8537126), (-0.7633611, -0.8645559), (-0.8139585, -0.885514), (-0.7633611, -0.8645559), (-0.7742043, -0.8734547), (-0.8139585, -0.885514), (-0.7742043, -0.8734547), (-0.7865753, -0.8800672), (-0.8139585, -0.885514), (-0.7865753, -0.8800672), (-0.7999987, -0.8841391), (-0.8139585, 0.47212), (-0.8279183, 0.47212), (-0.8279183, 0.49788), (-0.8139585, 0.47212), (-0.8279183, 0.49788), (-0.8139585, 0.49788), (-0.8279183, 0.47212), (-0.8413416, 0.47212), (-0.8413416, 0.49788), (-0.8279183, 0.47212), (-0.8413416, 0.49788), (-0.8279183, 0.49788), (-0.8413416, 0.47212), (-0.8537126, 0.47212), (-0.8537126, 0.49788), (-0.8413416, 0.47212), (-0.8537126, 0.49788), (-0.8413416, 0.49788), (-0.8537126, 0.47212), (-0.8645559, 0.47212), (-0.8645559, 0.49788), (-0.8537126, 0.47212), (-0.8645559, 0.49788), (-0.8537126, 0.49788), (0.47212, -0.8645559), (0.47212, -0.8537126), (0.49788, -0.8537126), (0.47212, -0.8645559), (0.49788, -0.8537126), (0.49788, -0.8645559), (0.47212, -0.8537126), (0.47212, -0.8413416), (0.49788, -0.8413416), (0.47212, -0.8537126), (0.49788, -0.8413416), (0.49788, -0.8537126), (0.47212, -0.8413416), (0.47212, -0.8279183), (0.49788, -0.8279183), (0.47212, -0.8413416), (0.49788, -0.8279183), (0.49788, -0.8413416), (0.47212, -0.8279183), (0.47212, -0.8139585), (0.49788, -0.8139585), (0.47212, -0.8279183), (0.49788, -0.8139585), (0.49788, -0.8279183), (0.47212, -0.8139585), (0.47212, -0.7999987), (0.49788, -0.7999987), (0.47212, -0.8139585), (0.49788, -0.7999987), (0.49788, -0.8139585), (0.47212, -0.7999987), (0.47212, -0.7865753), (0.49788, -0.7865753), (0.47212, -0.7999987), (0.49788, -0.7865753), (0.49788, -0.7999987), (0.47212, -0.7865753), (0.47212, -0.7742043), (0.49788, -0.7742043), (0.47212, -0.7865753), (0.49788, -0.7742043), (0.49788, -0.7865753), (0.47212, -0.7742043), (0.47212, -0.7633611), (0.49788, -0.7633611), (0.47212, -0.7742043), (0.49788, -0.7633611), (0.49788, -0.7742043), (-0.8645559, 0.47212), (-0.8537126, 0.47212), (-0.8537126, 0.49788), (-0.8645559, 0.47212), (-0.8537126, 0.49788), (-0.8645559, 0.49788), (-0.8537126, 0.47212), (-0.8413416, 0.47212), (-0.8413416, 0.49788), (-0.8537126, 0.47212), (-0.8413416, 0.49788), (-0.8537126, 0.49788), (-0.8413416, 0.47212), (-0.8279183, 0.47212), (-0.8279183, 0.49788), (-0.8413416, 0.47212), (-0.8279183, 0.49788), (-0.8413416, 0.49788), (-0.8279183, 0.47212), (-0.8139585, 0.47212), (-0.8139585, 0.49788), (-0.8279183, 0.47212), (-0.8139585, 0.49788), (-0.8279183, 0.49788), (-0.8139585, 0.47212), (-0.7999987, 0.47212), (-0.7999987, 0.49788), (-0.8139585, 0.47212), (-0.7999987, 0.49788), (-0.8139585, 0.49788), (-0.7999987, 0.47212), (-0.7865753, 0.47212), (-0.7865753, 0.49788), (-0.7999987, 0.47212), (-0.7865753, 0.49788), (-0.7999987, 0.49788), (-0.7865753, 0.47212), (-0.7742043, 0.47212), (-0.7742043, 0.49788), (-0.7865753, 0.47212), (-0.7742043, 0.49788), (-0.7865753, 0.49788), (-0.7742043, 0.47212), (-0.7633611, 0.47212), (-0.7633611, 0.49788), (-0.7742043, 0.47212), (-0.7633611, 0.49788), (-0.7742043, 0.49788), (0.47212, -0.7633611), (0.47212, -0.7742043), (0.49788, -0.7742043), (0.47212, -0.7633611), (0.49788, -0.7742043), (0.49788, -0.7633611), (0.47212, -0.7742043), (0.47212, -0.7865753), (0.49788, -0.7865753), (0.47212, -0.7742043), (0.49788, -0.7865753), (0.49788, -0.7742043), (0.47212, -0.7865753), (0.47212, -0.7999987), (0.49788, -0.7999987), (0.47212, -0.7865753), (0.49788, -0.7999987), (0.49788, -0.7865753), (0.47212, -0.7999987), (0.47212, -0.8139585), (0.49788, -0.8139585), (0.47212, -0.7999987), (0.49788, -0.8139585), (0.49788, -0.7999987), (0.47212, -0.8139585), (0.47212, -0.8279183), (0.49788, -0.8279183), (0.47212, -0.8139585), (0.49788, -0.8279183), (0.49788, -0.8139585), (0.47212, -0.8279183), (0.47212, -0.8413416), (0.49788, -0.8413416), (0.47212, -0.8279183), (0.49788, -0.8413416), (0.49788, -0.8279183), (0.47212, -0.8413416), (0.47212, -0.8537126), (0.49788, -0.8537126), (0.47212, -0.8413416), (0.49788, -0.8537126), (0.49788, -0.8413416), (0.47212, -0.8537126), (0.47212, -0.8645559), (0.49788, -0.8645559), (0.47212, -0.8537126), (0.49788, -0.8645559), (0.49788, -0.8537126), (-0.7633611, 0.47212), (-0.7742043, 0.47212), (-0.7742043, 0.49788), (-0.7633611, 0.47212), (-0.7742043, 0.49788), (-0.7633611, 0.49788), (-0.7742043, 0.47212), (-0.7865753, 0.47212), (-0.7865753, 0.49788), (-0.7742043, 0.47212), (-0.7865753, 0.49788), (-0.7742043, 0.49788), (-0.7865753, 0.47212), (-0.7999987, 0.47212), (-0.7999987, 0.49788), (-0.7865753, 0.47212), (-0.7999987, 0.49788), (-0.7865753, 0.49788), (-0.7999987, 0.47212), (-0.8139585, 0.47212), (-0.8139585, 0.49788), (-0.7999987, 0.47212), (-0.8139585, 0.49788), (-0.7999987, 0.49788)] (interpolation = "faceVarying")
        }
        def Mesh "HexSocket_03" (prepend apiSchemas = ["MaterialBindingAPI"])
        {
            uniform token subdivisionScheme = "none"
            uniform token orientation = "rightHanded"
            bool doubleSided = false
            point3f[] points = [(-0.007325626, 0.004474158, -0.007602546), (-0.007565446, 0.004474158, -0.007464086), (-0.007565446, 0.004474158, -0.007187166), (-0.007325626, 0.004474158, -0.007048706), (-0.007085806, 0.004474158, -0.007187166), (-0.007085806, 0.004474158, -0.007464086), (-0.007325626, 0.004483818, -0.007602546), (-0.007565446, 0.004483818, -0.007464086), (-0.007565446, 0.004483818, -0.007187166), (-0.007325626, 0.004483818, -0.007048706), (-0.007085806, 0.004483818, -0.007187166), (-0.007085806, 0.004483818, -0.007464086), (-0.007325626, 0.004474158, -0.007602546), (-0.007565446, 0.004474158, -0.007464086), (-0.007565446, 0.004474158, -0.007187166), (-0.007325626, 0.004474158, -0.007048706), (-0.007085806, 0.004474158, -0.007187166), (-0.007085806, 0.004474158, -0.007464086), (-0.007325626, 0.004483818, -0.007602546), (-0.007565446, 0.004483818, -0.007464086), (-0.007565446, 0.004483818, -0.007187166), (-0.007325626, 0.004483818, -0.007048706), (-0.007085806, 0.004483818, -0.007187166), (-0.007085806, 0.004483818, -0.007464086)]
            int[] faceVertexCounts = [3, 3, 3, 3, 3, 3, 3, 3, 3, 3, 3, 3, 3, 3, 3, 3, 3, 3, 3, 3]
            int[] faceVertexIndices = [17, 16, 15, 17, 15, 14, 17, 14, 13, 17, 13, 12, 18, 19, 20, 18, 20, 21, 18, 21, 22, 18, 22, 23, 0, 1, 7, 0, 7, 6, 1, 2, 8, 1, 8, 7, 2, 3, 9, 2, 9, 8, 3, 4, 10, 3, 10, 9, 4, 5, 11, 4, 11, 10, 5, 0, 6, 5, 6, 11]
            normal3f[] normals = [(-0.1889822, 0, -0.9819805), (-0.9449112, 0, -0.3273268), (-0.7559289, 0, 0.6546537), (0.1889822, 0, 0.9819805), (0.9449112, 0, 0.3273268), (0.7559289, 0, -0.6546537), (0.1889822, 0, -0.9819805), (-0.7559289, 0, -0.6546537), (-0.9449112, 0, 0.3273268), (-0.1889822, 0, 0.9819805), (0.7559289, 0, 0.6546537), (0.9449112, 0, -0.3273268), (0, -1, 0), (0, -1, 0), (0, -1, 0), (0, -1, 0), (0, -1, 0), (0, -1, 0), (0, 1, 0), (0, 1, 0), (0, 1, 0), (0, 1, 0), (0, 1, 0), (0, 1, 0)] (interpolation = "vertex")
            float3[] extent = [(-0.007565446, 0.004474158, -0.007602546), (-0.007085806, 0.004483818, -0.007048706)]
            rel material:binding = </WorkbenchPart/Materials/seam>
        }
        def Mesh "FastenerHead_04" (prepend apiSchemas = ["MaterialBindingAPI"])
        {
            uniform token subdivisionScheme = "none"
            uniform token orientation = "rightHanded"
            bool doubleSided = false
            point3f[] points = [(0.007325626, 0.00424908, -0.007969626), (0.007199988, 0.00424908, -0.007957252), (0.007079178, 0.00424908, -0.007920605), (0.006967839, 0.00424908, -0.007861093), (0.006870249, 0.00424908, -0.007781003), (0.00679016, 0.00424908, -0.007683413), (0.006730648, 0.00424908, -0.007572074), (0.006694001, 0.00424908, -0.007451264), (0.006681626, 0.00424908, -0.007325626), (0.006694001, 0.00424908, -0.007199988), (0.006730648, 0.00424908, -0.007079178), (0.00679016, 0.00424908, -0.006967839), (0.006870249, 0.00424908, -0.006870249), (0.006967839, 0.00424908, -0.00679016), (0.007079178, 0.00424908, -0.006730648), (0.007199988, 0.00424908, -0.006694001), (0.007325626, 0.00424908, -0.006681626), (0.007451264, 0.00424908, -0.006694001), (0.007572074, 0.00424908, -0.006730648), (0.007683413, 0.00424908, -0.00679016), (0.007781003, 0.00424908, -0.006870249), (0.007861093, 0.00424908, -0.006967839), (0.007920605, 0.00424908, -0.007079178), (0.007957252, 0.00424908, -0.007199988), (0.007969626, 0.00424908, -0.007325626), (0.007957252, 0.00424908, -0.007451264), (0.007920605, 0.00424908, -0.007572074), (0.007861093, 0.00424908, -0.007683413), (0.007781003, 0.00424908, -0.007781003), (0.007683413, 0.00424908, -0.007861093), (0.007572074, 0.00424908, -0.007920605), (0.007451264, 0.00424908, -0.007957252), (0.007325626, 0.00448092, -0.007969626), (0.007199988, 0.00448092, -0.007957252), (0.007079178, 0.00448092, -0.007920605), (0.006967839, 0.00448092, -0.007861093), (0.006870249, 0.00448092, -0.007781003), (0.00679016, 0.00448092, -0.007683413), (0.006730648, 0.00448092, -0.007572074), (0.006694001, 0.00448092, -0.007451264), (0.006681626, 0.00448092, -0.007325626), (0.006694001, 0.00448092, -0.007199988), (0.006730648, 0.00448092, -0.007079178), (0.00679016, 0.00448092, -0.006967839), (0.006870249, 0.00448092, -0.006870249), (0.006967839, 0.00448092, -0.00679016), (0.007079178, 0.00448092, -0.006730648), (0.007199988, 0.00448092, -0.006694001), (0.007325626, 0.00448092, -0.006681626), (0.007451264, 0.00448092, -0.006694001), (0.007572074, 0.00448092, -0.006730648), (0.007683413, 0.00448092, -0.00679016), (0.007781003, 0.00448092, -0.006870249), (0.007861093, 0.00448092, -0.006967839), (0.007920605, 0.00448092, -0.007079178), (0.007957252, 0.00448092, -0.007199988), (0.007969626, 0.00448092, -0.007325626), (0.007957252, 0.00448092, -0.007451264), (0.007920605, 0.00448092, -0.007572074), (0.007861093, 0.00448092, -0.007683413), (0.007781003, 0.00448092, -0.007781003), (0.007683413, 0.00448092, -0.007861093), (0.007572074, 0.00448092, -0.007920605), (0.007451264, 0.00448092, -0.007957252), (0.007325626, 0.00424908, -0.007969626), (0.007199988, 0.00424908, -0.007957252), (0.007079178, 0.00424908, -0.007920605), (0.006967839, 0.00424908, -0.007861093), (0.006870249, 0.00424908, -0.007781003), (0.00679016, 0.00424908, -0.007683413), (0.006730648, 0.00424908, -0.007572074), (0.006694001, 0.00424908, -0.007451264), (0.006681626, 0.00424908, -0.007325626), (0.006694001, 0.00424908, -0.007199988), (0.006730648, 0.00424908, -0.007079178), (0.00679016, 0.00424908, -0.006967839), (0.006870249, 0.00424908, -0.006870249), (0.006967839, 0.00424908, -0.00679016), (0.007079178, 0.00424908, -0.006730648), (0.007199988, 0.00424908, -0.006694001), (0.007325626, 0.00424908, -0.006681626), (0.007451264, 0.00424908, -0.006694001), (0.007572074, 0.00424908, -0.006730648), (0.007683413, 0.00424908, -0.00679016), (0.007781003, 0.00424908, -0.006870249), (0.007861093, 0.00424908, -0.006967839), (0.007920605, 0.00424908, -0.007079178), (0.007957252, 0.00424908, -0.007199988), (0.007969626, 0.00424908, -0.007325626), (0.007957252, 0.00424908, -0.007451264), (0.007920605, 0.00424908, -0.007572074), (0.007861093, 0.00424908, -0.007683413), (0.007781003, 0.00424908, -0.007781003), (0.007683413, 0.00424908, -0.007861093), (0.007572074, 0.00424908, -0.007920605), (0.007451264, 0.00424908, -0.007957252), (0.007325626, 0.00448092, -0.007969626), (0.007199988, 0.00448092, -0.007957252), (0.007079178, 0.00448092, -0.007920605), (0.006967839, 0.00448092, -0.007861093), (0.006870249, 0.00448092, -0.007781003), (0.00679016, 0.00448092, -0.007683413), (0.006730648, 0.00448092, -0.007572074), (0.006694001, 0.00448092, -0.007451264), (0.006681626, 0.00448092, -0.007325626), (0.006694001, 0.00448092, -0.007199988), (0.006730648, 0.00448092, -0.007079178), (0.00679016, 0.00448092, -0.006967839), (0.006870249, 0.00448092, -0.006870249), (0.006967839, 0.00448092, -0.00679016), (0.007079178, 0.00448092, -0.006730648), (0.007199988, 0.00448092, -0.006694001), (0.007325626, 0.00448092, -0.006681626), (0.007451264, 0.00448092, -0.006694001), (0.007572074, 0.00448092, -0.006730648), (0.007683413, 0.00448092, -0.00679016), (0.007781003, 0.00448092, -0.006870249), (0.007861093, 0.00448092, -0.006967839), (0.007920605, 0.00448092, -0.007079178), (0.007957252, 0.00448092, -0.007199988), (0.007969626, 0.00448092, -0.007325626), (0.007957252, 0.00448092, -0.007451264), (0.007920605, 0.00448092, -0.007572074), (0.007861093, 0.00448092, -0.007683413), (0.007781003, 0.00448092, -0.007781003), (0.007683413, 0.00448092, -0.007861093), (0.007572074, 0.00448092, -0.007920605), (0.007451264, 0.00448092, -0.007957252)]
            int[] faceVertexCounts = [3, 3, 3, 3, 3, 3, 3, 3, 3, 3, 3, 3, 3, 3, 3, 3, 3, 3, 3, 3, 3, 3, 3, 3, 3, 3, 3, 3, 3, 3, 3, 3, 3, 3, 3, 3, 3, 3, 3, 3, 3, 3, 3, 3, 3, 3, 3, 3, 3, 3, 3, 3, 3, 3, 3, 3, 3, 3, 3, 3, 3, 3, 3, 3, 3, 3, 3, 3, 3, 3, 3, 3, 3, 3, 3, 3, 3, 3, 3, 3, 3, 3, 3, 3, 3, 3, 3, 3, 3, 3, 3, 3, 3, 3, 3, 3, 3, 3, 3, 3, 3, 3, 3, 3, 3, 3, 3, 3, 3, 3, 3, 3, 3, 3, 3, 3, 3, 3, 3, 3, 3, 3, 3, 3]
            int[] faceVertexIndices = [95, 94, 93, 95, 93, 92, 95, 92, 91, 95, 91, 90, 95, 90, 89, 95, 89, 88, 95, 88, 87, 95, 87, 86, 95, 86, 85, 95, 85, 84, 95, 84, 83, 95, 83, 82, 95, 82, 81, 95, 81, 80, 95, 80, 79, 95, 79, 78, 95, 78, 77, 95, 77, 76, 95, 76, 75, 95, 75, 74, 95, 74, 73, 95, 73, 72, 95, 72, 71, 95, 71, 70, 95, 70, 69, 95, 69, 68, 95, 68, 67, 95, 67, 66, 95, 66, 65, 95, 65, 64, 96, 97, 98, 96, 98, 99, 96, 99, 100, 96, 100, 101, 96, 101, 102, 96, 102, 103, 96, 103, 104, 96, 104, 105, 96, 105, 106, 96, 106, 107, 96, 107, 108, 96, 108, 109, 96, 109, 110, 96, 110, 111, 96, 111, 112, 96, 112, 113, 96, 113, 114, 96, 114, 115, 96, 115, 116, 96, 116, 117, 96, 117, 118, 96, 118, 119, 96, 119, 120, 96, 120, 121, 96, 121, 122, 96, 122, 123, 96, 123, 124, 96, 124, 125, 96, 125, 126, 96, 126, 127, 0, 1, 33, 0, 33, 32, 1, 2, 34, 1, 34, 33, 2, 3, 35, 2, 35, 34, 3, 4, 36, 3, 36, 35, 4, 5, 37, 4, 37, 36, 5, 6, 38, 5, 38, 37, 6, 7, 39, 6, 39, 38, 7, 8, 40, 7, 40, 39, 8, 9, 41, 8, 41, 40, 9, 10, 42, 9, 42, 41, 10, 11, 43, 10, 43, 42, 11, 12, 44, 11, 44, 43, 12, 13, 45, 12, 45, 44, 13, 14, 46, 13, 46, 45, 14, 15, 47, 14, 47, 46, 15, 16, 48, 15, 48, 47, 16, 17, 49, 16, 49, 48, 17, 18, 50, 17, 50, 49, 18, 19, 51, 18, 51, 50, 19, 20, 52, 19, 52, 51, 20, 21, 53, 20, 53, 52, 21, 22, 54, 21, 54, 53, 22, 23, 55, 22, 55, 54, 23, 24, 56, 23, 56, 55, 24, 25, 57, 24, 57, 56, 25, 26, 58, 25, 58, 57, 26, 27, 59, 26, 59, 58, 27, 28, 60, 27, 60, 59, 28, 29, 61, 28, 61, 60, 29, 30, 62, 29, 62, 61, 30, 31, 63, 30, 63, 62, 31, 0, 32, 31, 32, 63]
            normal3f[] normals = [(-0.03281279, 0, -0.9994615), (-0.2271676, 0, -0.9738557), (-0.4127924, 0, -0.9108251), (-0.5825539, 0, -0.8127921), (-0.7299282, 0, -0.6835239), (-0.8492517, 0, -0.5279882), (-0.9359389, 0, -0.3521623), (-0.9866586, 0, -0.162803), (-0.9994615, 0, 0.03281279), (-0.9738557, 0, 0.2271676), (-0.9108251, 0, 0.4127924), (-0.8127921, 0, 0.5825539), (-0.6835239, 0, 0.7299282), (-0.5279882, 0, 0.8492517), (-0.3521623, 0, 0.9359389), (-0.162803, 0, 0.9866586), (0.03281279, 0, 0.9994615), (0.2271676, 0, 0.9738557), (0.4127924, 0, 0.9108251), (0.5825539, 0, 0.8127921), (0.7299282, 0, 0.6835239), (0.8492517, 0, 0.5279882), (0.9359389, 0, 0.3521623), (0.9866586, 0, 0.162803), (0.9994615, 0, -0.03281279), (0.9738557, 0, -0.2271676), (0.9108251, 0, -0.4127924), (0.8127921, 0, -0.5825539), (0.6835239, 0, -0.7299282), (0.5279882, 0, -0.8492517), (0.3521623, 0, -0.9359389), (0.162803, 0, -0.9866586), (0.03281279, 0, -0.9994615), (-0.162803, 0, -0.9866586), (-0.3521623, 0, -0.9359389), (-0.5279882, 0, -0.8492517), (-0.6835239, 0, -0.7299282), (-0.8127921, 0, -0.5825539), (-0.9108251, 0, -0.4127924), (-0.9738557, 0, -0.2271676), (-0.9994615, 0, -0.03281279), (-0.9866586, 0, 0.162803), (-0.9359389, 0, 0.3521623), (-0.8492517, 0, 0.5279882), (-0.7299282, 0, 0.6835239), (-0.5825539, 0, 0.8127921), (-0.4127924, 0, 0.9108251), (-0.2271676, 0, 0.9738557), (-0.03281279, 0, 0.9994615), (0.162803, 0, 0.9866586), (0.3521623, 0, 0.9359389), (0.5279882, 0, 0.8492517), (0.6835239, 0, 0.7299282), (0.8127921, 0, 0.5825539), (0.9108251, 0, 0.4127924), (0.9738557, 0, 0.2271676), (0.9994615, 0, 0.03281279), (0.9866586, 0, -0.162803), (0.9359389, 0, -0.3521623), (0.8492517, 0, -0.5279882), (0.7299282, 0, -0.6835239), (0.5825539, 0, -0.8127921), (0.4127924, 0, -0.9108251), (0.2271676, 0, -0.9738557), (0, -1, 0), (0, -1, 0), (0, -1, 0), (0, -1, 0), (0, -1, 0), (0, -1, 0), (0, -1, 0), (0, -1, 0), (0, -1, 0), (0, -1, 0), (0, -1, 0), (0, -1, 0), (0, -1, 0), (0, -1, 0), (0, -1, 0), (0, -1, 0), (0, -1, 0), (0, -1, 0), (0, -1, 0), (0, -1, 0), (0, -1, 0), (0, -1, 0), (0, -1, 0), (0, -1, 0), (0, -1, 0), (0, -1, 0), (0, -1, 0), (0, -1, 0), (0, -1, 0), (0, -1, 0), (0, -1, 0), (0, -1, 0), (0, 1, 0), (0, 1, 0), (0, 1, 0), (0, 1, 0), (0, 1, 0), (0, 1, 0), (0, 1, 0), (0, 1, 0), (0, 1, 0), (0, 1, 0), (0, 1, 0), (0, 1, 0), (0, 1, 0), (0, 1, 0), (0, 1, 0), (0, 1, 0), (0, 1, 0), (0, 1, 0), (0, 1, 0), (0, 1, 0), (0, 1, 0), (0, 1, 0), (0, 1, 0), (0, 1, 0), (0, 1, 0), (0, 1, 0), (0, 1, 0), (0, 1, 0), (0, 1, 0), (0, 1, 0), (0, 1, 0), (0, 1, 0)] (interpolation = "vertex")
            float3[] extent = [(0.006681626, 0.00424908, -0.007969626), (0.007969626, 0.00448092, -0.006681626)]
            rel material:binding = </WorkbenchPart/Materials/steel>
            texCoord2f[] primvars:st = [(0.8279183, -0.8841391), (0.8413416, -0.8800672), (0.8537126, -0.8734547), (0.8279183, -0.8841391), (0.8537126, -0.8734547), (0.8645559, -0.8645559), (0.8279183, -0.8841391), (0.8645559, -0.8645559), (0.8734547, -0.8537126), (0.8279183, -0.8841391), (0.8734547, -0.8537126), (0.8800672, -0.8413416), (0.8279183, -0.8841391), (0.8800672, -0.8413416), (0.8841391, -0.8279183), (0.8279183, -0.8841391), (0.8841391, -0.8279183), (0.885514, -0.8139585), (0.8279183, -0.8841391), (0.885514, -0.8139585), (0.8841391, -0.7999987), (0.8279183, -0.8841391), (0.8841391, -0.7999987), (0.8800672, -0.7865753), (0.8279183, -0.8841391), (0.8800672, -0.7865753), (0.8734547, -0.7742043), (0.8279183, -0.8841391), (0.8734547, -0.7742043), (0.8645559, -0.7633611), (0.8279183, -0.8841391), (0.8645559, -0.7633611), (0.8537126, -0.7544622), (0.8279183, -0.8841391), (0.8537126, -0.7544622), (0.8413416, -0.7478498), (0.8279183, -0.8841391), (0.8413416, -0.7478498), (0.8279183, -0.7437778), (0.8279183, -0.8841391), (0.8279183, -0.7437778), (0.8139585, -0.7424029), (0.8279183, -0.8841391), (0.8139585, -0.7424029), (0.7999987, -0.7437778), (0.8279183, -0.8841391), (0.7999987, -0.7437778), (0.7865753, -0.7478498), (0.8279183, -0.8841391), (0.7865753, -0.7478498), (0.7742043, -0.7544622), (0.8279183, -0.8841391), (0.7742043, -0.7544622), (0.7633611, -0.7633611), (0.8279183, -0.8841391), (0.7633611, -0.7633611), (0.7544622, -0.7742043), (0.8279183, -0.8841391), (0.7544622, -0.7742043), (0.7478498, -0.7865753), (0.8279183, -0.8841391), (0.7478498, -0.7865753), (0.7437778, -0.7999987), (0.8279183, -0.8841391), (0.7437778, -0.7999987), (0.7424029, -0.8139585), (0.8279183, -0.8841391), (0.7424029, -0.8139585), (0.7437778, -0.8279183), (0.8279183, -0.8841391), (0.7437778, -0.8279183), (0.7478498, -0.8413416), (0.8279183, -0.8841391), (0.7478498, -0.8413416), (0.7544622, -0.8537126), (0.8279183, -0.8841391), (0.7544622, -0.8537126), (0.7633611, -0.8645559), (0.8279183, -0.8841391), (0.7633611, -0.8645559), (0.7742043, -0.8734547), (0.8279183, -0.8841391), (0.7742043, -0.8734547), (0.7865753, -0.8800672), (0.8279183, -0.8841391), (0.7865753, -0.8800672), (0.7999987, -0.8841391), (0.8279183, -0.8841391), (0.7999987, -0.8841391), (0.8139585, -0.885514), (0.8139585, -0.885514), (0.7999987, -0.8841391), (0.7865753, -0.8800672), (0.8139585, -0.885514), (0.7865753, -0.8800672), (0.7742043, -0.8734547), (0.8139585, -0.885514), (0.7742043, -0.8734547), (0.7633611, -0.8645559), (0.8139585, -0.885514), (0.7633611, -0.8645559), (0.7544622, -0.8537126), (0.8139585, -0.885514), (0.7544622, -0.8537126), (0.7478498, -0.8413416), (0.8139585, -0.885514), (0.7478498, -0.8413416), (0.7437778, -0.8279183), (0.8139585, -0.885514), (0.7437778, -0.8279183), (0.7424029, -0.8139585), (0.8139585, -0.885514), (0.7424029, -0.8139585), (0.7437778, -0.7999987), (0.8139585, -0.885514), (0.7437778, -0.7999987), (0.7478498, -0.7865753), (0.8139585, -0.885514), (0.7478498, -0.7865753), (0.7544622, -0.7742043), (0.8139585, -0.885514), (0.7544622, -0.7742043), (0.7633611, -0.7633611), (0.8139585, -0.885514), (0.7633611, -0.7633611), (0.7742043, -0.7544622), (0.8139585, -0.885514), (0.7742043, -0.7544622), (0.7865753, -0.7478498), (0.8139585, -0.885514), (0.7865753, -0.7478498), (0.7999987, -0.7437778), (0.8139585, -0.885514), (0.7999987, -0.7437778), (0.8139585, -0.7424029), (0.8139585, -0.885514), (0.8139585, -0.7424029), (0.8279183, -0.7437778), (0.8139585, -0.885514), (0.8279183, -0.7437778), (0.8413416, -0.7478498), (0.8139585, -0.885514), (0.8413416, -0.7478498), (0.8537126, -0.7544622), (0.8139585, -0.885514), (0.8537126, -0.7544622), (0.8645559, -0.7633611), (0.8139585, -0.885514), (0.8645559, -0.7633611), (0.8734547, -0.7742043), (0.8139585, -0.885514), (0.8734547, -0.7742043), (0.8800672, -0.7865753), (0.8139585, -0.885514), (0.8800672, -0.7865753), (0.8841391, -0.7999987), (0.8139585, -0.885514), (0.8841391, -0.7999987), (0.885514, -0.8139585), (0.8139585, -0.885514), (0.885514, -0.8139585), (0.8841391, -0.8279183), (0.8139585, -0.885514), (0.8841391, -0.8279183), (0.8800672, -0.8413416), (0.8139585, -0.885514), (0.8800672, -0.8413416), (0.8734547, -0.8537126), (0.8139585, -0.885514), (0.8734547, -0.8537126), (0.8645559, -0.8645559), (0.8139585, -0.885514), (0.8645559, -0.8645559), (0.8537126, -0.8734547), (0.8139585, -0.885514), (0.8537126, -0.8734547), (0.8413416, -0.8800672), (0.8139585, -0.885514), (0.8413416, -0.8800672), (0.8279183, -0.8841391), (0.8139585, 0.47212), (0.7999987, 0.47212), (0.7999987, 0.49788), (0.8139585, 0.47212), (0.7999987, 0.49788), (0.8139585, 0.49788), (0.7999987, 0.47212), (0.7865753, 0.47212), (0.7865753, 0.49788), (0.7999987, 0.47212), (0.7865753, 0.49788), (0.7999987, 0.49788), (0.7865753, 0.47212), (0.7742043, 0.47212), (0.7742043, 0.49788), (0.7865753, 0.47212), (0.7742043, 0.49788), (0.7865753, 0.49788), (0.7742043, 0.47212), (0.7633611, 0.47212), (0.7633611, 0.49788), (0.7742043, 0.47212), (0.7633611, 0.49788), (0.7742043, 0.49788), (0.47212, -0.8645559), (0.47212, -0.8537126), (0.49788, -0.8537126), (0.47212, -0.8645559), (0.49788, -0.8537126), (0.49788, -0.8645559), (0.47212, -0.8537126), (0.47212, -0.8413416), (0.49788, -0.8413416), (0.47212, -0.8537126), (0.49788, -0.8413416), (0.49788, -0.8537126), (0.47212, -0.8413416), (0.47212, -0.8279183), (0.49788, -0.8279183), (0.47212, -0.8413416), (0.49788, -0.8279183), (0.49788, -0.8413416), (0.47212, -0.8279183), (0.47212, -0.8139585), (0.49788, -0.8139585), (0.47212, -0.8279183), (0.49788, -0.8139585), (0.49788, -0.8279183), (0.47212, -0.8139585), (0.47212, -0.7999987), (0.49788, -0.7999987), (0.47212, -0.8139585), (0.49788, -0.7999987), (0.49788, -0.8139585), (0.47212, -0.7999987), (0.47212, -0.7865753), (0.49788, -0.7865753), (0.47212, -0.7999987), (0.49788, -0.7865753), (0.49788, -0.7999987), (0.47212, -0.7865753), (0.47212, -0.7742043), (0.49788, -0.7742043), (0.47212, -0.7865753), (0.49788, -0.7742043), (0.49788, -0.7865753), (0.47212, -0.7742043), (0.47212, -0.7633611), (0.49788, -0.7633611), (0.47212, -0.7742043), (0.49788, -0.7633611), (0.49788, -0.7742043), (0.7633611, 0.47212), (0.7742043, 0.47212), (0.7742043, 0.49788), (0.7633611, 0.47212), (0.7742043, 0.49788), (0.7633611, 0.49788), (0.7742043, 0.47212), (0.7865753, 0.47212), (0.7865753, 0.49788), (0.7742043, 0.47212), (0.7865753, 0.49788), (0.7742043, 0.49788), (0.7865753, 0.47212), (0.7999987, 0.47212), (0.7999987, 0.49788), (0.7865753, 0.47212), (0.7999987, 0.49788), (0.7865753, 0.49788), (0.7999987, 0.47212), (0.8139585, 0.47212), (0.8139585, 0.49788), (0.7999987, 0.47212), (0.8139585, 0.49788), (0.7999987, 0.49788), (0.8139585, 0.47212), (0.8279183, 0.47212), (0.8279183, 0.49788), (0.8139585, 0.47212), (0.8279183, 0.49788), (0.8139585, 0.49788), (0.8279183, 0.47212), (0.8413416, 0.47212), (0.8413416, 0.49788), (0.8279183, 0.47212), (0.8413416, 0.49788), (0.8279183, 0.49788), (0.8413416, 0.47212), (0.8537126, 0.47212), (0.8537126, 0.49788), (0.8413416, 0.47212), (0.8537126, 0.49788), (0.8413416, 0.49788), (0.8537126, 0.47212), (0.8645559, 0.47212), (0.8645559, 0.49788), (0.8537126, 0.47212), (0.8645559, 0.49788), (0.8537126, 0.49788), (0.47212, -0.7633611), (0.47212, -0.7742043), (0.49788, -0.7742043), (0.47212, -0.7633611), (0.49788, -0.7742043), (0.49788, -0.7633611), (0.47212, -0.7742043), (0.47212, -0.7865753), (0.49788, -0.7865753), (0.47212, -0.7742043), (0.49788, -0.7865753), (0.49788, -0.7742043), (0.47212, -0.7865753), (0.47212, -0.7999987), (0.49788, -0.7999987), (0.47212, -0.7865753), (0.49788, -0.7999987), (0.49788, -0.7865753), (0.47212, -0.7999987), (0.47212, -0.8139585), (0.49788, -0.8139585), (0.47212, -0.7999987), (0.49788, -0.8139585), (0.49788, -0.7999987), (0.47212, -0.8139585), (0.47212, -0.8279183), (0.49788, -0.8279183), (0.47212, -0.8139585), (0.49788, -0.8279183), (0.49788, -0.8139585), (0.47212, -0.8279183), (0.47212, -0.8413416), (0.49788, -0.8413416), (0.47212, -0.8279183), (0.49788, -0.8413416), (0.49788, -0.8279183), (0.47212, -0.8413416), (0.47212, -0.8537126), (0.49788, -0.8537126), (0.47212, -0.8413416), (0.49788, -0.8537126), (0.49788, -0.8413416), (0.47212, -0.8537126), (0.47212, -0.8645559), (0.49788, -0.8645559), (0.47212, -0.8537126), (0.49788, -0.8645559), (0.49788, -0.8537126), (0.8645559, 0.47212), (0.8537126, 0.47212), (0.8537126, 0.49788), (0.8645559, 0.47212), (0.8537126, 0.49788), (0.8645559, 0.49788), (0.8537126, 0.47212), (0.8413416, 0.47212), (0.8413416, 0.49788), (0.8537126, 0.47212), (0.8413416, 0.49788), (0.8537126, 0.49788), (0.8413416, 0.47212), (0.8279183, 0.47212), (0.8279183, 0.49788), (0.8413416, 0.47212), (0.8279183, 0.49788), (0.8413416, 0.49788), (0.8279183, 0.47212), (0.8139585, 0.47212), (0.8139585, 0.49788), (0.8279183, 0.47212), (0.8139585, 0.49788), (0.8279183, 0.49788)] (interpolation = "faceVarying")
        }
        def Mesh "HexSocket_04" (prepend apiSchemas = ["MaterialBindingAPI"])
        {
            uniform token subdivisionScheme = "none"
            uniform token orientation = "rightHanded"
            bool doubleSided = false
            point3f[] points = [(0.007325626, 0.004474158, -0.007602546), (0.007085806, 0.004474158, -0.007464086), (0.007085806, 0.004474158, -0.007187166), (0.007325626, 0.004474158, -0.007048706), (0.007565446, 0.004474158, -0.007187166), (0.007565446, 0.004474158, -0.007464086), (0.007325626, 0.004483818, -0.007602546), (0.007085806, 0.004483818, -0.007464086), (0.007085806, 0.004483818, -0.007187166), (0.007325626, 0.004483818, -0.007048706), (0.007565446, 0.004483818, -0.007187166), (0.007565446, 0.004483818, -0.007464086), (0.007325626, 0.004474158, -0.007602546), (0.007085806, 0.004474158, -0.007464086), (0.007085806, 0.004474158, -0.007187166), (0.007325626, 0.004474158, -0.007048706), (0.007565446, 0.004474158, -0.007187166), (0.007565446, 0.004474158, -0.007464086), (0.007325626, 0.004483818, -0.007602546), (0.007085806, 0.004483818, -0.007464086), (0.007085806, 0.004483818, -0.007187166), (0.007325626, 0.004483818, -0.007048706), (0.007565446, 0.004483818, -0.007187166), (0.007565446, 0.004483818, -0.007464086)]
            int[] faceVertexCounts = [3, 3, 3, 3, 3, 3, 3, 3, 3, 3, 3, 3, 3, 3, 3, 3, 3, 3, 3, 3]
            int[] faceVertexIndices = [17, 16, 15, 17, 15, 14, 17, 14, 13, 17, 13, 12, 18, 19, 20, 18, 20, 21, 18, 21, 22, 18, 22, 23, 0, 1, 7, 0, 7, 6, 1, 2, 8, 1, 8, 7, 2, 3, 9, 2, 9, 8, 3, 4, 10, 3, 10, 9, 4, 5, 11, 4, 11, 10, 5, 0, 6, 5, 6, 11]
            normal3f[] normals = [(-0.1889822, 0, -0.9819805), (-0.9449112, 0, -0.3273268), (-0.7559289, 0, 0.6546537), (0.1889822, 0, 0.9819805), (0.9449112, 0, 0.3273268), (0.7559289, 0, -0.6546537), (0.1889822, 0, -0.9819805), (-0.7559289, 0, -0.6546537), (-0.9449112, 0, 0.3273268), (-0.1889822, 0, 0.9819805), (0.7559289, 0, 0.6546537), (0.9449112, 0, -0.3273268), (0, -1, 0), (0, -1, 0), (0, -1, 0), (0, -1, 0), (0, -1, 0), (0, -1, 0), (0, 1, 0), (0, 1, 0), (0, 1, 0), (0, 1, 0), (0, 1, 0), (0, 1, 0)] (interpolation = "vertex")
            float3[] extent = [(0.007085806, 0.004474158, -0.007602546), (0.007565446, 0.004483818, -0.007048706)]
            rel material:binding = </WorkbenchPart/Materials/seam>
        }
        def Mesh "IdentificationLabel_01" (prepend apiSchemas = ["MaterialBindingAPI"])
        {
            uniform token subdivisionScheme = "none"
            uniform token orientation = "rightHanded"
            bool doubleSided = true
            point3f[] points = [(-0.00714, 0.00438, -0.00364), (-0.00714, 0.00438, -0.00273), (-0.00714, 0.00438, -0.00182), (-0.00714, 0.00438, -0.00091), (-0.00714, 0.00438, 0), (-0.00714, 0.00438, 0.00091), (-0.00714, 0.00438, 0.00182), (-0.00714, 0.00438, 0.00273), (-0.00714, 0.00438, 0.00364), (-0.005355, 0.00438, -0.00364), (-0.005355, 0.00438, -0.00273), (-0.005355, 0.00438, -0.00182), (-0.005355, 0.00438, -0.00091), (-0.005355, 0.00438, 0), (-0.005355, 0.00438, 0.00091), (-0.005355, 0.00438, 0.00182), (-0.005355, 0.00438, 0.00273), (-0.005355, 0.00438, 0.00364), (-0.00357, 0.00438, -0.00364), (-0.00357, 0.00438, -0.00273), (-0.00357, 0.00438, -0.00182), (-0.00357, 0.00438, -0.00091), (-0.00357, 0.00438, 0), (-0.00357, 0.00438, 0.00091), (-0.00357, 0.00438, 0.00182), (-0.00357, 0.00438, 0.00273), (-0.00357, 0.00438, 0.00364), (-0.001785, 0.00438, -0.00364), (-0.001785, 0.00438, -0.00273), (-0.001785, 0.00438, -0.00182), (-0.001785, 0.00438, -0.00091), (-0.001785, 0.00438, 0), (-0.001785, 0.00438, 0.00091), (-0.001785, 0.00438, 0.00182), (-0.001785, 0.00438, 0.00273), (-0.001785, 0.00438, 0.00364), (0, 0.00438, -0.00364), (0, 0.00438, -0.00273), (0, 0.00438, -0.00182), (0, 0.00438, -0.00091), (0, 0.00438, 0), (0, 0.00438, 0.00091), (0, 0.00438, 0.00182), (0, 0.00438, 0.00273), (0, 0.00438, 0.00364), (0.001785, 0.00438, -0.00364), (0.001785, 0.00438, -0.00273), (0.001785, 0.00438, -0.00182), (0.001785, 0.00438, -0.00091), (0.001785, 0.00438, 0), (0.001785, 0.00438, 0.00091), (0.001785, 0.00438, 0.00182), (0.001785, 0.00438, 0.00273), (0.001785, 0.00438, 0.00364), (0.00357, 0.00438, -0.00364), (0.00357, 0.00438, -0.00273), (0.00357, 0.00438, -0.00182), (0.00357, 0.00438, -0.00091), (0.00357, 0.00438, 0), (0.00357, 0.00438, 0.00091), (0.00357, 0.00438, 0.00182), (0.00357, 0.00438, 0.00273), (0.00357, 0.00438, 0.00364), (0.005355, 0.00438, -0.00364), (0.005355, 0.00438, -0.00273), (0.005355, 0.00438, -0.00182), (0.005355, 0.00438, -0.00091), (0.005355, 0.00438, 0), (0.005355, 0.00438, 0.00091), (0.005355, 0.00438, 0.00182), (0.005355, 0.00438, 0.00273), (0.005355, 0.00438, 0.00364), (0.00714, 0.00438, -0.00364), (0.00714, 0.00438, -0.00273), (0.00714, 0.00438, -0.00182), (0.00714, 0.00438, -0.00091), (0.00714, 0.00438, 0), (0.00714, 0.00438, 0.00091), (0.00714, 0.00438, 0.00182), (0.00714, 0.00438, 0.00273), (0.00714, 0.00438, 0.00364)]
            int[] faceVertexCounts = [3, 3, 3, 3, 3, 3, 3, 3, 3, 3, 3, 3, 3, 3, 3, 3, 3, 3, 3, 3, 3, 3, 3, 3, 3, 3, 3, 3, 3, 3, 3, 3, 3, 3, 3, 3, 3, 3, 3, 3, 3, 3, 3, 3, 3, 3, 3, 3, 3, 3, 3, 3, 3, 3, 3, 3, 3, 3, 3, 3, 3, 3, 3, 3, 3, 3, 3, 3, 3, 3, 3, 3, 3, 3, 3, 3, 3, 3, 3, 3, 3, 3, 3, 3, 3, 3, 3, 3, 3, 3, 3, 3, 3, 3, 3, 3, 3, 3, 3, 3, 3, 3, 3, 3, 3, 3, 3, 3, 3, 3, 3, 3, 3, 3, 3, 3, 3, 3, 3, 3, 3, 3, 3, 3, 3, 3, 3, 3]
            int[] faceVertexIndices = [0, 1, 10, 0, 10, 9, 1, 2, 11, 1, 11, 10, 2, 3, 12, 2, 12, 11, 3, 4, 13, 3, 13, 12, 4, 5, 14, 4, 14, 13, 5, 6, 15, 5, 15, 14, 6, 7, 16, 6, 16, 15, 7, 8, 17, 7, 17, 16, 9, 10, 19, 9, 19, 18, 10, 11, 20, 10, 20, 19, 11, 12, 21, 11, 21, 20, 12, 13, 22, 12, 22, 21, 13, 14, 23, 13, 23, 22, 14, 15, 24, 14, 24, 23, 15, 16, 25, 15, 25, 24, 16, 17, 26, 16, 26, 25, 18, 19, 28, 18, 28, 27, 19, 20, 29, 19, 29, 28, 20, 21, 30, 20, 30, 29, 21, 22, 31, 21, 31, 30, 22, 23, 32, 22, 32, 31, 23, 24, 33, 23, 33, 32, 24, 25, 34, 24, 34, 33, 25, 26, 35, 25, 35, 34, 27, 28, 37, 27, 37, 36, 28, 29, 38, 28, 38, 37, 29, 30, 39, 29, 39, 38, 30, 31, 40, 30, 40, 39, 31, 32, 41, 31, 41, 40, 32, 33, 42, 32, 42, 41, 33, 34, 43, 33, 43, 42, 34, 35, 44, 34, 44, 43, 36, 37, 46, 36, 46, 45, 37, 38, 47, 37, 47, 46, 38, 39, 48, 38, 48, 47, 39, 40, 49, 39, 49, 48, 40, 41, 50, 40, 50, 49, 41, 42, 51, 41, 51, 50, 42, 43, 52, 42, 52, 51, 43, 44, 53, 43, 53, 52, 45, 46, 55, 45, 55, 54, 46, 47, 56, 46, 56, 55, 47, 48, 57, 47, 57, 56, 48, 49, 58, 48, 58, 57, 49, 50, 59, 49, 59, 58, 50, 51, 60, 50, 60, 59, 51, 52, 61, 51, 61, 60, 52, 53, 62, 52, 62, 61, 54, 55, 64, 54, 64, 63, 55, 56, 65, 55, 65, 64, 56, 57, 66, 56, 66, 65, 57, 58, 67, 57, 67, 66, 58, 59, 68, 58, 68, 67, 59, 60, 69, 59, 69, 68, 60, 61, 70, 60, 70, 69, 61, 62, 71, 61, 71, 70, 63, 64, 73, 63, 73, 72, 64, 65, 74, 64, 74, 73, 65, 66, 75, 65, 75, 74, 66, 67, 76, 66, 76, 75, 67, 68, 77, 67, 77, 76, 68, 69, 78, 68, 78, 77, 69, 70, 79, 69, 79, 78, 70, 71, 80, 70, 80, 79]
            normal3f[] normals = [(0, 1, 0), (0, 1, 0), (0, 1, 0), (0, 1, 0), (0, 1, 0), (0, 1, 0), (0, 1, 0), (0, 1, 0), (0, 1, 0), (0, 1, 0), (0, 1, 0), (0, 1, 0), (0, 1, 0), (0, 1, 0), (0, 1, 0), (0, 1, 0), (0, 1, 0), (0, 1, 0), (0, 1, 0), (0, 1, 0), (0, 1, 0), (0, 1, 0), (0, 1, 0), (0, 1, 0), (0, 1, 0), (0, 1, 0), (0, 1, 0), (0, 1, 0), (0, 1, 0), (0, 1, 0), (0, 1, 0), (0, 1, 0), (0, 1, 0), (0, 1, 0), (0, 1, 0), (0, 1, 0), (0, 1, 0), (0, 1, 0), (0, 1, 0), (0, 1, 0), (0, 1, 0), (0, 1, 0), (0, 1, 0), (0, 1, 0), (0, 1, 0), (0, 1, 0), (0, 1, 0), (0, 1, 0), (0, 1, 0), (0, 1, 0), (0, 1, 0), (0, 1, 0), (0, 1, 0), (0, 1, 0), (0, 1, 0), (0, 1, 0), (0, 1, 0), (0, 1, 0), (0, 1, 0), (0, 1, 0), (0, 1, 0), (0, 1, 0), (0, 1, 0), (0, 1, 0), (0, 1, 0), (0, 1, 0), (0, 1, 0), (0, 1, 0), (0, 1, 0), (0, 1, 0), (0, 1, 0), (0, 1, 0), (0, 1, 0), (0, 1, 0), (0, 1, 0), (0, 1, 0), (0, 1, 0), (0, 1, 0), (0, 1, 0), (0, 1, 0), (0, 1, 0)] (interpolation = "vertex")
            float3[] extent = [(-0.00714, 0.00438, -0.00364), (0.00714, 0.00438, 0.00364)]
            rel material:binding = </WorkbenchPart/Materials/label_gps_m10_compass_M10>
            texCoord2f[] primvars:st = [(0, 1), (0, 0.875), (0, 0.75), (0, 0.625), (0, 0.5), (0, 0.375), (0, 0.25), (0, 0.125), (0, 0), (0.125, 1), (0.125, 0.875), (0.125, 0.75), (0.125, 0.625), (0.125, 0.5), (0.125, 0.375), (0.125, 0.25), (0.125, 0.125), (0.125, 0), (0.25, 1), (0.25, 0.875), (0.25, 0.75), (0.25, 0.625), (0.25, 0.5), (0.25, 0.375), (0.25, 0.25), (0.25, 0.125), (0.25, 0), (0.375, 1), (0.375, 0.875), (0.375, 0.75), (0.375, 0.625), (0.375, 0.5), (0.375, 0.375), (0.375, 0.25), (0.375, 0.125), (0.375, 0), (0.5, 1), (0.5, 0.875), (0.5, 0.75), (0.5, 0.625), (0.5, 0.5), (0.5, 0.375), (0.5, 0.25), (0.5, 0.125), (0.5, 0), (0.625, 1), (0.625, 0.875), (0.625, 0.75), (0.625, 0.625), (0.625, 0.5), (0.625, 0.375), (0.625, 0.25), (0.625, 0.125), (0.625, 0), (0.75, 1), (0.75, 0.875), (0.75, 0.75), (0.75, 0.625), (0.75, 0.5), (0.75, 0.375), (0.75, 0.25), (0.75, 0.125), (0.75, 0), (0.875, 1), (0.875, 0.875), (0.875, 0.75), (0.875, 0.625), (0.875, 0.5), (0.875, 0.375), (0.875, 0.25), (0.875, 0.125), (0.875, 0), (1, 1), (1, 0.875), (1, 0.75), (1, 0.625), (1, 0.5), (1, 0.375), (1, 0.25), (1, 0.125), (1, 0)] (interpolation = "vertex")
        }
    }
}
