#usda 1.0
(
    defaultPrim = "WorkbenchPart"
    metersPerUnit = 1
    upAxis = "Y"
)
def Xform "WorkbenchPart" (
    kind = "component"
    customData = {
        string catalogID = "gps-m10"
        string forwardAxis = "+Z"
    }
)
{
    def Scope "Materials"
    {
        def Material "alloy"
        {
            token outputs:surface.connect = </WorkbenchPart/Materials/alloy/Surface.outputs:surface>
            def Shader "Surface"
            {
                uniform token info:id = "UsdPreviewSurface"
                color3f inputs:diffuseColor = (0.2541521, 0.3185468, 0.381326)
                float inputs:roughness = 0.34
                float inputs:metallic = 0.77
                float inputs:ior = 1.46
                color3f inputs:diffuseColor.connect = </WorkbenchPart/Materials/alloy/Color.outputs:rgb>
                normal3f inputs:normal.connect = </WorkbenchPart/Materials/alloy/Normal.outputs:rgb>
                float inputs:roughness.connect = </WorkbenchPart/Materials/alloy/Rough.outputs:r>
                token outputs:surface
            }
            def Shader "UV"
            {
                uniform token info:id = "UsdPrimvarReader_float2"
                string inputs:varname = "st"
                float2 outputs:result
            }
            def Shader "Color"
            {
                uniform token info:id = "UsdUVTexture"
                asset inputs:file = @textures/surface-561f1c5a4b96e8-color.png@
                token inputs:sourceColorSpace = "sRGB"
                token inputs:wrapS = "repeat"
                token inputs:wrapT = "repeat"
                float2 inputs:st.connect = </WorkbenchPart/Materials/alloy/UV.outputs:result>
                float3 outputs:rgb
                float outputs:r
            }
            def Shader "Normal"
            {
                uniform token info:id = "UsdUVTexture"
                asset inputs:file = @textures/brushed-normal.png@
                token inputs:sourceColorSpace = "raw"
                token inputs:wrapS = "repeat"
                token inputs:wrapT = "repeat"
                float2 inputs:st.connect = </WorkbenchPart/Materials/alloy/UV.outputs:result>
                float4 inputs:scale = (2, 2, 2, 1)
                float4 inputs:bias = (-1, -1, -1, 0)
                float3 outputs:rgb
                float outputs:r
            }
            def Shader "Rough"
            {
                uniform token info:id = "UsdUVTexture"
                asset inputs:file = @textures/surface-561f1c5a4b96e8-rough.png@
                token inputs:sourceColorSpace = "raw"
                token inputs:wrapS = "repeat"
                token inputs:wrapT = "repeat"
                float2 inputs:st.connect = </WorkbenchPart/Materials/alloy/UV.outputs:result>
                float3 outputs:rgb
                float outputs:r
            }
        }
        def Material "ceramic"
        {
            token outputs:surface.connect = </WorkbenchPart/Materials/ceramic/Surface.outputs:surface>
            def Shader "Surface"
            {
                uniform token info:id = "UsdPreviewSurface"
                color3f inputs:diffuseColor = (0.6375969, 0.6038273, 0.5394795)
                float inputs:roughness = 0.72
                float inputs:metallic = 0
                float inputs:ior = 1.46
                color3f inputs:diffuseColor.connect = </WorkbenchPart/Materials/ceramic/Color.outputs:rgb>
                normal3f inputs:normal.connect = </WorkbenchPart/Materials/ceramic/Normal.outputs:rgb>
                float inputs:roughness.connect = </WorkbenchPart/Materials/ceramic/Rough.outputs:r>
                token outputs:surface
            }
            def Shader "UV"
            {
                uniform token info:id = "UsdPrimvarReader_float2"
                string inputs:varname = "st"
                float2 outputs:result
            }
            def Shader "Color"
            {
                uniform token info:id = "UsdUVTexture"
                asset inputs:file = @textures/surface-3667d9953be5d4-color.png@
                token inputs:sourceColorSpace = "sRGB"
                token inputs:wrapS = "repeat"
                token inputs:wrapT = "repeat"
                float2 inputs:st.connect = </WorkbenchPart/Materials/ceramic/UV.outputs:result>
                float3 outputs:rgb
                float outputs:r
            }
            def Shader "Normal"
            {
                uniform token info:id = "UsdUVTexture"
                asset inputs:file = @textures/grain-normal.png@
                token inputs:sourceColorSpace = "raw"
                token inputs:wrapS = "repeat"
                token inputs:wrapT = "repeat"
                float2 inputs:st.connect = </WorkbenchPart/Materials/ceramic/UV.outputs:result>
                float4 inputs:scale = (2, 2, 2, 1)
                float4 inputs:bias = (-1, -1, -1, 0)
                float3 outputs:rgb
                float outputs:r
            }
            def Shader "Rough"
            {
                uniform token info:id = "UsdUVTexture"
                asset inputs:file = @textures/surface-3667d9953be5d4-rough.png@
                token inputs:sourceColorSpace = "raw"
                token inputs:wrapS = "repeat"
                token inputs:wrapT = "repeat"
                float2 inputs:st.connect = </WorkbenchPart/Materials/ceramic/UV.outputs:result>
                float3 outputs:rgb
                float outputs:r
            }
        }
        def Material "gold"
        {
            token outputs:surface.connect = </WorkbenchPart/Materials/gold/Surface.outputs:surface>
            def Shader "Surface"
            {
                uniform token info:id = "UsdPreviewSurface"
                color3f inputs:diffuseColor = (0.6444797, 0.4286905, 0.09758735)
                float inputs:roughness = 0.27
                float inputs:metallic = 0.78
                float inputs:ior = 1.46
                token outputs:surface
            }
        }
        def Material "pcb_gps_m10"
        {
            token outputs:surface.connect = </WorkbenchPart/Materials/pcb_gps_m10/Surface.outputs:surface>
            def Shader "Surface"
            {
                uniform token info:id = "UsdPreviewSurface"
                color3f inputs:diffuseColor = (0.6653873, 0.3967552, 0.04373503)
                float inputs:roughness = 0.62
                float inputs:metallic = 0.05
                float inputs:ior = 1.46
                color3f inputs:diffuseColor.connect = </WorkbenchPart/Materials/pcb_gps_m10/Color.outputs:rgb>
                normal3f inputs:normal.connect = </WorkbenchPart/Materials/pcb_gps_m10/Normal.outputs:rgb>
                float inputs:roughness.connect = </WorkbenchPart/Materials/pcb_gps_m10/Rough.outputs:r>
                token outputs:surface
            }
            def Shader "UV"
            {
                uniform token info:id = "UsdPrimvarReader_float2"
                string inputs:varname = "st"
                float2 outputs:result
            }
            def Shader "Color"
            {
                uniform token info:id = "UsdUVTexture"
                asset inputs:file = @textures/surface-42ef2050ee029d-color.png@
                token inputs:sourceColorSpace = "sRGB"
                token inputs:wrapS = "repeat"
                token inputs:wrapT = "repeat"
                float2 inputs:st.connect = </WorkbenchPart/Materials/pcb_gps_m10/UV.outputs:result>
                float3 outputs:rgb
                float outputs:r
            }
            def Shader "Normal"
            {
                uniform token info:id = "UsdUVTexture"
                asset inputs:file = @textures/paint-normal.png@
                token inputs:sourceColorSpace = "raw"
                token inputs:wrapS = "repeat"
                token inputs:wrapT = "repeat"
                float2 inputs:st.connect = </WorkbenchPart/Materials/pcb_gps_m10/UV.outputs:result>
                float4 inputs:scale = (2, 2, 2, 1)
                float4 inputs:bias = (-1, -1, -1, 0)
                float3 outputs:rgb
                float outputs:r
            }
            def Shader "Rough"
            {
                uniform token info:id = "UsdUVTexture"
                asset inputs:file = @textures/surface-42ef2050ee029d-rough.png@
                token inputs:sourceColorSpace = "raw"
                token inputs:wrapS = "repeat"
                token inputs:wrapT = "repeat"
                float2 inputs:st.connect = </WorkbenchPart/Materials/pcb_gps_m10/UV.outputs:result>
                float3 outputs:rgb
                float outputs:r
            }
        }
        def Material "seam"
        {
            token outputs:surface.connect = </WorkbenchPart/Materials/seam/Surface.outputs:surface>
            def Shader "Surface"
            {
                uniform token info:id = "UsdPreviewSurface"
                color3f inputs:diffuseColor = (0.01599629, 0.02624122, 0.03433981)
                float inputs:roughness = 0.82
                float inputs:metallic = 0
                float inputs:ior = 1.46
                token outputs:surface
            }
        }
        def Material "silver_foil"
        {
            token outputs:surface.connect = </WorkbenchPart/Materials/silver_foil/Surface.outputs:surface>
            def Shader "Surface"
            {
                uniform token info:id = "UsdPreviewSurface"
                color3f inputs:diffuseColor = (0.3049873, 0.3324515, 0.3564001)
                float inputs:roughness = 0.57
                float inputs:metallic = 0.43
                float inputs:ior = 1.46
                color3f inputs:diffuseColor.connect = </WorkbenchPart/Materials/silver_foil/Color.outputs:rgb>
                normal3f inputs:normal.connect = </WorkbenchPart/Materials/silver_foil/Normal.outputs:rgb>
                float inputs:roughness.connect = </WorkbenchPart/Materials/silver_foil/Rough.outputs:r>
                token outputs:surface
            }
            def Shader "UV"
            {
                uniform token info:id = "UsdPrimvarReader_float2"
                string inputs:varname = "st"
                float2 outputs:result
            }
            def Shader "Color"
            {
                uniform token info:id = "UsdUVTexture"
                asset inputs:file = @textures/surface-104a4a70846e53-color.png@
                token inputs:sourceColorSpace = "sRGB"
                token inputs:wrapS = "repeat"
                token inputs:wrapT = "repeat"
                float2 inputs:st.connect = </WorkbenchPart/Materials/silver_foil/UV.outputs:result>
                float3 outputs:rgb
                float outputs:r
            }
            def Shader "Normal"
            {
                uniform token info:id = "UsdUVTexture"
                asset inputs:file = @textures/grain-normal.png@
                token inputs:sourceColorSpace = "raw"
                token inputs:wrapS = "repeat"
                token inputs:wrapT = "repeat"
                float2 inputs:st.connect = </WorkbenchPart/Materials/silver_foil/UV.outputs:result>
                float4 inputs:scale = (2, 2, 2, 1)
                float4 inputs:bias = (-1, -1, -1, 0)
                float3 outputs:rgb
                float outputs:r
            }
            def Shader "Rough"
            {
                uniform token info:id = "UsdUVTexture"
                asset inputs:file = @textures/surface-104a4a70846e53-rough.png@
                token inputs:sourceColorSpace = "raw"
                token inputs:wrapS = "repeat"
                token inputs:wrapT = "repeat"
                float2 inputs:st.connect = </WorkbenchPart/Materials/silver_foil/UV.outputs:result>
                float3 outputs:rgb
                float outputs:r
            }
        }
        def Material "solder"
        {
            token outputs:surface.connect = </WorkbenchPart/Materials/solder/Surface.outputs:surface>
            def Shader "Surface"
            {
                uniform token info:id = "UsdPreviewSurface"
                color3f inputs:diffuseColor = (0.4019778, 0.4793202, 0.5209956)
                float inputs:roughness = 0.28
                float inputs:metallic = 0.82
                float inputs:ior = 1.46
                token outputs:surface
            }
        }
    }
    def Xform "GNSSModule"
    {
        def Mesh "GNSSPCB_01" (prepend apiSchemas = ["MaterialBindingAPI"])
        {
            uniform token subdivisionScheme = "none"
            uniform token orientation = "rightHanded"
            bool doubleSided = false
            point3f[] points = [(-0.009760358, -0.001650358, -0.009760358), (-0.009811, -0.001701, -0.009622), (-0.00983393, -0.00172393, -0.009433), (-0.00983393, -0.00172393, 0.009433), (-0.009811, -0.001701, 0.009622), (-0.009760358, -0.001650358, 0.009760358), (-0.009811, -0.001512, -0.009811), (-0.009895954, -0.001554477, -0.009664477), (-0.00994014, -0.00157657, -0.009433), (-0.00994014, -0.00157657, 0.009433), (-0.009895954, -0.001554477, 0.009664477), (-0.009811, -0.001512, 0.009811), (-0.00983393, -0.001323, -0.00983393), (-0.00994014, -0.001323, -0.00968657), (-0.01, -0.001323, -0.009433), (-0.01, -0.001323, 0.009433), (-0.00994014, -0.001323, 0.00968657), (-0.00983393, -0.001323, 0.00983393), (-0.00983393, -0.001197, -0.00983393), (-0.00994014, -0.001197, -0.00968657), (-0.01, -0.001197, -0.009433), (-0.01, -0.001197, 0.009433), (-0.00994014, -0.001197, 0.00968657), (-0.00983393, -0.001197, 0.00983393), (-0.009811, -0.001008, -0.009811), (-0.009895954, -0.0009655232, -0.009664477), (-0.00994014, -0.0009434299, -0.009433), (-0.00994014, -0.0009434299, 0.009433), (-0.009895954, -0.0009655232, 0.009664477), (-0.009811, -0.001008, 0.009811), (-0.009760358, -0.0008696424, -0.009760358), (-0.009811, -0.000819, -0.009622), (-0.00983393, -0.0007960705, -0.009433), (-0.00983393, -0.0007960705, 0.009433), (-0.009811, -0.000819, 0.009622), (-0.009760358, -0.0008696424, 0.009760358), (0.009760358, -0.001650358, -0.009760358), (0.009811, -0.001701, -0.009622), (0.00983393, -0.00172393, -0.009433), (0.00983393, -0.00172393, 0.009433), (0.009811, -0.001701, 0.009622), (0.009760358, -0.001650358, 0.009760358), (0.009811, -0.001512, -0.009811), (0.009895954, -0.001554477, -0.009664477), (0.00994014, -0.00157657, -0.009433), (0.00994014, -0.00157657, 0.009433), (0.009895954, -0.001554477, 0.009664477), (0.009811, -0.001512, 0.009811), (0.00983393, -0.001323, -0.00983393), (0.00994014, -0.001323, -0.00968657), (0.01, -0.001323, -0.009433), (0.01, -0.001323, 0.009433), (0.00994014, -0.001323, 0.00968657), (0.00983393, -0.001323, 0.00983393), (0.00983393, -0.001197, -0.00983393), (0.00994014, -0.001197, -0.00968657), (0.01, -0.001197, -0.009433), (0.01, -0.001197, 0.009433), (0.00994014, -0.001197, 0.00968657), (0.00983393, -0.001197, 0.00983393), (0.009811, -0.001008, -0.009811), (0.009895954, -0.0009655232, -0.009664477), (0.00994014, -0.0009434299, -0.009433), (0.00994014, -0.0009434299, 0.009433), (0.009895954, -0.0009655232, 0.009664477), (0.009811, -0.001008, 0.009811), (0.009760358, -0.0008696424, -0.009760358), (0.009811, -0.000819, -0.009622), (0.00983393, -0.0007960705, -0.009433), (0.00983393, -0.0007960705, 0.009433), (0.009811, -0.000819, 0.009622), (0.009760358, -0.0008696424, 0.009760358), (-0.009760358, -0.001650358, -0.009760358), (-0.009622, -0.001701, -0.009811), (-0.009433, -0.00172393, -0.00983393), (0.009433, -0.00172393, -0.00983393), (0.009622, -0.001701, -0.009811), (0.009760358, -0.001650358, -0.009760358), (-0.009811, -0.001701, -0.009622), (-0.009664477, -0.001785954, -0.009664477), (-0.009433, -0.00183014, -0.00968657), (0.009433, -0.00183014, -0.00968657), (0.009664477, -0.001785954, -0.009664477), (0.009811, -0.001701, -0.009622), (-0.00983393, -0.00172393, -0.009433), (-0.00968657, -0.00183014, -0.009433), (-0.009433, -0.00189, -0.009433), (0.009433, -0.00189, -0.009433), (0.00968657, -0.00183014, -0.009433), (0.00983393, -0.00172393, -0.009433), (-0.00983393, -0.00172393, 0.009433), (-0.00968657, -0.00183014, 0.009433), (-0.009433, -0.00189, 0.009433), (0.009433, -0.00189, 0.009433), (0.00968657, -0.00183014, 0.009433), (0.00983393, -0.00172393, 0.009433), (-0.009811, -0.001701, 0.009622), (-0.009664477, -0.001785954, 0.009664477), (-0.009433, -0.00183014, 0.00968657), (0.009433, -0.00183014, 0.00968657), (0.009664477, -0.001785954, 0.009664477), (0.009811, -0.001701, 0.009622), (-0.009760358, -0.001650358, 0.009760358), (-0.009622, -0.001701, 0.009811), (-0.009433, -0.00172393, 0.00983393), (0.009433, -0.00172393, 0.00983393), (0.009622, -0.001701, 0.009811), (0.009760358, -0.001650358, 0.009760358), (-0.009760358, -0.0008696424, -0.009760358), (-0.009622, -0.000819, -0.009811), (-0.009433, -0.0007960705, -0.00983393), (0.009433, -0.0007960705, -0.00983393), (0.009622, -0.000819, -0.009811), (0.009760358, -0.0008696424, -0.009760358), (-0.009811, -0.000819, -0.009622), (-0.009664477, -0.0007340464, -0.009664477), (-0.009433, -0.0006898598, -0.00968657), (0.009433, -0.0006898598, -0.00968657), (0.009664477, -0.0007340464, -0.009664477), (0.009811, -0.000819, -0.009622), (-0.00983393, -0.0007960705, -0.009433), (-0.00968657, -0.0006898598, -0.009433), (-0.009433, -0.00063, -0.009433), (0.009433, -0.00063, -0.009433), (0.00968657, -0.0006898598, -0.009433), (0.00983393, -0.0007960705, -0.009433), (-0.00983393, -0.0007960705, 0.009433), (-0.00968657, -0.0006898598, 0.009433), (-0.009433, -0.00063, 0.009433), (0.009433, -0.00063, 0.009433), (0.00968657, -0.0006898598, 0.009433), (0.00983393, -0.0007960705, 0.009433), (-0.009811, -0.000819, 0.009622), (-0.009664477, -0.0007340464, 0.009664477), (-0.009433, -0.0006898598, 0.00968657), (0.009433, -0.0006898598, 0.00968657), (0.009664477, -0.0007340464, 0.009664477), (0.009811, -0.000819, 0.009622), (-0.009760358, -0.0008696424, 0.009760358), (-0.009622, -0.000819, 0.009811), (-0.009433, -0.0007960705, 0.00983393), (0.009433, -0.0007960705, 0.00983393), (0.009622, -0.000819, 0.009811), (0.009760358, -0.0008696424, 0.009760358), (-0.009760358, -0.001650358, -0.009760358), (-0.009811, -0.001512, -0.009811), (-0.00983393, -0.001323, -0.00983393), (-0.00983393, -0.001197, -0.00983393), (-0.009811, -0.001008, -0.009811), (-0.009760358, -0.0008696424, -0.009760358), (-0.009622, -0.001701, -0.009811), (-0.009664477, -0.001554477, -0.009895954), (-0.00968657, -0.001323, -0.00994014), (-0.00968657, -0.001197, -0.00994014), (-0.009664477, -0.0009655232, -0.009895954), (-0.009622, -0.000819, -0.009811), (-0.009433, -0.00172393, -0.00983393), (-0.009433, -0.00157657, -0.00994014), (-0.009433, -0.001323, -0.01), (-0.009433, -0.001197, -0.01), (-0.009433, -0.0009434299, -0.00994014), (-0.009433, -0.0007960705, -0.00983393), (0.009433, -0.00172393, -0.00983393), (0.009433, -0.00157657, -0.00994014), (0.009433, -0.001323, -0.01), (0.009433, -0.001197, -0.01), (0.009433, -0.0009434299, -0.00994014), (0.009433, -0.0007960705, -0.00983393), (0.009622, -0.001701, -0.009811), (0.009664477, -0.001554477, -0.009895954), (0.00968657, -0.001323, -0.00994014), (0.00968657, -0.001197, -0.00994014), (0.009664477, -0.0009655232, -0.009895954), (0.009622, -0.000819, -0.009811), (0.009760358, -0.001650358, -0.009760358), (0.009811, -0.001512, -0.009811), (0.00983393, -0.001323, -0.00983393), (0.00983393, -0.001197, -0.00983393), (0.009811, -0.001008, -0.009811), (0.009760358, -0.0008696424, -0.009760358), (-0.009760358, -0.001650358, 0.009760358), (-0.009811, -0.001512, 0.009811), (-0.00983393, -0.001323, 0.00983393), (-0.00983393, -0.001197, 0.00983393), (-0.009811, -0.001008, 0.009811), (-0.009760358, -0.0008696424, 0.009760358), (-0.009622, -0.001701, 0.009811), (-0.009664477, -0.001554477, 0.009895954), (-0.00968657, -0.001323, 0.00994014), (-0.00968657, -0.001197, 0.00994014), (-0.009664477, -0.0009655232, 0.009895954), (-0.009622, -0.000819, 0.009811), (-0.009433, -0.00172393, 0.00983393), (-0.009433, -0.00157657, 0.00994014), (-0.009433, -0.001323, 0.01), (-0.009433, -0.001197, 0.01), (-0.009433, -0.0009434299, 0.00994014), (-0.009433, -0.0007960705, 0.00983393), (0.009433, -0.00172393, 0.00983393), (0.009433, -0.00157657, 0.00994014), (0.009433, -0.001323, 0.01), (0.009433, -0.001197, 0.01), (0.009433, -0.0009434299, 0.00994014), (0.009433, -0.0007960705, 0.00983393), (0.009622, -0.001701, 0.009811), (0.009664477, -0.001554477, 0.009895954), (0.00968657, -0.001323, 0.00994014), (0.00968657, -0.001197, 0.00994014), (0.009664477, -0.0009655232, 0.009895954), (0.009622, -0.000819, 0.009811), (0.009760358, -0.001650358, 0.009760358), (0.009811, -0.001512, 0.009811), (0.00983393, -0.001323, 0.00983393), (0.00983393, -0.001197, 0.00983393), (0.009811, -0.001008, 0.009811), (0.009760358, -0.0008696424, 0.009760358)]
            int[] faceVertexCounts = [3, 3, 3, 3, 3, 3, 3, 3, 3, 3, 3, 3, 3, 3, 3, 3, 3, 3, 3, 3, 3, 3, 3, 3, 3, 3, 3, 3, 3, 3, 3, 3, 3, 3, 3, 3, 3, 3, 3, 3, 3, 3, 3, 3, 3, 3, 3, 3, 3, 3, 3, 3, 3, 3, 3, 3, 3, 3, 3, 3, 3, 3, 3, 3, 3, 3, 3, 3, 3, 3, 3, 3, 3, 3, 3, 3, 3, 3, 3, 3, 3, 3, 3, 3, 3, 3, 3, 3, 3, 3, 3, 3, 3, 3, 3, 3, 3, 3, 3, 3, 3, 3, 3, 3, 3, 3, 3, 3, 3, 3, 3, 3, 3, 3, 3, 3, 3, 3, 3, 3, 3, 3, 3, 3, 3, 3, 3, 3, 3, 3, 3, 3, 3, 3, 3, 3, 3, 3, 3, 3, 3, 3, 3, 3, 3, 3, 3, 3, 3, 3, 3, 3, 3, 3, 3, 3, 3, 3, 3, 3, 3, 3, 3, 3, 3, 3, 3, 3, 3, 3, 3, 3, 3, 3, 3, 3, 3, 3, 3, 3, 3, 3, 3, 3, 3, 3, 3, 3, 3, 3, 3, 3, 3, 3, 3, 3, 3, 3, 3, 3, 3, 3, 3, 3, 3, 3, 3, 3, 3, 3, 3, 3, 3, 3, 3, 3, 3, 3, 3, 3, 3, 3, 3, 3, 3, 3, 3, 3, 3, 3, 3, 3, 3, 3, 3, 3, 3, 3, 3, 3, 3, 3, 3, 3, 3, 3, 3, 3, 3, 3, 3, 3, 3, 3, 3, 3, 3, 3, 3, 3, 3, 3, 3, 3, 3, 3, 3, 3, 3, 3, 3, 3, 3, 3, 3, 3, 3, 3, 3, 3, 3, 3, 3, 3, 3, 3, 3, 3, 3, 3, 3, 3, 3, 3, 3, 3, 3, 3, 3, 3]
            int[] faceVertexIndices = [1, 7, 6, 1, 6, 0, 2, 8, 7, 2, 7, 1, 3, 9, 8, 3, 8, 2, 4, 10, 9, 4, 9, 3, 5, 11, 10, 5, 10, 4, 7, 13, 12, 7, 12, 6, 8, 14, 13, 8, 13, 7, 9, 15, 14, 9, 14, 8, 10, 16, 15, 10, 15, 9, 11, 17, 16, 11, 16, 10, 13, 19, 18, 13, 18, 12, 14, 20, 19, 14, 19, 13, 15, 21, 20, 15, 20, 14, 16, 22, 21, 16, 21, 15, 17, 23, 22, 17, 22, 16, 19, 25, 24, 19, 24, 18, 20, 26, 25, 20, 25, 19, 21, 27, 26, 21, 26, 20, 22, 28, 27, 22, 27, 21, 23, 29, 28, 23, 28, 22, 25, 31, 30, 25, 30, 24, 26, 32, 31, 26, 31, 25, 27, 33, 32, 27, 32, 26, 28, 34, 33, 28, 33, 27, 29, 35, 34, 29, 34, 28, 36, 42, 43, 36, 43, 37, 37, 43, 44, 37, 44, 38, 38, 44, 45, 38, 45, 39, 39, 45, 46, 39, 46, 40, 40, 46, 47, 40, 47, 41, 42, 48, 49, 42, 49, 43, 43, 49, 50, 43, 50, 44, 44, 50, 51, 44, 51, 45, 45, 51, 52, 45, 52, 46, 46, 52, 53, 46, 53, 47, 48, 54, 55, 48, 55, 49, 49, 55, 56, 49, 56, 50, 50, 56, 57, 50, 57, 51, 51, 57, 58, 51, 58, 52, 52, 58, 59, 52, 59, 53, 54, 60, 61, 54, 61, 55, 55, 61, 62, 55, 62, 56, 56, 62, 63, 56, 63, 57, 57, 63, 64, 57, 64, 58, 58, 64, 65, 58, 65, 59, 60, 66, 67, 60, 67, 61, 61, 67, 68, 61, 68, 62, 62, 68, 69, 62, 69, 63, 63, 69, 70, 63, 70, 64, 64, 70, 71, 64, 71, 65, 73, 79, 78, 73, 78, 72, 74, 80, 79, 74, 79, 73, 75, 81, 80, 75, 80, 74, 76, 82, 81, 76, 81, 75, 77, 83, 82, 77, 82, 76, 79, 85, 84, 79, 84, 78, 80, 86, 85, 80, 85, 79, 81, 87, 86, 81, 86, 80, 82, 88, 87, 82, 87, 81, 83, 89, 88, 83, 88, 82, 85, 91, 90, 85, 90, 84, 86, 92, 91, 86, 91, 85, 87, 93, 92, 87, 92, 86, 88, 94, 93, 88, 93, 87, 89, 95, 94, 89, 94, 88, 91, 97, 96, 91, 96, 90, 92, 98, 97, 92, 97, 91, 93, 99, 98, 93, 98, 92, 94, 100, 99, 94, 99, 93, 95, 101, 100, 95, 100, 94, 97, 103, 102, 97, 102, 96, 98, 104, 103, 98, 103, 97, 99, 105, 104, 99, 104, 98, 100, 106, 105, 100, 105, 99, 101, 107, 106, 101, 106, 100, 108, 114, 115, 108, 115, 109, 109, 115, 116, 109, 116, 110, 110, 116, 117, 110, 117, 111, 111, 117, 118, 111, 118, 112, 112, 118, 119, 112, 119, 113, 114, 120, 121, 114, 121, 115, 115, 121, 122, 115, 122, 116, 116, 122, 123, 116, 123, 117, 117, 123, 124, 117, 124, 118, 118, 124, 125, 118, 125, 119, 120, 126, 127, 120, 127, 121, 121, 127, 128, 121, 128, 122, 122, 128, 129, 122, 129, 123, 123, 129, 130, 123, 130, 124, 124, 130, 131, 124, 131, 125, 126, 132, 133, 126, 133, 127, 127, 133, 134, 127, 134, 128, 128, 134, 135, 128, 135, 129, 129, 135, 136, 129, 136, 130, 130, 136, 137, 130, 137, 131, 132, 138, 139, 132, 139, 133, 133, 139, 140, 133, 140, 134, 134, 140, 141, 134, 141, 135, 135, 141, 142, 135, 142, 136, 136, 142, 143, 136, 143, 137, 145, 151, 150, 145, 150, 144, 146, 152, 151, 146, 151, 145, 147, 153, 152, 147, 152, 146, 148, 154, 153, 148, 153, 147, 149, 155, 154, 149, 154, 148, 151, 157, 156, 151, 156, 150, 152, 158, 157, 152, 157, 151, 153, 159, 158, 153, 158, 152, 154, 160, 159, 154, 159, 153, 155, 161, 160, 155, 160, 154, 157, 163, 162, 157, 162, 156, 158, 164, 163, 158, 163, 157, 159, 165, 164, 159, 164, 158, 160, 166, 165, 160, 165, 159, 161, 167, 166, 161, 166, 160, 163, 169, 168, 163, 168, 162, 164, 170, 169, 164, 169, 163, 165, 171, 170, 165, 170, 164, 166, 172, 171, 166, 171, 165, 167, 173, 172, 167, 172, 166, 169, 175, 174, 169, 174, 168, 170, 176, 175, 170, 175, 169, 171, 177, 176, 171, 176, 170, 172, 178, 177, 172, 177, 171, 173, 179, 178, 173, 178, 172, 180, 186, 187, 180, 187, 181, 181, 187, 188, 181, 188, 182, 182, 188, 189, 182, 189, 183, 183, 189, 190, 183, 190, 184, 184, 190, 191, 184, 191, 185, 186, 192, 193, 186, 193, 187, 187, 193, 194, 187, 194, 188, 188, 194, 195, 188, 195, 189, 189, 195, 196, 189, 196, 190, 190, 196, 197, 190, 197, 191, 192, 198, 199, 192, 199, 193, 193, 199, 200, 193, 200, 194, 194, 200, 201, 194, 201, 195, 195, 201, 202, 195, 202, 196, 196, 202, 203, 196, 203, 197, 198, 204, 205, 198, 205, 199, 199, 205, 206, 199, 206, 200, 200, 206, 207, 200, 207, 201, 201, 207, 208, 201, 208, 202, 202, 208, 209, 202, 209, 203, 204, 210, 211, 204, 211, 205, 205, 211, 212, 205, 212, 206, 206, 212, 213, 206, 213, 207, 207, 213, 214, 207, 214, 208, 208, 214, 215, 208, 215, 209]
            normal3f[] normals = [(-0.7745967, -0.4472136, -0.4472136), (-0.7668657, -0.5195657, -0.376787), (-0.8115373, -0.5842866, -0.004046535), (-0.8112419, -0.5847101, 0.0008440849), (-0.7900625, -0.5555967, 0.2590629), (-0.7071068, -0.5, 0.5), (-0.7668657, -0.376787, -0.5195657), (-0.8559572, -0.3656073, -0.3656073), (-0.8964615, -0.4431114, -0.003010059), (-0.9449311, -0.327263, 0.002023091), (-0.8844941, -0.3299016, 0.3299016), (-0.7900625, -0.2590629, 0.5555967), (-0.8133397, -0.145112, -0.5634014), (-0.9225416, -0.1473858, -0.3566433), (-0.9827197, -0.1850834, -0.002463373), (-0.992953, -0.118458, 0.003477324), (-0.916641, -0.1211306, 0.3809156), (-0.8091137, -0.07239132, 0.5831762), (-0.8091137, 0.07239132, -0.5831762), (-0.916641, 0.1211306, -0.3809156), (-0.992953, 0.118458, -0.003477324), (-0.9827197, 0.1850834, 0.002463373), (-0.9225416, 0.1473858, 0.3566433), (-0.8133397, 0.145112, 0.5634014), (-0.7900625, 0.2590629, -0.5555967), (-0.8844941, 0.3299016, -0.3299016), (-0.9449311, 0.327263, -0.002023091), (-0.8964615, 0.4431114, 0.003010059), (-0.8559572, 0.3656073, 0.3656073), (-0.7668657, 0.376787, 0.5195657), (-0.7071068, 0.5, -0.5), (-0.7900625, 0.5555967, -0.2590629), (-0.8112419, 0.5847101, -0.0008440849), (-0.8115373, 0.5842866, 0.004046535), (-0.7668657, 0.5195657, 0.376787), (-0.7745967, 0.4472136, 0.4472136), (0.7071068, -0.5, -0.5), (0.7900625, -0.5555967, -0.2590629), (0.8112419, -0.5847101, -0.0008440849), (0.8115373, -0.5842866, 0.004046535), (0.7668657, -0.5195657, 0.376787), (0.7745967, -0.4472136, 0.4472136), (0.7900625, -0.2590629, -0.5555967), (0.8844941, -0.3299016, -0.3299016), (0.9449311, -0.327263, -0.002023091), (0.8964615, -0.4431114, 0.003010059), (0.8559572, -0.3656073, 0.3656073), (0.7668657, -0.376787, 0.5195657), (0.8091137, -0.07239132, -0.5831762), (0.916641, -0.1211306, -0.3809156), (0.992953, -0.118458, -0.003477324), (0.9827197, -0.1850834, 0.002463373), (0.9225416, -0.1473858, 0.3566433), (0.8133397, -0.145112, 0.5634014), (0.8133397, 0.145112, -0.5634014), (0.9225416, 0.1473858, -0.3566433), (0.9827197, 0.1850834, -0.002463373), (0.992953, 0.118458, 0.003477324), (0.916641, 0.1211306, 0.3809156), (0.8091137, 0.07239132, 0.5831762), (0.7668657, 0.376787, -0.5195657), (0.8559572, 0.3656073, -0.3656073), (0.8964615, 0.4431114, -0.003010059), (0.9449311, 0.327263, 0.002023091), (0.8844941, 0.3299016, 0.3299016), (0.7900625, 0.2590629, 0.5555967), (0.7745967, 0.4472136, -0.4472136), (0.7668657, 0.5195657, -0.376787), (0.8115373, 0.5842866, -0.004046535), (0.8112419, 0.5847101, 0.0008440849), (0.7900625, 0.5555967, 0.2590629), (0.7071068, 0.5, 0.5), (-0.4472136, -0.7745967, -0.4472136), (-0.376787, -0.7668657, -0.5195657), (-0.004046535, -0.8115373, -0.5842866), (0.0008440849, -0.8112419, -0.5847101), (0.2590629, -0.7900625, -0.5555967), (0.5, -0.7071068, -0.5), (-0.5195657, -0.7668657, -0.376787), (-0.3656073, -0.8559572, -0.3656073), (-0.003010059, -0.8964615, -0.4431114), (0.002023091, -0.9449311, -0.327263), (0.3299016, -0.8844941, -0.3299016), (0.5555967, -0.7900625, -0.2590629), (-0.5842866, -0.8115373, -0.004046535), (-0.4431114, -0.8964615, -0.003010059), (-0.006061234, -0.9999633, -0.006061234), (0.001601712, -0.9999974, -0.001601712), (0.327263, -0.9449311, -0.002023091), (0.5847101, -0.8112419, -0.0008440849), (-0.5847101, -0.8112419, 0.0008440849), (-0.327263, -0.9449311, 0.002023091), (-0.001601712, -0.9999974, 0.001601712), (0.006061234, -0.9999633, 0.006061234), (0.4431114, -0.8964615, 0.003010059), (0.5842866, -0.8115373, 0.004046535), (-0.5555967, -0.7900625, 0.2590629), (-0.3299016, -0.8844941, 0.3299016), (-0.002023091, -0.9449311, 0.327263), (0.003010059, -0.8964615, 0.4431114), (0.3656073, -0.8559572, 0.3656073), (0.5195657, -0.7668657, 0.376787), (-0.5, -0.7071068, 0.5), (-0.2590629, -0.7900625, 0.5555967), (-0.0008440849, -0.8112419, 0.5847101), (0.004046535, -0.8115373, 0.5842866), (0.376787, -0.7668657, 0.5195657), (0.4472136, -0.7745967, 0.4472136), (-0.5, 0.7071068, -0.5), (-0.2590629, 0.7900625, -0.5555967), (-0.0008440849, 0.8112419, -0.5847101), (0.004046535, 0.8115373, -0.5842866), (0.376787, 0.7668657, -0.5195657), (0.4472136, 0.7745967, -0.4472136), (-0.5555967, 0.7900625, -0.2590629), (-0.3299016, 0.8844941, -0.3299016), (-0.002023091, 0.9449311, -0.327263), (0.003010059, 0.8964615, -0.4431114), (0.3656073, 0.8559572, -0.3656073), (0.5195657, 0.7668657, -0.376787), (-0.5847101, 0.8112419, -0.0008440849), (-0.327263, 0.9449311, -0.002023091), (-0.001601712, 0.9999974, -0.001601712), (0.006061234, 0.9999633, -0.006061234), (0.4431114, 0.8964615, -0.003010059), (0.5842866, 0.8115373, -0.004046535), (-0.5842866, 0.8115373, 0.004046535), (-0.4431114, 0.8964615, 0.003010059), (-0.006061234, 0.9999633, 0.006061234), (0.001601712, 0.9999974, 0.001601712), (0.327263, 0.9449311, 0.002023091), (0.5847101, 0.8112419, 0.0008440849), (-0.5195657, 0.7668657, 0.376787), (-0.3656073, 0.8559572, 0.3656073), (-0.003010059, 0.8964615, 0.4431114), (0.002023091, 0.9449311, 0.327263), (0.3299016, 0.8844941, 0.3299016), (0.5555967, 0.7900625, 0.2590629), (-0.4472136, 0.7745967, 0.4472136), (-0.376787, 0.7668657, 0.5195657), (-0.004046535, 0.8115373, 0.5842866), (0.0008440849, 0.8112419, 0.5847101), (0.2590629, 0.7900625, 0.5555967), (0.5, 0.7071068, 0.5), (-0.4472136, -0.4472136, -0.7745967), (-0.5195657, -0.376787, -0.7668657), (-0.5634014, -0.145112, -0.8133397), (-0.5831762, 0.07239132, -0.8091137), (-0.5555967, 0.2590629, -0.7900625), (-0.5, 0.5, -0.7071068), (-0.376787, -0.5195657, -0.7668657), (-0.3656073, -0.3656073, -0.8559572), (-0.3566433, -0.1473858, -0.9225416), (-0.3809156, 0.1211306, -0.916641), (-0.3299016, 0.3299016, -0.8844941), (-0.2590629, 0.5555967, -0.7900625), (-0.004046535, -0.5842866, -0.8115373), (-0.003010059, -0.4431114, -0.8964615), (-0.002463373, -0.1850834, -0.9827197), (-0.003477324, 0.118458, -0.992953), (-0.002023091, 0.327263, -0.9449311), (-0.0008440849, 0.5847101, -0.8112419), (0.0008440849, -0.5847101, -0.8112419), (0.002023091, -0.327263, -0.9449311), (0.003477324, -0.118458, -0.992953), (0.002463373, 0.1850834, -0.9827197), (0.003010059, 0.4431114, -0.8964615), (0.004046535, 0.5842866, -0.8115373), (0.2590629, -0.5555967, -0.7900625), (0.3299016, -0.3299016, -0.8844941), (0.3809156, -0.1211306, -0.916641), (0.3566433, 0.1473858, -0.9225416), (0.3656073, 0.3656073, -0.8559572), (0.376787, 0.5195657, -0.7668657), (0.5, -0.5, -0.7071068), (0.5555967, -0.2590629, -0.7900625), (0.5831762, -0.07239132, -0.8091137), (0.5634014, 0.145112, -0.8133397), (0.5195657, 0.376787, -0.7668657), (0.4472136, 0.4472136, -0.7745967), (-0.5, -0.5, 0.7071068), (-0.5555967, -0.2590629, 0.7900625), (-0.5831762, -0.07239132, 0.8091137), (-0.5634014, 0.145112, 0.8133397), (-0.5195657, 0.376787, 0.7668657), (-0.4472136, 0.4472136, 0.7745967), (-0.2590629, -0.5555967, 0.7900625), (-0.3299016, -0.3299016, 0.8844941), (-0.3809156, -0.1211306, 0.916641), (-0.3566433, 0.1473858, 0.9225416), (-0.3656073, 0.3656073, 0.8559572), (-0.376787, 0.5195657, 0.7668657), (-0.0008440849, -0.5847101, 0.8112419), (-0.002023091, -0.327263, 0.9449311), (-0.003477324, -0.118458, 0.992953), (-0.002463373, 0.1850834, 0.9827197), (-0.003010059, 0.4431114, 0.8964615), (-0.004046535, 0.5842866, 0.8115373), (0.004046535, -0.5842866, 0.8115373), (0.003010059, -0.4431114, 0.8964615), (0.002463373, -0.1850834, 0.9827197), (0.003477324, 0.118458, 0.992953), (0.002023091, 0.327263, 0.9449311), (0.0008440849, 0.5847101, 0.8112419), (0.376787, -0.5195657, 0.7668657), (0.3656073, -0.3656073, 0.8559572), (0.3566433, -0.1473858, 0.9225416), (0.3809156, 0.1211306, 0.916641), (0.3299016, 0.3299016, 0.8844941), (0.2590629, 0.5555967, 0.7900625), (0.4472136, -0.4472136, 0.7745967), (0.5195657, -0.376787, 0.7668657), (0.5634014, -0.145112, 0.8133397), (0.5831762, 0.07239132, 0.8091137), (0.5555967, 0.2590629, 0.7900625), (0.5, 0.5, 0.7071068)] (interpolation = "vertex")
            float3[] extent = [(-0.01, -0.00189, -0.01), (0.01, -0.00063, 0.01)]
            rel material:binding = </WorkbenchPart/Materials/pcb_gps_m10>
            texCoord2f[] primvars:st = [(-0.189, -1.069111), (-0.1727196, -1.073831), (-0.168, -1.090111), (-0.189, -1.069111), (-0.168, -1.090111), (-0.1833731, -1.084484), (-0.1915477, -1.048111), (-0.1751745, -1.048111), (-0.1727196, -1.073831), (-0.1915477, -1.048111), (-0.1727196, -1.073831), (-0.189, -1.069111), (-0.1915477, 1.048111), (-0.1751745, 1.048111), (-0.1751745, -1.048111), (-0.1915477, 1.048111), (-0.1751745, -1.048111), (-0.1915477, -1.048111), (-0.189, 1.069111), (-0.1727196, 1.073831), (-0.1751745, 1.048111), (-0.189, 1.069111), (-0.1751745, 1.048111), (-0.1915477, 1.048111), (-0.1833731, 1.084484), (-0.168, 1.090111), (-0.1727196, 1.073831), (-0.1833731, 1.084484), (-0.1727196, 1.073831), (-0.189, 1.069111), (-0.1727196, -1.073831), (-0.147, -1.076286), (-0.147, -1.092659), (-0.1727196, -1.073831), (-0.147, -1.092659), (-0.168, -1.090111), (-0.1751745, -1.048111), (-0.147, -1.048111), (-0.147, -1.076286), (-0.1751745, -1.048111), (-0.147, -1.076286), (-0.1727196, -1.073831), (-0.1751745, 1.048111), (-0.147, 1.048111), (-0.147, -1.048111), (-0.1751745, 1.048111), (-0.147, -1.048111), (-0.1751745, -1.048111), (-0.1727196, 1.073831), (-0.147, 1.076286), (-0.147, 1.048111), (-0.1727196, 1.073831), (-0.147, 1.048111), (-0.1751745, 1.048111), (-0.168, 1.090111), (-0.147, 1.092659), (-0.147, 1.076286), (-0.168, 1.090111), (-0.147, 1.076286), (-0.1727196, 1.073831), (-0.147, -1.076286), (-0.133, -1.076286), (-0.133, -1.092659), (-0.147, -1.076286), (-0.133, -1.092659), (-0.147, -1.092659), (-0.147, -1.048111), (-0.133, -1.048111), (-0.133, -1.076286), (-0.147, -1.048111), (-0.133, -1.076286), (-0.147, -1.076286), (-0.147, 1.048111), (-0.133, 1.048111), (-0.133, -1.048111), (-0.147, 1.048111), (-0.133, -1.048111), (-0.147, -1.048111), (-0.147, 1.076286), (-0.133, 1.076286), (-0.133, 1.048111), (-0.147, 1.076286), (-0.133, 1.048111), (-0.147, 1.048111), (-0.147, 1.092659), (-0.133, 1.092659), (-0.133, 1.076286), (-0.147, 1.092659), (-0.133, 1.076286), (-0.147, 1.076286), (-0.133, -1.076286), (-0.1072804, -1.073831), (-0.112, -1.090111), (-0.133, -1.076286), (-0.112, -1.090111), (-0.133, -1.092659), (-0.133, -1.048111), (-0.1048255, -1.048111), (-0.1072804, -1.073831), (-0.133, -1.048111), (-0.1072804, -1.073831), (-0.133, -1.076286), (-0.133, 1.048111), (-0.1048255, 1.048111), (-0.1048255, -1.048111), (-0.133, 1.048111), (-0.1048255, -1.048111), (-0.133, -1.048111), (-0.133, 1.076286), (-0.1072804, 1.073831), (-0.1048255, 1.048111), (-0.133, 1.076286), (-0.1048255, 1.048111), (-0.133, 1.048111), (-0.133, 1.092659), (-0.112, 1.090111), (-0.1072804, 1.073831), (-0.133, 1.092659), (-0.1072804, 1.073831), (-0.133, 1.076286), (-0.1072804, -1.073831), (-0.091, -1.069111), (-0.09662693, -1.084484), (-0.1072804, -1.073831), (-0.09662693, -1.084484), (-0.112, -1.090111), (-0.1048255, -1.048111), (-0.08845227, -1.048111), (-0.091, -1.069111), (-0.1048255, -1.048111), (-0.091, -1.069111), (-0.1072804, -1.073831), (-0.1048255, 1.048111), (-0.08845227, 1.048111), (-0.08845227, -1.048111), (-0.1048255, 1.048111), (-0.08845227, -1.048111), (-0.1048255, -1.048111), (-0.1072804, 1.073831), (-0.091, 1.069111), (-0.08845227, 1.048111), (-0.1072804, 1.073831), (-0.08845227, 1.048111), (-0.1048255, 1.048111), (-0.112, 1.090111), (-0.09662693, 1.084484), (-0.091, 1.069111), (-0.112, 1.090111), (-0.091, 1.069111), (-0.1072804, 1.073831), (-0.1833731, -1.084484), (-0.168, -1.090111), (-0.1727196, -1.073831), (-0.1833731, -1.084484), (-0.1727196, -1.073831), (-0.189, -1.069111), (-0.189, -1.069111), (-0.1727196, -1.073831), (-0.1751745, -1.048111), (-0.189, -1.069111), (-0.1751745, -1.048111), (-0.1915477, -1.048111), (-0.1915477, -1.048111), (-0.1751745, -1.048111), (-0.1751745, 1.048111), (-0.1915477, -1.048111), (-0.1751745, 1.048111), (-0.1915477, 1.048111), (-0.1915477, 1.048111), (-0.1751745, 1.048111), (-0.1727196, 1.073831), (-0.1915477, 1.048111), (-0.1727196, 1.073831), (-0.189, 1.069111), (-0.189, 1.069111), (-0.1727196, 1.073831), (-0.168, 1.090111), (-0.189, 1.069111), (-0.168, 1.090111), (-0.1833731, 1.084484), (-0.168, -1.090111), (-0.147, -1.092659), (-0.147, -1.076286), (-0.168, -1.090111), (-0.147, -1.076286), (-0.1727196, -1.073831), (-0.1727196, -1.073831), (-0.147, -1.076286), (-0.147, -1.048111), (-0.1727196, -1.073831), (-0.147, -1.048111), (-0.1751745, -1.048111), (-0.1751745, -1.048111), (-0.147, -1.048111), (-0.147, 1.048111), (-0.1751745, -1.048111), (-0.147, 1.048111), (-0.1751745, 1.048111), (-0.1751745, 1.048111), (-0.147, 1.048111), (-0.147, 1.076286), (-0.1751745, 1.048111), (-0.147, 1.076286), (-0.1727196, 1.073831), (-0.1727196, 1.073831), (-0.147, 1.076286), (-0.147, 1.092659), (-0.1727196, 1.073831), (-0.147, 1.092659), (-0.168, 1.090111), (-0.147, -1.092659), (-0.133, -1.092659), (-0.133, -1.076286), (-0.147, -1.092659), (-0.133, -1.076286), (-0.147, -1.076286), (-0.147, -1.076286), (-0.133, -1.076286), (-0.133, -1.048111), (-0.147, -1.076286), (-0.133, -1.048111), (-0.147, -1.048111), (-0.147, -1.048111), (-0.133, -1.048111), (-0.133, 1.048111), (-0.147, -1.048111), (-0.133, 1.048111), (-0.147, 1.048111), (-0.147, 1.048111), (-0.133, 1.048111), (-0.133, 1.076286), (-0.147, 1.048111), (-0.133, 1.076286), (-0.147, 1.076286), (-0.147, 1.076286), (-0.133, 1.076286), (-0.133, 1.092659), (-0.147, 1.076286), (-0.133, 1.092659), (-0.147, 1.092659), (-0.133, -1.092659), (-0.112, -1.090111), (-0.1072804, -1.073831), (-0.133, -1.092659), (-0.1072804, -1.073831), (-0.133, -1.076286), (-0.133, -1.076286), (-0.1072804, -1.073831), (-0.1048255, -1.048111), (-0.133, -1.076286), (-0.1048255, -1.048111), (-0.133, -1.048111), (-0.133, -1.048111), (-0.1048255, -1.048111), (-0.1048255, 1.048111), (-0.133, -1.048111), (-0.1048255, 1.048111), (-0.133, 1.048111), (-0.133, 1.048111), (-0.1048255, 1.048111), (-0.1072804, 1.073831), (-0.133, 1.048111), (-0.1072804, 1.073831), (-0.133, 1.076286), (-0.133, 1.076286), (-0.1072804, 1.073831), (-0.112, 1.090111), (-0.133, 1.076286), (-0.112, 1.090111), (-0.133, 1.092659), (-0.112, -1.090111), (-0.09662693, -1.084484), (-0.091, -1.069111), (-0.112, -1.090111), (-0.091, -1.069111), (-0.1072804, -1.073831), (-0.1072804, -1.073831), (-0.091, -1.069111), (-0.08845227, -1.048111), (-0.1072804, -1.073831), (-0.08845227, -1.048111), (-0.1048255, -1.048111), (-0.1048255, -1.048111), (-0.08845227, -1.048111), (-0.08845227, 1.048111), (-0.1048255, -1.048111), (-0.08845227, 1.048111), (-0.1048255, 1.048111), (-0.1048255, 1.048111), (-0.08845227, 1.048111), (-0.091, 1.069111), (-0.1048255, 1.048111), (-0.091, 1.069111), (-0.1072804, 1.073831), (-0.1072804, 1.073831), (-0.091, 1.069111), (-0.09662693, 1.084484), (-0.1072804, 1.073831), (-0.09662693, 1.084484), (-0.112, 1.090111), (-1.069111, -1.090111), (-1.073831, -1.073831), (-1.090111, -1.069111), (-1.069111, -1.090111), (-1.090111, -1.069111), (-1.084484, -1.084484), (-1.048111, -1.092659), (-1.048111, -1.076286), (-1.073831, -1.073831), (-1.048111, -1.092659), (-1.073831, -1.073831), (-1.069111, -1.090111), (1.048111, -1.092659), (1.048111, -1.076286), (-1.048111, -1.076286), (1.048111, -1.092659), (-1.048111, -1.076286), (-1.048111, -1.092659), (1.069111, -1.090111), (1.073831, -1.073831), (1.048111, -1.076286), (1.069111, -1.090111), (1.048111, -1.076286), (1.048111, -1.092659), (1.084484, -1.084484), (1.090111, -1.069111), (1.073831, -1.073831), (1.084484, -1.084484), (1.073831, -1.073831), (1.069111, -1.090111), (-1.073831, -1.073831), (-1.076286, -1.048111), (-1.092659, -1.048111), (-1.073831, -1.073831), (-1.092659, -1.048111), (-1.090111, -1.069111), (-1.048111, -1.076286), (-1.048111, -1.048111), (-1.076286, -1.048111), (-1.048111, -1.076286), (-1.076286, -1.048111), (-1.073831, -1.073831), (1.048111, -1.076286), (1.048111, -1.048111), (-1.048111, -1.048111), (1.048111, -1.076286), (-1.048111, -1.048111), (-1.048111, -1.076286), (1.073831, -1.073831), (1.076286, -1.048111), (1.048111, -1.048111), (1.073831, -1.073831), (1.048111, -1.048111), (1.048111, -1.076286), (1.090111, -1.069111), (1.092659, -1.048111), (1.076286, -1.048111), (1.090111, -1.069111), (1.076286, -1.048111), (1.073831, -1.073831), (-1.076286, -1.048111), (-1.076286, 1.048111), (-1.092659, 1.048111), (-1.076286, -1.048111), (-1.092659, 1.048111), (-1.092659, -1.048111), (-1.048111, -1.048111), (-1.048111, 1.048111), (-1.076286, 1.048111), (-1.048111, -1.048111), (-1.076286, 1.048111), (-1.076286, -1.048111), (1.048111, -1.048111), (1.048111, 1.048111), (-1.048111, 1.048111), (1.048111, -1.048111), (-1.048111, 1.048111), (-1.048111, -1.048111), (1.076286, -1.048111), (1.076286, 1.048111), (1.048111, 1.048111), (1.076286, -1.048111), (1.048111, 1.048111), (1.048111, -1.048111), (1.092659, -1.048111), (1.092659, 1.048111), (1.076286, 1.048111), (1.092659, -1.048111), (1.076286, 1.048111), (1.076286, -1.048111), (-1.076286, 1.048111), (-1.073831, 1.073831), (-1.090111, 1.069111), (-1.076286, 1.048111), (-1.090111, 1.069111), (-1.092659, 1.048111), (-1.048111, 1.048111), (-1.048111, 1.076286), (-1.073831, 1.073831), (-1.048111, 1.048111), (-1.073831, 1.073831), (-1.076286, 1.048111), (1.048111, 1.048111), (1.048111, 1.076286), (-1.048111, 1.076286), (1.048111, 1.048111), (-1.048111, 1.076286), (-1.048111, 1.048111), (1.076286, 1.048111), (1.073831, 1.073831), (1.048111, 1.076286), (1.076286, 1.048111), (1.048111, 1.076286), (1.048111, 1.048111), (1.092659, 1.048111), (1.090111, 1.069111), (1.073831, 1.073831), (1.092659, 1.048111), (1.073831, 1.073831), (1.076286, 1.048111), (-1.073831, 1.073831), (-1.069111, 1.090111), (-1.084484, 1.084484), (-1.073831, 1.073831), (-1.084484, 1.084484), (-1.090111, 1.069111), (-1.048111, 1.076286), (-1.048111, 1.092659), (-1.069111, 1.090111), (-1.048111, 1.076286), (-1.069111, 1.090111), (-1.073831, 1.073831), (1.048111, 1.076286), (1.048111, 1.092659), (-1.048111, 1.092659), (1.048111, 1.076286), (-1.048111, 1.092659), (-1.048111, 1.076286), (1.073831, 1.073831), (1.069111, 1.090111), (1.048111, 1.092659), (1.073831, 1.073831), (1.048111, 1.092659), (1.048111, 1.076286), (1.090111, 1.069111), (1.084484, 1.084484), (1.069111, 1.090111), (1.090111, 1.069111), (1.069111, 1.090111), (1.073831, 1.073831), (-1.084484, -1.084484), (-1.090111, -1.069111), (-1.073831, -1.073831), (-1.084484, -1.084484), (-1.073831, -1.073831), (-1.069111, -1.090111), (-1.069111, -1.090111), (-1.073831, -1.073831), (-1.048111, -1.076286), (-1.069111, -1.090111), (-1.048111, -1.076286), (-1.048111, -1.092659), (-1.048111, -1.092659), (-1.048111, -1.076286), (1.048111, -1.076286), (-1.048111, -1.092659), (1.048111, -1.076286), (1.048111, -1.092659), (1.048111, -1.092659), (1.048111, -1.076286), (1.073831, -1.073831), (1.048111, -1.092659), (1.073831, -1.073831), (1.069111, -1.090111), (1.069111, -1.090111), (1.073831, -1.073831), (1.090111, -1.069111), (1.069111, -1.090111), (1.090111, -1.069111), (1.084484, -1.084484), (-1.090111, -1.069111), (-1.092659, -1.048111), (-1.076286, -1.048111), (-1.090111, -1.069111), (-1.076286, -1.048111), (-1.073831, -1.073831), (-1.073831, -1.073831), (-1.076286, -1.048111), (-1.048111, -1.048111), (-1.073831, -1.073831), (-1.048111, -1.048111), (-1.048111, -1.076286), (-1.048111, -1.076286), (-1.048111, -1.048111), (1.048111, -1.048111), (-1.048111, -1.076286), (1.048111, -1.048111), (1.048111, -1.076286), (1.048111, -1.076286), (1.048111, -1.048111), (1.076286, -1.048111), (1.048111, -1.076286), (1.076286, -1.048111), (1.073831, -1.073831), (1.073831, -1.073831), (1.076286, -1.048111), (1.092659, -1.048111), (1.073831, -1.073831), (1.092659, -1.048111), (1.090111, -1.069111), (-1.092659, -1.048111), (-1.092659, 1.048111), (-1.076286, 1.048111), (-1.092659, -1.048111), (-1.076286, 1.048111), (-1.076286, -1.048111), (-1.076286, -1.048111), (-1.076286, 1.048111), (-1.048111, 1.048111), (-1.076286, -1.048111), (-1.048111, 1.048111), (-1.048111, -1.048111), (-1.048111, -1.048111), (-1.048111, 1.048111), (1.048111, 1.048111), (-1.048111, -1.048111), (1.048111, 1.048111), (1.048111, -1.048111), (1.048111, -1.048111), (1.048111, 1.048111), (1.076286, 1.048111), (1.048111, -1.048111), (1.076286, 1.048111), (1.076286, -1.048111), (1.076286, -1.048111), (1.076286, 1.048111), (1.092659, 1.048111), (1.076286, -1.048111), (1.092659, 1.048111), (1.092659, -1.048111), (-1.092659, 1.048111), (-1.090111, 1.069111), (-1.073831, 1.073831), (-1.092659, 1.048111), (-1.073831, 1.073831), (-1.076286, 1.048111), (-1.076286, 1.048111), (-1.073831, 1.073831), (-1.048111, 1.076286), (-1.076286, 1.048111), (-1.048111, 1.076286), (-1.048111, 1.048111), (-1.048111, 1.048111), (-1.048111, 1.076286), (1.048111, 1.076286), (-1.048111, 1.048111), (1.048111, 1.076286), (1.048111, 1.048111), (1.048111, 1.048111), (1.048111, 1.076286), (1.073831, 1.073831), (1.048111, 1.048111), (1.073831, 1.073831), (1.076286, 1.048111), (1.076286, 1.048111), (1.073831, 1.073831), (1.090111, 1.069111), (1.076286, 1.048111), (1.090111, 1.069111), (1.092659, 1.048111), (-1.090111, 1.069111), (-1.084484, 1.084484), (-1.069111, 1.090111), (-1.090111, 1.069111), (-1.069111, 1.090111), (-1.073831, 1.073831), (-1.073831, 1.073831), (-1.069111, 1.090111), (-1.048111, 1.092659), (-1.073831, 1.073831), (-1.048111, 1.092659), (-1.048111, 1.076286), (-1.048111, 1.076286), (-1.048111, 1.092659), (1.048111, 1.092659), (-1.048111, 1.076286), (1.048111, 1.092659), (1.048111, 1.076286), (1.048111, 1.076286), (1.048111, 1.092659), (1.069111, 1.090111), (1.048111, 1.076286), (1.069111, 1.090111), (1.073831, 1.073831), (1.073831, 1.073831), (1.069111, 1.090111), (1.084484, 1.084484), (1.073831, 1.073831), (1.084484, 1.084484), (1.090111, 1.069111), (-1.090111, -0.168), (-1.073831, -0.1727196), (-1.069111, -0.189), (-1.090111, -0.168), (-1.069111, -0.189), (-1.084484, -0.1833731), (-1.092659, -0.147), (-1.076286, -0.147), (-1.073831, -0.1727196), (-1.092659, -0.147), (-1.073831, -0.1727196), (-1.090111, -0.168), (-1.092659, -0.133), (-1.076286, -0.133), (-1.076286, -0.147), (-1.092659, -0.133), (-1.076286, -0.147), (-1.092659, -0.147), (-1.090111, -0.112), (-1.073831, -0.1072804), (-1.076286, -0.133), (-1.090111, -0.112), (-1.076286, -0.133), (-1.092659, -0.133), (-1.084484, -0.09662693), (-1.069111, -0.091), (-1.073831, -0.1072804), (-1.084484, -0.09662693), (-1.073831, -0.1072804), (-1.090111, -0.112), (-1.073831, -0.1727196), (-1.048111, -0.1751745), (-1.048111, -0.1915477), (-1.073831, -0.1727196), (-1.048111, -0.1915477), (-1.069111, -0.189), (-1.076286, -0.147), (-1.048111, -0.147), (-1.048111, -0.1751745), (-1.076286, -0.147), (-1.048111, -0.1751745), (-1.073831, -0.1727196), (-1.076286, -0.133), (-1.048111, -0.133), (-1.048111, -0.147), (-1.076286, -0.133), (-1.048111, -0.147), (-1.076286, -0.147), (-1.073831, -0.1072804), (-1.048111, -0.1048255), (-1.048111, -0.133), (-1.073831, -0.1072804), (-1.048111, -0.133), (-1.076286, -0.133), (-1.069111, -0.091), (-1.048111, -0.08845227), (-1.048111, -0.1048255), (-1.069111, -0.091), (-1.048111, -0.1048255), (-1.073831, -0.1072804), (-1.048111, -0.1751745), (1.048111, -0.1751745), (1.048111, -0.1915477), (-1.048111, -0.1751745), (1.048111, -0.1915477), (-1.048111, -0.1915477), (-1.048111, -0.147), (1.048111, -0.147), (1.048111, -0.1751745), (-1.048111, -0.147), (1.048111, -0.1751745), (-1.048111, -0.1751745), (-1.048111, -0.133), (1.048111, -0.133), (1.048111, -0.147), (-1.048111, -0.133), (1.048111, -0.147), (-1.048111, -0.147), (-1.048111, -0.1048255), (1.048111, -0.1048255), (1.048111, -0.133), (-1.048111, -0.1048255), (1.048111, -0.133), (-1.048111, -0.133), (-1.048111, -0.08845227), (1.048111, -0.08845227), (1.048111, -0.1048255), (-1.048111, -0.08845227), (1.048111, -0.1048255), (-1.048111, -0.1048255), (1.048111, -0.1751745), (1.073831, -0.1727196), (1.069111, -0.189), (1.048111, -0.1751745), (1.069111, -0.189), (1.048111, -0.1915477), (1.048111, -0.147), (1.076286, -0.147), (1.073831, -0.1727196), (1.048111, -0.147), (1.073831, -0.1727196), (1.048111, -0.1751745), (1.048111, -0.133), (1.076286, -0.133), (1.076286, -0.147), (1.048111, -0.133), (1.076286, -0.147), (1.048111, -0.147), (1.048111, -0.1048255), (1.073831, -0.1072804), (1.076286, -0.133), (1.048111, -0.1048255), (1.076286, -0.133), (1.048111, -0.133), (1.048111, -0.08845227), (1.069111, -0.091), (1.073831, -0.1072804), (1.048111, -0.08845227), (1.073831, -0.1072804), (1.048111, -0.1048255), (1.073831, -0.1727196), (1.090111, -0.168), (1.084484, -0.1833731), (1.073831, -0.1727196), (1.084484, -0.1833731), (1.069111, -0.189), (1.076286, -0.147), (1.092659, -0.147), (1.090111, -0.168), (1.076286, -0.147), (1.090111, -0.168), (1.073831, -0.1727196), (1.076286, -0.133), (1.092659, -0.133), (1.092659, -0.147), (1.076286, -0.133), (1.092659, -0.147), (1.076286, -0.147), (1.073831, -0.1072804), (1.090111, -0.112), (1.092659, -0.133), (1.073831, -0.1072804), (1.092659, -0.133), (1.076286, -0.133), (1.069111, -0.091), (1.084484, -0.09662693), (1.090111, -0.112), (1.069111, -0.091), (1.090111, -0.112), (1.073831, -0.1072804), (-1.084484, -0.1833731), (-1.069111, -0.189), (-1.073831, -0.1727196), (-1.084484, -0.1833731), (-1.073831, -0.1727196), (-1.090111, -0.168), (-1.090111, -0.168), (-1.073831, -0.1727196), (-1.076286, -0.147), (-1.090111, -0.168), (-1.076286, -0.147), (-1.092659, -0.147), (-1.092659, -0.147), (-1.076286, -0.147), (-1.076286, -0.133), (-1.092659, -0.147), (-1.076286, -0.133), (-1.092659, -0.133), (-1.092659, -0.133), (-1.076286, -0.133), (-1.073831, -0.1072804), (-1.092659, -0.133), (-1.073831, -0.1072804), (-1.090111, -0.112), (-1.090111, -0.112), (-1.073831, -0.1072804), (-1.069111, -0.091), (-1.090111, -0.112), (-1.069111, -0.091), (-1.084484, -0.09662693), (-1.069111, -0.189), (-1.048111, -0.1915477), (-1.048111, -0.1751745), (-1.069111, -0.189), (-1.048111, -0.1751745), (-1.073831, -0.1727196), (-1.073831, -0.1727196), (-1.048111, -0.1751745), (-1.048111, -0.147), (-1.073831, -0.1727196), (-1.048111, -0.147), (-1.076286, -0.147), (-1.076286, -0.147), (-1.048111, -0.147), (-1.048111, -0.133), (-1.076286, -0.147), (-1.048111, -0.133), (-1.076286, -0.133), (-1.076286, -0.133), (-1.048111, -0.133), (-1.048111, -0.1048255), (-1.076286, -0.133), (-1.048111, -0.1048255), (-1.073831, -0.1072804), (-1.073831, -0.1072804), (-1.048111, -0.1048255), (-1.048111, -0.08845227), (-1.073831, -0.1072804), (-1.048111, -0.08845227), (-1.069111, -0.091), (-1.048111, -0.1915477), (1.048111, -0.1915477), (1.048111, -0.1751745), (-1.048111, -0.1915477), (1.048111, -0.1751745), (-1.048111, -0.1751745), (-1.048111, -0.1751745), (1.048111, -0.1751745), (1.048111, -0.147), (-1.048111, -0.1751745), (1.048111, -0.147), (-1.048111, -0.147), (-1.048111, -0.147), (1.048111, -0.147), (1.048111, -0.133), (-1.048111, -0.147), (1.048111, -0.133), (-1.048111, -0.133), (-1.048111, -0.133), (1.048111, -0.133), (1.048111, -0.1048255), (-1.048111, -0.133), (1.048111, -0.1048255), (-1.048111, -0.1048255), (-1.048111, -0.1048255), (1.048111, -0.1048255), (1.048111, -0.08845227), (-1.048111, -0.1048255), (1.048111, -0.08845227), (-1.048111, -0.08845227), (1.048111, -0.1915477), (1.069111, -0.189), (1.073831, -0.1727196), (1.048111, -0.1915477), (1.073831, -0.1727196), (1.048111, -0.1751745), (1.048111, -0.1751745), (1.073831, -0.1727196), (1.076286, -0.147), (1.048111, -0.1751745), (1.076286, -0.147), (1.048111, -0.147), (1.048111, -0.147), (1.076286, -0.147), (1.076286, -0.133), (1.048111, -0.147), (1.076286, -0.133), (1.048111, -0.133), (1.048111, -0.133), (1.076286, -0.133), (1.073831, -0.1072804), (1.048111, -0.133), (1.073831, -0.1072804), (1.048111, -0.1048255), (1.048111, -0.1048255), (1.073831, -0.1072804), (1.069111, -0.091), (1.048111, -0.1048255), (1.069111, -0.091), (1.048111, -0.08845227), (1.069111, -0.189), (1.084484, -0.1833731), (1.090111, -0.168), (1.069111, -0.189), (1.090111, -0.168), (1.073831, -0.1727196), (1.073831, -0.1727196), (1.090111, -0.168), (1.092659, -0.147), (1.073831, -0.1727196), (1.092659, -0.147), (1.076286, -0.147), (1.076286, -0.147), (1.092659, -0.147), (1.092659, -0.133), (1.076286, -0.147), (1.092659, -0.133), (1.076286, -0.133), (1.076286, -0.133), (1.092659, -0.133), (1.090111, -0.112), (1.076286, -0.133), (1.090111, -0.112), (1.073831, -0.1072804), (1.073831, -0.1072804), (1.090111, -0.112), (1.084484, -0.09662693), (1.073831, -0.1072804), (1.084484, -0.09662693), (1.069111, -0.091)] (interpolation = "faceVarying")
        }
        def Mesh "CeramicPatchAntenna_01" (prepend apiSchemas = ["MaterialBindingAPI"])
        {
            uniform token subdivisionScheme = "none"
            uniform token orientation = "rightHanded"
            bool doubleSided = false
            point3f[] points = [(-0.007022487, -0.0008424871, -0.007022487), (-0.00706, -0.00088, -0.00692), (-0.007076985, -0.0008969848, -0.00678), (-0.007076985, -0.0008969848, 0.00678), (-0.00706, -0.00088, 0.00692), (-0.007022487, -0.0008424871, 0.007022487), (-0.00706, -0.00074, -0.00706), (-0.007122929, -0.0007714643, -0.006951464), (-0.007155659, -0.0007878297, -0.00678), (-0.007155659, -0.0007878297, 0.00678), (-0.007122929, -0.0007714643, 0.006951464), (-0.00706, -0.00074, 0.00706), (-0.007076985, -0.0006, -0.007076985), (-0.007155659, -0.0006, -0.00696783), (-0.0072, -0.0006, -0.00678), (-0.0072, -0.0006, 0.00678), (-0.007155659, -0.0006, 0.00696783), (-0.007076985, -0.0006, 0.007076985), (-0.007076985, 0.00138, -0.007076985), (-0.007155659, 0.00138, -0.00696783), (-0.0072, 0.00138, -0.00678), (-0.0072, 0.00138, 0.00678), (-0.007155659, 0.00138, 0.00696783), (-0.007076985, 0.00138, 0.007076985), (-0.00706, 0.00152, -0.00706), (-0.007122929, 0.001551464, -0.006951464), (-0.007155659, 0.00156783, -0.00678), (-0.007155659, 0.00156783, 0.00678), (-0.007122929, 0.001551464, 0.006951464), (-0.00706, 0.00152, 0.00706), (-0.007022487, 0.001622487, -0.007022487), (-0.00706, 0.00166, -0.00692), (-0.007076985, 0.001676985, -0.00678), (-0.007076985, 0.001676985, 0.00678), (-0.00706, 0.00166, 0.00692), (-0.007022487, 0.001622487, 0.007022487), (0.007022487, -0.0008424871, -0.007022487), (0.00706, -0.00088, -0.00692), (0.007076985, -0.0008969848, -0.00678), (0.007076985, -0.0008969848, 0.00678), (0.00706, -0.00088, 0.00692), (0.007022487, -0.0008424871, 0.007022487), (0.00706, -0.00074, -0.00706), (0.007122929, -0.0007714643, -0.006951464), (0.007155659, -0.0007878297, -0.00678), (0.007155659, -0.0007878297, 0.00678), (0.007122929, -0.0007714643, 0.006951464), (0.00706, -0.00074, 0.00706), (0.007076985, -0.0006, -0.007076985), (0.007155659, -0.0006, -0.00696783), (0.0072, -0.0006, -0.00678), (0.0072, -0.0006, 0.00678), (0.007155659, -0.0006, 0.00696783), (0.007076985, -0.0006, 0.007076985), (0.007076985, 0.00138, -0.007076985), (0.007155659, 0.00138, -0.00696783), (0.0072, 0.00138, -0.00678), (0.0072, 0.00138, 0.00678), (0.007155659, 0.00138, 0.00696783), (0.007076985, 0.00138, 0.007076985), (0.00706, 0.00152, -0.00706), (0.007122929, 0.001551464, -0.006951464), (0.007155659, 0.00156783, -0.00678), (0.007155659, 0.00156783, 0.00678), (0.007122929, 0.001551464, 0.006951464), (0.00706, 0.00152, 0.00706), (0.007022487, 0.001622487, -0.007022487), (0.00706, 0.00166, -0.00692), (0.007076985, 0.001676985, -0.00678), (0.007076985, 0.001676985, 0.00678), (0.00706, 0.00166, 0.00692), (0.007022487, 0.001622487, 0.007022487), (-0.007022487, -0.0008424871, -0.007022487), (-0.00692, -0.00088, -0.00706), (-0.00678, -0.0008969848, -0.007076985), (0.00678, -0.0008969848, -0.007076985), (0.00692, -0.00088, -0.00706), (0.007022487, -0.0008424871, -0.007022487), (-0.00706, -0.00088, -0.00692), (-0.006951464, -0.0009429286, -0.006951464), (-0.00678, -0.0009756594, -0.00696783), (0.00678, -0.0009756594, -0.00696783), (0.006951464, -0.0009429286, -0.006951464), (0.00706, -0.00088, -0.00692), (-0.007076985, -0.0008969848, -0.00678), (-0.00696783, -0.0009756594, -0.00678), (-0.00678, -0.00102, -0.00678), (0.00678, -0.00102, -0.00678), (0.00696783, -0.0009756594, -0.00678), (0.007076985, -0.0008969848, -0.00678), (-0.007076985, -0.0008969848, 0.00678), (-0.00696783, -0.0009756594, 0.00678), (-0.00678, -0.00102, 0.00678), (0.00678, -0.00102, 0.00678), (0.00696783, -0.0009756594, 0.00678), (0.007076985, -0.0008969848, 0.00678), (-0.00706, -0.00088, 0.00692), (-0.006951464, -0.0009429286, 0.006951464), (-0.00678, -0.0009756594, 0.00696783), (0.00678, -0.0009756594, 0.00696783), (0.006951464, -0.0009429286, 0.006951464), (0.00706, -0.00088, 0.00692), (-0.007022487, -0.0008424871, 0.007022487), (-0.00692, -0.00088, 0.00706), (-0.00678, -0.0008969848, 0.007076985), (0.00678, -0.0008969848, 0.007076985), (0.00692, -0.00088, 0.00706), (0.007022487, -0.0008424871, 0.007022487), (-0.007022487, 0.001622487, -0.007022487), (-0.00692, 0.00166, -0.00706), (-0.00678, 0.001676985, -0.007076985), (0.00678, 0.001676985, -0.007076985), (0.00692, 0.00166, -0.00706), (0.007022487, 0.001622487, -0.007022487), (-0.00706, 0.00166, -0.00692), (-0.006951464, 0.001722929, -0.006951464), (-0.00678, 0.001755659, -0.00696783), (0.00678, 0.001755659, -0.00696783), (0.006951464, 0.001722929, -0.006951464), (0.00706, 0.00166, -0.00692), (-0.007076985, 0.001676985, -0.00678), (-0.00696783, 0.001755659, -0.00678), (-0.00678, 0.0018, -0.00678), (0.00678, 0.0018, -0.00678), (0.00696783, 0.001755659, -0.00678), (0.007076985, 0.001676985, -0.00678), (-0.007076985, 0.001676985, 0.00678), (-0.00696783, 0.001755659, 0.00678), (-0.00678, 0.0018, 0.00678), (0.00678, 0.0018, 0.00678), (0.00696783, 0.001755659, 0.00678), (0.007076985, 0.001676985, 0.00678), (-0.00706, 0.00166, 0.00692), (-0.006951464, 0.001722929, 0.006951464), (-0.00678, 0.001755659, 0.00696783), (0.00678, 0.001755659, 0.00696783), (0.006951464, 0.001722929, 0.006951464), (0.00706, 0.00166, 0.00692), (-0.007022487, 0.001622487, 0.007022487), (-0.00692, 0.00166, 0.00706), (-0.00678, 0.001676985, 0.007076985), (0.00678, 0.001676985, 0.007076985), (0.00692, 0.00166, 0.00706), (0.007022487, 0.001622487, 0.007022487), (-0.007022487, -0.0008424871, -0.007022487), (-0.00706, -0.00074, -0.00706), (-0.007076985, -0.0006, -0.007076985), (-0.007076985, 0.00138, -0.007076985), (-0.00706, 0.00152, -0.00706), (-0.007022487, 0.001622487, -0.007022487), (-0.00692, -0.00088, -0.00706), (-0.006951464, -0.0007714643, -0.007122929), (-0.00696783, -0.0006, -0.007155659), (-0.00696783, 0.00138, -0.007155659), (-0.006951464, 0.001551464, -0.007122929), (-0.00692, 0.00166, -0.00706), (-0.00678, -0.0008969848, -0.007076985), (-0.00678, -0.0007878297, -0.007155659), (-0.00678, -0.0006, -0.0072), (-0.00678, 0.00138, -0.0072), (-0.00678, 0.00156783, -0.007155659), (-0.00678, 0.001676985, -0.007076985), (0.00678, -0.0008969848, -0.007076985), (0.00678, -0.0007878297, -0.007155659), (0.00678, -0.0006, -0.0072), (0.00678, 0.00138, -0.0072), (0.00678, 0.00156783, -0.007155659), (0.00678, 0.001676985, -0.007076985), (0.00692, -0.00088, -0.00706), (0.006951464, -0.0007714643, -0.007122929), (0.00696783, -0.0006, -0.007155659), (0.00696783, 0.00138, -0.007155659), (0.006951464, 0.001551464, -0.007122929), (0.00692, 0.00166, -0.00706), (0.007022487, -0.0008424871, -0.007022487), (0.00706, -0.00074, -0.00706), (0.007076985, -0.0006, -0.007076985), (0.007076985, 0.00138, -0.007076985), (0.00706, 0.00152, -0.00706), (0.007022487, 0.001622487, -0.007022487), (-0.007022487, -0.0008424871, 0.007022487), (-0.00706, -0.00074, 0.00706), (-0.007076985, -0.0006, 0.007076985), (-0.007076985, 0.00138, 0.007076985), (-0.00706, 0.00152, 0.00706), (-0.007022487, 0.001622487, 0.007022487), (-0.00692, -0.00088, 0.00706), (-0.006951464, -0.0007714643, 0.007122929), (-0.00696783, -0.0006, 0.007155659), (-0.00696783, 0.00138, 0.007155659), (-0.006951464, 0.001551464, 0.007122929), (-0.00692, 0.00166, 0.00706), (-0.00678, -0.0008969848, 0.007076985), (-0.00678, -0.0007878297, 0.007155659), (-0.00678, -0.0006, 0.0072), (-0.00678, 0.00138, 0.0072), (-0.00678, 0.00156783, 0.007155659), (-0.00678, 0.001676985, 0.007076985), (0.00678, -0.0008969848, 0.007076985), (0.00678, -0.0007878297, 0.007155659), (0.00678, -0.0006, 0.0072), (0.00678, 0.00138, 0.0072), (0.00678, 0.00156783, 0.007155659), (0.00678, 0.001676985, 0.007076985), (0.00692, -0.00088, 0.00706), (0.006951464, -0.0007714643, 0.007122929), (0.00696783, -0.0006, 0.007155659), (0.00696783, 0.00138, 0.007155659), (0.006951464, 0.001551464, 0.007122929), (0.00692, 0.00166, 0.00706), (0.007022487, -0.0008424871, 0.007022487), (0.00706, -0.00074, 0.00706), (0.007076985, -0.0006, 0.007076985), (0.007076985, 0.00138, 0.007076985), (0.00706, 0.00152, 0.00706), (0.007022487, 0.001622487, 0.007022487)]
            int[] faceVertexCounts = [3, 3, 3, 3, 3, 3, 3, 3, 3, 3, 3, 3, 3, 3, 3, 3, 3, 3, 3, 3, 3, 3, 3, 3, 3, 3, 3, 3, 3, 3, 3, 3, 3, 3, 3, 3, 3, 3, 3, 3, 3, 3, 3, 3, 3, 3, 3, 3, 3, 3, 3, 3, 3, 3, 3, 3, 3, 3, 3, 3, 3, 3, 3, 3, 3, 3, 3, 3, 3, 3, 3, 3, 3, 3, 3, 3, 3, 3, 3, 3, 3, 3, 3, 3, 3, 3, 3, 3, 3, 3, 3, 3, 3, 3, 3, 3, 3, 3, 3, 3, 3, 3, 3, 3, 3, 3, 3, 3, 3, 3, 3, 3, 3, 3, 3, 3, 3, 3, 3, 3, 3, 3, 3, 3, 3, 3, 3, 3, 3, 3, 3, 3, 3, 3, 3, 3, 3, 3, 3, 3, 3, 3, 3, 3, 3, 3, 3, 3, 3, 3, 3, 3, 3, 3, 3, 3, 3, 3, 3, 3, 3, 3, 3, 3, 3, 3, 3, 3, 3, 3, 3, 3, 3, 3, 3, 3, 3, 3, 3, 3, 3, 3, 3, 3, 3, 3, 3, 3, 3, 3, 3, 3, 3, 3, 3, 3, 3, 3, 3, 3, 3, 3, 3, 3, 3, 3, 3, 3, 3, 3, 3, 3, 3, 3, 3, 3, 3, 3, 3, 3, 3, 3, 3, 3, 3, 3, 3, 3, 3, 3, 3, 3, 3, 3, 3, 3, 3, 3, 3, 3, 3, 3, 3, 3, 3, 3, 3, 3, 3, 3, 3, 3, 3, 3, 3, 3, 3, 3, 3, 3, 3, 3, 3, 3, 3, 3, 3, 3, 3, 3, 3, 3, 3, 3, 3, 3, 3, 3, 3, 3, 3, 3, 3, 3, 3, 3, 3, 3, 3, 3, 3, 3, 3, 3, 3, 3, 3, 3, 3, 3]
            int[] faceVertexIndices = [1, 7, 6, 1, 6, 0, 2, 8, 7, 2, 7, 1, 3, 9, 8, 3, 8, 2, 4, 10, 9, 4, 9, 3, 5, 11, 10, 5, 10, 4, 7, 13, 12, 7, 12, 6, 8, 14, 13, 8, 13, 7, 9, 15, 14, 9, 14, 8, 10, 16, 15, 10, 15, 9, 11, 17, 16, 11, 16, 10, 13, 19, 18, 13, 18, 12, 14, 20, 19, 14, 19, 13, 15, 21, 20, 15, 20, 14, 16, 22, 21, 16, 21, 15, 17, 23, 22, 17, 22, 16, 19, 25, 24, 19, 24, 18, 20, 26, 25, 20, 25, 19, 21, 27, 26, 21, 26, 20, 22, 28, 27, 22, 27, 21, 23, 29, 28, 23, 28, 22, 25, 31, 30, 25, 30, 24, 26, 32, 31, 26, 31, 25, 27, 33, 32, 27, 32, 26, 28, 34, 33, 28, 33, 27, 29, 35, 34, 29, 34, 28, 36, 42, 43, 36, 43, 37, 37, 43, 44, 37, 44, 38, 38, 44, 45, 38, 45, 39, 39, 45, 46, 39, 46, 40, 40, 46, 47, 40, 47, 41, 42, 48, 49, 42, 49, 43, 43, 49, 50, 43, 50, 44, 44, 50, 51, 44, 51, 45, 45, 51, 52, 45, 52, 46, 46, 52, 53, 46, 53, 47, 48, 54, 55, 48, 55, 49, 49, 55, 56, 49, 56, 50, 50, 56, 57, 50, 57, 51, 51, 57, 58, 51, 58, 52, 52, 58, 59, 52, 59, 53, 54, 60, 61, 54, 61, 55, 55, 61, 62, 55, 62, 56, 56, 62, 63, 56, 63, 57, 57, 63, 64, 57, 64, 58, 58, 64, 65, 58, 65, 59, 60, 66, 67, 60, 67, 61, 61, 67, 68, 61, 68, 62, 62, 68, 69, 62, 69, 63, 63, 69, 70, 63, 70, 64, 64, 70, 71, 64, 71, 65, 73, 79, 78, 73, 78, 72, 74, 80, 79, 74, 79, 73, 75, 81, 80, 75, 80, 74, 76, 82, 81, 76, 81, 75, 77, 83, 82, 77, 82, 76, 79, 85, 84, 79, 84, 78, 80, 86, 85, 80, 85, 79, 81, 87, 86, 81, 86, 80, 82, 88, 87, 82, 87, 81, 83, 89, 88, 83, 88, 82, 85, 91, 90, 85, 90, 84, 86, 92, 91, 86, 91, 85, 87, 93, 92, 87, 92, 86, 88, 94, 93, 88, 93, 87, 89, 95, 94, 89, 94, 88, 91, 97, 96, 91, 96, 90, 92, 98, 97, 92, 97, 91, 93, 99, 98, 93, 98, 92, 94, 100, 99, 94, 99, 93, 95, 101, 100, 95, 100, 94, 97, 103, 102, 97, 102, 96, 98, 104, 103, 98, 103, 97, 99, 105, 104, 99, 104, 98, 100, 106, 105, 100, 105, 99, 101, 107, 106, 101, 106, 100, 108, 114, 115, 108, 115, 109, 109, 115, 116, 109, 116, 110, 110, 116, 117, 110, 117, 111, 111, 117, 118, 111, 118, 112, 112, 118, 119, 112, 119, 113, 114, 120, 121, 114, 121, 115, 115, 121, 122, 115, 122, 116, 116, 122, 123, 116, 123, 117, 117, 123, 124, 117, 124, 118, 118, 124, 125, 118, 125, 119, 120, 126, 127, 120, 127, 121, 121, 127, 128, 121, 128, 122, 122, 128, 129, 122, 129, 123, 123, 129, 130, 123, 130, 124, 124, 130, 131, 124, 131, 125, 126, 132, 133, 126, 133, 127, 127, 133, 134, 127, 134, 128, 128, 134, 135, 128, 135, 129, 129, 135, 136, 129, 136, 130, 130, 136, 137, 130, 137, 131, 132, 138, 139, 132, 139, 133, 133, 139, 140, 133, 140, 134, 134, 140, 141, 134, 141, 135, 135, 141, 142, 135, 142, 136, 136, 142, 143, 136, 143, 137, 145, 151, 150, 145, 150, 144, 146, 152, 151, 146, 151, 145, 147, 153, 152, 147, 152, 146, 148, 154, 153, 148, 153, 147, 149, 155, 154, 149, 154, 148, 151, 157, 156, 151, 156, 150, 152, 158, 157, 152, 157, 151, 153, 159, 158, 153, 158, 152, 154, 160, 159, 154, 159, 153, 155, 161, 160, 155, 160, 154, 157, 163, 162, 157, 162, 156, 158, 164, 163, 158, 163, 157, 159, 165, 164, 159, 164, 158, 160, 166, 165, 160, 165, 159, 161, 167, 166, 161, 166, 160, 163, 169, 168, 163, 168, 162, 164, 170, 169, 164, 169, 163, 165, 171, 170, 165, 170, 164, 166, 172, 171, 166, 171, 165, 167, 173, 172, 167, 172, 166, 169, 175, 174, 169, 174, 168, 170, 176, 175, 170, 175, 169, 171, 177, 176, 171, 176, 170, 172, 178, 177, 172, 177, 171, 173, 179, 178, 173, 178, 172, 180, 186, 187, 180, 187, 181, 181, 187, 188, 181, 188, 182, 182, 188, 189, 182, 189, 183, 183, 189, 190, 183, 190, 184, 184, 190, 191, 184, 191, 185, 186, 192, 193, 186, 193, 187, 187, 193, 194, 187, 194, 188, 188, 194, 195, 188, 195, 189, 189, 195, 196, 189, 196, 190, 190, 196, 197, 190, 197, 191, 192, 198, 199, 192, 199, 193, 193, 199, 200, 193, 200, 194, 194, 200, 201, 194, 201, 195, 195, 201, 202, 195, 202, 196, 196, 202, 203, 196, 203, 197, 198, 204, 205, 198, 205, 199, 199, 205, 206, 199, 206, 200, 200, 206, 207, 200, 207, 201, 201, 207, 208, 201, 208, 202, 202, 208, 209, 202, 209, 203, 204, 210, 211, 204, 211, 205, 205, 211, 212, 205, 212, 206, 206, 212, 213, 206, 213, 207, 207, 213, 214, 207, 214, 208, 208, 214, 215, 208, 215, 209]
            normal3f[] normals = [(-0.7745967, -0.4472136, -0.4472136), (-0.7668657, -0.5195657, -0.376787), (-0.8115459, -0.5842738, -0.004167638), (-0.8112419, -0.5847101, 0.0008697737), (-0.7900625, -0.5555967, 0.2590629), (-0.7071068, -0.5, 0.5), (-0.7668657, -0.376787, -0.5195657), (-0.8559572, -0.3656073, -0.3656073), (-0.8964861, -0.443061, -0.003100856), (-0.9449209, -0.3272921, 0.002084346), (-0.8844941, -0.3299016, 0.3299016), (-0.7900625, -0.2590629, 0.5555967), (-0.8128668, -0.02532253, -0.5818989), (-0.9007882, -0.01963085, -0.4338147), (-0.9993003, -0.03697831, -0.005616694), (-0.9999394, -0.01086252, 0.001804214), (-0.9429467, -0.01346684, 0.3326712), (-0.8112286, -0.00578284, 0.5847005), (-0.8112286, 0.00578284, -0.5847005), (-0.9429467, 0.01346684, -0.3326712), (-0.9999394, 0.01086252, -0.001804214), (-0.9993003, 0.03697831, 0.005616694), (-0.9007882, 0.01963085, 0.4338147), (-0.8128668, 0.02532253, 0.5818989), (-0.7900625, 0.2590629, -0.5555967), (-0.8844941, 0.3299016, -0.3299016), (-0.9449209, 0.3272921, -0.002084346), (-0.8964861, 0.443061, 0.003100856), (-0.8559572, 0.3656073, 0.3656073), (-0.7668657, 0.376787, 0.5195657), (-0.7071068, 0.5, -0.5), (-0.7900625, 0.5555967, -0.2590629), (-0.8112419, 0.5847101, -0.0008697737), (-0.8115459, 0.5842738, 0.004167638), (-0.7668657, 0.5195657, 0.376787), (-0.7745967, 0.4472136, 0.4472136), (0.7071068, -0.5, -0.5), (0.7900625, -0.5555967, -0.2590629), (0.8112419, -0.5847101, -0.0008697737), (0.8115459, -0.5842738, 0.004167638), (0.7668657, -0.5195657, 0.376787), (0.7745967, -0.4472136, 0.4472136), (0.7900625, -0.2590629, -0.5555967), (0.8844941, -0.3299016, -0.3299016), (0.9449209, -0.3272921, -0.002084346), (0.8964861, -0.443061, 0.003100856), (0.8559572, -0.3656073, 0.3656073), (0.7668657, -0.376787, 0.5195657), (0.8112286, -0.00578284, -0.5847005), (0.9429467, -0.01346684, -0.3326712), (0.9999394, -0.01086252, -0.001804214), (0.9993003, -0.03697831, 0.005616694), (0.9007882, -0.01963085, 0.4338147), (0.8128668, -0.02532253, 0.5818989), (0.8128668, 0.02532253, -0.5818989), (0.9007882, 0.01963085, -0.4338147), (0.9993003, 0.03697831, -0.005616694), (0.9999394, 0.01086252, 0.001804214), (0.9429467, 0.01346684, 0.3326712), (0.8112286, 0.00578284, 0.5847005), (0.7668657, 0.376787, -0.5195657), (0.8559572, 0.3656073, -0.3656073), (0.8964861, 0.443061, -0.003100856), (0.9449209, 0.3272921, 0.002084346), (0.8844941, 0.3299016, 0.3299016), (0.7900625, 0.2590629, 0.5555967), (0.7745967, 0.4472136, -0.4472136), (0.7668657, 0.5195657, -0.376787), (0.8115459, 0.5842738, -0.004167638), (0.8112419, 0.5847101, 0.0008697737), (0.7900625, 0.5555967, 0.2590629), (0.7071068, 0.5, 0.5), (-0.4472136, -0.7745967, -0.4472136), (-0.376787, -0.7668657, -0.5195657), (-0.004167638, -0.8115459, -0.5842738), (0.0008697737, -0.8112419, -0.5847101), (0.2590629, -0.7900625, -0.5555967), (0.5, -0.7071068, -0.5), (-0.5195657, -0.7668657, -0.376787), (-0.3656073, -0.8559572, -0.3656073), (-0.003100856, -0.8964861, -0.443061), (0.002084346, -0.9449209, -0.3272921), (0.3299016, -0.8844941, -0.3299016), (0.5555967, -0.7900625, -0.2590629), (-0.5842738, -0.8115459, -0.004167638), (-0.443061, -0.8964861, -0.003100856), (-0.006238115, -0.9999611, -0.006238115), (0.001651177, -0.9999973, -0.001651177), (0.3272921, -0.9449209, -0.002084346), (0.5847101, -0.8112419, -0.0008697737), (-0.5847101, -0.8112419, 0.0008697737), (-0.3272921, -0.9449209, 0.002084346), (-0.001651177, -0.9999973, 0.001651177), (0.006238115, -0.9999611, 0.006238115), (0.443061, -0.8964861, 0.003100856), (0.5842738, -0.8115459, 0.004167638), (-0.5555967, -0.7900625, 0.2590629), (-0.3299016, -0.8844941, 0.3299016), (-0.002084346, -0.9449209, 0.3272921), (0.003100856, -0.8964861, 0.443061), (0.3656073, -0.8559572, 0.3656073), (0.5195657, -0.7668657, 0.376787), (-0.5, -0.7071068, 0.5), (-0.2590629, -0.7900625, 0.5555967), (-0.0008697737, -0.8112419, 0.5847101), (0.004167638, -0.8115459, 0.5842738), (0.376787, -0.7668657, 0.5195657), (0.4472136, -0.7745967, 0.4472136), (-0.5, 0.7071068, -0.5), (-0.2590629, 0.7900625, -0.5555967), (-0.0008697737, 0.8112419, -0.5847101), (0.004167638, 0.8115459, -0.5842738), (0.376787, 0.7668657, -0.5195657), (0.4472136, 0.7745967, -0.4472136), (-0.5555967, 0.7900625, -0.2590629), (-0.3299016, 0.8844941, -0.3299016), (-0.002084346, 0.9449209, -0.3272921), (0.003100856, 0.8964861, -0.443061), (0.3656073, 0.8559572, -0.3656073), (0.5195657, 0.7668657, -0.376787), (-0.5847101, 0.8112419, -0.0008697737), (-0.3272921, 0.9449209, -0.002084346), (-0.001651177, 0.9999973, -0.001651177), (0.006238115, 0.9999611, -0.006238115), (0.443061, 0.8964861, -0.003100856), (0.5842738, 0.8115459, -0.004167638), (-0.5842738, 0.8115459, 0.004167638), (-0.443061, 0.8964861, 0.003100856), (-0.006238115, 0.9999611, 0.006238115), (0.001651177, 0.9999973, 0.001651177), (0.3272921, 0.9449209, 0.002084346), (0.5847101, 0.8112419, 0.0008697737), (-0.5195657, 0.7668657, 0.376787), (-0.3656073, 0.8559572, 0.3656073), (-0.003100856, 0.8964861, 0.443061), (0.002084346, 0.9449209, 0.3272921), (0.3299016, 0.8844941, 0.3299016), (0.5555967, 0.7900625, 0.2590629), (-0.4472136, 0.7745967, 0.4472136), (-0.376787, 0.7668657, 0.5195657), (-0.004167638, 0.8115459, 0.5842738), (0.0008697737, 0.8112419, 0.5847101), (0.2590629, 0.7900625, 0.5555967), (0.5, 0.7071068, 0.5), (-0.4472136, -0.4472136, -0.7745967), (-0.5195657, -0.376787, -0.7668657), (-0.5818989, -0.02532253, -0.8128668), (-0.5847005, 0.00578284, -0.8112286), (-0.5555967, 0.2590629, -0.7900625), (-0.5, 0.5, -0.7071068), (-0.376787, -0.5195657, -0.7668657), (-0.3656073, -0.3656073, -0.8559572), (-0.4338147, -0.01963085, -0.9007882), (-0.3326712, 0.01346684, -0.9429467), (-0.3299016, 0.3299016, -0.8844941), (-0.2590629, 0.5555967, -0.7900625), (-0.004167638, -0.5842738, -0.8115459), (-0.003100856, -0.443061, -0.8964861), (-0.005616694, -0.03697831, -0.9993003), (-0.001804214, 0.01086252, -0.9999394), (-0.002084346, 0.3272921, -0.9449209), (-0.0008697737, 0.5847101, -0.8112419), (0.0008697737, -0.5847101, -0.8112419), (0.002084346, -0.3272921, -0.9449209), (0.001804214, -0.01086252, -0.9999394), (0.005616694, 0.03697831, -0.9993003), (0.003100856, 0.443061, -0.8964861), (0.004167638, 0.5842738, -0.8115459), (0.2590629, -0.5555967, -0.7900625), (0.3299016, -0.3299016, -0.8844941), (0.3326712, -0.01346684, -0.9429467), (0.4338147, 0.01963085, -0.9007882), (0.3656073, 0.3656073, -0.8559572), (0.376787, 0.5195657, -0.7668657), (0.5, -0.5, -0.7071068), (0.5555967, -0.2590629, -0.7900625), (0.5847005, -0.00578284, -0.8112286), (0.5818989, 0.02532253, -0.8128668), (0.5195657, 0.376787, -0.7668657), (0.4472136, 0.4472136, -0.7745967), (-0.5, -0.5, 0.7071068), (-0.5555967, -0.2590629, 0.7900625), (-0.5847005, -0.00578284, 0.8112286), (-0.5818989, 0.02532253, 0.8128668), (-0.5195657, 0.376787, 0.7668657), (-0.4472136, 0.4472136, 0.7745967), (-0.2590629, -0.5555967, 0.7900625), (-0.3299016, -0.3299016, 0.8844941), (-0.3326712, -0.01346684, 0.9429467), (-0.4338147, 0.01963085, 0.9007882), (-0.3656073, 0.3656073, 0.8559572), (-0.376787, 0.5195657, 0.7668657), (-0.0008697737, -0.5847101, 0.8112419), (-0.002084346, -0.3272921, 0.9449209), (-0.001804214, -0.01086252, 0.9999394), (-0.005616694, 0.03697831, 0.9993003), (-0.003100856, 0.443061, 0.8964861), (-0.004167638, 0.5842738, 0.8115459), (0.004167638, -0.5842738, 0.8115459), (0.003100856, -0.443061, 0.8964861), (0.005616694, -0.03697831, 0.9993003), (0.001804214, 0.01086252, 0.9999394), (0.002084346, 0.3272921, 0.9449209), (0.0008697737, 0.5847101, 0.8112419), (0.376787, -0.5195657, 0.7668657), (0.3656073, -0.3656073, 0.8559572), (0.4338147, -0.01963085, 0.9007882), (0.3326712, 0.01346684, 0.9429467), (0.3299016, 0.3299016, 0.8844941), (0.2590629, 0.5555967, 0.7900625), (0.4472136, -0.4472136, 0.7745967), (0.5195657, -0.376787, 0.7668657), (0.5818989, -0.02532253, 0.8128668), (0.5847005, 0.00578284, 0.8112286), (0.5555967, 0.2590629, 0.7900625), (0.5, 0.5, 0.7071068)] (interpolation = "vertex")
            float3[] extent = [(-0.0072, -0.00102, -0.0072), (0.0072, 0.0018, 0.0072)]
            rel material:binding = </WorkbenchPart/Materials/ceramic>
            texCoord2f[] primvars:st = [(-0.09777778, -0.7688889), (-0.08571825, -0.7723849), (-0.08222222, -0.7844444), (-0.09777778, -0.7688889), (-0.08222222, -0.7844444), (-0.09360968, -0.7802763), (-0.09966498, -0.7533333), (-0.08753663, -0.7533333), (-0.08571825, -0.7723849), (-0.09966498, -0.7533333), (-0.08571825, -0.7723849), (-0.09777778, -0.7688889), (-0.09966498, 0.7533333), (-0.08753663, 0.7533333), (-0.08753663, -0.7533333), (-0.09966498, 0.7533333), (-0.08753663, -0.7533333), (-0.09966498, -0.7533333), (-0.09777778, 0.7688889), (-0.08571825, 0.7723849), (-0.08753663, 0.7533333), (-0.09777778, 0.7688889), (-0.08753663, 0.7533333), (-0.09966498, 0.7533333), (-0.09360968, 0.7802763), (-0.08222222, 0.7844444), (-0.08571825, 0.7723849), (-0.09360968, 0.7802763), (-0.08571825, 0.7723849), (-0.09777778, 0.7688889), (-0.08571825, -0.7723849), (-0.06666667, -0.7742033), (-0.06666667, -0.7863316), (-0.08571825, -0.7723849), (-0.06666667, -0.7863316), (-0.08222222, -0.7844444), (-0.08753663, -0.7533333), (-0.06666667, -0.7533333), (-0.06666667, -0.7742033), (-0.08753663, -0.7533333), (-0.06666667, -0.7742033), (-0.08571825, -0.7723849), (-0.08753663, 0.7533333), (-0.06666667, 0.7533333), (-0.06666667, -0.7533333), (-0.08753663, 0.7533333), (-0.06666667, -0.7533333), (-0.08753663, -0.7533333), (-0.08571825, 0.7723849), (-0.06666667, 0.7742033), (-0.06666667, 0.7533333), (-0.08571825, 0.7723849), (-0.06666667, 0.7533333), (-0.08753663, 0.7533333), (-0.08222222, 0.7844444), (-0.06666667, 0.7863316), (-0.06666667, 0.7742033), (-0.08222222, 0.7844444), (-0.06666667, 0.7742033), (-0.08571825, 0.7723849), (-0.06666667, -0.7742033), (0.1533333, -0.7742033), (0.1533333, -0.7863316), (-0.06666667, -0.7742033), (0.1533333, -0.7863316), (-0.06666667, -0.7863316), (-0.06666667, -0.7533333), (0.1533333, -0.7533333), (0.1533333, -0.7742033), (-0.06666667, -0.7533333), (0.1533333, -0.7742033), (-0.06666667, -0.7742033), (-0.06666667, 0.7533333), (0.1533333, 0.7533333), (0.1533333, -0.7533333), (-0.06666667, 0.7533333), (0.1533333, -0.7533333), (-0.06666667, -0.7533333), (-0.06666667, 0.7742033), (0.1533333, 0.7742033), (0.1533333, 0.7533333), (-0.06666667, 0.7742033), (0.1533333, 0.7533333), (-0.06666667, 0.7533333), (-0.06666667, 0.7863316), (0.1533333, 0.7863316), (0.1533333, 0.7742033), (-0.06666667, 0.7863316), (0.1533333, 0.7742033), (-0.06666667, 0.7742033), (0.1533333, -0.7742033), (0.1723849, -0.7723849), (0.1688889, -0.7844444), (0.1533333, -0.7742033), (0.1688889, -0.7844444), (0.1533333, -0.7863316), (0.1533333, -0.7533333), (0.1742033, -0.7533333), (0.1723849, -0.7723849), (0.1533333, -0.7533333), (0.1723849, -0.7723849), (0.1533333, -0.7742033), (0.1533333, 0.7533333), (0.1742033, 0.7533333), (0.1742033, -0.7533333), (0.1533333, 0.7533333), (0.1742033, -0.7533333), (0.1533333, -0.7533333), (0.1533333, 0.7742033), (0.1723849, 0.7723849), (0.1742033, 0.7533333), (0.1533333, 0.7742033), (0.1742033, 0.7533333), (0.1533333, 0.7533333), (0.1533333, 0.7863316), (0.1688889, 0.7844444), (0.1723849, 0.7723849), (0.1533333, 0.7863316), (0.1723849, 0.7723849), (0.1533333, 0.7742033), (0.1723849, -0.7723849), (0.1844444, -0.7688889), (0.1802763, -0.7802763), (0.1723849, -0.7723849), (0.1802763, -0.7802763), (0.1688889, -0.7844444), (0.1742033, -0.7533333), (0.1863316, -0.7533333), (0.1844444, -0.7688889), (0.1742033, -0.7533333), (0.1844444, -0.7688889), (0.1723849, -0.7723849), (0.1742033, 0.7533333), (0.1863316, 0.7533333), (0.1863316, -0.7533333), (0.1742033, 0.7533333), (0.1863316, -0.7533333), (0.1742033, -0.7533333), (0.1723849, 0.7723849), (0.1844444, 0.7688889), (0.1863316, 0.7533333), (0.1723849, 0.7723849), (0.1863316, 0.7533333), (0.1742033, 0.7533333), (0.1688889, 0.7844444), (0.1802763, 0.7802763), (0.1844444, 0.7688889), (0.1688889, 0.7844444), (0.1844444, 0.7688889), (0.1723849, 0.7723849), (-0.09360968, -0.7802763), (-0.08222222, -0.7844444), (-0.08571825, -0.7723849), (-0.09360968, -0.7802763), (-0.08571825, -0.7723849), (-0.09777778, -0.7688889), (-0.09777778, -0.7688889), (-0.08571825, -0.7723849), (-0.08753663, -0.7533333), (-0.09777778, -0.7688889), (-0.08753663, -0.7533333), (-0.09966498, -0.7533333), (-0.09966498, -0.7533333), (-0.08753663, -0.7533333), (-0.08753663, 0.7533333), (-0.09966498, -0.7533333), (-0.08753663, 0.7533333), (-0.09966498, 0.7533333), (-0.09966498, 0.7533333), (-0.08753663, 0.7533333), (-0.08571825, 0.7723849), (-0.09966498, 0.7533333), (-0.08571825, 0.7723849), (-0.09777778, 0.7688889), (-0.09777778, 0.7688889), (-0.08571825, 0.7723849), (-0.08222222, 0.7844444), (-0.09777778, 0.7688889), (-0.08222222, 0.7844444), (-0.09360968, 0.7802763), (-0.08222222, -0.7844444), (-0.06666667, -0.7863316), (-0.06666667, -0.7742033), (-0.08222222, -0.7844444), (-0.06666667, -0.7742033), (-0.08571825, -0.7723849), (-0.08571825, -0.7723849), (-0.06666667, -0.7742033), (-0.06666667, -0.7533333), (-0.08571825, -0.7723849), (-0.06666667, -0.7533333), (-0.08753663, -0.7533333), (-0.08753663, -0.7533333), (-0.06666667, -0.7533333), (-0.06666667, 0.7533333), (-0.08753663, -0.7533333), (-0.06666667, 0.7533333), (-0.08753663, 0.7533333), (-0.08753663, 0.7533333), (-0.06666667, 0.7533333), (-0.06666667, 0.7742033), (-0.08753663, 0.7533333), (-0.06666667, 0.7742033), (-0.08571825, 0.7723849), (-0.08571825, 0.7723849), (-0.06666667, 0.7742033), (-0.06666667, 0.7863316), (-0.08571825, 0.7723849), (-0.06666667, 0.7863316), (-0.08222222, 0.7844444), (-0.06666667, -0.7863316), (0.1533333, -0.7863316), (0.1533333, -0.7742033), (-0.06666667, -0.7863316), (0.1533333, -0.7742033), (-0.06666667, -0.7742033), (-0.06666667, -0.7742033), (0.1533333, -0.7742033), (0.1533333, -0.7533333), (-0.06666667, -0.7742033), (0.1533333, -0.7533333), (-0.06666667, -0.7533333), (-0.06666667, -0.7533333), (0.1533333, -0.7533333), (0.1533333, 0.7533333), (-0.06666667, -0.7533333), (0.1533333, 0.7533333), (-0.06666667, 0.7533333), (-0.06666667, 0.7533333), (0.1533333, 0.7533333), (0.1533333, 0.7742033), (-0.06666667, 0.7533333), (0.1533333, 0.7742033), (-0.06666667, 0.7742033), (-0.06666667, 0.7742033), (0.1533333, 0.7742033), (0.1533333, 0.7863316), (-0.06666667, 0.7742033), (0.1533333, 0.7863316), (-0.06666667, 0.7863316), (0.1533333, -0.7863316), (0.1688889, -0.7844444), (0.1723849, -0.7723849), (0.1533333, -0.7863316), (0.1723849, -0.7723849), (0.1533333, -0.7742033), (0.1533333, -0.7742033), (0.1723849, -0.7723849), (0.1742033, -0.7533333), (0.1533333, -0.7742033), (0.1742033, -0.7533333), (0.1533333, -0.7533333), (0.1533333, -0.7533333), (0.1742033, -0.7533333), (0.1742033, 0.7533333), (0.1533333, -0.7533333), (0.1742033, 0.7533333), (0.1533333, 0.7533333), (0.1533333, 0.7533333), (0.1742033, 0.7533333), (0.1723849, 0.7723849), (0.1533333, 0.7533333), (0.1723849, 0.7723849), (0.1533333, 0.7742033), (0.1533333, 0.7742033), (0.1723849, 0.7723849), (0.1688889, 0.7844444), (0.1533333, 0.7742033), (0.1688889, 0.7844444), (0.1533333, 0.7863316), (0.1688889, -0.7844444), (0.1802763, -0.7802763), (0.1844444, -0.7688889), (0.1688889, -0.7844444), (0.1844444, -0.7688889), (0.1723849, -0.7723849), (0.1723849, -0.7723849), (0.1844444, -0.7688889), (0.1863316, -0.7533333), (0.1723849, -0.7723849), (0.1863316, -0.7533333), (0.1742033, -0.7533333), (0.1742033, -0.7533333), (0.1863316, -0.7533333), (0.1863316, 0.7533333), (0.1742033, -0.7533333), (0.1863316, 0.7533333), (0.1742033, 0.7533333), (0.1742033, 0.7533333), (0.1863316, 0.7533333), (0.1844444, 0.7688889), (0.1742033, 0.7533333), (0.1844444, 0.7688889), (0.1723849, 0.7723849), (0.1723849, 0.7723849), (0.1844444, 0.7688889), (0.1802763, 0.7802763), (0.1723849, 0.7723849), (0.1802763, 0.7802763), (0.1688889, 0.7844444), (-0.7688889, -0.7844444), (-0.7723849, -0.7723849), (-0.7844444, -0.7688889), (-0.7688889, -0.7844444), (-0.7844444, -0.7688889), (-0.7802763, -0.7802763), (-0.7533333, -0.7863316), (-0.7533333, -0.7742033), (-0.7723849, -0.7723849), (-0.7533333, -0.7863316), (-0.7723849, -0.7723849), (-0.7688889, -0.7844444), (0.7533333, -0.7863316), (0.7533333, -0.7742033), (-0.7533333, -0.7742033), (0.7533333, -0.7863316), (-0.7533333, -0.7742033), (-0.7533333, -0.7863316), (0.7688889, -0.7844444), (0.7723849, -0.7723849), (0.7533333, -0.7742033), (0.7688889, -0.7844444), (0.7533333, -0.7742033), (0.7533333, -0.7863316), (0.7802763, -0.7802763), (0.7844444, -0.7688889), (0.7723849, -0.7723849), (0.7802763, -0.7802763), (0.7723849, -0.7723849), (0.7688889, -0.7844444), (-0.7723849, -0.7723849), (-0.7742033, -0.7533333), (-0.7863316, -0.7533333), (-0.7723849, -0.7723849), (-0.7863316, -0.7533333), (-0.7844444, -0.7688889), (-0.7533333, -0.7742033), (-0.7533333, -0.7533333), (-0.7742033, -0.7533333), (-0.7533333, -0.7742033), (-0.7742033, -0.7533333), (-0.7723849, -0.7723849), (0.7533333, -0.7742033), (0.7533333, -0.7533333), (-0.7533333, -0.7533333), (0.7533333, -0.7742033), (-0.7533333, -0.7533333), (-0.7533333, -0.7742033), (0.7723849, -0.7723849), (0.7742033, -0.7533333), (0.7533333, -0.7533333), (0.7723849, -0.7723849), (0.7533333, -0.7533333), (0.7533333, -0.7742033), (0.7844444, -0.7688889), (0.7863316, -0.7533333), (0.7742033, -0.7533333), (0.7844444, -0.7688889), (0.7742033, -0.7533333), (0.7723849, -0.7723849), (-0.7742033, -0.7533333), (-0.7742033, 0.7533333), (-0.7863316, 0.7533333), (-0.7742033, -0.7533333), (-0.7863316, 0.7533333), (-0.7863316, -0.7533333), (-0.7533333, -0.7533333), (-0.7533333, 0.7533333), (-0.7742033, 0.7533333), (-0.7533333, -0.7533333), (-0.7742033, 0.7533333), (-0.7742033, -0.7533333), (0.7533333, -0.7533333), (0.7533333, 0.7533333), (-0.7533333, 0.7533333), (0.7533333, -0.7533333), (-0.7533333, 0.7533333), (-0.7533333, -0.7533333), (0.7742033, -0.7533333), (0.7742033, 0.7533333), (0.7533333, 0.7533333), (0.7742033, -0.7533333), (0.7533333, 0.7533333), (0.7533333, -0.7533333), (0.7863316, -0.7533333), (0.7863316, 0.7533333), (0.7742033, 0.7533333), (0.7863316, -0.7533333), (0.7742033, 0.7533333), (0.7742033, -0.7533333), (-0.7742033, 0.7533333), (-0.7723849, 0.7723849), (-0.7844444, 0.7688889), (-0.7742033, 0.7533333), (-0.7844444, 0.7688889), (-0.7863316, 0.7533333), (-0.7533333, 0.7533333), (-0.7533333, 0.7742033), (-0.7723849, 0.7723849), (-0.7533333, 0.7533333), (-0.7723849, 0.7723849), (-0.7742033, 0.7533333), (0.7533333, 0.7533333), (0.7533333, 0.7742033), (-0.7533333, 0.7742033), (0.7533333, 0.7533333), (-0.7533333, 0.7742033), (-0.7533333, 0.7533333), (0.7742033, 0.7533333), (0.7723849, 0.7723849), (0.7533333, 0.7742033), (0.7742033, 0.7533333), (0.7533333, 0.7742033), (0.7533333, 0.7533333), (0.7863316, 0.7533333), (0.7844444, 0.7688889), (0.7723849, 0.7723849), (0.7863316, 0.7533333), (0.7723849, 0.7723849), (0.7742033, 0.7533333), (-0.7723849, 0.7723849), (-0.7688889, 0.7844444), (-0.7802763, 0.7802763), (-0.7723849, 0.7723849), (-0.7802763, 0.7802763), (-0.7844444, 0.7688889), (-0.7533333, 0.7742033), (-0.7533333, 0.7863316), (-0.7688889, 0.7844444), (-0.7533333, 0.7742033), (-0.7688889, 0.7844444), (-0.7723849, 0.7723849), (0.7533333, 0.7742033), (0.7533333, 0.7863316), (-0.7533333, 0.7863316), (0.7533333, 0.7742033), (-0.7533333, 0.7863316), (-0.7533333, 0.7742033), (0.7723849, 0.7723849), (0.7688889, 0.7844444), (0.7533333, 0.7863316), (0.7723849, 0.7723849), (0.7533333, 0.7863316), (0.7533333, 0.7742033), (0.7844444, 0.7688889), (0.7802763, 0.7802763), (0.7688889, 0.7844444), (0.7844444, 0.7688889), (0.7688889, 0.7844444), (0.7723849, 0.7723849), (-0.7802763, -0.7802763), (-0.7844444, -0.7688889), (-0.7723849, -0.7723849), (-0.7802763, -0.7802763), (-0.7723849, -0.7723849), (-0.7688889, -0.7844444), (-0.7688889, -0.7844444), (-0.7723849, -0.7723849), (-0.7533333, -0.7742033), (-0.7688889, -0.7844444), (-0.7533333, -0.7742033), (-0.7533333, -0.7863316), (-0.7533333, -0.7863316), (-0.7533333, -0.7742033), (0.7533333, -0.7742033), (-0.7533333, -0.7863316), (0.7533333, -0.7742033), (0.7533333, -0.7863316), (0.7533333, -0.7863316), (0.7533333, -0.7742033), (0.7723849, -0.7723849), (0.7533333, -0.7863316), (0.7723849, -0.7723849), (0.7688889, -0.7844444), (0.7688889, -0.7844444), (0.7723849, -0.7723849), (0.7844444, -0.7688889), (0.7688889, -0.7844444), (0.7844444, -0.7688889), (0.7802763, -0.7802763), (-0.7844444, -0.7688889), (-0.7863316, -0.7533333), (-0.7742033, -0.7533333), (-0.7844444, -0.7688889), (-0.7742033, -0.7533333), (-0.7723849, -0.7723849), (-0.7723849, -0.7723849), (-0.7742033, -0.7533333), (-0.7533333, -0.7533333), (-0.7723849, -0.7723849), (-0.7533333, -0.7533333), (-0.7533333, -0.7742033), (-0.7533333, -0.7742033), (-0.7533333, -0.7533333), (0.7533333, -0.7533333), (-0.7533333, -0.7742033), (0.7533333, -0.7533333), (0.7533333, -0.7742033), (0.7533333, -0.7742033), (0.7533333, -0.7533333), (0.7742033, -0.7533333), (0.7533333, -0.7742033), (0.7742033, -0.7533333), (0.7723849, -0.7723849), (0.7723849, -0.7723849), (0.7742033, -0.7533333), (0.7863316, -0.7533333), (0.7723849, -0.7723849), (0.7863316, -0.7533333), (0.7844444, -0.7688889), (-0.7863316, -0.7533333), (-0.7863316, 0.7533333), (-0.7742033, 0.7533333), (-0.7863316, -0.7533333), (-0.7742033, 0.7533333), (-0.7742033, -0.7533333), (-0.7742033, -0.7533333), (-0.7742033, 0.7533333), (-0.7533333, 0.7533333), (-0.7742033, -0.7533333), (-0.7533333, 0.7533333), (-0.7533333, -0.7533333), (-0.7533333, -0.7533333), (-0.7533333, 0.7533333), (0.7533333, 0.7533333), (-0.7533333, -0.7533333), (0.7533333, 0.7533333), (0.7533333, -0.7533333), (0.7533333, -0.7533333), (0.7533333, 0.7533333), (0.7742033, 0.7533333), (0.7533333, -0.7533333), (0.7742033, 0.7533333), (0.7742033, -0.7533333), (0.7742033, -0.7533333), (0.7742033, 0.7533333), (0.7863316, 0.7533333), (0.7742033, -0.7533333), (0.7863316, 0.7533333), (0.7863316, -0.7533333), (-0.7863316, 0.7533333), (-0.7844444, 0.7688889), (-0.7723849, 0.7723849), (-0.7863316, 0.7533333), (-0.7723849, 0.7723849), (-0.7742033, 0.7533333), (-0.7742033, 0.7533333), (-0.7723849, 0.7723849), (-0.7533333, 0.7742033), (-0.7742033, 0.7533333), (-0.7533333, 0.7742033), (-0.7533333, 0.7533333), (-0.7533333, 0.7533333), (-0.7533333, 0.7742033), (0.7533333, 0.7742033), (-0.7533333, 0.7533333), (0.7533333, 0.7742033), (0.7533333, 0.7533333), (0.7533333, 0.7533333), (0.7533333, 0.7742033), (0.7723849, 0.7723849), (0.7533333, 0.7533333), (0.7723849, 0.7723849), (0.7742033, 0.7533333), (0.7742033, 0.7533333), (0.7723849, 0.7723849), (0.7844444, 0.7688889), (0.7742033, 0.7533333), (0.7844444, 0.7688889), (0.7863316, 0.7533333), (-0.7844444, 0.7688889), (-0.7802763, 0.7802763), (-0.7688889, 0.7844444), (-0.7844444, 0.7688889), (-0.7688889, 0.7844444), (-0.7723849, 0.7723849), (-0.7723849, 0.7723849), (-0.7688889, 0.7844444), (-0.7533333, 0.7863316), (-0.7723849, 0.7723849), (-0.7533333, 0.7863316), (-0.7533333, 0.7742033), (-0.7533333, 0.7742033), (-0.7533333, 0.7863316), (0.7533333, 0.7863316), (-0.7533333, 0.7742033), (0.7533333, 0.7863316), (0.7533333, 0.7742033), (0.7533333, 0.7742033), (0.7533333, 0.7863316), (0.7688889, 0.7844444), (0.7533333, 0.7742033), (0.7688889, 0.7844444), (0.7723849, 0.7723849), (0.7723849, 0.7723849), (0.7688889, 0.7844444), (0.7802763, 0.7802763), (0.7723849, 0.7723849), (0.7802763, 0.7802763), (0.7844444, 0.7688889), (-0.7844444, -0.08222222), (-0.7723849, -0.08571825), (-0.7688889, -0.09777778), (-0.7844444, -0.08222222), (-0.7688889, -0.09777778), (-0.7802763, -0.09360968), (-0.7863316, -0.06666667), (-0.7742033, -0.06666667), (-0.7723849, -0.08571825), (-0.7863316, -0.06666667), (-0.7723849, -0.08571825), (-0.7844444, -0.08222222), (-0.7863316, 0.1533333), (-0.7742033, 0.1533333), (-0.7742033, -0.06666667), (-0.7863316, 0.1533333), (-0.7742033, -0.06666667), (-0.7863316, -0.06666667), (-0.7844444, 0.1688889), (-0.7723849, 0.1723849), (-0.7742033, 0.1533333), (-0.7844444, 0.1688889), (-0.7742033, 0.1533333), (-0.7863316, 0.1533333), (-0.7802763, 0.1802763), (-0.7688889, 0.1844444), (-0.7723849, 0.1723849), (-0.7802763, 0.1802763), (-0.7723849, 0.1723849), (-0.7844444, 0.1688889), (-0.7723849, -0.08571825), (-0.7533333, -0.08753663), (-0.7533333, -0.09966498), (-0.7723849, -0.08571825), (-0.7533333, -0.09966498), (-0.7688889, -0.09777778), (-0.7742033, -0.06666667), (-0.7533333, -0.06666667), (-0.7533333, -0.08753663), (-0.7742033, -0.06666667), (-0.7533333, -0.08753663), (-0.7723849, -0.08571825), (-0.7742033, 0.1533333), (-0.7533333, 0.1533333), (-0.7533333, -0.06666667), (-0.7742033, 0.1533333), (-0.7533333, -0.06666667), (-0.7742033, -0.06666667), (-0.7723849, 0.1723849), (-0.7533333, 0.1742033), (-0.7533333, 0.1533333), (-0.7723849, 0.1723849), (-0.7533333, 0.1533333), (-0.7742033, 0.1533333), (-0.7688889, 0.1844444), (-0.7533333, 0.1863316), (-0.7533333, 0.1742033), (-0.7688889, 0.1844444), (-0.7533333, 0.1742033), (-0.7723849, 0.1723849), (-0.7533333, -0.08753663), (0.7533333, -0.08753663), (0.7533333, -0.09966498), (-0.7533333, -0.08753663), (0.7533333, -0.09966498), (-0.7533333, -0.09966498), (-0.7533333, -0.06666667), (0.7533333, -0.06666667), (0.7533333, -0.08753663), (-0.7533333, -0.06666667), (0.7533333, -0.08753663), (-0.7533333, -0.08753663), (-0.7533333, 0.1533333), (0.7533333, 0.1533333), (0.7533333, -0.06666667), (-0.7533333, 0.1533333), (0.7533333, -0.06666667), (-0.7533333, -0.06666667), (-0.7533333, 0.1742033), (0.7533333, 0.1742033), (0.7533333, 0.1533333), (-0.7533333, 0.1742033), (0.7533333, 0.1533333), (-0.7533333, 0.1533333), (-0.7533333, 0.1863316), (0.7533333, 0.1863316), (0.7533333, 0.1742033), (-0.7533333, 0.1863316), (0.7533333, 0.1742033), (-0.7533333, 0.1742033), (0.7533333, -0.08753663), (0.7723849, -0.08571825), (0.7688889, -0.09777778), (0.7533333, -0.08753663), (0.7688889, -0.09777778), (0.7533333, -0.09966498), (0.7533333, -0.06666667), (0.7742033, -0.06666667), (0.7723849, -0.08571825), (0.7533333, -0.06666667), (0.7723849, -0.08571825), (0.7533333, -0.08753663), (0.7533333, 0.1533333), (0.7742033, 0.1533333), (0.7742033, -0.06666667), (0.7533333, 0.1533333), (0.7742033, -0.06666667), (0.7533333, -0.06666667), (0.7533333, 0.1742033), (0.7723849, 0.1723849), (0.7742033, 0.1533333), (0.7533333, 0.1742033), (0.7742033, 0.1533333), (0.7533333, 0.1533333), (0.7533333, 0.1863316), (0.7688889, 0.1844444), (0.7723849, 0.1723849), (0.7533333, 0.1863316), (0.7723849, 0.1723849), (0.7533333, 0.1742033), (0.7723849, -0.08571825), (0.7844444, -0.08222222), (0.7802763, -0.09360968), (0.7723849, -0.08571825), (0.7802763, -0.09360968), (0.7688889, -0.09777778), (0.7742033, -0.06666667), (0.7863316, -0.06666667), (0.7844444, -0.08222222), (0.7742033, -0.06666667), (0.7844444, -0.08222222), (0.7723849, -0.08571825), (0.7742033, 0.1533333), (0.7863316, 0.1533333), (0.7863316, -0.06666667), (0.7742033, 0.1533333), (0.7863316, -0.06666667), (0.7742033, -0.06666667), (0.7723849, 0.1723849), (0.7844444, 0.1688889), (0.7863316, 0.1533333), (0.7723849, 0.1723849), (0.7863316, 0.1533333), (0.7742033, 0.1533333), (0.7688889, 0.1844444), (0.7802763, 0.1802763), (0.7844444, 0.1688889), (0.7688889, 0.1844444), (0.7844444, 0.1688889), (0.7723849, 0.1723849), (-0.7802763, -0.09360968), (-0.7688889, -0.09777778), (-0.7723849, -0.08571825), (-0.7802763, -0.09360968), (-0.7723849, -0.08571825), (-0.7844444, -0.08222222), (-0.7844444, -0.08222222), (-0.7723849, -0.08571825), (-0.7742033, -0.06666667), (-0.7844444, -0.08222222), (-0.7742033, -0.06666667), (-0.7863316, -0.06666667), (-0.7863316, -0.06666667), (-0.7742033, -0.06666667), (-0.7742033, 0.1533333), (-0.7863316, -0.06666667), (-0.7742033, 0.1533333), (-0.7863316, 0.1533333), (-0.7863316, 0.1533333), (-0.7742033, 0.1533333), (-0.7723849, 0.1723849), (-0.7863316, 0.1533333), (-0.7723849, 0.1723849), (-0.7844444, 0.1688889), (-0.7844444, 0.1688889), (-0.7723849, 0.1723849), (-0.7688889, 0.1844444), (-0.7844444, 0.1688889), (-0.7688889, 0.1844444), (-0.7802763, 0.1802763), (-0.7688889, -0.09777778), (-0.7533333, -0.09966498), (-0.7533333, -0.08753663), (-0.7688889, -0.09777778), (-0.7533333, -0.08753663), (-0.7723849, -0.08571825), (-0.7723849, -0.08571825), (-0.7533333, -0.08753663), (-0.7533333, -0.06666667), (-0.7723849, -0.08571825), (-0.7533333, -0.06666667), (-0.7742033, -0.06666667), (-0.7742033, -0.06666667), (-0.7533333, -0.06666667), (-0.7533333, 0.1533333), (-0.7742033, -0.06666667), (-0.7533333, 0.1533333), (-0.7742033, 0.1533333), (-0.7742033, 0.1533333), (-0.7533333, 0.1533333), (-0.7533333, 0.1742033), (-0.7742033, 0.1533333), (-0.7533333, 0.1742033), (-0.7723849, 0.1723849), (-0.7723849, 0.1723849), (-0.7533333, 0.1742033), (-0.7533333, 0.1863316), (-0.7723849, 0.1723849), (-0.7533333, 0.1863316), (-0.7688889, 0.1844444), (-0.7533333, -0.09966498), (0.7533333, -0.09966498), (0.7533333, -0.08753663), (-0.7533333, -0.09966498), (0.7533333, -0.08753663), (-0.7533333, -0.08753663), (-0.7533333, -0.08753663), (0.7533333, -0.08753663), (0.7533333, -0.06666667), (-0.7533333, -0.08753663), (0.7533333, -0.06666667), (-0.7533333, -0.06666667), (-0.7533333, -0.06666667), (0.7533333, -0.06666667), (0.7533333, 0.1533333), (-0.7533333, -0.06666667), (0.7533333, 0.1533333), (-0.7533333, 0.1533333), (-0.7533333, 0.1533333), (0.7533333, 0.1533333), (0.7533333, 0.1742033), (-0.7533333, 0.1533333), (0.7533333, 0.1742033), (-0.7533333, 0.1742033), (-0.7533333, 0.1742033), (0.7533333, 0.1742033), (0.7533333, 0.1863316), (-0.7533333, 0.1742033), (0.7533333, 0.1863316), (-0.7533333, 0.1863316), (0.7533333, -0.09966498), (0.7688889, -0.09777778), (0.7723849, -0.08571825), (0.7533333, -0.09966498), (0.7723849, -0.08571825), (0.7533333, -0.08753663), (0.7533333, -0.08753663), (0.7723849, -0.08571825), (0.7742033, -0.06666667), (0.7533333, -0.08753663), (0.7742033, -0.06666667), (0.7533333, -0.06666667), (0.7533333, -0.06666667), (0.7742033, -0.06666667), (0.7742033, 0.1533333), (0.7533333, -0.06666667), (0.7742033, 0.1533333), (0.7533333, 0.1533333), (0.7533333, 0.1533333), (0.7742033, 0.1533333), (0.7723849, 0.1723849), (0.7533333, 0.1533333), (0.7723849, 0.1723849), (0.7533333, 0.1742033), (0.7533333, 0.1742033), (0.7723849, 0.1723849), (0.7688889, 0.1844444), (0.7533333, 0.1742033), (0.7688889, 0.1844444), (0.7533333, 0.1863316), (0.7688889, -0.09777778), (0.7802763, -0.09360968), (0.7844444, -0.08222222), (0.7688889, -0.09777778), (0.7844444, -0.08222222), (0.7723849, -0.08571825), (0.7723849, -0.08571825), (0.7844444, -0.08222222), (0.7863316, -0.06666667), (0.7723849, -0.08571825), (0.7863316, -0.06666667), (0.7742033, -0.06666667), (0.7742033, -0.06666667), (0.7863316, -0.06666667), (0.7863316, 0.1533333), (0.7742033, -0.06666667), (0.7863316, 0.1533333), (0.7742033, 0.1533333), (0.7742033, 0.1533333), (0.7863316, 0.1533333), (0.7844444, 0.1688889), (0.7742033, 0.1533333), (0.7844444, 0.1688889), (0.7723849, 0.1723849), (0.7723849, 0.1723849), (0.7844444, 0.1688889), (0.7802763, 0.1802763), (0.7723849, 0.1723849), (0.7802763, 0.1802763), (0.7688889, 0.1844444)] (interpolation = "faceVarying")
        }
        def Mesh "SilverAntennaElectrode_01" (prepend apiSchemas = ["MaterialBindingAPI"])
        {
            uniform token subdivisionScheme = "none"
            uniform token orientation = "rightHanded"
            bool doubleSided = false
            point3f[] points = [(-0.006538306, 0.001801694, -0.006538306), (-0.0065412, 0.0017988, -0.0065304), (-0.00654251, 0.00179749, -0.0065196), (-0.00654251, 0.00179749, 0.0065196), (-0.0065412, 0.0017988, 0.0065304), (-0.006538306, 0.001801694, 0.006538306), (-0.0065412, 0.0018096, -0.0065412), (-0.006546054, 0.001807173, -0.006532827), (-0.006548579, 0.00180591, -0.0065196), (-0.006548579, 0.00180591, 0.0065196), (-0.006546054, 0.001807173, 0.006532827), (-0.0065412, 0.0018096, 0.0065412), (-0.00654251, 0.0018204, -0.00654251), (-0.006548579, 0.0018204, -0.00653409), (-0.006552, 0.0018204, -0.0065196), (-0.006552, 0.0018204, 0.0065196), (-0.006548579, 0.0018204, 0.00653409), (-0.00654251, 0.0018204, 0.00654251), (-0.00654251, 0.0018276, -0.00654251), (-0.006548579, 0.0018276, -0.00653409), (-0.006552, 0.0018276, -0.0065196), (-0.006552, 0.0018276, 0.0065196), (-0.006548579, 0.0018276, 0.00653409), (-0.00654251, 0.0018276, 0.00654251), (-0.0065412, 0.0018384, -0.0065412), (-0.006546054, 0.001840827, -0.006532827), (-0.006548579, 0.00184209, -0.0065196), (-0.006548579, 0.00184209, 0.0065196), (-0.006546054, 0.001840827, 0.006532827), (-0.0065412, 0.0018384, 0.0065412), (-0.006538306, 0.001846306, -0.006538306), (-0.0065412, 0.0018492, -0.0065304), (-0.00654251, 0.00185051, -0.0065196), (-0.00654251, 0.00185051, 0.0065196), (-0.0065412, 0.0018492, 0.0065304), (-0.006538306, 0.001846306, 0.006538306), (0.006538306, 0.001801694, -0.006538306), (0.0065412, 0.0017988, -0.0065304), (0.00654251, 0.00179749, -0.0065196), (0.00654251, 0.00179749, 0.0065196), (0.0065412, 0.0017988, 0.0065304), (0.006538306, 0.001801694, 0.006538306), (0.0065412, 0.0018096, -0.0065412), (0.006546054, 0.001807173, -0.006532827), (0.006548579, 0.00180591, -0.0065196), (0.006548579, 0.00180591, 0.0065196), (0.006546054, 0.001807173, 0.006532827), (0.0065412, 0.0018096, 0.0065412), (0.00654251, 0.0018204, -0.00654251), (0.006548579, 0.0018204, -0.00653409), (0.006552, 0.0018204, -0.0065196), (0.006552, 0.0018204, 0.0065196), (0.006548579, 0.0018204, 0.00653409), (0.00654251, 0.0018204, 0.00654251), (0.00654251, 0.0018276, -0.00654251), (0.006548579, 0.0018276, -0.00653409), (0.006552, 0.0018276, -0.0065196), (0.006552, 0.0018276, 0.0065196), (0.006548579, 0.0018276, 0.00653409), (0.00654251, 0.0018276, 0.00654251), (0.0065412, 0.0018384, -0.0065412), (0.006546054, 0.001840827, -0.006532827), (0.006548579, 0.00184209, -0.0065196), (0.006548579, 0.00184209, 0.0065196), (0.006546054, 0.001840827, 0.006532827), (0.0065412, 0.0018384, 0.0065412), (0.006538306, 0.001846306, -0.006538306), (0.0065412, 0.0018492, -0.0065304), (0.00654251, 0.00185051, -0.0065196), (0.00654251, 0.00185051, 0.0065196), (0.0065412, 0.0018492, 0.0065304), (0.006538306, 0.001846306, 0.006538306), (-0.006538306, 0.001801694, -0.006538306), (-0.0065304, 0.0017988, -0.0065412), (-0.0065196, 0.00179749, -0.00654251), (0.0065196, 0.00179749, -0.00654251), (0.0065304, 0.0017988, -0.0065412), (0.006538306, 0.001801694, -0.006538306), (-0.0065412, 0.0017988, -0.0065304), (-0.006532827, 0.001793946, -0.006532827), (-0.0065196, 0.001791421, -0.00653409), (0.0065196, 0.001791421, -0.00653409), (0.006532827, 0.001793946, -0.006532827), (0.0065412, 0.0017988, -0.0065304), (-0.00654251, 0.00179749, -0.0065196), (-0.00653409, 0.001791421, -0.0065196), (-0.0065196, 0.001788, -0.0065196), (0.0065196, 0.001788, -0.0065196), (0.00653409, 0.001791421, -0.0065196), (0.00654251, 0.00179749, -0.0065196), (-0.00654251, 0.00179749, 0.0065196), (-0.00653409, 0.001791421, 0.0065196), (-0.0065196, 0.001788, 0.0065196), (0.0065196, 0.001788, 0.0065196), (0.00653409, 0.001791421, 0.0065196), (0.00654251, 0.00179749, 0.0065196), (-0.0065412, 0.0017988, 0.0065304), (-0.006532827, 0.001793946, 0.006532827), (-0.0065196, 0.001791421, 0.00653409), (0.0065196, 0.001791421, 0.00653409), (0.006532827, 0.001793946, 0.006532827), (0.0065412, 0.0017988, 0.0065304), (-0.006538306, 0.001801694, 0.006538306), (-0.0065304, 0.0017988, 0.0065412), (-0.0065196, 0.00179749, 0.00654251), (0.0065196, 0.00179749, 0.00654251), (0.0065304, 0.0017988, 0.0065412), (0.006538306, 0.001801694, 0.006538306), (-0.006538306, 0.001846306, -0.006538306), (-0.0065304, 0.0018492, -0.0065412), (-0.0065196, 0.00185051, -0.00654251), (0.0065196, 0.00185051, -0.00654251), (0.0065304, 0.0018492, -0.0065412), (0.006538306, 0.001846306, -0.006538306), (-0.0065412, 0.0018492, -0.0065304), (-0.006532827, 0.001854054, -0.006532827), (-0.0065196, 0.001856579, -0.00653409), (0.0065196, 0.001856579, -0.00653409), (0.006532827, 0.001854054, -0.006532827), (0.0065412, 0.0018492, -0.0065304), (-0.00654251, 0.00185051, -0.0065196), (-0.00653409, 0.001856579, -0.0065196), (-0.0065196, 0.00186, -0.0065196), (0.0065196, 0.00186, -0.0065196), (0.00653409, 0.001856579, -0.0065196), (0.00654251, 0.00185051, -0.0065196), (-0.00654251, 0.00185051, 0.0065196), (-0.00653409, 0.001856579, 0.0065196), (-0.0065196, 0.00186, 0.0065196), (0.0065196, 0.00186, 0.0065196), (0.00653409, 0.001856579, 0.0065196), (0.00654251, 0.00185051, 0.0065196), (-0.0065412, 0.0018492, 0.0065304), (-0.006532827, 0.001854054, 0.006532827), (-0.0065196, 0.001856579, 0.00653409), (0.0065196, 0.001856579, 0.00653409), (0.006532827, 0.001854054, 0.006532827), (0.0065412, 0.0018492, 0.0065304), (-0.006538306, 0.001846306, 0.006538306), (-0.0065304, 0.0018492, 0.0065412), (-0.0065196, 0.00185051, 0.00654251), (0.0065196, 0.00185051, 0.00654251), (0.0065304, 0.0018492, 0.0065412), (0.006538306, 0.001846306, 0.006538306), (-0.006538306, 0.001801694, -0.006538306), (-0.0065412, 0.0018096, -0.0065412), (-0.00654251, 0.0018204, -0.00654251), (-0.00654251, 0.0018276, -0.00654251), (-0.0065412, 0.0018384, -0.0065412), (-0.006538306, 0.001846306, -0.006538306), (-0.0065304, 0.0017988, -0.0065412), (-0.006532827, 0.001807173, -0.006546054), (-0.00653409, 0.0018204, -0.006548579), (-0.00653409, 0.0018276, -0.006548579), (-0.006532827, 0.001840827, -0.006546054), (-0.0065304, 0.0018492, -0.0065412), (-0.0065196, 0.00179749, -0.00654251), (-0.0065196, 0.00180591, -0.006548579), (-0.0065196, 0.0018204, -0.006552), (-0.0065196, 0.0018276, -0.006552), (-0.0065196, 0.00184209, -0.006548579), (-0.0065196, 0.00185051, -0.00654251), (0.0065196, 0.00179749, -0.00654251), (0.0065196, 0.00180591, -0.006548579), (0.0065196, 0.0018204, -0.006552), (0.0065196, 0.0018276, -0.006552), (0.0065196, 0.00184209, -0.006548579), (0.0065196, 0.00185051, -0.00654251), (0.0065304, 0.0017988, -0.0065412), (0.006532827, 0.001807173, -0.006546054), (0.00653409, 0.0018204, -0.006548579), (0.00653409, 0.0018276, -0.006548579), (0.006532827, 0.001840827, -0.006546054), (0.0065304, 0.0018492, -0.0065412), (0.006538306, 0.001801694, -0.006538306), (0.0065412, 0.0018096, -0.0065412), (0.00654251, 0.0018204, -0.00654251), (0.00654251, 0.0018276, -0.00654251), (0.0065412, 0.0018384, -0.0065412), (0.006538306, 0.001846306, -0.006538306), (-0.006538306, 0.001801694, 0.006538306), (-0.0065412, 0.0018096, 0.0065412), (-0.00654251, 0.0018204, 0.00654251), (-0.00654251, 0.0018276, 0.00654251), (-0.0065412, 0.0018384, 0.0065412), (-0.006538306, 0.001846306, 0.006538306), (-0.0065304, 0.0017988, 0.0065412), (-0.006532827, 0.001807173, 0.006546054), (-0.00653409, 0.0018204, 0.006548579), (-0.00653409, 0.0018276, 0.006548579), (-0.006532827, 0.001840827, 0.006546054), (-0.0065304, 0.0018492, 0.0065412), (-0.0065196, 0.00179749, 0.00654251), (-0.0065196, 0.00180591, 0.006548579), (-0.0065196, 0.0018204, 0.006552), (-0.0065196, 0.0018276, 0.006552), (-0.0065196, 0.00184209, 0.006548579), (-0.0065196, 0.00185051, 0.00654251), (0.0065196, 0.00179749, 0.00654251), (0.0065196, 0.00180591, 0.006548579), (0.0065196, 0.0018204, 0.006552), (0.0065196, 0.0018276, 0.006552), (0.0065196, 0.00184209, 0.006548579), (0.0065196, 0.00185051, 0.00654251), (0.0065304, 0.0017988, 0.0065412), (0.006532827, 0.001807173, 0.006546054), (0.00653409, 0.0018204, 0.006548579), (0.00653409, 0.0018276, 0.006548579), (0.006532827, 0.001840827, 0.006546054), (0.0065304, 0.0018492, 0.0065412), (0.006538306, 0.001801694, 0.006538306), (0.0065412, 0.0018096, 0.0065412), (0.00654251, 0.0018204, 0.00654251), (0.00654251, 0.0018276, 0.00654251), (0.0065412, 0.0018384, 0.0065412), (0.006538306, 0.001846306, 0.006538306)]
            int[] faceVertexCounts = [3, 3, 3, 3, 3, 3, 3, 3, 3, 3, 3, 3, 3, 3, 3, 3, 3, 3, 3, 3, 3, 3, 3, 3, 3, 3, 3, 3, 3, 3, 3, 3, 3, 3, 3, 3, 3, 3, 3, 3, 3, 3, 3, 3, 3, 3, 3, 3, 3, 3, 3, 3, 3, 3, 3, 3, 3, 3, 3, 3, 3, 3, 3, 3, 3, 3, 3, 3, 3, 3, 3, 3, 3, 3, 3, 3, 3, 3, 3, 3, 3, 3, 3, 3, 3, 3, 3, 3, 3, 3, 3, 3, 3, 3, 3, 3, 3, 3, 3, 3, 3, 3, 3, 3, 3, 3, 3, 3, 3, 3, 3, 3, 3, 3, 3, 3, 3, 3, 3, 3, 3, 3, 3, 3, 3, 3, 3, 3, 3, 3, 3, 3, 3, 3, 3, 3, 3, 3, 3, 3, 3, 3, 3, 3, 3, 3, 3, 3, 3, 3, 3, 3, 3, 3, 3, 3, 3, 3, 3, 3, 3, 3, 3, 3, 3, 3, 3, 3, 3, 3, 3, 3, 3, 3, 3, 3, 3, 3, 3, 3, 3, 3, 3, 3, 3, 3, 3, 3, 3, 3, 3, 3, 3, 3, 3, 3, 3, 3, 3, 3, 3, 3, 3, 3, 3, 3, 3, 3, 3, 3, 3, 3, 3, 3, 3, 3, 3, 3, 3, 3, 3, 3, 3, 3, 3, 3, 3, 3, 3, 3, 3, 3, 3, 3, 3, 3, 3, 3, 3, 3, 3, 3, 3, 3, 3, 3, 3, 3, 3, 3, 3, 3, 3, 3, 3, 3, 3, 3, 3, 3, 3, 3, 3, 3, 3, 3, 3, 3, 3, 3, 3, 3, 3, 3, 3, 3, 3, 3, 3, 3, 3, 3, 3, 3, 3, 3, 3, 3, 3, 3, 3, 3, 3, 3, 3, 3, 3, 3, 3, 3]
            int[] faceVertexIndices = [1, 7, 6, 1, 6, 0, 2, 8, 7, 2, 7, 1, 3, 9, 8, 3, 8, 2, 4, 10, 9, 4, 9, 3, 5, 11, 10, 5, 10, 4, 7, 13, 12, 7, 12, 6, 8, 14, 13, 8, 13, 7, 9, 15, 14, 9, 14, 8, 10, 16, 15, 10, 15, 9, 11, 17, 16, 11, 16, 10, 13, 19, 18, 13, 18, 12, 14, 20, 19, 14, 19, 13, 15, 21, 20, 15, 20, 14, 16, 22, 21, 16, 21, 15, 17, 23, 22, 17, 22, 16, 19, 25, 24, 19, 24, 18, 20, 26, 25, 20, 25, 19, 21, 27, 26, 21, 26, 20, 22, 28, 27, 22, 27, 21, 23, 29, 28, 23, 28, 22, 25, 31, 30, 25, 30, 24, 26, 32, 31, 26, 31, 25, 27, 33, 32, 27, 32, 26, 28, 34, 33, 28, 33, 27, 29, 35, 34, 29, 34, 28, 36, 42, 43, 36, 43, 37, 37, 43, 44, 37, 44, 38, 38, 44, 45, 38, 45, 39, 39, 45, 46, 39, 46, 40, 40, 46, 47, 40, 47, 41, 42, 48, 49, 42, 49, 43, 43, 49, 50, 43, 50, 44, 44, 50, 51, 44, 51, 45, 45, 51, 52, 45, 52, 46, 46, 52, 53, 46, 53, 47, 48, 54, 55, 48, 55, 49, 49, 55, 56, 49, 56, 50, 50, 56, 57, 50, 57, 51, 51, 57, 58, 51, 58, 52, 52, 58, 59, 52, 59, 53, 54, 60, 61, 54, 61, 55, 55, 61, 62, 55, 62, 56, 56, 62, 63, 56, 63, 57, 57, 63, 64, 57, 64, 58, 58, 64, 65, 58, 65, 59, 60, 66, 67, 60, 67, 61, 61, 67, 68, 61, 68, 62, 62, 68, 69, 62, 69, 63, 63, 69, 70, 63, 70, 64, 64, 70, 71, 64, 71, 65, 73, 79, 78, 73, 78, 72, 74, 80, 79, 74, 79, 73, 75, 81, 80, 75, 80, 74, 76, 82, 81, 76, 81, 75, 77, 83, 82, 77, 82, 76, 79, 85, 84, 79, 84, 78, 80, 86, 85, 80, 85, 79, 81, 87, 86, 81, 86, 80, 82, 88, 87, 82, 87, 81, 83, 89, 88, 83, 88, 82, 85, 91, 90, 85, 90, 84, 86, 92, 91, 86, 91, 85, 87, 93, 92, 87, 92, 86, 88, 94, 93, 88, 93, 87, 89, 95, 94, 89, 94, 88, 91, 97, 96, 91, 96, 90, 92, 98, 97, 92, 97, 91, 93, 99, 98, 93, 98, 92, 94, 100, 99, 94, 99, 93, 95, 101, 100, 95, 100, 94, 97, 103, 102, 97, 102, 96, 98, 104, 103, 98, 103, 97, 99, 105, 104, 99, 104, 98, 100, 106, 105, 100, 105, 99, 101, 107, 106, 101, 106, 100, 108, 114, 115, 108, 115, 109, 109, 115, 116, 109, 116, 110, 110, 116, 117, 110, 117, 111, 111, 117, 118, 111, 118, 112, 112, 118, 119, 112, 119, 113, 114, 120, 121, 114, 121, 115, 115, 121, 122, 115, 122, 116, 116, 122, 123, 116, 123, 117, 117, 123, 124, 117, 124, 118, 118, 124, 125, 118, 125, 119, 120, 126, 127, 120, 127, 121, 121, 127, 128, 121, 128, 122, 122, 128, 129, 122, 129, 123, 123, 129, 130, 123, 130, 124, 124, 130, 131, 124, 131, 125, 126, 132, 133, 126, 133, 127, 127, 133, 134, 127, 134, 128, 128, 134, 135, 128, 135, 129, 129, 135, 136, 129, 136, 130, 130, 136, 137, 130, 137, 131, 132, 138, 139, 132, 139, 133, 133, 139, 140, 133, 140, 134, 134, 140, 141, 134, 141, 135, 135, 141, 142, 135, 142, 136, 136, 142, 143, 136, 143, 137, 145, 151, 150, 145, 150, 144, 146, 152, 151, 146, 151, 145, 147, 153, 152, 147, 152, 146, 148, 154, 153, 148, 153, 147, 149, 155, 154, 149, 154, 148, 151, 157, 156, 151, 156, 150, 152, 158, 157, 152, 157, 151, 153, 159, 158, 153, 158, 152, 154, 160, 159, 154, 159, 153, 155, 161, 160, 155, 160, 154, 157, 163, 162, 157, 162, 156, 158, 164, 163, 158, 163, 157, 159, 165, 164, 159, 164, 158, 160, 166, 165, 160, 165, 159, 161, 167, 166, 161, 166, 160, 163, 169, 168, 163, 168, 162, 164, 170, 169, 164, 169, 163, 165, 171, 170, 165, 170, 164, 166, 172, 171, 166, 171, 165, 167, 173, 172, 167, 172, 166, 169, 175, 174, 169, 174, 168, 170, 176, 175, 170, 175, 169, 171, 177, 176, 171, 176, 170, 172, 178, 177, 172, 177, 171, 173, 179, 178, 173, 178, 172, 180, 186, 187, 180, 187, 181, 181, 187, 188, 181, 188, 182, 182, 188, 189, 182, 189, 183, 183, 189, 190, 183, 190, 184, 184, 190, 191, 184, 191, 185, 186, 192, 193, 186, 193, 187, 187, 193, 194, 187, 194, 188, 188, 194, 195, 188, 195, 189, 189, 195, 196, 189, 196, 190, 190, 196, 197, 190, 197, 191, 192, 198, 199, 192, 199, 193, 193, 199, 200, 193, 200, 194, 194, 200, 201, 194, 201, 195, 195, 201, 202, 195, 202, 196, 196, 202, 203, 196, 203, 197, 198, 204, 205, 198, 205, 199, 199, 205, 206, 199, 206, 200, 200, 206, 207, 200, 207, 201, 201, 207, 208, 201, 208, 202, 202, 208, 209, 202, 209, 203, 204, 210, 211, 204, 211, 205, 205, 211, 212, 205, 212, 206, 206, 212, 213, 206, 213, 207, 207, 213, 214, 207, 214, 208, 208, 214, 215, 208, 215, 209]
            normal3f[] normals = [(-0.7745967, -0.4472136, -0.4472136), (-0.7668657, -0.5195657, -0.376787), (-0.8112676, -0.5846749, -0.0003411496), (-0.8112422, -0.5847103, 7.010795e-05), (-0.7900625, -0.5555967, 0.2590629), (-0.7071068, -0.5, 0.5), (-0.7668657, -0.376787, -0.5195657), (-0.8559572, -0.3656073, -0.3656073), (-0.8957105, -0.4446376, -0.0002519945), (-0.9452381, -0.3263817, 0.0001688044), (-0.8844941, -0.3299016, 0.3299016), (-0.7900625, -0.2590629, 0.5555967), (-0.8133397, -0.145112, -0.5634014), (-0.9225416, -0.1473858, -0.3566433), (-0.9825995, -0.1857367, -0.0002056454), (-0.9930547, -0.117653, 0.0002916526), (-0.916641, -0.1211306, 0.3809156), (-0.8091137, -0.07239132, 0.5831762), (-0.8091137, 0.07239132, -0.5831762), (-0.916641, 0.1211306, -0.3809156), (-0.9930547, 0.117653, -0.0002916526), (-0.9825995, 0.1857367, 0.0002056454), (-0.9225416, 0.1473858, 0.3566433), (-0.8133397, 0.145112, 0.5634014), (-0.7900625, 0.2590629, -0.5555967), (-0.8844941, 0.3299016, -0.3299016), (-0.9452381, 0.3263817, -0.0001688044), (-0.8957105, 0.4446376, 0.0002519945), (-0.8559572, 0.3656073, 0.3656073), (-0.7668657, 0.376787, 0.5195657), (-0.7071068, 0.5, -0.5), (-0.7900625, 0.5555967, -0.2590629), (-0.8112422, 0.5847103, -7.010795e-05), (-0.8112676, 0.5846749, 0.0003411496), (-0.7668657, 0.5195657, 0.376787), (-0.7745967, 0.4472136, 0.4472136), (0.7071068, -0.5, -0.5), (0.7900625, -0.5555967, -0.2590629), (0.8112422, -0.5847103, -7.010795e-05), (0.8112676, -0.5846749, 0.0003411496), (0.7668657, -0.5195657, 0.376787), (0.7745967, -0.4472136, 0.4472136), (0.7900625, -0.2590629, -0.5555967), (0.8844941, -0.3299016, -0.3299016), (0.9452381, -0.3263817, -0.0001688044), (0.8957105, -0.4446376, 0.0002519945), (0.8559572, -0.3656073, 0.3656073), (0.7668657, -0.376787, 0.5195657), (0.8091137, -0.07239132, -0.5831762), (0.916641, -0.1211306, -0.3809156), (0.9930547, -0.117653, -0.0002916526), (0.9825995, -0.1857367, 0.0002056454), (0.9225416, -0.1473858, 0.3566433), (0.8133397, -0.145112, 0.5634014), (0.8133397, 0.145112, -0.5634014), (0.9225416, 0.1473858, -0.3566433), (0.9825995, 0.1857367, -0.0002056454), (0.9930547, 0.117653, 0.0002916526), (0.916641, 0.1211306, 0.3809156), (0.8091137, 0.07239132, 0.5831762), (0.7668657, 0.376787, -0.5195657), (0.8559572, 0.3656073, -0.3656073), (0.8957105, 0.4446376, -0.0002519945), (0.9452381, 0.3263817, 0.0001688044), (0.8844941, 0.3299016, 0.3299016), (0.7900625, 0.2590629, 0.5555967), (0.7745967, 0.4472136, -0.4472136), (0.7668657, 0.5195657, -0.376787), (0.8112676, 0.5846749, -0.0003411496), (0.8112422, 0.5847103, 7.010795e-05), (0.7900625, 0.5555967, 0.2590629), (0.7071068, 0.5, 0.5), (-0.4472136, -0.7745967, -0.4472136), (-0.376787, -0.7668657, -0.5195657), (-0.0003411496, -0.8112676, -0.5846749), (7.010795e-05, -0.8112422, -0.5847103), (0.2590629, -0.7900625, -0.5555967), (0.5, -0.7071068, -0.5), (-0.5195657, -0.7668657, -0.376787), (-0.3656073, -0.8559572, -0.3656073), (-0.0002519945, -0.8957105, -0.4446376), (0.0001688044, -0.9452381, -0.3263817), (0.3299016, -0.8844941, -0.3299016), (0.5555967, -0.7900625, -0.2590629), (-0.5846749, -0.8112676, -0.0003411496), (-0.4446376, -0.8957105, -0.0002519945), (-0.0005226255, -0.9999997, -0.0005226255), (0.0001312718, -1, -0.0001312718), (0.3263817, -0.9452381, -0.0001688044), (0.5847103, -0.8112422, -7.010795e-05), (-0.5847103, -0.8112422, 7.010795e-05), (-0.3263817, -0.9452381, 0.0001688044), (-0.0001312718, -1, 0.0001312718), (0.0005226255, -0.9999997, 0.0005226255), (0.4446376, -0.8957105, 0.0002519945), (0.5846749, -0.8112676, 0.0003411496), (-0.5555967, -0.7900625, 0.2590629), (-0.3299016, -0.8844941, 0.3299016), (-0.0001688044, -0.9452381, 0.3263817), (0.0002519945, -0.8957105, 0.4446376), (0.3656073, -0.8559572, 0.3656073), (0.5195657, -0.7668657, 0.376787), (-0.5, -0.7071068, 0.5), (-0.2590629, -0.7900625, 0.5555967), (-7.010795e-05, -0.8112422, 0.5847103), (0.0003411496, -0.8112676, 0.5846749), (0.376787, -0.7668657, 0.5195657), (0.4472136, -0.7745967, 0.4472136), (-0.5, 0.7071068, -0.5), (-0.2590629, 0.7900625, -0.5555967), (-7.010795e-05, 0.8112422, -0.5847103), (0.0003411496, 0.8112676, -0.5846749), (0.376787, 0.7668657, -0.5195657), (0.4472136, 0.7745967, -0.4472136), (-0.5555967, 0.7900625, -0.2590629), (-0.3299016, 0.8844941, -0.3299016), (-0.0001688044, 0.9452381, -0.3263817), (0.0002519945, 0.8957105, -0.4446376), (0.3656073, 0.8559572, -0.3656073), (0.5195657, 0.7668657, -0.376787), (-0.5847103, 0.8112422, -7.010795e-05), (-0.3263817, 0.9452381, -0.0001688044), (-0.0001312718, 1, -0.0001312718), (0.0005226255, 0.9999997, -0.0005226255), (0.4446376, 0.8957105, -0.0002519945), (0.5846749, 0.8112676, -0.0003411496), (-0.5846749, 0.8112676, 0.0003411496), (-0.4446376, 0.8957105, 0.0002519945), (-0.0005226255, 0.9999997, 0.0005226255), (0.0001312718, 1, 0.0001312718), (0.3263817, 0.9452381, 0.0001688044), (0.5847103, 0.8112422, 7.010795e-05), (-0.5195657, 0.7668657, 0.376787), (-0.3656073, 0.8559572, 0.3656073), (-0.0002519945, 0.8957105, 0.4446376), (0.0001688044, 0.9452381, 0.3263817), (0.3299016, 0.8844941, 0.3299016), (0.5555967, 0.7900625, 0.2590629), (-0.4472136, 0.7745967, 0.4472136), (-0.376787, 0.7668657, 0.5195657), (-0.0003411496, 0.8112676, 0.5846749), (7.010795e-05, 0.8112422, 0.5847103), (0.2590629, 0.7900625, 0.5555967), (0.5, 0.7071068, 0.5), (-0.4472136, -0.4472136, -0.7745967), (-0.5195657, -0.376787, -0.7668657), (-0.5634014, -0.145112, -0.8133397), (-0.5831762, 0.07239132, -0.8091137), (-0.5555967, 0.2590629, -0.7900625), (-0.5, 0.5, -0.7071068), (-0.376787, -0.5195657, -0.7668657), (-0.3656073, -0.3656073, -0.8559572), (-0.3566433, -0.1473858, -0.9225416), (-0.3809156, 0.1211306, -0.916641), (-0.3299016, 0.3299016, -0.8844941), (-0.2590629, 0.5555967, -0.7900625), (-0.0003411496, -0.5846749, -0.8112676), (-0.0002519945, -0.4446376, -0.8957105), (-0.0002056454, -0.1857367, -0.9825995), (-0.0002916526, 0.117653, -0.9930547), (-0.0001688044, 0.3263817, -0.9452381), (-7.010795e-05, 0.5847103, -0.8112422), (7.010795e-05, -0.5847103, -0.8112422), (0.0001688044, -0.3263817, -0.9452381), (0.0002916526, -0.117653, -0.9930547), (0.0002056454, 0.1857367, -0.9825995), (0.0002519945, 0.4446376, -0.8957105), (0.0003411496, 0.5846749, -0.8112676), (0.2590629, -0.5555967, -0.7900625), (0.3299016, -0.3299016, -0.8844941), (0.3809156, -0.1211306, -0.916641), (0.3566433, 0.1473858, -0.9225416), (0.3656073, 0.3656073, -0.8559572), (0.376787, 0.5195657, -0.7668657), (0.5, -0.5, -0.7071068), (0.5555967, -0.2590629, -0.7900625), (0.5831762, -0.07239132, -0.8091137), (0.5634014, 0.145112, -0.8133397), (0.5195657, 0.376787, -0.7668657), (0.4472136, 0.4472136, -0.7745967), (-0.5, -0.5, 0.7071068), (-0.5555967, -0.2590629, 0.7900625), (-0.5831762, -0.07239132, 0.8091137), (-0.5634014, 0.145112, 0.8133397), (-0.5195657, 0.376787, 0.7668657), (-0.4472136, 0.4472136, 0.7745967), (-0.2590629, -0.5555967, 0.7900625), (-0.3299016, -0.3299016, 0.8844941), (-0.3809156, -0.1211306, 0.916641), (-0.3566433, 0.1473858, 0.9225416), (-0.3656073, 0.3656073, 0.8559572), (-0.376787, 0.5195657, 0.7668657), (-7.010795e-05, -0.5847103, 0.8112422), (-0.0001688044, -0.3263817, 0.9452381), (-0.0002916526, -0.117653, 0.9930547), (-0.0002056454, 0.1857367, 0.9825995), (-0.0002519945, 0.4446376, 0.8957105), (-0.0003411496, 0.5846749, 0.8112676), (0.0003411496, -0.5846749, 0.8112676), (0.0002519945, -0.4446376, 0.8957105), (0.0002056454, -0.1857367, 0.9825995), (0.0002916526, 0.117653, 0.9930547), (0.0001688044, 0.3263817, 0.9452381), (7.010795e-05, 0.5847103, 0.8112422), (0.376787, -0.5195657, 0.7668657), (0.3656073, -0.3656073, 0.8559572), (0.3566433, -0.1473858, 0.9225416), (0.3809156, 0.1211306, 0.916641), (0.3299016, 0.3299016, 0.8844941), (0.2590629, 0.5555967, 0.7900625), (0.4472136, -0.4472136, 0.7745967), (0.5195657, -0.376787, 0.7668657), (0.5634014, -0.145112, 0.8133397), (0.5831762, 0.07239132, 0.8091137), (0.5555967, 0.2590629, 0.7900625), (0.5, 0.5, 0.7071068)] (interpolation = "vertex")
            float3[] extent = [(-0.006552, 0.001788, -0.006552), (0.006552, 0.00186, 0.006552)]
            rel material:binding = </WorkbenchPart/Materials/silver_foil>
            texCoord2f[] primvars:st = [(0.1998667, -0.7256), (0.200797, -0.7258697), (0.2010667, -0.7268), (0.1998667, -0.7256), (0.2010667, -0.7268), (0.2001882, -0.7264785), (0.1997211, -0.7244), (0.2006567, -0.7244), (0.200797, -0.7258697), (0.1997211, -0.7244), (0.200797, -0.7258697), (0.1998667, -0.7256), (0.1997211, 0.7244), (0.2006567, 0.7244), (0.2006567, -0.7244), (0.1997211, 0.7244), (0.2006567, -0.7244), (0.1997211, -0.7244), (0.1998667, 0.7256), (0.200797, 0.7258697), (0.2006567, 0.7244), (0.1998667, 0.7256), (0.2006567, 0.7244), (0.1997211, 0.7244), (0.2001882, 0.7264785), (0.2010667, 0.7268), (0.200797, 0.7258697), (0.2001882, 0.7264785), (0.200797, 0.7258697), (0.1998667, 0.7256), (0.200797, -0.7258697), (0.2022667, -0.72601), (0.2022667, -0.7269456), (0.200797, -0.7258697), (0.2022667, -0.7269456), (0.2010667, -0.7268), (0.2006567, -0.7244), (0.2022667, -0.7244), (0.2022667, -0.72601), (0.2006567, -0.7244), (0.2022667, -0.72601), (0.200797, -0.7258697), (0.2006567, 0.7244), (0.2022667, 0.7244), (0.2022667, -0.7244), (0.2006567, 0.7244), (0.2022667, -0.7244), (0.2006567, -0.7244), (0.200797, 0.7258697), (0.2022667, 0.72601), (0.2022667, 0.7244), (0.200797, 0.7258697), (0.2022667, 0.7244), (0.2006567, 0.7244), (0.2010667, 0.7268), (0.2022667, 0.7269456), (0.2022667, 0.72601), (0.2010667, 0.7268), (0.2022667, 0.72601), (0.200797, 0.7258697), (0.2022667, -0.72601), (0.2030667, -0.72601), (0.2030667, -0.7269456), (0.2022667, -0.72601), (0.2030667, -0.7269456), (0.2022667, -0.7269456), (0.2022667, -0.7244), (0.2030667, -0.7244), (0.2030667, -0.72601), (0.2022667, -0.7244), (0.2030667, -0.72601), (0.2022667, -0.72601), (0.2022667, 0.7244), (0.2030667, 0.7244), (0.2030667, -0.7244), (0.2022667, 0.7244), (0.2030667, -0.7244), (0.2022667, -0.7244), (0.2022667, 0.72601), (0.2030667, 0.72601), (0.2030667, 0.7244), (0.2022667, 0.72601), (0.2030667, 0.7244), (0.2022667, 0.7244), (0.2022667, 0.7269456), (0.2030667, 0.7269456), (0.2030667, 0.72601), (0.2022667, 0.7269456), (0.2030667, 0.72601), (0.2022667, 0.72601), (0.2030667, -0.72601), (0.2045364, -0.7258697), (0.2042667, -0.7268), (0.2030667, -0.72601), (0.2042667, -0.7268), (0.2030667, -0.7269456), (0.2030667, -0.7244), (0.2046766, -0.7244), (0.2045364, -0.7258697), (0.2030667, -0.7244), (0.2045364, -0.7258697), (0.2030667, -0.72601), (0.2030667, 0.7244), (0.2046766, 0.7244), (0.2046766, -0.7244), (0.2030667, 0.7244), (0.2046766, -0.7244), (0.2030667, -0.7244), (0.2030667, 0.72601), (0.2045364, 0.7258697), (0.2046766, 0.7244), (0.2030667, 0.72601), (0.2046766, 0.7244), (0.2030667, 0.7244), (0.2030667, 0.7269456), (0.2042667, 0.7268), (0.2045364, 0.7258697), (0.2030667, 0.7269456), (0.2045364, 0.7258697), (0.2030667, 0.72601), (0.2045364, -0.7258697), (0.2054667, -0.7256), (0.2051451, -0.7264785), (0.2045364, -0.7258697), (0.2051451, -0.7264785), (0.2042667, -0.7268), (0.2046766, -0.7244), (0.2056123, -0.7244), (0.2054667, -0.7256), (0.2046766, -0.7244), (0.2054667, -0.7256), (0.2045364, -0.7258697), (0.2046766, 0.7244), (0.2056123, 0.7244), (0.2056123, -0.7244), (0.2046766, 0.7244), (0.2056123, -0.7244), (0.2046766, -0.7244), (0.2045364, 0.7258697), (0.2054667, 0.7256), (0.2056123, 0.7244), (0.2045364, 0.7258697), (0.2056123, 0.7244), (0.2046766, 0.7244), (0.2042667, 0.7268), (0.2051451, 0.7264785), (0.2054667, 0.7256), (0.2042667, 0.7268), (0.2054667, 0.7256), (0.2045364, 0.7258697), (0.2001882, -0.7264785), (0.2010667, -0.7268), (0.200797, -0.7258697), (0.2001882, -0.7264785), (0.200797, -0.7258697), (0.1998667, -0.7256), (0.1998667, -0.7256), (0.200797, -0.7258697), (0.2006567, -0.7244), (0.1998667, -0.7256), (0.2006567, -0.7244), (0.1997211, -0.7244), (0.1997211, -0.7244), (0.2006567, -0.7244), (0.2006567, 0.7244), (0.1997211, -0.7244), (0.2006567, 0.7244), (0.1997211, 0.7244), (0.1997211, 0.7244), (0.2006567, 0.7244), (0.200797, 0.7258697), (0.1997211, 0.7244), (0.200797, 0.7258697), (0.1998667, 0.7256), (0.1998667, 0.7256), (0.200797, 0.7258697), (0.2010667, 0.7268), (0.1998667, 0.7256), (0.2010667, 0.7268), (0.2001882, 0.7264785), (0.2010667, -0.7268), (0.2022667, -0.7269456), (0.2022667, -0.72601), (0.2010667, -0.7268), (0.2022667, -0.72601), (0.200797, -0.7258697), (0.200797, -0.7258697), (0.2022667, -0.72601), (0.2022667, -0.7244), (0.200797, -0.7258697), (0.2022667, -0.7244), (0.2006567, -0.7244), (0.2006567, -0.7244), (0.2022667, -0.7244), (0.2022667, 0.7244), (0.2006567, -0.7244), (0.2022667, 0.7244), (0.2006567, 0.7244), (0.2006567, 0.7244), (0.2022667, 0.7244), (0.2022667, 0.72601), (0.2006567, 0.7244), (0.2022667, 0.72601), (0.200797, 0.7258697), (0.200797, 0.7258697), (0.2022667, 0.72601), (0.2022667, 0.7269456), (0.200797, 0.7258697), (0.2022667, 0.7269456), (0.2010667, 0.7268), (0.2022667, -0.7269456), (0.2030667, -0.7269456), (0.2030667, -0.72601), (0.2022667, -0.7269456), (0.2030667, -0.72601), (0.2022667, -0.72601), (0.2022667, -0.72601), (0.2030667, -0.72601), (0.2030667, -0.7244), (0.2022667, -0.72601), (0.2030667, -0.7244), (0.2022667, -0.7244), (0.2022667, -0.7244), (0.2030667, -0.7244), (0.2030667, 0.7244), (0.2022667, -0.7244), (0.2030667, 0.7244), (0.2022667, 0.7244), (0.2022667, 0.7244), (0.2030667, 0.7244), (0.2030667, 0.72601), (0.2022667, 0.7244), (0.2030667, 0.72601), (0.2022667, 0.72601), (0.2022667, 0.72601), (0.2030667, 0.72601), (0.2030667, 0.7269456), (0.2022667, 0.72601), (0.2030667, 0.7269456), (0.2022667, 0.7269456), (0.2030667, -0.7269456), (0.2042667, -0.7268), (0.2045364, -0.7258697), (0.2030667, -0.7269456), (0.2045364, -0.7258697), (0.2030667, -0.72601), (0.2030667, -0.72601), (0.2045364, -0.7258697), (0.2046766, -0.7244), (0.2030667, -0.72601), (0.2046766, -0.7244), (0.2030667, -0.7244), (0.2030667, -0.7244), (0.2046766, -0.7244), (0.2046766, 0.7244), (0.2030667, -0.7244), (0.2046766, 0.7244), (0.2030667, 0.7244), (0.2030667, 0.7244), (0.2046766, 0.7244), (0.2045364, 0.7258697), (0.2030667, 0.7244), (0.2045364, 0.7258697), (0.2030667, 0.72601), (0.2030667, 0.72601), (0.2045364, 0.7258697), (0.2042667, 0.7268), (0.2030667, 0.72601), (0.2042667, 0.7268), (0.2030667, 0.7269456), (0.2042667, -0.7268), (0.2051451, -0.7264785), (0.2054667, -0.7256), (0.2042667, -0.7268), (0.2054667, -0.7256), (0.2045364, -0.7258697), (0.2045364, -0.7258697), (0.2054667, -0.7256), (0.2056123, -0.7244), (0.2045364, -0.7258697), (0.2056123, -0.7244), (0.2046766, -0.7244), (0.2046766, -0.7244), (0.2056123, -0.7244), (0.2056123, 0.7244), (0.2046766, -0.7244), (0.2056123, 0.7244), (0.2046766, 0.7244), (0.2046766, 0.7244), (0.2056123, 0.7244), (0.2054667, 0.7256), (0.2046766, 0.7244), (0.2054667, 0.7256), (0.2045364, 0.7258697), (0.2045364, 0.7258697), (0.2054667, 0.7256), (0.2051451, 0.7264785), (0.2045364, 0.7258697), (0.2051451, 0.7264785), (0.2042667, 0.7268), (-0.7256, -0.7268), (-0.7258697, -0.7258697), (-0.7268, -0.7256), (-0.7256, -0.7268), (-0.7268, -0.7256), (-0.7264785, -0.7264785), (-0.7244, -0.7269456), (-0.7244, -0.72601), (-0.7258697, -0.7258697), (-0.7244, -0.7269456), (-0.7258697, -0.7258697), (-0.7256, -0.7268), (0.7244, -0.7269456), (0.7244, -0.72601), (-0.7244, -0.72601), (0.7244, -0.7269456), (-0.7244, -0.72601), (-0.7244, -0.7269456), (0.7256, -0.7268), (0.7258697, -0.7258697), (0.7244, -0.72601), (0.7256, -0.7268), (0.7244, -0.72601), (0.7244, -0.7269456), (0.7264785, -0.7264785), (0.7268, -0.7256), (0.7258697, -0.7258697), (0.7264785, -0.7264785), (0.7258697, -0.7258697), (0.7256, -0.7268), (-0.7258697, -0.7258697), (-0.72601, -0.7244), (-0.7269456, -0.7244), (-0.7258697, -0.7258697), (-0.7269456, -0.7244), (-0.7268, -0.7256), (-0.7244, -0.72601), (-0.7244, -0.7244), (-0.72601, -0.7244), (-0.7244, -0.72601), (-0.72601, -0.7244), (-0.7258697, -0.7258697), (0.7244, -0.72601), (0.7244, -0.7244), (-0.7244, -0.7244), (0.7244, -0.72601), (-0.7244, -0.7244), (-0.7244, -0.72601), (0.7258697, -0.7258697), (0.72601, -0.7244), (0.7244, -0.7244), (0.7258697, -0.7258697), (0.7244, -0.7244), (0.7244, -0.72601), (0.7268, -0.7256), (0.7269456, -0.7244), (0.72601, -0.7244), (0.7268, -0.7256), (0.72601, -0.7244), (0.7258697, -0.7258697), (-0.72601, -0.7244), (-0.72601, 0.7244), (-0.7269456, 0.7244), (-0.72601, -0.7244), (-0.7269456, 0.7244), (-0.7269456, -0.7244), (-0.7244, -0.7244), (-0.7244, 0.7244), (-0.72601, 0.7244), (-0.7244, -0.7244), (-0.72601, 0.7244), (-0.72601, -0.7244), (0.7244, -0.7244), (0.7244, 0.7244), (-0.7244, 0.7244), (0.7244, -0.7244), (-0.7244, 0.7244), (-0.7244, -0.7244), (0.72601, -0.7244), (0.72601, 0.7244), (0.7244, 0.7244), (0.72601, -0.7244), (0.7244, 0.7244), (0.7244, -0.7244), (0.7269456, -0.7244), (0.7269456, 0.7244), (0.72601, 0.7244), (0.7269456, -0.7244), (0.72601, 0.7244), (0.72601, -0.7244), (-0.72601, 0.7244), (-0.7258697, 0.7258697), (-0.7268, 0.7256), (-0.72601, 0.7244), (-0.7268, 0.7256), (-0.7269456, 0.7244), (-0.7244, 0.7244), (-0.7244, 0.72601), (-0.7258697, 0.7258697), (-0.7244, 0.7244), (-0.7258697, 0.7258697), (-0.72601, 0.7244), (0.7244, 0.7244), (0.7244, 0.72601), (-0.7244, 0.72601), (0.7244, 0.7244), (-0.7244, 0.72601), (-0.7244, 0.7244), (0.72601, 0.7244), (0.7258697, 0.7258697), (0.7244, 0.72601), (0.72601, 0.7244), (0.7244, 0.72601), (0.7244, 0.7244), (0.7269456, 0.7244), (0.7268, 0.7256), (0.7258697, 0.7258697), (0.7269456, 0.7244), (0.7258697, 0.7258697), (0.72601, 0.7244), (-0.7258697, 0.7258697), (-0.7256, 0.7268), (-0.7264785, 0.7264785), (-0.7258697, 0.7258697), (-0.7264785, 0.7264785), (-0.7268, 0.7256), (-0.7244, 0.72601), (-0.7244, 0.7269456), (-0.7256, 0.7268), (-0.7244, 0.72601), (-0.7256, 0.7268), (-0.7258697, 0.7258697), (0.7244, 0.72601), (0.7244, 0.7269456), (-0.7244, 0.7269456), (0.7244, 0.72601), (-0.7244, 0.7269456), (-0.7244, 0.72601), (0.7258697, 0.7258697), (0.7256, 0.7268), (0.7244, 0.7269456), (0.7258697, 0.7258697), (0.7244, 0.7269456), (0.7244, 0.72601), (0.7268, 0.7256), (0.7264785, 0.7264785), (0.7256, 0.7268), (0.7268, 0.7256), (0.7256, 0.7268), (0.7258697, 0.7258697), (-0.7264785, -0.7264785), (-0.7268, -0.7256), (-0.7258697, -0.7258697), (-0.7264785, -0.7264785), (-0.7258697, -0.7258697), (-0.7256, -0.7268), (-0.7256, -0.7268), (-0.7258697, -0.7258697), (-0.7244, -0.72601), (-0.7256, -0.7268), (-0.7244, -0.72601), (-0.7244, -0.7269456), (-0.7244, -0.7269456), (-0.7244, -0.72601), (0.7244, -0.72601), (-0.7244, -0.7269456), (0.7244, -0.72601), (0.7244, -0.7269456), (0.7244, -0.7269456), (0.7244, -0.72601), (0.7258697, -0.7258697), (0.7244, -0.7269456), (0.7258697, -0.7258697), (0.7256, -0.7268), (0.7256, -0.7268), (0.7258697, -0.7258697), (0.7268, -0.7256), (0.7256, -0.7268), (0.7268, -0.7256), (0.7264785, -0.7264785), (-0.7268, -0.7256), (-0.7269456, -0.7244), (-0.72601, -0.7244), (-0.7268, -0.7256), (-0.72601, -0.7244), (-0.7258697, -0.7258697), (-0.7258697, -0.7258697), (-0.72601, -0.7244), (-0.7244, -0.7244), (-0.7258697, -0.7258697), (-0.7244, -0.7244), (-0.7244, -0.72601), (-0.7244, -0.72601), (-0.7244, -0.7244), (0.7244, -0.7244), (-0.7244, -0.72601), (0.7244, -0.7244), (0.7244, -0.72601), (0.7244, -0.72601), (0.7244, -0.7244), (0.72601, -0.7244), (0.7244, -0.72601), (0.72601, -0.7244), (0.7258697, -0.7258697), (0.7258697, -0.7258697), (0.72601, -0.7244), (0.7269456, -0.7244), (0.7258697, -0.7258697), (0.7269456, -0.7244), (0.7268, -0.7256), (-0.7269456, -0.7244), (-0.7269456, 0.7244), (-0.72601, 0.7244), (-0.7269456, -0.7244), (-0.72601, 0.7244), (-0.72601, -0.7244), (-0.72601, -0.7244), (-0.72601, 0.7244), (-0.7244, 0.7244), (-0.72601, -0.7244), (-0.7244, 0.7244), (-0.7244, -0.7244), (-0.7244, -0.7244), (-0.7244, 0.7244), (0.7244, 0.7244), (-0.7244, -0.7244), (0.7244, 0.7244), (0.7244, -0.7244), (0.7244, -0.7244), (0.7244, 0.7244), (0.72601, 0.7244), (0.7244, -0.7244), (0.72601, 0.7244), (0.72601, -0.7244), (0.72601, -0.7244), (0.72601, 0.7244), (0.7269456, 0.7244), (0.72601, -0.7244), (0.7269456, 0.7244), (0.7269456, -0.7244), (-0.7269456, 0.7244), (-0.7268, 0.7256), (-0.7258697, 0.7258697), (-0.7269456, 0.7244), (-0.7258697, 0.7258697), (-0.72601, 0.7244), (-0.72601, 0.7244), (-0.7258697, 0.7258697), (-0.7244, 0.72601), (-0.72601, 0.7244), (-0.7244, 0.72601), (-0.7244, 0.7244), (-0.7244, 0.7244), (-0.7244, 0.72601), (0.7244, 0.72601), (-0.7244, 0.7244), (0.7244, 0.72601), (0.7244, 0.7244), (0.7244, 0.7244), (0.7244, 0.72601), (0.7258697, 0.7258697), (0.7244, 0.7244), (0.7258697, 0.7258697), (0.72601, 0.7244), (0.72601, 0.7244), (0.7258697, 0.7258697), (0.7268, 0.7256), (0.72601, 0.7244), (0.7268, 0.7256), (0.7269456, 0.7244), (-0.7268, 0.7256), (-0.7264785, 0.7264785), (-0.7256, 0.7268), (-0.7268, 0.7256), (-0.7256, 0.7268), (-0.7258697, 0.7258697), (-0.7258697, 0.7258697), (-0.7256, 0.7268), (-0.7244, 0.7269456), (-0.7258697, 0.7258697), (-0.7244, 0.7269456), (-0.7244, 0.72601), (-0.7244, 0.72601), (-0.7244, 0.7269456), (0.7244, 0.7269456), (-0.7244, 0.72601), (0.7244, 0.7269456), (0.7244, 0.72601), (0.7244, 0.72601), (0.7244, 0.7269456), (0.7256, 0.7268), (0.7244, 0.72601), (0.7256, 0.7268), (0.7258697, 0.7258697), (0.7258697, 0.7258697), (0.7256, 0.7268), (0.7264785, 0.7264785), (0.7258697, 0.7258697), (0.7264785, 0.7264785), (0.7268, 0.7256), (-0.7268, 0.2010667), (-0.7258697, 0.200797), (-0.7256, 0.1998667), (-0.7268, 0.2010667), (-0.7256, 0.1998667), (-0.7264785, 0.2001882), (-0.7269456, 0.2022667), (-0.72601, 0.2022667), (-0.7258697, 0.200797), (-0.7269456, 0.2022667), (-0.7258697, 0.200797), (-0.7268, 0.2010667), (-0.7269456, 0.2030667), (-0.72601, 0.2030667), (-0.72601, 0.2022667), (-0.7269456, 0.2030667), (-0.72601, 0.2022667), (-0.7269456, 0.2022667), (-0.7268, 0.2042667), (-0.7258697, 0.2045364), (-0.72601, 0.2030667), (-0.7268, 0.2042667), (-0.72601, 0.2030667), (-0.7269456, 0.2030667), (-0.7264785, 0.2051451), (-0.7256, 0.2054667), (-0.7258697, 0.2045364), (-0.7264785, 0.2051451), (-0.7258697, 0.2045364), (-0.7268, 0.2042667), (-0.7258697, 0.200797), (-0.7244, 0.2006567), (-0.7244, 0.1997211), (-0.7258697, 0.200797), (-0.7244, 0.1997211), (-0.7256, 0.1998667), (-0.72601, 0.2022667), (-0.7244, 0.2022667), (-0.7244, 0.2006567), (-0.72601, 0.2022667), (-0.7244, 0.2006567), (-0.7258697, 0.200797), (-0.72601, 0.2030667), (-0.7244, 0.2030667), (-0.7244, 0.2022667), (-0.72601, 0.2030667), (-0.7244, 0.2022667), (-0.72601, 0.2022667), (-0.7258697, 0.2045364), (-0.7244, 0.2046766), (-0.7244, 0.2030667), (-0.7258697, 0.2045364), (-0.7244, 0.2030667), (-0.72601, 0.2030667), (-0.7256, 0.2054667), (-0.7244, 0.2056123), (-0.7244, 0.2046766), (-0.7256, 0.2054667), (-0.7244, 0.2046766), (-0.7258697, 0.2045364), (-0.7244, 0.2006567), (0.7244, 0.2006567), (0.7244, 0.1997211), (-0.7244, 0.2006567), (0.7244, 0.1997211), (-0.7244, 0.1997211), (-0.7244, 0.2022667), (0.7244, 0.2022667), (0.7244, 0.2006567), (-0.7244, 0.2022667), (0.7244, 0.2006567), (-0.7244, 0.2006567), (-0.7244, 0.2030667), (0.7244, 0.2030667), (0.7244, 0.2022667), (-0.7244, 0.2030667), (0.7244, 0.2022667), (-0.7244, 0.2022667), (-0.7244, 0.2046766), (0.7244, 0.2046766), (0.7244, 0.2030667), (-0.7244, 0.2046766), (0.7244, 0.2030667), (-0.7244, 0.2030667), (-0.7244, 0.2056123), (0.7244, 0.2056123), (0.7244, 0.2046766), (-0.7244, 0.2056123), (0.7244, 0.2046766), (-0.7244, 0.2046766), (0.7244, 0.2006567), (0.7258697, 0.200797), (0.7256, 0.1998667), (0.7244, 0.2006567), (0.7256, 0.1998667), (0.7244, 0.1997211), (0.7244, 0.2022667), (0.72601, 0.2022667), (0.7258697, 0.200797), (0.7244, 0.2022667), (0.7258697, 0.200797), (0.7244, 0.2006567), (0.7244, 0.2030667), (0.72601, 0.2030667), (0.72601, 0.2022667), (0.7244, 0.2030667), (0.72601, 0.2022667), (0.7244, 0.2022667), (0.7244, 0.2046766), (0.7258697, 0.2045364), (0.72601, 0.2030667), (0.7244, 0.2046766), (0.72601, 0.2030667), (0.7244, 0.2030667), (0.7244, 0.2056123), (0.7256, 0.2054667), (0.7258697, 0.2045364), (0.7244, 0.2056123), (0.7258697, 0.2045364), (0.7244, 0.2046766), (0.7258697, 0.200797), (0.7268, 0.2010667), (0.7264785, 0.2001882), (0.7258697, 0.200797), (0.7264785, 0.2001882), (0.7256, 0.1998667), (0.72601, 0.2022667), (0.7269456, 0.2022667), (0.7268, 0.2010667), (0.72601, 0.2022667), (0.7268, 0.2010667), (0.7258697, 0.200797), (0.72601, 0.2030667), (0.7269456, 0.2030667), (0.7269456, 0.2022667), (0.72601, 0.2030667), (0.7269456, 0.2022667), (0.72601, 0.2022667), (0.7258697, 0.2045364), (0.7268, 0.2042667), (0.7269456, 0.2030667), (0.7258697, 0.2045364), (0.7269456, 0.2030667), (0.72601, 0.2030667), (0.7256, 0.2054667), (0.7264785, 0.2051451), (0.7268, 0.2042667), (0.7256, 0.2054667), (0.7268, 0.2042667), (0.7258697, 0.2045364), (-0.7264785, 0.2001882), (-0.7256, 0.1998667), (-0.7258697, 0.200797), (-0.7264785, 0.2001882), (-0.7258697, 0.200797), (-0.7268, 0.2010667), (-0.7268, 0.2010667), (-0.7258697, 0.200797), (-0.72601, 0.2022667), (-0.7268, 0.2010667), (-0.72601, 0.2022667), (-0.7269456, 0.2022667), (-0.7269456, 0.2022667), (-0.72601, 0.2022667), (-0.72601, 0.2030667), (-0.7269456, 0.2022667), (-0.72601, 0.2030667), (-0.7269456, 0.2030667), (-0.7269456, 0.2030667), (-0.72601, 0.2030667), (-0.7258697, 0.2045364), (-0.7269456, 0.2030667), (-0.7258697, 0.2045364), (-0.7268, 0.2042667), (-0.7268, 0.2042667), (-0.7258697, 0.2045364), (-0.7256, 0.2054667), (-0.7268, 0.2042667), (-0.7256, 0.2054667), (-0.7264785, 0.2051451), (-0.7256, 0.1998667), (-0.7244, 0.1997211), (-0.7244, 0.2006567), (-0.7256, 0.1998667), (-0.7244, 0.2006567), (-0.7258697, 0.200797), (-0.7258697, 0.200797), (-0.7244, 0.2006567), (-0.7244, 0.2022667), (-0.7258697, 0.200797), (-0.7244, 0.2022667), (-0.72601, 0.2022667), (-0.72601, 0.2022667), (-0.7244, 0.2022667), (-0.7244, 0.2030667), (-0.72601, 0.2022667), (-0.7244, 0.2030667), (-0.72601, 0.2030667), (-0.72601, 0.2030667), (-0.7244, 0.2030667), (-0.7244, 0.2046766), (-0.72601, 0.2030667), (-0.7244, 0.2046766), (-0.7258697, 0.2045364), (-0.7258697, 0.2045364), (-0.7244, 0.2046766), (-0.7244, 0.2056123), (-0.7258697, 0.2045364), (-0.7244, 0.2056123), (-0.7256, 0.2054667), (-0.7244, 0.1997211), (0.7244, 0.1997211), (0.7244, 0.2006567), (-0.7244, 0.1997211), (0.7244, 0.2006567), (-0.7244, 0.2006567), (-0.7244, 0.2006567), (0.7244, 0.2006567), (0.7244, 0.2022667), (-0.7244, 0.2006567), (0.7244, 0.2022667), (-0.7244, 0.2022667), (-0.7244, 0.2022667), (0.7244, 0.2022667), (0.7244, 0.2030667), (-0.7244, 0.2022667), (0.7244, 0.2030667), (-0.7244, 0.2030667), (-0.7244, 0.2030667), (0.7244, 0.2030667), (0.7244, 0.2046766), (-0.7244, 0.2030667), (0.7244, 0.2046766), (-0.7244, 0.2046766), (-0.7244, 0.2046766), (0.7244, 0.2046766), (0.7244, 0.2056123), (-0.7244, 0.2046766), (0.7244, 0.2056123), (-0.7244, 0.2056123), (0.7244, 0.1997211), (0.7256, 0.1998667), (0.7258697, 0.200797), (0.7244, 0.1997211), (0.7258697, 0.200797), (0.7244, 0.2006567), (0.7244, 0.2006567), (0.7258697, 0.200797), (0.72601, 0.2022667), (0.7244, 0.2006567), (0.72601, 0.2022667), (0.7244, 0.2022667), (0.7244, 0.2022667), (0.72601, 0.2022667), (0.72601, 0.2030667), (0.7244, 0.2022667), (0.72601, 0.2030667), (0.7244, 0.2030667), (0.7244, 0.2030667), (0.72601, 0.2030667), (0.7258697, 0.2045364), (0.7244, 0.2030667), (0.7258697, 0.2045364), (0.7244, 0.2046766), (0.7244, 0.2046766), (0.7258697, 0.2045364), (0.7256, 0.2054667), (0.7244, 0.2046766), (0.7256, 0.2054667), (0.7244, 0.2056123), (0.7256, 0.1998667), (0.7264785, 0.2001882), (0.7268, 0.2010667), (0.7256, 0.1998667), (0.7268, 0.2010667), (0.7258697, 0.200797), (0.7258697, 0.200797), (0.7268, 0.2010667), (0.7269456, 0.2022667), (0.7258697, 0.200797), (0.7269456, 0.2022667), (0.72601, 0.2022667), (0.72601, 0.2022667), (0.7269456, 0.2022667), (0.7269456, 0.2030667), (0.72601, 0.2022667), (0.7269456, 0.2030667), (0.72601, 0.2030667), (0.72601, 0.2030667), (0.7269456, 0.2030667), (0.7268, 0.2042667), (0.72601, 0.2030667), (0.7268, 0.2042667), (0.7258697, 0.2045364), (0.7258697, 0.2045364), (0.7268, 0.2042667), (0.7264785, 0.2051451), (0.7258697, 0.2045364), (0.7264785, 0.2051451), (0.7256, 0.2054667)] (interpolation = "faceVarying")
        }
        def Mesh "AntennaFeed_01" (prepend apiSchemas = ["MaterialBindingAPI"])
        {
            uniform token subdivisionScheme = "none"
            uniform token orientation = "rightHanded"
            bool doubleSided = false
            point3f[] points = [(0, 0.00186, -0.0003744), (-7.304182e-05, 0.00186, -0.000367206), (-0.0001432767, 0.00186, -0.0003459005), (-0.0002080055, 0.00186, -0.0003113022), (-0.0002647408, 0.00186, -0.0002647408), (-0.0003113022, 0.00186, -0.0002080055), (-0.0003459005, 0.00186, -0.0001432767), (-0.000367206, 0.00186, -7.304182e-05), (-0.0003744, 0.00186, -2.292539e-20), (-0.000367206, 0.00186, 7.304182e-05), (-0.0003459005, 0.00186, 0.0001432767), (-0.0003113022, 0.00186, 0.0002080055), (-0.0002647408, 0.00186, 0.0002647408), (-0.0002080055, 0.00186, 0.0003113022), (-0.0001432767, 0.00186, 0.0003459005), (-7.304182e-05, 0.00186, 0.000367206), (-4.585078e-20, 0.00186, 0.0003744), (7.304182e-05, 0.00186, 0.000367206), (0.0001432767, 0.00186, 0.0003459005), (0.0002080055, 0.00186, 0.0003113022), (0.0002647408, 0.00186, 0.0002647408), (0.0003113022, 0.00186, 0.0002080055), (0.0003459005, 0.00186, 0.0001432767), (0.000367206, 0.00186, 7.304182e-05), (0.0003744, 0.00186, 6.877616e-20), (0.000367206, 0.00186, -7.304182e-05), (0.0003459005, 0.00186, -0.0001432767), (0.0003113022, 0.00186, -0.0002080055), (0.0002647408, 0.00186, -0.0002647408), (0.0002080055, 0.00186, -0.0003113022), (0.0001432767, 0.00186, -0.0003459005), (7.304182e-05, 0.00186, -0.000367206), (0, 0.001932, -0.0003744), (-7.304182e-05, 0.001932, -0.000367206), (-0.0001432767, 0.001932, -0.0003459005), (-0.0002080055, 0.001932, -0.0003113022), (-0.0002647408, 0.001932, -0.0002647408), (-0.0003113022, 0.001932, -0.0002080055), (-0.0003459005, 0.001932, -0.0001432767), (-0.000367206, 0.001932, -7.304182e-05), (-0.0003744, 0.001932, -2.292539e-20), (-0.000367206, 0.001932, 7.304182e-05), (-0.0003459005, 0.001932, 0.0001432767), (-0.0003113022, 0.001932, 0.0002080055), (-0.0002647408, 0.001932, 0.0002647408), (-0.0002080055, 0.001932, 0.0003113022), (-0.0001432767, 0.001932, 0.0003459005), (-7.304182e-05, 0.001932, 0.000367206), (-4.585078e-20, 0.001932, 0.0003744), (7.304182e-05, 0.001932, 0.000367206), (0.0001432767, 0.001932, 0.0003459005), (0.0002080055, 0.001932, 0.0003113022), (0.0002647408, 0.001932, 0.0002647408), (0.0003113022, 0.001932, 0.0002080055), (0.0003459005, 0.001932, 0.0001432767), (0.000367206, 0.001932, 7.304182e-05), (0.0003744, 0.001932, 6.877616e-20), (0.000367206, 0.001932, -7.304182e-05), (0.0003459005, 0.001932, -0.0001432767), (0.0003113022, 0.001932, -0.0002080055), (0.0002647408, 0.001932, -0.0002647408), (0.0002080055, 0.001932, -0.0003113022), (0.0001432767, 0.001932, -0.0003459005), (7.304182e-05, 0.001932, -0.000367206), (0, 0.00186, -0.0003744), (-7.304182e-05, 0.00186, -0.000367206), (-0.0001432767, 0.00186, -0.0003459005), (-0.0002080055, 0.00186, -0.0003113022), (-0.0002647408, 0.00186, -0.0002647408), (-0.0003113022, 0.00186, -0.0002080055), (-0.0003459005, 0.00186, -0.0001432767), (-0.000367206, 0.00186, -7.304182e-05), (-0.0003744, 0.00186, -2.292539e-20), (-0.000367206, 0.00186, 7.304182e-05), (-0.0003459005, 0.00186, 0.0001432767), (-0.0003113022, 0.00186, 0.0002080055), (-0.0002647408, 0.00186, 0.0002647408), (-0.0002080055, 0.00186, 0.0003113022), (-0.0001432767, 0.00186, 0.0003459005), (-7.304182e-05, 0.00186, 0.000367206), (-4.585078e-20, 0.00186, 0.0003744), (7.304182e-05, 0.00186, 0.000367206), (0.0001432767, 0.00186, 0.0003459005), (0.0002080055, 0.00186, 0.0003113022), (0.0002647408, 0.00186, 0.0002647408), (0.0003113022, 0.00186, 0.0002080055), (0.0003459005, 0.00186, 0.0001432767), (0.000367206, 0.00186, 7.304182e-05), (0.0003744, 0.00186, 6.877616e-20), (0.000367206, 0.00186, -7.304182e-05), (0.0003459005, 0.00186, -0.0001432767), (0.0003113022, 0.00186, -0.0002080055), (0.0002647408, 0.00186, -0.0002647408), (0.0002080055, 0.00186, -0.0003113022), (0.0001432767, 0.00186, -0.0003459005), (7.304182e-05, 0.00186, -0.000367206), (0, 0.001932, -0.0003744), (-7.304182e-05, 0.001932, -0.000367206), (-0.0001432767, 0.001932, -0.0003459005), (-0.0002080055, 0.001932, -0.0003113022), (-0.0002647408, 0.001932, -0.0002647408), (-0.0003113022, 0.001932, -0.0002080055), (-0.0003459005, 0.001932, -0.0001432767), (-0.000367206, 0.001932, -7.304182e-05), (-0.0003744, 0.001932, -2.292539e-20), (-0.000367206, 0.001932, 7.304182e-05), (-0.0003459005, 0.001932, 0.0001432767), (-0.0003113022, 0.001932, 0.0002080055), (-0.0002647408, 0.001932, 0.0002647408), (-0.0002080055, 0.001932, 0.0003113022), (-0.0001432767, 0.001932, 0.0003459005), (-7.304182e-05, 0.001932, 0.000367206), (-4.585078e-20, 0.001932, 0.0003744), (7.304182e-05, 0.001932, 0.000367206), (0.0001432767, 0.001932, 0.0003459005), (0.0002080055, 0.001932, 0.0003113022), (0.0002647408, 0.001932, 0.0002647408), (0.0003113022, 0.001932, 0.0002080055), (0.0003459005, 0.001932, 0.0001432767), (0.000367206, 0.001932, 7.304182e-05), (0.0003744, 0.001932, 6.877616e-20), (0.000367206, 0.001932, -7.304182e-05), (0.0003459005, 0.001932, -0.0001432767), (0.0003113022, 0.001932, -0.0002080055), (0.0002647408, 0.001932, -0.0002647408), (0.0002080055, 0.001932, -0.0003113022), (0.0001432767, 0.001932, -0.0003459005), (7.304182e-05, 0.001932, -0.000367206)]
            int[] faceVertexCounts = [3, 3, 3, 3, 3, 3, 3, 3, 3, 3, 3, 3, 3, 3, 3, 3, 3, 3, 3, 3, 3, 3, 3, 3, 3, 3, 3, 3, 3, 3, 3, 3, 3, 3, 3, 3, 3, 3, 3, 3, 3, 3, 3, 3, 3, 3, 3, 3, 3, 3, 3, 3, 3, 3, 3, 3, 3, 3, 3, 3, 3, 3, 3, 3, 3, 3, 3, 3, 3, 3, 3, 3, 3, 3, 3, 3, 3, 3, 3, 3, 3, 3, 3, 3, 3, 3, 3, 3, 3, 3, 3, 3, 3, 3, 3, 3, 3, 3, 3, 3, 3, 3, 3, 3, 3, 3, 3, 3, 3, 3, 3, 3, 3, 3, 3, 3, 3, 3, 3, 3, 3, 3, 3, 3]
            int[] faceVertexIndices = [95, 94, 93, 95, 93, 92, 95, 92, 91, 95, 91, 90, 95, 90, 89, 95, 89, 88, 95, 88, 87, 95, 87, 86, 95, 86, 85, 95, 85, 84, 95, 84, 83, 95, 83, 82, 95, 82, 81, 95, 81, 80, 95, 80, 79, 95, 79, 78, 95, 78, 77, 95, 77, 76, 95, 76, 75, 95, 75, 74, 95, 74, 73, 95, 73, 72, 95, 72, 71, 95, 71, 70, 95, 70, 69, 95, 69, 68, 95, 68, 67, 95, 67, 66, 95, 66, 65, 95, 65, 64, 96, 97, 98, 96, 98, 99, 96, 99, 100, 96, 100, 101, 96, 101, 102, 96, 102, 103, 96, 103, 104, 96, 104, 105, 96, 105, 106, 96, 106, 107, 96, 107, 108, 96, 108, 109, 96, 109, 110, 96, 110, 111, 96, 111, 112, 96, 112, 113, 96, 113, 114, 96, 114, 115, 96, 115, 116, 96, 116, 117, 96, 117, 118, 96, 118, 119, 96, 119, 120, 96, 120, 121, 96, 121, 122, 96, 122, 123, 96, 123, 124, 96, 124, 125, 96, 125, 126, 96, 126, 127, 0, 1, 33, 0, 33, 32, 1, 2, 34, 1, 34, 33, 2, 3, 35, 2, 35, 34, 3, 4, 36, 3, 36, 35, 4, 5, 37, 4, 37, 36, 5, 6, 38, 5, 38, 37, 6, 7, 39, 6, 39, 38, 7, 8, 40, 7, 40, 39, 8, 9, 41, 8, 41, 40, 9, 10, 42, 9, 42, 41, 10, 11, 43, 10, 43, 42, 11, 12, 44, 11, 44, 43, 12, 13, 45, 12, 45, 44, 13, 14, 46, 13, 46, 45, 14, 15, 47, 14, 47, 46, 15, 16, 48, 15, 48, 47, 16, 17, 49, 16, 49, 48, 17, 18, 50, 17, 50, 49, 18, 19, 51, 18, 51, 50, 19, 20, 52, 19, 52, 51, 20, 21, 53, 20, 53, 52, 21, 22, 54, 21, 54, 53, 22, 23, 55, 22, 55, 54, 23, 24, 56, 23, 56, 55, 24, 25, 57, 24, 57, 56, 25, 26, 58, 25, 58, 57, 26, 27, 59, 26, 59, 58, 27, 28, 60, 27, 60, 59, 28, 29, 61, 28, 61, 60, 29, 30, 62, 29, 62, 61, 30, 31, 63, 30, 63, 62, 31, 0, 32, 31, 32, 63]
            normal3f[] normals = [(-0.03281279, 0, -0.9994615), (-0.2271676, 0, -0.9738557), (-0.4127924, 0, -0.9108251), (-0.5825539, 0, -0.8127921), (-0.7299282, 0, -0.6835239), (-0.8492517, 0, -0.5279882), (-0.9359389, 0, -0.3521623), (-0.9866586, 0, -0.162803), (-0.9994615, 0, 0.03281279), (-0.9738557, 0, 0.2271676), (-0.9108251, 0, 0.4127924), (-0.8127921, 0, 0.5825539), (-0.6835239, 0, 0.7299282), (-0.5279882, 0, 0.8492517), (-0.3521623, 0, 0.9359389), (-0.162803, 0, 0.9866586), (0.03281279, 0, 0.9994615), (0.2271676, 0, 0.9738557), (0.4127924, 0, 0.9108251), (0.5825539, 0, 0.8127921), (0.7299282, 0, 0.6835239), (0.8492517, 0, 0.5279882), (0.9359389, 0, 0.3521623), (0.9866586, 0, 0.162803), (0.9994615, 0, -0.03281279), (0.9738557, 0, -0.2271676), (0.9108251, 0, -0.4127924), (0.8127921, 0, -0.5825539), (0.6835239, 0, -0.7299282), (0.5279882, 0, -0.8492517), (0.3521623, 0, -0.9359389), (0.162803, 0, -0.9866586), (0.03281279, 0, -0.9994615), (-0.162803, 0, -0.9866586), (-0.3521623, 0, -0.9359389), (-0.5279882, 0, -0.8492517), (-0.6835239, 0, -0.7299282), (-0.8127921, 0, -0.5825539), (-0.9108251, 0, -0.4127924), (-0.9738557, 0, -0.2271676), (-0.9994615, 0, -0.03281279), (-0.9866586, 0, 0.162803), (-0.9359389, 0, 0.3521623), (-0.8492517, 0, 0.5279882), (-0.7299282, 0, 0.6835239), (-0.5825539, 0, 0.8127921), (-0.4127924, 0, 0.9108251), (-0.2271676, 0, 0.9738557), (-0.03281279, 0, 0.9994615), (0.162803, 0, 0.9866586), (0.3521623, 0, 0.9359389), (0.5279882, 0, 0.8492517), (0.6835239, 0, 0.7299282), (0.8127921, 0, 0.5825539), (0.9108251, 0, 0.4127924), (0.9738557, 0, 0.2271676), (0.9994615, 0, 0.03281279), (0.9866586, 0, -0.162803), (0.9359389, 0, -0.3521623), (0.8492517, 0, -0.5279882), (0.7299282, 0, -0.6835239), (0.5825539, 0, -0.8127921), (0.4127924, 0, -0.9108251), (0.2271676, 0, -0.9738557), (0, -1, 0), (0, -1, 0), (0, -1, 0), (0, -1, 0), (0, -1, 0), (0, -1, 0), (0, -1, 0), (0, -1, 0), (0, -1, 0), (0, -1, 0), (0, -1, 0), (0, -1, 0), (0, -1, 0), (0, -1, 0), (0, -1, 0), (0, -1, 0), (0, -1, 0), (0, -1, 0), (0, -1, 0), (0, -1, 0), (0, -1, 0), (0, -1, 0), (0, -1, 0), (0, -1, 0), (0, -1, 0), (0, -1, 0), (0, -1, 0), (0, -1, 0), (0, -1, 0), (0, -1, 0), (0, -1, 0), (0, -1, 0), (0, 1, 0), (0, 1, 0), (0, 1, 0), (0, 1, 0), (0, 1, 0), (0, 1, 0), (0, 1, 0), (0, 1, 0), (0, 1, 0), (0, 1, 0), (0, 1, 0), (0, 1, 0), (0, 1, 0), (0, 1, 0), (0, 1, 0), (0, 1, 0), (0, 1, 0), (0, 1, 0), (0, 1, 0), (0, 1, 0), (0, 1, 0), (0, 1, 0), (0, 1, 0), (0, 1, 0), (0, 1, 0), (0, 1, 0), (0, 1, 0), (0, 1, 0), (0, 1, 0), (0, 1, 0), (0, 1, 0), (0, 1, 0)] (interpolation = "vertex")
            float3[] extent = [(-0.0003744, 0.00186, -0.0003744), (0.0003744, 0.001932, 0.0003744)]
            rel material:binding = </WorkbenchPart/Materials/gold>
        }
        def Mesh "SMDComponent_01" (prepend apiSchemas = ["MaterialBindingAPI"])
        {
            uniform token subdivisionScheme = "none"
            uniform token orientation = "rightHanded"
            bool doubleSided = false
            point3f[] points = [(-0.005724895, -0.0006048946, 0.007925105), (-0.0057302, -0.0006102, 0.0079396), (-0.005732602, -0.0006126021, 0.0079594), (-0.005732602, -0.0006126021, 0.0092406), (-0.0057302, -0.0006102, 0.0092604), (-0.005724895, -0.0006048946, 0.009274895), (-0.0057302, -0.0005904, 0.0079198), (-0.0057391, -0.0005948499, 0.00793515), (-0.005743729, -0.0005971645, 0.0079594), (-0.005743729, -0.0005971645, 0.0092406), (-0.0057391, -0.0005948499, 0.00926485), (-0.0057302, -0.0005904, 0.0092802), (-0.005732602, -0.0005706, 0.007917398), (-0.005743729, -0.0005706, 0.007932836), (-0.00575, -0.0005706, 0.0079594), (-0.00575, -0.0005706, 0.0092406), (-0.005743729, -0.0005706, 0.009267164), (-0.005732602, -0.0005706, 0.009282602), (-0.005732602, -2.94e-05, 0.007917398), (-0.005743729, -2.94e-05, 0.007932836), (-0.00575, -2.94e-05, 0.0079594), (-0.00575, -2.94e-05, 0.0092406), (-0.005743729, -2.94e-05, 0.009267164), (-0.005732602, -2.94e-05, 0.009282602), (-0.0057302, -9.6e-06, 0.0079198), (-0.0057391, -5.150052e-06, 0.00793515), (-0.005743729, -2.835512e-06, 0.0079594), (-0.005743729, -2.835512e-06, 0.0092406), (-0.0057391, -5.150052e-06, 0.00926485), (-0.0057302, -9.6e-06, 0.0092802), (-0.005724895, 4.894606e-06, 0.007925105), (-0.0057302, 1.02e-05, 0.0079396), (-0.005732602, 1.260214e-05, 0.0079594), (-0.005732602, 1.260214e-05, 0.0092406), (-0.0057302, 1.02e-05, 0.0092604), (-0.005724895, 4.894606e-06, 0.009274895), (-0.004475105, -0.0006048946, 0.007925105), (-0.0044698, -0.0006102, 0.0079396), (-0.004467398, -0.0006126021, 0.0079594), (-0.004467398, -0.0006126021, 0.0092406), (-0.0044698, -0.0006102, 0.0092604), (-0.004475105, -0.0006048946, 0.009274895), (-0.0044698, -0.0005904, 0.0079198), (-0.0044609, -0.0005948499, 0.00793515), (-0.004456271, -0.0005971645, 0.0079594), (-0.004456271, -0.0005971645, 0.0092406), (-0.0044609, -0.0005948499, 0.00926485), (-0.0044698, -0.0005904, 0.0092802), (-0.004467398, -0.0005706, 0.007917398), (-0.004456271, -0.0005706, 0.007932836), (-0.00445, -0.0005706, 0.0079594), (-0.00445, -0.0005706, 0.0092406), (-0.004456271, -0.0005706, 0.009267164), (-0.004467398, -0.0005706, 0.009282602), (-0.004467398, -2.94e-05, 0.007917398), (-0.004456271, -2.94e-05, 0.007932836), (-0.00445, -2.94e-05, 0.0079594), (-0.00445, -2.94e-05, 0.0092406), (-0.004456271, -2.94e-05, 0.009267164), (-0.004467398, -2.94e-05, 0.009282602), (-0.0044698, -9.6e-06, 0.0079198), (-0.0044609, -5.150052e-06, 0.00793515), (-0.004456271, -2.835512e-06, 0.0079594), (-0.004456271, -2.835512e-06, 0.0092406), (-0.0044609, -5.150052e-06, 0.00926485), (-0.0044698, -9.6e-06, 0.0092802), (-0.004475105, 4.894606e-06, 0.007925105), (-0.0044698, 1.02e-05, 0.0079396), (-0.004467398, 1.260214e-05, 0.0079594), (-0.004467398, 1.260214e-05, 0.0092406), (-0.0044698, 1.02e-05, 0.0092604), (-0.004475105, 4.894606e-06, 0.009274895), (-0.005724895, -0.0006048946, 0.007925105), (-0.0057104, -0.0006102, 0.0079198), (-0.0056906, -0.0006126021, 0.007917398), (-0.0045094, -0.0006126021, 0.007917398), (-0.0044896, -0.0006102, 0.0079198), (-0.004475105, -0.0006048946, 0.007925105), (-0.0057302, -0.0006102, 0.0079396), (-0.00571485, -0.0006190999, 0.00793515), (-0.0056906, -0.000623729, 0.007932836), (-0.0045094, -0.000623729, 0.007932836), (-0.00448515, -0.0006190999, 0.00793515), (-0.0044698, -0.0006102, 0.0079396), (-0.005732602, -0.0006126021, 0.0079594), (-0.005717164, -0.000623729, 0.0079594), (-0.0056906, -0.00063, 0.0079594), (-0.0045094, -0.00063, 0.0079594), (-0.004482836, -0.000623729, 0.0079594), (-0.004467398, -0.0006126021, 0.0079594), (-0.005732602, -0.0006126021, 0.0092406), (-0.005717164, -0.000623729, 0.0092406), (-0.0056906, -0.00063, 0.0092406), (-0.0045094, -0.00063, 0.0092406), (-0.004482836, -0.000623729, 0.0092406), (-0.004467398, -0.0006126021, 0.0092406), (-0.0057302, -0.0006102, 0.0092604), (-0.00571485, -0.0006190999, 0.00926485), (-0.0056906, -0.000623729, 0.009267164), (-0.0045094, -0.000623729, 0.009267164), (-0.00448515, -0.0006190999, 0.00926485), (-0.0044698, -0.0006102, 0.0092604), (-0.005724895, -0.0006048946, 0.009274895), (-0.0057104, -0.0006102, 0.0092802), (-0.0056906, -0.0006126021, 0.009282602), (-0.0045094, -0.0006126021, 0.009282602), (-0.0044896, -0.0006102, 0.0092802), (-0.004475105, -0.0006048946, 0.009274895), (-0.005724895, 4.894606e-06, 0.007925105), (-0.0057104, 1.02e-05, 0.0079198), (-0.0056906, 1.260214e-05, 0.007917398), (-0.0045094, 1.260214e-05, 0.007917398), (-0.0044896, 1.02e-05, 0.0079198), (-0.004475105, 4.894606e-06, 0.007925105), (-0.0057302, 1.02e-05, 0.0079396), (-0.00571485, 1.90999e-05, 0.00793515), (-0.0056906, 2.372898e-05, 0.007932836), (-0.0045094, 2.372898e-05, 0.007932836), (-0.00448515, 1.90999e-05, 0.00793515), (-0.0044698, 1.02e-05, 0.0079396), (-0.005732602, 1.260214e-05, 0.0079594), (-0.005717164, 2.372898e-05, 0.0079594), (-0.0056906, 3e-05, 0.0079594), (-0.0045094, 3e-05, 0.0079594), (-0.004482836, 2.372898e-05, 0.0079594), (-0.004467398, 1.260214e-05, 0.0079594), (-0.005732602, 1.260214e-05, 0.0092406), (-0.005717164, 2.372898e-05, 0.0092406), (-0.0056906, 3e-05, 0.0092406), (-0.0045094, 3e-05, 0.0092406), (-0.004482836, 2.372898e-05, 0.0092406), (-0.004467398, 1.260214e-05, 0.0092406), (-0.0057302, 1.02e-05, 0.0092604), (-0.00571485, 1.90999e-05, 0.00926485), (-0.0056906, 2.372898e-05, 0.009267164), (-0.0045094, 2.372898e-05, 0.009267164), (-0.00448515, 1.90999e-05, 0.00926485), (-0.0044698, 1.02e-05, 0.0092604), (-0.005724895, 4.894606e-06, 0.009274895), (-0.0057104, 1.02e-05, 0.0092802), (-0.0056906, 1.260214e-05, 0.009282602), (-0.0045094, 1.260214e-05, 0.009282602), (-0.0044896, 1.02e-05, 0.0092802), (-0.004475105, 4.894606e-06, 0.009274895), (-0.005724895, -0.0006048946, 0.007925105), (-0.0057302, -0.0005904, 0.0079198), (-0.005732602, -0.0005706, 0.007917398), (-0.005732602, -2.94e-05, 0.007917398), (-0.0057302, -9.6e-06, 0.0079198), (-0.005724895, 4.894606e-06, 0.007925105), (-0.0057104, -0.0006102, 0.0079198), (-0.00571485, -0.0005948499, 0.0079109), (-0.005717164, -0.0005706, 0.007906271), (-0.005717164, -2.94e-05, 0.007906271), (-0.00571485, -5.150052e-06, 0.0079109), (-0.0057104, 1.02e-05, 0.0079198), (-0.0056906, -0.0006126021, 0.007917398), (-0.0056906, -0.0005971645, 0.007906271), (-0.0056906, -0.0005706, 0.0079), (-0.0056906, -2.94e-05, 0.0079), (-0.0056906, -2.835512e-06, 0.007906271), (-0.0056906, 1.260214e-05, 0.007917398), (-0.0045094, -0.0006126021, 0.007917398), (-0.0045094, -0.0005971645, 0.007906271), (-0.0045094, -0.0005706, 0.0079), (-0.0045094, -2.94e-05, 0.0079), (-0.0045094, -2.835512e-06, 0.007906271), (-0.0045094, 1.260214e-05, 0.007917398), (-0.0044896, -0.0006102, 0.0079198), (-0.00448515, -0.0005948499, 0.0079109), (-0.004482836, -0.0005706, 0.007906271), (-0.004482836, -2.94e-05, 0.007906271), (-0.00448515, -5.150052e-06, 0.0079109), (-0.0044896, 1.02e-05, 0.0079198), (-0.004475105, -0.0006048946, 0.007925105), (-0.0044698, -0.0005904, 0.0079198), (-0.004467398, -0.0005706, 0.007917398), (-0.004467398, -2.94e-05, 0.007917398), (-0.0044698, -9.6e-06, 0.0079198), (-0.004475105, 4.894606e-06, 0.007925105), (-0.005724895, -0.0006048946, 0.009274895), (-0.0057302, -0.0005904, 0.0092802), (-0.005732602, -0.0005706, 0.009282602), (-0.005732602, -2.94e-05, 0.009282602), (-0.0057302, -9.6e-06, 0.0092802), (-0.005724895, 4.894606e-06, 0.009274895), (-0.0057104, -0.0006102, 0.0092802), (-0.00571485, -0.0005948499, 0.0092891), (-0.005717164, -0.0005706, 0.009293729), (-0.005717164, -2.94e-05, 0.009293729), (-0.00571485, -5.150052e-06, 0.0092891), (-0.0057104, 1.02e-05, 0.0092802), (-0.0056906, -0.0006126021, 0.009282602), (-0.0056906, -0.0005971645, 0.009293729), (-0.0056906, -0.0005706, 0.0093), (-0.0056906, -2.94e-05, 0.0093), (-0.0056906, -2.835512e-06, 0.009293729), (-0.0056906, 1.260214e-05, 0.009282602), (-0.0045094, -0.0006126021, 0.009282602), (-0.0045094, -0.0005971645, 0.009293729), (-0.0045094, -0.0005706, 0.0093), (-0.0045094, -2.94e-05, 0.0093), (-0.0045094, -2.835512e-06, 0.009293729), (-0.0045094, 1.260214e-05, 0.009282602), (-0.0044896, -0.0006102, 0.0092802), (-0.00448515, -0.0005948499, 0.0092891), (-0.004482836, -0.0005706, 0.009293729), (-0.004482836, -2.94e-05, 0.009293729), (-0.00448515, -5.150052e-06, 0.0092891), (-0.0044896, 1.02e-05, 0.0092802), (-0.004475105, -0.0006048946, 0.009274895), (-0.0044698, -0.0005904, 0.0092802), (-0.004467398, -0.0005706, 0.009282602), (-0.004467398, -2.94e-05, 0.009282602), (-0.0044698, -9.6e-06, 0.0092802), (-0.004475105, 4.894606e-06, 0.009274895)]
            int[] faceVertexCounts = [3, 3, 3, 3, 3, 3, 3, 3, 3, 3, 3, 3, 3, 3, 3, 3, 3, 3, 3, 3, 3, 3, 3, 3, 3, 3, 3, 3, 3, 3, 3, 3, 3, 3, 3, 3, 3, 3, 3, 3, 3, 3, 3, 3, 3, 3, 3, 3, 3, 3, 3, 3, 3, 3, 3, 3, 3, 3, 3, 3, 3, 3, 3, 3, 3, 3, 3, 3, 3, 3, 3, 3, 3, 3, 3, 3, 3, 3, 3, 3, 3, 3, 3, 3, 3, 3, 3, 3, 3, 3, 3, 3, 3, 3, 3, 3, 3, 3, 3, 3, 3, 3, 3, 3, 3, 3, 3, 3, 3, 3, 3, 3, 3, 3, 3, 3, 3, 3, 3, 3, 3, 3, 3, 3, 3, 3, 3, 3, 3, 3, 3, 3, 3, 3, 3, 3, 3, 3, 3, 3, 3, 3, 3, 3, 3, 3, 3, 3, 3, 3, 3, 3, 3, 3, 3, 3, 3, 3, 3, 3, 3, 3, 3, 3, 3, 3, 3, 3, 3, 3, 3, 3, 3, 3, 3, 3, 3, 3, 3, 3, 3, 3, 3, 3, 3, 3, 3, 3, 3, 3, 3, 3, 3, 3, 3, 3, 3, 3, 3, 3, 3, 3, 3, 3, 3, 3, 3, 3, 3, 3, 3, 3, 3, 3, 3, 3, 3, 3, 3, 3, 3, 3, 3, 3, 3, 3, 3, 3, 3, 3, 3, 3, 3, 3, 3, 3, 3, 3, 3, 3, 3, 3, 3, 3, 3, 3, 3, 3, 3, 3, 3, 3, 3, 3, 3, 3, 3, 3, 3, 3, 3, 3, 3, 3, 3, 3, 3, 3, 3, 3, 3, 3, 3, 3, 3, 3, 3, 3, 3, 3, 3, 3, 3, 3, 3, 3, 3, 3, 3, 3, 3, 3, 3, 3, 3, 3, 3, 3, 3, 3]
            int[] faceVertexIndices = [1, 7, 6, 1, 6, 0, 2, 8, 7, 2, 7, 1, 3, 9, 8, 3, 8, 2, 4, 10, 9, 4, 9, 3, 5, 11, 10, 5, 10, 4, 7, 13, 12, 7, 12, 6, 8, 14, 13, 8, 13, 7, 9, 15, 14, 9, 14, 8, 10, 16, 15, 10, 15, 9, 11, 17, 16, 11, 16, 10, 13, 19, 18, 13, 18, 12, 14, 20, 19, 14, 19, 13, 15, 21, 20, 15, 20, 14, 16, 22, 21, 16, 21, 15, 17, 23, 22, 17, 22, 16, 19, 25, 24, 19, 24, 18, 20, 26, 25, 20, 25, 19, 21, 27, 26, 21, 26, 20, 22, 28, 27, 22, 27, 21, 23, 29, 28, 23, 28, 22, 25, 31, 30, 25, 30, 24, 26, 32, 31, 26, 31, 25, 27, 33, 32, 27, 32, 26, 28, 34, 33, 28, 33, 27, 29, 35, 34, 29, 34, 28, 36, 42, 43, 36, 43, 37, 37, 43, 44, 37, 44, 38, 38, 44, 45, 38, 45, 39, 39, 45, 46, 39, 46, 40, 40, 46, 47, 40, 47, 41, 42, 48, 49, 42, 49, 43, 43, 49, 50, 43, 50, 44, 44, 50, 51, 44, 51, 45, 45, 51, 52, 45, 52, 46, 46, 52, 53, 46, 53, 47, 48, 54, 55, 48, 55, 49, 49, 55, 56, 49, 56, 50, 50, 56, 57, 50, 57, 51, 51, 57, 58, 51, 58, 52, 52, 58, 59, 52, 59, 53, 54, 60, 61, 54, 61, 55, 55, 61, 62, 55, 62, 56, 56, 62, 63, 56, 63, 57, 57, 63, 64, 57, 64, 58, 58, 64, 65, 58, 65, 59, 60, 66, 67, 60, 67, 61, 61, 67, 68, 61, 68, 62, 62, 68, 69, 62, 69, 63, 63, 69, 70, 63, 70, 64, 64, 70, 71, 64, 71, 65, 73, 79, 78, 73, 78, 72, 74, 80, 79, 74, 79, 73, 75, 81, 80, 75, 80, 74, 76, 82, 81, 76, 81, 75, 77, 83, 82, 77, 82, 76, 79, 85, 84, 79, 84, 78, 80, 86, 85, 80, 85, 79, 81, 87, 86, 81, 86, 80, 82, 88, 87, 82, 87, 81, 83, 89, 88, 83, 88, 82, 85, 91, 90, 85, 90, 84, 86, 92, 91, 86, 91, 85, 87, 93, 92, 87, 92, 86, 88, 94, 93, 88, 93, 87, 89, 95, 94, 89, 94, 88, 91, 97, 96, 91, 96, 90, 92, 98, 97, 92, 97, 91, 93, 99, 98, 93, 98, 92, 94, 100, 99, 94, 99, 93, 95, 101, 100, 95, 100, 94, 97, 103, 102, 97, 102, 96, 98, 104, 103, 98, 103, 97, 99, 105, 104, 99, 104, 98, 100, 106, 105, 100, 105, 99, 101, 107, 106, 101, 106, 100, 108, 114, 115, 108, 115, 109, 109, 115, 116, 109, 116, 110, 110, 116, 117, 110, 117, 111, 111, 117, 118, 111, 118, 112, 112, 118, 119, 112, 119, 113, 114, 120, 121, 114, 121, 115, 115, 121, 122, 115, 122, 116, 116, 122, 123, 116, 123, 117, 117, 123, 124, 117, 124, 118, 118, 124, 125, 118, 125, 119, 120, 126, 127, 120, 127, 121, 121, 127, 128, 121, 128, 122, 122, 128, 129, 122, 129, 123, 123, 129, 130, 123, 130, 124, 124, 130, 131, 124, 131, 125, 126, 132, 133, 126, 133, 127, 127, 133, 134, 127, 134, 128, 128, 134, 135, 128, 135, 129, 129, 135, 136, 129, 136, 130, 130, 136, 137, 130, 137, 131, 132, 138, 139, 132, 139, 133, 133, 139, 140, 133, 140, 134, 134, 140, 141, 134, 141, 135, 135, 141, 142, 135, 142, 136, 136, 142, 143, 136, 143, 137, 145, 151, 150, 145, 150, 144, 146, 152, 151, 146, 151, 145, 147, 153, 152, 147, 152, 146, 148, 154, 153, 148, 153, 147, 149, 155, 154, 149, 154, 148, 151, 157, 156, 151, 156, 150, 152, 158, 157, 152, 157, 151, 153, 159, 158, 153, 158, 152, 154, 160, 159, 154, 159, 153, 155, 161, 160, 155, 160, 154, 157, 163, 162, 157, 162, 156, 158, 164, 163, 158, 163, 157, 159, 165, 164, 159, 164, 158, 160, 166, 165, 160, 165, 159, 161, 167, 166, 161, 166, 160, 163, 169, 168, 163, 168, 162, 164, 170, 169, 164, 169, 163, 165, 171, 170, 165, 170, 164, 166, 172, 171, 166, 171, 165, 167, 173, 172, 167, 172, 166, 169, 175, 174, 169, 174, 168, 170, 176, 175, 170, 175, 169, 171, 177, 176, 171, 176, 170, 172, 178, 177, 172, 177, 171, 173, 179, 178, 173, 178, 172, 180, 186, 187, 180, 187, 181, 181, 187, 188, 181, 188, 182, 182, 188, 189, 182, 189, 183, 183, 189, 190, 183, 190, 184, 184, 190, 191, 184, 191, 185, 186, 192, 193, 186, 193, 187, 187, 193, 194, 187, 194, 188, 188, 194, 195, 188, 195, 189, 189, 195, 196, 189, 196, 190, 190, 196, 197, 190, 197, 191, 192, 198, 199, 192, 199, 193, 193, 199, 200, 193, 200, 194, 194, 200, 201, 194, 201, 195, 195, 201, 202, 195, 202, 196, 196, 202, 203, 196, 203, 197, 198, 204, 205, 198, 205, 199, 199, 205, 206, 199, 206, 200, 200, 206, 207, 200, 207, 201, 201, 207, 208, 201, 208, 202, 202, 208, 209, 202, 209, 203, 204, 210, 211, 204, 211, 205, 205, 211, 212, 205, 212, 206, 206, 212, 213, 206, 213, 207, 207, 213, 214, 207, 214, 208, 208, 214, 215, 208, 215, 209]
            normal3f[] normals = [(-0.7745967, -0.4472136, -0.4472136), (-0.7668657, -0.5195657, -0.376787), (-0.8116869, -0.5840602, -0.006171812), (-0.8112415, -0.5847098, 0.001298611), (-0.7900625, -0.5555967, 0.2590629), (-0.7071068, -0.5, 0.5), (-0.7668657, -0.376787, -0.5195657), (-0.8559572, -0.3656073, -0.3656073), (-0.8968928, -0.4422241, -0.004609583), (-0.9447503, -0.3277762, 0.003104168), (-0.8844941, -0.3299016, 0.3299016), (-0.7900625, -0.2590629, 0.5555967), (-0.8122054, -0.01399524, -0.5832036), (-0.8984826, -0.01061118, -0.4388808), (-0.9997507, -0.02052237, -0.00879061), (-0.9999799, -0.005794638, 0.002564174), (-0.9440529, -0.007198359, 0.3297154), (-0.8112384, -0.003042335, 0.5847076), (-0.8112384, 0.003042335, -0.5847076), (-0.9440529, 0.007198359, -0.3297154), (-0.9999799, 0.005794638, -0.002564174), (-0.9997507, 0.02052237, 0.00879061), (-0.8984826, 0.01061118, 0.4388808), (-0.8122054, 0.01399524, 0.5832036), (-0.7900625, 0.2590629, -0.5555967), (-0.8844941, 0.3299016, -0.3299016), (-0.9447503, 0.3277762, -0.003104168), (-0.8968928, 0.4422241, 0.004609583), (-0.8559572, 0.3656073, 0.3656073), (-0.7668657, 0.376787, 0.5195657), (-0.7071068, 0.5, -0.5), (-0.7900625, 0.5555967, -0.2590629), (-0.8112415, 0.5847098, -0.001298611), (-0.8116869, 0.5840602, 0.006171812), (-0.7668657, 0.5195657, 0.376787), (-0.7745967, 0.4472136, 0.4472136), (0.7071068, -0.5, -0.5), (0.7900625, -0.5555967, -0.2590629), (0.8112415, -0.5847098, -0.001298611), (0.8116869, -0.5840602, 0.006171812), (0.7668657, -0.5195657, 0.376787), (0.7745967, -0.4472136, 0.4472136), (0.7900625, -0.2590629, -0.5555967), (0.8844941, -0.3299016, -0.3299016), (0.9447503, -0.3277762, -0.003104168), (0.8968928, -0.4422241, 0.004609583), (0.8559572, -0.3656073, 0.3656073), (0.7668657, -0.376787, 0.5195657), (0.8112384, -0.003042335, -0.5847076), (0.9440529, -0.007198359, -0.3297154), (0.9999799, -0.005794638, -0.002564174), (0.9997507, -0.02052237, 0.00879061), (0.8984826, -0.01061118, 0.4388808), (0.8122054, -0.01399524, 0.5832036), (0.8122054, 0.01399524, -0.5832036), (0.8984826, 0.01061118, -0.4388808), (0.9997507, 0.02052237, -0.00879061), (0.9999799, 0.005794638, 0.002564174), (0.9440529, 0.007198359, 0.3297154), (0.8112384, 0.003042335, 0.5847076), (0.7668657, 0.376787, -0.5195657), (0.8559572, 0.3656073, -0.3656073), (0.8968928, 0.4422241, -0.004609583), (0.9447503, 0.3277762, 0.003104168), (0.8844941, 0.3299016, 0.3299016), (0.7900625, 0.2590629, 0.5555967), (0.7745967, 0.4472136, -0.4472136), (0.7668657, 0.5195657, -0.376787), (0.8116869, 0.5840602, -0.006171812), (0.8112415, 0.5847098, 0.001298611), (0.7900625, 0.5555967, 0.2590629), (0.7071068, 0.5, 0.5), (-0.4472136, -0.7745967, -0.4472136), (-0.376787, -0.7668657, -0.5195657), (-0.006676149, -0.8117218, -0.5840061), (0.001407637, -0.8112414, -0.5847097), (0.2590629, -0.7900625, -0.5555967), (0.5, -0.7071068, -0.5), (-0.5195657, -0.7668657, -0.376787), (-0.3656073, -0.8559572, -0.3656073), (-0.004991063, -0.8969952, -0.4420122), (0.003362622, -0.9447069, -0.3278988), (0.3299016, -0.8844941, -0.3299016), (0.5555967, -0.7900625, -0.2590629), (-0.5840602, -0.8116869, -0.006171812), (-0.4422241, -0.8968928, -0.004609583), (-0.009869388, -0.9999098, -0.009106968), (0.002690863, -0.9999933, -0.002488142), (0.3277762, -0.9447503, -0.003104168), (0.5847098, -0.8112415, -0.001298611), (-0.5847098, -0.8112415, 0.001298611), (-0.3277762, -0.9447503, 0.003104168), (-0.002690863, -0.9999933, 0.002488142), (0.009869388, -0.9999098, 0.009106968), (0.4422241, -0.8968928, 0.004609583), (0.5840602, -0.8116869, 0.006171812), (-0.5555967, -0.7900625, 0.2590629), (-0.3299016, -0.8844941, 0.3299016), (-0.003362622, -0.9447069, 0.3278988), (0.004991063, -0.8969952, 0.4420122), (0.3656073, -0.8559572, 0.3656073), (0.5195657, -0.7668657, 0.376787), (-0.5, -0.7071068, 0.5), (-0.2590629, -0.7900625, 0.5555967), (-0.001407637, -0.8112414, 0.5847097), (0.006676149, -0.8117218, 0.5840061), (0.376787, -0.7668657, 0.5195657), (0.4472136, -0.7745967, 0.4472136), (-0.5, 0.7071068, -0.5), (-0.2590629, 0.7900625, -0.5555967), (-0.001407637, 0.8112414, -0.5847097), (0.006676149, 0.8117218, -0.5840061), (0.376787, 0.7668657, -0.5195657), (0.4472136, 0.7745967, -0.4472136), (-0.5555967, 0.7900625, -0.2590629), (-0.3299016, 0.8844941, -0.3299016), (-0.003362622, 0.9447069, -0.3278988), (0.004991063, 0.8969952, -0.4420122), (0.3656073, 0.8559572, -0.3656073), (0.5195657, 0.7668657, -0.376787), (-0.5847098, 0.8112415, -0.001298611), (-0.3277762, 0.9447503, -0.003104168), (-0.002690863, 0.9999933, -0.002488142), (0.009869388, 0.9999098, -0.009106968), (0.4422241, 0.8968928, -0.004609583), (0.5840602, 0.8116869, -0.006171812), (-0.5840602, 0.8116869, 0.006171812), (-0.4422241, 0.8968928, 0.004609583), (-0.009869388, 0.9999098, 0.009106968), (0.002690863, 0.9999933, 0.002488142), (0.3277762, 0.9447503, 0.003104168), (0.5847098, 0.8112415, 0.001298611), (-0.5195657, 0.7668657, 0.376787), (-0.3656073, 0.8559572, 0.3656073), (-0.004991063, 0.8969952, 0.4420122), (0.003362622, 0.9447069, 0.3278988), (0.3299016, 0.8844941, 0.3299016), (0.5555967, 0.7900625, 0.2590629), (-0.4472136, 0.7745967, 0.4472136), (-0.376787, 0.7668657, 0.5195657), (-0.006676149, 0.8117218, 0.5840061), (0.001407637, 0.8112414, 0.5847097), (0.2590629, 0.7900625, 0.5555967), (0.5, 0.7071068, 0.5), (-0.4472136, -0.4472136, -0.7745967), (-0.5195657, -0.376787, -0.7668657), (-0.5832036, -0.01399524, -0.8122054), (-0.5847076, 0.003042335, -0.8112384), (-0.5555967, 0.2590629, -0.7900625), (-0.5, 0.5, -0.7071068), (-0.376787, -0.5195657, -0.7668657), (-0.3656073, -0.3656073, -0.8559572), (-0.4388808, -0.01061118, -0.8984826), (-0.3297154, 0.007198359, -0.9440529), (-0.3299016, 0.3299016, -0.8844941), (-0.2590629, 0.5555967, -0.7900625), (-0.006676149, -0.5840061, -0.8117218), (-0.004991063, -0.4420122, -0.8969952), (-0.009504795, -0.02047551, -0.9997452), (-0.002778689, 0.005806338, -0.9999793), (-0.003362622, 0.3278988, -0.9447069), (-0.001407637, 0.5847097, -0.8112414), (0.001407637, -0.5847097, -0.8112414), (0.003362622, -0.3278988, -0.9447069), (0.002778689, -0.005806338, -0.9999793), (0.009504795, 0.02047551, -0.9997452), (0.004991063, 0.4420122, -0.8969952), (0.006676149, 0.5840061, -0.8117218), (0.2590629, -0.5555967, -0.7900625), (0.3299016, -0.3299016, -0.8844941), (0.3297154, -0.007198359, -0.9440529), (0.4388808, 0.01061118, -0.8984826), (0.3656073, 0.3656073, -0.8559572), (0.376787, 0.5195657, -0.7668657), (0.5, -0.5, -0.7071068), (0.5555967, -0.2590629, -0.7900625), (0.5847076, -0.003042335, -0.8112384), (0.5832036, 0.01399524, -0.8122054), (0.5195657, 0.376787, -0.7668657), (0.4472136, 0.4472136, -0.7745967), (-0.5, -0.5, 0.7071068), (-0.5555967, -0.2590629, 0.7900625), (-0.5847076, -0.003042335, 0.8112384), (-0.5832036, 0.01399524, 0.8122054), (-0.5195657, 0.376787, 0.7668657), (-0.4472136, 0.4472136, 0.7745967), (-0.2590629, -0.5555967, 0.7900625), (-0.3299016, -0.3299016, 0.8844941), (-0.3297154, -0.007198359, 0.9440529), (-0.4388808, 0.01061118, 0.8984826), (-0.3656073, 0.3656073, 0.8559572), (-0.376787, 0.5195657, 0.7668657), (-0.001407637, -0.5847097, 0.8112414), (-0.003362622, -0.3278988, 0.9447069), (-0.002778689, -0.005806338, 0.9999793), (-0.009504795, 0.02047551, 0.9997452), (-0.004991063, 0.4420122, 0.8969952), (-0.006676149, 0.5840061, 0.8117218), (0.006676149, -0.5840061, 0.8117218), (0.004991063, -0.4420122, 0.8969952), (0.009504795, -0.02047551, 0.9997452), (0.002778689, 0.005806338, 0.9999793), (0.003362622, 0.3278988, 0.9447069), (0.001407637, 0.5847097, 0.8112414), (0.376787, -0.5195657, 0.7668657), (0.3656073, -0.3656073, 0.8559572), (0.4388808, -0.01061118, 0.8984826), (0.3297154, 0.007198359, 0.9440529), (0.3299016, 0.3299016, 0.8844941), (0.2590629, 0.5555967, 0.7900625), (0.4472136, -0.4472136, 0.7745967), (0.5195657, -0.376787, 0.7668657), (0.5832036, -0.01399524, 0.8122054), (0.5847076, 0.003042335, 0.8112384), (0.5555967, 0.2590629, 0.7900625), (0.5, 0.5, 0.7071068)] (interpolation = "vertex")
            float3[] extent = [(-0.00575, -0.00063, 0.0079), (-0.00445, 3e-05, 0.0093)]
            rel material:binding = </WorkbenchPart/Materials/ceramic>
            texCoord2f[] primvars:st = [(-0.0678, 0.8821778), (-0.06609444, 0.8816833), (-0.0656, 0.8799778), (-0.0678, 0.8821778), (-0.0656, 0.8799778), (-0.06721051, 0.8805673), (-0.0680669, 0.8843778), (-0.06635161, 0.8843778), (-0.06609444, 0.8816833), (-0.0680669, 0.8843778), (-0.06609444, 0.8816833), (-0.0678, 0.8821778), (-0.0680669, 1.026733), (-0.06635161, 1.026733), (-0.06635161, 0.8843778), (-0.0680669, 1.026733), (-0.06635161, 0.8843778), (-0.0680669, 0.8843778), (-0.0678, 1.028933), (-0.06609444, 1.029428), (-0.06635161, 1.026733), (-0.0678, 1.028933), (-0.06635161, 1.026733), (-0.0680669, 1.026733), (-0.06721051, 1.030544), (-0.0656, 1.031133), (-0.06609444, 1.029428), (-0.06721051, 1.030544), (-0.06609444, 1.029428), (-0.0678, 1.028933), (-0.06609444, 0.8816833), (-0.0634, 0.8814262), (-0.0634, 0.8797109), (-0.06609444, 0.8816833), (-0.0634, 0.8797109), (-0.0656, 0.8799778), (-0.06635161, 0.8843778), (-0.0634, 0.8843778), (-0.0634, 0.8814262), (-0.06635161, 0.8843778), (-0.0634, 0.8814262), (-0.06609444, 0.8816833), (-0.06635161, 1.026733), (-0.0634, 1.026733), (-0.0634, 0.8843778), (-0.06635161, 1.026733), (-0.0634, 0.8843778), (-0.06635161, 0.8843778), (-0.06609444, 1.029428), (-0.0634, 1.029685), (-0.0634, 1.026733), (-0.06609444, 1.029428), (-0.0634, 1.026733), (-0.06635161, 1.026733), (-0.0656, 1.031133), (-0.0634, 1.0314), (-0.0634, 1.029685), (-0.0656, 1.031133), (-0.0634, 1.029685), (-0.06609444, 1.029428), (-0.0634, 0.8814262), (-0.003266667, 0.8814262), (-0.003266667, 0.8797109), (-0.0634, 0.8814262), (-0.003266667, 0.8797109), (-0.0634, 0.8797109), (-0.0634, 0.8843778), (-0.003266667, 0.8843778), (-0.003266667, 0.8814262), (-0.0634, 0.8843778), (-0.003266667, 0.8814262), (-0.0634, 0.8814262), (-0.0634, 1.026733), (-0.003266667, 1.026733), (-0.003266667, 0.8843778), (-0.0634, 1.026733), (-0.003266667, 0.8843778), (-0.0634, 0.8843778), (-0.0634, 1.029685), (-0.003266667, 1.029685), (-0.003266667, 1.026733), (-0.0634, 1.029685), (-0.003266667, 1.026733), (-0.0634, 1.026733), (-0.0634, 1.0314), (-0.003266667, 1.0314), (-0.003266667, 1.029685), (-0.0634, 1.0314), (-0.003266667, 1.029685), (-0.0634, 1.029685), (-0.003266667, 0.8814262), (-0.0005722279, 0.8816833), (-0.001066667, 0.8799778), (-0.003266667, 0.8814262), (-0.001066667, 0.8799778), (-0.003266667, 0.8797109), (-0.003266667, 0.8843778), (-0.0003150569, 0.8843778), (-0.0005722279, 0.8816833), (-0.003266667, 0.8843778), (-0.0005722279, 0.8816833), (-0.003266667, 0.8814262), (-0.003266667, 1.026733), (-0.0003150569, 1.026733), (-0.0003150569, 0.8843778), (-0.003266667, 1.026733), (-0.0003150569, 0.8843778), (-0.003266667, 0.8843778), (-0.003266667, 1.029685), (-0.0005722279, 1.029428), (-0.0003150569, 1.026733), (-0.003266667, 1.029685), (-0.0003150569, 1.026733), (-0.003266667, 1.026733), (-0.003266667, 1.0314), (-0.001066667, 1.031133), (-0.0005722279, 1.029428), (-0.003266667, 1.0314), (-0.0005722279, 1.029428), (-0.003266667, 1.029685), (-0.0005722279, 0.8816833), (0.001133333, 0.8821778), (0.0005438451, 0.8805673), (-0.0005722279, 0.8816833), (0.0005438451, 0.8805673), (-0.001066667, 0.8799778), (-0.0003150569, 0.8843778), (0.001400238, 0.8843778), (0.001133333, 0.8821778), (-0.0003150569, 0.8843778), (0.001133333, 0.8821778), (-0.0005722279, 0.8816833), (-0.0003150569, 1.026733), (0.001400238, 1.026733), (0.001400238, 0.8843778), (-0.0003150569, 1.026733), (0.001400238, 0.8843778), (-0.0003150569, 0.8843778), (-0.0005722279, 1.029428), (0.001133333, 1.028933), (0.001400238, 1.026733), (-0.0005722279, 1.029428), (0.001400238, 1.026733), (-0.0003150569, 1.026733), (-0.001066667, 1.031133), (0.0005438451, 1.030544), (0.001133333, 1.028933), (-0.001066667, 1.031133), (0.001133333, 1.028933), (-0.0005722279, 1.029428), (-0.06721051, 0.8805673), (-0.0656, 0.8799778), (-0.06609444, 0.8816833), (-0.06721051, 0.8805673), (-0.06609444, 0.8816833), (-0.0678, 0.8821778), (-0.0678, 0.8821778), (-0.06609444, 0.8816833), (-0.06635161, 0.8843778), (-0.0678, 0.8821778), (-0.06635161, 0.8843778), (-0.0680669, 0.8843778), (-0.0680669, 0.8843778), (-0.06635161, 0.8843778), (-0.06635161, 1.026733), (-0.0680669, 0.8843778), (-0.06635161, 1.026733), (-0.0680669, 1.026733), (-0.0680669, 1.026733), (-0.06635161, 1.026733), (-0.06609444, 1.029428), (-0.0680669, 1.026733), (-0.06609444, 1.029428), (-0.0678, 1.028933), (-0.0678, 1.028933), (-0.06609444, 1.029428), (-0.0656, 1.031133), (-0.0678, 1.028933), (-0.0656, 1.031133), (-0.06721051, 1.030544), (-0.0656, 0.8799778), (-0.0634, 0.8797109), (-0.0634, 0.8814262), (-0.0656, 0.8799778), (-0.0634, 0.8814262), (-0.06609444, 0.8816833), (-0.06609444, 0.8816833), (-0.0634, 0.8814262), (-0.0634, 0.8843778), (-0.06609444, 0.8816833), (-0.0634, 0.8843778), (-0.06635161, 0.8843778), (-0.06635161, 0.8843778), (-0.0634, 0.8843778), (-0.0634, 1.026733), (-0.06635161, 0.8843778), (-0.0634, 1.026733), (-0.06635161, 1.026733), (-0.06635161, 1.026733), (-0.0634, 1.026733), (-0.0634, 1.029685), (-0.06635161, 1.026733), (-0.0634, 1.029685), (-0.06609444, 1.029428), (-0.06609444, 1.029428), (-0.0634, 1.029685), (-0.0634, 1.0314), (-0.06609444, 1.029428), (-0.0634, 1.0314), (-0.0656, 1.031133), (-0.0634, 0.8797109), (-0.003266667, 0.8797109), (-0.003266667, 0.8814262), (-0.0634, 0.8797109), (-0.003266667, 0.8814262), (-0.0634, 0.8814262), (-0.0634, 0.8814262), (-0.003266667, 0.8814262), (-0.003266667, 0.8843778), (-0.0634, 0.8814262), (-0.003266667, 0.8843778), (-0.0634, 0.8843778), (-0.0634, 0.8843778), (-0.003266667, 0.8843778), (-0.003266667, 1.026733), (-0.0634, 0.8843778), (-0.003266667, 1.026733), (-0.0634, 1.026733), (-0.0634, 1.026733), (-0.003266667, 1.026733), (-0.003266667, 1.029685), (-0.0634, 1.026733), (-0.003266667, 1.029685), (-0.0634, 1.029685), (-0.0634, 1.029685), (-0.003266667, 1.029685), (-0.003266667, 1.0314), (-0.0634, 1.029685), (-0.003266667, 1.0314), (-0.0634, 1.0314), (-0.003266667, 0.8797109), (-0.001066667, 0.8799778), (-0.0005722279, 0.8816833), (-0.003266667, 0.8797109), (-0.0005722279, 0.8816833), (-0.003266667, 0.8814262), (-0.003266667, 0.8814262), (-0.0005722279, 0.8816833), (-0.0003150569, 0.8843778), (-0.003266667, 0.8814262), (-0.0003150569, 0.8843778), (-0.003266667, 0.8843778), (-0.003266667, 0.8843778), (-0.0003150569, 0.8843778), (-0.0003150569, 1.026733), (-0.003266667, 0.8843778), (-0.0003150569, 1.026733), (-0.003266667, 1.026733), (-0.003266667, 1.026733), (-0.0003150569, 1.026733), (-0.0005722279, 1.029428), (-0.003266667, 1.026733), (-0.0005722279, 1.029428), (-0.003266667, 1.029685), (-0.003266667, 1.029685), (-0.0005722279, 1.029428), (-0.001066667, 1.031133), (-0.003266667, 1.029685), (-0.001066667, 1.031133), (-0.003266667, 1.0314), (-0.001066667, 0.8799778), (0.0005438451, 0.8805673), (0.001133333, 0.8821778), (-0.001066667, 0.8799778), (0.001133333, 0.8821778), (-0.0005722279, 0.8816833), (-0.0005722279, 0.8816833), (0.001133333, 0.8821778), (0.001400238, 0.8843778), (-0.0005722279, 0.8816833), (0.001400238, 0.8843778), (-0.0003150569, 0.8843778), (-0.0003150569, 0.8843778), (0.001400238, 0.8843778), (0.001400238, 1.026733), (-0.0003150569, 0.8843778), (0.001400238, 1.026733), (-0.0003150569, 1.026733), (-0.0003150569, 1.026733), (0.001400238, 1.026733), (0.001133333, 1.028933), (-0.0003150569, 1.026733), (0.001133333, 1.028933), (-0.0005722279, 1.029428), (-0.0005722279, 1.029428), (0.001133333, 1.028933), (0.0005438451, 1.030544), (-0.0005722279, 1.029428), (0.0005438451, 1.030544), (-0.001066667, 1.031133), (-0.6344889, 0.8799778), (-0.6349833, 0.8816833), (-0.6366889, 0.8821778), (-0.6344889, 0.8799778), (-0.6366889, 0.8821778), (-0.6360994, 0.8805673), (-0.6322889, 0.8797109), (-0.6322889, 0.8814262), (-0.6349833, 0.8816833), (-0.6322889, 0.8797109), (-0.6349833, 0.8816833), (-0.6344889, 0.8799778), (-0.5010444, 0.8797109), (-0.5010444, 0.8814262), (-0.6322889, 0.8814262), (-0.5010444, 0.8797109), (-0.6322889, 0.8814262), (-0.6322889, 0.8797109), (-0.4988444, 0.8799778), (-0.49835, 0.8816833), (-0.5010444, 0.8814262), (-0.4988444, 0.8799778), (-0.5010444, 0.8814262), (-0.5010444, 0.8797109), (-0.4972339, 0.8805673), (-0.4966444, 0.8821778), (-0.49835, 0.8816833), (-0.4972339, 0.8805673), (-0.49835, 0.8816833), (-0.4988444, 0.8799778), (-0.6349833, 0.8816833), (-0.6352405, 0.8843778), (-0.6369558, 0.8843778), (-0.6349833, 0.8816833), (-0.6369558, 0.8843778), (-0.6366889, 0.8821778), (-0.6322889, 0.8814262), (-0.6322889, 0.8843778), (-0.6352405, 0.8843778), (-0.6322889, 0.8814262), (-0.6352405, 0.8843778), (-0.6349833, 0.8816833), (-0.5010444, 0.8814262), (-0.5010444, 0.8843778), (-0.6322889, 0.8843778), (-0.5010444, 0.8814262), (-0.6322889, 0.8843778), (-0.6322889, 0.8814262), (-0.49835, 0.8816833), (-0.4980928, 0.8843778), (-0.5010444, 0.8843778), (-0.49835, 0.8816833), (-0.5010444, 0.8843778), (-0.5010444, 0.8814262), (-0.4966444, 0.8821778), (-0.4963775, 0.8843778), (-0.4980928, 0.8843778), (-0.4966444, 0.8821778), (-0.4980928, 0.8843778), (-0.49835, 0.8816833), (-0.6352405, 0.8843778), (-0.6352405, 1.026733), (-0.6369558, 1.026733), (-0.6352405, 0.8843778), (-0.6369558, 1.026733), (-0.6369558, 0.8843778), (-0.6322889, 0.8843778), (-0.6322889, 1.026733), (-0.6352405, 1.026733), (-0.6322889, 0.8843778), (-0.6352405, 1.026733), (-0.6352405, 0.8843778), (-0.5010444, 0.8843778), (-0.5010444, 1.026733), (-0.6322889, 1.026733), (-0.5010444, 0.8843778), (-0.6322889, 1.026733), (-0.6322889, 0.8843778), (-0.4980928, 0.8843778), (-0.4980928, 1.026733), (-0.5010444, 1.026733), (-0.4980928, 0.8843778), (-0.5010444, 1.026733), (-0.5010444, 0.8843778), (-0.4963775, 0.8843778), (-0.4963775, 1.026733), (-0.4980928, 1.026733), (-0.4963775, 0.8843778), (-0.4980928, 1.026733), (-0.4980928, 0.8843778), (-0.6352405, 1.026733), (-0.6349833, 1.029428), (-0.6366889, 1.028933), (-0.6352405, 1.026733), (-0.6366889, 1.028933), (-0.6369558, 1.026733), (-0.6322889, 1.026733), (-0.6322889, 1.029685), (-0.6349833, 1.029428), (-0.6322889, 1.026733), (-0.6349833, 1.029428), (-0.6352405, 1.026733), (-0.5010444, 1.026733), (-0.5010444, 1.029685), (-0.6322889, 1.029685), (-0.5010444, 1.026733), (-0.6322889, 1.029685), (-0.6322889, 1.026733), (-0.4980928, 1.026733), (-0.49835, 1.029428), (-0.5010444, 1.029685), (-0.4980928, 1.026733), (-0.5010444, 1.029685), (-0.5010444, 1.026733), (-0.4963775, 1.026733), (-0.4966444, 1.028933), (-0.49835, 1.029428), (-0.4963775, 1.026733), (-0.49835, 1.029428), (-0.4980928, 1.026733), (-0.6349833, 1.029428), (-0.6344889, 1.031133), (-0.6360994, 1.030544), (-0.6349833, 1.029428), (-0.6360994, 1.030544), (-0.6366889, 1.028933), (-0.6322889, 1.029685), (-0.6322889, 1.0314), (-0.6344889, 1.031133), (-0.6322889, 1.029685), (-0.6344889, 1.031133), (-0.6349833, 1.029428), (-0.5010444, 1.029685), (-0.5010444, 1.0314), (-0.6322889, 1.0314), (-0.5010444, 1.029685), (-0.6322889, 1.0314), (-0.6322889, 1.029685), (-0.49835, 1.029428), (-0.4988444, 1.031133), (-0.5010444, 1.0314), (-0.49835, 1.029428), (-0.5010444, 1.0314), (-0.5010444, 1.029685), (-0.4966444, 1.028933), (-0.4972339, 1.030544), (-0.4988444, 1.031133), (-0.4966444, 1.028933), (-0.4988444, 1.031133), (-0.49835, 1.029428), (-0.6360994, 0.8805673), (-0.6366889, 0.8821778), (-0.6349833, 0.8816833), (-0.6360994, 0.8805673), (-0.6349833, 0.8816833), (-0.6344889, 0.8799778), (-0.6344889, 0.8799778), (-0.6349833, 0.8816833), (-0.6322889, 0.8814262), (-0.6344889, 0.8799778), (-0.6322889, 0.8814262), (-0.6322889, 0.8797109), (-0.6322889, 0.8797109), (-0.6322889, 0.8814262), (-0.5010444, 0.8814262), (-0.6322889, 0.8797109), (-0.5010444, 0.8814262), (-0.5010444, 0.8797109), (-0.5010444, 0.8797109), (-0.5010444, 0.8814262), (-0.49835, 0.8816833), (-0.5010444, 0.8797109), (-0.49835, 0.8816833), (-0.4988444, 0.8799778), (-0.4988444, 0.8799778), (-0.49835, 0.8816833), (-0.4966444, 0.8821778), (-0.4988444, 0.8799778), (-0.4966444, 0.8821778), (-0.4972339, 0.8805673), (-0.6366889, 0.8821778), (-0.6369558, 0.8843778), (-0.6352405, 0.8843778), (-0.6366889, 0.8821778), (-0.6352405, 0.8843778), (-0.6349833, 0.8816833), (-0.6349833, 0.8816833), (-0.6352405, 0.8843778), (-0.6322889, 0.8843778), (-0.6349833, 0.8816833), (-0.6322889, 0.8843778), (-0.6322889, 0.8814262), (-0.6322889, 0.8814262), (-0.6322889, 0.8843778), (-0.5010444, 0.8843778), (-0.6322889, 0.8814262), (-0.5010444, 0.8843778), (-0.5010444, 0.8814262), (-0.5010444, 0.8814262), (-0.5010444, 0.8843778), (-0.4980928, 0.8843778), (-0.5010444, 0.8814262), (-0.4980928, 0.8843778), (-0.49835, 0.8816833), (-0.49835, 0.8816833), (-0.4980928, 0.8843778), (-0.4963775, 0.8843778), (-0.49835, 0.8816833), (-0.4963775, 0.8843778), (-0.4966444, 0.8821778), (-0.6369558, 0.8843778), (-0.6369558, 1.026733), (-0.6352405, 1.026733), (-0.6369558, 0.8843778), (-0.6352405, 1.026733), (-0.6352405, 0.8843778), (-0.6352405, 0.8843778), (-0.6352405, 1.026733), (-0.6322889, 1.026733), (-0.6352405, 0.8843778), (-0.6322889, 1.026733), (-0.6322889, 0.8843778), (-0.6322889, 0.8843778), (-0.6322889, 1.026733), (-0.5010444, 1.026733), (-0.6322889, 0.8843778), (-0.5010444, 1.026733), (-0.5010444, 0.8843778), (-0.5010444, 0.8843778), (-0.5010444, 1.026733), (-0.4980928, 1.026733), (-0.5010444, 0.8843778), (-0.4980928, 1.026733), (-0.4980928, 0.8843778), (-0.4980928, 0.8843778), (-0.4980928, 1.026733), (-0.4963775, 1.026733), (-0.4980928, 0.8843778), (-0.4963775, 1.026733), (-0.4963775, 0.8843778), (-0.6369558, 1.026733), (-0.6366889, 1.028933), (-0.6349833, 1.029428), (-0.6369558, 1.026733), (-0.6349833, 1.029428), (-0.6352405, 1.026733), (-0.6352405, 1.026733), (-0.6349833, 1.029428), (-0.6322889, 1.029685), (-0.6352405, 1.026733), (-0.6322889, 1.029685), (-0.6322889, 1.026733), (-0.6322889, 1.026733), (-0.6322889, 1.029685), (-0.5010444, 1.029685), (-0.6322889, 1.026733), (-0.5010444, 1.029685), (-0.5010444, 1.026733), (-0.5010444, 1.026733), (-0.5010444, 1.029685), (-0.49835, 1.029428), (-0.5010444, 1.026733), (-0.49835, 1.029428), (-0.4980928, 1.026733), (-0.4980928, 1.026733), (-0.49835, 1.029428), (-0.4966444, 1.028933), (-0.4980928, 1.026733), (-0.4966444, 1.028933), (-0.4963775, 1.026733), (-0.6366889, 1.028933), (-0.6360994, 1.030544), (-0.6344889, 1.031133), (-0.6366889, 1.028933), (-0.6344889, 1.031133), (-0.6349833, 1.029428), (-0.6349833, 1.029428), (-0.6344889, 1.031133), (-0.6322889, 1.0314), (-0.6349833, 1.029428), (-0.6322889, 1.0314), (-0.6322889, 1.029685), (-0.6322889, 1.029685), (-0.6322889, 1.0314), (-0.5010444, 1.0314), (-0.6322889, 1.029685), (-0.5010444, 1.0314), (-0.5010444, 1.029685), (-0.5010444, 1.029685), (-0.5010444, 1.0314), (-0.4988444, 1.031133), (-0.5010444, 1.029685), (-0.4988444, 1.031133), (-0.49835, 1.029428), (-0.49835, 1.029428), (-0.4988444, 1.031133), (-0.4972339, 1.030544), (-0.49835, 1.029428), (-0.4972339, 1.030544), (-0.4966444, 1.028933), (-0.6366889, -0.0656), (-0.6349833, -0.06609444), (-0.6344889, -0.0678), (-0.6366889, -0.0656), (-0.6344889, -0.0678), (-0.6360994, -0.06721051), (-0.6369558, -0.0634), (-0.6352405, -0.0634), (-0.6349833, -0.06609444), (-0.6369558, -0.0634), (-0.6349833, -0.06609444), (-0.6366889, -0.0656), (-0.6369558, -0.003266667), (-0.6352405, -0.003266667), (-0.6352405, -0.0634), (-0.6369558, -0.003266667), (-0.6352405, -0.0634), (-0.6369558, -0.0634), (-0.6366889, -0.001066667), (-0.6349833, -0.0005722279), (-0.6352405, -0.003266667), (-0.6366889, -0.001066667), (-0.6352405, -0.003266667), (-0.6369558, -0.003266667), (-0.6360994, 0.0005438451), (-0.6344889, 0.001133333), (-0.6349833, -0.0005722279), (-0.6360994, 0.0005438451), (-0.6349833, -0.0005722279), (-0.6366889, -0.001066667), (-0.6349833, -0.06609444), (-0.6322889, -0.06635161), (-0.6322889, -0.0680669), (-0.6349833, -0.06609444), (-0.6322889, -0.0680669), (-0.6344889, -0.0678), (-0.6352405, -0.0634), (-0.6322889, -0.0634), (-0.6322889, -0.06635161), (-0.6352405, -0.0634), (-0.6322889, -0.06635161), (-0.6349833, -0.06609444), (-0.6352405, -0.003266667), (-0.6322889, -0.003266667), (-0.6322889, -0.0634), (-0.6352405, -0.003266667), (-0.6322889, -0.0634), (-0.6352405, -0.0634), (-0.6349833, -0.0005722279), (-0.6322889, -0.0003150569), (-0.6322889, -0.003266667), (-0.6349833, -0.0005722279), (-0.6322889, -0.003266667), (-0.6352405, -0.003266667), (-0.6344889, 0.001133333), (-0.6322889, 0.001400238), (-0.6322889, -0.0003150569), (-0.6344889, 0.001133333), (-0.6322889, -0.0003150569), (-0.6349833, -0.0005722279), (-0.6322889, -0.06635161), (-0.5010444, -0.06635161), (-0.5010444, -0.0680669), (-0.6322889, -0.06635161), (-0.5010444, -0.0680669), (-0.6322889, -0.0680669), (-0.6322889, -0.0634), (-0.5010444, -0.0634), (-0.5010444, -0.06635161), (-0.6322889, -0.0634), (-0.5010444, -0.06635161), (-0.6322889, -0.06635161), (-0.6322889, -0.003266667), (-0.5010444, -0.003266667), (-0.5010444, -0.0634), (-0.6322889, -0.003266667), (-0.5010444, -0.0634), (-0.6322889, -0.0634), (-0.6322889, -0.0003150569), (-0.5010444, -0.0003150569), (-0.5010444, -0.003266667), (-0.6322889, -0.0003150569), (-0.5010444, -0.003266667), (-0.6322889, -0.003266667), (-0.6322889, 0.001400238), (-0.5010444, 0.001400238), (-0.5010444, -0.0003150569), (-0.6322889, 0.001400238), (-0.5010444, -0.0003150569), (-0.6322889, -0.0003150569), (-0.5010444, -0.06635161), (-0.49835, -0.06609444), (-0.4988444, -0.0678), (-0.5010444, -0.06635161), (-0.4988444, -0.0678), (-0.5010444, -0.0680669), (-0.5010444, -0.0634), (-0.4980928, -0.0634), (-0.49835, -0.06609444), (-0.5010444, -0.0634), (-0.49835, -0.06609444), (-0.5010444, -0.06635161), (-0.5010444, -0.003266667), (-0.4980928, -0.003266667), (-0.4980928, -0.0634), (-0.5010444, -0.003266667), (-0.4980928, -0.0634), (-0.5010444, -0.0634), (-0.5010444, -0.0003150569), (-0.49835, -0.0005722279), (-0.4980928, -0.003266667), (-0.5010444, -0.0003150569), (-0.4980928, -0.003266667), (-0.5010444, -0.003266667), (-0.5010444, 0.001400238), (-0.4988444, 0.001133333), (-0.49835, -0.0005722279), (-0.5010444, 0.001400238), (-0.49835, -0.0005722279), (-0.5010444, -0.0003150569), (-0.49835, -0.06609444), (-0.4966444, -0.0656), (-0.4972339, -0.06721051), (-0.49835, -0.06609444), (-0.4972339, -0.06721051), (-0.4988444, -0.0678), (-0.4980928, -0.0634), (-0.4963775, -0.0634), (-0.4966444, -0.0656), (-0.4980928, -0.0634), (-0.4966444, -0.0656), (-0.49835, -0.06609444), (-0.4980928, -0.003266667), (-0.4963775, -0.003266667), (-0.4963775, -0.0634), (-0.4980928, -0.003266667), (-0.4963775, -0.0634), (-0.4980928, -0.0634), (-0.49835, -0.0005722279), (-0.4966444, -0.001066667), (-0.4963775, -0.003266667), (-0.49835, -0.0005722279), (-0.4963775, -0.003266667), (-0.4980928, -0.003266667), (-0.4988444, 0.001133333), (-0.4972339, 0.0005438451), (-0.4966444, -0.001066667), (-0.4988444, 0.001133333), (-0.4966444, -0.001066667), (-0.49835, -0.0005722279), (-0.6360994, -0.06721051), (-0.6344889, -0.0678), (-0.6349833, -0.06609444), (-0.6360994, -0.06721051), (-0.6349833, -0.06609444), (-0.6366889, -0.0656), (-0.6366889, -0.0656), (-0.6349833, -0.06609444), (-0.6352405, -0.0634), (-0.6366889, -0.0656), (-0.6352405, -0.0634), (-0.6369558, -0.0634), (-0.6369558, -0.0634), (-0.6352405, -0.0634), (-0.6352405, -0.003266667), (-0.6369558, -0.0634), (-0.6352405, -0.003266667), (-0.6369558, -0.003266667), (-0.6369558, -0.003266667), (-0.6352405, -0.003266667), (-0.6349833, -0.0005722279), (-0.6369558, -0.003266667), (-0.6349833, -0.0005722279), (-0.6366889, -0.001066667), (-0.6366889, -0.001066667), (-0.6349833, -0.0005722279), (-0.6344889, 0.001133333), (-0.6366889, -0.001066667), (-0.6344889, 0.001133333), (-0.6360994, 0.0005438451), (-0.6344889, -0.0678), (-0.6322889, -0.0680669), (-0.6322889, -0.06635161), (-0.6344889, -0.0678), (-0.6322889, -0.06635161), (-0.6349833, -0.06609444), (-0.6349833, -0.06609444), (-0.6322889, -0.06635161), (-0.6322889, -0.0634), (-0.6349833, -0.06609444), (-0.6322889, -0.0634), (-0.6352405, -0.0634), (-0.6352405, -0.0634), (-0.6322889, -0.0634), (-0.6322889, -0.003266667), (-0.6352405, -0.0634), (-0.6322889, -0.003266667), (-0.6352405, -0.003266667), (-0.6352405, -0.003266667), (-0.6322889, -0.003266667), (-0.6322889, -0.0003150569), (-0.6352405, -0.003266667), (-0.6322889, -0.0003150569), (-0.6349833, -0.0005722279), (-0.6349833, -0.0005722279), (-0.6322889, -0.0003150569), (-0.6322889, 0.001400238), (-0.6349833, -0.0005722279), (-0.6322889, 0.001400238), (-0.6344889, 0.001133333), (-0.6322889, -0.0680669), (-0.5010444, -0.0680669), (-0.5010444, -0.06635161), (-0.6322889, -0.0680669), (-0.5010444, -0.06635161), (-0.6322889, -0.06635161), (-0.6322889, -0.06635161), (-0.5010444, -0.06635161), (-0.5010444, -0.0634), (-0.6322889, -0.06635161), (-0.5010444, -0.0634), (-0.6322889, -0.0634), (-0.6322889, -0.0634), (-0.5010444, -0.0634), (-0.5010444, -0.003266667), (-0.6322889, -0.0634), (-0.5010444, -0.003266667), (-0.6322889, -0.003266667), (-0.6322889, -0.003266667), (-0.5010444, -0.003266667), (-0.5010444, -0.0003150569), (-0.6322889, -0.003266667), (-0.5010444, -0.0003150569), (-0.6322889, -0.0003150569), (-0.6322889, -0.0003150569), (-0.5010444, -0.0003150569), (-0.5010444, 0.001400238), (-0.6322889, -0.0003150569), (-0.5010444, 0.001400238), (-0.6322889, 0.001400238), (-0.5010444, -0.0680669), (-0.4988444, -0.0678), (-0.49835, -0.06609444), (-0.5010444, -0.0680669), (-0.49835, -0.06609444), (-0.5010444, -0.06635161), (-0.5010444, -0.06635161), (-0.49835, -0.06609444), (-0.4980928, -0.0634), (-0.5010444, -0.06635161), (-0.4980928, -0.0634), (-0.5010444, -0.0634), (-0.5010444, -0.0634), (-0.4980928, -0.0634), (-0.4980928, -0.003266667), (-0.5010444, -0.0634), (-0.4980928, -0.003266667), (-0.5010444, -0.003266667), (-0.5010444, -0.003266667), (-0.4980928, -0.003266667), (-0.49835, -0.0005722279), (-0.5010444, -0.003266667), (-0.49835, -0.0005722279), (-0.5010444, -0.0003150569), (-0.5010444, -0.0003150569), (-0.49835, -0.0005722279), (-0.4988444, 0.001133333), (-0.5010444, -0.0003150569), (-0.4988444, 0.001133333), (-0.5010444, 0.001400238), (-0.4988444, -0.0678), (-0.4972339, -0.06721051), (-0.4966444, -0.0656), (-0.4988444, -0.0678), (-0.4966444, -0.0656), (-0.49835, -0.06609444), (-0.49835, -0.06609444), (-0.4966444, -0.0656), (-0.4963775, -0.0634), (-0.49835, -0.06609444), (-0.4963775, -0.0634), (-0.4980928, -0.0634), (-0.4980928, -0.0634), (-0.4963775, -0.0634), (-0.4963775, -0.003266667), (-0.4980928, -0.0634), (-0.4963775, -0.003266667), (-0.4980928, -0.003266667), (-0.4980928, -0.003266667), (-0.4963775, -0.003266667), (-0.4966444, -0.001066667), (-0.4980928, -0.003266667), (-0.4966444, -0.001066667), (-0.49835, -0.0005722279), (-0.49835, -0.0005722279), (-0.4966444, -0.001066667), (-0.4972339, 0.0005438451), (-0.49835, -0.0005722279), (-0.4972339, 0.0005438451), (-0.4988444, 0.001133333)] (interpolation = "faceVarying")
        }
        def Mesh "SMDEndTermination_01" (prepend apiSchemas = ["MaterialBindingAPI"])
        {
            uniform token subdivisionScheme = "none"
            uniform token orientation = "rightHanded"
            bool doubleSided = false
            point3f[] points = [(-0.005739763, -0.0006396631, 0.007902737), (-0.0057433, -0.0006432, 0.0079124), (-0.005744901, -0.0006448014, 0.0079256), (-0.005744901, -0.0006448014, 0.0092744), (-0.0057433, -0.0006432, 0.0092876), (-0.005739763, -0.0006396631, 0.009297263), (-0.0057433, -0.00063, 0.0078992), (-0.005749233, -0.0006329666, 0.007909433), (-0.005752319, -0.0006345097, 0.0079256), (-0.005752319, -0.0006345097, 0.0092744), (-0.005749233, -0.0006329666, 0.009290567), (-0.0057433, -0.00063, 0.0093008), (-0.005744901, -0.0006168, 0.007897599), (-0.005752319, -0.0006168, 0.00790789), (-0.0057565, -0.0006168, 0.0079256), (-0.0057565, -0.0006168, 0.0092744), (-0.005752319, -0.0006168, 0.00929211), (-0.005744901, -0.0006168, 0.009302401), (-0.005744901, 1.68e-05, 0.007897599), (-0.005752319, 1.68e-05, 0.00790789), (-0.0057565, 1.68e-05, 0.0079256), (-0.0057565, 1.68e-05, 0.0092744), (-0.005752319, 1.68e-05, 0.00929211), (-0.005744901, 1.68e-05, 0.009302401), (-0.0057433, 3e-05, 0.0078992), (-0.005749233, 3.296663e-05, 0.007909433), (-0.005752319, 3.450966e-05, 0.0079256), (-0.005752319, 3.450966e-05, 0.0092744), (-0.005749233, 3.296663e-05, 0.009290567), (-0.0057433, 3e-05, 0.0093008), (-0.005739763, 3.966307e-05, 0.007902737), (-0.0057433, 4.32e-05, 0.0079124), (-0.005744901, 4.480143e-05, 0.0079256), (-0.005744901, 4.480143e-05, 0.0092744), (-0.0057433, 4.32e-05, 0.0092876), (-0.005739763, 3.966307e-05, 0.009297263), (-0.005552237, -0.0006396631, 0.007902737), (-0.0055487, -0.0006432, 0.0079124), (-0.005547099, -0.0006448014, 0.0079256), (-0.005547099, -0.0006448014, 0.0092744), (-0.0055487, -0.0006432, 0.0092876), (-0.005552237, -0.0006396631, 0.009297263), (-0.0055487, -0.00063, 0.0078992), (-0.005542767, -0.0006329666, 0.007909433), (-0.005539681, -0.0006345097, 0.0079256), (-0.005539681, -0.0006345097, 0.0092744), (-0.005542767, -0.0006329666, 0.009290567), (-0.0055487, -0.00063, 0.0093008), (-0.005547099, -0.0006168, 0.007897599), (-0.005539681, -0.0006168, 0.00790789), (-0.0055355, -0.0006168, 0.0079256), (-0.0055355, -0.0006168, 0.0092744), (-0.005539681, -0.0006168, 0.00929211), (-0.005547099, -0.0006168, 0.009302401), (-0.005547099, 1.68e-05, 0.007897599), (-0.005539681, 1.68e-05, 0.00790789), (-0.0055355, 1.68e-05, 0.0079256), (-0.0055355, 1.68e-05, 0.0092744), (-0.005539681, 1.68e-05, 0.00929211), (-0.005547099, 1.68e-05, 0.009302401), (-0.0055487, 3e-05, 0.0078992), (-0.005542767, 3.296663e-05, 0.007909433), (-0.005539681, 3.450966e-05, 0.0079256), (-0.005539681, 3.450966e-05, 0.0092744), (-0.005542767, 3.296663e-05, 0.009290567), (-0.0055487, 3e-05, 0.0093008), (-0.005552237, 3.966307e-05, 0.007902737), (-0.0055487, 4.32e-05, 0.0079124), (-0.005547099, 4.480143e-05, 0.0079256), (-0.005547099, 4.480143e-05, 0.0092744), (-0.0055487, 4.32e-05, 0.0092876), (-0.005552237, 3.966307e-05, 0.009297263), (-0.005739763, -0.0006396631, 0.007902737), (-0.0057301, -0.0006432, 0.0078992), (-0.0057169, -0.0006448014, 0.007897599), (-0.0055751, -0.0006448014, 0.007897599), (-0.0055619, -0.0006432, 0.0078992), (-0.005552237, -0.0006396631, 0.007902737), (-0.0057433, -0.0006432, 0.0079124), (-0.005733067, -0.0006491333, 0.007909433), (-0.0057169, -0.0006522193, 0.00790789), (-0.0055751, -0.0006522193, 0.00790789), (-0.005558933, -0.0006491333, 0.007909433), (-0.0055487, -0.0006432, 0.0079124), (-0.005744901, -0.0006448014, 0.0079256), (-0.00573461, -0.0006522193, 0.0079256), (-0.0057169, -0.0006564, 0.0079256), (-0.0055751, -0.0006564, 0.0079256), (-0.00555739, -0.0006522193, 0.0079256), (-0.005547099, -0.0006448014, 0.0079256), (-0.005744901, -0.0006448014, 0.0092744), (-0.00573461, -0.0006522193, 0.0092744), (-0.0057169, -0.0006564, 0.0092744), (-0.0055751, -0.0006564, 0.0092744), (-0.00555739, -0.0006522193, 0.0092744), (-0.005547099, -0.0006448014, 0.0092744), (-0.0057433, -0.0006432, 0.0092876), (-0.005733067, -0.0006491333, 0.009290567), (-0.0057169, -0.0006522193, 0.00929211), (-0.0055751, -0.0006522193, 0.00929211), (-0.005558933, -0.0006491333, 0.009290567), (-0.0055487, -0.0006432, 0.0092876), (-0.005739763, -0.0006396631, 0.009297263), (-0.0057301, -0.0006432, 0.0093008), (-0.0057169, -0.0006448014, 0.009302401), (-0.0055751, -0.0006448014, 0.009302401), (-0.0055619, -0.0006432, 0.0093008), (-0.005552237, -0.0006396631, 0.009297263), (-0.005739763, 3.966307e-05, 0.007902737), (-0.0057301, 4.32e-05, 0.0078992), (-0.0057169, 4.480143e-05, 0.007897599), (-0.0055751, 4.480143e-05, 0.007897599), (-0.0055619, 4.32e-05, 0.0078992), (-0.005552237, 3.966307e-05, 0.007902737), (-0.0057433, 4.32e-05, 0.0079124), (-0.005733067, 4.913326e-05, 0.007909433), (-0.0057169, 5.221932e-05, 0.00790789), (-0.0055751, 5.221932e-05, 0.00790789), (-0.005558933, 4.913326e-05, 0.007909433), (-0.0055487, 4.32e-05, 0.0079124), (-0.005744901, 4.480143e-05, 0.0079256), (-0.00573461, 5.221932e-05, 0.0079256), (-0.0057169, 5.64e-05, 0.0079256), (-0.0055751, 5.64e-05, 0.0079256), (-0.00555739, 5.221932e-05, 0.0079256), (-0.005547099, 4.480143e-05, 0.0079256), (-0.005744901, 4.480143e-05, 0.0092744), (-0.00573461, 5.221932e-05, 0.0092744), (-0.0057169, 5.64e-05, 0.0092744), (-0.0055751, 5.64e-05, 0.0092744), (-0.00555739, 5.221932e-05, 0.0092744), (-0.005547099, 4.480143e-05, 0.0092744), (-0.0057433, 4.32e-05, 0.0092876), (-0.005733067, 4.913326e-05, 0.009290567), (-0.0057169, 5.221932e-05, 0.00929211), (-0.0055751, 5.221932e-05, 0.00929211), (-0.005558933, 4.913326e-05, 0.009290567), (-0.0055487, 4.32e-05, 0.0092876), (-0.005739763, 3.966307e-05, 0.009297263), (-0.0057301, 4.32e-05, 0.0093008), (-0.0057169, 4.480143e-05, 0.009302401), (-0.0055751, 4.480143e-05, 0.009302401), (-0.0055619, 4.32e-05, 0.0093008), (-0.005552237, 3.966307e-05, 0.009297263), (-0.005739763, -0.0006396631, 0.007902737), (-0.0057433, -0.00063, 0.0078992), (-0.005744901, -0.0006168, 0.007897599), (-0.005744901, 1.68e-05, 0.007897599), (-0.0057433, 3e-05, 0.0078992), (-0.005739763, 3.966307e-05, 0.007902737), (-0.0057301, -0.0006432, 0.0078992), (-0.005733067, -0.0006329666, 0.007893267), (-0.00573461, -0.0006168, 0.007890181), (-0.00573461, 1.68e-05, 0.007890181), (-0.005733067, 3.296663e-05, 0.007893267), (-0.0057301, 4.32e-05, 0.0078992), (-0.0057169, -0.0006448014, 0.007897599), (-0.0057169, -0.0006345097, 0.007890181), (-0.0057169, -0.0006168, 0.007886), (-0.0057169, 1.68e-05, 0.007886), (-0.0057169, 3.450966e-05, 0.007890181), (-0.0057169, 4.480143e-05, 0.007897599), (-0.0055751, -0.0006448014, 0.007897599), (-0.0055751, -0.0006345097, 0.007890181), (-0.0055751, -0.0006168, 0.007886), (-0.0055751, 1.68e-05, 0.007886), (-0.0055751, 3.450966e-05, 0.007890181), (-0.0055751, 4.480143e-05, 0.007897599), (-0.0055619, -0.0006432, 0.0078992), (-0.005558933, -0.0006329666, 0.007893267), (-0.00555739, -0.0006168, 0.007890181), (-0.00555739, 1.68e-05, 0.007890181), (-0.005558933, 3.296663e-05, 0.007893267), (-0.0055619, 4.32e-05, 0.0078992), (-0.005552237, -0.0006396631, 0.007902737), (-0.0055487, -0.00063, 0.0078992), (-0.005547099, -0.0006168, 0.007897599), (-0.005547099, 1.68e-05, 0.007897599), (-0.0055487, 3e-05, 0.0078992), (-0.005552237, 3.966307e-05, 0.007902737), (-0.005739763, -0.0006396631, 0.009297263), (-0.0057433, -0.00063, 0.0093008), (-0.005744901, -0.0006168, 0.009302401), (-0.005744901, 1.68e-05, 0.009302401), (-0.0057433, 3e-05, 0.0093008), (-0.005739763, 3.966307e-05, 0.009297263), (-0.0057301, -0.0006432, 0.0093008), (-0.005733067, -0.0006329666, 0.009306733), (-0.00573461, -0.0006168, 0.009309819), (-0.00573461, 1.68e-05, 0.009309819), (-0.005733067, 3.296663e-05, 0.009306733), (-0.0057301, 4.32e-05, 0.0093008), (-0.0057169, -0.0006448014, 0.009302401), (-0.0057169, -0.0006345097, 0.009309819), (-0.0057169, -0.0006168, 0.009314), (-0.0057169, 1.68e-05, 0.009314), (-0.0057169, 3.450966e-05, 0.009309819), (-0.0057169, 4.480143e-05, 0.009302401), (-0.0055751, -0.0006448014, 0.009302401), (-0.0055751, -0.0006345097, 0.009309819), (-0.0055751, -0.0006168, 0.009314), (-0.0055751, 1.68e-05, 0.009314), (-0.0055751, 3.450966e-05, 0.009309819), (-0.0055751, 4.480143e-05, 0.009302401), (-0.0055619, -0.0006432, 0.0093008), (-0.005558933, -0.0006329666, 0.009306733), (-0.00555739, -0.0006168, 0.009309819), (-0.00555739, 1.68e-05, 0.009309819), (-0.005558933, 3.296663e-05, 0.009306733), (-0.0055619, 4.32e-05, 0.0093008), (-0.005552237, -0.0006396631, 0.009297263), (-0.0055487, -0.00063, 0.0093008), (-0.005547099, -0.0006168, 0.009302401), (-0.005547099, 1.68e-05, 0.009302401), (-0.0055487, 3e-05, 0.0093008), (-0.005552237, 3.966307e-05, 0.009297263)]
            int[] faceVertexCounts = [3, 3, 3, 3, 3, 3, 3, 3, 3, 3, 3, 3, 3, 3, 3, 3, 3, 3, 3, 3, 3, 3, 3, 3, 3, 3, 3, 3, 3, 3, 3, 3, 3, 3, 3, 3, 3, 3, 3, 3, 3, 3, 3, 3, 3, 3, 3, 3, 3, 3, 3, 3, 3, 3, 3, 3, 3, 3, 3, 3, 3, 3, 3, 3, 3, 3, 3, 3, 3, 3, 3, 3, 3, 3, 3, 3, 3, 3, 3, 3, 3, 3, 3, 3, 3, 3, 3, 3, 3, 3, 3, 3, 3, 3, 3, 3, 3, 3, 3, 3, 3, 3, 3, 3, 3, 3, 3, 3, 3, 3, 3, 3, 3, 3, 3, 3, 3, 3, 3, 3, 3, 3, 3, 3, 3, 3, 3, 3, 3, 3, 3, 3, 3, 3, 3, 3, 3, 3, 3, 3, 3, 3, 3, 3, 3, 3, 3, 3, 3, 3, 3, 3, 3, 3, 3, 3, 3, 3, 3, 3, 3, 3, 3, 3, 3, 3, 3, 3, 3, 3, 3, 3, 3, 3, 3, 3, 3, 3, 3, 3, 3, 3, 3, 3, 3, 3, 3, 3, 3, 3, 3, 3, 3, 3, 3, 3, 3, 3, 3, 3, 3, 3, 3, 3, 3, 3, 3, 3, 3, 3, 3, 3, 3, 3, 3, 3, 3, 3, 3, 3, 3, 3, 3, 3, 3, 3, 3, 3, 3, 3, 3, 3, 3, 3, 3, 3, 3, 3, 3, 3, 3, 3, 3, 3, 3, 3, 3, 3, 3, 3, 3, 3, 3, 3, 3, 3, 3, 3, 3, 3, 3, 3, 3, 3, 3, 3, 3, 3, 3, 3, 3, 3, 3, 3, 3, 3, 3, 3, 3, 3, 3, 3, 3, 3, 3, 3, 3, 3, 3, 3, 3, 3, 3, 3, 3, 3, 3, 3, 3, 3]
            int[] faceVertexIndices = [1, 7, 6, 1, 6, 0, 2, 8, 7, 2, 7, 1, 3, 9, 8, 3, 8, 2, 4, 10, 9, 4, 9, 3, 5, 11, 10, 5, 10, 4, 7, 13, 12, 7, 12, 6, 8, 14, 13, 8, 13, 7, 9, 15, 14, 9, 14, 8, 10, 16, 15, 10, 15, 9, 11, 17, 16, 11, 16, 10, 13, 19, 18, 13, 18, 12, 14, 20, 19, 14, 19, 13, 15, 21, 20, 15, 20, 14, 16, 22, 21, 16, 21, 15, 17, 23, 22, 17, 22, 16, 19, 25, 24, 19, 24, 18, 20, 26, 25, 20, 25, 19, 21, 27, 26, 21, 26, 20, 22, 28, 27, 22, 27, 21, 23, 29, 28, 23, 28, 22, 25, 31, 30, 25, 30, 24, 26, 32, 31, 26, 31, 25, 27, 33, 32, 27, 32, 26, 28, 34, 33, 28, 33, 27, 29, 35, 34, 29, 34, 28, 36, 42, 43, 36, 43, 37, 37, 43, 44, 37, 44, 38, 38, 44, 45, 38, 45, 39, 39, 45, 46, 39, 46, 40, 40, 46, 47, 40, 47, 41, 42, 48, 49, 42, 49, 43, 43, 49, 50, 43, 50, 44, 44, 50, 51, 44, 51, 45, 45, 51, 52, 45, 52, 46, 46, 52, 53, 46, 53, 47, 48, 54, 55, 48, 55, 49, 49, 55, 56, 49, 56, 50, 50, 56, 57, 50, 57, 51, 51, 57, 58, 51, 58, 52, 52, 58, 59, 52, 59, 53, 54, 60, 61, 54, 61, 55, 55, 61, 62, 55, 62, 56, 56, 62, 63, 56, 63, 57, 57, 63, 64, 57, 64, 58, 58, 64, 65, 58, 65, 59, 60, 66, 67, 60, 67, 61, 61, 67, 68, 61, 68, 62, 62, 68, 69, 62, 69, 63, 63, 69, 70, 63, 70, 64, 64, 70, 71, 64, 71, 65, 73, 79, 78, 73, 78, 72, 74, 80, 79, 74, 79, 73, 75, 81, 80, 75, 80, 74, 76, 82, 81, 76, 81, 75, 77, 83, 82, 77, 82, 76, 79, 85, 84, 79, 84, 78, 80, 86, 85, 80, 85, 79, 81, 87, 86, 81, 86, 80, 82, 88, 87, 82, 87, 81, 83, 89, 88, 83, 88, 82, 85, 91, 90, 85, 90, 84, 86, 92, 91, 86, 91, 85, 87, 93, 92, 87, 92, 86, 88, 94, 93, 88, 93, 87, 89, 95, 94, 89, 94, 88, 91, 97, 96, 91, 96, 90, 92, 98, 97, 92, 97, 91, 93, 99, 98, 93, 98, 92, 94, 100, 99, 94, 99, 93, 95, 101, 100, 95, 100, 94, 97, 103, 102, 97, 102, 96, 98, 104, 103, 98, 103, 97, 99, 105, 104, 99, 104, 98, 100, 106, 105, 100, 105, 99, 101, 107, 106, 101, 106, 100, 108, 114, 115, 108, 115, 109, 109, 115, 116, 109, 116, 110, 110, 116, 117, 110, 117, 111, 111, 117, 118, 111, 118, 112, 112, 118, 119, 112, 119, 113, 114, 120, 121, 114, 121, 115, 115, 121, 122, 115, 122, 116, 116, 122, 123, 116, 123, 117, 117, 123, 124, 117, 124, 118, 118, 124, 125, 118, 125, 119, 120, 126, 127, 120, 127, 121, 121, 127, 128, 121, 128, 122, 122, 128, 129, 122, 129, 123, 123, 129, 130, 123, 130, 124, 124, 130, 131, 124, 131, 125, 126, 132, 133, 126, 133, 127, 127, 133, 134, 127, 134, 128, 128, 134, 135, 128, 135, 129, 129, 135, 136, 129, 136, 130, 130, 136, 137, 130, 137, 131, 132, 138, 139, 132, 139, 133, 133, 139, 140, 133, 140, 134, 134, 140, 141, 134, 141, 135, 135, 141, 142, 135, 142, 136, 136, 142, 143, 136, 143, 137, 145, 151, 150, 145, 150, 144, 146, 152, 151, 146, 151, 145, 147, 153, 152, 147, 152, 146, 148, 154, 153, 148, 153, 147, 149, 155, 154, 149, 154, 148, 151, 157, 156, 151, 156, 150, 152, 158, 157, 152, 157, 151, 153, 159, 158, 153, 158, 152, 154, 160, 159, 154, 159, 153, 155, 161, 160, 155, 160, 154, 157, 163, 162, 157, 162, 156, 158, 164, 163, 158, 163, 157, 159, 165, 164, 159, 164, 158, 160, 166, 165, 160, 165, 159, 161, 167, 166, 161, 166, 160, 163, 169, 168, 163, 168, 162, 164, 170, 169, 164, 169, 163, 165, 171, 170, 165, 170, 164, 166, 172, 171, 166, 171, 165, 167, 173, 172, 167, 172, 166, 169, 175, 174, 169, 174, 168, 170, 176, 175, 170, 175, 169, 171, 177, 176, 171, 176, 170, 172, 178, 177, 172, 177, 171, 173, 179, 178, 173, 178, 172, 180, 186, 187, 180, 187, 181, 181, 187, 188, 181, 188, 182, 182, 188, 189, 182, 189, 183, 183, 189, 190, 183, 190, 184, 184, 190, 191, 184, 191, 185, 186, 192, 193, 186, 193, 187, 187, 193, 194, 187, 194, 188, 188, 194, 195, 188, 195, 189, 189, 195, 196, 189, 196, 190, 190, 196, 197, 190, 197, 191, 192, 198, 199, 192, 199, 193, 193, 199, 200, 193, 200, 194, 194, 200, 201, 194, 201, 195, 195, 201, 202, 195, 202, 196, 196, 202, 203, 196, 203, 197, 198, 204, 205, 198, 205, 199, 199, 205, 206, 199, 206, 200, 200, 206, 207, 200, 207, 201, 201, 207, 208, 201, 208, 202, 202, 208, 209, 202, 209, 203, 204, 210, 211, 204, 211, 205, 205, 211, 212, 205, 212, 206, 206, 212, 213, 206, 213, 207, 207, 213, 214, 207, 214, 208, 208, 214, 215, 208, 215, 209]
            normal3f[] normals = [(-0.7745967, -0.4472136, -0.4472136), (-0.7668657, -0.5195657, -0.376787), (-0.8115308, -0.5842963, -0.003954934), (-0.8112419, -0.5847101, 0.0008246707), (-0.7900625, -0.5555967, 0.2590629), (-0.7071068, -0.5, 0.5), (-0.7668657, -0.376787, -0.5195657), (-0.8559572, -0.3656073, -0.3656073), (-0.8964429, -0.4431494, -0.002941409), (-0.9449388, -0.327241, 0.001976786), (-0.8844941, -0.3299016, 0.3299016), (-0.7900625, -0.2590629, 0.5555967), (-0.8118281, -0.008227935, -0.5838386), (-0.8973103, -0.00616946, -0.4413572), (-0.9999079, -0.01226943, -0.00580601), (-0.9999933, -0.003305419, 0.001591831), (-0.9445719, -0.00416251, 0.3282781), (-0.8112409, -0.00174595, 0.5847094), (-0.8112409, 0.00174595, -0.5847094), (-0.9445719, 0.00416251, -0.3282781), (-0.9999933, 0.003305419, -0.001591831), (-0.9999079, 0.01226943, 0.00580601), (-0.8973103, 0.00616946, 0.4413572), (-0.8118281, 0.008227935, 0.5838386), (-0.7900625, 0.2590629, -0.5555967), (-0.8844941, 0.3299016, -0.3299016), (-0.9449388, 0.327241, -0.001976786), (-0.8964429, 0.4431494, 0.002941409), (-0.8559572, 0.3656073, 0.3656073), (-0.7668657, 0.376787, 0.5195657), (-0.7071068, 0.5, -0.5), (-0.7900625, 0.5555967, -0.2590629), (-0.8112419, 0.5847101, -0.0008246707), (-0.8115308, 0.5842963, 0.003954934), (-0.7668657, 0.5195657, 0.376787), (-0.7745967, 0.4472136, 0.4472136), (0.7071068, -0.5, -0.5), (0.7900625, -0.5555967, -0.2590629), (0.8112419, -0.5847101, -0.0008246707), (0.8115308, -0.5842963, 0.003954934), (0.7668657, -0.5195657, 0.376787), (0.7745967, -0.4472136, 0.4472136), (0.7900625, -0.2590629, -0.5555967), (0.8844941, -0.3299016, -0.3299016), (0.9449388, -0.327241, -0.001976786), (0.8964429, -0.4431494, 0.002941409), (0.8559572, -0.3656073, 0.3656073), (0.7668657, -0.376787, 0.5195657), (0.8112409, -0.00174595, -0.5847094), (0.9445719, -0.00416251, -0.3282781), (0.9999933, -0.003305419, -0.001591831), (0.9999079, -0.01226943, 0.00580601), (0.8973103, -0.00616946, 0.4413572), (0.8118281, -0.008227935, 0.5838386), (0.8118281, 0.008227935, -0.5838386), (0.8973103, 0.00616946, -0.4413572), (0.9999079, 0.01226943, -0.00580601), (0.9999933, 0.003305419, 0.001591831), (0.9445719, 0.00416251, 0.3282781), (0.8112409, 0.00174595, 0.5847094), (0.7668657, 0.376787, -0.5195657), (0.8559572, 0.3656073, -0.3656073), (0.8964429, 0.4431494, -0.002941409), (0.9449388, 0.327241, 0.001976786), (0.8844941, 0.3299016, 0.3299016), (0.7900625, 0.2590629, 0.5555967), (0.7745967, 0.4472136, -0.4472136), (0.7668657, 0.5195657, -0.376787), (0.8115308, 0.5842963, -0.003954934), (0.8112419, 0.5847101, 0.0008246707), (0.7900625, 0.5555967, 0.2590629), (0.7071068, 0.5, 0.5), (-0.4472136, -0.7745967, -0.4472136), (-0.376787, -0.7668657, -0.5195657), (-0.03199722, -0.8132069, -0.5810944), (0.007531855, -0.8112192, -0.5846937), (0.2590629, -0.7900625, -0.5555967), (0.5, -0.7071068, -0.5), (-0.5195657, -0.7668657, -0.376787), (-0.3656073, -0.8559572, -0.3656073), (-0.02513831, -0.9021466, -0.4306967), (0.01736477, -0.9422354, -0.3345011), (0.3299016, -0.8844941, -0.3299016), (0.5555967, -0.7900625, -0.2590629), (-0.5842963, -0.8115308, -0.003954934), (-0.4431494, -0.8964429, -0.002941409), (-0.04640297, -0.9989095, -0.005149196), (0.0140834, -0.9998993, -0.001761799), (0.327241, -0.9449388, -0.001976786), (0.5847101, -0.8112419, -0.0008246707), (-0.5847101, -0.8112419, 0.0008246707), (-0.327241, -0.9449388, 0.001976786), (-0.0140834, -0.9998993, 0.001761799), (0.04640297, -0.9989095, 0.005149196), (0.4431494, -0.8964429, 0.002941409), (0.5842963, -0.8115308, 0.003954934), (-0.5555967, -0.7900625, 0.2590629), (-0.3299016, -0.8844941, 0.3299016), (-0.01736477, -0.9422354, 0.3345011), (0.02513831, -0.9021466, 0.4306967), (0.3656073, -0.8559572, 0.3656073), (0.5195657, -0.7668657, 0.376787), (-0.5, -0.7071068, 0.5), (-0.2590629, -0.7900625, 0.5555967), (-0.007531855, -0.8112192, 0.5846937), (0.03199722, -0.8132069, 0.5810944), (0.376787, -0.7668657, 0.5195657), (0.4472136, -0.7745967, 0.4472136), (-0.5, 0.7071068, -0.5), (-0.2590629, 0.7900625, -0.5555967), (-0.007531855, 0.8112192, -0.5846937), (0.03199722, 0.8132069, -0.5810944), (0.376787, 0.7668657, -0.5195657), (0.4472136, 0.7745967, -0.4472136), (-0.5555967, 0.7900625, -0.2590629), (-0.3299016, 0.8844941, -0.3299016), (-0.01736477, 0.9422354, -0.3345011), (0.02513831, 0.9021466, -0.4306967), (0.3656073, 0.8559572, -0.3656073), (0.5195657, 0.7668657, -0.376787), (-0.5847101, 0.8112419, -0.0008246707), (-0.327241, 0.9449388, -0.001976786), (-0.0140834, 0.9998993, -0.001761799), (0.04640297, 0.9989095, -0.005149196), (0.4431494, 0.8964429, -0.002941409), (0.5842963, 0.8115308, -0.003954934), (-0.5842963, 0.8115308, 0.003954934), (-0.4431494, 0.8964429, 0.002941409), (-0.04640297, 0.9989095, 0.005149196), (0.0140834, 0.9998993, 0.001761799), (0.327241, 0.9449388, 0.001976786), (0.5847101, 0.8112419, 0.0008246707), (-0.5195657, 0.7668657, 0.376787), (-0.3656073, 0.8559572, 0.3656073), (-0.02513831, 0.9021466, 0.4306967), (0.01736477, 0.9422354, 0.3345011), (0.3299016, 0.8844941, 0.3299016), (0.5555967, 0.7900625, 0.2590629), (-0.4472136, 0.7745967, 0.4472136), (-0.376787, 0.7668657, 0.5195657), (-0.03199722, 0.8132069, 0.5810944), (0.007531855, 0.8112192, 0.5846937), (0.2590629, 0.7900625, 0.5555967), (0.5, 0.7071068, 0.5), (-0.4472136, -0.4472136, -0.7745967), (-0.5195657, -0.376787, -0.7668657), (-0.5838386, -0.008227935, -0.8118281), (-0.5847094, 0.00174595, -0.8112409), (-0.5555967, 0.2590629, -0.7900625), (-0.5, 0.5, -0.7071068), (-0.376787, -0.5195657, -0.7668657), (-0.3656073, -0.3656073, -0.8559572), (-0.4413572, -0.00616946, -0.8973103), (-0.3282781, 0.00416251, -0.9445719), (-0.3299016, 0.3299016, -0.8844941), (-0.2590629, 0.5555967, -0.7900625), (-0.03199722, -0.5810944, -0.8132069), (-0.02513831, -0.4306967, -0.9021466), (-0.04561977, -0.01069778, -0.9989016), (-0.01431629, 0.003718851, -0.9998906), (-0.01736477, 0.3345011, -0.9422354), (-0.007531855, 0.5846937, -0.8112192), (0.007531855, -0.5846937, -0.8112192), (0.01736477, -0.3345011, -0.9422354), (0.01431629, -0.003718851, -0.9998906), (0.04561977, 0.01069778, -0.9989016), (0.02513831, 0.4306967, -0.9021466), (0.03199722, 0.5810944, -0.8132069), (0.2590629, -0.5555967, -0.7900625), (0.3299016, -0.3299016, -0.8844941), (0.3282781, -0.00416251, -0.9445719), (0.4413572, 0.00616946, -0.8973103), (0.3656073, 0.3656073, -0.8559572), (0.376787, 0.5195657, -0.7668657), (0.5, -0.5, -0.7071068), (0.5555967, -0.2590629, -0.7900625), (0.5847094, -0.00174595, -0.8112409), (0.5838386, 0.008227935, -0.8118281), (0.5195657, 0.376787, -0.7668657), (0.4472136, 0.4472136, -0.7745967), (-0.5, -0.5, 0.7071068), (-0.5555967, -0.2590629, 0.7900625), (-0.5847094, -0.00174595, 0.8112409), (-0.5838386, 0.008227935, 0.8118281), (-0.5195657, 0.376787, 0.7668657), (-0.4472136, 0.4472136, 0.7745967), (-0.2590629, -0.5555967, 0.7900625), (-0.3299016, -0.3299016, 0.8844941), (-0.3282781, -0.00416251, 0.9445719), (-0.4413572, 0.00616946, 0.8973103), (-0.3656073, 0.3656073, 0.8559572), (-0.376787, 0.5195657, 0.7668657), (-0.007531855, -0.5846937, 0.8112192), (-0.01736477, -0.3345011, 0.9422354), (-0.01431629, -0.003718851, 0.9998906), (-0.04561977, 0.01069778, 0.9989016), (-0.02513831, 0.4306967, 0.9021466), (-0.03199722, 0.5810944, 0.8132069), (0.03199722, -0.5810944, 0.8132069), (0.02513831, -0.4306967, 0.9021466), (0.04561977, -0.01069778, 0.9989016), (0.01431629, 0.003718851, 0.9998906), (0.01736477, 0.3345011, 0.9422354), (0.007531855, 0.5846937, 0.8112192), (0.376787, -0.5195657, 0.7668657), (0.3656073, -0.3656073, 0.8559572), (0.4413572, -0.00616946, 0.8973103), (0.3282781, 0.00416251, 0.9445719), (0.3299016, 0.3299016, 0.8844941), (0.2590629, 0.5555967, 0.7900625), (0.4472136, -0.4472136, 0.7745967), (0.5195657, -0.376787, 0.7668657), (0.5838386, -0.008227935, 0.8118281), (0.5847094, 0.00174595, 0.8112409), (0.5555967, 0.2590629, 0.7900625), (0.5, 0.5, 0.7071068)] (interpolation = "vertex")
            float3[] extent = [(-0.0057565, -0.0006564, 0.007886), (-0.0055355, 5.64e-05, 0.009314)]
            rel material:binding = </WorkbenchPart/Materials/solder>
        }
        def Mesh "SMDEndTermination_02" (prepend apiSchemas = ["MaterialBindingAPI"])
        {
            uniform token subdivisionScheme = "none"
            uniform token orientation = "rightHanded"
            bool doubleSided = false
            point3f[] points = [(-0.004647763, -0.0006396631, 0.007902737), (-0.0046513, -0.0006432, 0.0079124), (-0.004652901, -0.0006448014, 0.0079256), (-0.004652901, -0.0006448014, 0.0092744), (-0.0046513, -0.0006432, 0.0092876), (-0.004647763, -0.0006396631, 0.009297263), (-0.0046513, -0.00063, 0.0078992), (-0.004657233, -0.0006329666, 0.007909433), (-0.004660319, -0.0006345097, 0.0079256), (-0.004660319, -0.0006345097, 0.0092744), (-0.004657233, -0.0006329666, 0.009290567), (-0.0046513, -0.00063, 0.0093008), (-0.004652901, -0.0006168, 0.007897599), (-0.004660319, -0.0006168, 0.00790789), (-0.0046645, -0.0006168, 0.0079256), (-0.0046645, -0.0006168, 0.0092744), (-0.004660319, -0.0006168, 0.00929211), (-0.004652901, -0.0006168, 0.009302401), (-0.004652901, 1.68e-05, 0.007897599), (-0.004660319, 1.68e-05, 0.00790789), (-0.0046645, 1.68e-05, 0.0079256), (-0.0046645, 1.68e-05, 0.0092744), (-0.004660319, 1.68e-05, 0.00929211), (-0.004652901, 1.68e-05, 0.009302401), (-0.0046513, 3e-05, 0.0078992), (-0.004657233, 3.296663e-05, 0.007909433), (-0.004660319, 3.450966e-05, 0.0079256), (-0.004660319, 3.450966e-05, 0.0092744), (-0.004657233, 3.296663e-05, 0.009290567), (-0.0046513, 3e-05, 0.0093008), (-0.004647763, 3.966307e-05, 0.007902737), (-0.0046513, 4.32e-05, 0.0079124), (-0.004652901, 4.480143e-05, 0.0079256), (-0.004652901, 4.480143e-05, 0.0092744), (-0.0046513, 4.32e-05, 0.0092876), (-0.004647763, 3.966307e-05, 0.009297263), (-0.004460237, -0.0006396631, 0.007902737), (-0.0044567, -0.0006432, 0.0079124), (-0.004455099, -0.0006448014, 0.0079256), (-0.004455099, -0.0006448014, 0.0092744), (-0.0044567, -0.0006432, 0.0092876), (-0.004460237, -0.0006396631, 0.009297263), (-0.0044567, -0.00063, 0.0078992), (-0.004450767, -0.0006329666, 0.007909433), (-0.004447681, -0.0006345097, 0.0079256), (-0.004447681, -0.0006345097, 0.0092744), (-0.004450767, -0.0006329666, 0.009290567), (-0.0044567, -0.00063, 0.0093008), (-0.004455099, -0.0006168, 0.007897599), (-0.004447681, -0.0006168, 0.00790789), (-0.0044435, -0.0006168, 0.0079256), (-0.0044435, -0.0006168, 0.0092744), (-0.004447681, -0.0006168, 0.00929211), (-0.004455099, -0.0006168, 0.009302401), (-0.004455099, 1.68e-05, 0.007897599), (-0.004447681, 1.68e-05, 0.00790789), (-0.0044435, 1.68e-05, 0.0079256), (-0.0044435, 1.68e-05, 0.0092744), (-0.004447681, 1.68e-05, 0.00929211), (-0.004455099, 1.68e-05, 0.009302401), (-0.0044567, 3e-05, 0.0078992), (-0.004450767, 3.296663e-05, 0.007909433), (-0.004447681, 3.450966e-05, 0.0079256), (-0.004447681, 3.450966e-05, 0.0092744), (-0.004450767, 3.296663e-05, 0.009290567), (-0.0044567, 3e-05, 0.0093008), (-0.004460237, 3.966307e-05, 0.007902737), (-0.0044567, 4.32e-05, 0.0079124), (-0.004455099, 4.480143e-05, 0.0079256), (-0.004455099, 4.480143e-05, 0.0092744), (-0.0044567, 4.32e-05, 0.0092876), (-0.004460237, 3.966307e-05, 0.009297263), (-0.004647763, -0.0006396631, 0.007902737), (-0.0046381, -0.0006432, 0.0078992), (-0.0046249, -0.0006448014, 0.007897599), (-0.0044831, -0.0006448014, 0.007897599), (-0.0044699, -0.0006432, 0.0078992), (-0.004460237, -0.0006396631, 0.007902737), (-0.0046513, -0.0006432, 0.0079124), (-0.004641067, -0.0006491333, 0.007909433), (-0.0046249, -0.0006522193, 0.00790789), (-0.0044831, -0.0006522193, 0.00790789), (-0.004466933, -0.0006491333, 0.007909433), (-0.0044567, -0.0006432, 0.0079124), (-0.004652901, -0.0006448014, 0.0079256), (-0.00464261, -0.0006522193, 0.0079256), (-0.0046249, -0.0006564, 0.0079256), (-0.0044831, -0.0006564, 0.0079256), (-0.00446539, -0.0006522193, 0.0079256), (-0.004455099, -0.0006448014, 0.0079256), (-0.004652901, -0.0006448014, 0.0092744), (-0.00464261, -0.0006522193, 0.0092744), (-0.0046249, -0.0006564, 0.0092744), (-0.0044831, -0.0006564, 0.0092744), (-0.00446539, -0.0006522193, 0.0092744), (-0.004455099, -0.0006448014, 0.0092744), (-0.0046513, -0.0006432, 0.0092876), (-0.004641067, -0.0006491333, 0.009290567), (-0.0046249, -0.0006522193, 0.00929211), (-0.0044831, -0.0006522193, 0.00929211), (-0.004466933, -0.0006491333, 0.009290567), (-0.0044567, -0.0006432, 0.0092876), (-0.004647763, -0.0006396631, 0.009297263), (-0.0046381, -0.0006432, 0.0093008), (-0.0046249, -0.0006448014, 0.009302401), (-0.0044831, -0.0006448014, 0.009302401), (-0.0044699, -0.0006432, 0.0093008), (-0.004460237, -0.0006396631, 0.009297263), (-0.004647763, 3.966307e-05, 0.007902737), (-0.0046381, 4.32e-05, 0.0078992), (-0.0046249, 4.480143e-05, 0.007897599), (-0.0044831, 4.480143e-05, 0.007897599), (-0.0044699, 4.32e-05, 0.0078992), (-0.004460237, 3.966307e-05, 0.007902737), (-0.0046513, 4.32e-05, 0.0079124), (-0.004641067, 4.913326e-05, 0.007909433), (-0.0046249, 5.221932e-05, 0.00790789), (-0.0044831, 5.221932e-05, 0.00790789), (-0.004466933, 4.913326e-05, 0.007909433), (-0.0044567, 4.32e-05, 0.0079124), (-0.004652901, 4.480143e-05, 0.0079256), (-0.00464261, 5.221932e-05, 0.0079256), (-0.0046249, 5.64e-05, 0.0079256), (-0.0044831, 5.64e-05, 0.0079256), (-0.00446539, 5.221932e-05, 0.0079256), (-0.004455099, 4.480143e-05, 0.0079256), (-0.004652901, 4.480143e-05, 0.0092744), (-0.00464261, 5.221932e-05, 0.0092744), (-0.0046249, 5.64e-05, 0.0092744), (-0.0044831, 5.64e-05, 0.0092744), (-0.00446539, 5.221932e-05, 0.0092744), (-0.004455099, 4.480143e-05, 0.0092744), (-0.0046513, 4.32e-05, 0.0092876), (-0.004641067, 4.913326e-05, 0.009290567), (-0.0046249, 5.221932e-05, 0.00929211), (-0.0044831, 5.221932e-05, 0.00929211), (-0.004466933, 4.913326e-05, 0.009290567), (-0.0044567, 4.32e-05, 0.0092876), (-0.004647763, 3.966307e-05, 0.009297263), (-0.0046381, 4.32e-05, 0.0093008), (-0.0046249, 4.480143e-05, 0.009302401), (-0.0044831, 4.480143e-05, 0.009302401), (-0.0044699, 4.32e-05, 0.0093008), (-0.004460237, 3.966307e-05, 0.009297263), (-0.004647763, -0.0006396631, 0.007902737), (-0.0046513, -0.00063, 0.0078992), (-0.004652901, -0.0006168, 0.007897599), (-0.004652901, 1.68e-05, 0.007897599), (-0.0046513, 3e-05, 0.0078992), (-0.004647763, 3.966307e-05, 0.007902737), (-0.0046381, -0.0006432, 0.0078992), (-0.004641067, -0.0006329666, 0.007893267), (-0.00464261, -0.0006168, 0.007890181), (-0.00464261, 1.68e-05, 0.007890181), (-0.004641067, 3.296663e-05, 0.007893267), (-0.0046381, 4.32e-05, 0.0078992), (-0.0046249, -0.0006448014, 0.007897599), (-0.0046249, -0.0006345097, 0.007890181), (-0.0046249, -0.0006168, 0.007886), (-0.0046249, 1.68e-05, 0.007886), (-0.0046249, 3.450966e-05, 0.007890181), (-0.0046249, 4.480143e-05, 0.007897599), (-0.0044831, -0.0006448014, 0.007897599), (-0.0044831, -0.0006345097, 0.007890181), (-0.0044831, -0.0006168, 0.007886), (-0.0044831, 1.68e-05, 0.007886), (-0.0044831, 3.450966e-05, 0.007890181), (-0.0044831, 4.480143e-05, 0.007897599), (-0.0044699, -0.0006432, 0.0078992), (-0.004466933, -0.0006329666, 0.007893267), (-0.00446539, -0.0006168, 0.007890181), (-0.00446539, 1.68e-05, 0.007890181), (-0.004466933, 3.296663e-05, 0.007893267), (-0.0044699, 4.32e-05, 0.0078992), (-0.004460237, -0.0006396631, 0.007902737), (-0.0044567, -0.00063, 0.0078992), (-0.004455099, -0.0006168, 0.007897599), (-0.004455099, 1.68e-05, 0.007897599), (-0.0044567, 3e-05, 0.0078992), (-0.004460237, 3.966307e-05, 0.007902737), (-0.004647763, -0.0006396631, 0.009297263), (-0.0046513, -0.00063, 0.0093008), (-0.004652901, -0.0006168, 0.009302401), (-0.004652901, 1.68e-05, 0.009302401), (-0.0046513, 3e-05, 0.0093008), (-0.004647763, 3.966307e-05, 0.009297263), (-0.0046381, -0.0006432, 0.0093008), (-0.004641067, -0.0006329666, 0.009306733), (-0.00464261, -0.0006168, 0.009309819), (-0.00464261, 1.68e-05, 0.009309819), (-0.004641067, 3.296663e-05, 0.009306733), (-0.0046381, 4.32e-05, 0.0093008), (-0.0046249, -0.0006448014, 0.009302401), (-0.0046249, -0.0006345097, 0.009309819), (-0.0046249, -0.0006168, 0.009314), (-0.0046249, 1.68e-05, 0.009314), (-0.0046249, 3.450966e-05, 0.009309819), (-0.0046249, 4.480143e-05, 0.009302401), (-0.0044831, -0.0006448014, 0.009302401), (-0.0044831, -0.0006345097, 0.009309819), (-0.0044831, -0.0006168, 0.009314), (-0.0044831, 1.68e-05, 0.009314), (-0.0044831, 3.450966e-05, 0.009309819), (-0.0044831, 4.480143e-05, 0.009302401), (-0.0044699, -0.0006432, 0.0093008), (-0.004466933, -0.0006329666, 0.009306733), (-0.00446539, -0.0006168, 0.009309819), (-0.00446539, 1.68e-05, 0.009309819), (-0.004466933, 3.296663e-05, 0.009306733), (-0.0044699, 4.32e-05, 0.0093008), (-0.004460237, -0.0006396631, 0.009297263), (-0.0044567, -0.00063, 0.0093008), (-0.004455099, -0.0006168, 0.009302401), (-0.004455099, 1.68e-05, 0.009302401), (-0.0044567, 3e-05, 0.0093008), (-0.004460237, 3.966307e-05, 0.009297263)]
            int[] faceVertexCounts = [3, 3, 3, 3, 3, 3, 3, 3, 3, 3, 3, 3, 3, 3, 3, 3, 3, 3, 3, 3, 3, 3, 3, 3, 3, 3, 3, 3, 3, 3, 3, 3, 3, 3, 3, 3, 3, 3, 3, 3, 3, 3, 3, 3, 3, 3, 3, 3, 3, 3, 3, 3, 3, 3, 3, 3, 3, 3, 3, 3, 3, 3, 3, 3, 3, 3, 3, 3, 3, 3, 3, 3, 3, 3, 3, 3, 3, 3, 3, 3, 3, 3, 3, 3, 3, 3, 3, 3, 3, 3, 3, 3, 3, 3, 3, 3, 3, 3, 3, 3, 3, 3, 3, 3, 3, 3, 3, 3, 3, 3, 3, 3, 3, 3, 3, 3, 3, 3, 3, 3, 3, 3, 3, 3, 3, 3, 3, 3, 3, 3, 3, 3, 3, 3, 3, 3, 3, 3, 3, 3, 3, 3, 3, 3, 3, 3, 3, 3, 3, 3, 3, 3, 3, 3, 3, 3, 3, 3, 3, 3, 3, 3, 3, 3, 3, 3, 3, 3, 3, 3, 3, 3, 3, 3, 3, 3, 3, 3, 3, 3, 3, 3, 3, 3, 3, 3, 3, 3, 3, 3, 3, 3, 3, 3, 3, 3, 3, 3, 3, 3, 3, 3, 3, 3, 3, 3, 3, 3, 3, 3, 3, 3, 3, 3, 3, 3, 3, 3, 3, 3, 3, 3, 3, 3, 3, 3, 3, 3, 3, 3, 3, 3, 3, 3, 3, 3, 3, 3, 3, 3, 3, 3, 3, 3, 3, 3, 3, 3, 3, 3, 3, 3, 3, 3, 3, 3, 3, 3, 3, 3, 3, 3, 3, 3, 3, 3, 3, 3, 3, 3, 3, 3, 3, 3, 3, 3, 3, 3, 3, 3, 3, 3, 3, 3, 3, 3, 3, 3, 3, 3, 3, 3, 3, 3, 3, 3, 3, 3, 3, 3]
            int[] faceVertexIndices = [1, 7, 6, 1, 6, 0, 2, 8, 7, 2, 7, 1, 3, 9, 8, 3, 8, 2, 4, 10, 9, 4, 9, 3, 5, 11, 10, 5, 10, 4, 7, 13, 12, 7, 12, 6, 8, 14, 13, 8, 13, 7, 9, 15, 14, 9, 14, 8, 10, 16, 15, 10, 15, 9, 11, 17, 16, 11, 16, 10, 13, 19, 18, 13, 18, 12, 14, 20, 19, 14, 19, 13, 15, 21, 20, 15, 20, 14, 16, 22, 21, 16, 21, 15, 17, 23, 22, 17, 22, 16, 19, 25, 24, 19, 24, 18, 20, 26, 25, 20, 25, 19, 21, 27, 26, 21, 26, 20, 22, 28, 27, 22, 27, 21, 23, 29, 28, 23, 28, 22, 25, 31, 30, 25, 30, 24, 26, 32, 31, 26, 31, 25, 27, 33, 32, 27, 32, 26, 28, 34, 33, 28, 33, 27, 29, 35, 34, 29, 34, 28, 36, 42, 43, 36, 43, 37, 37, 43, 44, 37, 44, 38, 38, 44, 45, 38, 45, 39, 39, 45, 46, 39, 46, 40, 40, 46, 47, 40, 47, 41, 42, 48, 49, 42, 49, 43, 43, 49, 50, 43, 50, 44, 44, 50, 51, 44, 51, 45, 45, 51, 52, 45, 52, 46, 46, 52, 53, 46, 53, 47, 48, 54, 55, 48, 55, 49, 49, 55, 56, 49, 56, 50, 50, 56, 57, 50, 57, 51, 51, 57, 58, 51, 58, 52, 52, 58, 59, 52, 59, 53, 54, 60, 61, 54, 61, 55, 55, 61, 62, 55, 62, 56, 56, 62, 63, 56, 63, 57, 57, 63, 64, 57, 64, 58, 58, 64, 65, 58, 65, 59, 60, 66, 67, 60, 67, 61, 61, 67, 68, 61, 68, 62, 62, 68, 69, 62, 69, 63, 63, 69, 70, 63, 70, 64, 64, 70, 71, 64, 71, 65, 73, 79, 78, 73, 78, 72, 74, 80, 79, 74, 79, 73, 75, 81, 80, 75, 80, 74, 76, 82, 81, 76, 81, 75, 77, 83, 82, 77, 82, 76, 79, 85, 84, 79, 84, 78, 80, 86, 85, 80, 85, 79, 81, 87, 86, 81, 86, 80, 82, 88, 87, 82, 87, 81, 83, 89, 88, 83, 88, 82, 85, 91, 90, 85, 90, 84, 86, 92, 91, 86, 91, 85, 87, 93, 92, 87, 92, 86, 88, 94, 93, 88, 93, 87, 89, 95, 94, 89, 94, 88, 91, 97, 96, 91, 96, 90, 92, 98, 97, 92, 97, 91, 93, 99, 98, 93, 98, 92, 94, 100, 99, 94, 99, 93, 95, 101, 100, 95, 100, 94, 97, 103, 102, 97, 102, 96, 98, 104, 103, 98, 103, 97, 99, 105, 104, 99, 104, 98, 100, 106, 105, 100, 105, 99, 101, 107, 106, 101, 106, 100, 108, 114, 115, 108, 115, 109, 109, 115, 116, 109, 116, 110, 110, 116, 117, 110, 117, 111, 111, 117, 118, 111, 118, 112, 112, 118, 119, 112, 119, 113, 114, 120, 121, 114, 121, 115, 115, 121, 122, 115, 122, 116, 116, 122, 123, 116, 123, 117, 117, 123, 124, 117, 124, 118, 118, 124, 125, 118, 125, 119, 120, 126, 127, 120, 127, 121, 121, 127, 128, 121, 128, 122, 122, 128, 129, 122, 129, 123, 123, 129, 130, 123, 130, 124, 124, 130, 131, 124, 131, 125, 126, 132, 133, 126, 133, 127, 127, 133, 134, 127, 134, 128, 128, 134, 135, 128, 135, 129, 129, 135, 136, 129, 136, 130, 130, 136, 137, 130, 137, 131, 132, 138, 139, 132, 139, 133, 133, 139, 140, 133, 140, 134, 134, 140, 141, 134, 141, 135, 135, 141, 142, 135, 142, 136, 136, 142, 143, 136, 143, 137, 145, 151, 150, 145, 150, 144, 146, 152, 151, 146, 151, 145, 147, 153, 152, 147, 152, 146, 148, 154, 153, 148, 153, 147, 149, 155, 154, 149, 154, 148, 151, 157, 156, 151, 156, 150, 152, 158, 157, 152, 157, 151, 153, 159, 158, 153, 158, 152, 154, 160, 159, 154, 159, 153, 155, 161, 160, 155, 160, 154, 157, 163, 162, 157, 162, 156, 158, 164, 163, 158, 163, 157, 159, 165, 164, 159, 164, 158, 160, 166, 165, 160, 165, 159, 161, 167, 166, 161, 166, 160, 163, 169, 168, 163, 168, 162, 164, 170, 169, 164, 169, 163, 165, 171, 170, 165, 170, 164, 166, 172, 171, 166, 171, 165, 167, 173, 172, 167, 172, 166, 169, 175, 174, 169, 174, 168, 170, 176, 175, 170, 175, 169, 171, 177, 176, 171, 176, 170, 172, 178, 177, 172, 177, 171, 173, 179, 178, 173, 178, 172, 180, 186, 187, 180, 187, 181, 181, 187, 188, 181, 188, 182, 182, 188, 189, 182, 189, 183, 183, 189, 190, 183, 190, 184, 184, 190, 191, 184, 191, 185, 186, 192, 193, 186, 193, 187, 187, 193, 194, 187, 194, 188, 188, 194, 195, 188, 195, 189, 189, 195, 196, 189, 196, 190, 190, 196, 197, 190, 197, 191, 192, 198, 199, 192, 199, 193, 193, 199, 200, 193, 200, 194, 194, 200, 201, 194, 201, 195, 195, 201, 202, 195, 202, 196, 196, 202, 203, 196, 203, 197, 198, 204, 205, 198, 205, 199, 199, 205, 206, 199, 206, 200, 200, 206, 207, 200, 207, 201, 201, 207, 208, 201, 208, 202, 202, 208, 209, 202, 209, 203, 204, 210, 211, 204, 211, 205, 205, 211, 212, 205, 212, 206, 206, 212, 213, 206, 213, 207, 207, 213, 214, 207, 214, 208, 208, 214, 215, 208, 215, 209]
            normal3f[] normals = [(-0.7745967, -0.4472136, -0.4472136), (-0.7668657, -0.5195657, -0.376787), (-0.8115308, -0.5842963, -0.003954934), (-0.8112419, -0.5847101, 0.0008246707), (-0.7900625, -0.5555967, 0.2590629), (-0.7071068, -0.5, 0.5), (-0.7668657, -0.376787, -0.5195657), (-0.8559572, -0.3656073, -0.3656073), (-0.8964429, -0.4431494, -0.002941409), (-0.9449388, -0.327241, 0.001976786), (-0.8844941, -0.3299016, 0.3299016), (-0.7900625, -0.2590629, 0.5555967), (-0.8118281, -0.008227935, -0.5838386), (-0.8973103, -0.00616946, -0.4413572), (-0.9999079, -0.01226943, -0.00580601), (-0.9999933, -0.003305419, 0.001591831), (-0.9445719, -0.00416251, 0.3282781), (-0.8112409, -0.00174595, 0.5847094), (-0.8112409, 0.00174595, -0.5847094), (-0.9445719, 0.00416251, -0.3282781), (-0.9999933, 0.003305419, -0.001591831), (-0.9999079, 0.01226943, 0.00580601), (-0.8973103, 0.00616946, 0.4413572), (-0.8118281, 0.008227935, 0.5838386), (-0.7900625, 0.2590629, -0.5555967), (-0.8844941, 0.3299016, -0.3299016), (-0.9449388, 0.327241, -0.001976786), (-0.8964429, 0.4431494, 0.002941409), (-0.8559572, 0.3656073, 0.3656073), (-0.7668657, 0.376787, 0.5195657), (-0.7071068, 0.5, -0.5), (-0.7900625, 0.5555967, -0.2590629), (-0.8112419, 0.5847101, -0.0008246707), (-0.8115308, 0.5842963, 0.003954934), (-0.7668657, 0.5195657, 0.376787), (-0.7745967, 0.4472136, 0.4472136), (0.7071068, -0.5, -0.5), (0.7900625, -0.5555967, -0.2590629), (0.8112419, -0.5847101, -0.0008246707), (0.8115308, -0.5842963, 0.003954934), (0.7668657, -0.5195657, 0.376787), (0.7745967, -0.4472136, 0.4472136), (0.7900625, -0.2590629, -0.5555967), (0.8844941, -0.3299016, -0.3299016), (0.9449388, -0.327241, -0.001976786), (0.8964429, -0.4431494, 0.002941409), (0.8559572, -0.3656073, 0.3656073), (0.7668657, -0.376787, 0.5195657), (0.8112409, -0.00174595, -0.5847094), (0.9445719, -0.00416251, -0.3282781), (0.9999933, -0.003305419, -0.001591831), (0.9999079, -0.01226943, 0.00580601), (0.8973103, -0.00616946, 0.4413572), (0.8118281, -0.008227935, 0.5838386), (0.8118281, 0.008227935, -0.5838386), (0.8973103, 0.00616946, -0.4413572), (0.9999079, 0.01226943, -0.00580601), (0.9999933, 0.003305419, 0.001591831), (0.9445719, 0.00416251, 0.3282781), (0.8112409, 0.00174595, 0.5847094), (0.7668657, 0.376787, -0.5195657), (0.8559572, 0.3656073, -0.3656073), (0.8964429, 0.4431494, -0.002941409), (0.9449388, 0.327241, 0.001976786), (0.8844941, 0.3299016, 0.3299016), (0.7900625, 0.2590629, 0.5555967), (0.7745967, 0.4472136, -0.4472136), (0.7668657, 0.5195657, -0.376787), (0.8115308, 0.5842963, -0.003954934), (0.8112419, 0.5847101, 0.0008246707), (0.7900625, 0.5555967, 0.2590629), (0.7071068, 0.5, 0.5), (-0.4472136, -0.7745967, -0.4472136), (-0.376787, -0.7668657, -0.5195657), (-0.03199722, -0.8132069, -0.5810944), (0.007531855, -0.8112192, -0.5846937), (0.2590629, -0.7900625, -0.5555967), (0.5, -0.7071068, -0.5), (-0.5195657, -0.7668657, -0.376787), (-0.3656073, -0.8559572, -0.3656073), (-0.02513831, -0.9021466, -0.4306967), (0.01736477, -0.9422354, -0.3345011), (0.3299016, -0.8844941, -0.3299016), (0.5555967, -0.7900625, -0.2590629), (-0.5842963, -0.8115308, -0.003954934), (-0.4431494, -0.8964429, -0.002941409), (-0.04640297, -0.9989095, -0.005149196), (0.0140834, -0.9998993, -0.001761799), (0.327241, -0.9449388, -0.001976786), (0.5847101, -0.8112419, -0.0008246707), (-0.5847101, -0.8112419, 0.0008246707), (-0.327241, -0.9449388, 0.001976786), (-0.0140834, -0.9998993, 0.001761799), (0.04640297, -0.9989095, 0.005149196), (0.4431494, -0.8964429, 0.002941409), (0.5842963, -0.8115308, 0.003954934), (-0.5555967, -0.7900625, 0.2590629), (-0.3299016, -0.8844941, 0.3299016), (-0.01736477, -0.9422354, 0.3345011), (0.02513831, -0.9021466, 0.4306967), (0.3656073, -0.8559572, 0.3656073), (0.5195657, -0.7668657, 0.376787), (-0.5, -0.7071068, 0.5), (-0.2590629, -0.7900625, 0.5555967), (-0.007531855, -0.8112192, 0.5846937), (0.03199722, -0.8132069, 0.5810944), (0.376787, -0.7668657, 0.5195657), (0.4472136, -0.7745967, 0.4472136), (-0.5, 0.7071068, -0.5), (-0.2590629, 0.7900625, -0.5555967), (-0.007531855, 0.8112192, -0.5846937), (0.03199722, 0.8132069, -0.5810944), (0.376787, 0.7668657, -0.5195657), (0.4472136, 0.7745967, -0.4472136), (-0.5555967, 0.7900625, -0.2590629), (-0.3299016, 0.8844941, -0.3299016), (-0.01736477, 0.9422354, -0.3345011), (0.02513831, 0.9021466, -0.4306967), (0.3656073, 0.8559572, -0.3656073), (0.5195657, 0.7668657, -0.376787), (-0.5847101, 0.8112419, -0.0008246707), (-0.327241, 0.9449388, -0.001976786), (-0.0140834, 0.9998993, -0.001761799), (0.04640297, 0.9989095, -0.005149196), (0.4431494, 0.8964429, -0.002941409), (0.5842963, 0.8115308, -0.003954934), (-0.5842963, 0.8115308, 0.003954934), (-0.4431494, 0.8964429, 0.002941409), (-0.04640297, 0.9989095, 0.005149196), (0.0140834, 0.9998993, 0.001761799), (0.327241, 0.9449388, 0.001976786), (0.5847101, 0.8112419, 0.0008246707), (-0.5195657, 0.7668657, 0.376787), (-0.3656073, 0.8559572, 0.3656073), (-0.02513831, 0.9021466, 0.4306967), (0.01736477, 0.9422354, 0.3345011), (0.3299016, 0.8844941, 0.3299016), (0.5555967, 0.7900625, 0.2590629), (-0.4472136, 0.7745967, 0.4472136), (-0.376787, 0.7668657, 0.5195657), (-0.03199722, 0.8132069, 0.5810944), (0.007531855, 0.8112192, 0.5846937), (0.2590629, 0.7900625, 0.5555967), (0.5, 0.7071068, 0.5), (-0.4472136, -0.4472136, -0.7745967), (-0.5195657, -0.376787, -0.7668657), (-0.5838386, -0.008227935, -0.8118281), (-0.5847094, 0.00174595, -0.8112409), (-0.5555967, 0.2590629, -0.7900625), (-0.5, 0.5, -0.7071068), (-0.376787, -0.5195657, -0.7668657), (-0.3656073, -0.3656073, -0.8559572), (-0.4413572, -0.00616946, -0.8973103), (-0.3282781, 0.00416251, -0.9445719), (-0.3299016, 0.3299016, -0.8844941), (-0.2590629, 0.5555967, -0.7900625), (-0.03199722, -0.5810944, -0.8132069), (-0.02513831, -0.4306967, -0.9021466), (-0.04561977, -0.01069778, -0.9989016), (-0.01431629, 0.003718851, -0.9998906), (-0.01736477, 0.3345011, -0.9422354), (-0.007531855, 0.5846937, -0.8112192), (0.007531855, -0.5846937, -0.8112192), (0.01736477, -0.3345011, -0.9422354), (0.01431629, -0.003718851, -0.9998906), (0.04561977, 0.01069778, -0.9989016), (0.02513831, 0.4306967, -0.9021466), (0.03199722, 0.5810944, -0.8132069), (0.2590629, -0.5555967, -0.7900625), (0.3299016, -0.3299016, -0.8844941), (0.3282781, -0.00416251, -0.9445719), (0.4413572, 0.00616946, -0.8973103), (0.3656073, 0.3656073, -0.8559572), (0.376787, 0.5195657, -0.7668657), (0.5, -0.5, -0.7071068), (0.5555967, -0.2590629, -0.7900625), (0.5847094, -0.00174595, -0.8112409), (0.5838386, 0.008227935, -0.8118281), (0.5195657, 0.376787, -0.7668657), (0.4472136, 0.4472136, -0.7745967), (-0.5, -0.5, 0.7071068), (-0.5555967, -0.2590629, 0.7900625), (-0.5847094, -0.00174595, 0.8112409), (-0.5838386, 0.008227935, 0.8118281), (-0.5195657, 0.376787, 0.7668657), (-0.4472136, 0.4472136, 0.7745967), (-0.2590629, -0.5555967, 0.7900625), (-0.3299016, -0.3299016, 0.8844941), (-0.3282781, -0.00416251, 0.9445719), (-0.4413572, 0.00616946, 0.8973103), (-0.3656073, 0.3656073, 0.8559572), (-0.376787, 0.5195657, 0.7668657), (-0.007531855, -0.5846937, 0.8112192), (-0.01736477, -0.3345011, 0.9422354), (-0.01431629, -0.003718851, 0.9998906), (-0.04561977, 0.01069778, 0.9989016), (-0.02513831, 0.4306967, 0.9021466), (-0.03199722, 0.5810944, 0.8132069), (0.03199722, -0.5810944, 0.8132069), (0.02513831, -0.4306967, 0.9021466), (0.04561977, -0.01069778, 0.9989016), (0.01431629, 0.003718851, 0.9998906), (0.01736477, 0.3345011, 0.9422354), (0.007531855, 0.5846937, 0.8112192), (0.376787, -0.5195657, 0.7668657), (0.3656073, -0.3656073, 0.8559572), (0.4413572, -0.00616946, 0.8973103), (0.3282781, 0.00416251, 0.9445719), (0.3299016, 0.3299016, 0.8844941), (0.2590629, 0.5555967, 0.7900625), (0.4472136, -0.4472136, 0.7745967), (0.5195657, -0.376787, 0.7668657), (0.5838386, -0.008227935, 0.8118281), (0.5847094, 0.00174595, 0.8112409), (0.5555967, 0.2590629, 0.7900625), (0.5, 0.5, 0.7071068)] (interpolation = "vertex")
            float3[] extent = [(-0.0046645, -0.0006564, 0.007886), (-0.0044435, 5.64e-05, 0.009314)]
            rel material:binding = </WorkbenchPart/Materials/solder>
        }
        def Mesh "SMDComponent_02" (prepend apiSchemas = ["MaterialBindingAPI"])
        {
            uniform token subdivisionScheme = "none"
            uniform token orientation = "rightHanded"
            bool doubleSided = false
            point3f[] points = [(-0.002324895, -0.0006048946, 0.007925105), (-0.0023302, -0.0006102, 0.0079396), (-0.002332602, -0.0006126021, 0.0079594), (-0.002332602, -0.0006126021, 0.0092406), (-0.0023302, -0.0006102, 0.0092604), (-0.002324895, -0.0006048946, 0.009274895), (-0.0023302, -0.0005904, 0.0079198), (-0.0023391, -0.0005948499, 0.00793515), (-0.002343729, -0.0005971645, 0.0079594), (-0.002343729, -0.0005971645, 0.0092406), (-0.0023391, -0.0005948499, 0.00926485), (-0.0023302, -0.0005904, 0.0092802), (-0.002332602, -0.0005706, 0.007917398), (-0.002343729, -0.0005706, 0.007932836), (-0.00235, -0.0005706, 0.0079594), (-0.00235, -0.0005706, 0.0092406), (-0.002343729, -0.0005706, 0.009267164), (-0.002332602, -0.0005706, 0.009282602), (-0.002332602, -2.94e-05, 0.007917398), (-0.002343729, -2.94e-05, 0.007932836), (-0.00235, -2.94e-05, 0.0079594), (-0.00235, -2.94e-05, 0.0092406), (-0.002343729, -2.94e-05, 0.009267164), (-0.002332602, -2.94e-05, 0.009282602), (-0.0023302, -9.6e-06, 0.0079198), (-0.0023391, -5.150052e-06, 0.00793515), (-0.002343729, -2.835512e-06, 0.0079594), (-0.002343729, -2.835512e-06, 0.0092406), (-0.0023391, -5.150052e-06, 0.00926485), (-0.0023302, -9.6e-06, 0.0092802), (-0.002324895, 4.894606e-06, 0.007925105), (-0.0023302, 1.02e-05, 0.0079396), (-0.002332602, 1.260214e-05, 0.0079594), (-0.002332602, 1.260214e-05, 0.0092406), (-0.0023302, 1.02e-05, 0.0092604), (-0.002324895, 4.894606e-06, 0.009274895), (-0.001075105, -0.0006048946, 0.007925105), (-0.0010698, -0.0006102, 0.0079396), (-0.001067398, -0.0006126021, 0.0079594), (-0.001067398, -0.0006126021, 0.0092406), (-0.0010698, -0.0006102, 0.0092604), (-0.001075105, -0.0006048946, 0.009274895), (-0.0010698, -0.0005904, 0.0079198), (-0.0010609, -0.0005948499, 0.00793515), (-0.001056271, -0.0005971645, 0.0079594), (-0.001056271, -0.0005971645, 0.0092406), (-0.0010609, -0.0005948499, 0.00926485), (-0.0010698, -0.0005904, 0.0092802), (-0.001067398, -0.0005706, 0.007917398), (-0.001056271, -0.0005706, 0.007932836), (-0.00105, -0.0005706, 0.0079594), (-0.00105, -0.0005706, 0.0092406), (-0.001056271, -0.0005706, 0.009267164), (-0.001067398, -0.0005706, 0.009282602), (-0.001067398, -2.94e-05, 0.007917398), (-0.001056271, -2.94e-05, 0.007932836), (-0.00105, -2.94e-05, 0.0079594), (-0.00105, -2.94e-05, 0.0092406), (-0.001056271, -2.94e-05, 0.009267164), (-0.001067398, -2.94e-05, 0.009282602), (-0.0010698, -9.6e-06, 0.0079198), (-0.0010609, -5.150052e-06, 0.00793515), (-0.001056271, -2.835512e-06, 0.0079594), (-0.001056271, -2.835512e-06, 0.0092406), (-0.0010609, -5.150052e-06, 0.00926485), (-0.0010698, -9.6e-06, 0.0092802), (-0.001075105, 4.894606e-06, 0.007925105), (-0.0010698, 1.02e-05, 0.0079396), (-0.001067398, 1.260214e-05, 0.0079594), (-0.001067398, 1.260214e-05, 0.0092406), (-0.0010698, 1.02e-05, 0.0092604), (-0.001075105, 4.894606e-06, 0.009274895), (-0.002324895, -0.0006048946, 0.007925105), (-0.0023104, -0.0006102, 0.0079198), (-0.0022906, -0.0006126021, 0.007917398), (-0.0011094, -0.0006126021, 0.007917398), (-0.0010896, -0.0006102, 0.0079198), (-0.001075105, -0.0006048946, 0.007925105), (-0.0023302, -0.0006102, 0.0079396), (-0.00231485, -0.0006190999, 0.00793515), (-0.0022906, -0.000623729, 0.007932836), (-0.0011094, -0.000623729, 0.007932836), (-0.00108515, -0.0006190999, 0.00793515), (-0.0010698, -0.0006102, 0.0079396), (-0.002332602, -0.0006126021, 0.0079594), (-0.002317164, -0.000623729, 0.0079594), (-0.0022906, -0.00063, 0.0079594), (-0.0011094, -0.00063, 0.0079594), (-0.001082836, -0.000623729, 0.0079594), (-0.001067398, -0.0006126021, 0.0079594), (-0.002332602, -0.0006126021, 0.0092406), (-0.002317164, -0.000623729, 0.0092406), (-0.0022906, -0.00063, 0.0092406), (-0.0011094, -0.00063, 0.0092406), (-0.001082836, -0.000623729, 0.0092406), (-0.001067398, -0.0006126021, 0.0092406), (-0.0023302, -0.0006102, 0.0092604), (-0.00231485, -0.0006190999, 0.00926485), (-0.0022906, -0.000623729, 0.009267164), (-0.0011094, -0.000623729, 0.009267164), (-0.00108515, -0.0006190999, 0.00926485), (-0.0010698, -0.0006102, 0.0092604), (-0.002324895, -0.0006048946, 0.009274895), (-0.0023104, -0.0006102, 0.0092802), (-0.0022906, -0.0006126021, 0.009282602), (-0.0011094, -0.0006126021, 0.009282602), (-0.0010896, -0.0006102, 0.0092802), (-0.001075105, -0.0006048946, 0.009274895), (-0.002324895, 4.894606e-06, 0.007925105), (-0.0023104, 1.02e-05, 0.0079198), (-0.0022906, 1.260214e-05, 0.007917398), (-0.0011094, 1.260214e-05, 0.007917398), (-0.0010896, 1.02e-05, 0.0079198), (-0.001075105, 4.894606e-06, 0.007925105), (-0.0023302, 1.02e-05, 0.0079396), (-0.00231485, 1.90999e-05, 0.00793515), (-0.0022906, 2.372898e-05, 0.007932836), (-0.0011094, 2.372898e-05, 0.007932836), (-0.00108515, 1.90999e-05, 0.00793515), (-0.0010698, 1.02e-05, 0.0079396), (-0.002332602, 1.260214e-05, 0.0079594), (-0.002317164, 2.372898e-05, 0.0079594), (-0.0022906, 3e-05, 0.0079594), (-0.0011094, 3e-05, 0.0079594), (-0.001082836, 2.372898e-05, 0.0079594), (-0.001067398, 1.260214e-05, 0.0079594), (-0.002332602, 1.260214e-05, 0.0092406), (-0.002317164, 2.372898e-05, 0.0092406), (-0.0022906, 3e-05, 0.0092406), (-0.0011094, 3e-05, 0.0092406), (-0.001082836, 2.372898e-05, 0.0092406), (-0.001067398, 1.260214e-05, 0.0092406), (-0.0023302, 1.02e-05, 0.0092604), (-0.00231485, 1.90999e-05, 0.00926485), (-0.0022906, 2.372898e-05, 0.009267164), (-0.0011094, 2.372898e-05, 0.009267164), (-0.00108515, 1.90999e-05, 0.00926485), (-0.0010698, 1.02e-05, 0.0092604), (-0.002324895, 4.894606e-06, 0.009274895), (-0.0023104, 1.02e-05, 0.0092802), (-0.0022906, 1.260214e-05, 0.009282602), (-0.0011094, 1.260214e-05, 0.009282602), (-0.0010896, 1.02e-05, 0.0092802), (-0.001075105, 4.894606e-06, 0.009274895), (-0.002324895, -0.0006048946, 0.007925105), (-0.0023302, -0.0005904, 0.0079198), (-0.002332602, -0.0005706, 0.007917398), (-0.002332602, -2.94e-05, 0.007917398), (-0.0023302, -9.6e-06, 0.0079198), (-0.002324895, 4.894606e-06, 0.007925105), (-0.0023104, -0.0006102, 0.0079198), (-0.00231485, -0.0005948499, 0.0079109), (-0.002317164, -0.0005706, 0.007906271), (-0.002317164, -2.94e-05, 0.007906271), (-0.00231485, -5.150052e-06, 0.0079109), (-0.0023104, 1.02e-05, 0.0079198), (-0.0022906, -0.0006126021, 0.007917398), (-0.0022906, -0.0005971645, 0.007906271), (-0.0022906, -0.0005706, 0.0079), (-0.0022906, -2.94e-05, 0.0079), (-0.0022906, -2.835512e-06, 0.007906271), (-0.0022906, 1.260214e-05, 0.007917398), (-0.0011094, -0.0006126021, 0.007917398), (-0.0011094, -0.0005971645, 0.007906271), (-0.0011094, -0.0005706, 0.0079), (-0.0011094, -2.94e-05, 0.0079), (-0.0011094, -2.835512e-06, 0.007906271), (-0.0011094, 1.260214e-05, 0.007917398), (-0.0010896, -0.0006102, 0.0079198), (-0.00108515, -0.0005948499, 0.0079109), (-0.001082836, -0.0005706, 0.007906271), (-0.001082836, -2.94e-05, 0.007906271), (-0.00108515, -5.150052e-06, 0.0079109), (-0.0010896, 1.02e-05, 0.0079198), (-0.001075105, -0.0006048946, 0.007925105), (-0.0010698, -0.0005904, 0.0079198), (-0.001067398, -0.0005706, 0.007917398), (-0.001067398, -2.94e-05, 0.007917398), (-0.0010698, -9.6e-06, 0.0079198), (-0.001075105, 4.894606e-06, 0.007925105), (-0.002324895, -0.0006048946, 0.009274895), (-0.0023302, -0.0005904, 0.0092802), (-0.002332602, -0.0005706, 0.009282602), (-0.002332602, -2.94e-05, 0.009282602), (-0.0023302, -9.6e-06, 0.0092802), (-0.002324895, 4.894606e-06, 0.009274895), (-0.0023104, -0.0006102, 0.0092802), (-0.00231485, -0.0005948499, 0.0092891), (-0.002317164, -0.0005706, 0.009293729), (-0.002317164, -2.94e-05, 0.009293729), (-0.00231485, -5.150052e-06, 0.0092891), (-0.0023104, 1.02e-05, 0.0092802), (-0.0022906, -0.0006126021, 0.009282602), (-0.0022906, -0.0005971645, 0.009293729), (-0.0022906, -0.0005706, 0.0093), (-0.0022906, -2.94e-05, 0.0093), (-0.0022906, -2.835512e-06, 0.009293729), (-0.0022906, 1.260214e-05, 0.009282602), (-0.0011094, -0.0006126021, 0.009282602), (-0.0011094, -0.0005971645, 0.009293729), (-0.0011094, -0.0005706, 0.0093), (-0.0011094, -2.94e-05, 0.0093), (-0.0011094, -2.835512e-06, 0.009293729), (-0.0011094, 1.260214e-05, 0.009282602), (-0.0010896, -0.0006102, 0.0092802), (-0.00108515, -0.0005948499, 0.0092891), (-0.001082836, -0.0005706, 0.009293729), (-0.001082836, -2.94e-05, 0.009293729), (-0.00108515, -5.150052e-06, 0.0092891), (-0.0010896, 1.02e-05, 0.0092802), (-0.001075105, -0.0006048946, 0.009274895), (-0.0010698, -0.0005904, 0.0092802), (-0.001067398, -0.0005706, 0.009282602), (-0.001067398, -2.94e-05, 0.009282602), (-0.0010698, -9.6e-06, 0.0092802), (-0.001075105, 4.894606e-06, 0.009274895)]
            int[] faceVertexCounts = [3, 3, 3, 3, 3, 3, 3, 3, 3, 3, 3, 3, 3, 3, 3, 3, 3, 3, 3, 3, 3, 3, 3, 3, 3, 3, 3, 3, 3, 3, 3, 3, 3, 3, 3, 3, 3, 3, 3, 3, 3, 3, 3, 3, 3, 3, 3, 3, 3, 3, 3, 3, 3, 3, 3, 3, 3, 3, 3, 3, 3, 3, 3, 3, 3, 3, 3, 3, 3, 3, 3, 3, 3, 3, 3, 3, 3, 3, 3, 3, 3, 3, 3, 3, 3, 3, 3, 3, 3, 3, 3, 3, 3, 3, 3, 3, 3, 3, 3, 3, 3, 3, 3, 3, 3, 3, 3, 3, 3, 3, 3, 3, 3, 3, 3, 3, 3, 3, 3, 3, 3, 3, 3, 3, 3, 3, 3, 3, 3, 3, 3, 3, 3, 3, 3, 3, 3, 3, 3, 3, 3, 3, 3, 3, 3, 3, 3, 3, 3, 3, 3, 3, 3, 3, 3, 3, 3, 3, 3, 3, 3, 3, 3, 3, 3, 3, 3, 3, 3, 3, 3, 3, 3, 3, 3, 3, 3, 3, 3, 3, 3, 3, 3, 3, 3, 3, 3, 3, 3, 3, 3, 3, 3, 3, 3, 3, 3, 3, 3, 3, 3, 3, 3, 3, 3, 3, 3, 3, 3, 3, 3, 3, 3, 3, 3, 3, 3, 3, 3, 3, 3, 3, 3, 3, 3, 3, 3, 3, 3, 3, 3, 3, 3, 3, 3, 3, 3, 3, 3, 3, 3, 3, 3, 3, 3, 3, 3, 3, 3, 3, 3, 3, 3, 3, 3, 3, 3, 3, 3, 3, 3, 3, 3, 3, 3, 3, 3, 3, 3, 3, 3, 3, 3, 3, 3, 3, 3, 3, 3, 3, 3, 3, 3, 3, 3, 3, 3, 3, 3, 3, 3, 3, 3, 3, 3, 3, 3, 3, 3, 3]
            int[] faceVertexIndices = [1, 7, 6, 1, 6, 0, 2, 8, 7, 2, 7, 1, 3, 9, 8, 3, 8, 2, 4, 10, 9, 4, 9, 3, 5, 11, 10, 5, 10, 4, 7, 13, 12, 7, 12, 6, 8, 14, 13, 8, 13, 7, 9, 15, 14, 9, 14, 8, 10, 16, 15, 10, 15, 9, 11, 17, 16, 11, 16, 10, 13, 19, 18, 13, 18, 12, 14, 20, 19, 14, 19, 13, 15, 21, 20, 15, 20, 14, 16, 22, 21, 16, 21, 15, 17, 23, 22, 17, 22, 16, 19, 25, 24, 19, 24, 18, 20, 26, 25, 20, 25, 19, 21, 27, 26, 21, 26, 20, 22, 28, 27, 22, 27, 21, 23, 29, 28, 23, 28, 22, 25, 31, 30, 25, 30, 24, 26, 32, 31, 26, 31, 25, 27, 33, 32, 27, 32, 26, 28, 34, 33, 28, 33, 27, 29, 35, 34, 29, 34, 28, 36, 42, 43, 36, 43, 37, 37, 43, 44, 37, 44, 38, 38, 44, 45, 38, 45, 39, 39, 45, 46, 39, 46, 40, 40, 46, 47, 40, 47, 41, 42, 48, 49, 42, 49, 43, 43, 49, 50, 43, 50, 44, 44, 50, 51, 44, 51, 45, 45, 51, 52, 45, 52, 46, 46, 52, 53, 46, 53, 47, 48, 54, 55, 48, 55, 49, 49, 55, 56, 49, 56, 50, 50, 56, 57, 50, 57, 51, 51, 57, 58, 51, 58, 52, 52, 58, 59, 52, 59, 53, 54, 60, 61, 54, 61, 55, 55, 61, 62, 55, 62, 56, 56, 62, 63, 56, 63, 57, 57, 63, 64, 57, 64, 58, 58, 64, 65, 58, 65, 59, 60, 66, 67, 60, 67, 61, 61, 67, 68, 61, 68, 62, 62, 68, 69, 62, 69, 63, 63, 69, 70, 63, 70, 64, 64, 70, 71, 64, 71, 65, 73, 79, 78, 73, 78, 72, 74, 80, 79, 74, 79, 73, 75, 81, 80, 75, 80, 74, 76, 82, 81, 76, 81, 75, 77, 83, 82, 77, 82, 76, 79, 85, 84, 79, 84, 78, 80, 86, 85, 80, 85, 79, 81, 87, 86, 81, 86, 80, 82, 88, 87, 82, 87, 81, 83, 89, 88, 83, 88, 82, 85, 91, 90, 85, 90, 84, 86, 92, 91, 86, 91, 85, 87, 93, 92, 87, 92, 86, 88, 94, 93, 88, 93, 87, 89, 95, 94, 89, 94, 88, 91, 97, 96, 91, 96, 90, 92, 98, 97, 92, 97, 91, 93, 99, 98, 93, 98, 92, 94, 100, 99, 94, 99, 93, 95, 101, 100, 95, 100, 94, 97, 103, 102, 97, 102, 96, 98, 104, 103, 98, 103, 97, 99, 105, 104, 99, 104, 98, 100, 106, 105, 100, 105, 99, 101, 107, 106, 101, 106, 100, 108, 114, 115, 108, 115, 109, 109, 115, 116, 109, 116, 110, 110, 116, 117, 110, 117, 111, 111, 117, 118, 111, 118, 112, 112, 118, 119, 112, 119, 113, 114, 120, 121, 114, 121, 115, 115, 121, 122, 115, 122, 116, 116, 122, 123, 116, 123, 117, 117, 123, 124, 117, 124, 118, 118, 124, 125, 118, 125, 119, 120, 126, 127, 120, 127, 121, 121, 127, 128, 121, 128, 122, 122, 128, 129, 122, 129, 123, 123, 129, 130, 123, 130, 124, 124, 130, 131, 124, 131, 125, 126, 132, 133, 126, 133, 127, 127, 133, 134, 127, 134, 128, 128, 134, 135, 128, 135, 129, 129, 135, 136, 129, 136, 130, 130, 136, 137, 130, 137, 131, 132, 138, 139, 132, 139, 133, 133, 139, 140, 133, 140, 134, 134, 140, 141, 134, 141, 135, 135, 141, 142, 135, 142, 136, 136, 142, 143, 136, 143, 137, 145, 151, 150, 145, 150, 144, 146, 152, 151, 146, 151, 145, 147, 153, 152, 147, 152, 146, 148, 154, 153, 148, 153, 147, 149, 155, 154, 149, 154, 148, 151, 157, 156, 151, 156, 150, 152, 158, 157, 152, 157, 151, 153, 159, 158, 153, 158, 152, 154, 160, 159, 154, 159, 153, 155, 161, 160, 155, 160, 154, 157, 163, 162, 157, 162, 156, 158, 164, 163, 158, 163, 157, 159, 165, 164, 159, 164, 158, 160, 166, 165, 160, 165, 159, 161, 167, 166, 161, 166, 160, 163, 169, 168, 163, 168, 162, 164, 170, 169, 164, 169, 163, 165, 171, 170, 165, 170, 164, 166, 172, 171, 166, 171, 165, 167, 173, 172, 167, 172, 166, 169, 175, 174, 169, 174, 168, 170, 176, 175, 170, 175, 169, 171, 177, 176, 171, 176, 170, 172, 178, 177, 172, 177, 171, 173, 179, 178, 173, 178, 172, 180, 186, 187, 180, 187, 181, 181, 187, 188, 181, 188, 182, 182, 188, 189, 182, 189, 183, 183, 189, 190, 183, 190, 184, 184, 190, 191, 184, 191, 185, 186, 192, 193, 186, 193, 187, 187, 193, 194, 187, 194, 188, 188, 194, 195, 188, 195, 189, 189, 195, 196, 189, 196, 190, 190, 196, 197, 190, 197, 191, 192, 198, 199, 192, 199, 193, 193, 199, 200, 193, 200, 194, 194, 200, 201, 194, 201, 195, 195, 201, 202, 195, 202, 196, 196, 202, 203, 196, 203, 197, 198, 204, 205, 198, 205, 199, 199, 205, 206, 199, 206, 200, 200, 206, 207, 200, 207, 201, 201, 207, 208, 201, 208, 202, 202, 208, 209, 202, 209, 203, 204, 210, 211, 204, 211, 205, 205, 211, 212, 205, 212, 206, 206, 212, 213, 206, 213, 207, 207, 213, 214, 207, 214, 208, 208, 214, 215, 208, 215, 209]
            normal3f[] normals = [(-0.7745967, -0.4472136, -0.4472136), (-0.7668657, -0.5195657, -0.376787), (-0.8116869, -0.5840602, -0.006171812), (-0.8112415, -0.5847098, 0.001298611), (-0.7900625, -0.5555967, 0.2590629), (-0.7071068, -0.5, 0.5), (-0.7668657, -0.376787, -0.5195657), (-0.8559572, -0.3656073, -0.3656073), (-0.8968928, -0.4422241, -0.004609583), (-0.9447503, -0.3277762, 0.003104168), (-0.8844941, -0.3299016, 0.3299016), (-0.7900625, -0.2590629, 0.5555967), (-0.8122054, -0.01399524, -0.5832036), (-0.8984826, -0.01061118, -0.4388808), (-0.9997507, -0.02052237, -0.00879061), (-0.9999799, -0.005794638, 0.002564174), (-0.9440529, -0.007198359, 0.3297154), (-0.8112384, -0.003042335, 0.5847076), (-0.8112384, 0.003042335, -0.5847076), (-0.9440529, 0.007198359, -0.3297154), (-0.9999799, 0.005794638, -0.002564174), (-0.9997507, 0.02052237, 0.00879061), (-0.8984826, 0.01061118, 0.4388808), (-0.8122054, 0.01399524, 0.5832036), (-0.7900625, 0.2590629, -0.5555967), (-0.8844941, 0.3299016, -0.3299016), (-0.9447503, 0.3277762, -0.003104168), (-0.8968928, 0.4422241, 0.004609583), (-0.8559572, 0.3656073, 0.3656073), (-0.7668657, 0.376787, 0.5195657), (-0.7071068, 0.5, -0.5), (-0.7900625, 0.5555967, -0.2590629), (-0.8112415, 0.5847098, -0.001298611), (-0.8116869, 0.5840602, 0.006171812), (-0.7668657, 0.5195657, 0.376787), (-0.7745967, 0.4472136, 0.4472136), (0.7071068, -0.5, -0.5), (0.7900625, -0.5555967, -0.2590629), (0.8112415, -0.5847098, -0.001298611), (0.8116869, -0.5840602, 0.006171812), (0.7668657, -0.5195657, 0.376787), (0.7745967, -0.4472136, 0.4472136), (0.7900625, -0.2590629, -0.5555967), (0.8844941, -0.3299016, -0.3299016), (0.9447503, -0.3277762, -0.003104168), (0.8968928, -0.4422241, 0.004609583), (0.8559572, -0.3656073, 0.3656073), (0.7668657, -0.376787, 0.5195657), (0.8112384, -0.003042335, -0.5847076), (0.9440529, -0.007198359, -0.3297154), (0.9999799, -0.005794638, -0.002564174), (0.9997507, -0.02052237, 0.00879061), (0.8984826, -0.01061118, 0.4388808), (0.8122054, -0.01399524, 0.5832036), (0.8122054, 0.01399524, -0.5832036), (0.8984826, 0.01061118, -0.4388808), (0.9997507, 0.02052237, -0.00879061), (0.9999799, 0.005794638, 0.002564174), (0.9440529, 0.007198359, 0.3297154), (0.8112384, 0.003042335, 0.5847076), (0.7668657, 0.376787, -0.5195657), (0.8559572, 0.3656073, -0.3656073), (0.8968928, 0.4422241, -0.004609583), (0.9447503, 0.3277762, 0.003104168), (0.8844941, 0.3299016, 0.3299016), (0.7900625, 0.2590629, 0.5555967), (0.7745967, 0.4472136, -0.4472136), (0.7668657, 0.5195657, -0.376787), (0.8116869, 0.5840602, -0.006171812), (0.8112415, 0.5847098, 0.001298611), (0.7900625, 0.5555967, 0.2590629), (0.7071068, 0.5, 0.5), (-0.4472136, -0.7745967, -0.4472136), (-0.376787, -0.7668657, -0.5195657), (-0.006676149, -0.8117218, -0.5840061), (0.001407637, -0.8112414, -0.5847097), (0.2590629, -0.7900625, -0.5555967), (0.5, -0.7071068, -0.5), (-0.5195657, -0.7668657, -0.376787), (-0.3656073, -0.8559572, -0.3656073), (-0.004991063, -0.8969952, -0.4420122), (0.003362622, -0.9447069, -0.3278988), (0.3299016, -0.8844941, -0.3299016), (0.5555967, -0.7900625, -0.2590629), (-0.5840602, -0.8116869, -0.006171812), (-0.4422241, -0.8968928, -0.004609583), (-0.009869388, -0.9999098, -0.009106968), (0.002690863, -0.9999933, -0.002488142), (0.3277762, -0.9447503, -0.003104168), (0.5847098, -0.8112415, -0.001298611), (-0.5847098, -0.8112415, 0.001298611), (-0.3277762, -0.9447503, 0.003104168), (-0.002690863, -0.9999933, 0.002488142), (0.009869388, -0.9999098, 0.009106968), (0.4422241, -0.8968928, 0.004609583), (0.5840602, -0.8116869, 0.006171812), (-0.5555967, -0.7900625, 0.2590629), (-0.3299016, -0.8844941, 0.3299016), (-0.003362622, -0.9447069, 0.3278988), (0.004991063, -0.8969952, 0.4420122), (0.3656073, -0.8559572, 0.3656073), (0.5195657, -0.7668657, 0.376787), (-0.5, -0.7071068, 0.5), (-0.2590629, -0.7900625, 0.5555967), (-0.001407637, -0.8112414, 0.5847097), (0.006676149, -0.8117218, 0.5840061), (0.376787, -0.7668657, 0.5195657), (0.4472136, -0.7745967, 0.4472136), (-0.5, 0.7071068, -0.5), (-0.2590629, 0.7900625, -0.5555967), (-0.001407637, 0.8112414, -0.5847097), (0.006676149, 0.8117218, -0.5840061), (0.376787, 0.7668657, -0.5195657), (0.4472136, 0.7745967, -0.4472136), (-0.5555967, 0.7900625, -0.2590629), (-0.3299016, 0.8844941, -0.3299016), (-0.003362622, 0.9447069, -0.3278988), (0.004991063, 0.8969952, -0.4420122), (0.3656073, 0.8559572, -0.3656073), (0.5195657, 0.7668657, -0.376787), (-0.5847098, 0.8112415, -0.001298611), (-0.3277762, 0.9447503, -0.003104168), (-0.002690863, 0.9999933, -0.002488142), (0.009869388, 0.9999098, -0.009106968), (0.4422241, 0.8968928, -0.004609583), (0.5840602, 0.8116869, -0.006171812), (-0.5840602, 0.8116869, 0.006171812), (-0.4422241, 0.8968928, 0.004609583), (-0.009869388, 0.9999098, 0.009106968), (0.002690863, 0.9999933, 0.002488142), (0.3277762, 0.9447503, 0.003104168), (0.5847098, 0.8112415, 0.001298611), (-0.5195657, 0.7668657, 0.376787), (-0.3656073, 0.8559572, 0.3656073), (-0.004991063, 0.8969952, 0.4420122), (0.003362622, 0.9447069, 0.3278988), (0.3299016, 0.8844941, 0.3299016), (0.5555967, 0.7900625, 0.2590629), (-0.4472136, 0.7745967, 0.4472136), (-0.376787, 0.7668657, 0.5195657), (-0.006676149, 0.8117218, 0.5840061), (0.001407637, 0.8112414, 0.5847097), (0.2590629, 0.7900625, 0.5555967), (0.5, 0.7071068, 0.5), (-0.4472136, -0.4472136, -0.7745967), (-0.5195657, -0.376787, -0.7668657), (-0.5832036, -0.01399524, -0.8122054), (-0.5847076, 0.003042335, -0.8112384), (-0.5555967, 0.2590629, -0.7900625), (-0.5, 0.5, -0.7071068), (-0.376787, -0.5195657, -0.7668657), (-0.3656073, -0.3656073, -0.8559572), (-0.4388808, -0.01061118, -0.8984826), (-0.3297154, 0.007198359, -0.9440529), (-0.3299016, 0.3299016, -0.8844941), (-0.2590629, 0.5555967, -0.7900625), (-0.006676149, -0.5840061, -0.8117218), (-0.004991063, -0.4420122, -0.8969952), (-0.009504795, -0.02047551, -0.9997452), (-0.002778689, 0.005806338, -0.9999793), (-0.003362622, 0.3278988, -0.9447069), (-0.001407637, 0.5847097, -0.8112414), (0.001407637, -0.5847097, -0.8112414), (0.003362622, -0.3278988, -0.9447069), (0.002778689, -0.005806338, -0.9999793), (0.009504795, 0.02047551, -0.9997452), (0.004991063, 0.4420122, -0.8969952), (0.006676149, 0.5840061, -0.8117218), (0.2590629, -0.5555967, -0.7900625), (0.3299016, -0.3299016, -0.8844941), (0.3297154, -0.007198359, -0.9440529), (0.4388808, 0.01061118, -0.8984826), (0.3656073, 0.3656073, -0.8559572), (0.376787, 0.5195657, -0.7668657), (0.5, -0.5, -0.7071068), (0.5555967, -0.2590629, -0.7900625), (0.5847076, -0.003042335, -0.8112384), (0.5832036, 0.01399524, -0.8122054), (0.5195657, 0.376787, -0.7668657), (0.4472136, 0.4472136, -0.7745967), (-0.5, -0.5, 0.7071068), (-0.5555967, -0.2590629, 0.7900625), (-0.5847076, -0.003042335, 0.8112384), (-0.5832036, 0.01399524, 0.8122054), (-0.5195657, 0.376787, 0.7668657), (-0.4472136, 0.4472136, 0.7745967), (-0.2590629, -0.5555967, 0.7900625), (-0.3299016, -0.3299016, 0.8844941), (-0.3297154, -0.007198359, 0.9440529), (-0.4388808, 0.01061118, 0.8984826), (-0.3656073, 0.3656073, 0.8559572), (-0.376787, 0.5195657, 0.7668657), (-0.001407637, -0.5847097, 0.8112414), (-0.003362622, -0.3278988, 0.9447069), (-0.002778689, -0.005806338, 0.9999793), (-0.009504795, 0.02047551, 0.9997452), (-0.004991063, 0.4420122, 0.8969952), (-0.006676149, 0.5840061, 0.8117218), (0.006676149, -0.5840061, 0.8117218), (0.004991063, -0.4420122, 0.8969952), (0.009504795, -0.02047551, 0.9997452), (0.002778689, 0.005806338, 0.9999793), (0.003362622, 0.3278988, 0.9447069), (0.001407637, 0.5847097, 0.8112414), (0.376787, -0.5195657, 0.7668657), (0.3656073, -0.3656073, 0.8559572), (0.4388808, -0.01061118, 0.8984826), (0.3297154, 0.007198359, 0.9440529), (0.3299016, 0.3299016, 0.8844941), (0.2590629, 0.5555967, 0.7900625), (0.4472136, -0.4472136, 0.7745967), (0.5195657, -0.376787, 0.7668657), (0.5832036, -0.01399524, 0.8122054), (0.5847076, 0.003042335, 0.8112384), (0.5555967, 0.2590629, 0.7900625), (0.5, 0.5, 0.7071068)] (interpolation = "vertex")
            float3[] extent = [(-0.00235, -0.00063, 0.0079), (-0.00105, 3e-05, 0.0093)]
            rel material:binding = </WorkbenchPart/Materials/ceramic>
            texCoord2f[] primvars:st = [(-0.0678, 0.8821778), (-0.06609444, 0.8816833), (-0.0656, 0.8799778), (-0.0678, 0.8821778), (-0.0656, 0.8799778), (-0.06721051, 0.8805673), (-0.0680669, 0.8843778), (-0.06635161, 0.8843778), (-0.06609444, 0.8816833), (-0.0680669, 0.8843778), (-0.06609444, 0.8816833), (-0.0678, 0.8821778), (-0.0680669, 1.026733), (-0.06635161, 1.026733), (-0.06635161, 0.8843778), (-0.0680669, 1.026733), (-0.06635161, 0.8843778), (-0.0680669, 0.8843778), (-0.0678, 1.028933), (-0.06609444, 1.029428), (-0.06635161, 1.026733), (-0.0678, 1.028933), (-0.06635161, 1.026733), (-0.0680669, 1.026733), (-0.06721051, 1.030544), (-0.0656, 1.031133), (-0.06609444, 1.029428), (-0.06721051, 1.030544), (-0.06609444, 1.029428), (-0.0678, 1.028933), (-0.06609444, 0.8816833), (-0.0634, 0.8814262), (-0.0634, 0.8797109), (-0.06609444, 0.8816833), (-0.0634, 0.8797109), (-0.0656, 0.8799778), (-0.06635161, 0.8843778), (-0.0634, 0.8843778), (-0.0634, 0.8814262), (-0.06635161, 0.8843778), (-0.0634, 0.8814262), (-0.06609444, 0.8816833), (-0.06635161, 1.026733), (-0.0634, 1.026733), (-0.0634, 0.8843778), (-0.06635161, 1.026733), (-0.0634, 0.8843778), (-0.06635161, 0.8843778), (-0.06609444, 1.029428), (-0.0634, 1.029685), (-0.0634, 1.026733), (-0.06609444, 1.029428), (-0.0634, 1.026733), (-0.06635161, 1.026733), (-0.0656, 1.031133), (-0.0634, 1.0314), (-0.0634, 1.029685), (-0.0656, 1.031133), (-0.0634, 1.029685), (-0.06609444, 1.029428), (-0.0634, 0.8814262), (-0.003266667, 0.8814262), (-0.003266667, 0.8797109), (-0.0634, 0.8814262), (-0.003266667, 0.8797109), (-0.0634, 0.8797109), (-0.0634, 0.8843778), (-0.003266667, 0.8843778), (-0.003266667, 0.8814262), (-0.0634, 0.8843778), (-0.003266667, 0.8814262), (-0.0634, 0.8814262), (-0.0634, 1.026733), (-0.003266667, 1.026733), (-0.003266667, 0.8843778), (-0.0634, 1.026733), (-0.003266667, 0.8843778), (-0.0634, 0.8843778), (-0.0634, 1.029685), (-0.003266667, 1.029685), (-0.003266667, 1.026733), (-0.0634, 1.029685), (-0.003266667, 1.026733), (-0.0634, 1.026733), (-0.0634, 1.0314), (-0.003266667, 1.0314), (-0.003266667, 1.029685), (-0.0634, 1.0314), (-0.003266667, 1.029685), (-0.0634, 1.029685), (-0.003266667, 0.8814262), (-0.0005722279, 0.8816833), (-0.001066667, 0.8799778), (-0.003266667, 0.8814262), (-0.001066667, 0.8799778), (-0.003266667, 0.8797109), (-0.003266667, 0.8843778), (-0.0003150569, 0.8843778), (-0.0005722279, 0.8816833), (-0.003266667, 0.8843778), (-0.0005722279, 0.8816833), (-0.003266667, 0.8814262), (-0.003266667, 1.026733), (-0.0003150569, 1.026733), (-0.0003150569, 0.8843778), (-0.003266667, 1.026733), (-0.0003150569, 0.8843778), (-0.003266667, 0.8843778), (-0.003266667, 1.029685), (-0.0005722279, 1.029428), (-0.0003150569, 1.026733), (-0.003266667, 1.029685), (-0.0003150569, 1.026733), (-0.003266667, 1.026733), (-0.003266667, 1.0314), (-0.001066667, 1.031133), (-0.0005722279, 1.029428), (-0.003266667, 1.0314), (-0.0005722279, 1.029428), (-0.003266667, 1.029685), (-0.0005722279, 0.8816833), (0.001133333, 0.8821778), (0.0005438451, 0.8805673), (-0.0005722279, 0.8816833), (0.0005438451, 0.8805673), (-0.001066667, 0.8799778), (-0.0003150569, 0.8843778), (0.001400238, 0.8843778), (0.001133333, 0.8821778), (-0.0003150569, 0.8843778), (0.001133333, 0.8821778), (-0.0005722279, 0.8816833), (-0.0003150569, 1.026733), (0.001400238, 1.026733), (0.001400238, 0.8843778), (-0.0003150569, 1.026733), (0.001400238, 0.8843778), (-0.0003150569, 0.8843778), (-0.0005722279, 1.029428), (0.001133333, 1.028933), (0.001400238, 1.026733), (-0.0005722279, 1.029428), (0.001400238, 1.026733), (-0.0003150569, 1.026733), (-0.001066667, 1.031133), (0.0005438451, 1.030544), (0.001133333, 1.028933), (-0.001066667, 1.031133), (0.001133333, 1.028933), (-0.0005722279, 1.029428), (-0.06721051, 0.8805673), (-0.0656, 0.8799778), (-0.06609444, 0.8816833), (-0.06721051, 0.8805673), (-0.06609444, 0.8816833), (-0.0678, 0.8821778), (-0.0678, 0.8821778), (-0.06609444, 0.8816833), (-0.06635161, 0.8843778), (-0.0678, 0.8821778), (-0.06635161, 0.8843778), (-0.0680669, 0.8843778), (-0.0680669, 0.8843778), (-0.06635161, 0.8843778), (-0.06635161, 1.026733), (-0.0680669, 0.8843778), (-0.06635161, 1.026733), (-0.0680669, 1.026733), (-0.0680669, 1.026733), (-0.06635161, 1.026733), (-0.06609444, 1.029428), (-0.0680669, 1.026733), (-0.06609444, 1.029428), (-0.0678, 1.028933), (-0.0678, 1.028933), (-0.06609444, 1.029428), (-0.0656, 1.031133), (-0.0678, 1.028933), (-0.0656, 1.031133), (-0.06721051, 1.030544), (-0.0656, 0.8799778), (-0.0634, 0.8797109), (-0.0634, 0.8814262), (-0.0656, 0.8799778), (-0.0634, 0.8814262), (-0.06609444, 0.8816833), (-0.06609444, 0.8816833), (-0.0634, 0.8814262), (-0.0634, 0.8843778), (-0.06609444, 0.8816833), (-0.0634, 0.8843778), (-0.06635161, 0.8843778), (-0.06635161, 0.8843778), (-0.0634, 0.8843778), (-0.0634, 1.026733), (-0.06635161, 0.8843778), (-0.0634, 1.026733), (-0.06635161, 1.026733), (-0.06635161, 1.026733), (-0.0634, 1.026733), (-0.0634, 1.029685), (-0.06635161, 1.026733), (-0.0634, 1.029685), (-0.06609444, 1.029428), (-0.06609444, 1.029428), (-0.0634, 1.029685), (-0.0634, 1.0314), (-0.06609444, 1.029428), (-0.0634, 1.0314), (-0.0656, 1.031133), (-0.0634, 0.8797109), (-0.003266667, 0.8797109), (-0.003266667, 0.8814262), (-0.0634, 0.8797109), (-0.003266667, 0.8814262), (-0.0634, 0.8814262), (-0.0634, 0.8814262), (-0.003266667, 0.8814262), (-0.003266667, 0.8843778), (-0.0634, 0.8814262), (-0.003266667, 0.8843778), (-0.0634, 0.8843778), (-0.0634, 0.8843778), (-0.003266667, 0.8843778), (-0.003266667, 1.026733), (-0.0634, 0.8843778), (-0.003266667, 1.026733), (-0.0634, 1.026733), (-0.0634, 1.026733), (-0.003266667, 1.026733), (-0.003266667, 1.029685), (-0.0634, 1.026733), (-0.003266667, 1.029685), (-0.0634, 1.029685), (-0.0634, 1.029685), (-0.003266667, 1.029685), (-0.003266667, 1.0314), (-0.0634, 1.029685), (-0.003266667, 1.0314), (-0.0634, 1.0314), (-0.003266667, 0.8797109), (-0.001066667, 0.8799778), (-0.0005722279, 0.8816833), (-0.003266667, 0.8797109), (-0.0005722279, 0.8816833), (-0.003266667, 0.8814262), (-0.003266667, 0.8814262), (-0.0005722279, 0.8816833), (-0.0003150569, 0.8843778), (-0.003266667, 0.8814262), (-0.0003150569, 0.8843778), (-0.003266667, 0.8843778), (-0.003266667, 0.8843778), (-0.0003150569, 0.8843778), (-0.0003150569, 1.026733), (-0.003266667, 0.8843778), (-0.0003150569, 1.026733), (-0.003266667, 1.026733), (-0.003266667, 1.026733), (-0.0003150569, 1.026733), (-0.0005722279, 1.029428), (-0.003266667, 1.026733), (-0.0005722279, 1.029428), (-0.003266667, 1.029685), (-0.003266667, 1.029685), (-0.0005722279, 1.029428), (-0.001066667, 1.031133), (-0.003266667, 1.029685), (-0.001066667, 1.031133), (-0.003266667, 1.0314), (-0.001066667, 0.8799778), (0.0005438451, 0.8805673), (0.001133333, 0.8821778), (-0.001066667, 0.8799778), (0.001133333, 0.8821778), (-0.0005722279, 0.8816833), (-0.0005722279, 0.8816833), (0.001133333, 0.8821778), (0.001400238, 0.8843778), (-0.0005722279, 0.8816833), (0.001400238, 0.8843778), (-0.0003150569, 0.8843778), (-0.0003150569, 0.8843778), (0.001400238, 0.8843778), (0.001400238, 1.026733), (-0.0003150569, 0.8843778), (0.001400238, 1.026733), (-0.0003150569, 1.026733), (-0.0003150569, 1.026733), (0.001400238, 1.026733), (0.001133333, 1.028933), (-0.0003150569, 1.026733), (0.001133333, 1.028933), (-0.0005722279, 1.029428), (-0.0005722279, 1.029428), (0.001133333, 1.028933), (0.0005438451, 1.030544), (-0.0005722279, 1.029428), (0.0005438451, 1.030544), (-0.001066667, 1.031133), (-0.2567111, 0.8799778), (-0.2572055, 0.8816833), (-0.2589111, 0.8821778), (-0.2567111, 0.8799778), (-0.2589111, 0.8821778), (-0.2583216, 0.8805673), (-0.2545111, 0.8797109), (-0.2545111, 0.8814262), (-0.2572055, 0.8816833), (-0.2545111, 0.8797109), (-0.2572055, 0.8816833), (-0.2567111, 0.8799778), (-0.1232667, 0.8797109), (-0.1232667, 0.8814262), (-0.2545111, 0.8814262), (-0.1232667, 0.8797109), (-0.2545111, 0.8814262), (-0.2545111, 0.8797109), (-0.1210667, 0.8799778), (-0.1205722, 0.8816833), (-0.1232667, 0.8814262), (-0.1210667, 0.8799778), (-0.1232667, 0.8814262), (-0.1232667, 0.8797109), (-0.1194562, 0.8805673), (-0.1188667, 0.8821778), (-0.1205722, 0.8816833), (-0.1194562, 0.8805673), (-0.1205722, 0.8816833), (-0.1210667, 0.8799778), (-0.2572055, 0.8816833), (-0.2574627, 0.8843778), (-0.259178, 0.8843778), (-0.2572055, 0.8816833), (-0.259178, 0.8843778), (-0.2589111, 0.8821778), (-0.2545111, 0.8814262), (-0.2545111, 0.8843778), (-0.2574627, 0.8843778), (-0.2545111, 0.8814262), (-0.2574627, 0.8843778), (-0.2572055, 0.8816833), (-0.1232667, 0.8814262), (-0.1232667, 0.8843778), (-0.2545111, 0.8843778), (-0.1232667, 0.8814262), (-0.2545111, 0.8843778), (-0.2545111, 0.8814262), (-0.1205722, 0.8816833), (-0.1203151, 0.8843778), (-0.1232667, 0.8843778), (-0.1205722, 0.8816833), (-0.1232667, 0.8843778), (-0.1232667, 0.8814262), (-0.1188667, 0.8821778), (-0.1185998, 0.8843778), (-0.1203151, 0.8843778), (-0.1188667, 0.8821778), (-0.1203151, 0.8843778), (-0.1205722, 0.8816833), (-0.2574627, 0.8843778), (-0.2574627, 1.026733), (-0.259178, 1.026733), (-0.2574627, 0.8843778), (-0.259178, 1.026733), (-0.259178, 0.8843778), (-0.2545111, 0.8843778), (-0.2545111, 1.026733), (-0.2574627, 1.026733), (-0.2545111, 0.8843778), (-0.2574627, 1.026733), (-0.2574627, 0.8843778), (-0.1232667, 0.8843778), (-0.1232667, 1.026733), (-0.2545111, 1.026733), (-0.1232667, 0.8843778), (-0.2545111, 1.026733), (-0.2545111, 0.8843778), (-0.1203151, 0.8843778), (-0.1203151, 1.026733), (-0.1232667, 1.026733), (-0.1203151, 0.8843778), (-0.1232667, 1.026733), (-0.1232667, 0.8843778), (-0.1185998, 0.8843778), (-0.1185998, 1.026733), (-0.1203151, 1.026733), (-0.1185998, 0.8843778), (-0.1203151, 1.026733), (-0.1203151, 0.8843778), (-0.2574627, 1.026733), (-0.2572055, 1.029428), (-0.2589111, 1.028933), (-0.2574627, 1.026733), (-0.2589111, 1.028933), (-0.259178, 1.026733), (-0.2545111, 1.026733), (-0.2545111, 1.029685), (-0.2572055, 1.029428), (-0.2545111, 1.026733), (-0.2572055, 1.029428), (-0.2574627, 1.026733), (-0.1232667, 1.026733), (-0.1232667, 1.029685), (-0.2545111, 1.029685), (-0.1232667, 1.026733), (-0.2545111, 1.029685), (-0.2545111, 1.026733), (-0.1203151, 1.026733), (-0.1205722, 1.029428), (-0.1232667, 1.029685), (-0.1203151, 1.026733), (-0.1232667, 1.029685), (-0.1232667, 1.026733), (-0.1185998, 1.026733), (-0.1188667, 1.028933), (-0.1205722, 1.029428), (-0.1185998, 1.026733), (-0.1205722, 1.029428), (-0.1203151, 1.026733), (-0.2572055, 1.029428), (-0.2567111, 1.031133), (-0.2583216, 1.030544), (-0.2572055, 1.029428), (-0.2583216, 1.030544), (-0.2589111, 1.028933), (-0.2545111, 1.029685), (-0.2545111, 1.0314), (-0.2567111, 1.031133), (-0.2545111, 1.029685), (-0.2567111, 1.031133), (-0.2572055, 1.029428), (-0.1232667, 1.029685), (-0.1232667, 1.0314), (-0.2545111, 1.0314), (-0.1232667, 1.029685), (-0.2545111, 1.0314), (-0.2545111, 1.029685), (-0.1205722, 1.029428), (-0.1210667, 1.031133), (-0.1232667, 1.0314), (-0.1205722, 1.029428), (-0.1232667, 1.0314), (-0.1232667, 1.029685), (-0.1188667, 1.028933), (-0.1194562, 1.030544), (-0.1210667, 1.031133), (-0.1188667, 1.028933), (-0.1210667, 1.031133), (-0.1205722, 1.029428), (-0.2583216, 0.8805673), (-0.2589111, 0.8821778), (-0.2572055, 0.8816833), (-0.2583216, 0.8805673), (-0.2572055, 0.8816833), (-0.2567111, 0.8799778), (-0.2567111, 0.8799778), (-0.2572055, 0.8816833), (-0.2545111, 0.8814262), (-0.2567111, 0.8799778), (-0.2545111, 0.8814262), (-0.2545111, 0.8797109), (-0.2545111, 0.8797109), (-0.2545111, 0.8814262), (-0.1232667, 0.8814262), (-0.2545111, 0.8797109), (-0.1232667, 0.8814262), (-0.1232667, 0.8797109), (-0.1232667, 0.8797109), (-0.1232667, 0.8814262), (-0.1205722, 0.8816833), (-0.1232667, 0.8797109), (-0.1205722, 0.8816833), (-0.1210667, 0.8799778), (-0.1210667, 0.8799778), (-0.1205722, 0.8816833), (-0.1188667, 0.8821778), (-0.1210667, 0.8799778), (-0.1188667, 0.8821778), (-0.1194562, 0.8805673), (-0.2589111, 0.8821778), (-0.259178, 0.8843778), (-0.2574627, 0.8843778), (-0.2589111, 0.8821778), (-0.2574627, 0.8843778), (-0.2572055, 0.8816833), (-0.2572055, 0.8816833), (-0.2574627, 0.8843778), (-0.2545111, 0.8843778), (-0.2572055, 0.8816833), (-0.2545111, 0.8843778), (-0.2545111, 0.8814262), (-0.2545111, 0.8814262), (-0.2545111, 0.8843778), (-0.1232667, 0.8843778), (-0.2545111, 0.8814262), (-0.1232667, 0.8843778), (-0.1232667, 0.8814262), (-0.1232667, 0.8814262), (-0.1232667, 0.8843778), (-0.1203151, 0.8843778), (-0.1232667, 0.8814262), (-0.1203151, 0.8843778), (-0.1205722, 0.8816833), (-0.1205722, 0.8816833), (-0.1203151, 0.8843778), (-0.1185998, 0.8843778), (-0.1205722, 0.8816833), (-0.1185998, 0.8843778), (-0.1188667, 0.8821778), (-0.259178, 0.8843778), (-0.259178, 1.026733), (-0.2574627, 1.026733), (-0.259178, 0.8843778), (-0.2574627, 1.026733), (-0.2574627, 0.8843778), (-0.2574627, 0.8843778), (-0.2574627, 1.026733), (-0.2545111, 1.026733), (-0.2574627, 0.8843778), (-0.2545111, 1.026733), (-0.2545111, 0.8843778), (-0.2545111, 0.8843778), (-0.2545111, 1.026733), (-0.1232667, 1.026733), (-0.2545111, 0.8843778), (-0.1232667, 1.026733), (-0.1232667, 0.8843778), (-0.1232667, 0.8843778), (-0.1232667, 1.026733), (-0.1203151, 1.026733), (-0.1232667, 0.8843778), (-0.1203151, 1.026733), (-0.1203151, 0.8843778), (-0.1203151, 0.8843778), (-0.1203151, 1.026733), (-0.1185998, 1.026733), (-0.1203151, 0.8843778), (-0.1185998, 1.026733), (-0.1185998, 0.8843778), (-0.259178, 1.026733), (-0.2589111, 1.028933), (-0.2572055, 1.029428), (-0.259178, 1.026733), (-0.2572055, 1.029428), (-0.2574627, 1.026733), (-0.2574627, 1.026733), (-0.2572055, 1.029428), (-0.2545111, 1.029685), (-0.2574627, 1.026733), (-0.2545111, 1.029685), (-0.2545111, 1.026733), (-0.2545111, 1.026733), (-0.2545111, 1.029685), (-0.1232667, 1.029685), (-0.2545111, 1.026733), (-0.1232667, 1.029685), (-0.1232667, 1.026733), (-0.1232667, 1.026733), (-0.1232667, 1.029685), (-0.1205722, 1.029428), (-0.1232667, 1.026733), (-0.1205722, 1.029428), (-0.1203151, 1.026733), (-0.1203151, 1.026733), (-0.1205722, 1.029428), (-0.1188667, 1.028933), (-0.1203151, 1.026733), (-0.1188667, 1.028933), (-0.1185998, 1.026733), (-0.2589111, 1.028933), (-0.2583216, 1.030544), (-0.2567111, 1.031133), (-0.2589111, 1.028933), (-0.2567111, 1.031133), (-0.2572055, 1.029428), (-0.2572055, 1.029428), (-0.2567111, 1.031133), (-0.2545111, 1.0314), (-0.2572055, 1.029428), (-0.2545111, 1.0314), (-0.2545111, 1.029685), (-0.2545111, 1.029685), (-0.2545111, 1.0314), (-0.1232667, 1.0314), (-0.2545111, 1.029685), (-0.1232667, 1.0314), (-0.1232667, 1.029685), (-0.1232667, 1.029685), (-0.1232667, 1.0314), (-0.1210667, 1.031133), (-0.1232667, 1.029685), (-0.1210667, 1.031133), (-0.1205722, 1.029428), (-0.1205722, 1.029428), (-0.1210667, 1.031133), (-0.1194562, 1.030544), (-0.1205722, 1.029428), (-0.1194562, 1.030544), (-0.1188667, 1.028933), (-0.2589111, -0.0656), (-0.2572055, -0.06609444), (-0.2567111, -0.0678), (-0.2589111, -0.0656), (-0.2567111, -0.0678), (-0.2583216, -0.06721051), (-0.259178, -0.0634), (-0.2574627, -0.0634), (-0.2572055, -0.06609444), (-0.259178, -0.0634), (-0.2572055, -0.06609444), (-0.2589111, -0.0656), (-0.259178, -0.003266667), (-0.2574627, -0.003266667), (-0.2574627, -0.0634), (-0.259178, -0.003266667), (-0.2574627, -0.0634), (-0.259178, -0.0634), (-0.2589111, -0.001066667), (-0.2572055, -0.0005722279), (-0.2574627, -0.003266667), (-0.2589111, -0.001066667), (-0.2574627, -0.003266667), (-0.259178, -0.003266667), (-0.2583216, 0.0005438451), (-0.2567111, 0.001133333), (-0.2572055, -0.0005722279), (-0.2583216, 0.0005438451), (-0.2572055, -0.0005722279), (-0.2589111, -0.001066667), (-0.2572055, -0.06609444), (-0.2545111, -0.06635161), (-0.2545111, -0.0680669), (-0.2572055, -0.06609444), (-0.2545111, -0.0680669), (-0.2567111, -0.0678), (-0.2574627, -0.0634), (-0.2545111, -0.0634), (-0.2545111, -0.06635161), (-0.2574627, -0.0634), (-0.2545111, -0.06635161), (-0.2572055, -0.06609444), (-0.2574627, -0.003266667), (-0.2545111, -0.003266667), (-0.2545111, -0.0634), (-0.2574627, -0.003266667), (-0.2545111, -0.0634), (-0.2574627, -0.0634), (-0.2572055, -0.0005722279), (-0.2545111, -0.0003150569), (-0.2545111, -0.003266667), (-0.2572055, -0.0005722279), (-0.2545111, -0.003266667), (-0.2574627, -0.003266667), (-0.2567111, 0.001133333), (-0.2545111, 0.001400238), (-0.2545111, -0.0003150569), (-0.2567111, 0.001133333), (-0.2545111, -0.0003150569), (-0.2572055, -0.0005722279), (-0.2545111, -0.06635161), (-0.1232667, -0.06635161), (-0.1232667, -0.0680669), (-0.2545111, -0.06635161), (-0.1232667, -0.0680669), (-0.2545111, -0.0680669), (-0.2545111, -0.0634), (-0.1232667, -0.0634), (-0.1232667, -0.06635161), (-0.2545111, -0.0634), (-0.1232667, -0.06635161), (-0.2545111, -0.06635161), (-0.2545111, -0.003266667), (-0.1232667, -0.003266667), (-0.1232667, -0.0634), (-0.2545111, -0.003266667), (-0.1232667, -0.0634), (-0.2545111, -0.0634), (-0.2545111, -0.0003150569), (-0.1232667, -0.0003150569), (-0.1232667, -0.003266667), (-0.2545111, -0.0003150569), (-0.1232667, -0.003266667), (-0.2545111, -0.003266667), (-0.2545111, 0.001400238), (-0.1232667, 0.001400238), (-0.1232667, -0.0003150569), (-0.2545111, 0.001400238), (-0.1232667, -0.0003150569), (-0.2545111, -0.0003150569), (-0.1232667, -0.06635161), (-0.1205722, -0.06609444), (-0.1210667, -0.0678), (-0.1232667, -0.06635161), (-0.1210667, -0.0678), (-0.1232667, -0.0680669), (-0.1232667, -0.0634), (-0.1203151, -0.0634), (-0.1205722, -0.06609444), (-0.1232667, -0.0634), (-0.1205722, -0.06609444), (-0.1232667, -0.06635161), (-0.1232667, -0.003266667), (-0.1203151, -0.003266667), (-0.1203151, -0.0634), (-0.1232667, -0.003266667), (-0.1203151, -0.0634), (-0.1232667, -0.0634), (-0.1232667, -0.0003150569), (-0.1205722, -0.0005722279), (-0.1203151, -0.003266667), (-0.1232667, -0.0003150569), (-0.1203151, -0.003266667), (-0.1232667, -0.003266667), (-0.1232667, 0.001400238), (-0.1210667, 0.001133333), (-0.1205722, -0.0005722279), (-0.1232667, 0.001400238), (-0.1205722, -0.0005722279), (-0.1232667, -0.0003150569), (-0.1205722, -0.06609444), (-0.1188667, -0.0656), (-0.1194562, -0.06721051), (-0.1205722, -0.06609444), (-0.1194562, -0.06721051), (-0.1210667, -0.0678), (-0.1203151, -0.0634), (-0.1185998, -0.0634), (-0.1188667, -0.0656), (-0.1203151, -0.0634), (-0.1188667, -0.0656), (-0.1205722, -0.06609444), (-0.1203151, -0.003266667), (-0.1185998, -0.003266667), (-0.1185998, -0.0634), (-0.1203151, -0.003266667), (-0.1185998, -0.0634), (-0.1203151, -0.0634), (-0.1205722, -0.0005722279), (-0.1188667, -0.001066667), (-0.1185998, -0.003266667), (-0.1205722, -0.0005722279), (-0.1185998, -0.003266667), (-0.1203151, -0.003266667), (-0.1210667, 0.001133333), (-0.1194562, 0.0005438451), (-0.1188667, -0.001066667), (-0.1210667, 0.001133333), (-0.1188667, -0.001066667), (-0.1205722, -0.0005722279), (-0.2583216, -0.06721051), (-0.2567111, -0.0678), (-0.2572055, -0.06609444), (-0.2583216, -0.06721051), (-0.2572055, -0.06609444), (-0.2589111, -0.0656), (-0.2589111, -0.0656), (-0.2572055, -0.06609444), (-0.2574627, -0.0634), (-0.2589111, -0.0656), (-0.2574627, -0.0634), (-0.259178, -0.0634), (-0.259178, -0.0634), (-0.2574627, -0.0634), (-0.2574627, -0.003266667), (-0.259178, -0.0634), (-0.2574627, -0.003266667), (-0.259178, -0.003266667), (-0.259178, -0.003266667), (-0.2574627, -0.003266667), (-0.2572055, -0.0005722279), (-0.259178, -0.003266667), (-0.2572055, -0.0005722279), (-0.2589111, -0.001066667), (-0.2589111, -0.001066667), (-0.2572055, -0.0005722279), (-0.2567111, 0.001133333), (-0.2589111, -0.001066667), (-0.2567111, 0.001133333), (-0.2583216, 0.0005438451), (-0.2567111, -0.0678), (-0.2545111, -0.0680669), (-0.2545111, -0.06635161), (-0.2567111, -0.0678), (-0.2545111, -0.06635161), (-0.2572055, -0.06609444), (-0.2572055, -0.06609444), (-0.2545111, -0.06635161), (-0.2545111, -0.0634), (-0.2572055, -0.06609444), (-0.2545111, -0.0634), (-0.2574627, -0.0634), (-0.2574627, -0.0634), (-0.2545111, -0.0634), (-0.2545111, -0.003266667), (-0.2574627, -0.0634), (-0.2545111, -0.003266667), (-0.2574627, -0.003266667), (-0.2574627, -0.003266667), (-0.2545111, -0.003266667), (-0.2545111, -0.0003150569), (-0.2574627, -0.003266667), (-0.2545111, -0.0003150569), (-0.2572055, -0.0005722279), (-0.2572055, -0.0005722279), (-0.2545111, -0.0003150569), (-0.2545111, 0.001400238), (-0.2572055, -0.0005722279), (-0.2545111, 0.001400238), (-0.2567111, 0.001133333), (-0.2545111, -0.0680669), (-0.1232667, -0.0680669), (-0.1232667, -0.06635161), (-0.2545111, -0.0680669), (-0.1232667, -0.06635161), (-0.2545111, -0.06635161), (-0.2545111, -0.06635161), (-0.1232667, -0.06635161), (-0.1232667, -0.0634), (-0.2545111, -0.06635161), (-0.1232667, -0.0634), (-0.2545111, -0.0634), (-0.2545111, -0.0634), (-0.1232667, -0.0634), (-0.1232667, -0.003266667), (-0.2545111, -0.0634), (-0.1232667, -0.003266667), (-0.2545111, -0.003266667), (-0.2545111, -0.003266667), (-0.1232667, -0.003266667), (-0.1232667, -0.0003150569), (-0.2545111, -0.003266667), (-0.1232667, -0.0003150569), (-0.2545111, -0.0003150569), (-0.2545111, -0.0003150569), (-0.1232667, -0.0003150569), (-0.1232667, 0.001400238), (-0.2545111, -0.0003150569), (-0.1232667, 0.001400238), (-0.2545111, 0.001400238), (-0.1232667, -0.0680669), (-0.1210667, -0.0678), (-0.1205722, -0.06609444), (-0.1232667, -0.0680669), (-0.1205722, -0.06609444), (-0.1232667, -0.06635161), (-0.1232667, -0.06635161), (-0.1205722, -0.06609444), (-0.1203151, -0.0634), (-0.1232667, -0.06635161), (-0.1203151, -0.0634), (-0.1232667, -0.0634), (-0.1232667, -0.0634), (-0.1203151, -0.0634), (-0.1203151, -0.003266667), (-0.1232667, -0.0634), (-0.1203151, -0.003266667), (-0.1232667, -0.003266667), (-0.1232667, -0.003266667), (-0.1203151, -0.003266667), (-0.1205722, -0.0005722279), (-0.1232667, -0.003266667), (-0.1205722, -0.0005722279), (-0.1232667, -0.0003150569), (-0.1232667, -0.0003150569), (-0.1205722, -0.0005722279), (-0.1210667, 0.001133333), (-0.1232667, -0.0003150569), (-0.1210667, 0.001133333), (-0.1232667, 0.001400238), (-0.1210667, -0.0678), (-0.1194562, -0.06721051), (-0.1188667, -0.0656), (-0.1210667, -0.0678), (-0.1188667, -0.0656), (-0.1205722, -0.06609444), (-0.1205722, -0.06609444), (-0.1188667, -0.0656), (-0.1185998, -0.0634), (-0.1205722, -0.06609444), (-0.1185998, -0.0634), (-0.1203151, -0.0634), (-0.1203151, -0.0634), (-0.1185998, -0.0634), (-0.1185998, -0.003266667), (-0.1203151, -0.0634), (-0.1185998, -0.003266667), (-0.1203151, -0.003266667), (-0.1203151, -0.003266667), (-0.1185998, -0.003266667), (-0.1188667, -0.001066667), (-0.1203151, -0.003266667), (-0.1188667, -0.001066667), (-0.1205722, -0.0005722279), (-0.1205722, -0.0005722279), (-0.1188667, -0.001066667), (-0.1194562, 0.0005438451), (-0.1205722, -0.0005722279), (-0.1194562, 0.0005438451), (-0.1210667, 0.001133333)] (interpolation = "faceVarying")
        }
        def Mesh "SMDEndTermination_03" (prepend apiSchemas = ["MaterialBindingAPI"])
        {
            uniform token subdivisionScheme = "none"
            uniform token orientation = "rightHanded"
            bool doubleSided = false
            point3f[] points = [(-0.002339763, -0.0006396631, 0.007902737), (-0.0023433, -0.0006432, 0.0079124), (-0.002344901, -0.0006448014, 0.0079256), (-0.002344901, -0.0006448014, 0.0092744), (-0.0023433, -0.0006432, 0.0092876), (-0.002339763, -0.0006396631, 0.009297263), (-0.0023433, -0.00063, 0.0078992), (-0.002349233, -0.0006329666, 0.007909433), (-0.002352319, -0.0006345097, 0.0079256), (-0.002352319, -0.0006345097, 0.0092744), (-0.002349233, -0.0006329666, 0.009290567), (-0.0023433, -0.00063, 0.0093008), (-0.002344901, -0.0006168, 0.007897599), (-0.002352319, -0.0006168, 0.00790789), (-0.0023565, -0.0006168, 0.0079256), (-0.0023565, -0.0006168, 0.0092744), (-0.002352319, -0.0006168, 0.00929211), (-0.002344901, -0.0006168, 0.009302401), (-0.002344901, 1.68e-05, 0.007897599), (-0.002352319, 1.68e-05, 0.00790789), (-0.0023565, 1.68e-05, 0.0079256), (-0.0023565, 1.68e-05, 0.0092744), (-0.002352319, 1.68e-05, 0.00929211), (-0.002344901, 1.68e-05, 0.009302401), (-0.0023433, 3e-05, 0.0078992), (-0.002349233, 3.296663e-05, 0.007909433), (-0.002352319, 3.450966e-05, 0.0079256), (-0.002352319, 3.450966e-05, 0.0092744), (-0.002349233, 3.296663e-05, 0.009290567), (-0.0023433, 3e-05, 0.0093008), (-0.002339763, 3.966307e-05, 0.007902737), (-0.0023433, 4.32e-05, 0.0079124), (-0.002344901, 4.480143e-05, 0.0079256), (-0.002344901, 4.480143e-05, 0.0092744), (-0.0023433, 4.32e-05, 0.0092876), (-0.002339763, 3.966307e-05, 0.009297263), (-0.002152237, -0.0006396631, 0.007902737), (-0.0021487, -0.0006432, 0.0079124), (-0.002147099, -0.0006448014, 0.0079256), (-0.002147099, -0.0006448014, 0.0092744), (-0.0021487, -0.0006432, 0.0092876), (-0.002152237, -0.0006396631, 0.009297263), (-0.0021487, -0.00063, 0.0078992), (-0.002142767, -0.0006329666, 0.007909433), (-0.002139681, -0.0006345097, 0.0079256), (-0.002139681, -0.0006345097, 0.0092744), (-0.002142767, -0.0006329666, 0.009290567), (-0.0021487, -0.00063, 0.0093008), (-0.002147099, -0.0006168, 0.007897599), (-0.002139681, -0.0006168, 0.00790789), (-0.0021355, -0.0006168, 0.0079256), (-0.0021355, -0.0006168, 0.0092744), (-0.002139681, -0.0006168, 0.00929211), (-0.002147099, -0.0006168, 0.009302401), (-0.002147099, 1.68e-05, 0.007897599), (-0.002139681, 1.68e-05, 0.00790789), (-0.0021355, 1.68e-05, 0.0079256), (-0.0021355, 1.68e-05, 0.0092744), (-0.002139681, 1.68e-05, 0.00929211), (-0.002147099, 1.68e-05, 0.009302401), (-0.0021487, 3e-05, 0.0078992), (-0.002142767, 3.296663e-05, 0.007909433), (-0.002139681, 3.450966e-05, 0.0079256), (-0.002139681, 3.450966e-05, 0.0092744), (-0.002142767, 3.296663e-05, 0.009290567), (-0.0021487, 3e-05, 0.0093008), (-0.002152237, 3.966307e-05, 0.007902737), (-0.0021487, 4.32e-05, 0.0079124), (-0.002147099, 4.480143e-05, 0.0079256), (-0.002147099, 4.480143e-05, 0.0092744), (-0.0021487, 4.32e-05, 0.0092876), (-0.002152237, 3.966307e-05, 0.009297263), (-0.002339763, -0.0006396631, 0.007902737), (-0.0023301, -0.0006432, 0.0078992), (-0.0023169, -0.0006448014, 0.007897599), (-0.0021751, -0.0006448014, 0.007897599), (-0.0021619, -0.0006432, 0.0078992), (-0.002152237, -0.0006396631, 0.007902737), (-0.0023433, -0.0006432, 0.0079124), (-0.002333067, -0.0006491333, 0.007909433), (-0.0023169, -0.0006522193, 0.00790789), (-0.0021751, -0.0006522193, 0.00790789), (-0.002158933, -0.0006491333, 0.007909433), (-0.0021487, -0.0006432, 0.0079124), (-0.002344901, -0.0006448014, 0.0079256), (-0.00233461, -0.0006522193, 0.0079256), (-0.0023169, -0.0006564, 0.0079256), (-0.0021751, -0.0006564, 0.0079256), (-0.00215739, -0.0006522193, 0.0079256), (-0.002147099, -0.0006448014, 0.0079256), (-0.002344901, -0.0006448014, 0.0092744), (-0.00233461, -0.0006522193, 0.0092744), (-0.0023169, -0.0006564, 0.0092744), (-0.0021751, -0.0006564, 0.0092744), (-0.00215739, -0.0006522193, 0.0092744), (-0.002147099, -0.0006448014, 0.0092744), (-0.0023433, -0.0006432, 0.0092876), (-0.002333067, -0.0006491333, 0.009290567), (-0.0023169, -0.0006522193, 0.00929211), (-0.0021751, -0.0006522193, 0.00929211), (-0.002158933, -0.0006491333, 0.009290567), (-0.0021487, -0.0006432, 0.0092876), (-0.002339763, -0.0006396631, 0.009297263), (-0.0023301, -0.0006432, 0.0093008), (-0.0023169, -0.0006448014, 0.009302401), (-0.0021751, -0.0006448014, 0.009302401), (-0.0021619, -0.0006432, 0.0093008), (-0.002152237, -0.0006396631, 0.009297263), (-0.002339763, 3.966307e-05, 0.007902737), (-0.0023301, 4.32e-05, 0.0078992), (-0.0023169, 4.480143e-05, 0.007897599), (-0.0021751, 4.480143e-05, 0.007897599), (-0.0021619, 4.32e-05, 0.0078992), (-0.002152237, 3.966307e-05, 0.007902737), (-0.0023433, 4.32e-05, 0.0079124), (-0.002333067, 4.913326e-05, 0.007909433), (-0.0023169, 5.221932e-05, 0.00790789), (-0.0021751, 5.221932e-05, 0.00790789), (-0.002158933, 4.913326e-05, 0.007909433), (-0.0021487, 4.32e-05, 0.0079124), (-0.002344901, 4.480143e-05, 0.0079256), (-0.00233461, 5.221932e-05, 0.0079256), (-0.0023169, 5.64e-05, 0.0079256), (-0.0021751, 5.64e-05, 0.0079256), (-0.00215739, 5.221932e-05, 0.0079256), (-0.002147099, 4.480143e-05, 0.0079256), (-0.002344901, 4.480143e-05, 0.0092744), (-0.00233461, 5.221932e-05, 0.0092744), (-0.0023169, 5.64e-05, 0.0092744), (-0.0021751, 5.64e-05, 0.0092744), (-0.00215739, 5.221932e-05, 0.0092744), (-0.002147099, 4.480143e-05, 0.0092744), (-0.0023433, 4.32e-05, 0.0092876), (-0.002333067, 4.913326e-05, 0.009290567), (-0.0023169, 5.221932e-05, 0.00929211), (-0.0021751, 5.221932e-05, 0.00929211), (-0.002158933, 4.913326e-05, 0.009290567), (-0.0021487, 4.32e-05, 0.0092876), (-0.002339763, 3.966307e-05, 0.009297263), (-0.0023301, 4.32e-05, 0.0093008), (-0.0023169, 4.480143e-05, 0.009302401), (-0.0021751, 4.480143e-05, 0.009302401), (-0.0021619, 4.32e-05, 0.0093008), (-0.002152237, 3.966307e-05, 0.009297263), (-0.002339763, -0.0006396631, 0.007902737), (-0.0023433, -0.00063, 0.0078992), (-0.002344901, -0.0006168, 0.007897599), (-0.002344901, 1.68e-05, 0.007897599), (-0.0023433, 3e-05, 0.0078992), (-0.002339763, 3.966307e-05, 0.007902737), (-0.0023301, -0.0006432, 0.0078992), (-0.002333067, -0.0006329666, 0.007893267), (-0.00233461, -0.0006168, 0.007890181), (-0.00233461, 1.68e-05, 0.007890181), (-0.002333067, 3.296663e-05, 0.007893267), (-0.0023301, 4.32e-05, 0.0078992), (-0.0023169, -0.0006448014, 0.007897599), (-0.0023169, -0.0006345097, 0.007890181), (-0.0023169, -0.0006168, 0.007886), (-0.0023169, 1.68e-05, 0.007886), (-0.0023169, 3.450966e-05, 0.007890181), (-0.0023169, 4.480143e-05, 0.007897599), (-0.0021751, -0.0006448014, 0.007897599), (-0.0021751, -0.0006345097, 0.007890181), (-0.0021751, -0.0006168, 0.007886), (-0.0021751, 1.68e-05, 0.007886), (-0.0021751, 3.450966e-05, 0.007890181), (-0.0021751, 4.480143e-05, 0.007897599), (-0.0021619, -0.0006432, 0.0078992), (-0.002158933, -0.0006329666, 0.007893267), (-0.00215739, -0.0006168, 0.007890181), (-0.00215739, 1.68e-05, 0.007890181), (-0.002158933, 3.296663e-05, 0.007893267), (-0.0021619, 4.32e-05, 0.0078992), (-0.002152237, -0.0006396631, 0.007902737), (-0.0021487, -0.00063, 0.0078992), (-0.002147099, -0.0006168, 0.007897599), (-0.002147099, 1.68e-05, 0.007897599), (-0.0021487, 3e-05, 0.0078992), (-0.002152237, 3.966307e-05, 0.007902737), (-0.002339763, -0.0006396631, 0.009297263), (-0.0023433, -0.00063, 0.0093008), (-0.002344901, -0.0006168, 0.009302401), (-0.002344901, 1.68e-05, 0.009302401), (-0.0023433, 3e-05, 0.0093008), (-0.002339763, 3.966307e-05, 0.009297263), (-0.0023301, -0.0006432, 0.0093008), (-0.002333067, -0.0006329666, 0.009306733), (-0.00233461, -0.0006168, 0.009309819), (-0.00233461, 1.68e-05, 0.009309819), (-0.002333067, 3.296663e-05, 0.009306733), (-0.0023301, 4.32e-05, 0.0093008), (-0.0023169, -0.0006448014, 0.009302401), (-0.0023169, -0.0006345097, 0.009309819), (-0.0023169, -0.0006168, 0.009314), (-0.0023169, 1.68e-05, 0.009314), (-0.0023169, 3.450966e-05, 0.009309819), (-0.0023169, 4.480143e-05, 0.009302401), (-0.0021751, -0.0006448014, 0.009302401), (-0.0021751, -0.0006345097, 0.009309819), (-0.0021751, -0.0006168, 0.009314), (-0.0021751, 1.68e-05, 0.009314), (-0.0021751, 3.450966e-05, 0.009309819), (-0.0021751, 4.480143e-05, 0.009302401), (-0.0021619, -0.0006432, 0.0093008), (-0.002158933, -0.0006329666, 0.009306733), (-0.00215739, -0.0006168, 0.009309819), (-0.00215739, 1.68e-05, 0.009309819), (-0.002158933, 3.296663e-05, 0.009306733), (-0.0021619, 4.32e-05, 0.0093008), (-0.002152237, -0.0006396631, 0.009297263), (-0.0021487, -0.00063, 0.0093008), (-0.002147099, -0.0006168, 0.009302401), (-0.002147099, 1.68e-05, 0.009302401), (-0.0021487, 3e-05, 0.0093008), (-0.002152237, 3.966307e-05, 0.009297263)]
            int[] faceVertexCounts = [3, 3, 3, 3, 3, 3, 3, 3, 3, 3, 3, 3, 3, 3, 3, 3, 3, 3, 3, 3, 3, 3, 3, 3, 3, 3, 3, 3, 3, 3, 3, 3, 3, 3, 3, 3, 3, 3, 3, 3, 3, 3, 3, 3, 3, 3, 3, 3, 3, 3, 3, 3, 3, 3, 3, 3, 3, 3, 3, 3, 3, 3, 3, 3, 3, 3, 3, 3, 3, 3, 3, 3, 3, 3, 3, 3, 3, 3, 3, 3, 3, 3, 3, 3, 3, 3, 3, 3, 3, 3, 3, 3, 3, 3, 3, 3, 3, 3, 3, 3, 3, 3, 3, 3, 3, 3, 3, 3, 3, 3, 3, 3, 3, 3, 3, 3, 3, 3, 3, 3, 3, 3, 3, 3, 3, 3, 3, 3, 3, 3, 3, 3, 3, 3, 3, 3, 3, 3, 3, 3, 3, 3, 3, 3, 3, 3, 3, 3, 3, 3, 3, 3, 3, 3, 3, 3, 3, 3, 3, 3, 3, 3, 3, 3, 3, 3, 3, 3, 3, 3, 3, 3, 3, 3, 3, 3, 3, 3, 3, 3, 3, 3, 3, 3, 3, 3, 3, 3, 3, 3, 3, 3, 3, 3, 3, 3, 3, 3, 3, 3, 3, 3, 3, 3, 3, 3, 3, 3, 3, 3, 3, 3, 3, 3, 3, 3, 3, 3, 3, 3, 3, 3, 3, 3, 3, 3, 3, 3, 3, 3, 3, 3, 3, 3, 3, 3, 3, 3, 3, 3, 3, 3, 3, 3, 3, 3, 3, 3, 3, 3, 3, 3, 3, 3, 3, 3, 3, 3, 3, 3, 3, 3, 3, 3, 3, 3, 3, 3, 3, 3, 3, 3, 3, 3, 3, 3, 3, 3, 3, 3, 3, 3, 3, 3, 3, 3, 3, 3, 3, 3, 3, 3, 3, 3, 3, 3, 3, 3, 3, 3]
            int[] faceVertexIndices = [1, 7, 6, 1, 6, 0, 2, 8, 7, 2, 7, 1, 3, 9, 8, 3, 8, 2, 4, 10, 9, 4, 9, 3, 5, 11, 10, 5, 10, 4, 7, 13, 12, 7, 12, 6, 8, 14, 13, 8, 13, 7, 9, 15, 14, 9, 14, 8, 10, 16, 15, 10, 15, 9, 11, 17, 16, 11, 16, 10, 13, 19, 18, 13, 18, 12, 14, 20, 19, 14, 19, 13, 15, 21, 20, 15, 20, 14, 16, 22, 21, 16, 21, 15, 17, 23, 22, 17, 22, 16, 19, 25, 24, 19, 24, 18, 20, 26, 25, 20, 25, 19, 21, 27, 26, 21, 26, 20, 22, 28, 27, 22, 27, 21, 23, 29, 28, 23, 28, 22, 25, 31, 30, 25, 30, 24, 26, 32, 31, 26, 31, 25, 27, 33, 32, 27, 32, 26, 28, 34, 33, 28, 33, 27, 29, 35, 34, 29, 34, 28, 36, 42, 43, 36, 43, 37, 37, 43, 44, 37, 44, 38, 38, 44, 45, 38, 45, 39, 39, 45, 46, 39, 46, 40, 40, 46, 47, 40, 47, 41, 42, 48, 49, 42, 49, 43, 43, 49, 50, 43, 50, 44, 44, 50, 51, 44, 51, 45, 45, 51, 52, 45, 52, 46, 46, 52, 53, 46, 53, 47, 48, 54, 55, 48, 55, 49, 49, 55, 56, 49, 56, 50, 50, 56, 57, 50, 57, 51, 51, 57, 58, 51, 58, 52, 52, 58, 59, 52, 59, 53, 54, 60, 61, 54, 61, 55, 55, 61, 62, 55, 62, 56, 56, 62, 63, 56, 63, 57, 57, 63, 64, 57, 64, 58, 58, 64, 65, 58, 65, 59, 60, 66, 67, 60, 67, 61, 61, 67, 68, 61, 68, 62, 62, 68, 69, 62, 69, 63, 63, 69, 70, 63, 70, 64, 64, 70, 71, 64, 71, 65, 73, 79, 78, 73, 78, 72, 74, 80, 79, 74, 79, 73, 75, 81, 80, 75, 80, 74, 76, 82, 81, 76, 81, 75, 77, 83, 82, 77, 82, 76, 79, 85, 84, 79, 84, 78, 80, 86, 85, 80, 85, 79, 81, 87, 86, 81, 86, 80, 82, 88, 87, 82, 87, 81, 83, 89, 88, 83, 88, 82, 85, 91, 90, 85, 90, 84, 86, 92, 91, 86, 91, 85, 87, 93, 92, 87, 92, 86, 88, 94, 93, 88, 93, 87, 89, 95, 94, 89, 94, 88, 91, 97, 96, 91, 96, 90, 92, 98, 97, 92, 97, 91, 93, 99, 98, 93, 98, 92, 94, 100, 99, 94, 99, 93, 95, 101, 100, 95, 100, 94, 97, 103, 102, 97, 102, 96, 98, 104, 103, 98, 103, 97, 99, 105, 104, 99, 104, 98, 100, 106, 105, 100, 105, 99, 101, 107, 106, 101, 106, 100, 108, 114, 115, 108, 115, 109, 109, 115, 116, 109, 116, 110, 110, 116, 117, 110, 117, 111, 111, 117, 118, 111, 118, 112, 112, 118, 119, 112, 119, 113, 114, 120, 121, 114, 121, 115, 115, 121, 122, 115, 122, 116, 116, 122, 123, 116, 123, 117, 117, 123, 124, 117, 124, 118, 118, 124, 125, 118, 125, 119, 120, 126, 127, 120, 127, 121, 121, 127, 128, 121, 128, 122, 122, 128, 129, 122, 129, 123, 123, 129, 130, 123, 130, 124, 124, 130, 131, 124, 131, 125, 126, 132, 133, 126, 133, 127, 127, 133, 134, 127, 134, 128, 128, 134, 135, 128, 135, 129, 129, 135, 136, 129, 136, 130, 130, 136, 137, 130, 137, 131, 132, 138, 139, 132, 139, 133, 133, 139, 140, 133, 140, 134, 134, 140, 141, 134, 141, 135, 135, 141, 142, 135, 142, 136, 136, 142, 143, 136, 143, 137, 145, 151, 150, 145, 150, 144, 146, 152, 151, 146, 151, 145, 147, 153, 152, 147, 152, 146, 148, 154, 153, 148, 153, 147, 149, 155, 154, 149, 154, 148, 151, 157, 156, 151, 156, 150, 152, 158, 157, 152, 157, 151, 153, 159, 158, 153, 158, 152, 154, 160, 159, 154, 159, 153, 155, 161, 160, 155, 160, 154, 157, 163, 162, 157, 162, 156, 158, 164, 163, 158, 163, 157, 159, 165, 164, 159, 164, 158, 160, 166, 165, 160, 165, 159, 161, 167, 166, 161, 166, 160, 163, 169, 168, 163, 168, 162, 164, 170, 169, 164, 169, 163, 165, 171, 170, 165, 170, 164, 166, 172, 171, 166, 171, 165, 167, 173, 172, 167, 172, 166, 169, 175, 174, 169, 174, 168, 170, 176, 175, 170, 175, 169, 171, 177, 176, 171, 176, 170, 172, 178, 177, 172, 177, 171, 173, 179, 178, 173, 178, 172, 180, 186, 187, 180, 187, 181, 181, 187, 188, 181, 188, 182, 182, 188, 189, 182, 189, 183, 183, 189, 190, 183, 190, 184, 184, 190, 191, 184, 191, 185, 186, 192, 193, 186, 193, 187, 187, 193, 194, 187, 194, 188, 188, 194, 195, 188, 195, 189, 189, 195, 196, 189, 196, 190, 190, 196, 197, 190, 197, 191, 192, 198, 199, 192, 199, 193, 193, 199, 200, 193, 200, 194, 194, 200, 201, 194, 201, 195, 195, 201, 202, 195, 202, 196, 196, 202, 203, 196, 203, 197, 198, 204, 205, 198, 205, 199, 199, 205, 206, 199, 206, 200, 200, 206, 207, 200, 207, 201, 201, 207, 208, 201, 208, 202, 202, 208, 209, 202, 209, 203, 204, 210, 211, 204, 211, 205, 205, 211, 212, 205, 212, 206, 206, 212, 213, 206, 213, 207, 207, 213, 214, 207, 214, 208, 208, 214, 215, 208, 215, 209]
            normal3f[] normals = [(-0.7745967, -0.4472136, -0.4472136), (-0.7668657, -0.5195657, -0.376787), (-0.8115308, -0.5842963, -0.003954934), (-0.8112419, -0.5847101, 0.0008246707), (-0.7900625, -0.5555967, 0.2590629), (-0.7071068, -0.5, 0.5), (-0.7668657, -0.376787, -0.5195657), (-0.8559572, -0.3656073, -0.3656073), (-0.8964429, -0.4431494, -0.002941409), (-0.9449388, -0.327241, 0.001976786), (-0.8844941, -0.3299016, 0.3299016), (-0.7900625, -0.2590629, 0.5555967), (-0.8118281, -0.008227935, -0.5838386), (-0.8973103, -0.00616946, -0.4413572), (-0.9999079, -0.01226943, -0.00580601), (-0.9999933, -0.003305419, 0.001591831), (-0.9445719, -0.00416251, 0.3282781), (-0.8112409, -0.00174595, 0.5847094), (-0.8112409, 0.00174595, -0.5847094), (-0.9445719, 0.00416251, -0.3282781), (-0.9999933, 0.003305419, -0.001591831), (-0.9999079, 0.01226943, 0.00580601), (-0.8973103, 0.00616946, 0.4413572), (-0.8118281, 0.008227935, 0.5838386), (-0.7900625, 0.2590629, -0.5555967), (-0.8844941, 0.3299016, -0.3299016), (-0.9449388, 0.327241, -0.001976786), (-0.8964429, 0.4431494, 0.002941409), (-0.8559572, 0.3656073, 0.3656073), (-0.7668657, 0.376787, 0.5195657), (-0.7071068, 0.5, -0.5), (-0.7900625, 0.5555967, -0.2590629), (-0.8112419, 0.5847101, -0.0008246707), (-0.8115308, 0.5842963, 0.003954934), (-0.7668657, 0.5195657, 0.376787), (-0.7745967, 0.4472136, 0.4472136), (0.7071068, -0.5, -0.5), (0.7900625, -0.5555967, -0.2590629), (0.8112419, -0.5847101, -0.0008246707), (0.8115308, -0.5842963, 0.003954934), (0.7668657, -0.5195657, 0.376787), (0.7745967, -0.4472136, 0.4472136), (0.7900625, -0.2590629, -0.5555967), (0.8844941, -0.3299016, -0.3299016), (0.9449388, -0.327241, -0.001976786), (0.8964429, -0.4431494, 0.002941409), (0.8559572, -0.3656073, 0.3656073), (0.7668657, -0.376787, 0.5195657), (0.8112409, -0.00174595, -0.5847094), (0.9445719, -0.00416251, -0.3282781), (0.9999933, -0.003305419, -0.001591831), (0.9999079, -0.01226943, 0.00580601), (0.8973103, -0.00616946, 0.4413572), (0.8118281, -0.008227935, 0.5838386), (0.8118281, 0.008227935, -0.5838386), (0.8973103, 0.00616946, -0.4413572), (0.9999079, 0.01226943, -0.00580601), (0.9999933, 0.003305419, 0.001591831), (0.9445719, 0.00416251, 0.3282781), (0.8112409, 0.00174595, 0.5847094), (0.7668657, 0.376787, -0.5195657), (0.8559572, 0.3656073, -0.3656073), (0.8964429, 0.4431494, -0.002941409), (0.9449388, 0.327241, 0.001976786), (0.8844941, 0.3299016, 0.3299016), (0.7900625, 0.2590629, 0.5555967), (0.7745967, 0.4472136, -0.4472136), (0.7668657, 0.5195657, -0.376787), (0.8115308, 0.5842963, -0.003954934), (0.8112419, 0.5847101, 0.0008246707), (0.7900625, 0.5555967, 0.2590629), (0.7071068, 0.5, 0.5), (-0.4472136, -0.7745967, -0.4472136), (-0.376787, -0.7668657, -0.5195657), (-0.03199722, -0.8132069, -0.5810944), (0.007531855, -0.8112192, -0.5846937), (0.2590629, -0.7900625, -0.5555967), (0.5, -0.7071068, -0.5), (-0.5195657, -0.7668657, -0.376787), (-0.3656073, -0.8559572, -0.3656073), (-0.02513831, -0.9021466, -0.4306967), (0.01736477, -0.9422354, -0.3345011), (0.3299016, -0.8844941, -0.3299016), (0.5555967, -0.7900625, -0.2590629), (-0.5842963, -0.8115308, -0.003954934), (-0.4431494, -0.8964429, -0.002941409), (-0.04640297, -0.9989095, -0.005149196), (0.0140834, -0.9998993, -0.001761799), (0.327241, -0.9449388, -0.001976786), (0.5847101, -0.8112419, -0.0008246707), (-0.5847101, -0.8112419, 0.0008246707), (-0.327241, -0.9449388, 0.001976786), (-0.0140834, -0.9998993, 0.001761799), (0.04640297, -0.9989095, 0.005149196), (0.4431494, -0.8964429, 0.002941409), (0.5842963, -0.8115308, 0.003954934), (-0.5555967, -0.7900625, 0.2590629), (-0.3299016, -0.8844941, 0.3299016), (-0.01736477, -0.9422354, 0.3345011), (0.02513831, -0.9021466, 0.4306967), (0.3656073, -0.8559572, 0.3656073), (0.5195657, -0.7668657, 0.376787), (-0.5, -0.7071068, 0.5), (-0.2590629, -0.7900625, 0.5555967), (-0.007531855, -0.8112192, 0.5846937), (0.03199722, -0.8132069, 0.5810944), (0.376787, -0.7668657, 0.5195657), (0.4472136, -0.7745967, 0.4472136), (-0.5, 0.7071068, -0.5), (-0.2590629, 0.7900625, -0.5555967), (-0.007531855, 0.8112192, -0.5846937), (0.03199722, 0.8132069, -0.5810944), (0.376787, 0.7668657, -0.5195657), (0.4472136, 0.7745967, -0.4472136), (-0.5555967, 0.7900625, -0.2590629), (-0.3299016, 0.8844941, -0.3299016), (-0.01736477, 0.9422354, -0.3345011), (0.02513831, 0.9021466, -0.4306967), (0.3656073, 0.8559572, -0.3656073), (0.5195657, 0.7668657, -0.376787), (-0.5847101, 0.8112419, -0.0008246707), (-0.327241, 0.9449388, -0.001976786), (-0.0140834, 0.9998993, -0.001761799), (0.04640297, 0.9989095, -0.005149196), (0.4431494, 0.8964429, -0.002941409), (0.5842963, 0.8115308, -0.003954934), (-0.5842963, 0.8115308, 0.003954934), (-0.4431494, 0.8964429, 0.002941409), (-0.04640297, 0.9989095, 0.005149196), (0.0140834, 0.9998993, 0.001761799), (0.327241, 0.9449388, 0.001976786), (0.5847101, 0.8112419, 0.0008246707), (-0.5195657, 0.7668657, 0.376787), (-0.3656073, 0.8559572, 0.3656073), (-0.02513831, 0.9021466, 0.4306967), (0.01736477, 0.9422354, 0.3345011), (0.3299016, 0.8844941, 0.3299016), (0.5555967, 0.7900625, 0.2590629), (-0.4472136, 0.7745967, 0.4472136), (-0.376787, 0.7668657, 0.5195657), (-0.03199722, 0.8132069, 0.5810944), (0.007531855, 0.8112192, 0.5846937), (0.2590629, 0.7900625, 0.5555967), (0.5, 0.7071068, 0.5), (-0.4472136, -0.4472136, -0.7745967), (-0.5195657, -0.376787, -0.7668657), (-0.5838386, -0.008227935, -0.8118281), (-0.5847094, 0.00174595, -0.8112409), (-0.5555967, 0.2590629, -0.7900625), (-0.5, 0.5, -0.7071068), (-0.376787, -0.5195657, -0.7668657), (-0.3656073, -0.3656073, -0.8559572), (-0.4413572, -0.00616946, -0.8973103), (-0.3282781, 0.00416251, -0.9445719), (-0.3299016, 0.3299016, -0.8844941), (-0.2590629, 0.5555967, -0.7900625), (-0.03199722, -0.5810944, -0.8132069), (-0.02513831, -0.4306967, -0.9021466), (-0.04561977, -0.01069778, -0.9989016), (-0.01431629, 0.003718851, -0.9998906), (-0.01736477, 0.3345011, -0.9422354), (-0.007531855, 0.5846937, -0.8112192), (0.007531855, -0.5846937, -0.8112192), (0.01736477, -0.3345011, -0.9422354), (0.01431629, -0.003718851, -0.9998906), (0.04561977, 0.01069778, -0.9989016), (0.02513831, 0.4306967, -0.9021466), (0.03199722, 0.5810944, -0.8132069), (0.2590629, -0.5555967, -0.7900625), (0.3299016, -0.3299016, -0.8844941), (0.3282781, -0.00416251, -0.9445719), (0.4413572, 0.00616946, -0.8973103), (0.3656073, 0.3656073, -0.8559572), (0.376787, 0.5195657, -0.7668657), (0.5, -0.5, -0.7071068), (0.5555967, -0.2590629, -0.7900625), (0.5847094, -0.00174595, -0.8112409), (0.5838386, 0.008227935, -0.8118281), (0.5195657, 0.376787, -0.7668657), (0.4472136, 0.4472136, -0.7745967), (-0.5, -0.5, 0.7071068), (-0.5555967, -0.2590629, 0.7900625), (-0.5847094, -0.00174595, 0.8112409), (-0.5838386, 0.008227935, 0.8118281), (-0.5195657, 0.376787, 0.7668657), (-0.4472136, 0.4472136, 0.7745967), (-0.2590629, -0.5555967, 0.7900625), (-0.3299016, -0.3299016, 0.8844941), (-0.3282781, -0.00416251, 0.9445719), (-0.4413572, 0.00616946, 0.8973103), (-0.3656073, 0.3656073, 0.8559572), (-0.376787, 0.5195657, 0.7668657), (-0.007531855, -0.5846937, 0.8112192), (-0.01736477, -0.3345011, 0.9422354), (-0.01431629, -0.003718851, 0.9998906), (-0.04561977, 0.01069778, 0.9989016), (-0.02513831, 0.4306967, 0.9021466), (-0.03199722, 0.5810944, 0.8132069), (0.03199722, -0.5810944, 0.8132069), (0.02513831, -0.4306967, 0.9021466), (0.04561977, -0.01069778, 0.9989016), (0.01431629, 0.003718851, 0.9998906), (0.01736477, 0.3345011, 0.9422354), (0.007531855, 0.5846937, 0.8112192), (0.376787, -0.5195657, 0.7668657), (0.3656073, -0.3656073, 0.8559572), (0.4413572, -0.00616946, 0.8973103), (0.3282781, 0.00416251, 0.9445719), (0.3299016, 0.3299016, 0.8844941), (0.2590629, 0.5555967, 0.7900625), (0.4472136, -0.4472136, 0.7745967), (0.5195657, -0.376787, 0.7668657), (0.5838386, -0.008227935, 0.8118281), (0.5847094, 0.00174595, 0.8112409), (0.5555967, 0.2590629, 0.7900625), (0.5, 0.5, 0.7071068)] (interpolation = "vertex")
            float3[] extent = [(-0.0023565, -0.0006564, 0.007886), (-0.0021355, 5.64e-05, 0.009314)]
            rel material:binding = </WorkbenchPart/Materials/solder>
        }
        def Mesh "SMDEndTermination_04" (prepend apiSchemas = ["MaterialBindingAPI"])
        {
            uniform token subdivisionScheme = "none"
            uniform token orientation = "rightHanded"
            bool doubleSided = false
            point3f[] points = [(-0.001247763, -0.0006396631, 0.007902737), (-0.0012513, -0.0006432, 0.0079124), (-0.001252901, -0.0006448014, 0.0079256), (-0.001252901, -0.0006448014, 0.0092744), (-0.0012513, -0.0006432, 0.0092876), (-0.001247763, -0.0006396631, 0.009297263), (-0.0012513, -0.00063, 0.0078992), (-0.001257233, -0.0006329666, 0.007909433), (-0.001260319, -0.0006345097, 0.0079256), (-0.001260319, -0.0006345097, 0.0092744), (-0.001257233, -0.0006329666, 0.009290567), (-0.0012513, -0.00063, 0.0093008), (-0.001252901, -0.0006168, 0.007897599), (-0.001260319, -0.0006168, 0.00790789), (-0.0012645, -0.0006168, 0.0079256), (-0.0012645, -0.0006168, 0.0092744), (-0.001260319, -0.0006168, 0.00929211), (-0.001252901, -0.0006168, 0.009302401), (-0.001252901, 1.68e-05, 0.007897599), (-0.001260319, 1.68e-05, 0.00790789), (-0.0012645, 1.68e-05, 0.0079256), (-0.0012645, 1.68e-05, 0.0092744), (-0.001260319, 1.68e-05, 0.00929211), (-0.001252901, 1.68e-05, 0.009302401), (-0.0012513, 3e-05, 0.0078992), (-0.001257233, 3.296663e-05, 0.007909433), (-0.001260319, 3.450966e-05, 0.0079256), (-0.001260319, 3.450966e-05, 0.0092744), (-0.001257233, 3.296663e-05, 0.009290567), (-0.0012513, 3e-05, 0.0093008), (-0.001247763, 3.966307e-05, 0.007902737), (-0.0012513, 4.32e-05, 0.0079124), (-0.001252901, 4.480143e-05, 0.0079256), (-0.001252901, 4.480143e-05, 0.0092744), (-0.0012513, 4.32e-05, 0.0092876), (-0.001247763, 3.966307e-05, 0.009297263), (-0.001060237, -0.0006396631, 0.007902737), (-0.0010567, -0.0006432, 0.0079124), (-0.001055099, -0.0006448014, 0.0079256), (-0.001055099, -0.0006448014, 0.0092744), (-0.0010567, -0.0006432, 0.0092876), (-0.001060237, -0.0006396631, 0.009297263), (-0.0010567, -0.00063, 0.0078992), (-0.001050767, -0.0006329666, 0.007909433), (-0.001047681, -0.0006345097, 0.0079256), (-0.001047681, -0.0006345097, 0.0092744), (-0.001050767, -0.0006329666, 0.009290567), (-0.0010567, -0.00063, 0.0093008), (-0.001055099, -0.0006168, 0.007897599), (-0.001047681, -0.0006168, 0.00790789), (-0.0010435, -0.0006168, 0.0079256), (-0.0010435, -0.0006168, 0.0092744), (-0.001047681, -0.0006168, 0.00929211), (-0.001055099, -0.0006168, 0.009302401), (-0.001055099, 1.68e-05, 0.007897599), (-0.001047681, 1.68e-05, 0.00790789), (-0.0010435, 1.68e-05, 0.0079256), (-0.0010435, 1.68e-05, 0.0092744), (-0.001047681, 1.68e-05, 0.00929211), (-0.001055099, 1.68e-05, 0.009302401), (-0.0010567, 3e-05, 0.0078992), (-0.001050767, 3.296663e-05, 0.007909433), (-0.001047681, 3.450966e-05, 0.0079256), (-0.001047681, 3.450966e-05, 0.0092744), (-0.001050767, 3.296663e-05, 0.009290567), (-0.0010567, 3e-05, 0.0093008), (-0.001060237, 3.966307e-05, 0.007902737), (-0.0010567, 4.32e-05, 0.0079124), (-0.001055099, 4.480143e-05, 0.0079256), (-0.001055099, 4.480143e-05, 0.0092744), (-0.0010567, 4.32e-05, 0.0092876), (-0.001060237, 3.966307e-05, 0.009297263), (-0.001247763, -0.0006396631, 0.007902737), (-0.0012381, -0.0006432, 0.0078992), (-0.0012249, -0.0006448014, 0.007897599), (-0.0010831, -0.0006448014, 0.007897599), (-0.0010699, -0.0006432, 0.0078992), (-0.001060237, -0.0006396631, 0.007902737), (-0.0012513, -0.0006432, 0.0079124), (-0.001241067, -0.0006491333, 0.007909433), (-0.0012249, -0.0006522193, 0.00790789), (-0.0010831, -0.0006522193, 0.00790789), (-0.001066933, -0.0006491333, 0.007909433), (-0.0010567, -0.0006432, 0.0079124), (-0.001252901, -0.0006448014, 0.0079256), (-0.00124261, -0.0006522193, 0.0079256), (-0.0012249, -0.0006564, 0.0079256), (-0.0010831, -0.0006564, 0.0079256), (-0.00106539, -0.0006522193, 0.0079256), (-0.001055099, -0.0006448014, 0.0079256), (-0.001252901, -0.0006448014, 0.0092744), (-0.00124261, -0.0006522193, 0.0092744), (-0.0012249, -0.0006564, 0.0092744), (-0.0010831, -0.0006564, 0.0092744), (-0.00106539, -0.0006522193, 0.0092744), (-0.001055099, -0.0006448014, 0.0092744), (-0.0012513, -0.0006432, 0.0092876), (-0.001241067, -0.0006491333, 0.009290567), (-0.0012249, -0.0006522193, 0.00929211), (-0.0010831, -0.0006522193, 0.00929211), (-0.001066933, -0.0006491333, 0.009290567), (-0.0010567, -0.0006432, 0.0092876), (-0.001247763, -0.0006396631, 0.009297263), (-0.0012381, -0.0006432, 0.0093008), (-0.0012249, -0.0006448014, 0.009302401), (-0.0010831, -0.0006448014, 0.009302401), (-0.0010699, -0.0006432, 0.0093008), (-0.001060237, -0.0006396631, 0.009297263), (-0.001247763, 3.966307e-05, 0.007902737), (-0.0012381, 4.32e-05, 0.0078992), (-0.0012249, 4.480143e-05, 0.007897599), (-0.0010831, 4.480143e-05, 0.007897599), (-0.0010699, 4.32e-05, 0.0078992), (-0.001060237, 3.966307e-05, 0.007902737), (-0.0012513, 4.32e-05, 0.0079124), (-0.001241067, 4.913326e-05, 0.007909433), (-0.0012249, 5.221932e-05, 0.00790789), (-0.0010831, 5.221932e-05, 0.00790789), (-0.001066933, 4.913326e-05, 0.007909433), (-0.0010567, 4.32e-05, 0.0079124), (-0.001252901, 4.480143e-05, 0.0079256), (-0.00124261, 5.221932e-05, 0.0079256), (-0.0012249, 5.64e-05, 0.0079256), (-0.0010831, 5.64e-05, 0.0079256), (-0.00106539, 5.221932e-05, 0.0079256), (-0.001055099, 4.480143e-05, 0.0079256), (-0.001252901, 4.480143e-05, 0.0092744), (-0.00124261, 5.221932e-05, 0.0092744), (-0.0012249, 5.64e-05, 0.0092744), (-0.0010831, 5.64e-05, 0.0092744), (-0.00106539, 5.221932e-05, 0.0092744), (-0.001055099, 4.480143e-05, 0.0092744), (-0.0012513, 4.32e-05, 0.0092876), (-0.001241067, 4.913326e-05, 0.009290567), (-0.0012249, 5.221932e-05, 0.00929211), (-0.0010831, 5.221932e-05, 0.00929211), (-0.001066933, 4.913326e-05, 0.009290567), (-0.0010567, 4.32e-05, 0.0092876), (-0.001247763, 3.966307e-05, 0.009297263), (-0.0012381, 4.32e-05, 0.0093008), (-0.0012249, 4.480143e-05, 0.009302401), (-0.0010831, 4.480143e-05, 0.009302401), (-0.0010699, 4.32e-05, 0.0093008), (-0.001060237, 3.966307e-05, 0.009297263), (-0.001247763, -0.0006396631, 0.007902737), (-0.0012513, -0.00063, 0.0078992), (-0.001252901, -0.0006168, 0.007897599), (-0.001252901, 1.68e-05, 0.007897599), (-0.0012513, 3e-05, 0.0078992), (-0.001247763, 3.966307e-05, 0.007902737), (-0.0012381, -0.0006432, 0.0078992), (-0.001241067, -0.0006329666, 0.007893267), (-0.00124261, -0.0006168, 0.007890181), (-0.00124261, 1.68e-05, 0.007890181), (-0.001241067, 3.296663e-05, 0.007893267), (-0.0012381, 4.32e-05, 0.0078992), (-0.0012249, -0.0006448014, 0.007897599), (-0.0012249, -0.0006345097, 0.007890181), (-0.0012249, -0.0006168, 0.007886), (-0.0012249, 1.68e-05, 0.007886), (-0.0012249, 3.450966e-05, 0.007890181), (-0.0012249, 4.480143e-05, 0.007897599), (-0.0010831, -0.0006448014, 0.007897599), (-0.0010831, -0.0006345097, 0.007890181), (-0.0010831, -0.0006168, 0.007886), (-0.0010831, 1.68e-05, 0.007886), (-0.0010831, 3.450966e-05, 0.007890181), (-0.0010831, 4.480143e-05, 0.007897599), (-0.0010699, -0.0006432, 0.0078992), (-0.001066933, -0.0006329666, 0.007893267), (-0.00106539, -0.0006168, 0.007890181), (-0.00106539, 1.68e-05, 0.007890181), (-0.001066933, 3.296663e-05, 0.007893267), (-0.0010699, 4.32e-05, 0.0078992), (-0.001060237, -0.0006396631, 0.007902737), (-0.0010567, -0.00063, 0.0078992), (-0.001055099, -0.0006168, 0.007897599), (-0.001055099, 1.68e-05, 0.007897599), (-0.0010567, 3e-05, 0.0078992), (-0.001060237, 3.966307e-05, 0.007902737), (-0.001247763, -0.0006396631, 0.009297263), (-0.0012513, -0.00063, 0.0093008), (-0.001252901, -0.0006168, 0.009302401), (-0.001252901, 1.68e-05, 0.009302401), (-0.0012513, 3e-05, 0.0093008), (-0.001247763, 3.966307e-05, 0.009297263), (-0.0012381, -0.0006432, 0.0093008), (-0.001241067, -0.0006329666, 0.009306733), (-0.00124261, -0.0006168, 0.009309819), (-0.00124261, 1.68e-05, 0.009309819), (-0.001241067, 3.296663e-05, 0.009306733), (-0.0012381, 4.32e-05, 0.0093008), (-0.0012249, -0.0006448014, 0.009302401), (-0.0012249, -0.0006345097, 0.009309819), (-0.0012249, -0.0006168, 0.009314), (-0.0012249, 1.68e-05, 0.009314), (-0.0012249, 3.450966e-05, 0.009309819), (-0.0012249, 4.480143e-05, 0.009302401), (-0.0010831, -0.0006448014, 0.009302401), (-0.0010831, -0.0006345097, 0.009309819), (-0.0010831, -0.0006168, 0.009314), (-0.0010831, 1.68e-05, 0.009314), (-0.0010831, 3.450966e-05, 0.009309819), (-0.0010831, 4.480143e-05, 0.009302401), (-0.0010699, -0.0006432, 0.0093008), (-0.001066933, -0.0006329666, 0.009306733), (-0.00106539, -0.0006168, 0.009309819), (-0.00106539, 1.68e-05, 0.009309819), (-0.001066933, 3.296663e-05, 0.009306733), (-0.0010699, 4.32e-05, 0.0093008), (-0.001060237, -0.0006396631, 0.009297263), (-0.0010567, -0.00063, 0.0093008), (-0.001055099, -0.0006168, 0.009302401), (-0.001055099, 1.68e-05, 0.009302401), (-0.0010567, 3e-05, 0.0093008), (-0.001060237, 3.966307e-05, 0.009297263)]
            int[] faceVertexCounts = [3, 3, 3, 3, 3, 3, 3, 3, 3, 3, 3, 3, 3, 3, 3, 3, 3, 3, 3, 3, 3, 3, 3, 3, 3, 3, 3, 3, 3, 3, 3, 3, 3, 3, 3, 3, 3, 3, 3, 3, 3, 3, 3, 3, 3, 3, 3, 3, 3, 3, 3, 3, 3, 3, 3, 3, 3, 3, 3, 3, 3, 3, 3, 3, 3, 3, 3, 3, 3, 3, 3, 3, 3, 3, 3, 3, 3, 3, 3, 3, 3, 3, 3, 3, 3, 3, 3, 3, 3, 3, 3, 3, 3, 3, 3, 3, 3, 3, 3, 3, 3, 3, 3, 3, 3, 3, 3, 3, 3, 3, 3, 3, 3, 3, 3, 3, 3, 3, 3, 3, 3, 3, 3, 3, 3, 3, 3, 3, 3, 3, 3, 3, 3, 3, 3, 3, 3, 3, 3, 3, 3, 3, 3, 3, 3, 3, 3, 3, 3, 3, 3, 3, 3, 3, 3, 3, 3, 3, 3, 3, 3, 3, 3, 3, 3, 3, 3, 3, 3, 3, 3, 3, 3, 3, 3, 3, 3, 3, 3, 3, 3, 3, 3, 3, 3, 3, 3, 3, 3, 3, 3, 3, 3, 3, 3, 3, 3, 3, 3, 3, 3, 3, 3, 3, 3, 3, 3, 3, 3, 3, 3, 3, 3, 3, 3, 3, 3, 3, 3, 3, 3, 3, 3, 3, 3, 3, 3, 3, 3, 3, 3, 3, 3, 3, 3, 3, 3, 3, 3, 3, 3, 3, 3, 3, 3, 3, 3, 3, 3, 3, 3, 3, 3, 3, 3, 3, 3, 3, 3, 3, 3, 3, 3, 3, 3, 3, 3, 3, 3, 3, 3, 3, 3, 3, 3, 3, 3, 3, 3, 3, 3, 3, 3, 3, 3, 3, 3, 3, 3, 3, 3, 3, 3, 3, 3, 3, 3, 3, 3, 3]
            int[] faceVertexIndices = [1, 7, 6, 1, 6, 0, 2, 8, 7, 2, 7, 1, 3, 9, 8, 3, 8, 2, 4, 10, 9, 4, 9, 3, 5, 11, 10, 5, 10, 4, 7, 13, 12, 7, 12, 6, 8, 14, 13, 8, 13, 7, 9, 15, 14, 9, 14, 8, 10, 16, 15, 10, 15, 9, 11, 17, 16, 11, 16, 10, 13, 19, 18, 13, 18, 12, 14, 20, 19, 14, 19, 13, 15, 21, 20, 15, 20, 14, 16, 22, 21, 16, 21, 15, 17, 23, 22, 17, 22, 16, 19, 25, 24, 19, 24, 18, 20, 26, 25, 20, 25, 19, 21, 27, 26, 21, 26, 20, 22, 28, 27, 22, 27, 21, 23, 29, 28, 23, 28, 22, 25, 31, 30, 25, 30, 24, 26, 32, 31, 26, 31, 25, 27, 33, 32, 27, 32, 26, 28, 34, 33, 28, 33, 27, 29, 35, 34, 29, 34, 28, 36, 42, 43, 36, 43, 37, 37, 43, 44, 37, 44, 38, 38, 44, 45, 38, 45, 39, 39, 45, 46, 39, 46, 40, 40, 46, 47, 40, 47, 41, 42, 48, 49, 42, 49, 43, 43, 49, 50, 43, 50, 44, 44, 50, 51, 44, 51, 45, 45, 51, 52, 45, 52, 46, 46, 52, 53, 46, 53, 47, 48, 54, 55, 48, 55, 49, 49, 55, 56, 49, 56, 50, 50, 56, 57, 50, 57, 51, 51, 57, 58, 51, 58, 52, 52, 58, 59, 52, 59, 53, 54, 60, 61, 54, 61, 55, 55, 61, 62, 55, 62, 56, 56, 62, 63, 56, 63, 57, 57, 63, 64, 57, 64, 58, 58, 64, 65, 58, 65, 59, 60, 66, 67, 60, 67, 61, 61, 67, 68, 61, 68, 62, 62, 68, 69, 62, 69, 63, 63, 69, 70, 63, 70, 64, 64, 70, 71, 64, 71, 65, 73, 79, 78, 73, 78, 72, 74, 80, 79, 74, 79, 73, 75, 81, 80, 75, 80, 74, 76, 82, 81, 76, 81, 75, 77, 83, 82, 77, 82, 76, 79, 85, 84, 79, 84, 78, 80, 86, 85, 80, 85, 79, 81, 87, 86, 81, 86, 80, 82, 88, 87, 82, 87, 81, 83, 89, 88, 83, 88, 82, 85, 91, 90, 85, 90, 84, 86, 92, 91, 86, 91, 85, 87, 93, 92, 87, 92, 86, 88, 94, 93, 88, 93, 87, 89, 95, 94, 89, 94, 88, 91, 97, 96, 91, 96, 90, 92, 98, 97, 92, 97, 91, 93, 99, 98, 93, 98, 92, 94, 100, 99, 94, 99, 93, 95, 101, 100, 95, 100, 94, 97, 103, 102, 97, 102, 96, 98, 104, 103, 98, 103, 97, 99, 105, 104, 99, 104, 98, 100, 106, 105, 100, 105, 99, 101, 107, 106, 101, 106, 100, 108, 114, 115, 108, 115, 109, 109, 115, 116, 109, 116, 110, 110, 116, 117, 110, 117, 111, 111, 117, 118, 111, 118, 112, 112, 118, 119, 112, 119, 113, 114, 120, 121, 114, 121, 115, 115, 121, 122, 115, 122, 116, 116, 122, 123, 116, 123, 117, 117, 123, 124, 117, 124, 118, 118, 124, 125, 118, 125, 119, 120, 126, 127, 120, 127, 121, 121, 127, 128, 121, 128, 122, 122, 128, 129, 122, 129, 123, 123, 129, 130, 123, 130, 124, 124, 130, 131, 124, 131, 125, 126, 132, 133, 126, 133, 127, 127, 133, 134, 127, 134, 128, 128, 134, 135, 128, 135, 129, 129, 135, 136, 129, 136, 130, 130, 136, 137, 130, 137, 131, 132, 138, 139, 132, 139, 133, 133, 139, 140, 133, 140, 134, 134, 140, 141, 134, 141, 135, 135, 141, 142, 135, 142, 136, 136, 142, 143, 136, 143, 137, 145, 151, 150, 145, 150, 144, 146, 152, 151, 146, 151, 145, 147, 153, 152, 147, 152, 146, 148, 154, 153, 148, 153, 147, 149, 155, 154, 149, 154, 148, 151, 157, 156, 151, 156, 150, 152, 158, 157, 152, 157, 151, 153, 159, 158, 153, 158, 152, 154, 160, 159, 154, 159, 153, 155, 161, 160, 155, 160, 154, 157, 163, 162, 157, 162, 156, 158, 164, 163, 158, 163, 157, 159, 165, 164, 159, 164, 158, 160, 166, 165, 160, 165, 159, 161, 167, 166, 161, 166, 160, 163, 169, 168, 163, 168, 162, 164, 170, 169, 164, 169, 163, 165, 171, 170, 165, 170, 164, 166, 172, 171, 166, 171, 165, 167, 173, 172, 167, 172, 166, 169, 175, 174, 169, 174, 168, 170, 176, 175, 170, 175, 169, 171, 177, 176, 171, 176, 170, 172, 178, 177, 172, 177, 171, 173, 179, 178, 173, 178, 172, 180, 186, 187, 180, 187, 181, 181, 187, 188, 181, 188, 182, 182, 188, 189, 182, 189, 183, 183, 189, 190, 183, 190, 184, 184, 190, 191, 184, 191, 185, 186, 192, 193, 186, 193, 187, 187, 193, 194, 187, 194, 188, 188, 194, 195, 188, 195, 189, 189, 195, 196, 189, 196, 190, 190, 196, 197, 190, 197, 191, 192, 198, 199, 192, 199, 193, 193, 199, 200, 193, 200, 194, 194, 200, 201, 194, 201, 195, 195, 201, 202, 195, 202, 196, 196, 202, 203, 196, 203, 197, 198, 204, 205, 198, 205, 199, 199, 205, 206, 199, 206, 200, 200, 206, 207, 200, 207, 201, 201, 207, 208, 201, 208, 202, 202, 208, 209, 202, 209, 203, 204, 210, 211, 204, 211, 205, 205, 211, 212, 205, 212, 206, 206, 212, 213, 206, 213, 207, 207, 213, 214, 207, 214, 208, 208, 214, 215, 208, 215, 209]
            normal3f[] normals = [(-0.7745967, -0.4472136, -0.4472136), (-0.7668657, -0.5195657, -0.376787), (-0.8115308, -0.5842963, -0.003954934), (-0.8112419, -0.5847101, 0.0008246707), (-0.7900625, -0.5555967, 0.2590629), (-0.7071068, -0.5, 0.5), (-0.7668657, -0.376787, -0.5195657), (-0.8559572, -0.3656073, -0.3656073), (-0.8964429, -0.4431494, -0.002941409), (-0.9449388, -0.327241, 0.001976786), (-0.8844941, -0.3299016, 0.3299016), (-0.7900625, -0.2590629, 0.5555967), (-0.8118281, -0.008227935, -0.5838386), (-0.8973103, -0.00616946, -0.4413572), (-0.9999079, -0.01226943, -0.00580601), (-0.9999933, -0.003305419, 0.001591831), (-0.9445719, -0.00416251, 0.3282781), (-0.8112409, -0.00174595, 0.5847094), (-0.8112409, 0.00174595, -0.5847094), (-0.9445719, 0.00416251, -0.3282781), (-0.9999933, 0.003305419, -0.001591831), (-0.9999079, 0.01226943, 0.00580601), (-0.8973103, 0.00616946, 0.4413572), (-0.8118281, 0.008227935, 0.5838386), (-0.7900625, 0.2590629, -0.5555967), (-0.8844941, 0.3299016, -0.3299016), (-0.9449388, 0.327241, -0.001976786), (-0.8964429, 0.4431494, 0.002941409), (-0.8559572, 0.3656073, 0.3656073), (-0.7668657, 0.376787, 0.5195657), (-0.7071068, 0.5, -0.5), (-0.7900625, 0.5555967, -0.2590629), (-0.8112419, 0.5847101, -0.0008246707), (-0.8115308, 0.5842963, 0.003954934), (-0.7668657, 0.5195657, 0.376787), (-0.7745967, 0.4472136, 0.4472136), (0.7071068, -0.5, -0.5), (0.7900625, -0.5555967, -0.2590629), (0.8112419, -0.5847101, -0.0008246707), (0.8115308, -0.5842963, 0.003954934), (0.7668657, -0.5195657, 0.376787), (0.7745967, -0.4472136, 0.4472136), (0.7900625, -0.2590629, -0.5555967), (0.8844941, -0.3299016, -0.3299016), (0.9449388, -0.327241, -0.001976786), (0.8964429, -0.4431494, 0.002941409), (0.8559572, -0.3656073, 0.3656073), (0.7668657, -0.376787, 0.5195657), (0.8112409, -0.00174595, -0.5847094), (0.9445719, -0.00416251, -0.3282781), (0.9999933, -0.003305419, -0.001591831), (0.9999079, -0.01226943, 0.00580601), (0.8973103, -0.00616946, 0.4413572), (0.8118281, -0.008227935, 0.5838386), (0.8118281, 0.008227935, -0.5838386), (0.8973103, 0.00616946, -0.4413572), (0.9999079, 0.01226943, -0.00580601), (0.9999933, 0.003305419, 0.001591831), (0.9445719, 0.00416251, 0.3282781), (0.8112409, 0.00174595, 0.5847094), (0.7668657, 0.376787, -0.5195657), (0.8559572, 0.3656073, -0.3656073), (0.8964429, 0.4431494, -0.002941409), (0.9449388, 0.327241, 0.001976786), (0.8844941, 0.3299016, 0.3299016), (0.7900625, 0.2590629, 0.5555967), (0.7745967, 0.4472136, -0.4472136), (0.7668657, 0.5195657, -0.376787), (0.8115308, 0.5842963, -0.003954934), (0.8112419, 0.5847101, 0.0008246707), (0.7900625, 0.5555967, 0.2590629), (0.7071068, 0.5, 0.5), (-0.4472136, -0.7745967, -0.4472136), (-0.376787, -0.7668657, -0.5195657), (-0.03199722, -0.8132069, -0.5810944), (0.007531855, -0.8112192, -0.5846937), (0.2590629, -0.7900625, -0.5555967), (0.5, -0.7071068, -0.5), (-0.5195657, -0.7668657, -0.376787), (-0.3656073, -0.8559572, -0.3656073), (-0.02513831, -0.9021466, -0.4306967), (0.01736477, -0.9422354, -0.3345011), (0.3299016, -0.8844941, -0.3299016), (0.5555967, -0.7900625, -0.2590629), (-0.5842963, -0.8115308, -0.003954934), (-0.4431494, -0.8964429, -0.002941409), (-0.04640297, -0.9989095, -0.005149196), (0.0140834, -0.9998993, -0.001761799), (0.327241, -0.9449388, -0.001976786), (0.5847101, -0.8112419, -0.0008246707), (-0.5847101, -0.8112419, 0.0008246707), (-0.327241, -0.9449388, 0.001976786), (-0.0140834, -0.9998993, 0.001761799), (0.04640297, -0.9989095, 0.005149196), (0.4431494, -0.8964429, 0.002941409), (0.5842963, -0.8115308, 0.003954934), (-0.5555967, -0.7900625, 0.2590629), (-0.3299016, -0.8844941, 0.3299016), (-0.01736477, -0.9422354, 0.3345011), (0.02513831, -0.9021466, 0.4306967), (0.3656073, -0.8559572, 0.3656073), (0.5195657, -0.7668657, 0.376787), (-0.5, -0.7071068, 0.5), (-0.2590629, -0.7900625, 0.5555967), (-0.007531855, -0.8112192, 0.5846937), (0.03199722, -0.8132069, 0.5810944), (0.376787, -0.7668657, 0.5195657), (0.4472136, -0.7745967, 0.4472136), (-0.5, 0.7071068, -0.5), (-0.2590629, 0.7900625, -0.5555967), (-0.007531855, 0.8112192, -0.5846937), (0.03199722, 0.8132069, -0.5810944), (0.376787, 0.7668657, -0.5195657), (0.4472136, 0.7745967, -0.4472136), (-0.5555967, 0.7900625, -0.2590629), (-0.3299016, 0.8844941, -0.3299016), (-0.01736477, 0.9422354, -0.3345011), (0.02513831, 0.9021466, -0.4306967), (0.3656073, 0.8559572, -0.3656073), (0.5195657, 0.7668657, -0.376787), (-0.5847101, 0.8112419, -0.0008246707), (-0.327241, 0.9449388, -0.001976786), (-0.0140834, 0.9998993, -0.001761799), (0.04640297, 0.9989095, -0.005149196), (0.4431494, 0.8964429, -0.002941409), (0.5842963, 0.8115308, -0.003954934), (-0.5842963, 0.8115308, 0.003954934), (-0.4431494, 0.8964429, 0.002941409), (-0.04640297, 0.9989095, 0.005149196), (0.0140834, 0.9998993, 0.001761799), (0.327241, 0.9449388, 0.001976786), (0.5847101, 0.8112419, 0.0008246707), (-0.5195657, 0.7668657, 0.376787), (-0.3656073, 0.8559572, 0.3656073), (-0.02513831, 0.9021466, 0.4306967), (0.01736477, 0.9422354, 0.3345011), (0.3299016, 0.8844941, 0.3299016), (0.5555967, 0.7900625, 0.2590629), (-0.4472136, 0.7745967, 0.4472136), (-0.376787, 0.7668657, 0.5195657), (-0.03199722, 0.8132069, 0.5810944), (0.007531855, 0.8112192, 0.5846937), (0.2590629, 0.7900625, 0.5555967), (0.5, 0.7071068, 0.5), (-0.4472136, -0.4472136, -0.7745967), (-0.5195657, -0.376787, -0.7668657), (-0.5838386, -0.008227935, -0.8118281), (-0.5847094, 0.00174595, -0.8112409), (-0.5555967, 0.2590629, -0.7900625), (-0.5, 0.5, -0.7071068), (-0.376787, -0.5195657, -0.7668657), (-0.3656073, -0.3656073, -0.8559572), (-0.4413572, -0.00616946, -0.8973103), (-0.3282781, 0.00416251, -0.9445719), (-0.3299016, 0.3299016, -0.8844941), (-0.2590629, 0.5555967, -0.7900625), (-0.03199722, -0.5810944, -0.8132069), (-0.02513831, -0.4306967, -0.9021466), (-0.04561977, -0.01069778, -0.9989016), (-0.01431629, 0.003718851, -0.9998906), (-0.01736477, 0.3345011, -0.9422354), (-0.007531855, 0.5846937, -0.8112192), (0.007531855, -0.5846937, -0.8112192), (0.01736477, -0.3345011, -0.9422354), (0.01431629, -0.003718851, -0.9998906), (0.04561977, 0.01069778, -0.9989016), (0.02513831, 0.4306967, -0.9021466), (0.03199722, 0.5810944, -0.8132069), (0.2590629, -0.5555967, -0.7900625), (0.3299016, -0.3299016, -0.8844941), (0.3282781, -0.00416251, -0.9445719), (0.4413572, 0.00616946, -0.8973103), (0.3656073, 0.3656073, -0.8559572), (0.376787, 0.5195657, -0.7668657), (0.5, -0.5, -0.7071068), (0.5555967, -0.2590629, -0.7900625), (0.5847094, -0.00174595, -0.8112409), (0.5838386, 0.008227935, -0.8118281), (0.5195657, 0.376787, -0.7668657), (0.4472136, 0.4472136, -0.7745967), (-0.5, -0.5, 0.7071068), (-0.5555967, -0.2590629, 0.7900625), (-0.5847094, -0.00174595, 0.8112409), (-0.5838386, 0.008227935, 0.8118281), (-0.5195657, 0.376787, 0.7668657), (-0.4472136, 0.4472136, 0.7745967), (-0.2590629, -0.5555967, 0.7900625), (-0.3299016, -0.3299016, 0.8844941), (-0.3282781, -0.00416251, 0.9445719), (-0.4413572, 0.00616946, 0.8973103), (-0.3656073, 0.3656073, 0.8559572), (-0.376787, 0.5195657, 0.7668657), (-0.007531855, -0.5846937, 0.8112192), (-0.01736477, -0.3345011, 0.9422354), (-0.01431629, -0.003718851, 0.9998906), (-0.04561977, 0.01069778, 0.9989016), (-0.02513831, 0.4306967, 0.9021466), (-0.03199722, 0.5810944, 0.8132069), (0.03199722, -0.5810944, 0.8132069), (0.02513831, -0.4306967, 0.9021466), (0.04561977, -0.01069778, 0.9989016), (0.01431629, 0.003718851, 0.9998906), (0.01736477, 0.3345011, 0.9422354), (0.007531855, 0.5846937, 0.8112192), (0.376787, -0.5195657, 0.7668657), (0.3656073, -0.3656073, 0.8559572), (0.4413572, -0.00616946, 0.8973103), (0.3282781, 0.00416251, 0.9445719), (0.3299016, 0.3299016, 0.8844941), (0.2590629, 0.5555967, 0.7900625), (0.4472136, -0.4472136, 0.7745967), (0.5195657, -0.376787, 0.7668657), (0.5838386, -0.008227935, 0.8118281), (0.5847094, 0.00174595, 0.8112409), (0.5555967, 0.2590629, 0.7900625), (0.5, 0.5, 0.7071068)] (interpolation = "vertex")
            float3[] extent = [(-0.0012645, -0.0006564, 0.007886), (-0.0010435, 5.64e-05, 0.009314)]
            rel material:binding = </WorkbenchPart/Materials/solder>
        }
        def Mesh "SMDComponent_03" (prepend apiSchemas = ["MaterialBindingAPI"])
        {
            uniform token subdivisionScheme = "none"
            uniform token orientation = "rightHanded"
            bool doubleSided = false
            point3f[] points = [(0.001075105, -0.0006048946, 0.007925105), (0.0010698, -0.0006102, 0.0079396), (0.001067398, -0.0006126021, 0.0079594), (0.001067398, -0.0006126021, 0.0092406), (0.0010698, -0.0006102, 0.0092604), (0.001075105, -0.0006048946, 0.009274895), (0.0010698, -0.0005904, 0.0079198), (0.0010609, -0.0005948499, 0.00793515), (0.001056271, -0.0005971645, 0.0079594), (0.001056271, -0.0005971645, 0.0092406), (0.0010609, -0.0005948499, 0.00926485), (0.0010698, -0.0005904, 0.0092802), (0.001067398, -0.0005706, 0.007917398), (0.001056271, -0.0005706, 0.007932836), (0.00105, -0.0005706, 0.0079594), (0.00105, -0.0005706, 0.0092406), (0.001056271, -0.0005706, 0.009267164), (0.001067398, -0.0005706, 0.009282602), (0.001067398, -2.94e-05, 0.007917398), (0.001056271, -2.94e-05, 0.007932836), (0.00105, -2.94e-05, 0.0079594), (0.00105, -2.94e-05, 0.0092406), (0.001056271, -2.94e-05, 0.009267164), (0.001067398, -2.94e-05, 0.009282602), (0.0010698, -9.6e-06, 0.0079198), (0.0010609, -5.150052e-06, 0.00793515), (0.001056271, -2.835512e-06, 0.0079594), (0.001056271, -2.835512e-06, 0.0092406), (0.0010609, -5.150052e-06, 0.00926485), (0.0010698, -9.6e-06, 0.0092802), (0.001075105, 4.894606e-06, 0.007925105), (0.0010698, 1.02e-05, 0.0079396), (0.001067398, 1.260214e-05, 0.0079594), (0.001067398, 1.260214e-05, 0.0092406), (0.0010698, 1.02e-05, 0.0092604), (0.001075105, 4.894606e-06, 0.009274895), (0.002324895, -0.0006048946, 0.007925105), (0.0023302, -0.0006102, 0.0079396), (0.002332602, -0.0006126021, 0.0079594), (0.002332602, -0.0006126021, 0.0092406), (0.0023302, -0.0006102, 0.0092604), (0.002324895, -0.0006048946, 0.009274895), (0.0023302, -0.0005904, 0.0079198), (0.0023391, -0.0005948499, 0.00793515), (0.002343729, -0.0005971645, 0.0079594), (0.002343729, -0.0005971645, 0.0092406), (0.0023391, -0.0005948499, 0.00926485), (0.0023302, -0.0005904, 0.0092802), (0.002332602, -0.0005706, 0.007917398), (0.002343729, -0.0005706, 0.007932836), (0.00235, -0.0005706, 0.0079594), (0.00235, -0.0005706, 0.0092406), (0.002343729, -0.0005706, 0.009267164), (0.002332602, -0.0005706, 0.009282602), (0.002332602, -2.94e-05, 0.007917398), (0.002343729, -2.94e-05, 0.007932836), (0.00235, -2.94e-05, 0.0079594), (0.00235, -2.94e-05, 0.0092406), (0.002343729, -2.94e-05, 0.009267164), (0.002332602, -2.94e-05, 0.009282602), (0.0023302, -9.6e-06, 0.0079198), (0.0023391, -5.150052e-06, 0.00793515), (0.002343729, -2.835512e-06, 0.0079594), (0.002343729, -2.835512e-06, 0.0092406), (0.0023391, -5.150052e-06, 0.00926485), (0.0023302, -9.6e-06, 0.0092802), (0.002324895, 4.894606e-06, 0.007925105), (0.0023302, 1.02e-05, 0.0079396), (0.002332602, 1.260214e-05, 0.0079594), (0.002332602, 1.260214e-05, 0.0092406), (0.0023302, 1.02e-05, 0.0092604), (0.002324895, 4.894606e-06, 0.009274895), (0.001075105, -0.0006048946, 0.007925105), (0.0010896, -0.0006102, 0.0079198), (0.0011094, -0.0006126021, 0.007917398), (0.0022906, -0.0006126021, 0.007917398), (0.0023104, -0.0006102, 0.0079198), (0.002324895, -0.0006048946, 0.007925105), (0.0010698, -0.0006102, 0.0079396), (0.00108515, -0.0006190999, 0.00793515), (0.0011094, -0.000623729, 0.007932836), (0.0022906, -0.000623729, 0.007932836), (0.00231485, -0.0006190999, 0.00793515), (0.0023302, -0.0006102, 0.0079396), (0.001067398, -0.0006126021, 0.0079594), (0.001082836, -0.000623729, 0.0079594), (0.0011094, -0.00063, 0.0079594), (0.0022906, -0.00063, 0.0079594), (0.002317164, -0.000623729, 0.0079594), (0.002332602, -0.0006126021, 0.0079594), (0.001067398, -0.0006126021, 0.0092406), (0.001082836, -0.000623729, 0.0092406), (0.0011094, -0.00063, 0.0092406), (0.0022906, -0.00063, 0.0092406), (0.002317164, -0.000623729, 0.0092406), (0.002332602, -0.0006126021, 0.0092406), (0.0010698, -0.0006102, 0.0092604), (0.00108515, -0.0006190999, 0.00926485), (0.0011094, -0.000623729, 0.009267164), (0.0022906, -0.000623729, 0.009267164), (0.00231485, -0.0006190999, 0.00926485), (0.0023302, -0.0006102, 0.0092604), (0.001075105, -0.0006048946, 0.009274895), (0.0010896, -0.0006102, 0.0092802), (0.0011094, -0.0006126021, 0.009282602), (0.0022906, -0.0006126021, 0.009282602), (0.0023104, -0.0006102, 0.0092802), (0.002324895, -0.0006048946, 0.009274895), (0.001075105, 4.894606e-06, 0.007925105), (0.0010896, 1.02e-05, 0.0079198), (0.0011094, 1.260214e-05, 0.007917398), (0.0022906, 1.260214e-05, 0.007917398), (0.0023104, 1.02e-05, 0.0079198), (0.002324895, 4.894606e-06, 0.007925105), (0.0010698, 1.02e-05, 0.0079396), (0.00108515, 1.90999e-05, 0.00793515), (0.0011094, 2.372898e-05, 0.007932836), (0.0022906, 2.372898e-05, 0.007932836), (0.00231485, 1.90999e-05, 0.00793515), (0.0023302, 1.02e-05, 0.0079396), (0.001067398, 1.260214e-05, 0.0079594), (0.001082836, 2.372898e-05, 0.0079594), (0.0011094, 3e-05, 0.0079594), (0.0022906, 3e-05, 0.0079594), (0.002317164, 2.372898e-05, 0.0079594), (0.002332602, 1.260214e-05, 0.0079594), (0.001067398, 1.260214e-05, 0.0092406), (0.001082836, 2.372898e-05, 0.0092406), (0.0011094, 3e-05, 0.0092406), (0.0022906, 3e-05, 0.0092406), (0.002317164, 2.372898e-05, 0.0092406), (0.002332602, 1.260214e-05, 0.0092406), (0.0010698, 1.02e-05, 0.0092604), (0.00108515, 1.90999e-05, 0.00926485), (0.0011094, 2.372898e-05, 0.009267164), (0.0022906, 2.372898e-05, 0.009267164), (0.00231485, 1.90999e-05, 0.00926485), (0.0023302, 1.02e-05, 0.0092604), (0.001075105, 4.894606e-06, 0.009274895), (0.0010896, 1.02e-05, 0.0092802), (0.0011094, 1.260214e-05, 0.009282602), (0.0022906, 1.260214e-05, 0.009282602), (0.0023104, 1.02e-05, 0.0092802), (0.002324895, 4.894606e-06, 0.009274895), (0.001075105, -0.0006048946, 0.007925105), (0.0010698, -0.0005904, 0.0079198), (0.001067398, -0.0005706, 0.007917398), (0.001067398, -2.94e-05, 0.007917398), (0.0010698, -9.6e-06, 0.0079198), (0.001075105, 4.894606e-06, 0.007925105), (0.0010896, -0.0006102, 0.0079198), (0.00108515, -0.0005948499, 0.0079109), (0.001082836, -0.0005706, 0.007906271), (0.001082836, -2.94e-05, 0.007906271), (0.00108515, -5.150052e-06, 0.0079109), (0.0010896, 1.02e-05, 0.0079198), (0.0011094, -0.0006126021, 0.007917398), (0.0011094, -0.0005971645, 0.007906271), (0.0011094, -0.0005706, 0.0079), (0.0011094, -2.94e-05, 0.0079), (0.0011094, -2.835512e-06, 0.007906271), (0.0011094, 1.260214e-05, 0.007917398), (0.0022906, -0.0006126021, 0.007917398), (0.0022906, -0.0005971645, 0.007906271), (0.0022906, -0.0005706, 0.0079), (0.0022906, -2.94e-05, 0.0079), (0.0022906, -2.835512e-06, 0.007906271), (0.0022906, 1.260214e-05, 0.007917398), (0.0023104, -0.0006102, 0.0079198), (0.00231485, -0.0005948499, 0.0079109), (0.002317164, -0.0005706, 0.007906271), (0.002317164, -2.94e-05, 0.007906271), (0.00231485, -5.150052e-06, 0.0079109), (0.0023104, 1.02e-05, 0.0079198), (0.002324895, -0.0006048946, 0.007925105), (0.0023302, -0.0005904, 0.0079198), (0.002332602, -0.0005706, 0.007917398), (0.002332602, -2.94e-05, 0.007917398), (0.0023302, -9.6e-06, 0.0079198), (0.002324895, 4.894606e-06, 0.007925105), (0.001075105, -0.0006048946, 0.009274895), (0.0010698, -0.0005904, 0.0092802), (0.001067398, -0.0005706, 0.009282602), (0.001067398, -2.94e-05, 0.009282602), (0.0010698, -9.6e-06, 0.0092802), (0.001075105, 4.894606e-06, 0.009274895), (0.0010896, -0.0006102, 0.0092802), (0.00108515, -0.0005948499, 0.0092891), (0.001082836, -0.0005706, 0.009293729), (0.001082836, -2.94e-05, 0.009293729), (0.00108515, -5.150052e-06, 0.0092891), (0.0010896, 1.02e-05, 0.0092802), (0.0011094, -0.0006126021, 0.009282602), (0.0011094, -0.0005971645, 0.009293729), (0.0011094, -0.0005706, 0.0093), (0.0011094, -2.94e-05, 0.0093), (0.0011094, -2.835512e-06, 0.009293729), (0.0011094, 1.260214e-05, 0.009282602), (0.0022906, -0.0006126021, 0.009282602), (0.0022906, -0.0005971645, 0.009293729), (0.0022906, -0.0005706, 0.0093), (0.0022906, -2.94e-05, 0.0093), (0.0022906, -2.835512e-06, 0.009293729), (0.0022906, 1.260214e-05, 0.009282602), (0.0023104, -0.0006102, 0.0092802), (0.00231485, -0.0005948499, 0.0092891), (0.002317164, -0.0005706, 0.009293729), (0.002317164, -2.94e-05, 0.009293729), (0.00231485, -5.150052e-06, 0.0092891), (0.0023104, 1.02e-05, 0.0092802), (0.002324895, -0.0006048946, 0.009274895), (0.0023302, -0.0005904, 0.0092802), (0.002332602, -0.0005706, 0.009282602), (0.002332602, -2.94e-05, 0.009282602), (0.0023302, -9.6e-06, 0.0092802), (0.002324895, 4.894606e-06, 0.009274895)]
            int[] faceVertexCounts = [3, 3, 3, 3, 3, 3, 3, 3, 3, 3, 3, 3, 3, 3, 3, 3, 3, 3, 3, 3, 3, 3, 3, 3, 3, 3, 3, 3, 3, 3, 3, 3, 3, 3, 3, 3, 3, 3, 3, 3, 3, 3, 3, 3, 3, 3, 3, 3, 3, 3, 3, 3, 3, 3, 3, 3, 3, 3, 3, 3, 3, 3, 3, 3, 3, 3, 3, 3, 3, 3, 3, 3, 3, 3, 3, 3, 3, 3, 3, 3, 3, 3, 3, 3, 3, 3, 3, 3, 3, 3, 3, 3, 3, 3, 3, 3, 3, 3, 3, 3, 3, 3, 3, 3, 3, 3, 3, 3, 3, 3, 3, 3, 3, 3, 3, 3, 3, 3, 3, 3, 3, 3, 3, 3, 3, 3, 3, 3, 3, 3, 3, 3, 3, 3, 3, 3, 3, 3, 3, 3, 3, 3, 3, 3, 3, 3, 3, 3, 3, 3, 3, 3, 3, 3, 3, 3, 3, 3, 3, 3, 3, 3, 3, 3, 3, 3, 3, 3, 3, 3, 3, 3, 3, 3, 3, 3, 3, 3, 3, 3, 3, 3, 3, 3, 3, 3, 3, 3, 3, 3, 3, 3, 3, 3, 3, 3, 3, 3, 3, 3, 3, 3, 3, 3, 3, 3, 3, 3, 3, 3, 3, 3, 3, 3, 3, 3, 3, 3, 3, 3, 3, 3, 3, 3, 3, 3, 3, 3, 3, 3, 3, 3, 3, 3, 3, 3, 3, 3, 3, 3, 3, 3, 3, 3, 3, 3, 3, 3, 3, 3, 3, 3, 3, 3, 3, 3, 3, 3, 3, 3, 3, 3, 3, 3, 3, 3, 3, 3, 3, 3, 3, 3, 3, 3, 3, 3, 3, 3, 3, 3, 3, 3, 3, 3, 3, 3, 3, 3, 3, 3, 3, 3, 3, 3, 3, 3, 3, 3, 3, 3]
            int[] faceVertexIndices = [1, 7, 6, 1, 6, 0, 2, 8, 7, 2, 7, 1, 3, 9, 8, 3, 8, 2, 4, 10, 9, 4, 9, 3, 5, 11, 10, 5, 10, 4, 7, 13, 12, 7, 12, 6, 8, 14, 13, 8, 13, 7, 9, 15, 14, 9, 14, 8, 10, 16, 15, 10, 15, 9, 11, 17, 16, 11, 16, 10, 13, 19, 18, 13, 18, 12, 14, 20, 19, 14, 19, 13, 15, 21, 20, 15, 20, 14, 16, 22, 21, 16, 21, 15, 17, 23, 22, 17, 22, 16, 19, 25, 24, 19, 24, 18, 20, 26, 25, 20, 25, 19, 21, 27, 26, 21, 26, 20, 22, 28, 27, 22, 27, 21, 23, 29, 28, 23, 28, 22, 25, 31, 30, 25, 30, 24, 26, 32, 31, 26, 31, 25, 27, 33, 32, 27, 32, 26, 28, 34, 33, 28, 33, 27, 29, 35, 34, 29, 34, 28, 36, 42, 43, 36, 43, 37, 37, 43, 44, 37, 44, 38, 38, 44, 45, 38, 45, 39, 39, 45, 46, 39, 46, 40, 40, 46, 47, 40, 47, 41, 42, 48, 49, 42, 49, 43, 43, 49, 50, 43, 50, 44, 44, 50, 51, 44, 51, 45, 45, 51, 52, 45, 52, 46, 46, 52, 53, 46, 53, 47, 48, 54, 55, 48, 55, 49, 49, 55, 56, 49, 56, 50, 50, 56, 57, 50, 57, 51, 51, 57, 58, 51, 58, 52, 52, 58, 59, 52, 59, 53, 54, 60, 61, 54, 61, 55, 55, 61, 62, 55, 62, 56, 56, 62, 63, 56, 63, 57, 57, 63, 64, 57, 64, 58, 58, 64, 65, 58, 65, 59, 60, 66, 67, 60, 67, 61, 61, 67, 68, 61, 68, 62, 62, 68, 69, 62, 69, 63, 63, 69, 70, 63, 70, 64, 64, 70, 71, 64, 71, 65, 73, 79, 78, 73, 78, 72, 74, 80, 79, 74, 79, 73, 75, 81, 80, 75, 80, 74, 76, 82, 81, 76, 81, 75, 77, 83, 82, 77, 82, 76, 79, 85, 84, 79, 84, 78, 80, 86, 85, 80, 85, 79, 81, 87, 86, 81, 86, 80, 82, 88, 87, 82, 87, 81, 83, 89, 88, 83, 88, 82, 85, 91, 90, 85, 90, 84, 86, 92, 91, 86, 91, 85, 87, 93, 92, 87, 92, 86, 88, 94, 93, 88, 93, 87, 89, 95, 94, 89, 94, 88, 91, 97, 96, 91, 96, 90, 92, 98, 97, 92, 97, 91, 93, 99, 98, 93, 98, 92, 94, 100, 99, 94, 99, 93, 95, 101, 100, 95, 100, 94, 97, 103, 102, 97, 102, 96, 98, 104, 103, 98, 103, 97, 99, 105, 104, 99, 104, 98, 100, 106, 105, 100, 105, 99, 101, 107, 106, 101, 106, 100, 108, 114, 115, 108, 115, 109, 109, 115, 116, 109, 116, 110, 110, 116, 117, 110, 117, 111, 111, 117, 118, 111, 118, 112, 112, 118, 119, 112, 119, 113, 114, 120, 121, 114, 121, 115, 115, 121, 122, 115, 122, 116, 116, 122, 123, 116, 123, 117, 117, 123, 124, 117, 124, 118, 118, 124, 125, 118, 125, 119, 120, 126, 127, 120, 127, 121, 121, 127, 128, 121, 128, 122, 122, 128, 129, 122, 129, 123, 123, 129, 130, 123, 130, 124, 124, 130, 131, 124, 131, 125, 126, 132, 133, 126, 133, 127, 127, 133, 134, 127, 134, 128, 128, 134, 135, 128, 135, 129, 129, 135, 136, 129, 136, 130, 130, 136, 137, 130, 137, 131, 132, 138, 139, 132, 139, 133, 133, 139, 140, 133, 140, 134, 134, 140, 141, 134, 141, 135, 135, 141, 142, 135, 142, 136, 136, 142, 143, 136, 143, 137, 145, 151, 150, 145, 150, 144, 146, 152, 151, 146, 151, 145, 147, 153, 152, 147, 152, 146, 148, 154, 153, 148, 153, 147, 149, 155, 154, 149, 154, 148, 151, 157, 156, 151, 156, 150, 152, 158, 157, 152, 157, 151, 153, 159, 158, 153, 158, 152, 154, 160, 159, 154, 159, 153, 155, 161, 160, 155, 160, 154, 157, 163, 162, 157, 162, 156, 158, 164, 163, 158, 163, 157, 159, 165, 164, 159, 164, 158, 160, 166, 165, 160, 165, 159, 161, 167, 166, 161, 166, 160, 163, 169, 168, 163, 168, 162, 164, 170, 169, 164, 169, 163, 165, 171, 170, 165, 170, 164, 166, 172, 171, 166, 171, 165, 167, 173, 172, 167, 172, 166, 169, 175, 174, 169, 174, 168, 170, 176, 175, 170, 175, 169, 171, 177, 176, 171, 176, 170, 172, 178, 177, 172, 177, 171, 173, 179, 178, 173, 178, 172, 180, 186, 187, 180, 187, 181, 181, 187, 188, 181, 188, 182, 182, 188, 189, 182, 189, 183, 183, 189, 190, 183, 190, 184, 184, 190, 191, 184, 191, 185, 186, 192, 193, 186, 193, 187, 187, 193, 194, 187, 194, 188, 188, 194, 195, 188, 195, 189, 189, 195, 196, 189, 196, 190, 190, 196, 197, 190, 197, 191, 192, 198, 199, 192, 199, 193, 193, 199, 200, 193, 200, 194, 194, 200, 201, 194, 201, 195, 195, 201, 202, 195, 202, 196, 196, 202, 203, 196, 203, 197, 198, 204, 205, 198, 205, 199, 199, 205, 206, 199, 206, 200, 200, 206, 207, 200, 207, 201, 201, 207, 208, 201, 208, 202, 202, 208, 209, 202, 209, 203, 204, 210, 211, 204, 211, 205, 205, 211, 212, 205, 212, 206, 206, 212, 213, 206, 213, 207, 207, 213, 214, 207, 214, 208, 208, 214, 215, 208, 215, 209]
            normal3f[] normals = [(-0.7745967, -0.4472136, -0.4472136), (-0.7668657, -0.5195657, -0.376787), (-0.8116869, -0.5840602, -0.006171812), (-0.8112415, -0.5847098, 0.001298611), (-0.7900625, -0.5555967, 0.2590629), (-0.7071068, -0.5, 0.5), (-0.7668657, -0.376787, -0.5195657), (-0.8559572, -0.3656073, -0.3656073), (-0.8968928, -0.4422241, -0.004609583), (-0.9447503, -0.3277762, 0.003104168), (-0.8844941, -0.3299016, 0.3299016), (-0.7900625, -0.2590629, 0.5555967), (-0.8122054, -0.01399524, -0.5832036), (-0.8984826, -0.01061118, -0.4388808), (-0.9997507, -0.02052237, -0.00879061), (-0.9999799, -0.005794638, 0.002564174), (-0.9440529, -0.007198359, 0.3297154), (-0.8112384, -0.003042335, 0.5847076), (-0.8112384, 0.003042335, -0.5847076), (-0.9440529, 0.007198359, -0.3297154), (-0.9999799, 0.005794638, -0.002564174), (-0.9997507, 0.02052237, 0.00879061), (-0.8984826, 0.01061118, 0.4388808), (-0.8122054, 0.01399524, 0.5832036), (-0.7900625, 0.2590629, -0.5555967), (-0.8844941, 0.3299016, -0.3299016), (-0.9447503, 0.3277762, -0.003104168), (-0.8968928, 0.4422241, 0.004609583), (-0.8559572, 0.3656073, 0.3656073), (-0.7668657, 0.376787, 0.5195657), (-0.7071068, 0.5, -0.5), (-0.7900625, 0.5555967, -0.2590629), (-0.8112415, 0.5847098, -0.001298611), (-0.8116869, 0.5840602, 0.006171812), (-0.7668657, 0.5195657, 0.376787), (-0.7745967, 0.4472136, 0.4472136), (0.7071068, -0.5, -0.5), (0.7900625, -0.5555967, -0.2590629), (0.8112415, -0.5847098, -0.001298611), (0.8116869, -0.5840602, 0.006171812), (0.7668657, -0.5195657, 0.376787), (0.7745967, -0.4472136, 0.4472136), (0.7900625, -0.2590629, -0.5555967), (0.8844941, -0.3299016, -0.3299016), (0.9447503, -0.3277762, -0.003104168), (0.8968928, -0.4422241, 0.004609583), (0.8559572, -0.3656073, 0.3656073), (0.7668657, -0.376787, 0.5195657), (0.8112384, -0.003042335, -0.5847076), (0.9440529, -0.007198359, -0.3297154), (0.9999799, -0.005794638, -0.002564174), (0.9997507, -0.02052237, 0.00879061), (0.8984826, -0.01061118, 0.4388808), (0.8122054, -0.01399524, 0.5832036), (0.8122054, 0.01399524, -0.5832036), (0.8984826, 0.01061118, -0.4388808), (0.9997507, 0.02052237, -0.00879061), (0.9999799, 0.005794638, 0.002564174), (0.9440529, 0.007198359, 0.3297154), (0.8112384, 0.003042335, 0.5847076), (0.7668657, 0.376787, -0.5195657), (0.8559572, 0.3656073, -0.3656073), (0.8968928, 0.4422241, -0.004609583), (0.9447503, 0.3277762, 0.003104168), (0.8844941, 0.3299016, 0.3299016), (0.7900625, 0.2590629, 0.5555967), (0.7745967, 0.4472136, -0.4472136), (0.7668657, 0.5195657, -0.376787), (0.8116869, 0.5840602, -0.006171812), (0.8112415, 0.5847098, 0.001298611), (0.7900625, 0.5555967, 0.2590629), (0.7071068, 0.5, 0.5), (-0.4472136, -0.7745967, -0.4472136), (-0.376787, -0.7668657, -0.5195657), (-0.006676149, -0.8117218, -0.5840061), (0.001407637, -0.8112414, -0.5847097), (0.2590629, -0.7900625, -0.5555967), (0.5, -0.7071068, -0.5), (-0.5195657, -0.7668657, -0.376787), (-0.3656073, -0.8559572, -0.3656073), (-0.004991063, -0.8969952, -0.4420122), (0.003362622, -0.9447069, -0.3278988), (0.3299016, -0.8844941, -0.3299016), (0.5555967, -0.7900625, -0.2590629), (-0.5840602, -0.8116869, -0.006171812), (-0.4422241, -0.8968928, -0.004609583), (-0.009869388, -0.9999098, -0.009106968), (0.002690863, -0.9999933, -0.002488142), (0.3277762, -0.9447503, -0.003104168), (0.5847098, -0.8112415, -0.001298611), (-0.5847098, -0.8112415, 0.001298611), (-0.3277762, -0.9447503, 0.003104168), (-0.002690863, -0.9999933, 0.002488142), (0.009869388, -0.9999098, 0.009106968), (0.4422241, -0.8968928, 0.004609583), (0.5840602, -0.8116869, 0.006171812), (-0.5555967, -0.7900625, 0.2590629), (-0.3299016, -0.8844941, 0.3299016), (-0.003362622, -0.9447069, 0.3278988), (0.004991063, -0.8969952, 0.4420122), (0.3656073, -0.8559572, 0.3656073), (0.5195657, -0.7668657, 0.376787), (-0.5, -0.7071068, 0.5), (-0.2590629, -0.7900625, 0.5555967), (-0.001407637, -0.8112414, 0.5847097), (0.006676149, -0.8117218, 0.5840061), (0.376787, -0.7668657, 0.5195657), (0.4472136, -0.7745967, 0.4472136), (-0.5, 0.7071068, -0.5), (-0.2590629, 0.7900625, -0.5555967), (-0.001407637, 0.8112414, -0.5847097), (0.006676149, 0.8117218, -0.5840061), (0.376787, 0.7668657, -0.5195657), (0.4472136, 0.7745967, -0.4472136), (-0.5555967, 0.7900625, -0.2590629), (-0.3299016, 0.8844941, -0.3299016), (-0.003362622, 0.9447069, -0.3278988), (0.004991063, 0.8969952, -0.4420122), (0.3656073, 0.8559572, -0.3656073), (0.5195657, 0.7668657, -0.376787), (-0.5847098, 0.8112415, -0.001298611), (-0.3277762, 0.9447503, -0.003104168), (-0.002690863, 0.9999933, -0.002488142), (0.009869388, 0.9999098, -0.009106968), (0.4422241, 0.8968928, -0.004609583), (0.5840602, 0.8116869, -0.006171812), (-0.5840602, 0.8116869, 0.006171812), (-0.4422241, 0.8968928, 0.004609583), (-0.009869388, 0.9999098, 0.009106968), (0.002690863, 0.9999933, 0.002488142), (0.3277762, 0.9447503, 0.003104168), (0.5847098, 0.8112415, 0.001298611), (-0.5195657, 0.7668657, 0.376787), (-0.3656073, 0.8559572, 0.3656073), (-0.004991063, 0.8969952, 0.4420122), (0.003362622, 0.9447069, 0.3278988), (0.3299016, 0.8844941, 0.3299016), (0.5555967, 0.7900625, 0.2590629), (-0.4472136, 0.7745967, 0.4472136), (-0.376787, 0.7668657, 0.5195657), (-0.006676149, 0.8117218, 0.5840061), (0.001407637, 0.8112414, 0.5847097), (0.2590629, 0.7900625, 0.5555967), (0.5, 0.7071068, 0.5), (-0.4472136, -0.4472136, -0.7745967), (-0.5195657, -0.376787, -0.7668657), (-0.5832036, -0.01399524, -0.8122054), (-0.5847076, 0.003042335, -0.8112384), (-0.5555967, 0.2590629, -0.7900625), (-0.5, 0.5, -0.7071068), (-0.376787, -0.5195657, -0.7668657), (-0.3656073, -0.3656073, -0.8559572), (-0.4388808, -0.01061118, -0.8984826), (-0.3297154, 0.007198359, -0.9440529), (-0.3299016, 0.3299016, -0.8844941), (-0.2590629, 0.5555967, -0.7900625), (-0.006676149, -0.5840061, -0.8117218), (-0.004991063, -0.4420122, -0.8969952), (-0.009504795, -0.02047551, -0.9997452), (-0.002778689, 0.005806338, -0.9999793), (-0.003362622, 0.3278988, -0.9447069), (-0.001407637, 0.5847097, -0.8112414), (0.001407637, -0.5847097, -0.8112414), (0.003362622, -0.3278988, -0.9447069), (0.002778689, -0.005806338, -0.9999793), (0.009504795, 0.02047551, -0.9997452), (0.004991063, 0.4420122, -0.8969952), (0.006676149, 0.5840061, -0.8117218), (0.2590629, -0.5555967, -0.7900625), (0.3299016, -0.3299016, -0.8844941), (0.3297154, -0.007198359, -0.9440529), (0.4388808, 0.01061118, -0.8984826), (0.3656073, 0.3656073, -0.8559572), (0.376787, 0.5195657, -0.7668657), (0.5, -0.5, -0.7071068), (0.5555967, -0.2590629, -0.7900625), (0.5847076, -0.003042335, -0.8112384), (0.5832036, 0.01399524, -0.8122054), (0.5195657, 0.376787, -0.7668657), (0.4472136, 0.4472136, -0.7745967), (-0.5, -0.5, 0.7071068), (-0.5555967, -0.2590629, 0.7900625), (-0.5847076, -0.003042335, 0.8112384), (-0.5832036, 0.01399524, 0.8122054), (-0.5195657, 0.376787, 0.7668657), (-0.4472136, 0.4472136, 0.7745967), (-0.2590629, -0.5555967, 0.7900625), (-0.3299016, -0.3299016, 0.8844941), (-0.3297154, -0.007198359, 0.9440529), (-0.4388808, 0.01061118, 0.8984826), (-0.3656073, 0.3656073, 0.8559572), (-0.376787, 0.5195657, 0.7668657), (-0.001407637, -0.5847097, 0.8112414), (-0.003362622, -0.3278988, 0.9447069), (-0.002778689, -0.005806338, 0.9999793), (-0.009504795, 0.02047551, 0.9997452), (-0.004991063, 0.4420122, 0.8969952), (-0.006676149, 0.5840061, 0.8117218), (0.006676149, -0.5840061, 0.8117218), (0.004991063, -0.4420122, 0.8969952), (0.009504795, -0.02047551, 0.9997452), (0.002778689, 0.005806338, 0.9999793), (0.003362622, 0.3278988, 0.9447069), (0.001407637, 0.5847097, 0.8112414), (0.376787, -0.5195657, 0.7668657), (0.3656073, -0.3656073, 0.8559572), (0.4388808, -0.01061118, 0.8984826), (0.3297154, 0.007198359, 0.9440529), (0.3299016, 0.3299016, 0.8844941), (0.2590629, 0.5555967, 0.7900625), (0.4472136, -0.4472136, 0.7745967), (0.5195657, -0.376787, 0.7668657), (0.5832036, -0.01399524, 0.8122054), (0.5847076, 0.003042335, 0.8112384), (0.5555967, 0.2590629, 0.7900625), (0.5, 0.5, 0.7071068)] (interpolation = "vertex")
            float3[] extent = [(0.00105, -0.00063, 0.0079), (0.00235, 3e-05, 0.0093)]
            rel material:binding = </WorkbenchPart/Materials/ceramic>
            texCoord2f[] primvars:st = [(-0.0678, 0.8821778), (-0.06609444, 0.8816833), (-0.0656, 0.8799778), (-0.0678, 0.8821778), (-0.0656, 0.8799778), (-0.06721051, 0.8805673), (-0.0680669, 0.8843778), (-0.06635161, 0.8843778), (-0.06609444, 0.8816833), (-0.0680669, 0.8843778), (-0.06609444, 0.8816833), (-0.0678, 0.8821778), (-0.0680669, 1.026733), (-0.06635161, 1.026733), (-0.06635161, 0.8843778), (-0.0680669, 1.026733), (-0.06635161, 0.8843778), (-0.0680669, 0.8843778), (-0.0678, 1.028933), (-0.06609444, 1.029428), (-0.06635161, 1.026733), (-0.0678, 1.028933), (-0.06635161, 1.026733), (-0.0680669, 1.026733), (-0.06721051, 1.030544), (-0.0656, 1.031133), (-0.06609444, 1.029428), (-0.06721051, 1.030544), (-0.06609444, 1.029428), (-0.0678, 1.028933), (-0.06609444, 0.8816833), (-0.0634, 0.8814262), (-0.0634, 0.8797109), (-0.06609444, 0.8816833), (-0.0634, 0.8797109), (-0.0656, 0.8799778), (-0.06635161, 0.8843778), (-0.0634, 0.8843778), (-0.0634, 0.8814262), (-0.06635161, 0.8843778), (-0.0634, 0.8814262), (-0.06609444, 0.8816833), (-0.06635161, 1.026733), (-0.0634, 1.026733), (-0.0634, 0.8843778), (-0.06635161, 1.026733), (-0.0634, 0.8843778), (-0.06635161, 0.8843778), (-0.06609444, 1.029428), (-0.0634, 1.029685), (-0.0634, 1.026733), (-0.06609444, 1.029428), (-0.0634, 1.026733), (-0.06635161, 1.026733), (-0.0656, 1.031133), (-0.0634, 1.0314), (-0.0634, 1.029685), (-0.0656, 1.031133), (-0.0634, 1.029685), (-0.06609444, 1.029428), (-0.0634, 0.8814262), (-0.003266667, 0.8814262), (-0.003266667, 0.8797109), (-0.0634, 0.8814262), (-0.003266667, 0.8797109), (-0.0634, 0.8797109), (-0.0634, 0.8843778), (-0.003266667, 0.8843778), (-0.003266667, 0.8814262), (-0.0634, 0.8843778), (-0.003266667, 0.8814262), (-0.0634, 0.8814262), (-0.0634, 1.026733), (-0.003266667, 1.026733), (-0.003266667, 0.8843778), (-0.0634, 1.026733), (-0.003266667, 0.8843778), (-0.0634, 0.8843778), (-0.0634, 1.029685), (-0.003266667, 1.029685), (-0.003266667, 1.026733), (-0.0634, 1.029685), (-0.003266667, 1.026733), (-0.0634, 1.026733), (-0.0634, 1.0314), (-0.003266667, 1.0314), (-0.003266667, 1.029685), (-0.0634, 1.0314), (-0.003266667, 1.029685), (-0.0634, 1.029685), (-0.003266667, 0.8814262), (-0.0005722279, 0.8816833), (-0.001066667, 0.8799778), (-0.003266667, 0.8814262), (-0.001066667, 0.8799778), (-0.003266667, 0.8797109), (-0.003266667, 0.8843778), (-0.0003150569, 0.8843778), (-0.0005722279, 0.8816833), (-0.003266667, 0.8843778), (-0.0005722279, 0.8816833), (-0.003266667, 0.8814262), (-0.003266667, 1.026733), (-0.0003150569, 1.026733), (-0.0003150569, 0.8843778), (-0.003266667, 1.026733), (-0.0003150569, 0.8843778), (-0.003266667, 0.8843778), (-0.003266667, 1.029685), (-0.0005722279, 1.029428), (-0.0003150569, 1.026733), (-0.003266667, 1.029685), (-0.0003150569, 1.026733), (-0.003266667, 1.026733), (-0.003266667, 1.0314), (-0.001066667, 1.031133), (-0.0005722279, 1.029428), (-0.003266667, 1.0314), (-0.0005722279, 1.029428), (-0.003266667, 1.029685), (-0.0005722279, 0.8816833), (0.001133333, 0.8821778), (0.0005438451, 0.8805673), (-0.0005722279, 0.8816833), (0.0005438451, 0.8805673), (-0.001066667, 0.8799778), (-0.0003150569, 0.8843778), (0.001400238, 0.8843778), (0.001133333, 0.8821778), (-0.0003150569, 0.8843778), (0.001133333, 0.8821778), (-0.0005722279, 0.8816833), (-0.0003150569, 1.026733), (0.001400238, 1.026733), (0.001400238, 0.8843778), (-0.0003150569, 1.026733), (0.001400238, 0.8843778), (-0.0003150569, 0.8843778), (-0.0005722279, 1.029428), (0.001133333, 1.028933), (0.001400238, 1.026733), (-0.0005722279, 1.029428), (0.001400238, 1.026733), (-0.0003150569, 1.026733), (-0.001066667, 1.031133), (0.0005438451, 1.030544), (0.001133333, 1.028933), (-0.001066667, 1.031133), (0.001133333, 1.028933), (-0.0005722279, 1.029428), (-0.06721051, 0.8805673), (-0.0656, 0.8799778), (-0.06609444, 0.8816833), (-0.06721051, 0.8805673), (-0.06609444, 0.8816833), (-0.0678, 0.8821778), (-0.0678, 0.8821778), (-0.06609444, 0.8816833), (-0.06635161, 0.8843778), (-0.0678, 0.8821778), (-0.06635161, 0.8843778), (-0.0680669, 0.8843778), (-0.0680669, 0.8843778), (-0.06635161, 0.8843778), (-0.06635161, 1.026733), (-0.0680669, 0.8843778), (-0.06635161, 1.026733), (-0.0680669, 1.026733), (-0.0680669, 1.026733), (-0.06635161, 1.026733), (-0.06609444, 1.029428), (-0.0680669, 1.026733), (-0.06609444, 1.029428), (-0.0678, 1.028933), (-0.0678, 1.028933), (-0.06609444, 1.029428), (-0.0656, 1.031133), (-0.0678, 1.028933), (-0.0656, 1.031133), (-0.06721051, 1.030544), (-0.0656, 0.8799778), (-0.0634, 0.8797109), (-0.0634, 0.8814262), (-0.0656, 0.8799778), (-0.0634, 0.8814262), (-0.06609444, 0.8816833), (-0.06609444, 0.8816833), (-0.0634, 0.8814262), (-0.0634, 0.8843778), (-0.06609444, 0.8816833), (-0.0634, 0.8843778), (-0.06635161, 0.8843778), (-0.06635161, 0.8843778), (-0.0634, 0.8843778), (-0.0634, 1.026733), (-0.06635161, 0.8843778), (-0.0634, 1.026733), (-0.06635161, 1.026733), (-0.06635161, 1.026733), (-0.0634, 1.026733), (-0.0634, 1.029685), (-0.06635161, 1.026733), (-0.0634, 1.029685), (-0.06609444, 1.029428), (-0.06609444, 1.029428), (-0.0634, 1.029685), (-0.0634, 1.0314), (-0.06609444, 1.029428), (-0.0634, 1.0314), (-0.0656, 1.031133), (-0.0634, 0.8797109), (-0.003266667, 0.8797109), (-0.003266667, 0.8814262), (-0.0634, 0.8797109), (-0.003266667, 0.8814262), (-0.0634, 0.8814262), (-0.0634, 0.8814262), (-0.003266667, 0.8814262), (-0.003266667, 0.8843778), (-0.0634, 0.8814262), (-0.003266667, 0.8843778), (-0.0634, 0.8843778), (-0.0634, 0.8843778), (-0.003266667, 0.8843778), (-0.003266667, 1.026733), (-0.0634, 0.8843778), (-0.003266667, 1.026733), (-0.0634, 1.026733), (-0.0634, 1.026733), (-0.003266667, 1.026733), (-0.003266667, 1.029685), (-0.0634, 1.026733), (-0.003266667, 1.029685), (-0.0634, 1.029685), (-0.0634, 1.029685), (-0.003266667, 1.029685), (-0.003266667, 1.0314), (-0.0634, 1.029685), (-0.003266667, 1.0314), (-0.0634, 1.0314), (-0.003266667, 0.8797109), (-0.001066667, 0.8799778), (-0.0005722279, 0.8816833), (-0.003266667, 0.8797109), (-0.0005722279, 0.8816833), (-0.003266667, 0.8814262), (-0.003266667, 0.8814262), (-0.0005722279, 0.8816833), (-0.0003150569, 0.8843778), (-0.003266667, 0.8814262), (-0.0003150569, 0.8843778), (-0.003266667, 0.8843778), (-0.003266667, 0.8843778), (-0.0003150569, 0.8843778), (-0.0003150569, 1.026733), (-0.003266667, 0.8843778), (-0.0003150569, 1.026733), (-0.003266667, 1.026733), (-0.003266667, 1.026733), (-0.0003150569, 1.026733), (-0.0005722279, 1.029428), (-0.003266667, 1.026733), (-0.0005722279, 1.029428), (-0.003266667, 1.029685), (-0.003266667, 1.029685), (-0.0005722279, 1.029428), (-0.001066667, 1.031133), (-0.003266667, 1.029685), (-0.001066667, 1.031133), (-0.003266667, 1.0314), (-0.001066667, 0.8799778), (0.0005438451, 0.8805673), (0.001133333, 0.8821778), (-0.001066667, 0.8799778), (0.001133333, 0.8821778), (-0.0005722279, 0.8816833), (-0.0005722279, 0.8816833), (0.001133333, 0.8821778), (0.001400238, 0.8843778), (-0.0005722279, 0.8816833), (0.001400238, 0.8843778), (-0.0003150569, 0.8843778), (-0.0003150569, 0.8843778), (0.001400238, 0.8843778), (0.001400238, 1.026733), (-0.0003150569, 0.8843778), (0.001400238, 1.026733), (-0.0003150569, 1.026733), (-0.0003150569, 1.026733), (0.001400238, 1.026733), (0.001133333, 1.028933), (-0.0003150569, 1.026733), (0.001133333, 1.028933), (-0.0005722279, 1.029428), (-0.0005722279, 1.029428), (0.001133333, 1.028933), (0.0005438451, 1.030544), (-0.0005722279, 1.029428), (0.0005438451, 1.030544), (-0.001066667, 1.031133), (0.1210667, 0.8799778), (0.1205722, 0.8816833), (0.1188667, 0.8821778), (0.1210667, 0.8799778), (0.1188667, 0.8821778), (0.1194562, 0.8805673), (0.1232667, 0.8797109), (0.1232667, 0.8814262), (0.1205722, 0.8816833), (0.1232667, 0.8797109), (0.1205722, 0.8816833), (0.1210667, 0.8799778), (0.2545111, 0.8797109), (0.2545111, 0.8814262), (0.1232667, 0.8814262), (0.2545111, 0.8797109), (0.1232667, 0.8814262), (0.1232667, 0.8797109), (0.2567111, 0.8799778), (0.2572055, 0.8816833), (0.2545111, 0.8814262), (0.2567111, 0.8799778), (0.2545111, 0.8814262), (0.2545111, 0.8797109), (0.2583216, 0.8805673), (0.2589111, 0.8821778), (0.2572055, 0.8816833), (0.2583216, 0.8805673), (0.2572055, 0.8816833), (0.2567111, 0.8799778), (0.1205722, 0.8816833), (0.1203151, 0.8843778), (0.1185998, 0.8843778), (0.1205722, 0.8816833), (0.1185998, 0.8843778), (0.1188667, 0.8821778), (0.1232667, 0.8814262), (0.1232667, 0.8843778), (0.1203151, 0.8843778), (0.1232667, 0.8814262), (0.1203151, 0.8843778), (0.1205722, 0.8816833), (0.2545111, 0.8814262), (0.2545111, 0.8843778), (0.1232667, 0.8843778), (0.2545111, 0.8814262), (0.1232667, 0.8843778), (0.1232667, 0.8814262), (0.2572055, 0.8816833), (0.2574627, 0.8843778), (0.2545111, 0.8843778), (0.2572055, 0.8816833), (0.2545111, 0.8843778), (0.2545111, 0.8814262), (0.2589111, 0.8821778), (0.259178, 0.8843778), (0.2574627, 0.8843778), (0.2589111, 0.8821778), (0.2574627, 0.8843778), (0.2572055, 0.8816833), (0.1203151, 0.8843778), (0.1203151, 1.026733), (0.1185998, 1.026733), (0.1203151, 0.8843778), (0.1185998, 1.026733), (0.1185998, 0.8843778), (0.1232667, 0.8843778), (0.1232667, 1.026733), (0.1203151, 1.026733), (0.1232667, 0.8843778), (0.1203151, 1.026733), (0.1203151, 0.8843778), (0.2545111, 0.8843778), (0.2545111, 1.026733), (0.1232667, 1.026733), (0.2545111, 0.8843778), (0.1232667, 1.026733), (0.1232667, 0.8843778), (0.2574627, 0.8843778), (0.2574627, 1.026733), (0.2545111, 1.026733), (0.2574627, 0.8843778), (0.2545111, 1.026733), (0.2545111, 0.8843778), (0.259178, 0.8843778), (0.259178, 1.026733), (0.2574627, 1.026733), (0.259178, 0.8843778), (0.2574627, 1.026733), (0.2574627, 0.8843778), (0.1203151, 1.026733), (0.1205722, 1.029428), (0.1188667, 1.028933), (0.1203151, 1.026733), (0.1188667, 1.028933), (0.1185998, 1.026733), (0.1232667, 1.026733), (0.1232667, 1.029685), (0.1205722, 1.029428), (0.1232667, 1.026733), (0.1205722, 1.029428), (0.1203151, 1.026733), (0.2545111, 1.026733), (0.2545111, 1.029685), (0.1232667, 1.029685), (0.2545111, 1.026733), (0.1232667, 1.029685), (0.1232667, 1.026733), (0.2574627, 1.026733), (0.2572055, 1.029428), (0.2545111, 1.029685), (0.2574627, 1.026733), (0.2545111, 1.029685), (0.2545111, 1.026733), (0.259178, 1.026733), (0.2589111, 1.028933), (0.2572055, 1.029428), (0.259178, 1.026733), (0.2572055, 1.029428), (0.2574627, 1.026733), (0.1205722, 1.029428), (0.1210667, 1.031133), (0.1194562, 1.030544), (0.1205722, 1.029428), (0.1194562, 1.030544), (0.1188667, 1.028933), (0.1232667, 1.029685), (0.1232667, 1.0314), (0.1210667, 1.031133), (0.1232667, 1.029685), (0.1210667, 1.031133), (0.1205722, 1.029428), (0.2545111, 1.029685), (0.2545111, 1.0314), (0.1232667, 1.0314), (0.2545111, 1.029685), (0.1232667, 1.0314), (0.1232667, 1.029685), (0.2572055, 1.029428), (0.2567111, 1.031133), (0.2545111, 1.0314), (0.2572055, 1.029428), (0.2545111, 1.0314), (0.2545111, 1.029685), (0.2589111, 1.028933), (0.2583216, 1.030544), (0.2567111, 1.031133), (0.2589111, 1.028933), (0.2567111, 1.031133), (0.2572055, 1.029428), (0.1194562, 0.8805673), (0.1188667, 0.8821778), (0.1205722, 0.8816833), (0.1194562, 0.8805673), (0.1205722, 0.8816833), (0.1210667, 0.8799778), (0.1210667, 0.8799778), (0.1205722, 0.8816833), (0.1232667, 0.8814262), (0.1210667, 0.8799778), (0.1232667, 0.8814262), (0.1232667, 0.8797109), (0.1232667, 0.8797109), (0.1232667, 0.8814262), (0.2545111, 0.8814262), (0.1232667, 0.8797109), (0.2545111, 0.8814262), (0.2545111, 0.8797109), (0.2545111, 0.8797109), (0.2545111, 0.8814262), (0.2572055, 0.8816833), (0.2545111, 0.8797109), (0.2572055, 0.8816833), (0.2567111, 0.8799778), (0.2567111, 0.8799778), (0.2572055, 0.8816833), (0.2589111, 0.8821778), (0.2567111, 0.8799778), (0.2589111, 0.8821778), (0.2583216, 0.8805673), (0.1188667, 0.8821778), (0.1185998, 0.8843778), (0.1203151, 0.8843778), (0.1188667, 0.8821778), (0.1203151, 0.8843778), (0.1205722, 0.8816833), (0.1205722, 0.8816833), (0.1203151, 0.8843778), (0.1232667, 0.8843778), (0.1205722, 0.8816833), (0.1232667, 0.8843778), (0.1232667, 0.8814262), (0.1232667, 0.8814262), (0.1232667, 0.8843778), (0.2545111, 0.8843778), (0.1232667, 0.8814262), (0.2545111, 0.8843778), (0.2545111, 0.8814262), (0.2545111, 0.8814262), (0.2545111, 0.8843778), (0.2574627, 0.8843778), (0.2545111, 0.8814262), (0.2574627, 0.8843778), (0.2572055, 0.8816833), (0.2572055, 0.8816833), (0.2574627, 0.8843778), (0.259178, 0.8843778), (0.2572055, 0.8816833), (0.259178, 0.8843778), (0.2589111, 0.8821778), (0.1185998, 0.8843778), (0.1185998, 1.026733), (0.1203151, 1.026733), (0.1185998, 0.8843778), (0.1203151, 1.026733), (0.1203151, 0.8843778), (0.1203151, 0.8843778), (0.1203151, 1.026733), (0.1232667, 1.026733), (0.1203151, 0.8843778), (0.1232667, 1.026733), (0.1232667, 0.8843778), (0.1232667, 0.8843778), (0.1232667, 1.026733), (0.2545111, 1.026733), (0.1232667, 0.8843778), (0.2545111, 1.026733), (0.2545111, 0.8843778), (0.2545111, 0.8843778), (0.2545111, 1.026733), (0.2574627, 1.026733), (0.2545111, 0.8843778), (0.2574627, 1.026733), (0.2574627, 0.8843778), (0.2574627, 0.8843778), (0.2574627, 1.026733), (0.259178, 1.026733), (0.2574627, 0.8843778), (0.259178, 1.026733), (0.259178, 0.8843778), (0.1185998, 1.026733), (0.1188667, 1.028933), (0.1205722, 1.029428), (0.1185998, 1.026733), (0.1205722, 1.029428), (0.1203151, 1.026733), (0.1203151, 1.026733), (0.1205722, 1.029428), (0.1232667, 1.029685), (0.1203151, 1.026733), (0.1232667, 1.029685), (0.1232667, 1.026733), (0.1232667, 1.026733), (0.1232667, 1.029685), (0.2545111, 1.029685), (0.1232667, 1.026733), (0.2545111, 1.029685), (0.2545111, 1.026733), (0.2545111, 1.026733), (0.2545111, 1.029685), (0.2572055, 1.029428), (0.2545111, 1.026733), (0.2572055, 1.029428), (0.2574627, 1.026733), (0.2574627, 1.026733), (0.2572055, 1.029428), (0.2589111, 1.028933), (0.2574627, 1.026733), (0.2589111, 1.028933), (0.259178, 1.026733), (0.1188667, 1.028933), (0.1194562, 1.030544), (0.1210667, 1.031133), (0.1188667, 1.028933), (0.1210667, 1.031133), (0.1205722, 1.029428), (0.1205722, 1.029428), (0.1210667, 1.031133), (0.1232667, 1.0314), (0.1205722, 1.029428), (0.1232667, 1.0314), (0.1232667, 1.029685), (0.1232667, 1.029685), (0.1232667, 1.0314), (0.2545111, 1.0314), (0.1232667, 1.029685), (0.2545111, 1.0314), (0.2545111, 1.029685), (0.2545111, 1.029685), (0.2545111, 1.0314), (0.2567111, 1.031133), (0.2545111, 1.029685), (0.2567111, 1.031133), (0.2572055, 1.029428), (0.2572055, 1.029428), (0.2567111, 1.031133), (0.2583216, 1.030544), (0.2572055, 1.029428), (0.2583216, 1.030544), (0.2589111, 1.028933), (0.1188667, -0.0656), (0.1205722, -0.06609444), (0.1210667, -0.0678), (0.1188667, -0.0656), (0.1210667, -0.0678), (0.1194562, -0.06721051), (0.1185998, -0.0634), (0.1203151, -0.0634), (0.1205722, -0.06609444), (0.1185998, -0.0634), (0.1205722, -0.06609444), (0.1188667, -0.0656), (0.1185998, -0.003266667), (0.1203151, -0.003266667), (0.1203151, -0.0634), (0.1185998, -0.003266667), (0.1203151, -0.0634), (0.1185998, -0.0634), (0.1188667, -0.001066667), (0.1205722, -0.0005722279), (0.1203151, -0.003266667), (0.1188667, -0.001066667), (0.1203151, -0.003266667), (0.1185998, -0.003266667), (0.1194562, 0.0005438451), (0.1210667, 0.001133333), (0.1205722, -0.0005722279), (0.1194562, 0.0005438451), (0.1205722, -0.0005722279), (0.1188667, -0.001066667), (0.1205722, -0.06609444), (0.1232667, -0.06635161), (0.1232667, -0.0680669), (0.1205722, -0.06609444), (0.1232667, -0.0680669), (0.1210667, -0.0678), (0.1203151, -0.0634), (0.1232667, -0.0634), (0.1232667, -0.06635161), (0.1203151, -0.0634), (0.1232667, -0.06635161), (0.1205722, -0.06609444), (0.1203151, -0.003266667), (0.1232667, -0.003266667), (0.1232667, -0.0634), (0.1203151, -0.003266667), (0.1232667, -0.0634), (0.1203151, -0.0634), (0.1205722, -0.0005722279), (0.1232667, -0.0003150569), (0.1232667, -0.003266667), (0.1205722, -0.0005722279), (0.1232667, -0.003266667), (0.1203151, -0.003266667), (0.1210667, 0.001133333), (0.1232667, 0.001400238), (0.1232667, -0.0003150569), (0.1210667, 0.001133333), (0.1232667, -0.0003150569), (0.1205722, -0.0005722279), (0.1232667, -0.06635161), (0.2545111, -0.06635161), (0.2545111, -0.0680669), (0.1232667, -0.06635161), (0.2545111, -0.0680669), (0.1232667, -0.0680669), (0.1232667, -0.0634), (0.2545111, -0.0634), (0.2545111, -0.06635161), (0.1232667, -0.0634), (0.2545111, -0.06635161), (0.1232667, -0.06635161), (0.1232667, -0.003266667), (0.2545111, -0.003266667), (0.2545111, -0.0634), (0.1232667, -0.003266667), (0.2545111, -0.0634), (0.1232667, -0.0634), (0.1232667, -0.0003150569), (0.2545111, -0.0003150569), (0.2545111, -0.003266667), (0.1232667, -0.0003150569), (0.2545111, -0.003266667), (0.1232667, -0.003266667), (0.1232667, 0.001400238), (0.2545111, 0.001400238), (0.2545111, -0.0003150569), (0.1232667, 0.001400238), (0.2545111, -0.0003150569), (0.1232667, -0.0003150569), (0.2545111, -0.06635161), (0.2572055, -0.06609444), (0.2567111, -0.0678), (0.2545111, -0.06635161), (0.2567111, -0.0678), (0.2545111, -0.0680669), (0.2545111, -0.0634), (0.2574627, -0.0634), (0.2572055, -0.06609444), (0.2545111, -0.0634), (0.2572055, -0.06609444), (0.2545111, -0.06635161), (0.2545111, -0.003266667), (0.2574627, -0.003266667), (0.2574627, -0.0634), (0.2545111, -0.003266667), (0.2574627, -0.0634), (0.2545111, -0.0634), (0.2545111, -0.0003150569), (0.2572055, -0.0005722279), (0.2574627, -0.003266667), (0.2545111, -0.0003150569), (0.2574627, -0.003266667), (0.2545111, -0.003266667), (0.2545111, 0.001400238), (0.2567111, 0.001133333), (0.2572055, -0.0005722279), (0.2545111, 0.001400238), (0.2572055, -0.0005722279), (0.2545111, -0.0003150569), (0.2572055, -0.06609444), (0.2589111, -0.0656), (0.2583216, -0.06721051), (0.2572055, -0.06609444), (0.2583216, -0.06721051), (0.2567111, -0.0678), (0.2574627, -0.0634), (0.259178, -0.0634), (0.2589111, -0.0656), (0.2574627, -0.0634), (0.2589111, -0.0656), (0.2572055, -0.06609444), (0.2574627, -0.003266667), (0.259178, -0.003266667), (0.259178, -0.0634), (0.2574627, -0.003266667), (0.259178, -0.0634), (0.2574627, -0.0634), (0.2572055, -0.0005722279), (0.2589111, -0.001066667), (0.259178, -0.003266667), (0.2572055, -0.0005722279), (0.259178, -0.003266667), (0.2574627, -0.003266667), (0.2567111, 0.001133333), (0.2583216, 0.0005438451), (0.2589111, -0.001066667), (0.2567111, 0.001133333), (0.2589111, -0.001066667), (0.2572055, -0.0005722279), (0.1194562, -0.06721051), (0.1210667, -0.0678), (0.1205722, -0.06609444), (0.1194562, -0.06721051), (0.1205722, -0.06609444), (0.1188667, -0.0656), (0.1188667, -0.0656), (0.1205722, -0.06609444), (0.1203151, -0.0634), (0.1188667, -0.0656), (0.1203151, -0.0634), (0.1185998, -0.0634), (0.1185998, -0.0634), (0.1203151, -0.0634), (0.1203151, -0.003266667), (0.1185998, -0.0634), (0.1203151, -0.003266667), (0.1185998, -0.003266667), (0.1185998, -0.003266667), (0.1203151, -0.003266667), (0.1205722, -0.0005722279), (0.1185998, -0.003266667), (0.1205722, -0.0005722279), (0.1188667, -0.001066667), (0.1188667, -0.001066667), (0.1205722, -0.0005722279), (0.1210667, 0.001133333), (0.1188667, -0.001066667), (0.1210667, 0.001133333), (0.1194562, 0.0005438451), (0.1210667, -0.0678), (0.1232667, -0.0680669), (0.1232667, -0.06635161), (0.1210667, -0.0678), (0.1232667, -0.06635161), (0.1205722, -0.06609444), (0.1205722, -0.06609444), (0.1232667, -0.06635161), (0.1232667, -0.0634), (0.1205722, -0.06609444), (0.1232667, -0.0634), (0.1203151, -0.0634), (0.1203151, -0.0634), (0.1232667, -0.0634), (0.1232667, -0.003266667), (0.1203151, -0.0634), (0.1232667, -0.003266667), (0.1203151, -0.003266667), (0.1203151, -0.003266667), (0.1232667, -0.003266667), (0.1232667, -0.0003150569), (0.1203151, -0.003266667), (0.1232667, -0.0003150569), (0.1205722, -0.0005722279), (0.1205722, -0.0005722279), (0.1232667, -0.0003150569), (0.1232667, 0.001400238), (0.1205722, -0.0005722279), (0.1232667, 0.001400238), (0.1210667, 0.001133333), (0.1232667, -0.0680669), (0.2545111, -0.0680669), (0.2545111, -0.06635161), (0.1232667, -0.0680669), (0.2545111, -0.06635161), (0.1232667, -0.06635161), (0.1232667, -0.06635161), (0.2545111, -0.06635161), (0.2545111, -0.0634), (0.1232667, -0.06635161), (0.2545111, -0.0634), (0.1232667, -0.0634), (0.1232667, -0.0634), (0.2545111, -0.0634), (0.2545111, -0.003266667), (0.1232667, -0.0634), (0.2545111, -0.003266667), (0.1232667, -0.003266667), (0.1232667, -0.003266667), (0.2545111, -0.003266667), (0.2545111, -0.0003150569), (0.1232667, -0.003266667), (0.2545111, -0.0003150569), (0.1232667, -0.0003150569), (0.1232667, -0.0003150569), (0.2545111, -0.0003150569), (0.2545111, 0.001400238), (0.1232667, -0.0003150569), (0.2545111, 0.001400238), (0.1232667, 0.001400238), (0.2545111, -0.0680669), (0.2567111, -0.0678), (0.2572055, -0.06609444), (0.2545111, -0.0680669), (0.2572055, -0.06609444), (0.2545111, -0.06635161), (0.2545111, -0.06635161), (0.2572055, -0.06609444), (0.2574627, -0.0634), (0.2545111, -0.06635161), (0.2574627, -0.0634), (0.2545111, -0.0634), (0.2545111, -0.0634), (0.2574627, -0.0634), (0.2574627, -0.003266667), (0.2545111, -0.0634), (0.2574627, -0.003266667), (0.2545111, -0.003266667), (0.2545111, -0.003266667), (0.2574627, -0.003266667), (0.2572055, -0.0005722279), (0.2545111, -0.003266667), (0.2572055, -0.0005722279), (0.2545111, -0.0003150569), (0.2545111, -0.0003150569), (0.2572055, -0.0005722279), (0.2567111, 0.001133333), (0.2545111, -0.0003150569), (0.2567111, 0.001133333), (0.2545111, 0.001400238), (0.2567111, -0.0678), (0.2583216, -0.06721051), (0.2589111, -0.0656), (0.2567111, -0.0678), (0.2589111, -0.0656), (0.2572055, -0.06609444), (0.2572055, -0.06609444), (0.2589111, -0.0656), (0.259178, -0.0634), (0.2572055, -0.06609444), (0.259178, -0.0634), (0.2574627, -0.0634), (0.2574627, -0.0634), (0.259178, -0.0634), (0.259178, -0.003266667), (0.2574627, -0.0634), (0.259178, -0.003266667), (0.2574627, -0.003266667), (0.2574627, -0.003266667), (0.259178, -0.003266667), (0.2589111, -0.001066667), (0.2574627, -0.003266667), (0.2589111, -0.001066667), (0.2572055, -0.0005722279), (0.2572055, -0.0005722279), (0.2589111, -0.001066667), (0.2583216, 0.0005438451), (0.2572055, -0.0005722279), (0.2583216, 0.0005438451), (0.2567111, 0.001133333)] (interpolation = "faceVarying")
        }
        def Mesh "SMDEndTermination_05" (prepend apiSchemas = ["MaterialBindingAPI"])
        {
            uniform token subdivisionScheme = "none"
            uniform token orientation = "rightHanded"
            bool doubleSided = false
            point3f[] points = [(0.001060237, -0.0006396631, 0.007902737), (0.0010567, -0.0006432, 0.0079124), (0.001055099, -0.0006448014, 0.0079256), (0.001055099, -0.0006448014, 0.0092744), (0.0010567, -0.0006432, 0.0092876), (0.001060237, -0.0006396631, 0.009297263), (0.0010567, -0.00063, 0.0078992), (0.001050767, -0.0006329666, 0.007909433), (0.001047681, -0.0006345097, 0.0079256), (0.001047681, -0.0006345097, 0.0092744), (0.001050767, -0.0006329666, 0.009290567), (0.0010567, -0.00063, 0.0093008), (0.001055099, -0.0006168, 0.007897599), (0.001047681, -0.0006168, 0.00790789), (0.0010435, -0.0006168, 0.0079256), (0.0010435, -0.0006168, 0.0092744), (0.001047681, -0.0006168, 0.00929211), (0.001055099, -0.0006168, 0.009302401), (0.001055099, 1.68e-05, 0.007897599), (0.001047681, 1.68e-05, 0.00790789), (0.0010435, 1.68e-05, 0.0079256), (0.0010435, 1.68e-05, 0.0092744), (0.001047681, 1.68e-05, 0.00929211), (0.001055099, 1.68e-05, 0.009302401), (0.0010567, 3e-05, 0.0078992), (0.001050767, 3.296663e-05, 0.007909433), (0.001047681, 3.450966e-05, 0.0079256), (0.001047681, 3.450966e-05, 0.0092744), (0.001050767, 3.296663e-05, 0.009290567), (0.0010567, 3e-05, 0.0093008), (0.001060237, 3.966307e-05, 0.007902737), (0.0010567, 4.32e-05, 0.0079124), (0.001055099, 4.480143e-05, 0.0079256), (0.001055099, 4.480143e-05, 0.0092744), (0.0010567, 4.32e-05, 0.0092876), (0.001060237, 3.966307e-05, 0.009297263), (0.001247763, -0.0006396631, 0.007902737), (0.0012513, -0.0006432, 0.0079124), (0.001252901, -0.0006448014, 0.0079256), (0.001252901, -0.0006448014, 0.0092744), (0.0012513, -0.0006432, 0.0092876), (0.001247763, -0.0006396631, 0.009297263), (0.0012513, -0.00063, 0.0078992), (0.001257233, -0.0006329666, 0.007909433), (0.001260319, -0.0006345097, 0.0079256), (0.001260319, -0.0006345097, 0.0092744), (0.001257233, -0.0006329666, 0.009290567), (0.0012513, -0.00063, 0.0093008), (0.001252901, -0.0006168, 0.007897599), (0.001260319, -0.0006168, 0.00790789), (0.0012645, -0.0006168, 0.0079256), (0.0012645, -0.0006168, 0.0092744), (0.001260319, -0.0006168, 0.00929211), (0.001252901, -0.0006168, 0.009302401), (0.001252901, 1.68e-05, 0.007897599), (0.001260319, 1.68e-05, 0.00790789), (0.0012645, 1.68e-05, 0.0079256), (0.0012645, 1.68e-05, 0.0092744), (0.001260319, 1.68e-05, 0.00929211), (0.001252901, 1.68e-05, 0.009302401), (0.0012513, 3e-05, 0.0078992), (0.001257233, 3.296663e-05, 0.007909433), (0.001260319, 3.450966e-05, 0.0079256), (0.001260319, 3.450966e-05, 0.0092744), (0.001257233, 3.296663e-05, 0.009290567), (0.0012513, 3e-05, 0.0093008), (0.001247763, 3.966307e-05, 0.007902737), (0.0012513, 4.32e-05, 0.0079124), (0.001252901, 4.480143e-05, 0.0079256), (0.001252901, 4.480143e-05, 0.0092744), (0.0012513, 4.32e-05, 0.0092876), (0.001247763, 3.966307e-05, 0.009297263), (0.001060237, -0.0006396631, 0.007902737), (0.0010699, -0.0006432, 0.0078992), (0.0010831, -0.0006448014, 0.007897599), (0.0012249, -0.0006448014, 0.007897599), (0.0012381, -0.0006432, 0.0078992), (0.001247763, -0.0006396631, 0.007902737), (0.0010567, -0.0006432, 0.0079124), (0.001066933, -0.0006491333, 0.007909433), (0.0010831, -0.0006522193, 0.00790789), (0.0012249, -0.0006522193, 0.00790789), (0.001241067, -0.0006491333, 0.007909433), (0.0012513, -0.0006432, 0.0079124), (0.001055099, -0.0006448014, 0.0079256), (0.00106539, -0.0006522193, 0.0079256), (0.0010831, -0.0006564, 0.0079256), (0.0012249, -0.0006564, 0.0079256), (0.00124261, -0.0006522193, 0.0079256), (0.001252901, -0.0006448014, 0.0079256), (0.001055099, -0.0006448014, 0.0092744), (0.00106539, -0.0006522193, 0.0092744), (0.0010831, -0.0006564, 0.0092744), (0.0012249, -0.0006564, 0.0092744), (0.00124261, -0.0006522193, 0.0092744), (0.001252901, -0.0006448014, 0.0092744), (0.0010567, -0.0006432, 0.0092876), (0.001066933, -0.0006491333, 0.009290567), (0.0010831, -0.0006522193, 0.00929211), (0.0012249, -0.0006522193, 0.00929211), (0.001241067, -0.0006491333, 0.009290567), (0.0012513, -0.0006432, 0.0092876), (0.001060237, -0.0006396631, 0.009297263), (0.0010699, -0.0006432, 0.0093008), (0.0010831, -0.0006448014, 0.009302401), (0.0012249, -0.0006448014, 0.009302401), (0.0012381, -0.0006432, 0.0093008), (0.001247763, -0.0006396631, 0.009297263), (0.001060237, 3.966307e-05, 0.007902737), (0.0010699, 4.32e-05, 0.0078992), (0.0010831, 4.480143e-05, 0.007897599), (0.0012249, 4.480143e-05, 0.007897599), (0.0012381, 4.32e-05, 0.0078992), (0.001247763, 3.966307e-05, 0.007902737), (0.0010567, 4.32e-05, 0.0079124), (0.001066933, 4.913326e-05, 0.007909433), (0.0010831, 5.221932e-05, 0.00790789), (0.0012249, 5.221932e-05, 0.00790789), (0.001241067, 4.913326e-05, 0.007909433), (0.0012513, 4.32e-05, 0.0079124), (0.001055099, 4.480143e-05, 0.0079256), (0.00106539, 5.221932e-05, 0.0079256), (0.0010831, 5.64e-05, 0.0079256), (0.0012249, 5.64e-05, 0.0079256), (0.00124261, 5.221932e-05, 0.0079256), (0.001252901, 4.480143e-05, 0.0079256), (0.001055099, 4.480143e-05, 0.0092744), (0.00106539, 5.221932e-05, 0.0092744), (0.0010831, 5.64e-05, 0.0092744), (0.0012249, 5.64e-05, 0.0092744), (0.00124261, 5.221932e-05, 0.0092744), (0.001252901, 4.480143e-05, 0.0092744), (0.0010567, 4.32e-05, 0.0092876), (0.001066933, 4.913326e-05, 0.009290567), (0.0010831, 5.221932e-05, 0.00929211), (0.0012249, 5.221932e-05, 0.00929211), (0.001241067, 4.913326e-05, 0.009290567), (0.0012513, 4.32e-05, 0.0092876), (0.001060237, 3.966307e-05, 0.009297263), (0.0010699, 4.32e-05, 0.0093008), (0.0010831, 4.480143e-05, 0.009302401), (0.0012249, 4.480143e-05, 0.009302401), (0.0012381, 4.32e-05, 0.0093008), (0.001247763, 3.966307e-05, 0.009297263), (0.001060237, -0.0006396631, 0.007902737), (0.0010567, -0.00063, 0.0078992), (0.001055099, -0.0006168, 0.007897599), (0.001055099, 1.68e-05, 0.007897599), (0.0010567, 3e-05, 0.0078992), (0.001060237, 3.966307e-05, 0.007902737), (0.0010699, -0.0006432, 0.0078992), (0.001066933, -0.0006329666, 0.007893267), (0.00106539, -0.0006168, 0.007890181), (0.00106539, 1.68e-05, 0.007890181), (0.001066933, 3.296663e-05, 0.007893267), (0.0010699, 4.32e-05, 0.0078992), (0.0010831, -0.0006448014, 0.007897599), (0.0010831, -0.0006345097, 0.007890181), (0.0010831, -0.0006168, 0.007886), (0.0010831, 1.68e-05, 0.007886), (0.0010831, 3.450966e-05, 0.007890181), (0.0010831, 4.480143e-05, 0.007897599), (0.0012249, -0.0006448014, 0.007897599), (0.0012249, -0.0006345097, 0.007890181), (0.0012249, -0.0006168, 0.007886), (0.0012249, 1.68e-05, 0.007886), (0.0012249, 3.450966e-05, 0.007890181), (0.0012249, 4.480143e-05, 0.007897599), (0.0012381, -0.0006432, 0.0078992), (0.001241067, -0.0006329666, 0.007893267), (0.00124261, -0.0006168, 0.007890181), (0.00124261, 1.68e-05, 0.007890181), (0.001241067, 3.296663e-05, 0.007893267), (0.0012381, 4.32e-05, 0.0078992), (0.001247763, -0.0006396631, 0.007902737), (0.0012513, -0.00063, 0.0078992), (0.001252901, -0.0006168, 0.007897599), (0.001252901, 1.68e-05, 0.007897599), (0.0012513, 3e-05, 0.0078992), (0.001247763, 3.966307e-05, 0.007902737), (0.001060237, -0.0006396631, 0.009297263), (0.0010567, -0.00063, 0.0093008), (0.001055099, -0.0006168, 0.009302401), (0.001055099, 1.68e-05, 0.009302401), (0.0010567, 3e-05, 0.0093008), (0.001060237, 3.966307e-05, 0.009297263), (0.0010699, -0.0006432, 0.0093008), (0.001066933, -0.0006329666, 0.009306733), (0.00106539, -0.0006168, 0.009309819), (0.00106539, 1.68e-05, 0.009309819), (0.001066933, 3.296663e-05, 0.009306733), (0.0010699, 4.32e-05, 0.0093008), (0.0010831, -0.0006448014, 0.009302401), (0.0010831, -0.0006345097, 0.009309819), (0.0010831, -0.0006168, 0.009314), (0.0010831, 1.68e-05, 0.009314), (0.0010831, 3.450966e-05, 0.009309819), (0.0010831, 4.480143e-05, 0.009302401), (0.0012249, -0.0006448014, 0.009302401), (0.0012249, -0.0006345097, 0.009309819), (0.0012249, -0.0006168, 0.009314), (0.0012249, 1.68e-05, 0.009314), (0.0012249, 3.450966e-05, 0.009309819), (0.0012249, 4.480143e-05, 0.009302401), (0.0012381, -0.0006432, 0.0093008), (0.001241067, -0.0006329666, 0.009306733), (0.00124261, -0.0006168, 0.009309819), (0.00124261, 1.68e-05, 0.009309819), (0.001241067, 3.296663e-05, 0.009306733), (0.0012381, 4.32e-05, 0.0093008), (0.001247763, -0.0006396631, 0.009297263), (0.0012513, -0.00063, 0.0093008), (0.001252901, -0.0006168, 0.009302401), (0.001252901, 1.68e-05, 0.009302401), (0.0012513, 3e-05, 0.0093008), (0.001247763, 3.966307e-05, 0.009297263)]
            int[] faceVertexCounts = [3, 3, 3, 3, 3, 3, 3, 3, 3, 3, 3, 3, 3, 3, 3, 3, 3, 3, 3, 3, 3, 3, 3, 3, 3, 3, 3, 3, 3, 3, 3, 3, 3, 3, 3, 3, 3, 3, 3, 3, 3, 3, 3, 3, 3, 3, 3, 3, 3, 3, 3, 3, 3, 3, 3, 3, 3, 3, 3, 3, 3, 3, 3, 3, 3, 3, 3, 3, 3, 3, 3, 3, 3, 3, 3, 3, 3, 3, 3, 3, 3, 3, 3, 3, 3, 3, 3, 3, 3, 3, 3, 3, 3, 3, 3, 3, 3, 3, 3, 3, 3, 3, 3, 3, 3, 3, 3, 3, 3, 3, 3, 3, 3, 3, 3, 3, 3, 3, 3, 3, 3, 3, 3, 3, 3, 3, 3, 3, 3, 3, 3, 3, 3, 3, 3, 3, 3, 3, 3, 3, 3, 3, 3, 3, 3, 3, 3, 3, 3, 3, 3, 3, 3, 3, 3, 3, 3, 3, 3, 3, 3, 3, 3, 3, 3, 3, 3, 3, 3, 3, 3, 3, 3, 3, 3, 3, 3, 3, 3, 3, 3, 3, 3, 3, 3, 3, 3, 3, 3, 3, 3, 3, 3, 3, 3, 3, 3, 3, 3, 3, 3, 3, 3, 3, 3, 3, 3, 3, 3, 3, 3, 3, 3, 3, 3, 3, 3, 3, 3, 3, 3, 3, 3, 3, 3, 3, 3, 3, 3, 3, 3, 3, 3, 3, 3, 3, 3, 3, 3, 3, 3, 3, 3, 3, 3, 3, 3, 3, 3, 3, 3, 3, 3, 3, 3, 3, 3, 3, 3, 3, 3, 3, 3, 3, 3, 3, 3, 3, 3, 3, 3, 3, 3, 3, 3, 3, 3, 3, 3, 3, 3, 3, 3, 3, 3, 3, 3, 3, 3, 3, 3, 3, 3, 3, 3, 3, 3, 3, 3, 3]
            int[] faceVertexIndices = [1, 7, 6, 1, 6, 0, 2, 8, 7, 2, 7, 1, 3, 9, 8, 3, 8, 2, 4, 10, 9, 4, 9, 3, 5, 11, 10, 5, 10, 4, 7, 13, 12, 7, 12, 6, 8, 14, 13, 8, 13, 7, 9, 15, 14, 9, 14, 8, 10, 16, 15, 10, 15, 9, 11, 17, 16, 11, 16, 10, 13, 19, 18, 13, 18, 12, 14, 20, 19, 14, 19, 13, 15, 21, 20, 15, 20, 14, 16, 22, 21, 16, 21, 15, 17, 23, 22, 17, 22, 16, 19, 25, 24, 19, 24, 18, 20, 26, 25, 20, 25, 19, 21, 27, 26, 21, 26, 20, 22, 28, 27, 22, 27, 21, 23, 29, 28, 23, 28, 22, 25, 31, 30, 25, 30, 24, 26, 32, 31, 26, 31, 25, 27, 33, 32, 27, 32, 26, 28, 34, 33, 28, 33, 27, 29, 35, 34, 29, 34, 28, 36, 42, 43, 36, 43, 37, 37, 43, 44, 37, 44, 38, 38, 44, 45, 38, 45, 39, 39, 45, 46, 39, 46, 40, 40, 46, 47, 40, 47, 41, 42, 48, 49, 42, 49, 43, 43, 49, 50, 43, 50, 44, 44, 50, 51, 44, 51, 45, 45, 51, 52, 45, 52, 46, 46, 52, 53, 46, 53, 47, 48, 54, 55, 48, 55, 49, 49, 55, 56, 49, 56, 50, 50, 56, 57, 50, 57, 51, 51, 57, 58, 51, 58, 52, 52, 58, 59, 52, 59, 53, 54, 60, 61, 54, 61, 55, 55, 61, 62, 55, 62, 56, 56, 62, 63, 56, 63, 57, 57, 63, 64, 57, 64, 58, 58, 64, 65, 58, 65, 59, 60, 66, 67, 60, 67, 61, 61, 67, 68, 61, 68, 62, 62, 68, 69, 62, 69, 63, 63, 69, 70, 63, 70, 64, 64, 70, 71, 64, 71, 65, 73, 79, 78, 73, 78, 72, 74, 80, 79, 74, 79, 73, 75, 81, 80, 75, 80, 74, 76, 82, 81, 76, 81, 75, 77, 83, 82, 77, 82, 76, 79, 85, 84, 79, 84, 78, 80, 86, 85, 80, 85, 79, 81, 87, 86, 81, 86, 80, 82, 88, 87, 82, 87, 81, 83, 89, 88, 83, 88, 82, 85, 91, 90, 85, 90, 84, 86, 92, 91, 86, 91, 85, 87, 93, 92, 87, 92, 86, 88, 94, 93, 88, 93, 87, 89, 95, 94, 89, 94, 88, 91, 97, 96, 91, 96, 90, 92, 98, 97, 92, 97, 91, 93, 99, 98, 93, 98, 92, 94, 100, 99, 94, 99, 93, 95, 101, 100, 95, 100, 94, 97, 103, 102, 97, 102, 96, 98, 104, 103, 98, 103, 97, 99, 105, 104, 99, 104, 98, 100, 106, 105, 100, 105, 99, 101, 107, 106, 101, 106, 100, 108, 114, 115, 108, 115, 109, 109, 115, 116, 109, 116, 110, 110, 116, 117, 110, 117, 111, 111, 117, 118, 111, 118, 112, 112, 118, 119, 112, 119, 113, 114, 120, 121, 114, 121, 115, 115, 121, 122, 115, 122, 116, 116, 122, 123, 116, 123, 117, 117, 123, 124, 117, 124, 118, 118, 124, 125, 118, 125, 119, 120, 126, 127, 120, 127, 121, 121, 127, 128, 121, 128, 122, 122, 128, 129, 122, 129, 123, 123, 129, 130, 123, 130, 124, 124, 130, 131, 124, 131, 125, 126, 132, 133, 126, 133, 127, 127, 133, 134, 127, 134, 128, 128, 134, 135, 128, 135, 129, 129, 135, 136, 129, 136, 130, 130, 136, 137, 130, 137, 131, 132, 138, 139, 132, 139, 133, 133, 139, 140, 133, 140, 134, 134, 140, 141, 134, 141, 135, 135, 141, 142, 135, 142, 136, 136, 142, 143, 136, 143, 137, 145, 151, 150, 145, 150, 144, 146, 152, 151, 146, 151, 145, 147, 153, 152, 147, 152, 146, 148, 154, 153, 148, 153, 147, 149, 155, 154, 149, 154, 148, 151, 157, 156, 151, 156, 150, 152, 158, 157, 152, 157, 151, 153, 159, 158, 153, 158, 152, 154, 160, 159, 154, 159, 153, 155, 161, 160, 155, 160, 154, 157, 163, 162, 157, 162, 156, 158, 164, 163, 158, 163, 157, 159, 165, 164, 159, 164, 158, 160, 166, 165, 160, 165, 159, 161, 167, 166, 161, 166, 160, 163, 169, 168, 163, 168, 162, 164, 170, 169, 164, 169, 163, 165, 171, 170, 165, 170, 164, 166, 172, 171, 166, 171, 165, 167, 173, 172, 167, 172, 166, 169, 175, 174, 169, 174, 168, 170, 176, 175, 170, 175, 169, 171, 177, 176, 171, 176, 170, 172, 178, 177, 172, 177, 171, 173, 179, 178, 173, 178, 172, 180, 186, 187, 180, 187, 181, 181, 187, 188, 181, 188, 182, 182, 188, 189, 182, 189, 183, 183, 189, 190, 183, 190, 184, 184, 190, 191, 184, 191, 185, 186, 192, 193, 186, 193, 187, 187, 193, 194, 187, 194, 188, 188, 194, 195, 188, 195, 189, 189, 195, 196, 189, 196, 190, 190, 196, 197, 190, 197, 191, 192, 198, 199, 192, 199, 193, 193, 199, 200, 193, 200, 194, 194, 200, 201, 194, 201, 195, 195, 201, 202, 195, 202, 196, 196, 202, 203, 196, 203, 197, 198, 204, 205, 198, 205, 199, 199, 205, 206, 199, 206, 200, 200, 206, 207, 200, 207, 201, 201, 207, 208, 201, 208, 202, 202, 208, 209, 202, 209, 203, 204, 210, 211, 204, 211, 205, 205, 211, 212, 205, 212, 206, 206, 212, 213, 206, 213, 207, 207, 213, 214, 207, 214, 208, 208, 214, 215, 208, 215, 209]
            normal3f[] normals = [(-0.7745967, -0.4472136, -0.4472136), (-0.7668657, -0.5195657, -0.376787), (-0.8115308, -0.5842963, -0.003954934), (-0.8112419, -0.5847101, 0.0008246707), (-0.7900625, -0.5555967, 0.2590629), (-0.7071068, -0.5, 0.5), (-0.7668657, -0.376787, -0.5195657), (-0.8559572, -0.3656073, -0.3656073), (-0.8964429, -0.4431494, -0.002941409), (-0.9449388, -0.327241, 0.001976786), (-0.8844941, -0.3299016, 0.3299016), (-0.7900625, -0.2590629, 0.5555967), (-0.8118281, -0.008227935, -0.5838386), (-0.8973103, -0.00616946, -0.4413572), (-0.9999079, -0.01226943, -0.00580601), (-0.9999933, -0.003305419, 0.001591831), (-0.9445719, -0.00416251, 0.3282781), (-0.8112409, -0.00174595, 0.5847094), (-0.8112409, 0.00174595, -0.5847094), (-0.9445719, 0.00416251, -0.3282781), (-0.9999933, 0.003305419, -0.001591831), (-0.9999079, 0.01226943, 0.00580601), (-0.8973103, 0.00616946, 0.4413572), (-0.8118281, 0.008227935, 0.5838386), (-0.7900625, 0.2590629, -0.5555967), (-0.8844941, 0.3299016, -0.3299016), (-0.9449388, 0.327241, -0.001976786), (-0.8964429, 0.4431494, 0.002941409), (-0.8559572, 0.3656073, 0.3656073), (-0.7668657, 0.376787, 0.5195657), (-0.7071068, 0.5, -0.5), (-0.7900625, 0.5555967, -0.2590629), (-0.8112419, 0.5847101, -0.0008246707), (-0.8115308, 0.5842963, 0.003954934), (-0.7668657, 0.5195657, 0.376787), (-0.7745967, 0.4472136, 0.4472136), (0.7071068, -0.5, -0.5), (0.7900625, -0.5555967, -0.2590629), (0.8112419, -0.5847101, -0.0008246707), (0.8115308, -0.5842963, 0.003954934), (0.7668657, -0.5195657, 0.376787), (0.7745967, -0.4472136, 0.4472136), (0.7900625, -0.2590629, -0.5555967), (0.8844941, -0.3299016, -0.3299016), (0.9449388, -0.327241, -0.001976786), (0.8964429, -0.4431494, 0.002941409), (0.8559572, -0.3656073, 0.3656073), (0.7668657, -0.376787, 0.5195657), (0.8112409, -0.00174595, -0.5847094), (0.9445719, -0.00416251, -0.3282781), (0.9999933, -0.003305419, -0.001591831), (0.9999079, -0.01226943, 0.00580601), (0.8973103, -0.00616946, 0.4413572), (0.8118281, -0.008227935, 0.5838386), (0.8118281, 0.008227935, -0.5838386), (0.8973103, 0.00616946, -0.4413572), (0.9999079, 0.01226943, -0.00580601), (0.9999933, 0.003305419, 0.001591831), (0.9445719, 0.00416251, 0.3282781), (0.8112409, 0.00174595, 0.5847094), (0.7668657, 0.376787, -0.5195657), (0.8559572, 0.3656073, -0.3656073), (0.8964429, 0.4431494, -0.002941409), (0.9449388, 0.327241, 0.001976786), (0.8844941, 0.3299016, 0.3299016), (0.7900625, 0.2590629, 0.5555967), (0.7745967, 0.4472136, -0.4472136), (0.7668657, 0.5195657, -0.376787), (0.8115308, 0.5842963, -0.003954934), (0.8112419, 0.5847101, 0.0008246707), (0.7900625, 0.5555967, 0.2590629), (0.7071068, 0.5, 0.5), (-0.4472136, -0.7745967, -0.4472136), (-0.376787, -0.7668657, -0.5195657), (-0.03199722, -0.8132069, -0.5810944), (0.007531855, -0.8112192, -0.5846937), (0.2590629, -0.7900625, -0.5555967), (0.5, -0.7071068, -0.5), (-0.5195657, -0.7668657, -0.376787), (-0.3656073, -0.8559572, -0.3656073), (-0.02513831, -0.9021466, -0.4306967), (0.01736477, -0.9422354, -0.3345011), (0.3299016, -0.8844941, -0.3299016), (0.5555967, -0.7900625, -0.2590629), (-0.5842963, -0.8115308, -0.003954934), (-0.4431494, -0.8964429, -0.002941409), (-0.04640297, -0.9989095, -0.005149196), (0.0140834, -0.9998993, -0.001761799), (0.327241, -0.9449388, -0.001976786), (0.5847101, -0.8112419, -0.0008246707), (-0.5847101, -0.8112419, 0.0008246707), (-0.327241, -0.9449388, 0.001976786), (-0.0140834, -0.9998993, 0.001761799), (0.04640297, -0.9989095, 0.005149196), (0.4431494, -0.8964429, 0.002941409), (0.5842963, -0.8115308, 0.003954934), (-0.5555967, -0.7900625, 0.2590629), (-0.3299016, -0.8844941, 0.3299016), (-0.01736477, -0.9422354, 0.3345011), (0.02513831, -0.9021466, 0.4306967), (0.3656073, -0.8559572, 0.3656073), (0.5195657, -0.7668657, 0.376787), (-0.5, -0.7071068, 0.5), (-0.2590629, -0.7900625, 0.5555967), (-0.007531855, -0.8112192, 0.5846937), (0.03199722, -0.8132069, 0.5810944), (0.376787, -0.7668657, 0.5195657), (0.4472136, -0.7745967, 0.4472136), (-0.5, 0.7071068, -0.5), (-0.2590629, 0.7900625, -0.5555967), (-0.007531855, 0.8112192, -0.5846937), (0.03199722, 0.8132069, -0.5810944), (0.376787, 0.7668657, -0.5195657), (0.4472136, 0.7745967, -0.4472136), (-0.5555967, 0.7900625, -0.2590629), (-0.3299016, 0.8844941, -0.3299016), (-0.01736477, 0.9422354, -0.3345011), (0.02513831, 0.9021466, -0.4306967), (0.3656073, 0.8559572, -0.3656073), (0.5195657, 0.7668657, -0.376787), (-0.5847101, 0.8112419, -0.0008246707), (-0.327241, 0.9449388, -0.001976786), (-0.0140834, 0.9998993, -0.001761799), (0.04640297, 0.9989095, -0.005149196), (0.4431494, 0.8964429, -0.002941409), (0.5842963, 0.8115308, -0.003954934), (-0.5842963, 0.8115308, 0.003954934), (-0.4431494, 0.8964429, 0.002941409), (-0.04640297, 0.9989095, 0.005149196), (0.0140834, 0.9998993, 0.001761799), (0.327241, 0.9449388, 0.001976786), (0.5847101, 0.8112419, 0.0008246707), (-0.5195657, 0.7668657, 0.376787), (-0.3656073, 0.8559572, 0.3656073), (-0.02513831, 0.9021466, 0.4306967), (0.01736477, 0.9422354, 0.3345011), (0.3299016, 0.8844941, 0.3299016), (0.5555967, 0.7900625, 0.2590629), (-0.4472136, 0.7745967, 0.4472136), (-0.376787, 0.7668657, 0.5195657), (-0.03199722, 0.8132069, 0.5810944), (0.007531855, 0.8112192, 0.5846937), (0.2590629, 0.7900625, 0.5555967), (0.5, 0.7071068, 0.5), (-0.4472136, -0.4472136, -0.7745967), (-0.5195657, -0.376787, -0.7668657), (-0.5838386, -0.008227935, -0.8118281), (-0.5847094, 0.00174595, -0.8112409), (-0.5555967, 0.2590629, -0.7900625), (-0.5, 0.5, -0.7071068), (-0.376787, -0.5195657, -0.7668657), (-0.3656073, -0.3656073, -0.8559572), (-0.4413572, -0.00616946, -0.8973103), (-0.3282781, 0.00416251, -0.9445719), (-0.3299016, 0.3299016, -0.8844941), (-0.2590629, 0.5555967, -0.7900625), (-0.03199722, -0.5810944, -0.8132069), (-0.02513831, -0.4306967, -0.9021466), (-0.04561977, -0.01069778, -0.9989016), (-0.01431629, 0.003718851, -0.9998906), (-0.01736477, 0.3345011, -0.9422354), (-0.007531855, 0.5846937, -0.8112192), (0.007531855, -0.5846937, -0.8112192), (0.01736477, -0.3345011, -0.9422354), (0.01431629, -0.003718851, -0.9998906), (0.04561977, 0.01069778, -0.9989016), (0.02513831, 0.4306967, -0.9021466), (0.03199722, 0.5810944, -0.8132069), (0.2590629, -0.5555967, -0.7900625), (0.3299016, -0.3299016, -0.8844941), (0.3282781, -0.00416251, -0.9445719), (0.4413572, 0.00616946, -0.8973103), (0.3656073, 0.3656073, -0.8559572), (0.376787, 0.5195657, -0.7668657), (0.5, -0.5, -0.7071068), (0.5555967, -0.2590629, -0.7900625), (0.5847094, -0.00174595, -0.8112409), (0.5838386, 0.008227935, -0.8118281), (0.5195657, 0.376787, -0.7668657), (0.4472136, 0.4472136, -0.7745967), (-0.5, -0.5, 0.7071068), (-0.5555967, -0.2590629, 0.7900625), (-0.5847094, -0.00174595, 0.8112409), (-0.5838386, 0.008227935, 0.8118281), (-0.5195657, 0.376787, 0.7668657), (-0.4472136, 0.4472136, 0.7745967), (-0.2590629, -0.5555967, 0.7900625), (-0.3299016, -0.3299016, 0.8844941), (-0.3282781, -0.00416251, 0.9445719), (-0.4413572, 0.00616946, 0.8973103), (-0.3656073, 0.3656073, 0.8559572), (-0.376787, 0.5195657, 0.7668657), (-0.007531855, -0.5846937, 0.8112192), (-0.01736477, -0.3345011, 0.9422354), (-0.01431629, -0.003718851, 0.9998906), (-0.04561977, 0.01069778, 0.9989016), (-0.02513831, 0.4306967, 0.9021466), (-0.03199722, 0.5810944, 0.8132069), (0.03199722, -0.5810944, 0.8132069), (0.02513831, -0.4306967, 0.9021466), (0.04561977, -0.01069778, 0.9989016), (0.01431629, 0.003718851, 0.9998906), (0.01736477, 0.3345011, 0.9422354), (0.007531855, 0.5846937, 0.8112192), (0.376787, -0.5195657, 0.7668657), (0.3656073, -0.3656073, 0.8559572), (0.4413572, -0.00616946, 0.8973103), (0.3282781, 0.00416251, 0.9445719), (0.3299016, 0.3299016, 0.8844941), (0.2590629, 0.5555967, 0.7900625), (0.4472136, -0.4472136, 0.7745967), (0.5195657, -0.376787, 0.7668657), (0.5838386, -0.008227935, 0.8118281), (0.5847094, 0.00174595, 0.8112409), (0.5555967, 0.2590629, 0.7900625), (0.5, 0.5, 0.7071068)] (interpolation = "vertex")
            float3[] extent = [(0.0010435, -0.0006564, 0.007886), (0.0012645, 5.64e-05, 0.009314)]
            rel material:binding = </WorkbenchPart/Materials/solder>
        }
        def Mesh "SMDEndTermination_06" (prepend apiSchemas = ["MaterialBindingAPI"])
        {
            uniform token subdivisionScheme = "none"
            uniform token orientation = "rightHanded"
            bool doubleSided = false
            point3f[] points = [(0.002152237, -0.0006396631, 0.007902737), (0.0021487, -0.0006432, 0.0079124), (0.002147099, -0.0006448014, 0.0079256), (0.002147099, -0.0006448014, 0.0092744), (0.0021487, -0.0006432, 0.0092876), (0.002152237, -0.0006396631, 0.009297263), (0.0021487, -0.00063, 0.0078992), (0.002142767, -0.0006329666, 0.007909433), (0.002139681, -0.0006345097, 0.0079256), (0.002139681, -0.0006345097, 0.0092744), (0.002142767, -0.0006329666, 0.009290567), (0.0021487, -0.00063, 0.0093008), (0.002147099, -0.0006168, 0.007897599), (0.002139681, -0.0006168, 0.00790789), (0.0021355, -0.0006168, 0.0079256), (0.0021355, -0.0006168, 0.0092744), (0.002139681, -0.0006168, 0.00929211), (0.002147099, -0.0006168, 0.009302401), (0.002147099, 1.68e-05, 0.007897599), (0.002139681, 1.68e-05, 0.00790789), (0.0021355, 1.68e-05, 0.0079256), (0.0021355, 1.68e-05, 0.0092744), (0.002139681, 1.68e-05, 0.00929211), (0.002147099, 1.68e-05, 0.009302401), (0.0021487, 3e-05, 0.0078992), (0.002142767, 3.296663e-05, 0.007909433), (0.002139681, 3.450966e-05, 0.0079256), (0.002139681, 3.450966e-05, 0.0092744), (0.002142767, 3.296663e-05, 0.009290567), (0.0021487, 3e-05, 0.0093008), (0.002152237, 3.966307e-05, 0.007902737), (0.0021487, 4.32e-05, 0.0079124), (0.002147099, 4.480143e-05, 0.0079256), (0.002147099, 4.480143e-05, 0.0092744), (0.0021487, 4.32e-05, 0.0092876), (0.002152237, 3.966307e-05, 0.009297263), (0.002339763, -0.0006396631, 0.007902737), (0.0023433, -0.0006432, 0.0079124), (0.002344901, -0.0006448014, 0.0079256), (0.002344901, -0.0006448014, 0.0092744), (0.0023433, -0.0006432, 0.0092876), (0.002339763, -0.0006396631, 0.009297263), (0.0023433, -0.00063, 0.0078992), (0.002349233, -0.0006329666, 0.007909433), (0.002352319, -0.0006345097, 0.0079256), (0.002352319, -0.0006345097, 0.0092744), (0.002349233, -0.0006329666, 0.009290567), (0.0023433, -0.00063, 0.0093008), (0.002344901, -0.0006168, 0.007897599), (0.002352319, -0.0006168, 0.00790789), (0.0023565, -0.0006168, 0.0079256), (0.0023565, -0.0006168, 0.0092744), (0.002352319, -0.0006168, 0.00929211), (0.002344901, -0.0006168, 0.009302401), (0.002344901, 1.68e-05, 0.007897599), (0.002352319, 1.68e-05, 0.00790789), (0.0023565, 1.68e-05, 0.0079256), (0.0023565, 1.68e-05, 0.0092744), (0.002352319, 1.68e-05, 0.00929211), (0.002344901, 1.68e-05, 0.009302401), (0.0023433, 3e-05, 0.0078992), (0.002349233, 3.296663e-05, 0.007909433), (0.002352319, 3.450966e-05, 0.0079256), (0.002352319, 3.450966e-05, 0.0092744), (0.002349233, 3.296663e-05, 0.009290567), (0.0023433, 3e-05, 0.0093008), (0.002339763, 3.966307e-05, 0.007902737), (0.0023433, 4.32e-05, 0.0079124), (0.002344901, 4.480143e-05, 0.0079256), (0.002344901, 4.480143e-05, 0.0092744), (0.0023433, 4.32e-05, 0.0092876), (0.002339763, 3.966307e-05, 0.009297263), (0.002152237, -0.0006396631, 0.007902737), (0.0021619, -0.0006432, 0.0078992), (0.0021751, -0.0006448014, 0.007897599), (0.0023169, -0.0006448014, 0.007897599), (0.0023301, -0.0006432, 0.0078992), (0.002339763, -0.0006396631, 0.007902737), (0.0021487, -0.0006432, 0.0079124), (0.002158933, -0.0006491333, 0.007909433), (0.0021751, -0.0006522193, 0.00790789), (0.0023169, -0.0006522193, 0.00790789), (0.002333067, -0.0006491333, 0.007909433), (0.0023433, -0.0006432, 0.0079124), (0.002147099, -0.0006448014, 0.0079256), (0.00215739, -0.0006522193, 0.0079256), (0.0021751, -0.0006564, 0.0079256), (0.0023169, -0.0006564, 0.0079256), (0.00233461, -0.0006522193, 0.0079256), (0.002344901, -0.0006448014, 0.0079256), (0.002147099, -0.0006448014, 0.0092744), (0.00215739, -0.0006522193, 0.0092744), (0.0021751, -0.0006564, 0.0092744), (0.0023169, -0.0006564, 0.0092744), (0.00233461, -0.0006522193, 0.0092744), (0.002344901, -0.0006448014, 0.0092744), (0.0021487, -0.0006432, 0.0092876), (0.002158933, -0.0006491333, 0.009290567), (0.0021751, -0.0006522193, 0.00929211), (0.0023169, -0.0006522193, 0.00929211), (0.002333067, -0.0006491333, 0.009290567), (0.0023433, -0.0006432, 0.0092876), (0.002152237, -0.0006396631, 0.009297263), (0.0021619, -0.0006432, 0.0093008), (0.0021751, -0.0006448014, 0.009302401), (0.0023169, -0.0006448014, 0.009302401), (0.0023301, -0.0006432, 0.0093008), (0.002339763, -0.0006396631, 0.009297263), (0.002152237, 3.966307e-05, 0.007902737), (0.0021619, 4.32e-05, 0.0078992), (0.0021751, 4.480143e-05, 0.007897599), (0.0023169, 4.480143e-05, 0.007897599), (0.0023301, 4.32e-05, 0.0078992), (0.002339763, 3.966307e-05, 0.007902737), (0.0021487, 4.32e-05, 0.0079124), (0.002158933, 4.913326e-05, 0.007909433), (0.0021751, 5.221932e-05, 0.00790789), (0.0023169, 5.221932e-05, 0.00790789), (0.002333067, 4.913326e-05, 0.007909433), (0.0023433, 4.32e-05, 0.0079124), (0.002147099, 4.480143e-05, 0.0079256), (0.00215739, 5.221932e-05, 0.0079256), (0.0021751, 5.64e-05, 0.0079256), (0.0023169, 5.64e-05, 0.0079256), (0.00233461, 5.221932e-05, 0.0079256), (0.002344901, 4.480143e-05, 0.0079256), (0.002147099, 4.480143e-05, 0.0092744), (0.00215739, 5.221932e-05, 0.0092744), (0.0021751, 5.64e-05, 0.0092744), (0.0023169, 5.64e-05, 0.0092744), (0.00233461, 5.221932e-05, 0.0092744), (0.002344901, 4.480143e-05, 0.0092744), (0.0021487, 4.32e-05, 0.0092876), (0.002158933, 4.913326e-05, 0.009290567), (0.0021751, 5.221932e-05, 0.00929211), (0.0023169, 5.221932e-05, 0.00929211), (0.002333067, 4.913326e-05, 0.009290567), (0.0023433, 4.32e-05, 0.0092876), (0.002152237, 3.966307e-05, 0.009297263), (0.0021619, 4.32e-05, 0.0093008), (0.0021751, 4.480143e-05, 0.009302401), (0.0023169, 4.480143e-05, 0.009302401), (0.0023301, 4.32e-05, 0.0093008), (0.002339763, 3.966307e-05, 0.009297263), (0.002152237, -0.0006396631, 0.007902737), (0.0021487, -0.00063, 0.0078992), (0.002147099, -0.0006168, 0.007897599), (0.002147099, 1.68e-05, 0.007897599), (0.0021487, 3e-05, 0.0078992), (0.002152237, 3.966307e-05, 0.007902737), (0.0021619, -0.0006432, 0.0078992), (0.002158933, -0.0006329666, 0.007893267), (0.00215739, -0.0006168, 0.007890181), (0.00215739, 1.68e-05, 0.007890181), (0.002158933, 3.296663e-05, 0.007893267), (0.0021619, 4.32e-05, 0.0078992), (0.0021751, -0.0006448014, 0.007897599), (0.0021751, -0.0006345097, 0.007890181), (0.0021751, -0.0006168, 0.007886), (0.0021751, 1.68e-05, 0.007886), (0.0021751, 3.450966e-05, 0.007890181), (0.0021751, 4.480143e-05, 0.007897599), (0.0023169, -0.0006448014, 0.007897599), (0.0023169, -0.0006345097, 0.007890181), (0.0023169, -0.0006168, 0.007886), (0.0023169, 1.68e-05, 0.007886), (0.0023169, 3.450966e-05, 0.007890181), (0.0023169, 4.480143e-05, 0.007897599), (0.0023301, -0.0006432, 0.0078992), (0.002333067, -0.0006329666, 0.007893267), (0.00233461, -0.0006168, 0.007890181), (0.00233461, 1.68e-05, 0.007890181), (0.002333067, 3.296663e-05, 0.007893267), (0.0023301, 4.32e-05, 0.0078992), (0.002339763, -0.0006396631, 0.007902737), (0.0023433, -0.00063, 0.0078992), (0.002344901, -0.0006168, 0.007897599), (0.002344901, 1.68e-05, 0.007897599), (0.0023433, 3e-05, 0.0078992), (0.002339763, 3.966307e-05, 0.007902737), (0.002152237, -0.0006396631, 0.009297263), (0.0021487, -0.00063, 0.0093008), (0.002147099, -0.0006168, 0.009302401), (0.002147099, 1.68e-05, 0.009302401), (0.0021487, 3e-05, 0.0093008), (0.002152237, 3.966307e-05, 0.009297263), (0.0021619, -0.0006432, 0.0093008), (0.002158933, -0.0006329666, 0.009306733), (0.00215739, -0.0006168, 0.009309819), (0.00215739, 1.68e-05, 0.009309819), (0.002158933, 3.296663e-05, 0.009306733), (0.0021619, 4.32e-05, 0.0093008), (0.0021751, -0.0006448014, 0.009302401), (0.0021751, -0.0006345097, 0.009309819), (0.0021751, -0.0006168, 0.009314), (0.0021751, 1.68e-05, 0.009314), (0.0021751, 3.450966e-05, 0.009309819), (0.0021751, 4.480143e-05, 0.009302401), (0.0023169, -0.0006448014, 0.009302401), (0.0023169, -0.0006345097, 0.009309819), (0.0023169, -0.0006168, 0.009314), (0.0023169, 1.68e-05, 0.009314), (0.0023169, 3.450966e-05, 0.009309819), (0.0023169, 4.480143e-05, 0.009302401), (0.0023301, -0.0006432, 0.0093008), (0.002333067, -0.0006329666, 0.009306733), (0.00233461, -0.0006168, 0.009309819), (0.00233461, 1.68e-05, 0.009309819), (0.002333067, 3.296663e-05, 0.009306733), (0.0023301, 4.32e-05, 0.0093008), (0.002339763, -0.0006396631, 0.009297263), (0.0023433, -0.00063, 0.0093008), (0.002344901, -0.0006168, 0.009302401), (0.002344901, 1.68e-05, 0.009302401), (0.0023433, 3e-05, 0.0093008), (0.002339763, 3.966307e-05, 0.009297263)]
            int[] faceVertexCounts = [3, 3, 3, 3, 3, 3, 3, 3, 3, 3, 3, 3, 3, 3, 3, 3, 3, 3, 3, 3, 3, 3, 3, 3, 3, 3, 3, 3, 3, 3, 3, 3, 3, 3, 3, 3, 3, 3, 3, 3, 3, 3, 3, 3, 3, 3, 3, 3, 3, 3, 3, 3, 3, 3, 3, 3, 3, 3, 3, 3, 3, 3, 3, 3, 3, 3, 3, 3, 3, 3, 3, 3, 3, 3, 3, 3, 3, 3, 3, 3, 3, 3, 3, 3, 3, 3, 3, 3, 3, 3, 3, 3, 3, 3, 3, 3, 3, 3, 3, 3, 3, 3, 3, 3, 3, 3, 3, 3, 3, 3, 3, 3, 3, 3, 3, 3, 3, 3, 3, 3, 3, 3, 3, 3, 3, 3, 3, 3, 3, 3, 3, 3, 3, 3, 3, 3, 3, 3, 3, 3, 3, 3, 3, 3, 3, 3, 3, 3, 3, 3, 3, 3, 3, 3, 3, 3, 3, 3, 3, 3, 3, 3, 3, 3, 3, 3, 3, 3, 3, 3, 3, 3, 3, 3, 3, 3, 3, 3, 3, 3, 3, 3, 3, 3, 3, 3, 3, 3, 3, 3, 3, 3, 3, 3, 3, 3, 3, 3, 3, 3, 3, 3, 3, 3, 3, 3, 3, 3, 3, 3, 3, 3, 3, 3, 3, 3, 3, 3, 3, 3, 3, 3, 3, 3, 3, 3, 3, 3, 3, 3, 3, 3, 3, 3, 3, 3, 3, 3, 3, 3, 3, 3, 3, 3, 3, 3, 3, 3, 3, 3, 3, 3, 3, 3, 3, 3, 3, 3, 3, 3, 3, 3, 3, 3, 3, 3, 3, 3, 3, 3, 3, 3, 3, 3, 3, 3, 3, 3, 3, 3, 3, 3, 3, 3, 3, 3, 3, 3, 3, 3, 3, 3, 3, 3, 3, 3, 3, 3, 3, 3]
            int[] faceVertexIndices = [1, 7, 6, 1, 6, 0, 2, 8, 7, 2, 7, 1, 3, 9, 8, 3, 8, 2, 4, 10, 9, 4, 9, 3, 5, 11, 10, 5, 10, 4, 7, 13, 12, 7, 12, 6, 8, 14, 13, 8, 13, 7, 9, 15, 14, 9, 14, 8, 10, 16, 15, 10, 15, 9, 11, 17, 16, 11, 16, 10, 13, 19, 18, 13, 18, 12, 14, 20, 19, 14, 19, 13, 15, 21, 20, 15, 20, 14, 16, 22, 21, 16, 21, 15, 17, 23, 22, 17, 22, 16, 19, 25, 24, 19, 24, 18, 20, 26, 25, 20, 25, 19, 21, 27, 26, 21, 26, 20, 22, 28, 27, 22, 27, 21, 23, 29, 28, 23, 28, 22, 25, 31, 30, 25, 30, 24, 26, 32, 31, 26, 31, 25, 27, 33, 32, 27, 32, 26, 28, 34, 33, 28, 33, 27, 29, 35, 34, 29, 34, 28, 36, 42, 43, 36, 43, 37, 37, 43, 44, 37, 44, 38, 38, 44, 45, 38, 45, 39, 39, 45, 46, 39, 46, 40, 40, 46, 47, 40, 47, 41, 42, 48, 49, 42, 49, 43, 43, 49, 50, 43, 50, 44, 44, 50, 51, 44, 51, 45, 45, 51, 52, 45, 52, 46, 46, 52, 53, 46, 53, 47, 48, 54, 55, 48, 55, 49, 49, 55, 56, 49, 56, 50, 50, 56, 57, 50, 57, 51, 51, 57, 58, 51, 58, 52, 52, 58, 59, 52, 59, 53, 54, 60, 61, 54, 61, 55, 55, 61, 62, 55, 62, 56, 56, 62, 63, 56, 63, 57, 57, 63, 64, 57, 64, 58, 58, 64, 65, 58, 65, 59, 60, 66, 67, 60, 67, 61, 61, 67, 68, 61, 68, 62, 62, 68, 69, 62, 69, 63, 63, 69, 70, 63, 70, 64, 64, 70, 71, 64, 71, 65, 73, 79, 78, 73, 78, 72, 74, 80, 79, 74, 79, 73, 75, 81, 80, 75, 80, 74, 76, 82, 81, 76, 81, 75, 77, 83, 82, 77, 82, 76, 79, 85, 84, 79, 84, 78, 80, 86, 85, 80, 85, 79, 81, 87, 86, 81, 86, 80, 82, 88, 87, 82, 87, 81, 83, 89, 88, 83, 88, 82, 85, 91, 90, 85, 90, 84, 86, 92, 91, 86, 91, 85, 87, 93, 92, 87, 92, 86, 88, 94, 93, 88, 93, 87, 89, 95, 94, 89, 94, 88, 91, 97, 96, 91, 96, 90, 92, 98, 97, 92, 97, 91, 93, 99, 98, 93, 98, 92, 94, 100, 99, 94, 99, 93, 95, 101, 100, 95, 100, 94, 97, 103, 102, 97, 102, 96, 98, 104, 103, 98, 103, 97, 99, 105, 104, 99, 104, 98, 100, 106, 105, 100, 105, 99, 101, 107, 106, 101, 106, 100, 108, 114, 115, 108, 115, 109, 109, 115, 116, 109, 116, 110, 110, 116, 117, 110, 117, 111, 111, 117, 118, 111, 118, 112, 112, 118, 119, 112, 119, 113, 114, 120, 121, 114, 121, 115, 115, 121, 122, 115, 122, 116, 116, 122, 123, 116, 123, 117, 117, 123, 124, 117, 124, 118, 118, 124, 125, 118, 125, 119, 120, 126, 127, 120, 127, 121, 121, 127, 128, 121, 128, 122, 122, 128, 129, 122, 129, 123, 123, 129, 130, 123, 130, 124, 124, 130, 131, 124, 131, 125, 126, 132, 133, 126, 133, 127, 127, 133, 134, 127, 134, 128, 128, 134, 135, 128, 135, 129, 129, 135, 136, 129, 136, 130, 130, 136, 137, 130, 137, 131, 132, 138, 139, 132, 139, 133, 133, 139, 140, 133, 140, 134, 134, 140, 141, 134, 141, 135, 135, 141, 142, 135, 142, 136, 136, 142, 143, 136, 143, 137, 145, 151, 150, 145, 150, 144, 146, 152, 151, 146, 151, 145, 147, 153, 152, 147, 152, 146, 148, 154, 153, 148, 153, 147, 149, 155, 154, 149, 154, 148, 151, 157, 156, 151, 156, 150, 152, 158, 157, 152, 157, 151, 153, 159, 158, 153, 158, 152, 154, 160, 159, 154, 159, 153, 155, 161, 160, 155, 160, 154, 157, 163, 162, 157, 162, 156, 158, 164, 163, 158, 163, 157, 159, 165, 164, 159, 164, 158, 160, 166, 165, 160, 165, 159, 161, 167, 166, 161, 166, 160, 163, 169, 168, 163, 168, 162, 164, 170, 169, 164, 169, 163, 165, 171, 170, 165, 170, 164, 166, 172, 171, 166, 171, 165, 167, 173, 172, 167, 172, 166, 169, 175, 174, 169, 174, 168, 170, 176, 175, 170, 175, 169, 171, 177, 176, 171, 176, 170, 172, 178, 177, 172, 177, 171, 173, 179, 178, 173, 178, 172, 180, 186, 187, 180, 187, 181, 181, 187, 188, 181, 188, 182, 182, 188, 189, 182, 189, 183, 183, 189, 190, 183, 190, 184, 184, 190, 191, 184, 191, 185, 186, 192, 193, 186, 193, 187, 187, 193, 194, 187, 194, 188, 188, 194, 195, 188, 195, 189, 189, 195, 196, 189, 196, 190, 190, 196, 197, 190, 197, 191, 192, 198, 199, 192, 199, 193, 193, 199, 200, 193, 200, 194, 194, 200, 201, 194, 201, 195, 195, 201, 202, 195, 202, 196, 196, 202, 203, 196, 203, 197, 198, 204, 205, 198, 205, 199, 199, 205, 206, 199, 206, 200, 200, 206, 207, 200, 207, 201, 201, 207, 208, 201, 208, 202, 202, 208, 209, 202, 209, 203, 204, 210, 211, 204, 211, 205, 205, 211, 212, 205, 212, 206, 206, 212, 213, 206, 213, 207, 207, 213, 214, 207, 214, 208, 208, 214, 215, 208, 215, 209]
            normal3f[] normals = [(-0.7745967, -0.4472136, -0.4472136), (-0.7668657, -0.5195657, -0.376787), (-0.8115308, -0.5842963, -0.003954934), (-0.8112419, -0.5847101, 0.0008246707), (-0.7900625, -0.5555967, 0.2590629), (-0.7071068, -0.5, 0.5), (-0.7668657, -0.376787, -0.5195657), (-0.8559572, -0.3656073, -0.3656073), (-0.8964429, -0.4431494, -0.002941409), (-0.9449388, -0.327241, 0.001976786), (-0.8844941, -0.3299016, 0.3299016), (-0.7900625, -0.2590629, 0.5555967), (-0.8118281, -0.008227935, -0.5838386), (-0.8973103, -0.00616946, -0.4413572), (-0.9999079, -0.01226943, -0.00580601), (-0.9999933, -0.003305419, 0.001591831), (-0.9445719, -0.00416251, 0.3282781), (-0.8112409, -0.00174595, 0.5847094), (-0.8112409, 0.00174595, -0.5847094), (-0.9445719, 0.00416251, -0.3282781), (-0.9999933, 0.003305419, -0.001591831), (-0.9999079, 0.01226943, 0.00580601), (-0.8973103, 0.00616946, 0.4413572), (-0.8118281, 0.008227935, 0.5838386), (-0.7900625, 0.2590629, -0.5555967), (-0.8844941, 0.3299016, -0.3299016), (-0.9449388, 0.327241, -0.001976786), (-0.8964429, 0.4431494, 0.002941409), (-0.8559572, 0.3656073, 0.3656073), (-0.7668657, 0.376787, 0.5195657), (-0.7071068, 0.5, -0.5), (-0.7900625, 0.5555967, -0.2590629), (-0.8112419, 0.5847101, -0.0008246707), (-0.8115308, 0.5842963, 0.003954934), (-0.7668657, 0.5195657, 0.376787), (-0.7745967, 0.4472136, 0.4472136), (0.7071068, -0.5, -0.5), (0.7900625, -0.5555967, -0.2590629), (0.8112419, -0.5847101, -0.0008246707), (0.8115308, -0.5842963, 0.003954934), (0.7668657, -0.5195657, 0.376787), (0.7745967, -0.4472136, 0.4472136), (0.7900625, -0.2590629, -0.5555967), (0.8844941, -0.3299016, -0.3299016), (0.9449388, -0.327241, -0.001976786), (0.8964429, -0.4431494, 0.002941409), (0.8559572, -0.3656073, 0.3656073), (0.7668657, -0.376787, 0.5195657), (0.8112409, -0.00174595, -0.5847094), (0.9445719, -0.00416251, -0.3282781), (0.9999933, -0.003305419, -0.001591831), (0.9999079, -0.01226943, 0.00580601), (0.8973103, -0.00616946, 0.4413572), (0.8118281, -0.008227935, 0.5838386), (0.8118281, 0.008227935, -0.5838386), (0.8973103, 0.00616946, -0.4413572), (0.9999079, 0.01226943, -0.00580601), (0.9999933, 0.003305419, 0.001591831), (0.9445719, 0.00416251, 0.3282781), (0.8112409, 0.00174595, 0.5847094), (0.7668657, 0.376787, -0.5195657), (0.8559572, 0.3656073, -0.3656073), (0.8964429, 0.4431494, -0.002941409), (0.9449388, 0.327241, 0.001976786), (0.8844941, 0.3299016, 0.3299016), (0.7900625, 0.2590629, 0.5555967), (0.7745967, 0.4472136, -0.4472136), (0.7668657, 0.5195657, -0.376787), (0.8115308, 0.5842963, -0.003954934), (0.8112419, 0.5847101, 0.0008246707), (0.7900625, 0.5555967, 0.2590629), (0.7071068, 0.5, 0.5), (-0.4472136, -0.7745967, -0.4472136), (-0.376787, -0.7668657, -0.5195657), (-0.03199722, -0.8132069, -0.5810944), (0.007531855, -0.8112192, -0.5846937), (0.2590629, -0.7900625, -0.5555967), (0.5, -0.7071068, -0.5), (-0.5195657, -0.7668657, -0.376787), (-0.3656073, -0.8559572, -0.3656073), (-0.02513831, -0.9021466, -0.4306967), (0.01736477, -0.9422354, -0.3345011), (0.3299016, -0.8844941, -0.3299016), (0.5555967, -0.7900625, -0.2590629), (-0.5842963, -0.8115308, -0.003954934), (-0.4431494, -0.8964429, -0.002941409), (-0.04640297, -0.9989095, -0.005149196), (0.0140834, -0.9998993, -0.001761799), (0.327241, -0.9449388, -0.001976786), (0.5847101, -0.8112419, -0.0008246707), (-0.5847101, -0.8112419, 0.0008246707), (-0.327241, -0.9449388, 0.001976786), (-0.0140834, -0.9998993, 0.001761799), (0.04640297, -0.9989095, 0.005149196), (0.4431494, -0.8964429, 0.002941409), (0.5842963, -0.8115308, 0.003954934), (-0.5555967, -0.7900625, 0.2590629), (-0.3299016, -0.8844941, 0.3299016), (-0.01736477, -0.9422354, 0.3345011), (0.02513831, -0.9021466, 0.4306967), (0.3656073, -0.8559572, 0.3656073), (0.5195657, -0.7668657, 0.376787), (-0.5, -0.7071068, 0.5), (-0.2590629, -0.7900625, 0.5555967), (-0.007531855, -0.8112192, 0.5846937), (0.03199722, -0.8132069, 0.5810944), (0.376787, -0.7668657, 0.5195657), (0.4472136, -0.7745967, 0.4472136), (-0.5, 0.7071068, -0.5), (-0.2590629, 0.7900625, -0.5555967), (-0.007531855, 0.8112192, -0.5846937), (0.03199722, 0.8132069, -0.5810944), (0.376787, 0.7668657, -0.5195657), (0.4472136, 0.7745967, -0.4472136), (-0.5555967, 0.7900625, -0.2590629), (-0.3299016, 0.8844941, -0.3299016), (-0.01736477, 0.9422354, -0.3345011), (0.02513831, 0.9021466, -0.4306967), (0.3656073, 0.8559572, -0.3656073), (0.5195657, 0.7668657, -0.376787), (-0.5847101, 0.8112419, -0.0008246707), (-0.327241, 0.9449388, -0.001976786), (-0.0140834, 0.9998993, -0.001761799), (0.04640297, 0.9989095, -0.005149196), (0.4431494, 0.8964429, -0.002941409), (0.5842963, 0.8115308, -0.003954934), (-0.5842963, 0.8115308, 0.003954934), (-0.4431494, 0.8964429, 0.002941409), (-0.04640297, 0.9989095, 0.005149196), (0.0140834, 0.9998993, 0.001761799), (0.327241, 0.9449388, 0.001976786), (0.5847101, 0.8112419, 0.0008246707), (-0.5195657, 0.7668657, 0.376787), (-0.3656073, 0.8559572, 0.3656073), (-0.02513831, 0.9021466, 0.4306967), (0.01736477, 0.9422354, 0.3345011), (0.3299016, 0.8844941, 0.3299016), (0.5555967, 0.7900625, 0.2590629), (-0.4472136, 0.7745967, 0.4472136), (-0.376787, 0.7668657, 0.5195657), (-0.03199722, 0.8132069, 0.5810944), (0.007531855, 0.8112192, 0.5846937), (0.2590629, 0.7900625, 0.5555967), (0.5, 0.7071068, 0.5), (-0.4472136, -0.4472136, -0.7745967), (-0.5195657, -0.376787, -0.7668657), (-0.5838386, -0.008227935, -0.8118281), (-0.5847094, 0.00174595, -0.8112409), (-0.5555967, 0.2590629, -0.7900625), (-0.5, 0.5, -0.7071068), (-0.376787, -0.5195657, -0.7668657), (-0.3656073, -0.3656073, -0.8559572), (-0.4413572, -0.00616946, -0.8973103), (-0.3282781, 0.00416251, -0.9445719), (-0.3299016, 0.3299016, -0.8844941), (-0.2590629, 0.5555967, -0.7900625), (-0.03199722, -0.5810944, -0.8132069), (-0.02513831, -0.4306967, -0.9021466), (-0.04561977, -0.01069778, -0.9989016), (-0.01431629, 0.003718851, -0.9998906), (-0.01736477, 0.3345011, -0.9422354), (-0.007531855, 0.5846937, -0.8112192), (0.007531855, -0.5846937, -0.8112192), (0.01736477, -0.3345011, -0.9422354), (0.01431629, -0.003718851, -0.9998906), (0.04561977, 0.01069778, -0.9989016), (0.02513831, 0.4306967, -0.9021466), (0.03199722, 0.5810944, -0.8132069), (0.2590629, -0.5555967, -0.7900625), (0.3299016, -0.3299016, -0.8844941), (0.3282781, -0.00416251, -0.9445719), (0.4413572, 0.00616946, -0.8973103), (0.3656073, 0.3656073, -0.8559572), (0.376787, 0.5195657, -0.7668657), (0.5, -0.5, -0.7071068), (0.5555967, -0.2590629, -0.7900625), (0.5847094, -0.00174595, -0.8112409), (0.5838386, 0.008227935, -0.8118281), (0.5195657, 0.376787, -0.7668657), (0.4472136, 0.4472136, -0.7745967), (-0.5, -0.5, 0.7071068), (-0.5555967, -0.2590629, 0.7900625), (-0.5847094, -0.00174595, 0.8112409), (-0.5838386, 0.008227935, 0.8118281), (-0.5195657, 0.376787, 0.7668657), (-0.4472136, 0.4472136, 0.7745967), (-0.2590629, -0.5555967, 0.7900625), (-0.3299016, -0.3299016, 0.8844941), (-0.3282781, -0.00416251, 0.9445719), (-0.4413572, 0.00616946, 0.8973103), (-0.3656073, 0.3656073, 0.8559572), (-0.376787, 0.5195657, 0.7668657), (-0.007531855, -0.5846937, 0.8112192), (-0.01736477, -0.3345011, 0.9422354), (-0.01431629, -0.003718851, 0.9998906), (-0.04561977, 0.01069778, 0.9989016), (-0.02513831, 0.4306967, 0.9021466), (-0.03199722, 0.5810944, 0.8132069), (0.03199722, -0.5810944, 0.8132069), (0.02513831, -0.4306967, 0.9021466), (0.04561977, -0.01069778, 0.9989016), (0.01431629, 0.003718851, 0.9998906), (0.01736477, 0.3345011, 0.9422354), (0.007531855, 0.5846937, 0.8112192), (0.376787, -0.5195657, 0.7668657), (0.3656073, -0.3656073, 0.8559572), (0.4413572, -0.00616946, 0.8973103), (0.3282781, 0.00416251, 0.9445719), (0.3299016, 0.3299016, 0.8844941), (0.2590629, 0.5555967, 0.7900625), (0.4472136, -0.4472136, 0.7745967), (0.5195657, -0.376787, 0.7668657), (0.5838386, -0.008227935, 0.8118281), (0.5847094, 0.00174595, 0.8112409), (0.5555967, 0.2590629, 0.7900625), (0.5, 0.5, 0.7071068)] (interpolation = "vertex")
            float3[] extent = [(0.0021355, -0.0006564, 0.007886), (0.0023565, 5.64e-05, 0.009314)]
            rel material:binding = </WorkbenchPart/Materials/solder>
        }
        def Mesh "SMDComponent_04" (prepend apiSchemas = ["MaterialBindingAPI"])
        {
            uniform token subdivisionScheme = "none"
            uniform token orientation = "rightHanded"
            bool doubleSided = false
            point3f[] points = [(0.004475105, -0.0006048946, 0.007925105), (0.0044698, -0.0006102, 0.0079396), (0.004467398, -0.0006126021, 0.0079594), (0.004467398, -0.0006126021, 0.0092406), (0.0044698, -0.0006102, 0.0092604), (0.004475105, -0.0006048946, 0.009274895), (0.0044698, -0.0005904, 0.0079198), (0.0044609, -0.0005948499, 0.00793515), (0.004456271, -0.0005971645, 0.0079594), (0.004456271, -0.0005971645, 0.0092406), (0.0044609, -0.0005948499, 0.00926485), (0.0044698, -0.0005904, 0.0092802), (0.004467398, -0.0005706, 0.007917398), (0.004456271, -0.0005706, 0.007932836), (0.00445, -0.0005706, 0.0079594), (0.00445, -0.0005706, 0.0092406), (0.004456271, -0.0005706, 0.009267164), (0.004467398, -0.0005706, 0.009282602), (0.004467398, -2.94e-05, 0.007917398), (0.004456271, -2.94e-05, 0.007932836), (0.00445, -2.94e-05, 0.0079594), (0.00445, -2.94e-05, 0.0092406), (0.004456271, -2.94e-05, 0.009267164), (0.004467398, -2.94e-05, 0.009282602), (0.0044698, -9.6e-06, 0.0079198), (0.0044609, -5.150052e-06, 0.00793515), (0.004456271, -2.835512e-06, 0.0079594), (0.004456271, -2.835512e-06, 0.0092406), (0.0044609, -5.150052e-06, 0.00926485), (0.0044698, -9.6e-06, 0.0092802), (0.004475105, 4.894606e-06, 0.007925105), (0.0044698, 1.02e-05, 0.0079396), (0.004467398, 1.260214e-05, 0.0079594), (0.004467398, 1.260214e-05, 0.0092406), (0.0044698, 1.02e-05, 0.0092604), (0.004475105, 4.894606e-06, 0.009274895), (0.005724895, -0.0006048946, 0.007925105), (0.0057302, -0.0006102, 0.0079396), (0.005732602, -0.0006126021, 0.0079594), (0.005732602, -0.0006126021, 0.0092406), (0.0057302, -0.0006102, 0.0092604), (0.005724895, -0.0006048946, 0.009274895), (0.0057302, -0.0005904, 0.0079198), (0.0057391, -0.0005948499, 0.00793515), (0.005743729, -0.0005971645, 0.0079594), (0.005743729, -0.0005971645, 0.0092406), (0.0057391, -0.0005948499, 0.00926485), (0.0057302, -0.0005904, 0.0092802), (0.005732602, -0.0005706, 0.007917398), (0.005743729, -0.0005706, 0.007932836), (0.00575, -0.0005706, 0.0079594), (0.00575, -0.0005706, 0.0092406), (0.005743729, -0.0005706, 0.009267164), (0.005732602, -0.0005706, 0.009282602), (0.005732602, -2.94e-05, 0.007917398), (0.005743729, -2.94e-05, 0.007932836), (0.00575, -2.94e-05, 0.0079594), (0.00575, -2.94e-05, 0.0092406), (0.005743729, -2.94e-05, 0.009267164), (0.005732602, -2.94e-05, 0.009282602), (0.0057302, -9.6e-06, 0.0079198), (0.0057391, -5.150052e-06, 0.00793515), (0.005743729, -2.835512e-06, 0.0079594), (0.005743729, -2.835512e-06, 0.0092406), (0.0057391, -5.150052e-06, 0.00926485), (0.0057302, -9.6e-06, 0.0092802), (0.005724895, 4.894606e-06, 0.007925105), (0.0057302, 1.02e-05, 0.0079396), (0.005732602, 1.260214e-05, 0.0079594), (0.005732602, 1.260214e-05, 0.0092406), (0.0057302, 1.02e-05, 0.0092604), (0.005724895, 4.894606e-06, 0.009274895), (0.004475105, -0.0006048946, 0.007925105), (0.0044896, -0.0006102, 0.0079198), (0.0045094, -0.0006126021, 0.007917398), (0.0056906, -0.0006126021, 0.007917398), (0.0057104, -0.0006102, 0.0079198), (0.005724895, -0.0006048946, 0.007925105), (0.0044698, -0.0006102, 0.0079396), (0.00448515, -0.0006190999, 0.00793515), (0.0045094, -0.000623729, 0.007932836), (0.0056906, -0.000623729, 0.007932836), (0.00571485, -0.0006190999, 0.00793515), (0.0057302, -0.0006102, 0.0079396), (0.004467398, -0.0006126021, 0.0079594), (0.004482836, -0.000623729, 0.0079594), (0.0045094, -0.00063, 0.0079594), (0.0056906, -0.00063, 0.0079594), (0.005717164, -0.000623729, 0.0079594), (0.005732602, -0.0006126021, 0.0079594), (0.004467398, -0.0006126021, 0.0092406), (0.004482836, -0.000623729, 0.0092406), (0.0045094, -0.00063, 0.0092406), (0.0056906, -0.00063, 0.0092406), (0.005717164, -0.000623729, 0.0092406), (0.005732602, -0.0006126021, 0.0092406), (0.0044698, -0.0006102, 0.0092604), (0.00448515, -0.0006190999, 0.00926485), (0.0045094, -0.000623729, 0.009267164), (0.0056906, -0.000623729, 0.009267164), (0.00571485, -0.0006190999, 0.00926485), (0.0057302, -0.0006102, 0.0092604), (0.004475105, -0.0006048946, 0.009274895), (0.0044896, -0.0006102, 0.0092802), (0.0045094, -0.0006126021, 0.009282602), (0.0056906, -0.0006126021, 0.009282602), (0.0057104, -0.0006102, 0.0092802), (0.005724895, -0.0006048946, 0.009274895), (0.004475105, 4.894606e-06, 0.007925105), (0.0044896, 1.02e-05, 0.0079198), (0.0045094, 1.260214e-05, 0.007917398), (0.0056906, 1.260214e-05, 0.007917398), (0.0057104, 1.02e-05, 0.0079198), (0.005724895, 4.894606e-06, 0.007925105), (0.0044698, 1.02e-05, 0.0079396), (0.00448515, 1.90999e-05, 0.00793515), (0.0045094, 2.372898e-05, 0.007932836), (0.0056906, 2.372898e-05, 0.007932836), (0.00571485, 1.90999e-05, 0.00793515), (0.0057302, 1.02e-05, 0.0079396), (0.004467398, 1.260214e-05, 0.0079594), (0.004482836, 2.372898e-05, 0.0079594), (0.0045094, 3e-05, 0.0079594), (0.0056906, 3e-05, 0.0079594), (0.005717164, 2.372898e-05, 0.0079594), (0.005732602, 1.260214e-05, 0.0079594), (0.004467398, 1.260214e-05, 0.0092406), (0.004482836, 2.372898e-05, 0.0092406), (0.0045094, 3e-05, 0.0092406), (0.0056906, 3e-05, 0.0092406), (0.005717164, 2.372898e-05, 0.0092406), (0.005732602, 1.260214e-05, 0.0092406), (0.0044698, 1.02e-05, 0.0092604), (0.00448515, 1.90999e-05, 0.00926485), (0.0045094, 2.372898e-05, 0.009267164), (0.0056906, 2.372898e-05, 0.009267164), (0.00571485, 1.90999e-05, 0.00926485), (0.0057302, 1.02e-05, 0.0092604), (0.004475105, 4.894606e-06, 0.009274895), (0.0044896, 1.02e-05, 0.0092802), (0.0045094, 1.260214e-05, 0.009282602), (0.0056906, 1.260214e-05, 0.009282602), (0.0057104, 1.02e-05, 0.0092802), (0.005724895, 4.894606e-06, 0.009274895), (0.004475105, -0.0006048946, 0.007925105), (0.0044698, -0.0005904, 0.0079198), (0.004467398, -0.0005706, 0.007917398), (0.004467398, -2.94e-05, 0.007917398), (0.0044698, -9.6e-06, 0.0079198), (0.004475105, 4.894606e-06, 0.007925105), (0.0044896, -0.0006102, 0.0079198), (0.00448515, -0.0005948499, 0.0079109), (0.004482836, -0.0005706, 0.007906271), (0.004482836, -2.94e-05, 0.007906271), (0.00448515, -5.150052e-06, 0.0079109), (0.0044896, 1.02e-05, 0.0079198), (0.0045094, -0.0006126021, 0.007917398), (0.0045094, -0.0005971645, 0.007906271), (0.0045094, -0.0005706, 0.0079), (0.0045094, -2.94e-05, 0.0079), (0.0045094, -2.835512e-06, 0.007906271), (0.0045094, 1.260214e-05, 0.007917398), (0.0056906, -0.0006126021, 0.007917398), (0.0056906, -0.0005971645, 0.007906271), (0.0056906, -0.0005706, 0.0079), (0.0056906, -2.94e-05, 0.0079), (0.0056906, -2.835512e-06, 0.007906271), (0.0056906, 1.260214e-05, 0.007917398), (0.0057104, -0.0006102, 0.0079198), (0.00571485, -0.0005948499, 0.0079109), (0.005717164, -0.0005706, 0.007906271), (0.005717164, -2.94e-05, 0.007906271), (0.00571485, -5.150052e-06, 0.0079109), (0.0057104, 1.02e-05, 0.0079198), (0.005724895, -0.0006048946, 0.007925105), (0.0057302, -0.0005904, 0.0079198), (0.005732602, -0.0005706, 0.007917398), (0.005732602, -2.94e-05, 0.007917398), (0.0057302, -9.6e-06, 0.0079198), (0.005724895, 4.894606e-06, 0.007925105), (0.004475105, -0.0006048946, 0.009274895), (0.0044698, -0.0005904, 0.0092802), (0.004467398, -0.0005706, 0.009282602), (0.004467398, -2.94e-05, 0.009282602), (0.0044698, -9.6e-06, 0.0092802), (0.004475105, 4.894606e-06, 0.009274895), (0.0044896, -0.0006102, 0.0092802), (0.00448515, -0.0005948499, 0.0092891), (0.004482836, -0.0005706, 0.009293729), (0.004482836, -2.94e-05, 0.009293729), (0.00448515, -5.150052e-06, 0.0092891), (0.0044896, 1.02e-05, 0.0092802), (0.0045094, -0.0006126021, 0.009282602), (0.0045094, -0.0005971645, 0.009293729), (0.0045094, -0.0005706, 0.0093), (0.0045094, -2.94e-05, 0.0093), (0.0045094, -2.835512e-06, 0.009293729), (0.0045094, 1.260214e-05, 0.009282602), (0.0056906, -0.0006126021, 0.009282602), (0.0056906, -0.0005971645, 0.009293729), (0.0056906, -0.0005706, 0.0093), (0.0056906, -2.94e-05, 0.0093), (0.0056906, -2.835512e-06, 0.009293729), (0.0056906, 1.260214e-05, 0.009282602), (0.0057104, -0.0006102, 0.0092802), (0.00571485, -0.0005948499, 0.0092891), (0.005717164, -0.0005706, 0.009293729), (0.005717164, -2.94e-05, 0.009293729), (0.00571485, -5.150052e-06, 0.0092891), (0.0057104, 1.02e-05, 0.0092802), (0.005724895, -0.0006048946, 0.009274895), (0.0057302, -0.0005904, 0.0092802), (0.005732602, -0.0005706, 0.009282602), (0.005732602, -2.94e-05, 0.009282602), (0.0057302, -9.6e-06, 0.0092802), (0.005724895, 4.894606e-06, 0.009274895)]
            int[] faceVertexCounts = [3, 3, 3, 3, 3, 3, 3, 3, 3, 3, 3, 3, 3, 3, 3, 3, 3, 3, 3, 3, 3, 3, 3, 3, 3, 3, 3, 3, 3, 3, 3, 3, 3, 3, 3, 3, 3, 3, 3, 3, 3, 3, 3, 3, 3, 3, 3, 3, 3, 3, 3, 3, 3, 3, 3, 3, 3, 3, 3, 3, 3, 3, 3, 3, 3, 3, 3, 3, 3, 3, 3, 3, 3, 3, 3, 3, 3, 3, 3, 3, 3, 3, 3, 3, 3, 3, 3, 3, 3, 3, 3, 3, 3, 3, 3, 3, 3, 3, 3, 3, 3, 3, 3, 3, 3, 3, 3, 3, 3, 3, 3, 3, 3, 3, 3, 3, 3, 3, 3, 3, 3, 3, 3, 3, 3, 3, 3, 3, 3, 3, 3, 3, 3, 3, 3, 3, 3, 3, 3, 3, 3, 3, 3, 3, 3, 3, 3, 3, 3, 3, 3, 3, 3, 3, 3, 3, 3, 3, 3, 3, 3, 3, 3, 3, 3, 3, 3, 3, 3, 3, 3, 3, 3, 3, 3, 3, 3, 3, 3, 3, 3, 3, 3, 3, 3, 3, 3, 3, 3, 3, 3, 3, 3, 3, 3, 3, 3, 3, 3, 3, 3, 3, 3, 3, 3, 3, 3, 3, 3, 3, 3, 3, 3, 3, 3, 3, 3, 3, 3, 3, 3, 3, 3, 3, 3, 3, 3, 3, 3, 3, 3, 3, 3, 3, 3, 3, 3, 3, 3, 3, 3, 3, 3, 3, 3, 3, 3, 3, 3, 3, 3, 3, 3, 3, 3, 3, 3, 3, 3, 3, 3, 3, 3, 3, 3, 3, 3, 3, 3, 3, 3, 3, 3, 3, 3, 3, 3, 3, 3, 3, 3, 3, 3, 3, 3, 3, 3, 3, 3, 3, 3, 3, 3, 3, 3, 3, 3, 3, 3, 3]
            int[] faceVertexIndices = [1, 7, 6, 1, 6, 0, 2, 8, 7, 2, 7, 1, 3, 9, 8, 3, 8, 2, 4, 10, 9, 4, 9, 3, 5, 11, 10, 5, 10, 4, 7, 13, 12, 7, 12, 6, 8, 14, 13, 8, 13, 7, 9, 15, 14, 9, 14, 8, 10, 16, 15, 10, 15, 9, 11, 17, 16, 11, 16, 10, 13, 19, 18, 13, 18, 12, 14, 20, 19, 14, 19, 13, 15, 21, 20, 15, 20, 14, 16, 22, 21, 16, 21, 15, 17, 23, 22, 17, 22, 16, 19, 25, 24, 19, 24, 18, 20, 26, 25, 20, 25, 19, 21, 27, 26, 21, 26, 20, 22, 28, 27, 22, 27, 21, 23, 29, 28, 23, 28, 22, 25, 31, 30, 25, 30, 24, 26, 32, 31, 26, 31, 25, 27, 33, 32, 27, 32, 26, 28, 34, 33, 28, 33, 27, 29, 35, 34, 29, 34, 28, 36, 42, 43, 36, 43, 37, 37, 43, 44, 37, 44, 38, 38, 44, 45, 38, 45, 39, 39, 45, 46, 39, 46, 40, 40, 46, 47, 40, 47, 41, 42, 48, 49, 42, 49, 43, 43, 49, 50, 43, 50, 44, 44, 50, 51, 44, 51, 45, 45, 51, 52, 45, 52, 46, 46, 52, 53, 46, 53, 47, 48, 54, 55, 48, 55, 49, 49, 55, 56, 49, 56, 50, 50, 56, 57, 50, 57, 51, 51, 57, 58, 51, 58, 52, 52, 58, 59, 52, 59, 53, 54, 60, 61, 54, 61, 55, 55, 61, 62, 55, 62, 56, 56, 62, 63, 56, 63, 57, 57, 63, 64, 57, 64, 58, 58, 64, 65, 58, 65, 59, 60, 66, 67, 60, 67, 61, 61, 67, 68, 61, 68, 62, 62, 68, 69, 62, 69, 63, 63, 69, 70, 63, 70, 64, 64, 70, 71, 64, 71, 65, 73, 79, 78, 73, 78, 72, 74, 80, 79, 74, 79, 73, 75, 81, 80, 75, 80, 74, 76, 82, 81, 76, 81, 75, 77, 83, 82, 77, 82, 76, 79, 85, 84, 79, 84, 78, 80, 86, 85, 80, 85, 79, 81, 87, 86, 81, 86, 80, 82, 88, 87, 82, 87, 81, 83, 89, 88, 83, 88, 82, 85, 91, 90, 85, 90, 84, 86, 92, 91, 86, 91, 85, 87, 93, 92, 87, 92, 86, 88, 94, 93, 88, 93, 87, 89, 95, 94, 89, 94, 88, 91, 97, 96, 91, 96, 90, 92, 98, 97, 92, 97, 91, 93, 99, 98, 93, 98, 92, 94, 100, 99, 94, 99, 93, 95, 101, 100, 95, 100, 94, 97, 103, 102, 97, 102, 96, 98, 104, 103, 98, 103, 97, 99, 105, 104, 99, 104, 98, 100, 106, 105, 100, 105, 99, 101, 107, 106, 101, 106, 100, 108, 114, 115, 108, 115, 109, 109, 115, 116, 109, 116, 110, 110, 116, 117, 110, 117, 111, 111, 117, 118, 111, 118, 112, 112, 118, 119, 112, 119, 113, 114, 120, 121, 114, 121, 115, 115, 121, 122, 115, 122, 116, 116, 122, 123, 116, 123, 117, 117, 123, 124, 117, 124, 118, 118, 124, 125, 118, 125, 119, 120, 126, 127, 120, 127, 121, 121, 127, 128, 121, 128, 122, 122, 128, 129, 122, 129, 123, 123, 129, 130, 123, 130, 124, 124, 130, 131, 124, 131, 125, 126, 132, 133, 126, 133, 127, 127, 133, 134, 127, 134, 128, 128, 134, 135, 128, 135, 129, 129, 135, 136, 129, 136, 130, 130, 136, 137, 130, 137, 131, 132, 138, 139, 132, 139, 133, 133, 139, 140, 133, 140, 134, 134, 140, 141, 134, 141, 135, 135, 141, 142, 135, 142, 136, 136, 142, 143, 136, 143, 137, 145, 151, 150, 145, 150, 144, 146, 152, 151, 146, 151, 145, 147, 153, 152, 147, 152, 146, 148, 154, 153, 148, 153, 147, 149, 155, 154, 149, 154, 148, 151, 157, 156, 151, 156, 150, 152, 158, 157, 152, 157, 151, 153, 159, 158, 153, 158, 152, 154, 160, 159, 154, 159, 153, 155, 161, 160, 155, 160, 154, 157, 163, 162, 157, 162, 156, 158, 164, 163, 158, 163, 157, 159, 165, 164, 159, 164, 158, 160, 166, 165, 160, 165, 159, 161, 167, 166, 161, 166, 160, 163, 169, 168, 163, 168, 162, 164, 170, 169, 164, 169, 163, 165, 171, 170, 165, 170, 164, 166, 172, 171, 166, 171, 165, 167, 173, 172, 167, 172, 166, 169, 175, 174, 169, 174, 168, 170, 176, 175, 170, 175, 169, 171, 177, 176, 171, 176, 170, 172, 178, 177, 172, 177, 171, 173, 179, 178, 173, 178, 172, 180, 186, 187, 180, 187, 181, 181, 187, 188, 181, 188, 182, 182, 188, 189, 182, 189, 183, 183, 189, 190, 183, 190, 184, 184, 190, 191, 184, 191, 185, 186, 192, 193, 186, 193, 187, 187, 193, 194, 187, 194, 188, 188, 194, 195, 188, 195, 189, 189, 195, 196, 189, 196, 190, 190, 196, 197, 190, 197, 191, 192, 198, 199, 192, 199, 193, 193, 199, 200, 193, 200, 194, 194, 200, 201, 194, 201, 195, 195, 201, 202, 195, 202, 196, 196, 202, 203, 196, 203, 197, 198, 204, 205, 198, 205, 199, 199, 205, 206, 199, 206, 200, 200, 206, 207, 200, 207, 201, 201, 207, 208, 201, 208, 202, 202, 208, 209, 202, 209, 203, 204, 210, 211, 204, 211, 205, 205, 211, 212, 205, 212, 206, 206, 212, 213, 206, 213, 207, 207, 213, 214, 207, 214, 208, 208, 214, 215, 208, 215, 209]
            normal3f[] normals = [(-0.7745967, -0.4472136, -0.4472136), (-0.7668657, -0.5195657, -0.376787), (-0.8116869, -0.5840602, -0.006171812), (-0.8112415, -0.5847098, 0.001298611), (-0.7900625, -0.5555967, 0.2590629), (-0.7071068, -0.5, 0.5), (-0.7668657, -0.376787, -0.5195657), (-0.8559572, -0.3656073, -0.3656073), (-0.8968928, -0.4422241, -0.004609583), (-0.9447503, -0.3277762, 0.003104168), (-0.8844941, -0.3299016, 0.3299016), (-0.7900625, -0.2590629, 0.5555967), (-0.8122054, -0.01399524, -0.5832036), (-0.8984826, -0.01061118, -0.4388808), (-0.9997507, -0.02052237, -0.00879061), (-0.9999799, -0.005794638, 0.002564174), (-0.9440529, -0.007198359, 0.3297154), (-0.8112384, -0.003042335, 0.5847076), (-0.8112384, 0.003042335, -0.5847076), (-0.9440529, 0.007198359, -0.3297154), (-0.9999799, 0.005794638, -0.002564174), (-0.9997507, 0.02052237, 0.00879061), (-0.8984826, 0.01061118, 0.4388808), (-0.8122054, 0.01399524, 0.5832036), (-0.7900625, 0.2590629, -0.5555967), (-0.8844941, 0.3299016, -0.3299016), (-0.9447503, 0.3277762, -0.003104168), (-0.8968928, 0.4422241, 0.004609583), (-0.8559572, 0.3656073, 0.3656073), (-0.7668657, 0.376787, 0.5195657), (-0.7071068, 0.5, -0.5), (-0.7900625, 0.5555967, -0.2590629), (-0.8112415, 0.5847098, -0.001298611), (-0.8116869, 0.5840602, 0.006171812), (-0.7668657, 0.5195657, 0.376787), (-0.7745967, 0.4472136, 0.4472136), (0.7071068, -0.5, -0.5), (0.7900625, -0.5555967, -0.2590629), (0.8112415, -0.5847098, -0.001298611), (0.8116869, -0.5840602, 0.006171812), (0.7668657, -0.5195657, 0.376787), (0.7745967, -0.4472136, 0.4472136), (0.7900625, -0.2590629, -0.5555967), (0.8844941, -0.3299016, -0.3299016), (0.9447503, -0.3277762, -0.003104168), (0.8968928, -0.4422241, 0.004609583), (0.8559572, -0.3656073, 0.3656073), (0.7668657, -0.376787, 0.5195657), (0.8112384, -0.003042335, -0.5847076), (0.9440529, -0.007198359, -0.3297154), (0.9999799, -0.005794638, -0.002564174), (0.9997507, -0.02052237, 0.00879061), (0.8984826, -0.01061118, 0.4388808), (0.8122054, -0.01399524, 0.5832036), (0.8122054, 0.01399524, -0.5832036), (0.8984826, 0.01061118, -0.4388808), (0.9997507, 0.02052237, -0.00879061), (0.9999799, 0.005794638, 0.002564174), (0.9440529, 0.007198359, 0.3297154), (0.8112384, 0.003042335, 0.5847076), (0.7668657, 0.376787, -0.5195657), (0.8559572, 0.3656073, -0.3656073), (0.8968928, 0.4422241, -0.004609583), (0.9447503, 0.3277762, 0.003104168), (0.8844941, 0.3299016, 0.3299016), (0.7900625, 0.2590629, 0.5555967), (0.7745967, 0.4472136, -0.4472136), (0.7668657, 0.5195657, -0.376787), (0.8116869, 0.5840602, -0.006171812), (0.8112415, 0.5847098, 0.001298611), (0.7900625, 0.5555967, 0.2590629), (0.7071068, 0.5, 0.5), (-0.4472136, -0.7745967, -0.4472136), (-0.376787, -0.7668657, -0.5195657), (-0.006676149, -0.8117218, -0.5840061), (0.001407637, -0.8112414, -0.5847097), (0.2590629, -0.7900625, -0.5555967), (0.5, -0.7071068, -0.5), (-0.5195657, -0.7668657, -0.376787), (-0.3656073, -0.8559572, -0.3656073), (-0.004991063, -0.8969952, -0.4420122), (0.003362622, -0.9447069, -0.3278988), (0.3299016, -0.8844941, -0.3299016), (0.5555967, -0.7900625, -0.2590629), (-0.5840602, -0.8116869, -0.006171812), (-0.4422241, -0.8968928, -0.004609583), (-0.009869388, -0.9999098, -0.009106968), (0.002690863, -0.9999933, -0.002488142), (0.3277762, -0.9447503, -0.003104168), (0.5847098, -0.8112415, -0.001298611), (-0.5847098, -0.8112415, 0.001298611), (-0.3277762, -0.9447503, 0.003104168), (-0.002690863, -0.9999933, 0.002488142), (0.009869388, -0.9999098, 0.009106968), (0.4422241, -0.8968928, 0.004609583), (0.5840602, -0.8116869, 0.006171812), (-0.5555967, -0.7900625, 0.2590629), (-0.3299016, -0.8844941, 0.3299016), (-0.003362622, -0.9447069, 0.3278988), (0.004991063, -0.8969952, 0.4420122), (0.3656073, -0.8559572, 0.3656073), (0.5195657, -0.7668657, 0.376787), (-0.5, -0.7071068, 0.5), (-0.2590629, -0.7900625, 0.5555967), (-0.001407637, -0.8112414, 0.5847097), (0.006676149, -0.8117218, 0.5840061), (0.376787, -0.7668657, 0.5195657), (0.4472136, -0.7745967, 0.4472136), (-0.5, 0.7071068, -0.5), (-0.2590629, 0.7900625, -0.5555967), (-0.001407637, 0.8112414, -0.5847097), (0.006676149, 0.8117218, -0.5840061), (0.376787, 0.7668657, -0.5195657), (0.4472136, 0.7745967, -0.4472136), (-0.5555967, 0.7900625, -0.2590629), (-0.3299016, 0.8844941, -0.3299016), (-0.003362622, 0.9447069, -0.3278988), (0.004991063, 0.8969952, -0.4420122), (0.3656073, 0.8559572, -0.3656073), (0.5195657, 0.7668657, -0.376787), (-0.5847098, 0.8112415, -0.001298611), (-0.3277762, 0.9447503, -0.003104168), (-0.002690863, 0.9999933, -0.002488142), (0.009869388, 0.9999098, -0.009106968), (0.4422241, 0.8968928, -0.004609583), (0.5840602, 0.8116869, -0.006171812), (-0.5840602, 0.8116869, 0.006171812), (-0.4422241, 0.8968928, 0.004609583), (-0.009869388, 0.9999098, 0.009106968), (0.002690863, 0.9999933, 0.002488142), (0.3277762, 0.9447503, 0.003104168), (0.5847098, 0.8112415, 0.001298611), (-0.5195657, 0.7668657, 0.376787), (-0.3656073, 0.8559572, 0.3656073), (-0.004991063, 0.8969952, 0.4420122), (0.003362622, 0.9447069, 0.3278988), (0.3299016, 0.8844941, 0.3299016), (0.5555967, 0.7900625, 0.2590629), (-0.4472136, 0.7745967, 0.4472136), (-0.376787, 0.7668657, 0.5195657), (-0.006676149, 0.8117218, 0.5840061), (0.001407637, 0.8112414, 0.5847097), (0.2590629, 0.7900625, 0.5555967), (0.5, 0.7071068, 0.5), (-0.4472136, -0.4472136, -0.7745967), (-0.5195657, -0.376787, -0.7668657), (-0.5832036, -0.01399524, -0.8122054), (-0.5847076, 0.003042335, -0.8112384), (-0.5555967, 0.2590629, -0.7900625), (-0.5, 0.5, -0.7071068), (-0.376787, -0.5195657, -0.7668657), (-0.3656073, -0.3656073, -0.8559572), (-0.4388808, -0.01061118, -0.8984826), (-0.3297154, 0.007198359, -0.9440529), (-0.3299016, 0.3299016, -0.8844941), (-0.2590629, 0.5555967, -0.7900625), (-0.006676149, -0.5840061, -0.8117218), (-0.004991063, -0.4420122, -0.8969952), (-0.009504795, -0.02047551, -0.9997452), (-0.002778689, 0.005806338, -0.9999793), (-0.003362622, 0.3278988, -0.9447069), (-0.001407637, 0.5847097, -0.8112414), (0.001407637, -0.5847097, -0.8112414), (0.003362622, -0.3278988, -0.9447069), (0.002778689, -0.005806338, -0.9999793), (0.009504795, 0.02047551, -0.9997452), (0.004991063, 0.4420122, -0.8969952), (0.006676149, 0.5840061, -0.8117218), (0.2590629, -0.5555967, -0.7900625), (0.3299016, -0.3299016, -0.8844941), (0.3297154, -0.007198359, -0.9440529), (0.4388808, 0.01061118, -0.8984826), (0.3656073, 0.3656073, -0.8559572), (0.376787, 0.5195657, -0.7668657), (0.5, -0.5, -0.7071068), (0.5555967, -0.2590629, -0.7900625), (0.5847076, -0.003042335, -0.8112384), (0.5832036, 0.01399524, -0.8122054), (0.5195657, 0.376787, -0.7668657), (0.4472136, 0.4472136, -0.7745967), (-0.5, -0.5, 0.7071068), (-0.5555967, -0.2590629, 0.7900625), (-0.5847076, -0.003042335, 0.8112384), (-0.5832036, 0.01399524, 0.8122054), (-0.5195657, 0.376787, 0.7668657), (-0.4472136, 0.4472136, 0.7745967), (-0.2590629, -0.5555967, 0.7900625), (-0.3299016, -0.3299016, 0.8844941), (-0.3297154, -0.007198359, 0.9440529), (-0.4388808, 0.01061118, 0.8984826), (-0.3656073, 0.3656073, 0.8559572), (-0.376787, 0.5195657, 0.7668657), (-0.001407637, -0.5847097, 0.8112414), (-0.003362622, -0.3278988, 0.9447069), (-0.002778689, -0.005806338, 0.9999793), (-0.009504795, 0.02047551, 0.9997452), (-0.004991063, 0.4420122, 0.8969952), (-0.006676149, 0.5840061, 0.8117218), (0.006676149, -0.5840061, 0.8117218), (0.004991063, -0.4420122, 0.8969952), (0.009504795, -0.02047551, 0.9997452), (0.002778689, 0.005806338, 0.9999793), (0.003362622, 0.3278988, 0.9447069), (0.001407637, 0.5847097, 0.8112414), (0.376787, -0.5195657, 0.7668657), (0.3656073, -0.3656073, 0.8559572), (0.4388808, -0.01061118, 0.8984826), (0.3297154, 0.007198359, 0.9440529), (0.3299016, 0.3299016, 0.8844941), (0.2590629, 0.5555967, 0.7900625), (0.4472136, -0.4472136, 0.7745967), (0.5195657, -0.376787, 0.7668657), (0.5832036, -0.01399524, 0.8122054), (0.5847076, 0.003042335, 0.8112384), (0.5555967, 0.2590629, 0.7900625), (0.5, 0.5, 0.7071068)] (interpolation = "vertex")
            float3[] extent = [(0.00445, -0.00063, 0.0079), (0.00575, 3e-05, 0.0093)]
            rel material:binding = </WorkbenchPart/Materials/ceramic>
            texCoord2f[] primvars:st = [(-0.0678, 0.8821778), (-0.06609444, 0.8816833), (-0.0656, 0.8799778), (-0.0678, 0.8821778), (-0.0656, 0.8799778), (-0.06721051, 0.8805673), (-0.0680669, 0.8843778), (-0.06635161, 0.8843778), (-0.06609444, 0.8816833), (-0.0680669, 0.8843778), (-0.06609444, 0.8816833), (-0.0678, 0.8821778), (-0.0680669, 1.026733), (-0.06635161, 1.026733), (-0.06635161, 0.8843778), (-0.0680669, 1.026733), (-0.06635161, 0.8843778), (-0.0680669, 0.8843778), (-0.0678, 1.028933), (-0.06609444, 1.029428), (-0.06635161, 1.026733), (-0.0678, 1.028933), (-0.06635161, 1.026733), (-0.0680669, 1.026733), (-0.06721051, 1.030544), (-0.0656, 1.031133), (-0.06609444, 1.029428), (-0.06721051, 1.030544), (-0.06609444, 1.029428), (-0.0678, 1.028933), (-0.06609444, 0.8816833), (-0.0634, 0.8814262), (-0.0634, 0.8797109), (-0.06609444, 0.8816833), (-0.0634, 0.8797109), (-0.0656, 0.8799778), (-0.06635161, 0.8843778), (-0.0634, 0.8843778), (-0.0634, 0.8814262), (-0.06635161, 0.8843778), (-0.0634, 0.8814262), (-0.06609444, 0.8816833), (-0.06635161, 1.026733), (-0.0634, 1.026733), (-0.0634, 0.8843778), (-0.06635161, 1.026733), (-0.0634, 0.8843778), (-0.06635161, 0.8843778), (-0.06609444, 1.029428), (-0.0634, 1.029685), (-0.0634, 1.026733), (-0.06609444, 1.029428), (-0.0634, 1.026733), (-0.06635161, 1.026733), (-0.0656, 1.031133), (-0.0634, 1.0314), (-0.0634, 1.029685), (-0.0656, 1.031133), (-0.0634, 1.029685), (-0.06609444, 1.029428), (-0.0634, 0.8814262), (-0.003266667, 0.8814262), (-0.003266667, 0.8797109), (-0.0634, 0.8814262), (-0.003266667, 0.8797109), (-0.0634, 0.8797109), (-0.0634, 0.8843778), (-0.003266667, 0.8843778), (-0.003266667, 0.8814262), (-0.0634, 0.8843778), (-0.003266667, 0.8814262), (-0.0634, 0.8814262), (-0.0634, 1.026733), (-0.003266667, 1.026733), (-0.003266667, 0.8843778), (-0.0634, 1.026733), (-0.003266667, 0.8843778), (-0.0634, 0.8843778), (-0.0634, 1.029685), (-0.003266667, 1.029685), (-0.003266667, 1.026733), (-0.0634, 1.029685), (-0.003266667, 1.026733), (-0.0634, 1.026733), (-0.0634, 1.0314), (-0.003266667, 1.0314), (-0.003266667, 1.029685), (-0.0634, 1.0314), (-0.003266667, 1.029685), (-0.0634, 1.029685), (-0.003266667, 0.8814262), (-0.0005722279, 0.8816833), (-0.001066667, 0.8799778), (-0.003266667, 0.8814262), (-0.001066667, 0.8799778), (-0.003266667, 0.8797109), (-0.003266667, 0.8843778), (-0.0003150569, 0.8843778), (-0.0005722279, 0.8816833), (-0.003266667, 0.8843778), (-0.0005722279, 0.8816833), (-0.003266667, 0.8814262), (-0.003266667, 1.026733), (-0.0003150569, 1.026733), (-0.0003150569, 0.8843778), (-0.003266667, 1.026733), (-0.0003150569, 0.8843778), (-0.003266667, 0.8843778), (-0.003266667, 1.029685), (-0.0005722279, 1.029428), (-0.0003150569, 1.026733), (-0.003266667, 1.029685), (-0.0003150569, 1.026733), (-0.003266667, 1.026733), (-0.003266667, 1.0314), (-0.001066667, 1.031133), (-0.0005722279, 1.029428), (-0.003266667, 1.0314), (-0.0005722279, 1.029428), (-0.003266667, 1.029685), (-0.0005722279, 0.8816833), (0.001133333, 0.8821778), (0.0005438451, 0.8805673), (-0.0005722279, 0.8816833), (0.0005438451, 0.8805673), (-0.001066667, 0.8799778), (-0.0003150569, 0.8843778), (0.001400238, 0.8843778), (0.001133333, 0.8821778), (-0.0003150569, 0.8843778), (0.001133333, 0.8821778), (-0.0005722279, 0.8816833), (-0.0003150569, 1.026733), (0.001400238, 1.026733), (0.001400238, 0.8843778), (-0.0003150569, 1.026733), (0.001400238, 0.8843778), (-0.0003150569, 0.8843778), (-0.0005722279, 1.029428), (0.001133333, 1.028933), (0.001400238, 1.026733), (-0.0005722279, 1.029428), (0.001400238, 1.026733), (-0.0003150569, 1.026733), (-0.001066667, 1.031133), (0.0005438451, 1.030544), (0.001133333, 1.028933), (-0.001066667, 1.031133), (0.001133333, 1.028933), (-0.0005722279, 1.029428), (-0.06721051, 0.8805673), (-0.0656, 0.8799778), (-0.06609444, 0.8816833), (-0.06721051, 0.8805673), (-0.06609444, 0.8816833), (-0.0678, 0.8821778), (-0.0678, 0.8821778), (-0.06609444, 0.8816833), (-0.06635161, 0.8843778), (-0.0678, 0.8821778), (-0.06635161, 0.8843778), (-0.0680669, 0.8843778), (-0.0680669, 0.8843778), (-0.06635161, 0.8843778), (-0.06635161, 1.026733), (-0.0680669, 0.8843778), (-0.06635161, 1.026733), (-0.0680669, 1.026733), (-0.0680669, 1.026733), (-0.06635161, 1.026733), (-0.06609444, 1.029428), (-0.0680669, 1.026733), (-0.06609444, 1.029428), (-0.0678, 1.028933), (-0.0678, 1.028933), (-0.06609444, 1.029428), (-0.0656, 1.031133), (-0.0678, 1.028933), (-0.0656, 1.031133), (-0.06721051, 1.030544), (-0.0656, 0.8799778), (-0.0634, 0.8797109), (-0.0634, 0.8814262), (-0.0656, 0.8799778), (-0.0634, 0.8814262), (-0.06609444, 0.8816833), (-0.06609444, 0.8816833), (-0.0634, 0.8814262), (-0.0634, 0.8843778), (-0.06609444, 0.8816833), (-0.0634, 0.8843778), (-0.06635161, 0.8843778), (-0.06635161, 0.8843778), (-0.0634, 0.8843778), (-0.0634, 1.026733), (-0.06635161, 0.8843778), (-0.0634, 1.026733), (-0.06635161, 1.026733), (-0.06635161, 1.026733), (-0.0634, 1.026733), (-0.0634, 1.029685), (-0.06635161, 1.026733), (-0.0634, 1.029685), (-0.06609444, 1.029428), (-0.06609444, 1.029428), (-0.0634, 1.029685), (-0.0634, 1.0314), (-0.06609444, 1.029428), (-0.0634, 1.0314), (-0.0656, 1.031133), (-0.0634, 0.8797109), (-0.003266667, 0.8797109), (-0.003266667, 0.8814262), (-0.0634, 0.8797109), (-0.003266667, 0.8814262), (-0.0634, 0.8814262), (-0.0634, 0.8814262), (-0.003266667, 0.8814262), (-0.003266667, 0.8843778), (-0.0634, 0.8814262), (-0.003266667, 0.8843778), (-0.0634, 0.8843778), (-0.0634, 0.8843778), (-0.003266667, 0.8843778), (-0.003266667, 1.026733), (-0.0634, 0.8843778), (-0.003266667, 1.026733), (-0.0634, 1.026733), (-0.0634, 1.026733), (-0.003266667, 1.026733), (-0.003266667, 1.029685), (-0.0634, 1.026733), (-0.003266667, 1.029685), (-0.0634, 1.029685), (-0.0634, 1.029685), (-0.003266667, 1.029685), (-0.003266667, 1.0314), (-0.0634, 1.029685), (-0.003266667, 1.0314), (-0.0634, 1.0314), (-0.003266667, 0.8797109), (-0.001066667, 0.8799778), (-0.0005722279, 0.8816833), (-0.003266667, 0.8797109), (-0.0005722279, 0.8816833), (-0.003266667, 0.8814262), (-0.003266667, 0.8814262), (-0.0005722279, 0.8816833), (-0.0003150569, 0.8843778), (-0.003266667, 0.8814262), (-0.0003150569, 0.8843778), (-0.003266667, 0.8843778), (-0.003266667, 0.8843778), (-0.0003150569, 0.8843778), (-0.0003150569, 1.026733), (-0.003266667, 0.8843778), (-0.0003150569, 1.026733), (-0.003266667, 1.026733), (-0.003266667, 1.026733), (-0.0003150569, 1.026733), (-0.0005722279, 1.029428), (-0.003266667, 1.026733), (-0.0005722279, 1.029428), (-0.003266667, 1.029685), (-0.003266667, 1.029685), (-0.0005722279, 1.029428), (-0.001066667, 1.031133), (-0.003266667, 1.029685), (-0.001066667, 1.031133), (-0.003266667, 1.0314), (-0.001066667, 0.8799778), (0.0005438451, 0.8805673), (0.001133333, 0.8821778), (-0.001066667, 0.8799778), (0.001133333, 0.8821778), (-0.0005722279, 0.8816833), (-0.0005722279, 0.8816833), (0.001133333, 0.8821778), (0.001400238, 0.8843778), (-0.0005722279, 0.8816833), (0.001400238, 0.8843778), (-0.0003150569, 0.8843778), (-0.0003150569, 0.8843778), (0.001400238, 0.8843778), (0.001400238, 1.026733), (-0.0003150569, 0.8843778), (0.001400238, 1.026733), (-0.0003150569, 1.026733), (-0.0003150569, 1.026733), (0.001400238, 1.026733), (0.001133333, 1.028933), (-0.0003150569, 1.026733), (0.001133333, 1.028933), (-0.0005722279, 1.029428), (-0.0005722279, 1.029428), (0.001133333, 1.028933), (0.0005438451, 1.030544), (-0.0005722279, 1.029428), (0.0005438451, 1.030544), (-0.001066667, 1.031133), (0.4988444, 0.8799778), (0.49835, 0.8816833), (0.4966444, 0.8821778), (0.4988444, 0.8799778), (0.4966444, 0.8821778), (0.4972339, 0.8805673), (0.5010444, 0.8797109), (0.5010444, 0.8814262), (0.49835, 0.8816833), (0.5010444, 0.8797109), (0.49835, 0.8816833), (0.4988444, 0.8799778), (0.6322889, 0.8797109), (0.6322889, 0.8814262), (0.5010444, 0.8814262), (0.6322889, 0.8797109), (0.5010444, 0.8814262), (0.5010444, 0.8797109), (0.6344889, 0.8799778), (0.6349833, 0.8816833), (0.6322889, 0.8814262), (0.6344889, 0.8799778), (0.6322889, 0.8814262), (0.6322889, 0.8797109), (0.6360994, 0.8805673), (0.6366889, 0.8821778), (0.6349833, 0.8816833), (0.6360994, 0.8805673), (0.6349833, 0.8816833), (0.6344889, 0.8799778), (0.49835, 0.8816833), (0.4980928, 0.8843778), (0.4963775, 0.8843778), (0.49835, 0.8816833), (0.4963775, 0.8843778), (0.4966444, 0.8821778), (0.5010444, 0.8814262), (0.5010444, 0.8843778), (0.4980928, 0.8843778), (0.5010444, 0.8814262), (0.4980928, 0.8843778), (0.49835, 0.8816833), (0.6322889, 0.8814262), (0.6322889, 0.8843778), (0.5010444, 0.8843778), (0.6322889, 0.8814262), (0.5010444, 0.8843778), (0.5010444, 0.8814262), (0.6349833, 0.8816833), (0.6352405, 0.8843778), (0.6322889, 0.8843778), (0.6349833, 0.8816833), (0.6322889, 0.8843778), (0.6322889, 0.8814262), (0.6366889, 0.8821778), (0.6369558, 0.8843778), (0.6352405, 0.8843778), (0.6366889, 0.8821778), (0.6352405, 0.8843778), (0.6349833, 0.8816833), (0.4980928, 0.8843778), (0.4980928, 1.026733), (0.4963775, 1.026733), (0.4980928, 0.8843778), (0.4963775, 1.026733), (0.4963775, 0.8843778), (0.5010444, 0.8843778), (0.5010444, 1.026733), (0.4980928, 1.026733), (0.5010444, 0.8843778), (0.4980928, 1.026733), (0.4980928, 0.8843778), (0.6322889, 0.8843778), (0.6322889, 1.026733), (0.5010444, 1.026733), (0.6322889, 0.8843778), (0.5010444, 1.026733), (0.5010444, 0.8843778), (0.6352405, 0.8843778), (0.6352405, 1.026733), (0.6322889, 1.026733), (0.6352405, 0.8843778), (0.6322889, 1.026733), (0.6322889, 0.8843778), (0.6369558, 0.8843778), (0.6369558, 1.026733), (0.6352405, 1.026733), (0.6369558, 0.8843778), (0.6352405, 1.026733), (0.6352405, 0.8843778), (0.4980928, 1.026733), (0.49835, 1.029428), (0.4966444, 1.028933), (0.4980928, 1.026733), (0.4966444, 1.028933), (0.4963775, 1.026733), (0.5010444, 1.026733), (0.5010444, 1.029685), (0.49835, 1.029428), (0.5010444, 1.026733), (0.49835, 1.029428), (0.4980928, 1.026733), (0.6322889, 1.026733), (0.6322889, 1.029685), (0.5010444, 1.029685), (0.6322889, 1.026733), (0.5010444, 1.029685), (0.5010444, 1.026733), (0.6352405, 1.026733), (0.6349833, 1.029428), (0.6322889, 1.029685), (0.6352405, 1.026733), (0.6322889, 1.029685), (0.6322889, 1.026733), (0.6369558, 1.026733), (0.6366889, 1.028933), (0.6349833, 1.029428), (0.6369558, 1.026733), (0.6349833, 1.029428), (0.6352405, 1.026733), (0.49835, 1.029428), (0.4988444, 1.031133), (0.4972339, 1.030544), (0.49835, 1.029428), (0.4972339, 1.030544), (0.4966444, 1.028933), (0.5010444, 1.029685), (0.5010444, 1.0314), (0.4988444, 1.031133), (0.5010444, 1.029685), (0.4988444, 1.031133), (0.49835, 1.029428), (0.6322889, 1.029685), (0.6322889, 1.0314), (0.5010444, 1.0314), (0.6322889, 1.029685), (0.5010444, 1.0314), (0.5010444, 1.029685), (0.6349833, 1.029428), (0.6344889, 1.031133), (0.6322889, 1.0314), (0.6349833, 1.029428), (0.6322889, 1.0314), (0.6322889, 1.029685), (0.6366889, 1.028933), (0.6360994, 1.030544), (0.6344889, 1.031133), (0.6366889, 1.028933), (0.6344889, 1.031133), (0.6349833, 1.029428), (0.4972339, 0.8805673), (0.4966444, 0.8821778), (0.49835, 0.8816833), (0.4972339, 0.8805673), (0.49835, 0.8816833), (0.4988444, 0.8799778), (0.4988444, 0.8799778), (0.49835, 0.8816833), (0.5010444, 0.8814262), (0.4988444, 0.8799778), (0.5010444, 0.8814262), (0.5010444, 0.8797109), (0.5010444, 0.8797109), (0.5010444, 0.8814262), (0.6322889, 0.8814262), (0.5010444, 0.8797109), (0.6322889, 0.8814262), (0.6322889, 0.8797109), (0.6322889, 0.8797109), (0.6322889, 0.8814262), (0.6349833, 0.8816833), (0.6322889, 0.8797109), (0.6349833, 0.8816833), (0.6344889, 0.8799778), (0.6344889, 0.8799778), (0.6349833, 0.8816833), (0.6366889, 0.8821778), (0.6344889, 0.8799778), (0.6366889, 0.8821778), (0.6360994, 0.8805673), (0.4966444, 0.8821778), (0.4963775, 0.8843778), (0.4980928, 0.8843778), (0.4966444, 0.8821778), (0.4980928, 0.8843778), (0.49835, 0.8816833), (0.49835, 0.8816833), (0.4980928, 0.8843778), (0.5010444, 0.8843778), (0.49835, 0.8816833), (0.5010444, 0.8843778), (0.5010444, 0.8814262), (0.5010444, 0.8814262), (0.5010444, 0.8843778), (0.6322889, 0.8843778), (0.5010444, 0.8814262), (0.6322889, 0.8843778), (0.6322889, 0.8814262), (0.6322889, 0.8814262), (0.6322889, 0.8843778), (0.6352405, 0.8843778), (0.6322889, 0.8814262), (0.6352405, 0.8843778), (0.6349833, 0.8816833), (0.6349833, 0.8816833), (0.6352405, 0.8843778), (0.6369558, 0.8843778), (0.6349833, 0.8816833), (0.6369558, 0.8843778), (0.6366889, 0.8821778), (0.4963775, 0.8843778), (0.4963775, 1.026733), (0.4980928, 1.026733), (0.4963775, 0.8843778), (0.4980928, 1.026733), (0.4980928, 0.8843778), (0.4980928, 0.8843778), (0.4980928, 1.026733), (0.5010444, 1.026733), (0.4980928, 0.8843778), (0.5010444, 1.026733), (0.5010444, 0.8843778), (0.5010444, 0.8843778), (0.5010444, 1.026733), (0.6322889, 1.026733), (0.5010444, 0.8843778), (0.6322889, 1.026733), (0.6322889, 0.8843778), (0.6322889, 0.8843778), (0.6322889, 1.026733), (0.6352405, 1.026733), (0.6322889, 0.8843778), (0.6352405, 1.026733), (0.6352405, 0.8843778), (0.6352405, 0.8843778), (0.6352405, 1.026733), (0.6369558, 1.026733), (0.6352405, 0.8843778), (0.6369558, 1.026733), (0.6369558, 0.8843778), (0.4963775, 1.026733), (0.4966444, 1.028933), (0.49835, 1.029428), (0.4963775, 1.026733), (0.49835, 1.029428), (0.4980928, 1.026733), (0.4980928, 1.026733), (0.49835, 1.029428), (0.5010444, 1.029685), (0.4980928, 1.026733), (0.5010444, 1.029685), (0.5010444, 1.026733), (0.5010444, 1.026733), (0.5010444, 1.029685), (0.6322889, 1.029685), (0.5010444, 1.026733), (0.6322889, 1.029685), (0.6322889, 1.026733), (0.6322889, 1.026733), (0.6322889, 1.029685), (0.6349833, 1.029428), (0.6322889, 1.026733), (0.6349833, 1.029428), (0.6352405, 1.026733), (0.6352405, 1.026733), (0.6349833, 1.029428), (0.6366889, 1.028933), (0.6352405, 1.026733), (0.6366889, 1.028933), (0.6369558, 1.026733), (0.4966444, 1.028933), (0.4972339, 1.030544), (0.4988444, 1.031133), (0.4966444, 1.028933), (0.4988444, 1.031133), (0.49835, 1.029428), (0.49835, 1.029428), (0.4988444, 1.031133), (0.5010444, 1.0314), (0.49835, 1.029428), (0.5010444, 1.0314), (0.5010444, 1.029685), (0.5010444, 1.029685), (0.5010444, 1.0314), (0.6322889, 1.0314), (0.5010444, 1.029685), (0.6322889, 1.0314), (0.6322889, 1.029685), (0.6322889, 1.029685), (0.6322889, 1.0314), (0.6344889, 1.031133), (0.6322889, 1.029685), (0.6344889, 1.031133), (0.6349833, 1.029428), (0.6349833, 1.029428), (0.6344889, 1.031133), (0.6360994, 1.030544), (0.6349833, 1.029428), (0.6360994, 1.030544), (0.6366889, 1.028933), (0.4966444, -0.0656), (0.49835, -0.06609444), (0.4988444, -0.0678), (0.4966444, -0.0656), (0.4988444, -0.0678), (0.4972339, -0.06721051), (0.4963775, -0.0634), (0.4980928, -0.0634), (0.49835, -0.06609444), (0.4963775, -0.0634), (0.49835, -0.06609444), (0.4966444, -0.0656), (0.4963775, -0.003266667), (0.4980928, -0.003266667), (0.4980928, -0.0634), (0.4963775, -0.003266667), (0.4980928, -0.0634), (0.4963775, -0.0634), (0.4966444, -0.001066667), (0.49835, -0.0005722279), (0.4980928, -0.003266667), (0.4966444, -0.001066667), (0.4980928, -0.003266667), (0.4963775, -0.003266667), (0.4972339, 0.0005438451), (0.4988444, 0.001133333), (0.49835, -0.0005722279), (0.4972339, 0.0005438451), (0.49835, -0.0005722279), (0.4966444, -0.001066667), (0.49835, -0.06609444), (0.5010444, -0.06635161), (0.5010444, -0.0680669), (0.49835, -0.06609444), (0.5010444, -0.0680669), (0.4988444, -0.0678), (0.4980928, -0.0634), (0.5010444, -0.0634), (0.5010444, -0.06635161), (0.4980928, -0.0634), (0.5010444, -0.06635161), (0.49835, -0.06609444), (0.4980928, -0.003266667), (0.5010444, -0.003266667), (0.5010444, -0.0634), (0.4980928, -0.003266667), (0.5010444, -0.0634), (0.4980928, -0.0634), (0.49835, -0.0005722279), (0.5010444, -0.0003150569), (0.5010444, -0.003266667), (0.49835, -0.0005722279), (0.5010444, -0.003266667), (0.4980928, -0.003266667), (0.4988444, 0.001133333), (0.5010444, 0.001400238), (0.5010444, -0.0003150569), (0.4988444, 0.001133333), (0.5010444, -0.0003150569), (0.49835, -0.0005722279), (0.5010444, -0.06635161), (0.6322889, -0.06635161), (0.6322889, -0.0680669), (0.5010444, -0.06635161), (0.6322889, -0.0680669), (0.5010444, -0.0680669), (0.5010444, -0.0634), (0.6322889, -0.0634), (0.6322889, -0.06635161), (0.5010444, -0.0634), (0.6322889, -0.06635161), (0.5010444, -0.06635161), (0.5010444, -0.003266667), (0.6322889, -0.003266667), (0.6322889, -0.0634), (0.5010444, -0.003266667), (0.6322889, -0.0634), (0.5010444, -0.0634), (0.5010444, -0.0003150569), (0.6322889, -0.0003150569), (0.6322889, -0.003266667), (0.5010444, -0.0003150569), (0.6322889, -0.003266667), (0.5010444, -0.003266667), (0.5010444, 0.001400238), (0.6322889, 0.001400238), (0.6322889, -0.0003150569), (0.5010444, 0.001400238), (0.6322889, -0.0003150569), (0.5010444, -0.0003150569), (0.6322889, -0.06635161), (0.6349833, -0.06609444), (0.6344889, -0.0678), (0.6322889, -0.06635161), (0.6344889, -0.0678), (0.6322889, -0.0680669), (0.6322889, -0.0634), (0.6352405, -0.0634), (0.6349833, -0.06609444), (0.6322889, -0.0634), (0.6349833, -0.06609444), (0.6322889, -0.06635161), (0.6322889, -0.003266667), (0.6352405, -0.003266667), (0.6352405, -0.0634), (0.6322889, -0.003266667), (0.6352405, -0.0634), (0.6322889, -0.0634), (0.6322889, -0.0003150569), (0.6349833, -0.0005722279), (0.6352405, -0.003266667), (0.6322889, -0.0003150569), (0.6352405, -0.003266667), (0.6322889, -0.003266667), (0.6322889, 0.001400238), (0.6344889, 0.001133333), (0.6349833, -0.0005722279), (0.6322889, 0.001400238), (0.6349833, -0.0005722279), (0.6322889, -0.0003150569), (0.6349833, -0.06609444), (0.6366889, -0.0656), (0.6360994, -0.06721051), (0.6349833, -0.06609444), (0.6360994, -0.06721051), (0.6344889, -0.0678), (0.6352405, -0.0634), (0.6369558, -0.0634), (0.6366889, -0.0656), (0.6352405, -0.0634), (0.6366889, -0.0656), (0.6349833, -0.06609444), (0.6352405, -0.003266667), (0.6369558, -0.003266667), (0.6369558, -0.0634), (0.6352405, -0.003266667), (0.6369558, -0.0634), (0.6352405, -0.0634), (0.6349833, -0.0005722279), (0.6366889, -0.001066667), (0.6369558, -0.003266667), (0.6349833, -0.0005722279), (0.6369558, -0.003266667), (0.6352405, -0.003266667), (0.6344889, 0.001133333), (0.6360994, 0.0005438451), (0.6366889, -0.001066667), (0.6344889, 0.001133333), (0.6366889, -0.001066667), (0.6349833, -0.0005722279), (0.4972339, -0.06721051), (0.4988444, -0.0678), (0.49835, -0.06609444), (0.4972339, -0.06721051), (0.49835, -0.06609444), (0.4966444, -0.0656), (0.4966444, -0.0656), (0.49835, -0.06609444), (0.4980928, -0.0634), (0.4966444, -0.0656), (0.4980928, -0.0634), (0.4963775, -0.0634), (0.4963775, -0.0634), (0.4980928, -0.0634), (0.4980928, -0.003266667), (0.4963775, -0.0634), (0.4980928, -0.003266667), (0.4963775, -0.003266667), (0.4963775, -0.003266667), (0.4980928, -0.003266667), (0.49835, -0.0005722279), (0.4963775, -0.003266667), (0.49835, -0.0005722279), (0.4966444, -0.001066667), (0.4966444, -0.001066667), (0.49835, -0.0005722279), (0.4988444, 0.001133333), (0.4966444, -0.001066667), (0.4988444, 0.001133333), (0.4972339, 0.0005438451), (0.4988444, -0.0678), (0.5010444, -0.0680669), (0.5010444, -0.06635161), (0.4988444, -0.0678), (0.5010444, -0.06635161), (0.49835, -0.06609444), (0.49835, -0.06609444), (0.5010444, -0.06635161), (0.5010444, -0.0634), (0.49835, -0.06609444), (0.5010444, -0.0634), (0.4980928, -0.0634), (0.4980928, -0.0634), (0.5010444, -0.0634), (0.5010444, -0.003266667), (0.4980928, -0.0634), (0.5010444, -0.003266667), (0.4980928, -0.003266667), (0.4980928, -0.003266667), (0.5010444, -0.003266667), (0.5010444, -0.0003150569), (0.4980928, -0.003266667), (0.5010444, -0.0003150569), (0.49835, -0.0005722279), (0.49835, -0.0005722279), (0.5010444, -0.0003150569), (0.5010444, 0.001400238), (0.49835, -0.0005722279), (0.5010444, 0.001400238), (0.4988444, 0.001133333), (0.5010444, -0.0680669), (0.6322889, -0.0680669), (0.6322889, -0.06635161), (0.5010444, -0.0680669), (0.6322889, -0.06635161), (0.5010444, -0.06635161), (0.5010444, -0.06635161), (0.6322889, -0.06635161), (0.6322889, -0.0634), (0.5010444, -0.06635161), (0.6322889, -0.0634), (0.5010444, -0.0634), (0.5010444, -0.0634), (0.6322889, -0.0634), (0.6322889, -0.003266667), (0.5010444, -0.0634), (0.6322889, -0.003266667), (0.5010444, -0.003266667), (0.5010444, -0.003266667), (0.6322889, -0.003266667), (0.6322889, -0.0003150569), (0.5010444, -0.003266667), (0.6322889, -0.0003150569), (0.5010444, -0.0003150569), (0.5010444, -0.0003150569), (0.6322889, -0.0003150569), (0.6322889, 0.001400238), (0.5010444, -0.0003150569), (0.6322889, 0.001400238), (0.5010444, 0.001400238), (0.6322889, -0.0680669), (0.6344889, -0.0678), (0.6349833, -0.06609444), (0.6322889, -0.0680669), (0.6349833, -0.06609444), (0.6322889, -0.06635161), (0.6322889, -0.06635161), (0.6349833, -0.06609444), (0.6352405, -0.0634), (0.6322889, -0.06635161), (0.6352405, -0.0634), (0.6322889, -0.0634), (0.6322889, -0.0634), (0.6352405, -0.0634), (0.6352405, -0.003266667), (0.6322889, -0.0634), (0.6352405, -0.003266667), (0.6322889, -0.003266667), (0.6322889, -0.003266667), (0.6352405, -0.003266667), (0.6349833, -0.0005722279), (0.6322889, -0.003266667), (0.6349833, -0.0005722279), (0.6322889, -0.0003150569), (0.6322889, -0.0003150569), (0.6349833, -0.0005722279), (0.6344889, 0.001133333), (0.6322889, -0.0003150569), (0.6344889, 0.001133333), (0.6322889, 0.001400238), (0.6344889, -0.0678), (0.6360994, -0.06721051), (0.6366889, -0.0656), (0.6344889, -0.0678), (0.6366889, -0.0656), (0.6349833, -0.06609444), (0.6349833, -0.06609444), (0.6366889, -0.0656), (0.6369558, -0.0634), (0.6349833, -0.06609444), (0.6369558, -0.0634), (0.6352405, -0.0634), (0.6352405, -0.0634), (0.6369558, -0.0634), (0.6369558, -0.003266667), (0.6352405, -0.0634), (0.6369558, -0.003266667), (0.6352405, -0.003266667), (0.6352405, -0.003266667), (0.6369558, -0.003266667), (0.6366889, -0.001066667), (0.6352405, -0.003266667), (0.6366889, -0.001066667), (0.6349833, -0.0005722279), (0.6349833, -0.0005722279), (0.6366889, -0.001066667), (0.6360994, 0.0005438451), (0.6349833, -0.0005722279), (0.6360994, 0.0005438451), (0.6344889, 0.001133333)] (interpolation = "faceVarying")
        }
        def Mesh "SMDEndTermination_07" (prepend apiSchemas = ["MaterialBindingAPI"])
        {
            uniform token subdivisionScheme = "none"
            uniform token orientation = "rightHanded"
            bool doubleSided = false
            point3f[] points = [(0.004460237, -0.0006396631, 0.007902737), (0.0044567, -0.0006432, 0.0079124), (0.004455099, -0.0006448014, 0.0079256), (0.004455099, -0.0006448014, 0.0092744), (0.0044567, -0.0006432, 0.0092876), (0.004460237, -0.0006396631, 0.009297263), (0.0044567, -0.00063, 0.0078992), (0.004450767, -0.0006329666, 0.007909433), (0.004447681, -0.0006345097, 0.0079256), (0.004447681, -0.0006345097, 0.0092744), (0.004450767, -0.0006329666, 0.009290567), (0.0044567, -0.00063, 0.0093008), (0.004455099, -0.0006168, 0.007897599), (0.004447681, -0.0006168, 0.00790789), (0.0044435, -0.0006168, 0.0079256), (0.0044435, -0.0006168, 0.0092744), (0.004447681, -0.0006168, 0.00929211), (0.004455099, -0.0006168, 0.009302401), (0.004455099, 1.68e-05, 0.007897599), (0.004447681, 1.68e-05, 0.00790789), (0.0044435, 1.68e-05, 0.0079256), (0.0044435, 1.68e-05, 0.0092744), (0.004447681, 1.68e-05, 0.00929211), (0.004455099, 1.68e-05, 0.009302401), (0.0044567, 3e-05, 0.0078992), (0.004450767, 3.296663e-05, 0.007909433), (0.004447681, 3.450966e-05, 0.0079256), (0.004447681, 3.450966e-05, 0.0092744), (0.004450767, 3.296663e-05, 0.009290567), (0.0044567, 3e-05, 0.0093008), (0.004460237, 3.966307e-05, 0.007902737), (0.0044567, 4.32e-05, 0.0079124), (0.004455099, 4.480143e-05, 0.0079256), (0.004455099, 4.480143e-05, 0.0092744), (0.0044567, 4.32e-05, 0.0092876), (0.004460237, 3.966307e-05, 0.009297263), (0.004647763, -0.0006396631, 0.007902737), (0.0046513, -0.0006432, 0.0079124), (0.004652901, -0.0006448014, 0.0079256), (0.004652901, -0.0006448014, 0.0092744), (0.0046513, -0.0006432, 0.0092876), (0.004647763, -0.0006396631, 0.009297263), (0.0046513, -0.00063, 0.0078992), (0.004657233, -0.0006329666, 0.007909433), (0.004660319, -0.0006345097, 0.0079256), (0.004660319, -0.0006345097, 0.0092744), (0.004657233, -0.0006329666, 0.009290567), (0.0046513, -0.00063, 0.0093008), (0.004652901, -0.0006168, 0.007897599), (0.004660319, -0.0006168, 0.00790789), (0.0046645, -0.0006168, 0.0079256), (0.0046645, -0.0006168, 0.0092744), (0.004660319, -0.0006168, 0.00929211), (0.004652901, -0.0006168, 0.009302401), (0.004652901, 1.68e-05, 0.007897599), (0.004660319, 1.68e-05, 0.00790789), (0.0046645, 1.68e-05, 0.0079256), (0.0046645, 1.68e-05, 0.0092744), (0.004660319, 1.68e-05, 0.00929211), (0.004652901, 1.68e-05, 0.009302401), (0.0046513, 3e-05, 0.0078992), (0.004657233, 3.296663e-05, 0.007909433), (0.004660319, 3.450966e-05, 0.0079256), (0.004660319, 3.450966e-05, 0.0092744), (0.004657233, 3.296663e-05, 0.009290567), (0.0046513, 3e-05, 0.0093008), (0.004647763, 3.966307e-05, 0.007902737), (0.0046513, 4.32e-05, 0.0079124), (0.004652901, 4.480143e-05, 0.0079256), (0.004652901, 4.480143e-05, 0.0092744), (0.0046513, 4.32e-05, 0.0092876), (0.004647763, 3.966307e-05, 0.009297263), (0.004460237, -0.0006396631, 0.007902737), (0.0044699, -0.0006432, 0.0078992), (0.0044831, -0.0006448014, 0.007897599), (0.0046249, -0.0006448014, 0.007897599), (0.0046381, -0.0006432, 0.0078992), (0.004647763, -0.0006396631, 0.007902737), (0.0044567, -0.0006432, 0.0079124), (0.004466933, -0.0006491333, 0.007909433), (0.0044831, -0.0006522193, 0.00790789), (0.0046249, -0.0006522193, 0.00790789), (0.004641067, -0.0006491333, 0.007909433), (0.0046513, -0.0006432, 0.0079124), (0.004455099, -0.0006448014, 0.0079256), (0.00446539, -0.0006522193, 0.0079256), (0.0044831, -0.0006564, 0.0079256), (0.0046249, -0.0006564, 0.0079256), (0.00464261, -0.0006522193, 0.0079256), (0.004652901, -0.0006448014, 0.0079256), (0.004455099, -0.0006448014, 0.0092744), (0.00446539, -0.0006522193, 0.0092744), (0.0044831, -0.0006564, 0.0092744), (0.0046249, -0.0006564, 0.0092744), (0.00464261, -0.0006522193, 0.0092744), (0.004652901, -0.0006448014, 0.0092744), (0.0044567, -0.0006432, 0.0092876), (0.004466933, -0.0006491333, 0.009290567), (0.0044831, -0.0006522193, 0.00929211), (0.0046249, -0.0006522193, 0.00929211), (0.004641067, -0.0006491333, 0.009290567), (0.0046513, -0.0006432, 0.0092876), (0.004460237, -0.0006396631, 0.009297263), (0.0044699, -0.0006432, 0.0093008), (0.0044831, -0.0006448014, 0.009302401), (0.0046249, -0.0006448014, 0.009302401), (0.0046381, -0.0006432, 0.0093008), (0.004647763, -0.0006396631, 0.009297263), (0.004460237, 3.966307e-05, 0.007902737), (0.0044699, 4.32e-05, 0.0078992), (0.0044831, 4.480143e-05, 0.007897599), (0.0046249, 4.480143e-05, 0.007897599), (0.0046381, 4.32e-05, 0.0078992), (0.004647763, 3.966307e-05, 0.007902737), (0.0044567, 4.32e-05, 0.0079124), (0.004466933, 4.913326e-05, 0.007909433), (0.0044831, 5.221932e-05, 0.00790789), (0.0046249, 5.221932e-05, 0.00790789), (0.004641067, 4.913326e-05, 0.007909433), (0.0046513, 4.32e-05, 0.0079124), (0.004455099, 4.480143e-05, 0.0079256), (0.00446539, 5.221932e-05, 0.0079256), (0.0044831, 5.64e-05, 0.0079256), (0.0046249, 5.64e-05, 0.0079256), (0.00464261, 5.221932e-05, 0.0079256), (0.004652901, 4.480143e-05, 0.0079256), (0.004455099, 4.480143e-05, 0.0092744), (0.00446539, 5.221932e-05, 0.0092744), (0.0044831, 5.64e-05, 0.0092744), (0.0046249, 5.64e-05, 0.0092744), (0.00464261, 5.221932e-05, 0.0092744), (0.004652901, 4.480143e-05, 0.0092744), (0.0044567, 4.32e-05, 0.0092876), (0.004466933, 4.913326e-05, 0.009290567), (0.0044831, 5.221932e-05, 0.00929211), (0.0046249, 5.221932e-05, 0.00929211), (0.004641067, 4.913326e-05, 0.009290567), (0.0046513, 4.32e-05, 0.0092876), (0.004460237, 3.966307e-05, 0.009297263), (0.0044699, 4.32e-05, 0.0093008), (0.0044831, 4.480143e-05, 0.009302401), (0.0046249, 4.480143e-05, 0.009302401), (0.0046381, 4.32e-05, 0.0093008), (0.004647763, 3.966307e-05, 0.009297263), (0.004460237, -0.0006396631, 0.007902737), (0.0044567, -0.00063, 0.0078992), (0.004455099, -0.0006168, 0.007897599), (0.004455099, 1.68e-05, 0.007897599), (0.0044567, 3e-05, 0.0078992), (0.004460237, 3.966307e-05, 0.007902737), (0.0044699, -0.0006432, 0.0078992), (0.004466933, -0.0006329666, 0.007893267), (0.00446539, -0.0006168, 0.007890181), (0.00446539, 1.68e-05, 0.007890181), (0.004466933, 3.296663e-05, 0.007893267), (0.0044699, 4.32e-05, 0.0078992), (0.0044831, -0.0006448014, 0.007897599), (0.0044831, -0.0006345097, 0.007890181), (0.0044831, -0.0006168, 0.007886), (0.0044831, 1.68e-05, 0.007886), (0.0044831, 3.450966e-05, 0.007890181), (0.0044831, 4.480143e-05, 0.007897599), (0.0046249, -0.0006448014, 0.007897599), (0.0046249, -0.0006345097, 0.007890181), (0.0046249, -0.0006168, 0.007886), (0.0046249, 1.68e-05, 0.007886), (0.0046249, 3.450966e-05, 0.007890181), (0.0046249, 4.480143e-05, 0.007897599), (0.0046381, -0.0006432, 0.0078992), (0.004641067, -0.0006329666, 0.007893267), (0.00464261, -0.0006168, 0.007890181), (0.00464261, 1.68e-05, 0.007890181), (0.004641067, 3.296663e-05, 0.007893267), (0.0046381, 4.32e-05, 0.0078992), (0.004647763, -0.0006396631, 0.007902737), (0.0046513, -0.00063, 0.0078992), (0.004652901, -0.0006168, 0.007897599), (0.004652901, 1.68e-05, 0.007897599), (0.0046513, 3e-05, 0.0078992), (0.004647763, 3.966307e-05, 0.007902737), (0.004460237, -0.0006396631, 0.009297263), (0.0044567, -0.00063, 0.0093008), (0.004455099, -0.0006168, 0.009302401), (0.004455099, 1.68e-05, 0.009302401), (0.0044567, 3e-05, 0.0093008), (0.004460237, 3.966307e-05, 0.009297263), (0.0044699, -0.0006432, 0.0093008), (0.004466933, -0.0006329666, 0.009306733), (0.00446539, -0.0006168, 0.009309819), (0.00446539, 1.68e-05, 0.009309819), (0.004466933, 3.296663e-05, 0.009306733), (0.0044699, 4.32e-05, 0.0093008), (0.0044831, -0.0006448014, 0.009302401), (0.0044831, -0.0006345097, 0.009309819), (0.0044831, -0.0006168, 0.009314), (0.0044831, 1.68e-05, 0.009314), (0.0044831, 3.450966e-05, 0.009309819), (0.0044831, 4.480143e-05, 0.009302401), (0.0046249, -0.0006448014, 0.009302401), (0.0046249, -0.0006345097, 0.009309819), (0.0046249, -0.0006168, 0.009314), (0.0046249, 1.68e-05, 0.009314), (0.0046249, 3.450966e-05, 0.009309819), (0.0046249, 4.480143e-05, 0.009302401), (0.0046381, -0.0006432, 0.0093008), (0.004641067, -0.0006329666, 0.009306733), (0.00464261, -0.0006168, 0.009309819), (0.00464261, 1.68e-05, 0.009309819), (0.004641067, 3.296663e-05, 0.009306733), (0.0046381, 4.32e-05, 0.0093008), (0.004647763, -0.0006396631, 0.009297263), (0.0046513, -0.00063, 0.0093008), (0.004652901, -0.0006168, 0.009302401), (0.004652901, 1.68e-05, 0.009302401), (0.0046513, 3e-05, 0.0093008), (0.004647763, 3.966307e-05, 0.009297263)]
            int[] faceVertexCounts = [3, 3, 3, 3, 3, 3, 3, 3, 3, 3, 3, 3, 3, 3, 3, 3, 3, 3, 3, 3, 3, 3, 3, 3, 3, 3, 3, 3, 3, 3, 3, 3, 3, 3, 3, 3, 3, 3, 3, 3, 3, 3, 3, 3, 3, 3, 3, 3, 3, 3, 3, 3, 3, 3, 3, 3, 3, 3, 3, 3, 3, 3, 3, 3, 3, 3, 3, 3, 3, 3, 3, 3, 3, 3, 3, 3, 3, 3, 3, 3, 3, 3, 3, 3, 3, 3, 3, 3, 3, 3, 3, 3, 3, 3, 3, 3, 3, 3, 3, 3, 3, 3, 3, 3, 3, 3, 3, 3, 3, 3, 3, 3, 3, 3, 3, 3, 3, 3, 3, 3, 3, 3, 3, 3, 3, 3, 3, 3, 3, 3, 3, 3, 3, 3, 3, 3, 3, 3, 3, 3, 3, 3, 3, 3, 3, 3, 3, 3, 3, 3, 3, 3, 3, 3, 3, 3, 3, 3, 3, 3, 3, 3, 3, 3, 3, 3, 3, 3, 3, 3, 3, 3, 3, 3, 3, 3, 3, 3, 3, 3, 3, 3, 3, 3, 3, 3, 3, 3, 3, 3, 3, 3, 3, 3, 3, 3, 3, 3, 3, 3, 3, 3, 3, 3, 3, 3, 3, 3, 3, 3, 3, 3, 3, 3, 3, 3, 3, 3, 3, 3, 3, 3, 3, 3, 3, 3, 3, 3, 3, 3, 3, 3, 3, 3, 3, 3, 3, 3, 3, 3, 3, 3, 3, 3, 3, 3, 3, 3, 3, 3, 3, 3, 3, 3, 3, 3, 3, 3, 3, 3, 3, 3, 3, 3, 3, 3, 3, 3, 3, 3, 3, 3, 3, 3, 3, 3, 3, 3, 3, 3, 3, 3, 3, 3, 3, 3, 3, 3, 3, 3, 3, 3, 3, 3, 3, 3, 3, 3, 3, 3]
            int[] faceVertexIndices = [1, 7, 6, 1, 6, 0, 2, 8, 7, 2, 7, 1, 3, 9, 8, 3, 8, 2, 4, 10, 9, 4, 9, 3, 5, 11, 10, 5, 10, 4, 7, 13, 12, 7, 12, 6, 8, 14, 13, 8, 13, 7, 9, 15, 14, 9, 14, 8, 10, 16, 15, 10, 15, 9, 11, 17, 16, 11, 16, 10, 13, 19, 18, 13, 18, 12, 14, 20, 19, 14, 19, 13, 15, 21, 20, 15, 20, 14, 16, 22, 21, 16, 21, 15, 17, 23, 22, 17, 22, 16, 19, 25, 24, 19, 24, 18, 20, 26, 25, 20, 25, 19, 21, 27, 26, 21, 26, 20, 22, 28, 27, 22, 27, 21, 23, 29, 28, 23, 28, 22, 25, 31, 30, 25, 30, 24, 26, 32, 31, 26, 31, 25, 27, 33, 32, 27, 32, 26, 28, 34, 33, 28, 33, 27, 29, 35, 34, 29, 34, 28, 36, 42, 43, 36, 43, 37, 37, 43, 44, 37, 44, 38, 38, 44, 45, 38, 45, 39, 39, 45, 46, 39, 46, 40, 40, 46, 47, 40, 47, 41, 42, 48, 49, 42, 49, 43, 43, 49, 50, 43, 50, 44, 44, 50, 51, 44, 51, 45, 45, 51, 52, 45, 52, 46, 46, 52, 53, 46, 53, 47, 48, 54, 55, 48, 55, 49, 49, 55, 56, 49, 56, 50, 50, 56, 57, 50, 57, 51, 51, 57, 58, 51, 58, 52, 52, 58, 59, 52, 59, 53, 54, 60, 61, 54, 61, 55, 55, 61, 62, 55, 62, 56, 56, 62, 63, 56, 63, 57, 57, 63, 64, 57, 64, 58, 58, 64, 65, 58, 65, 59, 60, 66, 67, 60, 67, 61, 61, 67, 68, 61, 68, 62, 62, 68, 69, 62, 69, 63, 63, 69, 70, 63, 70, 64, 64, 70, 71, 64, 71, 65, 73, 79, 78, 73, 78, 72, 74, 80, 79, 74, 79, 73, 75, 81, 80, 75, 80, 74, 76, 82, 81, 76, 81, 75, 77, 83, 82, 77, 82, 76, 79, 85, 84, 79, 84, 78, 80, 86, 85, 80, 85, 79, 81, 87, 86, 81, 86, 80, 82, 88, 87, 82, 87, 81, 83, 89, 88, 83, 88, 82, 85, 91, 90, 85, 90, 84, 86, 92, 91, 86, 91, 85, 87, 93, 92, 87, 92, 86, 88, 94, 93, 88, 93, 87, 89, 95, 94, 89, 94, 88, 91, 97, 96, 91, 96, 90, 92, 98, 97, 92, 97, 91, 93, 99, 98, 93, 98, 92, 94, 100, 99, 94, 99, 93, 95, 101, 100, 95, 100, 94, 97, 103, 102, 97, 102, 96, 98, 104, 103, 98, 103, 97, 99, 105, 104, 99, 104, 98, 100, 106, 105, 100, 105, 99, 101, 107, 106, 101, 106, 100, 108, 114, 115, 108, 115, 109, 109, 115, 116, 109, 116, 110, 110, 116, 117, 110, 117, 111, 111, 117, 118, 111, 118, 112, 112, 118, 119, 112, 119, 113, 114, 120, 121, 114, 121, 115, 115, 121, 122, 115, 122, 116, 116, 122, 123, 116, 123, 117, 117, 123, 124, 117, 124, 118, 118, 124, 125, 118, 125, 119, 120, 126, 127, 120, 127, 121, 121, 127, 128, 121, 128, 122, 122, 128, 129, 122, 129, 123, 123, 129, 130, 123, 130, 124, 124, 130, 131, 124, 131, 125, 126, 132, 133, 126, 133, 127, 127, 133, 134, 127, 134, 128, 128, 134, 135, 128, 135, 129, 129, 135, 136, 129, 136, 130, 130, 136, 137, 130, 137, 131, 132, 138, 139, 132, 139, 133, 133, 139, 140, 133, 140, 134, 134, 140, 141, 134, 141, 135, 135, 141, 142, 135, 142, 136, 136, 142, 143, 136, 143, 137, 145, 151, 150, 145, 150, 144, 146, 152, 151, 146, 151, 145, 147, 153, 152, 147, 152, 146, 148, 154, 153, 148, 153, 147, 149, 155, 154, 149, 154, 148, 151, 157, 156, 151, 156, 150, 152, 158, 157, 152, 157, 151, 153, 159, 158, 153, 158, 152, 154, 160, 159, 154, 159, 153, 155, 161, 160, 155, 160, 154, 157, 163, 162, 157, 162, 156, 158, 164, 163, 158, 163, 157, 159, 165, 164, 159, 164, 158, 160, 166, 165, 160, 165, 159, 161, 167, 166, 161, 166, 160, 163, 169, 168, 163, 168, 162, 164, 170, 169, 164, 169, 163, 165, 171, 170, 165, 170, 164, 166, 172, 171, 166, 171, 165, 167, 173, 172, 167, 172, 166, 169, 175, 174, 169, 174, 168, 170, 176, 175, 170, 175, 169, 171, 177, 176, 171, 176, 170, 172, 178, 177, 172, 177, 171, 173, 179, 178, 173, 178, 172, 180, 186, 187, 180, 187, 181, 181, 187, 188, 181, 188, 182, 182, 188, 189, 182, 189, 183, 183, 189, 190, 183, 190, 184, 184, 190, 191, 184, 191, 185, 186, 192, 193, 186, 193, 187, 187, 193, 194, 187, 194, 188, 188, 194, 195, 188, 195, 189, 189, 195, 196, 189, 196, 190, 190, 196, 197, 190, 197, 191, 192, 198, 199, 192, 199, 193, 193, 199, 200, 193, 200, 194, 194, 200, 201, 194, 201, 195, 195, 201, 202, 195, 202, 196, 196, 202, 203, 196, 203, 197, 198, 204, 205, 198, 205, 199, 199, 205, 206, 199, 206, 200, 200, 206, 207, 200, 207, 201, 201, 207, 208, 201, 208, 202, 202, 208, 209, 202, 209, 203, 204, 210, 211, 204, 211, 205, 205, 211, 212, 205, 212, 206, 206, 212, 213, 206, 213, 207, 207, 213, 214, 207, 214, 208, 208, 214, 215, 208, 215, 209]
            normal3f[] normals = [(-0.7745967, -0.4472136, -0.4472136), (-0.7668657, -0.5195657, -0.376787), (-0.8115308, -0.5842963, -0.003954934), (-0.8112419, -0.5847101, 0.0008246707), (-0.7900625, -0.5555967, 0.2590629), (-0.7071068, -0.5, 0.5), (-0.7668657, -0.376787, -0.5195657), (-0.8559572, -0.3656073, -0.3656073), (-0.8964429, -0.4431494, -0.002941409), (-0.9449388, -0.327241, 0.001976786), (-0.8844941, -0.3299016, 0.3299016), (-0.7900625, -0.2590629, 0.5555967), (-0.8118281, -0.008227935, -0.5838386), (-0.8973103, -0.00616946, -0.4413572), (-0.9999079, -0.01226943, -0.00580601), (-0.9999933, -0.003305419, 0.001591831), (-0.9445719, -0.00416251, 0.3282781), (-0.8112409, -0.00174595, 0.5847094), (-0.8112409, 0.00174595, -0.5847094), (-0.9445719, 0.00416251, -0.3282781), (-0.9999933, 0.003305419, -0.001591831), (-0.9999079, 0.01226943, 0.00580601), (-0.8973103, 0.00616946, 0.4413572), (-0.8118281, 0.008227935, 0.5838386), (-0.7900625, 0.2590629, -0.5555967), (-0.8844941, 0.3299016, -0.3299016), (-0.9449388, 0.327241, -0.001976786), (-0.8964429, 0.4431494, 0.002941409), (-0.8559572, 0.3656073, 0.3656073), (-0.7668657, 0.376787, 0.5195657), (-0.7071068, 0.5, -0.5), (-0.7900625, 0.5555967, -0.2590629), (-0.8112419, 0.5847101, -0.0008246707), (-0.8115308, 0.5842963, 0.003954934), (-0.7668657, 0.5195657, 0.376787), (-0.7745967, 0.4472136, 0.4472136), (0.7071068, -0.5, -0.5), (0.7900625, -0.5555967, -0.2590629), (0.8112419, -0.5847101, -0.0008246707), (0.8115308, -0.5842963, 0.003954934), (0.7668657, -0.5195657, 0.376787), (0.7745967, -0.4472136, 0.4472136), (0.7900625, -0.2590629, -0.5555967), (0.8844941, -0.3299016, -0.3299016), (0.9449388, -0.327241, -0.001976786), (0.8964429, -0.4431494, 0.002941409), (0.8559572, -0.3656073, 0.3656073), (0.7668657, -0.376787, 0.5195657), (0.8112409, -0.00174595, -0.5847094), (0.9445719, -0.00416251, -0.3282781), (0.9999933, -0.003305419, -0.001591831), (0.9999079, -0.01226943, 0.00580601), (0.8973103, -0.00616946, 0.4413572), (0.8118281, -0.008227935, 0.5838386), (0.8118281, 0.008227935, -0.5838386), (0.8973103, 0.00616946, -0.4413572), (0.9999079, 0.01226943, -0.00580601), (0.9999933, 0.003305419, 0.001591831), (0.9445719, 0.00416251, 0.3282781), (0.8112409, 0.00174595, 0.5847094), (0.7668657, 0.376787, -0.5195657), (0.8559572, 0.3656073, -0.3656073), (0.8964429, 0.4431494, -0.002941409), (0.9449388, 0.327241, 0.001976786), (0.8844941, 0.3299016, 0.3299016), (0.7900625, 0.2590629, 0.5555967), (0.7745967, 0.4472136, -0.4472136), (0.7668657, 0.5195657, -0.376787), (0.8115308, 0.5842963, -0.003954934), (0.8112419, 0.5847101, 0.0008246707), (0.7900625, 0.5555967, 0.2590629), (0.7071068, 0.5, 0.5), (-0.4472136, -0.7745967, -0.4472136), (-0.376787, -0.7668657, -0.5195657), (-0.03199722, -0.8132069, -0.5810944), (0.007531855, -0.8112192, -0.5846937), (0.2590629, -0.7900625, -0.5555967), (0.5, -0.7071068, -0.5), (-0.5195657, -0.7668657, -0.376787), (-0.3656073, -0.8559572, -0.3656073), (-0.02513831, -0.9021466, -0.4306967), (0.01736477, -0.9422354, -0.3345011), (0.3299016, -0.8844941, -0.3299016), (0.5555967, -0.7900625, -0.2590629), (-0.5842963, -0.8115308, -0.003954934), (-0.4431494, -0.8964429, -0.002941409), (-0.04640297, -0.9989095, -0.005149196), (0.0140834, -0.9998993, -0.001761799), (0.327241, -0.9449388, -0.001976786), (0.5847101, -0.8112419, -0.0008246707), (-0.5847101, -0.8112419, 0.0008246707), (-0.327241, -0.9449388, 0.001976786), (-0.0140834, -0.9998993, 0.001761799), (0.04640297, -0.9989095, 0.005149196), (0.4431494, -0.8964429, 0.002941409), (0.5842963, -0.8115308, 0.003954934), (-0.5555967, -0.7900625, 0.2590629), (-0.3299016, -0.8844941, 0.3299016), (-0.01736477, -0.9422354, 0.3345011), (0.02513831, -0.9021466, 0.4306967), (0.3656073, -0.8559572, 0.3656073), (0.5195657, -0.7668657, 0.376787), (-0.5, -0.7071068, 0.5), (-0.2590629, -0.7900625, 0.5555967), (-0.007531855, -0.8112192, 0.5846937), (0.03199722, -0.8132069, 0.5810944), (0.376787, -0.7668657, 0.5195657), (0.4472136, -0.7745967, 0.4472136), (-0.5, 0.7071068, -0.5), (-0.2590629, 0.7900625, -0.5555967), (-0.007531855, 0.8112192, -0.5846937), (0.03199722, 0.8132069, -0.5810944), (0.376787, 0.7668657, -0.5195657), (0.4472136, 0.7745967, -0.4472136), (-0.5555967, 0.7900625, -0.2590629), (-0.3299016, 0.8844941, -0.3299016), (-0.01736477, 0.9422354, -0.3345011), (0.02513831, 0.9021466, -0.4306967), (0.3656073, 0.8559572, -0.3656073), (0.5195657, 0.7668657, -0.376787), (-0.5847101, 0.8112419, -0.0008246707), (-0.327241, 0.9449388, -0.001976786), (-0.0140834, 0.9998993, -0.001761799), (0.04640297, 0.9989095, -0.005149196), (0.4431494, 0.8964429, -0.002941409), (0.5842963, 0.8115308, -0.003954934), (-0.5842963, 0.8115308, 0.003954934), (-0.4431494, 0.8964429, 0.002941409), (-0.04640297, 0.9989095, 0.005149196), (0.0140834, 0.9998993, 0.001761799), (0.327241, 0.9449388, 0.001976786), (0.5847101, 0.8112419, 0.0008246707), (-0.5195657, 0.7668657, 0.376787), (-0.3656073, 0.8559572, 0.3656073), (-0.02513831, 0.9021466, 0.4306967), (0.01736477, 0.9422354, 0.3345011), (0.3299016, 0.8844941, 0.3299016), (0.5555967, 0.7900625, 0.2590629), (-0.4472136, 0.7745967, 0.4472136), (-0.376787, 0.7668657, 0.5195657), (-0.03199722, 0.8132069, 0.5810944), (0.007531855, 0.8112192, 0.5846937), (0.2590629, 0.7900625, 0.5555967), (0.5, 0.7071068, 0.5), (-0.4472136, -0.4472136, -0.7745967), (-0.5195657, -0.376787, -0.7668657), (-0.5838386, -0.008227935, -0.8118281), (-0.5847094, 0.00174595, -0.8112409), (-0.5555967, 0.2590629, -0.7900625), (-0.5, 0.5, -0.7071068), (-0.376787, -0.5195657, -0.7668657), (-0.3656073, -0.3656073, -0.8559572), (-0.4413572, -0.00616946, -0.8973103), (-0.3282781, 0.00416251, -0.9445719), (-0.3299016, 0.3299016, -0.8844941), (-0.2590629, 0.5555967, -0.7900625), (-0.03199722, -0.5810944, -0.8132069), (-0.02513831, -0.4306967, -0.9021466), (-0.04561977, -0.01069778, -0.9989016), (-0.01431629, 0.003718851, -0.9998906), (-0.01736477, 0.3345011, -0.9422354), (-0.007531855, 0.5846937, -0.8112192), (0.007531855, -0.5846937, -0.8112192), (0.01736477, -0.3345011, -0.9422354), (0.01431629, -0.003718851, -0.9998906), (0.04561977, 0.01069778, -0.9989016), (0.02513831, 0.4306967, -0.9021466), (0.03199722, 0.5810944, -0.8132069), (0.2590629, -0.5555967, -0.7900625), (0.3299016, -0.3299016, -0.8844941), (0.3282781, -0.00416251, -0.9445719), (0.4413572, 0.00616946, -0.8973103), (0.3656073, 0.3656073, -0.8559572), (0.376787, 0.5195657, -0.7668657), (0.5, -0.5, -0.7071068), (0.5555967, -0.2590629, -0.7900625), (0.5847094, -0.00174595, -0.8112409), (0.5838386, 0.008227935, -0.8118281), (0.5195657, 0.376787, -0.7668657), (0.4472136, 0.4472136, -0.7745967), (-0.5, -0.5, 0.7071068), (-0.5555967, -0.2590629, 0.7900625), (-0.5847094, -0.00174595, 0.8112409), (-0.5838386, 0.008227935, 0.8118281), (-0.5195657, 0.376787, 0.7668657), (-0.4472136, 0.4472136, 0.7745967), (-0.2590629, -0.5555967, 0.7900625), (-0.3299016, -0.3299016, 0.8844941), (-0.3282781, -0.00416251, 0.9445719), (-0.4413572, 0.00616946, 0.8973103), (-0.3656073, 0.3656073, 0.8559572), (-0.376787, 0.5195657, 0.7668657), (-0.007531855, -0.5846937, 0.8112192), (-0.01736477, -0.3345011, 0.9422354), (-0.01431629, -0.003718851, 0.9998906), (-0.04561977, 0.01069778, 0.9989016), (-0.02513831, 0.4306967, 0.9021466), (-0.03199722, 0.5810944, 0.8132069), (0.03199722, -0.5810944, 0.8132069), (0.02513831, -0.4306967, 0.9021466), (0.04561977, -0.01069778, 0.9989016), (0.01431629, 0.003718851, 0.9998906), (0.01736477, 0.3345011, 0.9422354), (0.007531855, 0.5846937, 0.8112192), (0.376787, -0.5195657, 0.7668657), (0.3656073, -0.3656073, 0.8559572), (0.4413572, -0.00616946, 0.8973103), (0.3282781, 0.00416251, 0.9445719), (0.3299016, 0.3299016, 0.8844941), (0.2590629, 0.5555967, 0.7900625), (0.4472136, -0.4472136, 0.7745967), (0.5195657, -0.376787, 0.7668657), (0.5838386, -0.008227935, 0.8118281), (0.5847094, 0.00174595, 0.8112409), (0.5555967, 0.2590629, 0.7900625), (0.5, 0.5, 0.7071068)] (interpolation = "vertex")
            float3[] extent = [(0.0044435, -0.0006564, 0.007886), (0.0046645, 5.64e-05, 0.009314)]
            rel material:binding = </WorkbenchPart/Materials/solder>
        }
        def Mesh "SMDEndTermination_08" (prepend apiSchemas = ["MaterialBindingAPI"])
        {
            uniform token subdivisionScheme = "none"
            uniform token orientation = "rightHanded"
            bool doubleSided = false
            point3f[] points = [(0.005552237, -0.0006396631, 0.007902737), (0.0055487, -0.0006432, 0.0079124), (0.005547099, -0.0006448014, 0.0079256), (0.005547099, -0.0006448014, 0.0092744), (0.0055487, -0.0006432, 0.0092876), (0.005552237, -0.0006396631, 0.009297263), (0.0055487, -0.00063, 0.0078992), (0.005542767, -0.0006329666, 0.007909433), (0.005539681, -0.0006345097, 0.0079256), (0.005539681, -0.0006345097, 0.0092744), (0.005542767, -0.0006329666, 0.009290567), (0.0055487, -0.00063, 0.0093008), (0.005547099, -0.0006168, 0.007897599), (0.005539681, -0.0006168, 0.00790789), (0.0055355, -0.0006168, 0.0079256), (0.0055355, -0.0006168, 0.0092744), (0.005539681, -0.0006168, 0.00929211), (0.005547099, -0.0006168, 0.009302401), (0.005547099, 1.68e-05, 0.007897599), (0.005539681, 1.68e-05, 0.00790789), (0.0055355, 1.68e-05, 0.0079256), (0.0055355, 1.68e-05, 0.0092744), (0.005539681, 1.68e-05, 0.00929211), (0.005547099, 1.68e-05, 0.009302401), (0.0055487, 3e-05, 0.0078992), (0.005542767, 3.296663e-05, 0.007909433), (0.005539681, 3.450966e-05, 0.0079256), (0.005539681, 3.450966e-05, 0.0092744), (0.005542767, 3.296663e-05, 0.009290567), (0.0055487, 3e-05, 0.0093008), (0.005552237, 3.966307e-05, 0.007902737), (0.0055487, 4.32e-05, 0.0079124), (0.005547099, 4.480143e-05, 0.0079256), (0.005547099, 4.480143e-05, 0.0092744), (0.0055487, 4.32e-05, 0.0092876), (0.005552237, 3.966307e-05, 0.009297263), (0.005739763, -0.0006396631, 0.007902737), (0.0057433, -0.0006432, 0.0079124), (0.005744901, -0.0006448014, 0.0079256), (0.005744901, -0.0006448014, 0.0092744), (0.0057433, -0.0006432, 0.0092876), (0.005739763, -0.0006396631, 0.009297263), (0.0057433, -0.00063, 0.0078992), (0.005749233, -0.0006329666, 0.007909433), (0.005752319, -0.0006345097, 0.0079256), (0.005752319, -0.0006345097, 0.0092744), (0.005749233, -0.0006329666, 0.009290567), (0.0057433, -0.00063, 0.0093008), (0.005744901, -0.0006168, 0.007897599), (0.005752319, -0.0006168, 0.00790789), (0.0057565, -0.0006168, 0.0079256), (0.0057565, -0.0006168, 0.0092744), (0.005752319, -0.0006168, 0.00929211), (0.005744901, -0.0006168, 0.009302401), (0.005744901, 1.68e-05, 0.007897599), (0.005752319, 1.68e-05, 0.00790789), (0.0057565, 1.68e-05, 0.0079256), (0.0057565, 1.68e-05, 0.0092744), (0.005752319, 1.68e-05, 0.00929211), (0.005744901, 1.68e-05, 0.009302401), (0.0057433, 3e-05, 0.0078992), (0.005749233, 3.296663e-05, 0.007909433), (0.005752319, 3.450966e-05, 0.0079256), (0.005752319, 3.450966e-05, 0.0092744), (0.005749233, 3.296663e-05, 0.009290567), (0.0057433, 3e-05, 0.0093008), (0.005739763, 3.966307e-05, 0.007902737), (0.0057433, 4.32e-05, 0.0079124), (0.005744901, 4.480143e-05, 0.0079256), (0.005744901, 4.480143e-05, 0.0092744), (0.0057433, 4.32e-05, 0.0092876), (0.005739763, 3.966307e-05, 0.009297263), (0.005552237, -0.0006396631, 0.007902737), (0.0055619, -0.0006432, 0.0078992), (0.0055751, -0.0006448014, 0.007897599), (0.0057169, -0.0006448014, 0.007897599), (0.0057301, -0.0006432, 0.0078992), (0.005739763, -0.0006396631, 0.007902737), (0.0055487, -0.0006432, 0.0079124), (0.005558933, -0.0006491333, 0.007909433), (0.0055751, -0.0006522193, 0.00790789), (0.0057169, -0.0006522193, 0.00790789), (0.005733067, -0.0006491333, 0.007909433), (0.0057433, -0.0006432, 0.0079124), (0.005547099, -0.0006448014, 0.0079256), (0.00555739, -0.0006522193, 0.0079256), (0.0055751, -0.0006564, 0.0079256), (0.0057169, -0.0006564, 0.0079256), (0.00573461, -0.0006522193, 0.0079256), (0.005744901, -0.0006448014, 0.0079256), (0.005547099, -0.0006448014, 0.0092744), (0.00555739, -0.0006522193, 0.0092744), (0.0055751, -0.0006564, 0.0092744), (0.0057169, -0.0006564, 0.0092744), (0.00573461, -0.0006522193, 0.0092744), (0.005744901, -0.0006448014, 0.0092744), (0.0055487, -0.0006432, 0.0092876), (0.005558933, -0.0006491333, 0.009290567), (0.0055751, -0.0006522193, 0.00929211), (0.0057169, -0.0006522193, 0.00929211), (0.005733067, -0.0006491333, 0.009290567), (0.0057433, -0.0006432, 0.0092876), (0.005552237, -0.0006396631, 0.009297263), (0.0055619, -0.0006432, 0.0093008), (0.0055751, -0.0006448014, 0.009302401), (0.0057169, -0.0006448014, 0.009302401), (0.0057301, -0.0006432, 0.0093008), (0.005739763, -0.0006396631, 0.009297263), (0.005552237, 3.966307e-05, 0.007902737), (0.0055619, 4.32e-05, 0.0078992), (0.0055751, 4.480143e-05, 0.007897599), (0.0057169, 4.480143e-05, 0.007897599), (0.0057301, 4.32e-05, 0.0078992), (0.005739763, 3.966307e-05, 0.007902737), (0.0055487, 4.32e-05, 0.0079124), (0.005558933, 4.913326e-05, 0.007909433), (0.0055751, 5.221932e-05, 0.00790789), (0.0057169, 5.221932e-05, 0.00790789), (0.005733067, 4.913326e-05, 0.007909433), (0.0057433, 4.32e-05, 0.0079124), (0.005547099, 4.480143e-05, 0.0079256), (0.00555739, 5.221932e-05, 0.0079256), (0.0055751, 5.64e-05, 0.0079256), (0.0057169, 5.64e-05, 0.0079256), (0.00573461, 5.221932e-05, 0.0079256), (0.005744901, 4.480143e-05, 0.0079256), (0.005547099, 4.480143e-05, 0.0092744), (0.00555739, 5.221932e-05, 0.0092744), (0.0055751, 5.64e-05, 0.0092744), (0.0057169, 5.64e-05, 0.0092744), (0.00573461, 5.221932e-05, 0.0092744), (0.005744901, 4.480143e-05, 0.0092744), (0.0055487, 4.32e-05, 0.0092876), (0.005558933, 4.913326e-05, 0.009290567), (0.0055751, 5.221932e-05, 0.00929211), (0.0057169, 5.221932e-05, 0.00929211), (0.005733067, 4.913326e-05, 0.009290567), (0.0057433, 4.32e-05, 0.0092876), (0.005552237, 3.966307e-05, 0.009297263), (0.0055619, 4.32e-05, 0.0093008), (0.0055751, 4.480143e-05, 0.009302401), (0.0057169, 4.480143e-05, 0.009302401), (0.0057301, 4.32e-05, 0.0093008), (0.005739763, 3.966307e-05, 0.009297263), (0.005552237, -0.0006396631, 0.007902737), (0.0055487, -0.00063, 0.0078992), (0.005547099, -0.0006168, 0.007897599), (0.005547099, 1.68e-05, 0.007897599), (0.0055487, 3e-05, 0.0078992), (0.005552237, 3.966307e-05, 0.007902737), (0.0055619, -0.0006432, 0.0078992), (0.005558933, -0.0006329666, 0.007893267), (0.00555739, -0.0006168, 0.007890181), (0.00555739, 1.68e-05, 0.007890181), (0.005558933, 3.296663e-05, 0.007893267), (0.0055619, 4.32e-05, 0.0078992), (0.0055751, -0.0006448014, 0.007897599), (0.0055751, -0.0006345097, 0.007890181), (0.0055751, -0.0006168, 0.007886), (0.0055751, 1.68e-05, 0.007886), (0.0055751, 3.450966e-05, 0.007890181), (0.0055751, 4.480143e-05, 0.007897599), (0.0057169, -0.0006448014, 0.007897599), (0.0057169, -0.0006345097, 0.007890181), (0.0057169, -0.0006168, 0.007886), (0.0057169, 1.68e-05, 0.007886), (0.0057169, 3.450966e-05, 0.007890181), (0.0057169, 4.480143e-05, 0.007897599), (0.0057301, -0.0006432, 0.0078992), (0.005733067, -0.0006329666, 0.007893267), (0.00573461, -0.0006168, 0.007890181), (0.00573461, 1.68e-05, 0.007890181), (0.005733067, 3.296663e-05, 0.007893267), (0.0057301, 4.32e-05, 0.0078992), (0.005739763, -0.0006396631, 0.007902737), (0.0057433, -0.00063, 0.0078992), (0.005744901, -0.0006168, 0.007897599), (0.005744901, 1.68e-05, 0.007897599), (0.0057433, 3e-05, 0.0078992), (0.005739763, 3.966307e-05, 0.007902737), (0.005552237, -0.0006396631, 0.009297263), (0.0055487, -0.00063, 0.0093008), (0.005547099, -0.0006168, 0.009302401), (0.005547099, 1.68e-05, 0.009302401), (0.0055487, 3e-05, 0.0093008), (0.005552237, 3.966307e-05, 0.009297263), (0.0055619, -0.0006432, 0.0093008), (0.005558933, -0.0006329666, 0.009306733), (0.00555739, -0.0006168, 0.009309819), (0.00555739, 1.68e-05, 0.009309819), (0.005558933, 3.296663e-05, 0.009306733), (0.0055619, 4.32e-05, 0.0093008), (0.0055751, -0.0006448014, 0.009302401), (0.0055751, -0.0006345097, 0.009309819), (0.0055751, -0.0006168, 0.009314), (0.0055751, 1.68e-05, 0.009314), (0.0055751, 3.450966e-05, 0.009309819), (0.0055751, 4.480143e-05, 0.009302401), (0.0057169, -0.0006448014, 0.009302401), (0.0057169, -0.0006345097, 0.009309819), (0.0057169, -0.0006168, 0.009314), (0.0057169, 1.68e-05, 0.009314), (0.0057169, 3.450966e-05, 0.009309819), (0.0057169, 4.480143e-05, 0.009302401), (0.0057301, -0.0006432, 0.0093008), (0.005733067, -0.0006329666, 0.009306733), (0.00573461, -0.0006168, 0.009309819), (0.00573461, 1.68e-05, 0.009309819), (0.005733067, 3.296663e-05, 0.009306733), (0.0057301, 4.32e-05, 0.0093008), (0.005739763, -0.0006396631, 0.009297263), (0.0057433, -0.00063, 0.0093008), (0.005744901, -0.0006168, 0.009302401), (0.005744901, 1.68e-05, 0.009302401), (0.0057433, 3e-05, 0.0093008), (0.005739763, 3.966307e-05, 0.009297263)]
            int[] faceVertexCounts = [3, 3, 3, 3, 3, 3, 3, 3, 3, 3, 3, 3, 3, 3, 3, 3, 3, 3, 3, 3, 3, 3, 3, 3, 3, 3, 3, 3, 3, 3, 3, 3, 3, 3, 3, 3, 3, 3, 3, 3, 3, 3, 3, 3, 3, 3, 3, 3, 3, 3, 3, 3, 3, 3, 3, 3, 3, 3, 3, 3, 3, 3, 3, 3, 3, 3, 3, 3, 3, 3, 3, 3, 3, 3, 3, 3, 3, 3, 3, 3, 3, 3, 3, 3, 3, 3, 3, 3, 3, 3, 3, 3, 3, 3, 3, 3, 3, 3, 3, 3, 3, 3, 3, 3, 3, 3, 3, 3, 3, 3, 3, 3, 3, 3, 3, 3, 3, 3, 3, 3, 3, 3, 3, 3, 3, 3, 3, 3, 3, 3, 3, 3, 3, 3, 3, 3, 3, 3, 3, 3, 3, 3, 3, 3, 3, 3, 3, 3, 3, 3, 3, 3, 3, 3, 3, 3, 3, 3, 3, 3, 3, 3, 3, 3, 3, 3, 3, 3, 3, 3, 3, 3, 3, 3, 3, 3, 3, 3, 3, 3, 3, 3, 3, 3, 3, 3, 3, 3, 3, 3, 3, 3, 3, 3, 3, 3, 3, 3, 3, 3, 3, 3, 3, 3, 3, 3, 3, 3, 3, 3, 3, 3, 3, 3, 3, 3, 3, 3, 3, 3, 3, 3, 3, 3, 3, 3, 3, 3, 3, 3, 3, 3, 3, 3, 3, 3, 3, 3, 3, 3, 3, 3, 3, 3, 3, 3, 3, 3, 3, 3, 3, 3, 3, 3, 3, 3, 3, 3, 3, 3, 3, 3, 3, 3, 3, 3, 3, 3, 3, 3, 3, 3, 3, 3, 3, 3, 3, 3, 3, 3, 3, 3, 3, 3, 3, 3, 3, 3, 3, 3, 3, 3, 3, 3, 3, 3, 3, 3, 3, 3]
            int[] faceVertexIndices = [1, 7, 6, 1, 6, 0, 2, 8, 7, 2, 7, 1, 3, 9, 8, 3, 8, 2, 4, 10, 9, 4, 9, 3, 5, 11, 10, 5, 10, 4, 7, 13, 12, 7, 12, 6, 8, 14, 13, 8, 13, 7, 9, 15, 14, 9, 14, 8, 10, 16, 15, 10, 15, 9, 11, 17, 16, 11, 16, 10, 13, 19, 18, 13, 18, 12, 14, 20, 19, 14, 19, 13, 15, 21, 20, 15, 20, 14, 16, 22, 21, 16, 21, 15, 17, 23, 22, 17, 22, 16, 19, 25, 24, 19, 24, 18, 20, 26, 25, 20, 25, 19, 21, 27, 26, 21, 26, 20, 22, 28, 27, 22, 27, 21, 23, 29, 28, 23, 28, 22, 25, 31, 30, 25, 30, 24, 26, 32, 31, 26, 31, 25, 27, 33, 32, 27, 32, 26, 28, 34, 33, 28, 33, 27, 29, 35, 34, 29, 34, 28, 36, 42, 43, 36, 43, 37, 37, 43, 44, 37, 44, 38, 38, 44, 45, 38, 45, 39, 39, 45, 46, 39, 46, 40, 40, 46, 47, 40, 47, 41, 42, 48, 49, 42, 49, 43, 43, 49, 50, 43, 50, 44, 44, 50, 51, 44, 51, 45, 45, 51, 52, 45, 52, 46, 46, 52, 53, 46, 53, 47, 48, 54, 55, 48, 55, 49, 49, 55, 56, 49, 56, 50, 50, 56, 57, 50, 57, 51, 51, 57, 58, 51, 58, 52, 52, 58, 59, 52, 59, 53, 54, 60, 61, 54, 61, 55, 55, 61, 62, 55, 62, 56, 56, 62, 63, 56, 63, 57, 57, 63, 64, 57, 64, 58, 58, 64, 65, 58, 65, 59, 60, 66, 67, 60, 67, 61, 61, 67, 68, 61, 68, 62, 62, 68, 69, 62, 69, 63, 63, 69, 70, 63, 70, 64, 64, 70, 71, 64, 71, 65, 73, 79, 78, 73, 78, 72, 74, 80, 79, 74, 79, 73, 75, 81, 80, 75, 80, 74, 76, 82, 81, 76, 81, 75, 77, 83, 82, 77, 82, 76, 79, 85, 84, 79, 84, 78, 80, 86, 85, 80, 85, 79, 81, 87, 86, 81, 86, 80, 82, 88, 87, 82, 87, 81, 83, 89, 88, 83, 88, 82, 85, 91, 90, 85, 90, 84, 86, 92, 91, 86, 91, 85, 87, 93, 92, 87, 92, 86, 88, 94, 93, 88, 93, 87, 89, 95, 94, 89, 94, 88, 91, 97, 96, 91, 96, 90, 92, 98, 97, 92, 97, 91, 93, 99, 98, 93, 98, 92, 94, 100, 99, 94, 99, 93, 95, 101, 100, 95, 100, 94, 97, 103, 102, 97, 102, 96, 98, 104, 103, 98, 103, 97, 99, 105, 104, 99, 104, 98, 100, 106, 105, 100, 105, 99, 101, 107, 106, 101, 106, 100, 108, 114, 115, 108, 115, 109, 109, 115, 116, 109, 116, 110, 110, 116, 117, 110, 117, 111, 111, 117, 118, 111, 118, 112, 112, 118, 119, 112, 119, 113, 114, 120, 121, 114, 121, 115, 115, 121, 122, 115, 122, 116, 116, 122, 123, 116, 123, 117, 117, 123, 124, 117, 124, 118, 118, 124, 125, 118, 125, 119, 120, 126, 127, 120, 127, 121, 121, 127, 128, 121, 128, 122, 122, 128, 129, 122, 129, 123, 123, 129, 130, 123, 130, 124, 124, 130, 131, 124, 131, 125, 126, 132, 133, 126, 133, 127, 127, 133, 134, 127, 134, 128, 128, 134, 135, 128, 135, 129, 129, 135, 136, 129, 136, 130, 130, 136, 137, 130, 137, 131, 132, 138, 139, 132, 139, 133, 133, 139, 140, 133, 140, 134, 134, 140, 141, 134, 141, 135, 135, 141, 142, 135, 142, 136, 136, 142, 143, 136, 143, 137, 145, 151, 150, 145, 150, 144, 146, 152, 151, 146, 151, 145, 147, 153, 152, 147, 152, 146, 148, 154, 153, 148, 153, 147, 149, 155, 154, 149, 154, 148, 151, 157, 156, 151, 156, 150, 152, 158, 157, 152, 157, 151, 153, 159, 158, 153, 158, 152, 154, 160, 159, 154, 159, 153, 155, 161, 160, 155, 160, 154, 157, 163, 162, 157, 162, 156, 158, 164, 163, 158, 163, 157, 159, 165, 164, 159, 164, 158, 160, 166, 165, 160, 165, 159, 161, 167, 166, 161, 166, 160, 163, 169, 168, 163, 168, 162, 164, 170, 169, 164, 169, 163, 165, 171, 170, 165, 170, 164, 166, 172, 171, 166, 171, 165, 167, 173, 172, 167, 172, 166, 169, 175, 174, 169, 174, 168, 170, 176, 175, 170, 175, 169, 171, 177, 176, 171, 176, 170, 172, 178, 177, 172, 177, 171, 173, 179, 178, 173, 178, 172, 180, 186, 187, 180, 187, 181, 181, 187, 188, 181, 188, 182, 182, 188, 189, 182, 189, 183, 183, 189, 190, 183, 190, 184, 184, 190, 191, 184, 191, 185, 186, 192, 193, 186, 193, 187, 187, 193, 194, 187, 194, 188, 188, 194, 195, 188, 195, 189, 189, 195, 196, 189, 196, 190, 190, 196, 197, 190, 197, 191, 192, 198, 199, 192, 199, 193, 193, 199, 200, 193, 200, 194, 194, 200, 201, 194, 201, 195, 195, 201, 202, 195, 202, 196, 196, 202, 203, 196, 203, 197, 198, 204, 205, 198, 205, 199, 199, 205, 206, 199, 206, 200, 200, 206, 207, 200, 207, 201, 201, 207, 208, 201, 208, 202, 202, 208, 209, 202, 209, 203, 204, 210, 211, 204, 211, 205, 205, 211, 212, 205, 212, 206, 206, 212, 213, 206, 213, 207, 207, 213, 214, 207, 214, 208, 208, 214, 215, 208, 215, 209]
            normal3f[] normals = [(-0.7745967, -0.4472136, -0.4472136), (-0.7668657, -0.5195657, -0.376787), (-0.8115308, -0.5842963, -0.003954934), (-0.8112419, -0.5847101, 0.0008246707), (-0.7900625, -0.5555967, 0.2590629), (-0.7071068, -0.5, 0.5), (-0.7668657, -0.376787, -0.5195657), (-0.8559572, -0.3656073, -0.3656073), (-0.8964429, -0.4431494, -0.002941409), (-0.9449388, -0.327241, 0.001976786), (-0.8844941, -0.3299016, 0.3299016), (-0.7900625, -0.2590629, 0.5555967), (-0.8118281, -0.008227935, -0.5838386), (-0.8973103, -0.00616946, -0.4413572), (-0.9999079, -0.01226943, -0.00580601), (-0.9999933, -0.003305419, 0.001591831), (-0.9445719, -0.00416251, 0.3282781), (-0.8112409, -0.00174595, 0.5847094), (-0.8112409, 0.00174595, -0.5847094), (-0.9445719, 0.00416251, -0.3282781), (-0.9999933, 0.003305419, -0.001591831), (-0.9999079, 0.01226943, 0.00580601), (-0.8973103, 0.00616946, 0.4413572), (-0.8118281, 0.008227935, 0.5838386), (-0.7900625, 0.2590629, -0.5555967), (-0.8844941, 0.3299016, -0.3299016), (-0.9449388, 0.327241, -0.001976786), (-0.8964429, 0.4431494, 0.002941409), (-0.8559572, 0.3656073, 0.3656073), (-0.7668657, 0.376787, 0.5195657), (-0.7071068, 0.5, -0.5), (-0.7900625, 0.5555967, -0.2590629), (-0.8112419, 0.5847101, -0.0008246707), (-0.8115308, 0.5842963, 0.003954934), (-0.7668657, 0.5195657, 0.376787), (-0.7745967, 0.4472136, 0.4472136), (0.7071068, -0.5, -0.5), (0.7900625, -0.5555967, -0.2590629), (0.8112419, -0.5847101, -0.0008246707), (0.8115308, -0.5842963, 0.003954934), (0.7668657, -0.5195657, 0.376787), (0.7745967, -0.4472136, 0.4472136), (0.7900625, -0.2590629, -0.5555967), (0.8844941, -0.3299016, -0.3299016), (0.9449388, -0.327241, -0.001976786), (0.8964429, -0.4431494, 0.002941409), (0.8559572, -0.3656073, 0.3656073), (0.7668657, -0.376787, 0.5195657), (0.8112409, -0.00174595, -0.5847094), (0.9445719, -0.00416251, -0.3282781), (0.9999933, -0.003305419, -0.001591831), (0.9999079, -0.01226943, 0.00580601), (0.8973103, -0.00616946, 0.4413572), (0.8118281, -0.008227935, 0.5838386), (0.8118281, 0.008227935, -0.5838386), (0.8973103, 0.00616946, -0.4413572), (0.9999079, 0.01226943, -0.00580601), (0.9999933, 0.003305419, 0.001591831), (0.9445719, 0.00416251, 0.3282781), (0.8112409, 0.00174595, 0.5847094), (0.7668657, 0.376787, -0.5195657), (0.8559572, 0.3656073, -0.3656073), (0.8964429, 0.4431494, -0.002941409), (0.9449388, 0.327241, 0.001976786), (0.8844941, 0.3299016, 0.3299016), (0.7900625, 0.2590629, 0.5555967), (0.7745967, 0.4472136, -0.4472136), (0.7668657, 0.5195657, -0.376787), (0.8115308, 0.5842963, -0.003954934), (0.8112419, 0.5847101, 0.0008246707), (0.7900625, 0.5555967, 0.2590629), (0.7071068, 0.5, 0.5), (-0.4472136, -0.7745967, -0.4472136), (-0.376787, -0.7668657, -0.5195657), (-0.03199722, -0.8132069, -0.5810944), (0.007531855, -0.8112192, -0.5846937), (0.2590629, -0.7900625, -0.5555967), (0.5, -0.7071068, -0.5), (-0.5195657, -0.7668657, -0.376787), (-0.3656073, -0.8559572, -0.3656073), (-0.02513831, -0.9021466, -0.4306967), (0.01736477, -0.9422354, -0.3345011), (0.3299016, -0.8844941, -0.3299016), (0.5555967, -0.7900625, -0.2590629), (-0.5842963, -0.8115308, -0.003954934), (-0.4431494, -0.8964429, -0.002941409), (-0.04640297, -0.9989095, -0.005149196), (0.0140834, -0.9998993, -0.001761799), (0.327241, -0.9449388, -0.001976786), (0.5847101, -0.8112419, -0.0008246707), (-0.5847101, -0.8112419, 0.0008246707), (-0.327241, -0.9449388, 0.001976786), (-0.0140834, -0.9998993, 0.001761799), (0.04640297, -0.9989095, 0.005149196), (0.4431494, -0.8964429, 0.002941409), (0.5842963, -0.8115308, 0.003954934), (-0.5555967, -0.7900625, 0.2590629), (-0.3299016, -0.8844941, 0.3299016), (-0.01736477, -0.9422354, 0.3345011), (0.02513831, -0.9021466, 0.4306967), (0.3656073, -0.8559572, 0.3656073), (0.5195657, -0.7668657, 0.376787), (-0.5, -0.7071068, 0.5), (-0.2590629, -0.7900625, 0.5555967), (-0.007531855, -0.8112192, 0.5846937), (0.03199722, -0.8132069, 0.5810944), (0.376787, -0.7668657, 0.5195657), (0.4472136, -0.7745967, 0.4472136), (-0.5, 0.7071068, -0.5), (-0.2590629, 0.7900625, -0.5555967), (-0.007531855, 0.8112192, -0.5846937), (0.03199722, 0.8132069, -0.5810944), (0.376787, 0.7668657, -0.5195657), (0.4472136, 0.7745967, -0.4472136), (-0.5555967, 0.7900625, -0.2590629), (-0.3299016, 0.8844941, -0.3299016), (-0.01736477, 0.9422354, -0.3345011), (0.02513831, 0.9021466, -0.4306967), (0.3656073, 0.8559572, -0.3656073), (0.5195657, 0.7668657, -0.376787), (-0.5847101, 0.8112419, -0.0008246707), (-0.327241, 0.9449388, -0.001976786), (-0.0140834, 0.9998993, -0.001761799), (0.04640297, 0.9989095, -0.005149196), (0.4431494, 0.8964429, -0.002941409), (0.5842963, 0.8115308, -0.003954934), (-0.5842963, 0.8115308, 0.003954934), (-0.4431494, 0.8964429, 0.002941409), (-0.04640297, 0.9989095, 0.005149196), (0.0140834, 0.9998993, 0.001761799), (0.327241, 0.9449388, 0.001976786), (0.5847101, 0.8112419, 0.0008246707), (-0.5195657, 0.7668657, 0.376787), (-0.3656073, 0.8559572, 0.3656073), (-0.02513831, 0.9021466, 0.4306967), (0.01736477, 0.9422354, 0.3345011), (0.3299016, 0.8844941, 0.3299016), (0.5555967, 0.7900625, 0.2590629), (-0.4472136, 0.7745967, 0.4472136), (-0.376787, 0.7668657, 0.5195657), (-0.03199722, 0.8132069, 0.5810944), (0.007531855, 0.8112192, 0.5846937), (0.2590629, 0.7900625, 0.5555967), (0.5, 0.7071068, 0.5), (-0.4472136, -0.4472136, -0.7745967), (-0.5195657, -0.376787, -0.7668657), (-0.5838386, -0.008227935, -0.8118281), (-0.5847094, 0.00174595, -0.8112409), (-0.5555967, 0.2590629, -0.7900625), (-0.5, 0.5, -0.7071068), (-0.376787, -0.5195657, -0.7668657), (-0.3656073, -0.3656073, -0.8559572), (-0.4413572, -0.00616946, -0.8973103), (-0.3282781, 0.00416251, -0.9445719), (-0.3299016, 0.3299016, -0.8844941), (-0.2590629, 0.5555967, -0.7900625), (-0.03199722, -0.5810944, -0.8132069), (-0.02513831, -0.4306967, -0.9021466), (-0.04561977, -0.01069778, -0.9989016), (-0.01431629, 0.003718851, -0.9998906), (-0.01736477, 0.3345011, -0.9422354), (-0.007531855, 0.5846937, -0.8112192), (0.007531855, -0.5846937, -0.8112192), (0.01736477, -0.3345011, -0.9422354), (0.01431629, -0.003718851, -0.9998906), (0.04561977, 0.01069778, -0.9989016), (0.02513831, 0.4306967, -0.9021466), (0.03199722, 0.5810944, -0.8132069), (0.2590629, -0.5555967, -0.7900625), (0.3299016, -0.3299016, -0.8844941), (0.3282781, -0.00416251, -0.9445719), (0.4413572, 0.00616946, -0.8973103), (0.3656073, 0.3656073, -0.8559572), (0.376787, 0.5195657, -0.7668657), (0.5, -0.5, -0.7071068), (0.5555967, -0.2590629, -0.7900625), (0.5847094, -0.00174595, -0.8112409), (0.5838386, 0.008227935, -0.8118281), (0.5195657, 0.376787, -0.7668657), (0.4472136, 0.4472136, -0.7745967), (-0.5, -0.5, 0.7071068), (-0.5555967, -0.2590629, 0.7900625), (-0.5847094, -0.00174595, 0.8112409), (-0.5838386, 0.008227935, 0.8118281), (-0.5195657, 0.376787, 0.7668657), (-0.4472136, 0.4472136, 0.7745967), (-0.2590629, -0.5555967, 0.7900625), (-0.3299016, -0.3299016, 0.8844941), (-0.3282781, -0.00416251, 0.9445719), (-0.4413572, 0.00616946, 0.8973103), (-0.3656073, 0.3656073, 0.8559572), (-0.376787, 0.5195657, 0.7668657), (-0.007531855, -0.5846937, 0.8112192), (-0.01736477, -0.3345011, 0.9422354), (-0.01431629, -0.003718851, 0.9998906), (-0.04561977, 0.01069778, 0.9989016), (-0.02513831, 0.4306967, 0.9021466), (-0.03199722, 0.5810944, 0.8132069), (0.03199722, -0.5810944, 0.8132069), (0.02513831, -0.4306967, 0.9021466), (0.04561977, -0.01069778, 0.9989016), (0.01431629, 0.003718851, 0.9998906), (0.01736477, 0.3345011, 0.9422354), (0.007531855, 0.5846937, 0.8112192), (0.376787, -0.5195657, 0.7668657), (0.3656073, -0.3656073, 0.8559572), (0.4413572, -0.00616946, 0.8973103), (0.3282781, 0.00416251, 0.9445719), (0.3299016, 0.3299016, 0.8844941), (0.2590629, 0.5555967, 0.7900625), (0.4472136, -0.4472136, 0.7745967), (0.5195657, -0.376787, 0.7668657), (0.5838386, -0.008227935, 0.8118281), (0.5847094, 0.00174595, 0.8112409), (0.5555967, 0.2590629, 0.7900625), (0.5, 0.5, 0.7071068)] (interpolation = "vertex")
            float3[] extent = [(0.0055355, -0.0006564, 0.007886), (0.0057565, 5.64e-05, 0.009314)]
            rel material:binding = </WorkbenchPart/Materials/solder>
        }
        def Mesh "GNSSShieldCan_01" (prepend apiSchemas = ["MaterialBindingAPI"])
        {
            uniform token subdivisionScheme = "none"
            uniform token orientation = "rightHanded"
            bool doubleSided = false
            point3f[] points = [(-0.006598564, -0.003078564, -0.005998564), (-0.00662, -0.0031, -0.00594), (-0.006629706, -0.003109706, -0.00586), (-0.006629706, -0.003109706, 0.00586), (-0.00662, -0.0031, 0.00594), (-0.006598564, -0.003078564, 0.005998564), (-0.00662, -0.00302, -0.00602), (-0.006655959, -0.00303798, -0.00595798), (-0.006674663, -0.003047331, -0.00586), (-0.006674663, -0.003047331, 0.00586), (-0.006655959, -0.00303798, 0.00595798), (-0.00662, -0.00302, 0.00602), (-0.006629706, -0.00294, -0.006029706), (-0.006674663, -0.00294, -0.005967331), (-0.0067, -0.00294, -0.00586), (-0.0067, -0.00294, 0.00586), (-0.006674663, -0.00294, 0.005967331), (-0.006629706, -0.00294, 0.006029706), (-0.006629706, -0.0021, -0.006029706), (-0.006674663, -0.0021, -0.005967331), (-0.0067, -0.0021, -0.00586), (-0.0067, -0.0021, 0.00586), (-0.006674663, -0.0021, 0.005967331), (-0.006629706, -0.0021, 0.006029706), (-0.00662, -0.00202, -0.00602), (-0.006655959, -0.00200202, -0.00595798), (-0.006674663, -0.001992669, -0.00586), (-0.006674663, -0.001992669, 0.00586), (-0.006655959, -0.00200202, 0.00595798), (-0.00662, -0.00202, 0.00602), (-0.006598564, -0.001961436, -0.005998564), (-0.00662, -0.00194, -0.00594), (-0.006629706, -0.001930294, -0.00586), (-0.006629706, -0.001930294, 0.00586), (-0.00662, -0.00194, 0.00594), (-0.006598564, -0.001961436, 0.005998564), (0.006598564, -0.003078564, -0.005998564), (0.00662, -0.0031, -0.00594), (0.006629706, -0.003109706, -0.00586), (0.006629706, -0.003109706, 0.00586), (0.00662, -0.0031, 0.00594), (0.006598564, -0.003078564, 0.005998564), (0.00662, -0.00302, -0.00602), (0.006655959, -0.00303798, -0.00595798), (0.006674663, -0.003047331, -0.00586), (0.006674663, -0.003047331, 0.00586), (0.006655959, -0.00303798, 0.00595798), (0.00662, -0.00302, 0.00602), (0.006629706, -0.00294, -0.006029706), (0.006674663, -0.00294, -0.005967331), (0.0067, -0.00294, -0.00586), (0.0067, -0.00294, 0.00586), (0.006674663, -0.00294, 0.005967331), (0.006629706, -0.00294, 0.006029706), (0.006629706, -0.0021, -0.006029706), (0.006674663, -0.0021, -0.005967331), (0.0067, -0.0021, -0.00586), (0.0067, -0.0021, 0.00586), (0.006674663, -0.0021, 0.005967331), (0.006629706, -0.0021, 0.006029706), (0.00662, -0.00202, -0.00602), (0.006655959, -0.00200202, -0.00595798), (0.006674663, -0.001992669, -0.00586), (0.006674663, -0.001992669, 0.00586), (0.006655959, -0.00200202, 0.00595798), (0.00662, -0.00202, 0.00602), (0.006598564, -0.001961436, -0.005998564), (0.00662, -0.00194, -0.00594), (0.006629706, -0.001930294, -0.00586), (0.006629706, -0.001930294, 0.00586), (0.00662, -0.00194, 0.00594), (0.006598564, -0.001961436, 0.005998564), (-0.006598564, -0.003078564, -0.005998564), (-0.00654, -0.0031, -0.00602), (-0.00646, -0.003109706, -0.006029706), (0.00646, -0.003109706, -0.006029706), (0.00654, -0.0031, -0.00602), (0.006598564, -0.003078564, -0.005998564), (-0.00662, -0.0031, -0.00594), (-0.00655798, -0.003135959, -0.00595798), (-0.00646, -0.003154663, -0.005967331), (0.00646, -0.003154663, -0.005967331), (0.00655798, -0.003135959, -0.00595798), (0.00662, -0.0031, -0.00594), (-0.006629706, -0.003109706, -0.00586), (-0.006567331, -0.003154663, -0.00586), (-0.00646, -0.00318, -0.00586), (0.00646, -0.00318, -0.00586), (0.006567331, -0.003154663, -0.00586), (0.006629706, -0.003109706, -0.00586), (-0.006629706, -0.003109706, 0.00586), (-0.006567331, -0.003154663, 0.00586), (-0.00646, -0.00318, 0.00586), (0.00646, -0.00318, 0.00586), (0.006567331, -0.003154663, 0.00586), (0.006629706, -0.003109706, 0.00586), (-0.00662, -0.0031, 0.00594), (-0.00655798, -0.003135959, 0.00595798), (-0.00646, -0.003154663, 0.005967331), (0.00646, -0.003154663, 0.005967331), (0.00655798, -0.003135959, 0.00595798), (0.00662, -0.0031, 0.00594), (-0.006598564, -0.003078564, 0.005998564), (-0.00654, -0.0031, 0.00602), (-0.00646, -0.003109706, 0.006029706), (0.00646, -0.003109706, 0.006029706), (0.00654, -0.0031, 0.00602), (0.006598564, -0.003078564, 0.005998564), (-0.006598564, -0.001961436, -0.005998564), (-0.00654, -0.00194, -0.00602), (-0.00646, -0.001930294, -0.006029706), (0.00646, -0.001930294, -0.006029706), (0.00654, -0.00194, -0.00602), (0.006598564, -0.001961436, -0.005998564), (-0.00662, -0.00194, -0.00594), (-0.00655798, -0.001904041, -0.00595798), (-0.00646, -0.001885337, -0.005967331), (0.00646, -0.001885337, -0.005967331), (0.00655798, -0.001904041, -0.00595798), (0.00662, -0.00194, -0.00594), (-0.006629706, -0.001930294, -0.00586), (-0.006567331, -0.001885337, -0.00586), (-0.00646, -0.00186, -0.00586), (0.00646, -0.00186, -0.00586), (0.006567331, -0.001885337, -0.00586), (0.006629706, -0.001930294, -0.00586), (-0.006629706, -0.001930294, 0.00586), (-0.006567331, -0.001885337, 0.00586), (-0.00646, -0.00186, 0.00586), (0.00646, -0.00186, 0.00586), (0.006567331, -0.001885337, 0.00586), (0.006629706, -0.001930294, 0.00586), (-0.00662, -0.00194, 0.00594), (-0.00655798, -0.001904041, 0.00595798), (-0.00646, -0.001885337, 0.005967331), (0.00646, -0.001885337, 0.005967331), (0.00655798, -0.001904041, 0.00595798), (0.00662, -0.00194, 0.00594), (-0.006598564, -0.001961436, 0.005998564), (-0.00654, -0.00194, 0.00602), (-0.00646, -0.001930294, 0.006029706), (0.00646, -0.001930294, 0.006029706), (0.00654, -0.00194, 0.00602), (0.006598564, -0.001961436, 0.005998564), (-0.006598564, -0.003078564, -0.005998564), (-0.00662, -0.00302, -0.00602), (-0.006629706, -0.00294, -0.006029706), (-0.006629706, -0.0021, -0.006029706), (-0.00662, -0.00202, -0.00602), (-0.006598564, -0.001961436, -0.005998564), (-0.00654, -0.0031, -0.00602), (-0.00655798, -0.00303798, -0.006055959), (-0.006567331, -0.00294, -0.006074663), (-0.006567331, -0.0021, -0.006074663), (-0.00655798, -0.00200202, -0.006055959), (-0.00654, -0.00194, -0.00602), (-0.00646, -0.003109706, -0.006029706), (-0.00646, -0.003047331, -0.006074663), (-0.00646, -0.00294, -0.0061), (-0.00646, -0.0021, -0.0061), (-0.00646, -0.001992669, -0.006074663), (-0.00646, -0.001930294, -0.006029706), (0.00646, -0.003109706, -0.006029706), (0.00646, -0.003047331, -0.006074663), (0.00646, -0.00294, -0.0061), (0.00646, -0.0021, -0.0061), (0.00646, -0.001992669, -0.006074663), (0.00646, -0.001930294, -0.006029706), (0.00654, -0.0031, -0.00602), (0.00655798, -0.00303798, -0.006055959), (0.006567331, -0.00294, -0.006074663), (0.006567331, -0.0021, -0.006074663), (0.00655798, -0.00200202, -0.006055959), (0.00654, -0.00194, -0.00602), (0.006598564, -0.003078564, -0.005998564), (0.00662, -0.00302, -0.00602), (0.006629706, -0.00294, -0.006029706), (0.006629706, -0.0021, -0.006029706), (0.00662, -0.00202, -0.00602), (0.006598564, -0.001961436, -0.005998564), (-0.006598564, -0.003078564, 0.005998564), (-0.00662, -0.00302, 0.00602), (-0.006629706, -0.00294, 0.006029706), (-0.006629706, -0.0021, 0.006029706), (-0.00662, -0.00202, 0.00602), (-0.006598564, -0.001961436, 0.005998564), (-0.00654, -0.0031, 0.00602), (-0.00655798, -0.00303798, 0.006055959), (-0.006567331, -0.00294, 0.006074663), (-0.006567331, -0.0021, 0.006074663), (-0.00655798, -0.00200202, 0.006055959), (-0.00654, -0.00194, 0.00602), (-0.00646, -0.003109706, 0.006029706), (-0.00646, -0.003047331, 0.006074663), (-0.00646, -0.00294, 0.0061), (-0.00646, -0.0021, 0.0061), (-0.00646, -0.001992669, 0.006074663), (-0.00646, -0.001930294, 0.006029706), (0.00646, -0.003109706, 0.006029706), (0.00646, -0.003047331, 0.006074663), (0.00646, -0.00294, 0.0061), (0.00646, -0.0021, 0.0061), (0.00646, -0.001992669, 0.006074663), (0.00646, -0.001930294, 0.006029706), (0.00654, -0.0031, 0.00602), (0.00655798, -0.00303798, 0.006055959), (0.006567331, -0.00294, 0.006074663), (0.006567331, -0.0021, 0.006074663), (0.00655798, -0.00200202, 0.006055959), (0.00654, -0.00194, 0.00602), (0.006598564, -0.003078564, 0.005998564), (0.00662, -0.00302, 0.00602), (0.006629706, -0.00294, 0.006029706), (0.006629706, -0.0021, 0.006029706), (0.00662, -0.00202, 0.00602), (0.006598564, -0.001961436, 0.005998564)]
            int[] faceVertexCounts = [3, 3, 3, 3, 3, 3, 3, 3, 3, 3, 3, 3, 3, 3, 3, 3, 3, 3, 3, 3, 3, 3, 3, 3, 3, 3, 3, 3, 3, 3, 3, 3, 3, 3, 3, 3, 3, 3, 3, 3, 3, 3, 3, 3, 3, 3, 3, 3, 3, 3, 3, 3, 3, 3, 3, 3, 3, 3, 3, 3, 3, 3, 3, 3, 3, 3, 3, 3, 3, 3, 3, 3, 3, 3, 3, 3, 3, 3, 3, 3, 3, 3, 3, 3, 3, 3, 3, 3, 3, 3, 3, 3, 3, 3, 3, 3, 3, 3, 3, 3, 3, 3, 3, 3, 3, 3, 3, 3, 3, 3, 3, 3, 3, 3, 3, 3, 3, 3, 3, 3, 3, 3, 3, 3, 3, 3, 3, 3, 3, 3, 3, 3, 3, 3, 3, 3, 3, 3, 3, 3, 3, 3, 3, 3, 3, 3, 3, 3, 3, 3, 3, 3, 3, 3, 3, 3, 3, 3, 3, 3, 3, 3, 3, 3, 3, 3, 3, 3, 3, 3, 3, 3, 3, 3, 3, 3, 3, 3, 3, 3, 3, 3, 3, 3, 3, 3, 3, 3, 3, 3, 3, 3, 3, 3, 3, 3, 3, 3, 3, 3, 3, 3, 3, 3, 3, 3, 3, 3, 3, 3, 3, 3, 3, 3, 3, 3, 3, 3, 3, 3, 3, 3, 3, 3, 3, 3, 3, 3, 3, 3, 3, 3, 3, 3, 3, 3, 3, 3, 3, 3, 3, 3, 3, 3, 3, 3, 3, 3, 3, 3, 3, 3, 3, 3, 3, 3, 3, 3, 3, 3, 3, 3, 3, 3, 3, 3, 3, 3, 3, 3, 3, 3, 3, 3, 3, 3, 3, 3, 3, 3, 3, 3, 3, 3, 3, 3, 3, 3, 3, 3, 3, 3, 3, 3, 3, 3, 3, 3, 3, 3]
            int[] faceVertexIndices = [1, 7, 6, 1, 6, 0, 2, 8, 7, 2, 7, 1, 3, 9, 8, 3, 8, 2, 4, 10, 9, 4, 9, 3, 5, 11, 10, 5, 10, 4, 7, 13, 12, 7, 12, 6, 8, 14, 13, 8, 13, 7, 9, 15, 14, 9, 14, 8, 10, 16, 15, 10, 15, 9, 11, 17, 16, 11, 16, 10, 13, 19, 18, 13, 18, 12, 14, 20, 19, 14, 19, 13, 15, 21, 20, 15, 20, 14, 16, 22, 21, 16, 21, 15, 17, 23, 22, 17, 22, 16, 19, 25, 24, 19, 24, 18, 20, 26, 25, 20, 25, 19, 21, 27, 26, 21, 26, 20, 22, 28, 27, 22, 27, 21, 23, 29, 28, 23, 28, 22, 25, 31, 30, 25, 30, 24, 26, 32, 31, 26, 31, 25, 27, 33, 32, 27, 32, 26, 28, 34, 33, 28, 33, 27, 29, 35, 34, 29, 34, 28, 36, 42, 43, 36, 43, 37, 37, 43, 44, 37, 44, 38, 38, 44, 45, 38, 45, 39, 39, 45, 46, 39, 46, 40, 40, 46, 47, 40, 47, 41, 42, 48, 49, 42, 49, 43, 43, 49, 50, 43, 50, 44, 44, 50, 51, 44, 51, 45, 45, 51, 52, 45, 52, 46, 46, 52, 53, 46, 53, 47, 48, 54, 55, 48, 55, 49, 49, 55, 56, 49, 56, 50, 50, 56, 57, 50, 57, 51, 51, 57, 58, 51, 58, 52, 52, 58, 59, 52, 59, 53, 54, 60, 61, 54, 61, 55, 55, 61, 62, 55, 62, 56, 56, 62, 63, 56, 63, 57, 57, 63, 64, 57, 64, 58, 58, 64, 65, 58, 65, 59, 60, 66, 67, 60, 67, 61, 61, 67, 68, 61, 68, 62, 62, 68, 69, 62, 69, 63, 63, 69, 70, 63, 70, 64, 64, 70, 71, 64, 71, 65, 73, 79, 78, 73, 78, 72, 74, 80, 79, 74, 79, 73, 75, 81, 80, 75, 80, 74, 76, 82, 81, 76, 81, 75, 77, 83, 82, 77, 82, 76, 79, 85, 84, 79, 84, 78, 80, 86, 85, 80, 85, 79, 81, 87, 86, 81, 86, 80, 82, 88, 87, 82, 87, 81, 83, 89, 88, 83, 88, 82, 85, 91, 90, 85, 90, 84, 86, 92, 91, 86, 91, 85, 87, 93, 92, 87, 92, 86, 88, 94, 93, 88, 93, 87, 89, 95, 94, 89, 94, 88, 91, 97, 96, 91, 96, 90, 92, 98, 97, 92, 97, 91, 93, 99, 98, 93, 98, 92, 94, 100, 99, 94, 99, 93, 95, 101, 100, 95, 100, 94, 97, 103, 102, 97, 102, 96, 98, 104, 103, 98, 103, 97, 99, 105, 104, 99, 104, 98, 100, 106, 105, 100, 105, 99, 101, 107, 106, 101, 106, 100, 108, 114, 115, 108, 115, 109, 109, 115, 116, 109, 116, 110, 110, 116, 117, 110, 117, 111, 111, 117, 118, 111, 118, 112, 112, 118, 119, 112, 119, 113, 114, 120, 121, 114, 121, 115, 115, 121, 122, 115, 122, 116, 116, 122, 123, 116, 123, 117, 117, 123, 124, 117, 124, 118, 118, 124, 125, 118, 125, 119, 120, 126, 127, 120, 127, 121, 121, 127, 128, 121, 128, 122, 122, 128, 129, 122, 129, 123, 123, 129, 130, 123, 130, 124, 124, 130, 131, 124, 131, 125, 126, 132, 133, 126, 133, 127, 127, 133, 134, 127, 134, 128, 128, 134, 135, 128, 135, 129, 129, 135, 136, 129, 136, 130, 130, 136, 137, 130, 137, 131, 132, 138, 139, 132, 139, 133, 133, 139, 140, 133, 140, 134, 134, 140, 141, 134, 141, 135, 135, 141, 142, 135, 142, 136, 136, 142, 143, 136, 143, 137, 145, 151, 150, 145, 150, 144, 146, 152, 151, 146, 151, 145, 147, 153, 152, 147, 152, 146, 148, 154, 153, 148, 153, 147, 149, 155, 154, 149, 154, 148, 151, 157, 156, 151, 156, 150, 152, 158, 157, 152, 157, 151, 153, 159, 158, 153, 158, 152, 154, 160, 159, 154, 159, 153, 155, 161, 160, 155, 160, 154, 157, 163, 162, 157, 162, 156, 158, 164, 163, 158, 163, 157, 159, 165, 164, 159, 164, 158, 160, 166, 165, 160, 165, 159, 161, 167, 166, 161, 166, 160, 163, 169, 168, 163, 168, 162, 164, 170, 169, 164, 169, 163, 165, 171, 170, 165, 170, 164, 166, 172, 171, 166, 171, 165, 167, 173, 172, 167, 172, 166, 169, 175, 174, 169, 174, 168, 170, 176, 175, 170, 175, 169, 171, 177, 176, 171, 176, 170, 172, 178, 177, 172, 177, 171, 173, 179, 178, 173, 178, 172, 180, 186, 187, 180, 187, 181, 181, 187, 188, 181, 188, 182, 182, 188, 189, 182, 189, 183, 183, 189, 190, 183, 190, 184, 184, 190, 191, 184, 191, 185, 186, 192, 193, 186, 193, 187, 187, 193, 194, 187, 194, 188, 188, 194, 195, 188, 195, 189, 189, 195, 196, 189, 196, 190, 190, 196, 197, 190, 197, 191, 192, 198, 199, 192, 199, 193, 193, 199, 200, 193, 200, 194, 194, 200, 201, 194, 201, 195, 195, 201, 202, 195, 202, 196, 196, 202, 203, 196, 203, 197, 198, 204, 205, 198, 205, 199, 199, 205, 206, 199, 206, 200, 200, 206, 207, 200, 207, 201, 201, 207, 208, 201, 208, 202, 202, 208, 209, 202, 209, 203, 204, 210, 211, 204, 211, 205, 205, 211, 212, 205, 212, 206, 206, 212, 213, 206, 213, 207, 207, 213, 214, 207, 214, 208, 208, 214, 215, 208, 215, 209]
            normal3f[] normals = [(-0.7745967, -0.4472136, -0.4472136), (-0.7668657, -0.5195657, -0.376787), (-0.8114461, -0.5844207, -0.002775799), (-0.8112421, -0.5847102, 0.0005760456), (-0.7900625, -0.5555967, 0.2590629), (-0.7071068, -0.5, 0.5), (-0.7668657, -0.376787, -0.5195657), (-0.8559572, -0.3656073, -0.3656073), (-0.8962038, -0.4436377, -0.002059836), (-0.9450376, -0.3269589, 0.001382845), (-0.8844941, -0.3299016, 0.3299016), (-0.7900625, -0.2590629, 0.5555967), (-0.8132363, -0.03260994, -0.5810192), (-0.9022712, -0.02565131, -0.4304053), (-0.9988658, -0.04747693, -0.003603678), (-0.9998966, -0.01432428, 0.001235011), (-0.9421677, -0.01773063, 0.3346725), (-0.8112181, -0.007697837, 0.584693), (-0.8112181, 0.007697837, -0.584693), (-0.9421677, 0.01773063, -0.3346725), (-0.9998966, 0.01432428, -0.001235011), (-0.9988658, 0.04747693, 0.003603678), (-0.9022712, 0.02565131, 0.4304053), (-0.8132363, 0.03260994, 0.5810192), (-0.7900625, 0.2590629, -0.5555967), (-0.8844941, 0.3299016, -0.3299016), (-0.9450376, 0.3269589, -0.001382845), (-0.8962038, 0.4436377, 0.002059836), (-0.8559572, 0.3656073, 0.3656073), (-0.7668657, 0.376787, 0.5195657), (-0.7071068, 0.5, -0.5), (-0.7900625, 0.5555967, -0.2590629), (-0.8112421, 0.5847102, -0.0005760456), (-0.8114461, 0.5844207, 0.002775799), (-0.7668657, 0.5195657, 0.376787), (-0.7745967, 0.4472136, 0.4472136), (0.7071068, -0.5, -0.5), (0.7900625, -0.5555967, -0.2590629), (0.8112421, -0.5847102, -0.0005760456), (0.8114461, -0.5844207, 0.002775799), (0.7668657, -0.5195657, 0.376787), (0.7745967, -0.4472136, 0.4472136), (0.7900625, -0.2590629, -0.5555967), (0.8844941, -0.3299016, -0.3299016), (0.9450376, -0.3269589, -0.001382845), (0.8962038, -0.4436377, 0.002059836), (0.8559572, -0.3656073, 0.3656073), (0.7668657, -0.376787, 0.5195657), (0.8112181, -0.007697837, -0.584693), (0.9421677, -0.01773063, -0.3346725), (0.9998966, -0.01432428, -0.001235011), (0.9988658, -0.04747693, 0.003603678), (0.9022712, -0.02565131, 0.4304053), (0.8132363, -0.03260994, 0.5810192), (0.8132363, 0.03260994, -0.5810192), (0.9022712, 0.02565131, -0.4304053), (0.9988658, 0.04747693, -0.003603678), (0.9998966, 0.01432428, 0.001235011), (0.9421677, 0.01773063, 0.3346725), (0.8112181, 0.007697837, 0.584693), (0.7668657, 0.376787, -0.5195657), (0.8559572, 0.3656073, -0.3656073), (0.8962038, 0.4436377, -0.002059836), (0.9450376, 0.3269589, 0.001382845), (0.8844941, 0.3299016, 0.3299016), (0.7900625, 0.2590629, 0.5555967), (0.7745967, 0.4472136, -0.4472136), (0.7668657, 0.5195657, -0.376787), (0.8114461, 0.5844207, -0.002775799), (0.8112421, 0.5847102, 0.0005760456), (0.7900625, 0.5555967, 0.2590629), (0.7071068, 0.5, 0.5), (-0.4472136, -0.7745967, -0.4472136), (-0.376787, -0.7668657, -0.5195657), (-0.002521368, -0.8114276, -0.5844474), (0.0005227081, -0.8112421, -0.5847102), (0.2590629, -0.7900625, -0.5555967), (0.5, -0.7071068, -0.5), (-0.5195657, -0.7668657, -0.376787), (-0.3656073, -0.8559572, -0.3656073), (-0.001870129, -0.8961523, -0.4437428), (0.001255199, -0.9450587, -0.3268982), (0.3299016, -0.8844941, -0.3299016), (0.5555967, -0.7900625, -0.2590629), (-0.5844207, -0.8114461, -0.002775799), (-0.4436377, -0.8962038, -0.002059836), (-0.003806841, -0.999984, -0.004194843), (0.000987468, -0.9999989, -0.00108699), (0.3269589, -0.9450376, -0.001382845), (0.5847102, -0.8112421, -0.0005760456), (-0.5847102, -0.8112421, 0.0005760456), (-0.3269589, -0.9450376, 0.001382845), (-0.000987468, -0.9999989, 0.00108699), (0.003806841, -0.999984, 0.004194843), (0.4436377, -0.8962038, 0.002059836), (0.5844207, -0.8114461, 0.002775799), (-0.5555967, -0.7900625, 0.2590629), (-0.3299016, -0.8844941, 0.3299016), (-0.001255199, -0.9450587, 0.3268982), (0.001870129, -0.8961523, 0.4437428), (0.3656073, -0.8559572, 0.3656073), (0.5195657, -0.7668657, 0.376787), (-0.5, -0.7071068, 0.5), (-0.2590629, -0.7900625, 0.5555967), (-0.0005227081, -0.8112421, 0.5847102), (0.002521368, -0.8114276, 0.5844474), (0.376787, -0.7668657, 0.5195657), (0.4472136, -0.7745967, 0.4472136), (-0.5, 0.7071068, -0.5), (-0.2590629, 0.7900625, -0.5555967), (-0.0005227081, 0.8112421, -0.5847102), (0.002521368, 0.8114276, -0.5844474), (0.376787, 0.7668657, -0.5195657), (0.4472136, 0.7745967, -0.4472136), (-0.5555967, 0.7900625, -0.2590629), (-0.3299016, 0.8844941, -0.3299016), (-0.001255199, 0.9450587, -0.3268982), (0.001870129, 0.8961523, -0.4437428), (0.3656073, 0.8559572, -0.3656073), (0.5195657, 0.7668657, -0.376787), (-0.5847102, 0.8112421, -0.0005760456), (-0.3269589, 0.9450376, -0.001382845), (-0.000987468, 0.9999989, -0.00108699), (0.003806841, 0.999984, -0.004194843), (0.4436377, 0.8962038, -0.002059836), (0.5844207, 0.8114461, -0.002775799), (-0.5844207, 0.8114461, 0.002775799), (-0.4436377, 0.8962038, 0.002059836), (-0.003806841, 0.999984, 0.004194843), (0.000987468, 0.9999989, 0.00108699), (0.3269589, 0.9450376, 0.001382845), (0.5847102, 0.8112421, 0.0005760456), (-0.5195657, 0.7668657, 0.376787), (-0.3656073, 0.8559572, 0.3656073), (-0.001870129, 0.8961523, 0.4437428), (0.001255199, 0.9450587, 0.3268982), (0.3299016, 0.8844941, 0.3299016), (0.5555967, 0.7900625, 0.2590629), (-0.4472136, 0.7745967, 0.4472136), (-0.376787, 0.7668657, 0.5195657), (-0.002521368, 0.8114276, 0.5844474), (0.0005227081, 0.8112421, 0.5847102), (0.2590629, 0.7900625, 0.5555967), (0.5, 0.7071068, 0.5), (-0.4472136, -0.4472136, -0.7745967), (-0.5195657, -0.376787, -0.7668657), (-0.5810192, -0.03260994, -0.8132363), (-0.584693, 0.007697837, -0.8112181), (-0.5555967, 0.2590629, -0.7900625), (-0.5, 0.5, -0.7071068), (-0.376787, -0.5195657, -0.7668657), (-0.3656073, -0.3656073, -0.8559572), (-0.4304053, -0.02565131, -0.9022712), (-0.3346725, 0.01773063, -0.9421677), (-0.3299016, 0.3299016, -0.8844941), (-0.2590629, 0.5555967, -0.7900625), (-0.002521368, -0.5844474, -0.8114276), (-0.001870129, -0.4437428, -0.8961523), (-0.003273614, -0.04752423, -0.9988647), (-0.001120854, 0.01431046, -0.999897), (-0.001255199, 0.3268982, -0.9450587), (-0.0005227081, 0.5847102, -0.8112421), (0.0005227081, -0.5847102, -0.8112421), (0.001255199, -0.3268982, -0.9450587), (0.001120854, -0.01431046, -0.999897), (0.003273614, 0.04752423, -0.9988647), (0.001870129, 0.4437428, -0.8961523), (0.002521368, 0.5844474, -0.8114276), (0.2590629, -0.5555967, -0.7900625), (0.3299016, -0.3299016, -0.8844941), (0.3346725, -0.01773063, -0.9421677), (0.4304053, 0.02565131, -0.9022712), (0.3656073, 0.3656073, -0.8559572), (0.376787, 0.5195657, -0.7668657), (0.5, -0.5, -0.7071068), (0.5555967, -0.2590629, -0.7900625), (0.584693, -0.007697837, -0.8112181), (0.5810192, 0.03260994, -0.8132363), (0.5195657, 0.376787, -0.7668657), (0.4472136, 0.4472136, -0.7745967), (-0.5, -0.5, 0.7071068), (-0.5555967, -0.2590629, 0.7900625), (-0.584693, -0.007697837, 0.8112181), (-0.5810192, 0.03260994, 0.8132363), (-0.5195657, 0.376787, 0.7668657), (-0.4472136, 0.4472136, 0.7745967), (-0.2590629, -0.5555967, 0.7900625), (-0.3299016, -0.3299016, 0.8844941), (-0.3346725, -0.01773063, 0.9421677), (-0.4304053, 0.02565131, 0.9022712), (-0.3656073, 0.3656073, 0.8559572), (-0.376787, 0.5195657, 0.7668657), (-0.0005227081, -0.5847102, 0.8112421), (-0.001255199, -0.3268982, 0.9450587), (-0.001120854, -0.01431046, 0.999897), (-0.003273614, 0.04752423, 0.9988647), (-0.001870129, 0.4437428, 0.8961523), (-0.002521368, 0.5844474, 0.8114276), (0.002521368, -0.5844474, 0.8114276), (0.001870129, -0.4437428, 0.8961523), (0.003273614, -0.04752423, 0.9988647), (0.001120854, 0.01431046, 0.999897), (0.001255199, 0.3268982, 0.9450587), (0.0005227081, 0.5847102, 0.8112421), (0.376787, -0.5195657, 0.7668657), (0.3656073, -0.3656073, 0.8559572), (0.4304053, -0.02565131, 0.9022712), (0.3346725, 0.01773063, 0.9421677), (0.3299016, 0.3299016, 0.8844941), (0.2590629, 0.5555967, 0.7900625), (0.4472136, -0.4472136, 0.7745967), (0.5195657, -0.376787, 0.7668657), (0.5810192, -0.03260994, 0.8132363), (0.584693, 0.007697837, 0.8112181), (0.5555967, 0.2590629, 0.7900625), (0.5, 0.5, 0.7071068)] (interpolation = "vertex")
            float3[] extent = [(-0.0067, -0.00318, -0.0061), (0.0067, -0.00186, 0.0061)]
            rel material:binding = </WorkbenchPart/Materials/alloy>
            texCoord2f[] primvars:st = [(-0.3444444, -0.66), (-0.3375533, -0.6619977), (-0.3355556, -0.6688889), (-0.3444444, -0.66), (-0.3355556, -0.6688889), (-0.3420627, -0.6665071), (-0.3455228, -0.6511111), (-0.3385924, -0.6511111), (-0.3375533, -0.6619977), (-0.3455228, -0.6511111), (-0.3375533, -0.6619977), (-0.3444444, -0.66), (-0.3455228, 0.6511111), (-0.3385924, 0.6511111), (-0.3385924, -0.6511111), (-0.3455228, 0.6511111), (-0.3385924, -0.6511111), (-0.3455228, -0.6511111), (-0.3444444, 0.66), (-0.3375533, 0.6619977), (-0.3385924, 0.6511111), (-0.3444444, 0.66), (-0.3385924, 0.6511111), (-0.3455228, 0.6511111), (-0.3420627, 0.6665071), (-0.3355556, 0.6688889), (-0.3375533, 0.6619977), (-0.3420627, 0.6665071), (-0.3375533, 0.6619977), (-0.3444444, 0.66), (-0.3375533, -0.6619977), (-0.3266667, -0.6630368), (-0.3266667, -0.6699673), (-0.3375533, -0.6619977), (-0.3266667, -0.6699673), (-0.3355556, -0.6688889), (-0.3385924, -0.6511111), (-0.3266667, -0.6511111), (-0.3266667, -0.6630368), (-0.3385924, -0.6511111), (-0.3266667, -0.6630368), (-0.3375533, -0.6619977), (-0.3385924, 0.6511111), (-0.3266667, 0.6511111), (-0.3266667, -0.6511111), (-0.3385924, 0.6511111), (-0.3266667, -0.6511111), (-0.3385924, -0.6511111), (-0.3375533, 0.6619977), (-0.3266667, 0.6630368), (-0.3266667, 0.6511111), (-0.3375533, 0.6619977), (-0.3266667, 0.6511111), (-0.3385924, 0.6511111), (-0.3355556, 0.6688889), (-0.3266667, 0.6699673), (-0.3266667, 0.6630368), (-0.3355556, 0.6688889), (-0.3266667, 0.6630368), (-0.3375533, 0.6619977), (-0.3266667, -0.6630368), (-0.2333333, -0.6630368), (-0.2333333, -0.6699673), (-0.3266667, -0.6630368), (-0.2333333, -0.6699673), (-0.3266667, -0.6699673), (-0.3266667, -0.6511111), (-0.2333333, -0.6511111), (-0.2333333, -0.6630368), (-0.3266667, -0.6511111), (-0.2333333, -0.6630368), (-0.3266667, -0.6630368), (-0.3266667, 0.6511111), (-0.2333333, 0.6511111), (-0.2333333, -0.6511111), (-0.3266667, 0.6511111), (-0.2333333, -0.6511111), (-0.3266667, -0.6511111), (-0.3266667, 0.6630368), (-0.2333333, 0.6630368), (-0.2333333, 0.6511111), (-0.3266667, 0.6630368), (-0.2333333, 0.6511111), (-0.3266667, 0.6511111), (-0.3266667, 0.6699673), (-0.2333333, 0.6699673), (-0.2333333, 0.6630368), (-0.3266667, 0.6699673), (-0.2333333, 0.6630368), (-0.3266667, 0.6630368), (-0.2333333, -0.6630368), (-0.2224467, -0.6619977), (-0.2244444, -0.6688889), (-0.2333333, -0.6630368), (-0.2244444, -0.6688889), (-0.2333333, -0.6699673), (-0.2333333, -0.6511111), (-0.2214076, -0.6511111), (-0.2224467, -0.6619977), (-0.2333333, -0.6511111), (-0.2224467, -0.6619977), (-0.2333333, -0.6630368), (-0.2333333, 0.6511111), (-0.2214076, 0.6511111), (-0.2214076, -0.6511111), (-0.2333333, 0.6511111), (-0.2214076, -0.6511111), (-0.2333333, -0.6511111), (-0.2333333, 0.6630368), (-0.2224467, 0.6619977), (-0.2214076, 0.6511111), (-0.2333333, 0.6630368), (-0.2214076, 0.6511111), (-0.2333333, 0.6511111), (-0.2333333, 0.6699673), (-0.2244444, 0.6688889), (-0.2224467, 0.6619977), (-0.2333333, 0.6699673), (-0.2224467, 0.6619977), (-0.2333333, 0.6630368), (-0.2224467, -0.6619977), (-0.2155556, -0.66), (-0.2179373, -0.6665071), (-0.2224467, -0.6619977), (-0.2179373, -0.6665071), (-0.2244444, -0.6688889), (-0.2214076, -0.6511111), (-0.2144772, -0.6511111), (-0.2155556, -0.66), (-0.2214076, -0.6511111), (-0.2155556, -0.66), (-0.2224467, -0.6619977), (-0.2214076, 0.6511111), (-0.2144772, 0.6511111), (-0.2144772, -0.6511111), (-0.2214076, 0.6511111), (-0.2144772, -0.6511111), (-0.2214076, -0.6511111), (-0.2224467, 0.6619977), (-0.2155556, 0.66), (-0.2144772, 0.6511111), (-0.2224467, 0.6619977), (-0.2144772, 0.6511111), (-0.2214076, 0.6511111), (-0.2244444, 0.6688889), (-0.2179373, 0.6665071), (-0.2155556, 0.66), (-0.2244444, 0.6688889), (-0.2155556, 0.66), (-0.2224467, 0.6619977), (-0.3420627, -0.6665071), (-0.3355556, -0.6688889), (-0.3375533, -0.6619977), (-0.3420627, -0.6665071), (-0.3375533, -0.6619977), (-0.3444444, -0.66), (-0.3444444, -0.66), (-0.3375533, -0.6619977), (-0.3385924, -0.6511111), (-0.3444444, -0.66), (-0.3385924, -0.6511111), (-0.3455228, -0.6511111), (-0.3455228, -0.6511111), (-0.3385924, -0.6511111), (-0.3385924, 0.6511111), (-0.3455228, -0.6511111), (-0.3385924, 0.6511111), (-0.3455228, 0.6511111), (-0.3455228, 0.6511111), (-0.3385924, 0.6511111), (-0.3375533, 0.6619977), (-0.3455228, 0.6511111), (-0.3375533, 0.6619977), (-0.3444444, 0.66), (-0.3444444, 0.66), (-0.3375533, 0.6619977), (-0.3355556, 0.6688889), (-0.3444444, 0.66), (-0.3355556, 0.6688889), (-0.3420627, 0.6665071), (-0.3355556, -0.6688889), (-0.3266667, -0.6699673), (-0.3266667, -0.6630368), (-0.3355556, -0.6688889), (-0.3266667, -0.6630368), (-0.3375533, -0.6619977), (-0.3375533, -0.6619977), (-0.3266667, -0.6630368), (-0.3266667, -0.6511111), (-0.3375533, -0.6619977), (-0.3266667, -0.6511111), (-0.3385924, -0.6511111), (-0.3385924, -0.6511111), (-0.3266667, -0.6511111), (-0.3266667, 0.6511111), (-0.3385924, -0.6511111), (-0.3266667, 0.6511111), (-0.3385924, 0.6511111), (-0.3385924, 0.6511111), (-0.3266667, 0.6511111), (-0.3266667, 0.6630368), (-0.3385924, 0.6511111), (-0.3266667, 0.6630368), (-0.3375533, 0.6619977), (-0.3375533, 0.6619977), (-0.3266667, 0.6630368), (-0.3266667, 0.6699673), (-0.3375533, 0.6619977), (-0.3266667, 0.6699673), (-0.3355556, 0.6688889), (-0.3266667, -0.6699673), (-0.2333333, -0.6699673), (-0.2333333, -0.6630368), (-0.3266667, -0.6699673), (-0.2333333, -0.6630368), (-0.3266667, -0.6630368), (-0.3266667, -0.6630368), (-0.2333333, -0.6630368), (-0.2333333, -0.6511111), (-0.3266667, -0.6630368), (-0.2333333, -0.6511111), (-0.3266667, -0.6511111), (-0.3266667, -0.6511111), (-0.2333333, -0.6511111), (-0.2333333, 0.6511111), (-0.3266667, -0.6511111), (-0.2333333, 0.6511111), (-0.3266667, 0.6511111), (-0.3266667, 0.6511111), (-0.2333333, 0.6511111), (-0.2333333, 0.6630368), (-0.3266667, 0.6511111), (-0.2333333, 0.6630368), (-0.3266667, 0.6630368), (-0.3266667, 0.6630368), (-0.2333333, 0.6630368), (-0.2333333, 0.6699673), (-0.3266667, 0.6630368), (-0.2333333, 0.6699673), (-0.3266667, 0.6699673), (-0.2333333, -0.6699673), (-0.2244444, -0.6688889), (-0.2224467, -0.6619977), (-0.2333333, -0.6699673), (-0.2224467, -0.6619977), (-0.2333333, -0.6630368), (-0.2333333, -0.6630368), (-0.2224467, -0.6619977), (-0.2214076, -0.6511111), (-0.2333333, -0.6630368), (-0.2214076, -0.6511111), (-0.2333333, -0.6511111), (-0.2333333, -0.6511111), (-0.2214076, -0.6511111), (-0.2214076, 0.6511111), (-0.2333333, -0.6511111), (-0.2214076, 0.6511111), (-0.2333333, 0.6511111), (-0.2333333, 0.6511111), (-0.2214076, 0.6511111), (-0.2224467, 0.6619977), (-0.2333333, 0.6511111), (-0.2224467, 0.6619977), (-0.2333333, 0.6630368), (-0.2333333, 0.6630368), (-0.2224467, 0.6619977), (-0.2244444, 0.6688889), (-0.2333333, 0.6630368), (-0.2244444, 0.6688889), (-0.2333333, 0.6699673), (-0.2244444, -0.6688889), (-0.2179373, -0.6665071), (-0.2155556, -0.66), (-0.2244444, -0.6688889), (-0.2155556, -0.66), (-0.2224467, -0.6619977), (-0.2224467, -0.6619977), (-0.2155556, -0.66), (-0.2144772, -0.6511111), (-0.2224467, -0.6619977), (-0.2144772, -0.6511111), (-0.2214076, -0.6511111), (-0.2214076, -0.6511111), (-0.2144772, -0.6511111), (-0.2144772, 0.6511111), (-0.2214076, -0.6511111), (-0.2144772, 0.6511111), (-0.2214076, 0.6511111), (-0.2214076, 0.6511111), (-0.2144772, 0.6511111), (-0.2155556, 0.66), (-0.2214076, 0.6511111), (-0.2155556, 0.66), (-0.2224467, 0.6619977), (-0.2224467, 0.6619977), (-0.2155556, 0.66), (-0.2179373, 0.6665071), (-0.2224467, 0.6619977), (-0.2179373, 0.6665071), (-0.2244444, 0.6688889), (-0.7266667, -0.6688889), (-0.7286644, -0.6619977), (-0.7355556, -0.66), (-0.7266667, -0.6688889), (-0.7355556, -0.66), (-0.7331738, -0.6665071), (-0.7177778, -0.6699673), (-0.7177778, -0.6630368), (-0.7286644, -0.6619977), (-0.7177778, -0.6699673), (-0.7286644, -0.6619977), (-0.7266667, -0.6688889), (0.7177778, -0.6699673), (0.7177778, -0.6630368), (-0.7177778, -0.6630368), (0.7177778, -0.6699673), (-0.7177778, -0.6630368), (-0.7177778, -0.6699673), (0.7266667, -0.6688889), (0.7286644, -0.6619977), (0.7177778, -0.6630368), (0.7266667, -0.6688889), (0.7177778, -0.6630368), (0.7177778, -0.6699673), (0.7331738, -0.6665071), (0.7355556, -0.66), (0.7286644, -0.6619977), (0.7331738, -0.6665071), (0.7286644, -0.6619977), (0.7266667, -0.6688889), (-0.7286644, -0.6619977), (-0.7297035, -0.6511111), (-0.736634, -0.6511111), (-0.7286644, -0.6619977), (-0.736634, -0.6511111), (-0.7355556, -0.66), (-0.7177778, -0.6630368), (-0.7177778, -0.6511111), (-0.7297035, -0.6511111), (-0.7177778, -0.6630368), (-0.7297035, -0.6511111), (-0.7286644, -0.6619977), (0.7177778, -0.6630368), (0.7177778, -0.6511111), (-0.7177778, -0.6511111), (0.7177778, -0.6630368), (-0.7177778, -0.6511111), (-0.7177778, -0.6630368), (0.7286644, -0.6619977), (0.7297035, -0.6511111), (0.7177778, -0.6511111), (0.7286644, -0.6619977), (0.7177778, -0.6511111), (0.7177778, -0.6630368), (0.7355556, -0.66), (0.736634, -0.6511111), (0.7297035, -0.6511111), (0.7355556, -0.66), (0.7297035, -0.6511111), (0.7286644, -0.6619977), (-0.7297035, -0.6511111), (-0.7297035, 0.6511111), (-0.736634, 0.6511111), (-0.7297035, -0.6511111), (-0.736634, 0.6511111), (-0.736634, -0.6511111), (-0.7177778, -0.6511111), (-0.7177778, 0.6511111), (-0.7297035, 0.6511111), (-0.7177778, -0.6511111), (-0.7297035, 0.6511111), (-0.7297035, -0.6511111), (0.7177778, -0.6511111), (0.7177778, 0.6511111), (-0.7177778, 0.6511111), (0.7177778, -0.6511111), (-0.7177778, 0.6511111), (-0.7177778, -0.6511111), (0.7297035, -0.6511111), (0.7297035, 0.6511111), (0.7177778, 0.6511111), (0.7297035, -0.6511111), (0.7177778, 0.6511111), (0.7177778, -0.6511111), (0.736634, -0.6511111), (0.736634, 0.6511111), (0.7297035, 0.6511111), (0.736634, -0.6511111), (0.7297035, 0.6511111), (0.7297035, -0.6511111), (-0.7297035, 0.6511111), (-0.7286644, 0.6619977), (-0.7355556, 0.66), (-0.7297035, 0.6511111), (-0.7355556, 0.66), (-0.736634, 0.6511111), (-0.7177778, 0.6511111), (-0.7177778, 0.6630368), (-0.7286644, 0.6619977), (-0.7177778, 0.6511111), (-0.7286644, 0.6619977), (-0.7297035, 0.6511111), (0.7177778, 0.6511111), (0.7177778, 0.6630368), (-0.7177778, 0.6630368), (0.7177778, 0.6511111), (-0.7177778, 0.6630368), (-0.7177778, 0.6511111), (0.7297035, 0.6511111), (0.7286644, 0.6619977), (0.7177778, 0.6630368), (0.7297035, 0.6511111), (0.7177778, 0.6630368), (0.7177778, 0.6511111), (0.736634, 0.6511111), (0.7355556, 0.66), (0.7286644, 0.6619977), (0.736634, 0.6511111), (0.7286644, 0.6619977), (0.7297035, 0.6511111), (-0.7286644, 0.6619977), (-0.7266667, 0.6688889), (-0.7331738, 0.6665071), (-0.7286644, 0.6619977), (-0.7331738, 0.6665071), (-0.7355556, 0.66), (-0.7177778, 0.6630368), (-0.7177778, 0.6699673), (-0.7266667, 0.6688889), (-0.7177778, 0.6630368), (-0.7266667, 0.6688889), (-0.7286644, 0.6619977), (0.7177778, 0.6630368), (0.7177778, 0.6699673), (-0.7177778, 0.6699673), (0.7177778, 0.6630368), (-0.7177778, 0.6699673), (-0.7177778, 0.6630368), (0.7286644, 0.6619977), (0.7266667, 0.6688889), (0.7177778, 0.6699673), (0.7286644, 0.6619977), (0.7177778, 0.6699673), (0.7177778, 0.6630368), (0.7355556, 0.66), (0.7331738, 0.6665071), (0.7266667, 0.6688889), (0.7355556, 0.66), (0.7266667, 0.6688889), (0.7286644, 0.6619977), (-0.7331738, -0.6665071), (-0.7355556, -0.66), (-0.7286644, -0.6619977), (-0.7331738, -0.6665071), (-0.7286644, -0.6619977), (-0.7266667, -0.6688889), (-0.7266667, -0.6688889), (-0.7286644, -0.6619977), (-0.7177778, -0.6630368), (-0.7266667, -0.6688889), (-0.7177778, -0.6630368), (-0.7177778, -0.6699673), (-0.7177778, -0.6699673), (-0.7177778, -0.6630368), (0.7177778, -0.6630368), (-0.7177778, -0.6699673), (0.7177778, -0.6630368), (0.7177778, -0.6699673), (0.7177778, -0.6699673), (0.7177778, -0.6630368), (0.7286644, -0.6619977), (0.7177778, -0.6699673), (0.7286644, -0.6619977), (0.7266667, -0.6688889), (0.7266667, -0.6688889), (0.7286644, -0.6619977), (0.7355556, -0.66), (0.7266667, -0.6688889), (0.7355556, -0.66), (0.7331738, -0.6665071), (-0.7355556, -0.66), (-0.736634, -0.6511111), (-0.7297035, -0.6511111), (-0.7355556, -0.66), (-0.7297035, -0.6511111), (-0.7286644, -0.6619977), (-0.7286644, -0.6619977), (-0.7297035, -0.6511111), (-0.7177778, -0.6511111), (-0.7286644, -0.6619977), (-0.7177778, -0.6511111), (-0.7177778, -0.6630368), (-0.7177778, -0.6630368), (-0.7177778, -0.6511111), (0.7177778, -0.6511111), (-0.7177778, -0.6630368), (0.7177778, -0.6511111), (0.7177778, -0.6630368), (0.7177778, -0.6630368), (0.7177778, -0.6511111), (0.7297035, -0.6511111), (0.7177778, -0.6630368), (0.7297035, -0.6511111), (0.7286644, -0.6619977), (0.7286644, -0.6619977), (0.7297035, -0.6511111), (0.736634, -0.6511111), (0.7286644, -0.6619977), (0.736634, -0.6511111), (0.7355556, -0.66), (-0.736634, -0.6511111), (-0.736634, 0.6511111), (-0.7297035, 0.6511111), (-0.736634, -0.6511111), (-0.7297035, 0.6511111), (-0.7297035, -0.6511111), (-0.7297035, -0.6511111), (-0.7297035, 0.6511111), (-0.7177778, 0.6511111), (-0.7297035, -0.6511111), (-0.7177778, 0.6511111), (-0.7177778, -0.6511111), (-0.7177778, -0.6511111), (-0.7177778, 0.6511111), (0.7177778, 0.6511111), (-0.7177778, -0.6511111), (0.7177778, 0.6511111), (0.7177778, -0.6511111), (0.7177778, -0.6511111), (0.7177778, 0.6511111), (0.7297035, 0.6511111), (0.7177778, -0.6511111), (0.7297035, 0.6511111), (0.7297035, -0.6511111), (0.7297035, -0.6511111), (0.7297035, 0.6511111), (0.736634, 0.6511111), (0.7297035, -0.6511111), (0.736634, 0.6511111), (0.736634, -0.6511111), (-0.736634, 0.6511111), (-0.7355556, 0.66), (-0.7286644, 0.6619977), (-0.736634, 0.6511111), (-0.7286644, 0.6619977), (-0.7297035, 0.6511111), (-0.7297035, 0.6511111), (-0.7286644, 0.6619977), (-0.7177778, 0.6630368), (-0.7297035, 0.6511111), (-0.7177778, 0.6630368), (-0.7177778, 0.6511111), (-0.7177778, 0.6511111), (-0.7177778, 0.6630368), (0.7177778, 0.6630368), (-0.7177778, 0.6511111), (0.7177778, 0.6630368), (0.7177778, 0.6511111), (0.7177778, 0.6511111), (0.7177778, 0.6630368), (0.7286644, 0.6619977), (0.7177778, 0.6511111), (0.7286644, 0.6619977), (0.7297035, 0.6511111), (0.7297035, 0.6511111), (0.7286644, 0.6619977), (0.7355556, 0.66), (0.7297035, 0.6511111), (0.7355556, 0.66), (0.736634, 0.6511111), (-0.7355556, 0.66), (-0.7331738, 0.6665071), (-0.7266667, 0.6688889), (-0.7355556, 0.66), (-0.7266667, 0.6688889), (-0.7286644, 0.6619977), (-0.7286644, 0.6619977), (-0.7266667, 0.6688889), (-0.7177778, 0.6699673), (-0.7286644, 0.6619977), (-0.7177778, 0.6699673), (-0.7177778, 0.6630368), (-0.7177778, 0.6630368), (-0.7177778, 0.6699673), (0.7177778, 0.6699673), (-0.7177778, 0.6630368), (0.7177778, 0.6699673), (0.7177778, 0.6630368), (0.7177778, 0.6630368), (0.7177778, 0.6699673), (0.7266667, 0.6688889), (0.7177778, 0.6630368), (0.7266667, 0.6688889), (0.7286644, 0.6619977), (0.7286644, 0.6619977), (0.7266667, 0.6688889), (0.7331738, 0.6665071), (0.7286644, 0.6619977), (0.7331738, 0.6665071), (0.7355556, 0.66), (-0.7355556, -0.3355556), (-0.7286644, -0.3375533), (-0.7266667, -0.3444444), (-0.7355556, -0.3355556), (-0.7266667, -0.3444444), (-0.7331738, -0.3420627), (-0.736634, -0.3266667), (-0.7297035, -0.3266667), (-0.7286644, -0.3375533), (-0.736634, -0.3266667), (-0.7286644, -0.3375533), (-0.7355556, -0.3355556), (-0.736634, -0.2333333), (-0.7297035, -0.2333333), (-0.7297035, -0.3266667), (-0.736634, -0.2333333), (-0.7297035, -0.3266667), (-0.736634, -0.3266667), (-0.7355556, -0.2244444), (-0.7286644, -0.2224467), (-0.7297035, -0.2333333), (-0.7355556, -0.2244444), (-0.7297035, -0.2333333), (-0.736634, -0.2333333), (-0.7331738, -0.2179373), (-0.7266667, -0.2155556), (-0.7286644, -0.2224467), (-0.7331738, -0.2179373), (-0.7286644, -0.2224467), (-0.7355556, -0.2244444), (-0.7286644, -0.3375533), (-0.7177778, -0.3385924), (-0.7177778, -0.3455228), (-0.7286644, -0.3375533), (-0.7177778, -0.3455228), (-0.7266667, -0.3444444), (-0.7297035, -0.3266667), (-0.7177778, -0.3266667), (-0.7177778, -0.3385924), (-0.7297035, -0.3266667), (-0.7177778, -0.3385924), (-0.7286644, -0.3375533), (-0.7297035, -0.2333333), (-0.7177778, -0.2333333), (-0.7177778, -0.3266667), (-0.7297035, -0.2333333), (-0.7177778, -0.3266667), (-0.7297035, -0.3266667), (-0.7286644, -0.2224467), (-0.7177778, -0.2214076), (-0.7177778, -0.2333333), (-0.7286644, -0.2224467), (-0.7177778, -0.2333333), (-0.7297035, -0.2333333), (-0.7266667, -0.2155556), (-0.7177778, -0.2144772), (-0.7177778, -0.2214076), (-0.7266667, -0.2155556), (-0.7177778, -0.2214076), (-0.7286644, -0.2224467), (-0.7177778, -0.3385924), (0.7177778, -0.3385924), (0.7177778, -0.3455228), (-0.7177778, -0.3385924), (0.7177778, -0.3455228), (-0.7177778, -0.3455228), (-0.7177778, -0.3266667), (0.7177778, -0.3266667), (0.7177778, -0.3385924), (-0.7177778, -0.3266667), (0.7177778, -0.3385924), (-0.7177778, -0.3385924), (-0.7177778, -0.2333333), (0.7177778, -0.2333333), (0.7177778, -0.3266667), (-0.7177778, -0.2333333), (0.7177778, -0.3266667), (-0.7177778, -0.3266667), (-0.7177778, -0.2214076), (0.7177778, -0.2214076), (0.7177778, -0.2333333), (-0.7177778, -0.2214076), (0.7177778, -0.2333333), (-0.7177778, -0.2333333), (-0.7177778, -0.2144772), (0.7177778, -0.2144772), (0.7177778, -0.2214076), (-0.7177778, -0.2144772), (0.7177778, -0.2214076), (-0.7177778, -0.2214076), (0.7177778, -0.3385924), (0.7286644, -0.3375533), (0.7266667, -0.3444444), (0.7177778, -0.3385924), (0.7266667, -0.3444444), (0.7177778, -0.3455228), (0.7177778, -0.3266667), (0.7297035, -0.3266667), (0.7286644, -0.3375533), (0.7177778, -0.3266667), (0.7286644, -0.3375533), (0.7177778, -0.3385924), (0.7177778, -0.2333333), (0.7297035, -0.2333333), (0.7297035, -0.3266667), (0.7177778, -0.2333333), (0.7297035, -0.3266667), (0.7177778, -0.3266667), (0.7177778, -0.2214076), (0.7286644, -0.2224467), (0.7297035, -0.2333333), (0.7177778, -0.2214076), (0.7297035, -0.2333333), (0.7177778, -0.2333333), (0.7177778, -0.2144772), (0.7266667, -0.2155556), (0.7286644, -0.2224467), (0.7177778, -0.2144772), (0.7286644, -0.2224467), (0.7177778, -0.2214076), (0.7286644, -0.3375533), (0.7355556, -0.3355556), (0.7331738, -0.3420627), (0.7286644, -0.3375533), (0.7331738, -0.3420627), (0.7266667, -0.3444444), (0.7297035, -0.3266667), (0.736634, -0.3266667), (0.7355556, -0.3355556), (0.7297035, -0.3266667), (0.7355556, -0.3355556), (0.7286644, -0.3375533), (0.7297035, -0.2333333), (0.736634, -0.2333333), (0.736634, -0.3266667), (0.7297035, -0.2333333), (0.736634, -0.3266667), (0.7297035, -0.3266667), (0.7286644, -0.2224467), (0.7355556, -0.2244444), (0.736634, -0.2333333), (0.7286644, -0.2224467), (0.736634, -0.2333333), (0.7297035, -0.2333333), (0.7266667, -0.2155556), (0.7331738, -0.2179373), (0.7355556, -0.2244444), (0.7266667, -0.2155556), (0.7355556, -0.2244444), (0.7286644, -0.2224467), (-0.7331738, -0.3420627), (-0.7266667, -0.3444444), (-0.7286644, -0.3375533), (-0.7331738, -0.3420627), (-0.7286644, -0.3375533), (-0.7355556, -0.3355556), (-0.7355556, -0.3355556), (-0.7286644, -0.3375533), (-0.7297035, -0.3266667), (-0.7355556, -0.3355556), (-0.7297035, -0.3266667), (-0.736634, -0.3266667), (-0.736634, -0.3266667), (-0.7297035, -0.3266667), (-0.7297035, -0.2333333), (-0.736634, -0.3266667), (-0.7297035, -0.2333333), (-0.736634, -0.2333333), (-0.736634, -0.2333333), (-0.7297035, -0.2333333), (-0.7286644, -0.2224467), (-0.736634, -0.2333333), (-0.7286644, -0.2224467), (-0.7355556, -0.2244444), (-0.7355556, -0.2244444), (-0.7286644, -0.2224467), (-0.7266667, -0.2155556), (-0.7355556, -0.2244444), (-0.7266667, -0.2155556), (-0.7331738, -0.2179373), (-0.7266667, -0.3444444), (-0.7177778, -0.3455228), (-0.7177778, -0.3385924), (-0.7266667, -0.3444444), (-0.7177778, -0.3385924), (-0.7286644, -0.3375533), (-0.7286644, -0.3375533), (-0.7177778, -0.3385924), (-0.7177778, -0.3266667), (-0.7286644, -0.3375533), (-0.7177778, -0.3266667), (-0.7297035, -0.3266667), (-0.7297035, -0.3266667), (-0.7177778, -0.3266667), (-0.7177778, -0.2333333), (-0.7297035, -0.3266667), (-0.7177778, -0.2333333), (-0.7297035, -0.2333333), (-0.7297035, -0.2333333), (-0.7177778, -0.2333333), (-0.7177778, -0.2214076), (-0.7297035, -0.2333333), (-0.7177778, -0.2214076), (-0.7286644, -0.2224467), (-0.7286644, -0.2224467), (-0.7177778, -0.2214076), (-0.7177778, -0.2144772), (-0.7286644, -0.2224467), (-0.7177778, -0.2144772), (-0.7266667, -0.2155556), (-0.7177778, -0.3455228), (0.7177778, -0.3455228), (0.7177778, -0.3385924), (-0.7177778, -0.3455228), (0.7177778, -0.3385924), (-0.7177778, -0.3385924), (-0.7177778, -0.3385924), (0.7177778, -0.3385924), (0.7177778, -0.3266667), (-0.7177778, -0.3385924), (0.7177778, -0.3266667), (-0.7177778, -0.3266667), (-0.7177778, -0.3266667), (0.7177778, -0.3266667), (0.7177778, -0.2333333), (-0.7177778, -0.3266667), (0.7177778, -0.2333333), (-0.7177778, -0.2333333), (-0.7177778, -0.2333333), (0.7177778, -0.2333333), (0.7177778, -0.2214076), (-0.7177778, -0.2333333), (0.7177778, -0.2214076), (-0.7177778, -0.2214076), (-0.7177778, -0.2214076), (0.7177778, -0.2214076), (0.7177778, -0.2144772), (-0.7177778, -0.2214076), (0.7177778, -0.2144772), (-0.7177778, -0.2144772), (0.7177778, -0.3455228), (0.7266667, -0.3444444), (0.7286644, -0.3375533), (0.7177778, -0.3455228), (0.7286644, -0.3375533), (0.7177778, -0.3385924), (0.7177778, -0.3385924), (0.7286644, -0.3375533), (0.7297035, -0.3266667), (0.7177778, -0.3385924), (0.7297035, -0.3266667), (0.7177778, -0.3266667), (0.7177778, -0.3266667), (0.7297035, -0.3266667), (0.7297035, -0.2333333), (0.7177778, -0.3266667), (0.7297035, -0.2333333), (0.7177778, -0.2333333), (0.7177778, -0.2333333), (0.7297035, -0.2333333), (0.7286644, -0.2224467), (0.7177778, -0.2333333), (0.7286644, -0.2224467), (0.7177778, -0.2214076), (0.7177778, -0.2214076), (0.7286644, -0.2224467), (0.7266667, -0.2155556), (0.7177778, -0.2214076), (0.7266667, -0.2155556), (0.7177778, -0.2144772), (0.7266667, -0.3444444), (0.7331738, -0.3420627), (0.7355556, -0.3355556), (0.7266667, -0.3444444), (0.7355556, -0.3355556), (0.7286644, -0.3375533), (0.7286644, -0.3375533), (0.7355556, -0.3355556), (0.736634, -0.3266667), (0.7286644, -0.3375533), (0.736634, -0.3266667), (0.7297035, -0.3266667), (0.7297035, -0.3266667), (0.736634, -0.3266667), (0.736634, -0.2333333), (0.7297035, -0.3266667), (0.736634, -0.2333333), (0.7297035, -0.2333333), (0.7297035, -0.2333333), (0.736634, -0.2333333), (0.7355556, -0.2244444), (0.7297035, -0.2333333), (0.7355556, -0.2244444), (0.7286644, -0.2224467), (0.7286644, -0.2224467), (0.7355556, -0.2244444), (0.7331738, -0.2179373), (0.7286644, -0.2224467), (0.7331738, -0.2179373), (0.7266667, -0.2155556)] (interpolation = "faceVarying")
        }
        def Mesh "ConnectorHousing_01" (prepend apiSchemas = ["MaterialBindingAPI"])
        {
            uniform token subdivisionScheme = "none"
            uniform token orientation = "rightHanded"
            bool doubleSided = false
            point3f[] points = [(-0.002749282, -0.001589282, 0.009270718), (-0.00276, -0.0016, 0.0093), (-0.002764853, -0.001604853, 0.00934), (-0.002764853, -0.001604853, 0.01054), (-0.00276, -0.0016, 0.01058), (-0.002749282, -0.001589282, 0.01060928), (-0.00276, -0.00156, 0.00926), (-0.00277798, -0.00156899, 0.00929101), (-0.002787331, -0.001573666, 0.00934), (-0.002787331, -0.001573666, 0.01054), (-0.00277798, -0.00156899, 0.01058899), (-0.00276, -0.00156, 0.01062), (-0.002764853, -0.00152, 0.009255147), (-0.002787331, -0.00152, 0.009286334), (-0.0028, -0.00152, 0.00934), (-0.0028, -0.00152, 0.01054), (-0.002787331, -0.00152, 0.01059367), (-0.002764853, -0.00152, 0.01062485), (-0.002764853, -0.00052, 0.009255147), (-0.002787331, -0.00052, 0.009286334), (-0.0028, -0.00052, 0.00934), (-0.0028, -0.00052, 0.01054), (-0.002787331, -0.00052, 0.01059367), (-0.002764853, -0.00052, 0.01062485), (-0.00276, -0.00048, 0.00926), (-0.00277798, -0.0004710102, 0.00929101), (-0.002787331, -0.0004663344, 0.00934), (-0.002787331, -0.0004663344, 0.01054), (-0.00277798, -0.0004710102, 0.01058899), (-0.00276, -0.00048, 0.01062), (-0.002749282, -0.000450718, 0.009270718), (-0.00276, -0.00044, 0.0093), (-0.002764853, -0.0004351472, 0.00934), (-0.002764853, -0.0004351472, 0.01054), (-0.00276, -0.00044, 0.01058), (-0.002749282, -0.000450718, 0.01060928), (0.002749282, -0.001589282, 0.009270718), (0.00276, -0.0016, 0.0093), (0.002764853, -0.001604853, 0.00934), (0.002764853, -0.001604853, 0.01054), (0.00276, -0.0016, 0.01058), (0.002749282, -0.001589282, 0.01060928), (0.00276, -0.00156, 0.00926), (0.00277798, -0.00156899, 0.00929101), (0.002787331, -0.001573666, 0.00934), (0.002787331, -0.001573666, 0.01054), (0.00277798, -0.00156899, 0.01058899), (0.00276, -0.00156, 0.01062), (0.002764853, -0.00152, 0.009255147), (0.002787331, -0.00152, 0.009286334), (0.0028, -0.00152, 0.00934), (0.0028, -0.00152, 0.01054), (0.002787331, -0.00152, 0.01059367), (0.002764853, -0.00152, 0.01062485), (0.002764853, -0.00052, 0.009255147), (0.002787331, -0.00052, 0.009286334), (0.0028, -0.00052, 0.00934), (0.0028, -0.00052, 0.01054), (0.002787331, -0.00052, 0.01059367), (0.002764853, -0.00052, 0.01062485), (0.00276, -0.00048, 0.00926), (0.00277798, -0.0004710102, 0.00929101), (0.002787331, -0.0004663344, 0.00934), (0.002787331, -0.0004663344, 0.01054), (0.00277798, -0.0004710102, 0.01058899), (0.00276, -0.00048, 0.01062), (0.002749282, -0.000450718, 0.009270718), (0.00276, -0.00044, 0.0093), (0.002764853, -0.0004351472, 0.00934), (0.002764853, -0.0004351472, 0.01054), (0.00276, -0.00044, 0.01058), (0.002749282, -0.000450718, 0.01060928), (-0.002749282, -0.001589282, 0.009270718), (-0.00272, -0.0016, 0.00926), (-0.00268, -0.001604853, 0.009255147), (0.00268, -0.001604853, 0.009255147), (0.00272, -0.0016, 0.00926), (0.002749282, -0.001589282, 0.009270718), (-0.00276, -0.0016, 0.0093), (-0.00272899, -0.00161798, 0.00929101), (-0.00268, -0.001627331, 0.009286334), (0.00268, -0.001627331, 0.009286334), (0.00272899, -0.00161798, 0.00929101), (0.00276, -0.0016, 0.0093), (-0.002764853, -0.001604853, 0.00934), (-0.002733666, -0.001627331, 0.00934), (-0.00268, -0.00164, 0.00934), (0.00268, -0.00164, 0.00934), (0.002733666, -0.001627331, 0.00934), (0.002764853, -0.001604853, 0.00934), (-0.002764853, -0.001604853, 0.01054), (-0.002733666, -0.001627331, 0.01054), (-0.00268, -0.00164, 0.01054), (0.00268, -0.00164, 0.01054), (0.002733666, -0.001627331, 0.01054), (0.002764853, -0.001604853, 0.01054), (-0.00276, -0.0016, 0.01058), (-0.00272899, -0.00161798, 0.01058899), (-0.00268, -0.001627331, 0.01059367), (0.00268, -0.001627331, 0.01059367), (0.00272899, -0.00161798, 0.01058899), (0.00276, -0.0016, 0.01058), (-0.002749282, -0.001589282, 0.01060928), (-0.00272, -0.0016, 0.01062), (-0.00268, -0.001604853, 0.01062485), (0.00268, -0.001604853, 0.01062485), (0.00272, -0.0016, 0.01062), (0.002749282, -0.001589282, 0.01060928), (-0.002749282, -0.000450718, 0.009270718), (-0.00272, -0.00044, 0.00926), (-0.00268, -0.0004351472, 0.009255147), (0.00268, -0.0004351472, 0.009255147), (0.00272, -0.00044, 0.00926), (0.002749282, -0.000450718, 0.009270718), (-0.00276, -0.00044, 0.0093), (-0.00272899, -0.0004220204, 0.00929101), (-0.00268, -0.0004126687, 0.009286334), (0.00268, -0.0004126687, 0.009286334), (0.00272899, -0.0004220204, 0.00929101), (0.00276, -0.00044, 0.0093), (-0.002764853, -0.0004351472, 0.00934), (-0.002733666, -0.0004126687, 0.00934), (-0.00268, -0.0004, 0.00934), (0.00268, -0.0004, 0.00934), (0.002733666, -0.0004126687, 0.00934), (0.002764853, -0.0004351472, 0.00934), (-0.002764853, -0.0004351472, 0.01054), (-0.002733666, -0.0004126687, 0.01054), (-0.00268, -0.0004, 0.01054), (0.00268, -0.0004, 0.01054), (0.002733666, -0.0004126687, 0.01054), (0.002764853, -0.0004351472, 0.01054), (-0.00276, -0.00044, 0.01058), (-0.00272899, -0.0004220204, 0.01058899), (-0.00268, -0.0004126687, 0.01059367), (0.00268, -0.0004126687, 0.01059367), (0.00272899, -0.0004220204, 0.01058899), (0.00276, -0.00044, 0.01058), (-0.002749282, -0.000450718, 0.01060928), (-0.00272, -0.00044, 0.01062), (-0.00268, -0.0004351472, 0.01062485), (0.00268, -0.0004351472, 0.01062485), (0.00272, -0.00044, 0.01062), (0.002749282, -0.000450718, 0.01060928), (-0.002749282, -0.001589282, 0.009270718), (-0.00276, -0.00156, 0.00926), (-0.002764853, -0.00152, 0.009255147), (-0.002764853, -0.00052, 0.009255147), (-0.00276, -0.00048, 0.00926), (-0.002749282, -0.000450718, 0.009270718), (-0.00272, -0.0016, 0.00926), (-0.00272899, -0.00156899, 0.00924202), (-0.002733666, -0.00152, 0.009232669), (-0.002733666, -0.00052, 0.009232669), (-0.00272899, -0.0004710102, 0.00924202), (-0.00272, -0.00044, 0.00926), (-0.00268, -0.001604853, 0.009255147), (-0.00268, -0.001573666, 0.009232669), (-0.00268, -0.00152, 0.00922), (-0.00268, -0.00052, 0.00922), (-0.00268, -0.0004663344, 0.009232669), (-0.00268, -0.0004351472, 0.009255147), (0.00268, -0.001604853, 0.009255147), (0.00268, -0.001573666, 0.009232669), (0.00268, -0.00152, 0.00922), (0.00268, -0.00052, 0.00922), (0.00268, -0.0004663344, 0.009232669), (0.00268, -0.0004351472, 0.009255147), (0.00272, -0.0016, 0.00926), (0.00272899, -0.00156899, 0.00924202), (0.002733666, -0.00152, 0.009232669), (0.002733666, -0.00052, 0.009232669), (0.00272899, -0.0004710102, 0.00924202), (0.00272, -0.00044, 0.00926), (0.002749282, -0.001589282, 0.009270718), (0.00276, -0.00156, 0.00926), (0.002764853, -0.00152, 0.009255147), (0.002764853, -0.00052, 0.009255147), (0.00276, -0.00048, 0.00926), (0.002749282, -0.000450718, 0.009270718), (-0.002749282, -0.001589282, 0.01060928), (-0.00276, -0.00156, 0.01062), (-0.002764853, -0.00152, 0.01062485), (-0.002764853, -0.00052, 0.01062485), (-0.00276, -0.00048, 0.01062), (-0.002749282, -0.000450718, 0.01060928), (-0.00272, -0.0016, 0.01062), (-0.00272899, -0.00156899, 0.01063798), (-0.002733666, -0.00152, 0.01064733), (-0.002733666, -0.00052, 0.01064733), (-0.00272899, -0.0004710102, 0.01063798), (-0.00272, -0.00044, 0.01062), (-0.00268, -0.001604853, 0.01062485), (-0.00268, -0.001573666, 0.01064733), (-0.00268, -0.00152, 0.01066), (-0.00268, -0.00052, 0.01066), (-0.00268, -0.0004663344, 0.01064733), (-0.00268, -0.0004351472, 0.01062485), (0.00268, -0.001604853, 0.01062485), (0.00268, -0.001573666, 0.01064733), (0.00268, -0.00152, 0.01066), (0.00268, -0.00052, 0.01066), (0.00268, -0.0004663344, 0.01064733), (0.00268, -0.0004351472, 0.01062485), (0.00272, -0.0016, 0.01062), (0.00272899, -0.00156899, 0.01063798), (0.002733666, -0.00152, 0.01064733), (0.002733666, -0.00052, 0.01064733), (0.00272899, -0.0004710102, 0.01063798), (0.00272, -0.00044, 0.01062), (0.002749282, -0.001589282, 0.01060928), (0.00276, -0.00156, 0.01062), (0.002764853, -0.00152, 0.01062485), (0.002764853, -0.00052, 0.01062485), (0.00276, -0.00048, 0.01062), (0.002749282, -0.000450718, 0.01060928)]
            int[] faceVertexCounts = [3, 3, 3, 3, 3, 3, 3, 3, 3, 3, 3, 3, 3, 3, 3, 3, 3, 3, 3, 3, 3, 3, 3, 3, 3, 3, 3, 3, 3, 3, 3, 3, 3, 3, 3, 3, 3, 3, 3, 3, 3, 3, 3, 3, 3, 3, 3, 3, 3, 3, 3, 3, 3, 3, 3, 3, 3, 3, 3, 3, 3, 3, 3, 3, 3, 3, 3, 3, 3, 3, 3, 3, 3, 3, 3, 3, 3, 3, 3, 3, 3, 3, 3, 3, 3, 3, 3, 3, 3, 3, 3, 3, 3, 3, 3, 3, 3, 3, 3, 3, 3, 3, 3, 3, 3, 3, 3, 3, 3, 3, 3, 3, 3, 3, 3, 3, 3, 3, 3, 3, 3, 3, 3, 3, 3, 3, 3, 3, 3, 3, 3, 3, 3, 3, 3, 3, 3, 3, 3, 3, 3, 3, 3, 3, 3, 3, 3, 3, 3, 3, 3, 3, 3, 3, 3, 3, 3, 3, 3, 3, 3, 3, 3, 3, 3, 3, 3, 3, 3, 3, 3, 3, 3, 3, 3, 3, 3, 3, 3, 3, 3, 3, 3, 3, 3, 3, 3, 3, 3, 3, 3, 3, 3, 3, 3, 3, 3, 3, 3, 3, 3, 3, 3, 3, 3, 3, 3, 3, 3, 3, 3, 3, 3, 3, 3, 3, 3, 3, 3, 3, 3, 3, 3, 3, 3, 3, 3, 3, 3, 3, 3, 3, 3, 3, 3, 3, 3, 3, 3, 3, 3, 3, 3, 3, 3, 3, 3, 3, 3, 3, 3, 3, 3, 3, 3, 3, 3, 3, 3, 3, 3, 3, 3, 3, 3, 3, 3, 3, 3, 3, 3, 3, 3, 3, 3, 3, 3, 3, 3, 3, 3, 3, 3, 3, 3, 3, 3, 3, 3, 3, 3, 3, 3, 3, 3, 3, 3, 3, 3, 3]
            int[] faceVertexIndices = [1, 7, 6, 1, 6, 0, 2, 8, 7, 2, 7, 1, 3, 9, 8, 3, 8, 2, 4, 10, 9, 4, 9, 3, 5, 11, 10, 5, 10, 4, 7, 13, 12, 7, 12, 6, 8, 14, 13, 8, 13, 7, 9, 15, 14, 9, 14, 8, 10, 16, 15, 10, 15, 9, 11, 17, 16, 11, 16, 10, 13, 19, 18, 13, 18, 12, 14, 20, 19, 14, 19, 13, 15, 21, 20, 15, 20, 14, 16, 22, 21, 16, 21, 15, 17, 23, 22, 17, 22, 16, 19, 25, 24, 19, 24, 18, 20, 26, 25, 20, 25, 19, 21, 27, 26, 21, 26, 20, 22, 28, 27, 22, 27, 21, 23, 29, 28, 23, 28, 22, 25, 31, 30, 25, 30, 24, 26, 32, 31, 26, 31, 25, 27, 33, 32, 27, 32, 26, 28, 34, 33, 28, 33, 27, 29, 35, 34, 29, 34, 28, 36, 42, 43, 36, 43, 37, 37, 43, 44, 37, 44, 38, 38, 44, 45, 38, 45, 39, 39, 45, 46, 39, 46, 40, 40, 46, 47, 40, 47, 41, 42, 48, 49, 42, 49, 43, 43, 49, 50, 43, 50, 44, 44, 50, 51, 44, 51, 45, 45, 51, 52, 45, 52, 46, 46, 52, 53, 46, 53, 47, 48, 54, 55, 48, 55, 49, 49, 55, 56, 49, 56, 50, 50, 56, 57, 50, 57, 51, 51, 57, 58, 51, 58, 52, 52, 58, 59, 52, 59, 53, 54, 60, 61, 54, 61, 55, 55, 61, 62, 55, 62, 56, 56, 62, 63, 56, 63, 57, 57, 63, 64, 57, 64, 58, 58, 64, 65, 58, 65, 59, 60, 66, 67, 60, 67, 61, 61, 67, 68, 61, 68, 62, 62, 68, 69, 62, 69, 63, 63, 69, 70, 63, 70, 64, 64, 70, 71, 64, 71, 65, 73, 79, 78, 73, 78, 72, 74, 80, 79, 74, 79, 73, 75, 81, 80, 75, 80, 74, 76, 82, 81, 76, 81, 75, 77, 83, 82, 77, 82, 76, 79, 85, 84, 79, 84, 78, 80, 86, 85, 80, 85, 79, 81, 87, 86, 81, 86, 80, 82, 88, 87, 82, 87, 81, 83, 89, 88, 83, 88, 82, 85, 91, 90, 85, 90, 84, 86, 92, 91, 86, 91, 85, 87, 93, 92, 87, 92, 86, 88, 94, 93, 88, 93, 87, 89, 95, 94, 89, 94, 88, 91, 97, 96, 91, 96, 90, 92, 98, 97, 92, 97, 91, 93, 99, 98, 93, 98, 92, 94, 100, 99, 94, 99, 93, 95, 101, 100, 95, 100, 94, 97, 103, 102, 97, 102, 96, 98, 104, 103, 98, 103, 97, 99, 105, 104, 99, 104, 98, 100, 106, 105, 100, 105, 99, 101, 107, 106, 101, 106, 100, 108, 114, 115, 108, 115, 109, 109, 115, 116, 109, 116, 110, 110, 116, 117, 110, 117, 111, 111, 117, 118, 111, 118, 112, 112, 118, 119, 112, 119, 113, 114, 120, 121, 114, 121, 115, 115, 121, 122, 115, 122, 116, 116, 122, 123, 116, 123, 117, 117, 123, 124, 117, 124, 118, 118, 124, 125, 118, 125, 119, 120, 126, 127, 120, 127, 121, 121, 127, 128, 121, 128, 122, 122, 128, 129, 122, 129, 123, 123, 129, 130, 123, 130, 124, 124, 130, 131, 124, 131, 125, 126, 132, 133, 126, 133, 127, 127, 133, 134, 127, 134, 128, 128, 134, 135, 128, 135, 129, 129, 135, 136, 129, 136, 130, 130, 136, 137, 130, 137, 131, 132, 138, 139, 132, 139, 133, 133, 139, 140, 133, 140, 134, 134, 140, 141, 134, 141, 135, 135, 141, 142, 135, 142, 136, 136, 142, 143, 136, 143, 137, 145, 151, 150, 145, 150, 144, 146, 152, 151, 146, 151, 145, 147, 153, 152, 147, 152, 146, 148, 154, 153, 148, 153, 147, 149, 155, 154, 149, 154, 148, 151, 157, 156, 151, 156, 150, 152, 158, 157, 152, 157, 151, 153, 159, 158, 153, 158, 152, 154, 160, 159, 154, 159, 153, 155, 161, 160, 155, 160, 154, 157, 163, 162, 157, 162, 156, 158, 164, 163, 158, 163, 157, 159, 165, 164, 159, 164, 158, 160, 166, 165, 160, 165, 159, 161, 167, 166, 161, 166, 160, 163, 169, 168, 163, 168, 162, 164, 170, 169, 164, 169, 163, 165, 171, 170, 165, 170, 164, 166, 172, 171, 166, 171, 165, 167, 173, 172, 167, 172, 166, 169, 175, 174, 169, 174, 168, 170, 176, 175, 170, 175, 169, 171, 177, 176, 171, 176, 170, 172, 178, 177, 172, 177, 171, 173, 179, 178, 173, 178, 172, 180, 186, 187, 180, 187, 181, 181, 187, 188, 181, 188, 182, 182, 188, 189, 182, 189, 183, 183, 189, 190, 183, 190, 184, 184, 190, 191, 184, 191, 185, 186, 192, 193, 186, 193, 187, 187, 193, 194, 187, 194, 188, 188, 194, 195, 188, 195, 189, 189, 195, 196, 189, 196, 190, 190, 196, 197, 190, 197, 191, 192, 198, 199, 192, 199, 193, 193, 199, 200, 193, 200, 194, 194, 200, 201, 194, 201, 195, 195, 201, 202, 195, 202, 196, 196, 202, 203, 196, 203, 197, 198, 204, 205, 198, 205, 199, 199, 205, 206, 199, 206, 200, 200, 206, 207, 200, 207, 201, 201, 207, 208, 201, 208, 202, 202, 208, 209, 202, 209, 203, 204, 210, 211, 204, 211, 205, 205, 211, 212, 205, 212, 206, 206, 212, 213, 206, 213, 207, 207, 213, 214, 207, 214, 208, 208, 214, 215, 208, 215, 209]
            normal3f[] normals = [(-0.7745967, -0.4472136, -0.4472136), (-0.7668657, -0.5195657, -0.376787), (-0.8121317, -0.583333, -0.01283447), (-0.8112391, -0.584708, 0.002776341), (-0.7900625, -0.5555967, 0.2590629), (-0.7071068, -0.5, 0.5), (-0.7668657, -0.376787, -0.5195657), (-0.8559572, -0.3656073, -0.3656073), (-0.8982466, -0.4393846, -0.009709244), (-0.9441597, -0.3294226, 0.006579214), (-0.8844941, -0.3299016, 0.3299016), (-0.7900625, -0.2590629, 0.5555967), (-0.8122807, -0.01519792, -0.5830687), (-0.8987273, -0.01154999, -0.4383558), (-0.9996035, -0.021593, -0.01807288), (-0.9999639, -0.00649288, 0.005488785), (-0.9439411, -0.007844276, 0.3300207), (-0.8112377, -0.003320716, 0.5847071), (-0.8112377, 0.003320716, -0.5847071), (-0.9439411, 0.007844276, -0.3300207), (-0.9999639, 0.00649288, -0.005488785), (-0.9996035, 0.021593, 0.01807288), (-0.8987273, 0.01154999, 0.4383558), (-0.8122807, 0.01519792, 0.5830687), (-0.7900625, 0.2590629, -0.5555967), (-0.8844941, 0.3299016, -0.3299016), (-0.9441597, 0.3294226, -0.006579214), (-0.8982466, 0.4393846, 0.009709244), (-0.8559572, 0.3656073, 0.3656073), (-0.7668657, 0.376787, 0.5195657), (-0.7071068, 0.5, -0.5), (-0.7900625, 0.5555967, -0.2590629), (-0.8112391, 0.584708, -0.002776341), (-0.8121317, 0.583333, 0.01283447), (-0.7668657, 0.5195657, 0.376787), (-0.7745967, 0.4472136, 0.4472136), (0.7071068, -0.5, -0.5), (0.7900625, -0.5555967, -0.2590629), (0.8112391, -0.584708, -0.002776341), (0.8121317, -0.583333, 0.01283447), (0.7668657, -0.5195657, 0.376787), (0.7745967, -0.4472136, 0.4472136), (0.7900625, -0.2590629, -0.5555967), (0.8844941, -0.3299016, -0.3299016), (0.9441597, -0.3294226, -0.006579214), (0.8982466, -0.4393846, 0.009709244), (0.8559572, -0.3656073, 0.3656073), (0.7668657, -0.376787, 0.5195657), (0.8112377, -0.003320716, -0.5847071), (0.9439411, -0.007844276, -0.3300207), (0.9999639, -0.00649288, -0.005488785), (0.9996035, -0.021593, 0.01807288), (0.8987273, -0.01154999, 0.4383558), (0.8122807, -0.01519792, 0.5830687), (0.8122807, 0.01519792, -0.5830687), (0.8987273, 0.01154999, -0.4383558), (0.9996035, 0.021593, -0.01807288), (0.9999639, 0.00649288, 0.005488785), (0.9439411, 0.007844276, 0.3300207), (0.8112377, 0.003320716, 0.5847071), (0.7668657, 0.376787, -0.5195657), (0.8559572, 0.3656073, -0.3656073), (0.8982466, 0.4393846, -0.009709244), (0.9441597, 0.3294226, 0.006579214), (0.8844941, 0.3299016, 0.3299016), (0.7900625, 0.2590629, 0.5555967), (0.7745967, 0.4472136, -0.4472136), (0.7668657, 0.5195657, -0.376787), (0.8121317, 0.583333, -0.01283447), (0.8112391, 0.584708, 0.002776341), (0.7900625, 0.5555967, 0.2590629), (0.7071068, 0.5, 0.5), (-0.4472136, -0.7745967, -0.4472136), (-0.376787, -0.7668657, -0.5195657), (-0.003030652, -0.8114645, -0.5843939), (0.0006295814, -0.811242, -0.5847102), (0.2590629, -0.7900625, -0.5555967), (0.5, -0.7071068, -0.5), (-0.5195657, -0.7668657, -0.376787), (-0.3656073, -0.8559572, -0.3656073), (-0.002250041, -0.8962555, -0.4435324), (0.001510884, -0.9450163, -0.3270197), (0.3299016, -0.8844941, -0.3299016), (0.5555967, -0.7900625, -0.2590629), (-0.583333, -0.8121317, -0.01283447), (-0.4393846, -0.8982466, -0.009709244), (-0.004353409, -0.9998078, -0.01911514), (0.001239211, -0.9999856, -0.005225292), (0.3294226, -0.9441597, -0.006579214), (0.584708, -0.8112391, -0.002776341), (-0.584708, -0.8112391, 0.002776341), (-0.3294226, -0.9441597, 0.006579214), (-0.001239211, -0.9999856, 0.005225292), (0.004353409, -0.9998078, 0.01911514), (0.4393846, -0.8982466, 0.009709244), (0.583333, -0.8121317, 0.01283447), (-0.5555967, -0.7900625, 0.2590629), (-0.3299016, -0.8844941, 0.3299016), (-0.001510884, -0.9450163, 0.3270197), (0.002250041, -0.8962555, 0.4435324), (0.3656073, -0.8559572, 0.3656073), (0.5195657, -0.7668657, 0.376787), (-0.5, -0.7071068, 0.5), (-0.2590629, -0.7900625, 0.5555967), (-0.0006295814, -0.811242, 0.5847102), (0.003030652, -0.8114645, 0.5843939), (0.376787, -0.7668657, 0.5195657), (0.4472136, -0.7745967, 0.4472136), (-0.5, 0.7071068, -0.5), (-0.2590629, 0.7900625, -0.5555967), (-0.0006295814, 0.811242, -0.5847102), (0.003030652, 0.8114645, -0.5843939), (0.376787, 0.7668657, -0.5195657), (0.4472136, 0.7745967, -0.4472136), (-0.5555967, 0.7900625, -0.2590629), (-0.3299016, 0.8844941, -0.3299016), (-0.001510884, 0.9450163, -0.3270197), (0.002250041, 0.8962555, -0.4435324), (0.3656073, 0.8559572, -0.3656073), (0.5195657, 0.7668657, -0.376787), (-0.584708, 0.8112391, -0.002776341), (-0.3294226, 0.9441597, -0.006579214), (-0.001239211, 0.9999856, -0.005225292), (0.004353409, 0.9998078, -0.01911514), (0.4393846, 0.8982466, -0.009709244), (0.583333, 0.8121317, -0.01283447), (-0.583333, 0.8121317, 0.01283447), (-0.4393846, 0.8982466, 0.009709244), (-0.004353409, 0.9998078, 0.01911514), (0.001239211, 0.9999856, 0.005225292), (0.3294226, 0.9441597, 0.006579214), (0.584708, 0.8112391, 0.002776341), (-0.5195657, 0.7668657, 0.376787), (-0.3656073, 0.8559572, 0.3656073), (-0.002250041, 0.8962555, 0.4435324), (0.001510884, 0.9450163, 0.3270197), (0.3299016, 0.8844941, 0.3299016), (0.5555967, 0.7900625, 0.2590629), (-0.4472136, 0.7745967, 0.4472136), (-0.376787, 0.7668657, 0.5195657), (-0.003030652, 0.8114645, 0.5843939), (0.0006295814, 0.811242, 0.5847102), (0.2590629, 0.7900625, 0.5555967), (0.5, 0.7071068, 0.5), (-0.4472136, -0.4472136, -0.7745967), (-0.5195657, -0.376787, -0.7668657), (-0.5830687, -0.01519792, -0.8122807), (-0.5847071, 0.003320716, -0.8112377), (-0.5555967, 0.2590629, -0.7900625), (-0.5, 0.5, -0.7071068), (-0.376787, -0.5195657, -0.7668657), (-0.3656073, -0.3656073, -0.8559572), (-0.4383558, -0.01154999, -0.8987273), (-0.3300207, 0.007844276, -0.9439411), (-0.3299016, 0.3299016, -0.8844941), (-0.2590629, 0.5555967, -0.7900625), (-0.003030652, -0.5843939, -0.8114645), (-0.002250041, -0.4435324, -0.8962555), (-0.004302448, -0.02257093, -0.999736), (-0.001251534, 0.006242653, -0.9999797), (-0.001510884, 0.3270197, -0.9450163), (-0.0006295814, 0.5847102, -0.811242), (0.0006295814, -0.5847102, -0.811242), (0.001510884, -0.3270197, -0.9450163), (0.001251534, -0.006242653, -0.9999797), (0.004302448, 0.02257093, -0.999736), (0.002250041, 0.4435324, -0.8962555), (0.003030652, 0.5843939, -0.8114645), (0.2590629, -0.5555967, -0.7900625), (0.3299016, -0.3299016, -0.8844941), (0.3300207, -0.007844276, -0.9439411), (0.4383558, 0.01154999, -0.8987273), (0.3656073, 0.3656073, -0.8559572), (0.376787, 0.5195657, -0.7668657), (0.5, -0.5, -0.7071068), (0.5555967, -0.2590629, -0.7900625), (0.5847071, -0.003320716, -0.8112377), (0.5830687, 0.01519792, -0.8122807), (0.5195657, 0.376787, -0.7668657), (0.4472136, 0.4472136, -0.7745967), (-0.5, -0.5, 0.7071068), (-0.5555967, -0.2590629, 0.7900625), (-0.5847071, -0.003320716, 0.8112377), (-0.5830687, 0.01519792, 0.8122807), (-0.5195657, 0.376787, 0.7668657), (-0.4472136, 0.4472136, 0.7745967), (-0.2590629, -0.5555967, 0.7900625), (-0.3299016, -0.3299016, 0.8844941), (-0.3300207, -0.007844276, 0.9439411), (-0.4383558, 0.01154999, 0.8987273), (-0.3656073, 0.3656073, 0.8559572), (-0.376787, 0.5195657, 0.7668657), (-0.0006295814, -0.5847102, 0.811242), (-0.001510884, -0.3270197, 0.9450163), (-0.001251534, -0.006242653, 0.9999797), (-0.004302448, 0.02257093, 0.999736), (-0.002250041, 0.4435324, 0.8962555), (-0.003030652, 0.5843939, 0.8114645), (0.003030652, -0.5843939, 0.8114645), (0.002250041, -0.4435324, 0.8962555), (0.004302448, -0.02257093, 0.999736), (0.001251534, 0.006242653, 0.9999797), (0.001510884, 0.3270197, 0.9450163), (0.0006295814, 0.5847102, 0.811242), (0.376787, -0.5195657, 0.7668657), (0.3656073, -0.3656073, 0.8559572), (0.4383558, -0.01154999, 0.8987273), (0.3300207, 0.007844276, 0.9439411), (0.3299016, 0.3299016, 0.8844941), (0.2590629, 0.5555967, 0.7900625), (0.4472136, -0.4472136, 0.7745967), (0.5195657, -0.376787, 0.7668657), (0.5830687, -0.01519792, 0.8122807), (0.5847071, 0.003320716, 0.8112377), (0.5555967, 0.2590629, 0.7900625), (0.5, 0.5, 0.7071068)] (interpolation = "vertex")
            float3[] extent = [(-0.0028, -0.00164, 0.00922), (0.0028, -0.0004, 0.01066)]
            rel material:binding = </WorkbenchPart/Materials/ceramic>
            texCoord2f[] primvars:st = [(-0.1777778, 1.033333), (-0.1743322, 1.032334), (-0.1733333, 1.028889), (-0.1777778, 1.033333), (-0.1733333, 1.028889), (-0.1765869, 1.03008), (-0.178317, 1.037778), (-0.1748517, 1.037778), (-0.1743322, 1.032334), (-0.178317, 1.037778), (-0.1743322, 1.032334), (-0.1777778, 1.033333), (-0.178317, 1.171111), (-0.1748517, 1.171111), (-0.1748517, 1.037778), (-0.178317, 1.171111), (-0.1748517, 1.037778), (-0.178317, 1.037778), (-0.1777778, 1.175556), (-0.1743322, 1.176554), (-0.1748517, 1.171111), (-0.1777778, 1.175556), (-0.1748517, 1.171111), (-0.178317, 1.171111), (-0.1765869, 1.178809), (-0.1733333, 1.18), (-0.1743322, 1.176554), (-0.1765869, 1.178809), (-0.1743322, 1.176554), (-0.1777778, 1.175556), (-0.1743322, 1.032334), (-0.1688889, 1.031815), (-0.1688889, 1.02835), (-0.1743322, 1.032334), (-0.1688889, 1.02835), (-0.1733333, 1.028889), (-0.1748517, 1.037778), (-0.1688889, 1.037778), (-0.1688889, 1.031815), (-0.1748517, 1.037778), (-0.1688889, 1.031815), (-0.1743322, 1.032334), (-0.1748517, 1.171111), (-0.1688889, 1.171111), (-0.1688889, 1.037778), (-0.1748517, 1.171111), (-0.1688889, 1.037778), (-0.1748517, 1.037778), (-0.1743322, 1.176554), (-0.1688889, 1.177074), (-0.1688889, 1.171111), (-0.1743322, 1.176554), (-0.1688889, 1.171111), (-0.1748517, 1.171111), (-0.1733333, 1.18), (-0.1688889, 1.180539), (-0.1688889, 1.177074), (-0.1733333, 1.18), (-0.1688889, 1.177074), (-0.1743322, 1.176554), (-0.1688889, 1.031815), (-0.05777778, 1.031815), (-0.05777778, 1.02835), (-0.1688889, 1.031815), (-0.05777778, 1.02835), (-0.1688889, 1.02835), (-0.1688889, 1.037778), (-0.05777778, 1.037778), (-0.05777778, 1.031815), (-0.1688889, 1.037778), (-0.05777778, 1.031815), (-0.1688889, 1.031815), (-0.1688889, 1.171111), (-0.05777778, 1.171111), (-0.05777778, 1.037778), (-0.1688889, 1.171111), (-0.05777778, 1.037778), (-0.1688889, 1.037778), (-0.1688889, 1.177074), (-0.05777778, 1.177074), (-0.05777778, 1.171111), (-0.1688889, 1.177074), (-0.05777778, 1.171111), (-0.1688889, 1.171111), (-0.1688889, 1.180539), (-0.05777778, 1.180539), (-0.05777778, 1.177074), (-0.1688889, 1.180539), (-0.05777778, 1.177074), (-0.1688889, 1.177074), (-0.05777778, 1.031815), (-0.05233447, 1.032334), (-0.05333333, 1.028889), (-0.05777778, 1.031815), (-0.05333333, 1.028889), (-0.05777778, 1.02835), (-0.05777778, 1.037778), (-0.05181493, 1.037778), (-0.05233447, 1.032334), (-0.05777778, 1.037778), (-0.05233447, 1.032334), (-0.05777778, 1.031815), (-0.05777778, 1.171111), (-0.05181493, 1.171111), (-0.05181493, 1.037778), (-0.05777778, 1.171111), (-0.05181493, 1.037778), (-0.05777778, 1.037778), (-0.05777778, 1.177074), (-0.05233447, 1.176554), (-0.05181493, 1.171111), (-0.05777778, 1.177074), (-0.05181493, 1.171111), (-0.05777778, 1.171111), (-0.05777778, 1.180539), (-0.05333333, 1.18), (-0.05233447, 1.176554), (-0.05777778, 1.180539), (-0.05233447, 1.176554), (-0.05777778, 1.177074), (-0.05233447, 1.032334), (-0.04888889, 1.033333), (-0.05007977, 1.03008), (-0.05233447, 1.032334), (-0.05007977, 1.03008), (-0.05333333, 1.028889), (-0.05181493, 1.037778), (-0.04834969, 1.037778), (-0.04888889, 1.033333), (-0.05181493, 1.037778), (-0.04888889, 1.033333), (-0.05233447, 1.032334), (-0.05181493, 1.171111), (-0.04834969, 1.171111), (-0.04834969, 1.037778), (-0.05181493, 1.171111), (-0.04834969, 1.037778), (-0.05181493, 1.037778), (-0.05233447, 1.176554), (-0.04888889, 1.175556), (-0.04834969, 1.171111), (-0.05233447, 1.176554), (-0.04834969, 1.171111), (-0.05181493, 1.171111), (-0.05333333, 1.18), (-0.05007977, 1.178809), (-0.04888889, 1.175556), (-0.05333333, 1.18), (-0.04888889, 1.175556), (-0.05233447, 1.176554), (-0.1765869, 1.03008), (-0.1733333, 1.028889), (-0.1743322, 1.032334), (-0.1765869, 1.03008), (-0.1743322, 1.032334), (-0.1777778, 1.033333), (-0.1777778, 1.033333), (-0.1743322, 1.032334), (-0.1748517, 1.037778), (-0.1777778, 1.033333), (-0.1748517, 1.037778), (-0.178317, 1.037778), (-0.178317, 1.037778), (-0.1748517, 1.037778), (-0.1748517, 1.171111), (-0.178317, 1.037778), (-0.1748517, 1.171111), (-0.178317, 1.171111), (-0.178317, 1.171111), (-0.1748517, 1.171111), (-0.1743322, 1.176554), (-0.178317, 1.171111), (-0.1743322, 1.176554), (-0.1777778, 1.175556), (-0.1777778, 1.175556), (-0.1743322, 1.176554), (-0.1733333, 1.18), (-0.1777778, 1.175556), (-0.1733333, 1.18), (-0.1765869, 1.178809), (-0.1733333, 1.028889), (-0.1688889, 1.02835), (-0.1688889, 1.031815), (-0.1733333, 1.028889), (-0.1688889, 1.031815), (-0.1743322, 1.032334), (-0.1743322, 1.032334), (-0.1688889, 1.031815), (-0.1688889, 1.037778), (-0.1743322, 1.032334), (-0.1688889, 1.037778), (-0.1748517, 1.037778), (-0.1748517, 1.037778), (-0.1688889, 1.037778), (-0.1688889, 1.171111), (-0.1748517, 1.037778), (-0.1688889, 1.171111), (-0.1748517, 1.171111), (-0.1748517, 1.171111), (-0.1688889, 1.171111), (-0.1688889, 1.177074), (-0.1748517, 1.171111), (-0.1688889, 1.177074), (-0.1743322, 1.176554), (-0.1743322, 1.176554), (-0.1688889, 1.177074), (-0.1688889, 1.180539), (-0.1743322, 1.176554), (-0.1688889, 1.180539), (-0.1733333, 1.18), (-0.1688889, 1.02835), (-0.05777778, 1.02835), (-0.05777778, 1.031815), (-0.1688889, 1.02835), (-0.05777778, 1.031815), (-0.1688889, 1.031815), (-0.1688889, 1.031815), (-0.05777778, 1.031815), (-0.05777778, 1.037778), (-0.1688889, 1.031815), (-0.05777778, 1.037778), (-0.1688889, 1.037778), (-0.1688889, 1.037778), (-0.05777778, 1.037778), (-0.05777778, 1.171111), (-0.1688889, 1.037778), (-0.05777778, 1.171111), (-0.1688889, 1.171111), (-0.1688889, 1.171111), (-0.05777778, 1.171111), (-0.05777778, 1.177074), (-0.1688889, 1.171111), (-0.05777778, 1.177074), (-0.1688889, 1.177074), (-0.1688889, 1.177074), (-0.05777778, 1.177074), (-0.05777778, 1.180539), (-0.1688889, 1.177074), (-0.05777778, 1.180539), (-0.1688889, 1.180539), (-0.05777778, 1.02835), (-0.05333333, 1.028889), (-0.05233447, 1.032334), (-0.05777778, 1.02835), (-0.05233447, 1.032334), (-0.05777778, 1.031815), (-0.05777778, 1.031815), (-0.05233447, 1.032334), (-0.05181493, 1.037778), (-0.05777778, 1.031815), (-0.05181493, 1.037778), (-0.05777778, 1.037778), (-0.05777778, 1.037778), (-0.05181493, 1.037778), (-0.05181493, 1.171111), (-0.05777778, 1.037778), (-0.05181493, 1.171111), (-0.05777778, 1.171111), (-0.05777778, 1.171111), (-0.05181493, 1.171111), (-0.05233447, 1.176554), (-0.05777778, 1.171111), (-0.05233447, 1.176554), (-0.05777778, 1.177074), (-0.05777778, 1.177074), (-0.05233447, 1.176554), (-0.05333333, 1.18), (-0.05777778, 1.177074), (-0.05333333, 1.18), (-0.05777778, 1.180539), (-0.05333333, 1.028889), (-0.05007977, 1.03008), (-0.04888889, 1.033333), (-0.05333333, 1.028889), (-0.04888889, 1.033333), (-0.05233447, 1.032334), (-0.05233447, 1.032334), (-0.04888889, 1.033333), (-0.04834969, 1.037778), (-0.05233447, 1.032334), (-0.04834969, 1.037778), (-0.05181493, 1.037778), (-0.05181493, 1.037778), (-0.04834969, 1.037778), (-0.04834969, 1.171111), (-0.05181493, 1.037778), (-0.04834969, 1.171111), (-0.05181493, 1.171111), (-0.05181493, 1.171111), (-0.04834969, 1.171111), (-0.04888889, 1.175556), (-0.05181493, 1.171111), (-0.04888889, 1.175556), (-0.05233447, 1.176554), (-0.05233447, 1.176554), (-0.04888889, 1.175556), (-0.05007977, 1.178809), (-0.05233447, 1.176554), (-0.05007977, 1.178809), (-0.05333333, 1.18), (-0.3022222, 1.028889), (-0.3032211, 1.032334), (-0.3066667, 1.033333), (-0.3022222, 1.028889), (-0.3066667, 1.033333), (-0.3054758, 1.03008), (-0.2977778, 1.02835), (-0.2977778, 1.031815), (-0.3032211, 1.032334), (-0.2977778, 1.02835), (-0.3032211, 1.032334), (-0.3022222, 1.028889), (0.2977778, 1.02835), (0.2977778, 1.031815), (-0.2977778, 1.031815), (0.2977778, 1.02835), (-0.2977778, 1.031815), (-0.2977778, 1.02835), (0.3022222, 1.028889), (0.3032211, 1.032334), (0.2977778, 1.031815), (0.3022222, 1.028889), (0.2977778, 1.031815), (0.2977778, 1.02835), (0.3054758, 1.03008), (0.3066667, 1.033333), (0.3032211, 1.032334), (0.3054758, 1.03008), (0.3032211, 1.032334), (0.3022222, 1.028889), (-0.3032211, 1.032334), (-0.3037406, 1.037778), (-0.3072059, 1.037778), (-0.3032211, 1.032334), (-0.3072059, 1.037778), (-0.3066667, 1.033333), (-0.2977778, 1.031815), (-0.2977778, 1.037778), (-0.3037406, 1.037778), (-0.2977778, 1.031815), (-0.3037406, 1.037778), (-0.3032211, 1.032334), (0.2977778, 1.031815), (0.2977778, 1.037778), (-0.2977778, 1.037778), (0.2977778, 1.031815), (-0.2977778, 1.037778), (-0.2977778, 1.031815), (0.3032211, 1.032334), (0.3037406, 1.037778), (0.2977778, 1.037778), (0.3032211, 1.032334), (0.2977778, 1.037778), (0.2977778, 1.031815), (0.3066667, 1.033333), (0.3072059, 1.037778), (0.3037406, 1.037778), (0.3066667, 1.033333), (0.3037406, 1.037778), (0.3032211, 1.032334), (-0.3037406, 1.037778), (-0.3037406, 1.171111), (-0.3072059, 1.171111), (-0.3037406, 1.037778), (-0.3072059, 1.171111), (-0.3072059, 1.037778), (-0.2977778, 1.037778), (-0.2977778, 1.171111), (-0.3037406, 1.171111), (-0.2977778, 1.037778), (-0.3037406, 1.171111), (-0.3037406, 1.037778), (0.2977778, 1.037778), (0.2977778, 1.171111), (-0.2977778, 1.171111), (0.2977778, 1.037778), (-0.2977778, 1.171111), (-0.2977778, 1.037778), (0.3037406, 1.037778), (0.3037406, 1.171111), (0.2977778, 1.171111), (0.3037406, 1.037778), (0.2977778, 1.171111), (0.2977778, 1.037778), (0.3072059, 1.037778), (0.3072059, 1.171111), (0.3037406, 1.171111), (0.3072059, 1.037778), (0.3037406, 1.171111), (0.3037406, 1.037778), (-0.3037406, 1.171111), (-0.3032211, 1.176554), (-0.3066667, 1.175556), (-0.3037406, 1.171111), (-0.3066667, 1.175556), (-0.3072059, 1.171111), (-0.2977778, 1.171111), (-0.2977778, 1.177074), (-0.3032211, 1.176554), (-0.2977778, 1.171111), (-0.3032211, 1.176554), (-0.3037406, 1.171111), (0.2977778, 1.171111), (0.2977778, 1.177074), (-0.2977778, 1.177074), (0.2977778, 1.171111), (-0.2977778, 1.177074), (-0.2977778, 1.171111), (0.3037406, 1.171111), (0.3032211, 1.176554), (0.2977778, 1.177074), (0.3037406, 1.171111), (0.2977778, 1.177074), (0.2977778, 1.171111), (0.3072059, 1.171111), (0.3066667, 1.175556), (0.3032211, 1.176554), (0.3072059, 1.171111), (0.3032211, 1.176554), (0.3037406, 1.171111), (-0.3032211, 1.176554), (-0.3022222, 1.18), (-0.3054758, 1.178809), (-0.3032211, 1.176554), (-0.3054758, 1.178809), (-0.3066667, 1.175556), (-0.2977778, 1.177074), (-0.2977778, 1.180539), (-0.3022222, 1.18), (-0.2977778, 1.177074), (-0.3022222, 1.18), (-0.3032211, 1.176554), (0.2977778, 1.177074), (0.2977778, 1.180539), (-0.2977778, 1.180539), (0.2977778, 1.177074), (-0.2977778, 1.180539), (-0.2977778, 1.177074), (0.3032211, 1.176554), (0.3022222, 1.18), (0.2977778, 1.180539), (0.3032211, 1.176554), (0.2977778, 1.180539), (0.2977778, 1.177074), (0.3066667, 1.175556), (0.3054758, 1.178809), (0.3022222, 1.18), (0.3066667, 1.175556), (0.3022222, 1.18), (0.3032211, 1.176554), (-0.3054758, 1.03008), (-0.3066667, 1.033333), (-0.3032211, 1.032334), (-0.3054758, 1.03008), (-0.3032211, 1.032334), (-0.3022222, 1.028889), (-0.3022222, 1.028889), (-0.3032211, 1.032334), (-0.2977778, 1.031815), (-0.3022222, 1.028889), (-0.2977778, 1.031815), (-0.2977778, 1.02835), (-0.2977778, 1.02835), (-0.2977778, 1.031815), (0.2977778, 1.031815), (-0.2977778, 1.02835), (0.2977778, 1.031815), (0.2977778, 1.02835), (0.2977778, 1.02835), (0.2977778, 1.031815), (0.3032211, 1.032334), (0.2977778, 1.02835), (0.3032211, 1.032334), (0.3022222, 1.028889), (0.3022222, 1.028889), (0.3032211, 1.032334), (0.3066667, 1.033333), (0.3022222, 1.028889), (0.3066667, 1.033333), (0.3054758, 1.03008), (-0.3066667, 1.033333), (-0.3072059, 1.037778), (-0.3037406, 1.037778), (-0.3066667, 1.033333), (-0.3037406, 1.037778), (-0.3032211, 1.032334), (-0.3032211, 1.032334), (-0.3037406, 1.037778), (-0.2977778, 1.037778), (-0.3032211, 1.032334), (-0.2977778, 1.037778), (-0.2977778, 1.031815), (-0.2977778, 1.031815), (-0.2977778, 1.037778), (0.2977778, 1.037778), (-0.2977778, 1.031815), (0.2977778, 1.037778), (0.2977778, 1.031815), (0.2977778, 1.031815), (0.2977778, 1.037778), (0.3037406, 1.037778), (0.2977778, 1.031815), (0.3037406, 1.037778), (0.3032211, 1.032334), (0.3032211, 1.032334), (0.3037406, 1.037778), (0.3072059, 1.037778), (0.3032211, 1.032334), (0.3072059, 1.037778), (0.3066667, 1.033333), (-0.3072059, 1.037778), (-0.3072059, 1.171111), (-0.3037406, 1.171111), (-0.3072059, 1.037778), (-0.3037406, 1.171111), (-0.3037406, 1.037778), (-0.3037406, 1.037778), (-0.3037406, 1.171111), (-0.2977778, 1.171111), (-0.3037406, 1.037778), (-0.2977778, 1.171111), (-0.2977778, 1.037778), (-0.2977778, 1.037778), (-0.2977778, 1.171111), (0.2977778, 1.171111), (-0.2977778, 1.037778), (0.2977778, 1.171111), (0.2977778, 1.037778), (0.2977778, 1.037778), (0.2977778, 1.171111), (0.3037406, 1.171111), (0.2977778, 1.037778), (0.3037406, 1.171111), (0.3037406, 1.037778), (0.3037406, 1.037778), (0.3037406, 1.171111), (0.3072059, 1.171111), (0.3037406, 1.037778), (0.3072059, 1.171111), (0.3072059, 1.037778), (-0.3072059, 1.171111), (-0.3066667, 1.175556), (-0.3032211, 1.176554), (-0.3072059, 1.171111), (-0.3032211, 1.176554), (-0.3037406, 1.171111), (-0.3037406, 1.171111), (-0.3032211, 1.176554), (-0.2977778, 1.177074), (-0.3037406, 1.171111), (-0.2977778, 1.177074), (-0.2977778, 1.171111), (-0.2977778, 1.171111), (-0.2977778, 1.177074), (0.2977778, 1.177074), (-0.2977778, 1.171111), (0.2977778, 1.177074), (0.2977778, 1.171111), (0.2977778, 1.171111), (0.2977778, 1.177074), (0.3032211, 1.176554), (0.2977778, 1.171111), (0.3032211, 1.176554), (0.3037406, 1.171111), (0.3037406, 1.171111), (0.3032211, 1.176554), (0.3066667, 1.175556), (0.3037406, 1.171111), (0.3066667, 1.175556), (0.3072059, 1.171111), (-0.3066667, 1.175556), (-0.3054758, 1.178809), (-0.3022222, 1.18), (-0.3066667, 1.175556), (-0.3022222, 1.18), (-0.3032211, 1.176554), (-0.3032211, 1.176554), (-0.3022222, 1.18), (-0.2977778, 1.180539), (-0.3032211, 1.176554), (-0.2977778, 1.180539), (-0.2977778, 1.177074), (-0.2977778, 1.177074), (-0.2977778, 1.180539), (0.2977778, 1.180539), (-0.2977778, 1.177074), (0.2977778, 1.180539), (0.2977778, 1.177074), (0.2977778, 1.177074), (0.2977778, 1.180539), (0.3022222, 1.18), (0.2977778, 1.177074), (0.3022222, 1.18), (0.3032211, 1.176554), (0.3032211, 1.176554), (0.3022222, 1.18), (0.3054758, 1.178809), (0.3032211, 1.176554), (0.3054758, 1.178809), (0.3066667, 1.175556), (-0.3066667, -0.1733333), (-0.3032211, -0.1743322), (-0.3022222, -0.1777778), (-0.3066667, -0.1733333), (-0.3022222, -0.1777778), (-0.3054758, -0.1765869), (-0.3072059, -0.1688889), (-0.3037406, -0.1688889), (-0.3032211, -0.1743322), (-0.3072059, -0.1688889), (-0.3032211, -0.1743322), (-0.3066667, -0.1733333), (-0.3072059, -0.05777778), (-0.3037406, -0.05777778), (-0.3037406, -0.1688889), (-0.3072059, -0.05777778), (-0.3037406, -0.1688889), (-0.3072059, -0.1688889), (-0.3066667, -0.05333333), (-0.3032211, -0.05233447), (-0.3037406, -0.05777778), (-0.3066667, -0.05333333), (-0.3037406, -0.05777778), (-0.3072059, -0.05777778), (-0.3054758, -0.05007977), (-0.3022222, -0.04888889), (-0.3032211, -0.05233447), (-0.3054758, -0.05007977), (-0.3032211, -0.05233447), (-0.3066667, -0.05333333), (-0.3032211, -0.1743322), (-0.2977778, -0.1748517), (-0.2977778, -0.178317), (-0.3032211, -0.1743322), (-0.2977778, -0.178317), (-0.3022222, -0.1777778), (-0.3037406, -0.1688889), (-0.2977778, -0.1688889), (-0.2977778, -0.1748517), (-0.3037406, -0.1688889), (-0.2977778, -0.1748517), (-0.3032211, -0.1743322), (-0.3037406, -0.05777778), (-0.2977778, -0.05777778), (-0.2977778, -0.1688889), (-0.3037406, -0.05777778), (-0.2977778, -0.1688889), (-0.3037406, -0.1688889), (-0.3032211, -0.05233447), (-0.2977778, -0.05181493), (-0.2977778, -0.05777778), (-0.3032211, -0.05233447), (-0.2977778, -0.05777778), (-0.3037406, -0.05777778), (-0.3022222, -0.04888889), (-0.2977778, -0.04834969), (-0.2977778, -0.05181493), (-0.3022222, -0.04888889), (-0.2977778, -0.05181493), (-0.3032211, -0.05233447), (-0.2977778, -0.1748517), (0.2977778, -0.1748517), (0.2977778, -0.178317), (-0.2977778, -0.1748517), (0.2977778, -0.178317), (-0.2977778, -0.178317), (-0.2977778, -0.1688889), (0.2977778, -0.1688889), (0.2977778, -0.1748517), (-0.2977778, -0.1688889), (0.2977778, -0.1748517), (-0.2977778, -0.1748517), (-0.2977778, -0.05777778), (0.2977778, -0.05777778), (0.2977778, -0.1688889), (-0.2977778, -0.05777778), (0.2977778, -0.1688889), (-0.2977778, -0.1688889), (-0.2977778, -0.05181493), (0.2977778, -0.05181493), (0.2977778, -0.05777778), (-0.2977778, -0.05181493), (0.2977778, -0.05777778), (-0.2977778, -0.05777778), (-0.2977778, -0.04834969), (0.2977778, -0.04834969), (0.2977778, -0.05181493), (-0.2977778, -0.04834969), (0.2977778, -0.05181493), (-0.2977778, -0.05181493), (0.2977778, -0.1748517), (0.3032211, -0.1743322), (0.3022222, -0.1777778), (0.2977778, -0.1748517), (0.3022222, -0.1777778), (0.2977778, -0.178317), (0.2977778, -0.1688889), (0.3037406, -0.1688889), (0.3032211, -0.1743322), (0.2977778, -0.1688889), (0.3032211, -0.1743322), (0.2977778, -0.1748517), (0.2977778, -0.05777778), (0.3037406, -0.05777778), (0.3037406, -0.1688889), (0.2977778, -0.05777778), (0.3037406, -0.1688889), (0.2977778, -0.1688889), (0.2977778, -0.05181493), (0.3032211, -0.05233447), (0.3037406, -0.05777778), (0.2977778, -0.05181493), (0.3037406, -0.05777778), (0.2977778, -0.05777778), (0.2977778, -0.04834969), (0.3022222, -0.04888889), (0.3032211, -0.05233447), (0.2977778, -0.04834969), (0.3032211, -0.05233447), (0.2977778, -0.05181493), (0.3032211, -0.1743322), (0.3066667, -0.1733333), (0.3054758, -0.1765869), (0.3032211, -0.1743322), (0.3054758, -0.1765869), (0.3022222, -0.1777778), (0.3037406, -0.1688889), (0.3072059, -0.1688889), (0.3066667, -0.1733333), (0.3037406, -0.1688889), (0.3066667, -0.1733333), (0.3032211, -0.1743322), (0.3037406, -0.05777778), (0.3072059, -0.05777778), (0.3072059, -0.1688889), (0.3037406, -0.05777778), (0.3072059, -0.1688889), (0.3037406, -0.1688889), (0.3032211, -0.05233447), (0.3066667, -0.05333333), (0.3072059, -0.05777778), (0.3032211, -0.05233447), (0.3072059, -0.05777778), (0.3037406, -0.05777778), (0.3022222, -0.04888889), (0.3054758, -0.05007977), (0.3066667, -0.05333333), (0.3022222, -0.04888889), (0.3066667, -0.05333333), (0.3032211, -0.05233447), (-0.3054758, -0.1765869), (-0.3022222, -0.1777778), (-0.3032211, -0.1743322), (-0.3054758, -0.1765869), (-0.3032211, -0.1743322), (-0.3066667, -0.1733333), (-0.3066667, -0.1733333), (-0.3032211, -0.1743322), (-0.3037406, -0.1688889), (-0.3066667, -0.1733333), (-0.3037406, -0.1688889), (-0.3072059, -0.1688889), (-0.3072059, -0.1688889), (-0.3037406, -0.1688889), (-0.3037406, -0.05777778), (-0.3072059, -0.1688889), (-0.3037406, -0.05777778), (-0.3072059, -0.05777778), (-0.3072059, -0.05777778), (-0.3037406, -0.05777778), (-0.3032211, -0.05233447), (-0.3072059, -0.05777778), (-0.3032211, -0.05233447), (-0.3066667, -0.05333333), (-0.3066667, -0.05333333), (-0.3032211, -0.05233447), (-0.3022222, -0.04888889), (-0.3066667, -0.05333333), (-0.3022222, -0.04888889), (-0.3054758, -0.05007977), (-0.3022222, -0.1777778), (-0.2977778, -0.178317), (-0.2977778, -0.1748517), (-0.3022222, -0.1777778), (-0.2977778, -0.1748517), (-0.3032211, -0.1743322), (-0.3032211, -0.1743322), (-0.2977778, -0.1748517), (-0.2977778, -0.1688889), (-0.3032211, -0.1743322), (-0.2977778, -0.1688889), (-0.3037406, -0.1688889), (-0.3037406, -0.1688889), (-0.2977778, -0.1688889), (-0.2977778, -0.05777778), (-0.3037406, -0.1688889), (-0.2977778, -0.05777778), (-0.3037406, -0.05777778), (-0.3037406, -0.05777778), (-0.2977778, -0.05777778), (-0.2977778, -0.05181493), (-0.3037406, -0.05777778), (-0.2977778, -0.05181493), (-0.3032211, -0.05233447), (-0.3032211, -0.05233447), (-0.2977778, -0.05181493), (-0.2977778, -0.04834969), (-0.3032211, -0.05233447), (-0.2977778, -0.04834969), (-0.3022222, -0.04888889), (-0.2977778, -0.178317), (0.2977778, -0.178317), (0.2977778, -0.1748517), (-0.2977778, -0.178317), (0.2977778, -0.1748517), (-0.2977778, -0.1748517), (-0.2977778, -0.1748517), (0.2977778, -0.1748517), (0.2977778, -0.1688889), (-0.2977778, -0.1748517), (0.2977778, -0.1688889), (-0.2977778, -0.1688889), (-0.2977778, -0.1688889), (0.2977778, -0.1688889), (0.2977778, -0.05777778), (-0.2977778, -0.1688889), (0.2977778, -0.05777778), (-0.2977778, -0.05777778), (-0.2977778, -0.05777778), (0.2977778, -0.05777778), (0.2977778, -0.05181493), (-0.2977778, -0.05777778), (0.2977778, -0.05181493), (-0.2977778, -0.05181493), (-0.2977778, -0.05181493), (0.2977778, -0.05181493), (0.2977778, -0.04834969), (-0.2977778, -0.05181493), (0.2977778, -0.04834969), (-0.2977778, -0.04834969), (0.2977778, -0.178317), (0.3022222, -0.1777778), (0.3032211, -0.1743322), (0.2977778, -0.178317), (0.3032211, -0.1743322), (0.2977778, -0.1748517), (0.2977778, -0.1748517), (0.3032211, -0.1743322), (0.3037406, -0.1688889), (0.2977778, -0.1748517), (0.3037406, -0.1688889), (0.2977778, -0.1688889), (0.2977778, -0.1688889), (0.3037406, -0.1688889), (0.3037406, -0.05777778), (0.2977778, -0.1688889), (0.3037406, -0.05777778), (0.2977778, -0.05777778), (0.2977778, -0.05777778), (0.3037406, -0.05777778), (0.3032211, -0.05233447), (0.2977778, -0.05777778), (0.3032211, -0.05233447), (0.2977778, -0.05181493), (0.2977778, -0.05181493), (0.3032211, -0.05233447), (0.3022222, -0.04888889), (0.2977778, -0.05181493), (0.3022222, -0.04888889), (0.2977778, -0.04834969), (0.3022222, -0.1777778), (0.3054758, -0.1765869), (0.3066667, -0.1733333), (0.3022222, -0.1777778), (0.3066667, -0.1733333), (0.3032211, -0.1743322), (0.3032211, -0.1743322), (0.3066667, -0.1733333), (0.3072059, -0.1688889), (0.3032211, -0.1743322), (0.3072059, -0.1688889), (0.3037406, -0.1688889), (0.3037406, -0.1688889), (0.3072059, -0.1688889), (0.3072059, -0.05777778), (0.3037406, -0.1688889), (0.3072059, -0.05777778), (0.3037406, -0.05777778), (0.3037406, -0.05777778), (0.3072059, -0.05777778), (0.3066667, -0.05333333), (0.3037406, -0.05777778), (0.3066667, -0.05333333), (0.3032211, -0.05233447), (0.3032211, -0.05233447), (0.3066667, -0.05333333), (0.3054758, -0.05007977), (0.3032211, -0.05233447), (0.3054758, -0.05007977), (0.3022222, -0.04888889)] (interpolation = "faceVarying")
        }
        def Mesh "ConnectorCavity_01" (prepend apiSchemas = ["MaterialBindingAPI"])
        {
            uniform token subdivisionScheme = "none"
            uniform token orientation = "rightHanded"
            bool doubleSided = false
            point3f[] points = [(-0.002224, -0.001332, 0.010658), (-0.001776, -0.001332, 0.010658), (-0.001776, -0.000708, 0.010658), (-0.002224, -0.000708, 0.010658), (-0.002224, -0.001332, 0.010678), (-0.001776, -0.001332, 0.010678), (-0.001776, -0.000708, 0.010678), (-0.002224, -0.000708, 0.010678)]
            int[] faceVertexCounts = [3, 3, 3, 3, 3, 3, 3, 3, 3, 3, 3, 3]
            int[] faceVertexIndices = [0, 3, 2, 0, 2, 1, 4, 5, 6, 4, 6, 7, 0, 1, 5, 0, 5, 4, 3, 7, 6, 3, 6, 2, 1, 2, 6, 1, 6, 5, 0, 4, 7, 0, 7, 3]
            normal3f[] normals = [(0, 0, -1), (0, 0, -1), (0, 0, -1), (0, 0, -1), (0, 0, -1), (0, 0, -1), (0, 0, 1), (0, 0, 1), (0, 0, 1), (0, 0, 1), (0, 0, 1), (0, 0, 1), (0, -1, 0), (0, -1, 0), (0, -1, 0), (0, -1, 0), (0, -1, 0), (0, -1, 0), (0, 1, 0), (0, 1, 0), (0, 1, 0), (0, 1, 0), (0, 1, 0), (0, 1, 0), (1, 0, 0), (1, 0, 0), (1, 0, 0), (1, 0, 0), (1, 0, 0), (1, 0, 0), (-1, 0, 0), (-1, 0, 0), (-1, 0, 0), (-1, 0, 0), (-1, 0, 0), (-1, 0, 0)] (interpolation = "faceVarying")
            float3[] extent = [(-0.002224, -0.001332, 0.010658), (-0.001776, -0.000708, 0.010678)]
            rel material:binding = </WorkbenchPart/Materials/seam>
        }
        def Mesh "ContactPin_01" (prepend apiSchemas = ["MaterialBindingAPI"])
        {
            uniform token subdivisionScheme = "none"
            uniform token orientation = "rightHanded"
            bool doubleSided = false
            point3f[] points = [(-0.002084, -0.00118, 0.010672), (-0.001916, -0.00118, 0.010672), (-0.001916, -0.001004, 0.010672), (-0.002084, -0.001004, 0.010672), (-0.002084, -0.00118, 0.010696), (-0.001916, -0.00118, 0.010696), (-0.001916, -0.001004, 0.010696), (-0.002084, -0.001004, 0.010696)]
            int[] faceVertexCounts = [3, 3, 3, 3, 3, 3, 3, 3, 3, 3, 3, 3]
            int[] faceVertexIndices = [0, 3, 2, 0, 2, 1, 4, 5, 6, 4, 6, 7, 0, 1, 5, 0, 5, 4, 3, 7, 6, 3, 6, 2, 1, 2, 6, 1, 6, 5, 0, 4, 7, 0, 7, 3]
            normal3f[] normals = [(0, 0, -1), (0, 0, -1), (0, 0, -1), (0, 0, -1), (0, 0, -1), (0, 0, -1), (0, 0, 1), (0, 0, 1), (0, 0, 1), (0, 0, 1), (0, 0, 1), (0, 0, 1), (0, -1, 0), (0, -1, 0), (0, -1, 0), (0, -1, 0), (0, -1, 0), (0, -1, 0), (0, 1, 0), (0, 1, 0), (0, 1, 0), (0, 1, 0), (0, 1, 0), (0, 1, 0), (1, 0, 0), (1, 0, 0), (1, 0, 0), (1, 0, 0), (1, 0, 0), (1, 0, 0), (-1, 0, 0), (-1, 0, 0), (-1, 0, 0), (-1, 0, 0), (-1, 0, 0), (-1, 0, 0)] (interpolation = "faceVarying")
            float3[] extent = [(-0.002084, -0.00118, 0.010672), (-0.001916, -0.001004, 0.010696)]
            rel material:binding = </WorkbenchPart/Materials/gold>
        }
        def Mesh "ConnectorCavity_02" (prepend apiSchemas = ["MaterialBindingAPI"])
        {
            uniform token subdivisionScheme = "none"
            uniform token orientation = "rightHanded"
            bool doubleSided = false
            point3f[] points = [(-0.001424, -0.001332, 0.010658), (-0.000976, -0.001332, 0.010658), (-0.000976, -0.000708, 0.010658), (-0.001424, -0.000708, 0.010658), (-0.001424, -0.001332, 0.010678), (-0.000976, -0.001332, 0.010678), (-0.000976, -0.000708, 0.010678), (-0.001424, -0.000708, 0.010678)]
            int[] faceVertexCounts = [3, 3, 3, 3, 3, 3, 3, 3, 3, 3, 3, 3]
            int[] faceVertexIndices = [0, 3, 2, 0, 2, 1, 4, 5, 6, 4, 6, 7, 0, 1, 5, 0, 5, 4, 3, 7, 6, 3, 6, 2, 1, 2, 6, 1, 6, 5, 0, 4, 7, 0, 7, 3]
            normal3f[] normals = [(0, 0, -1), (0, 0, -1), (0, 0, -1), (0, 0, -1), (0, 0, -1), (0, 0, -1), (0, 0, 1), (0, 0, 1), (0, 0, 1), (0, 0, 1), (0, 0, 1), (0, 0, 1), (0, -1, 0), (0, -1, 0), (0, -1, 0), (0, -1, 0), (0, -1, 0), (0, -1, 0), (0, 1, 0), (0, 1, 0), (0, 1, 0), (0, 1, 0), (0, 1, 0), (0, 1, 0), (1, 0, 0), (1, 0, 0), (1, 0, 0), (1, 0, 0), (1, 0, 0), (1, 0, 0), (-1, 0, 0), (-1, 0, 0), (-1, 0, 0), (-1, 0, 0), (-1, 0, 0), (-1, 0, 0)] (interpolation = "faceVarying")
            float3[] extent = [(-0.001424, -0.001332, 0.010658), (-0.000976, -0.000708, 0.010678)]
            rel material:binding = </WorkbenchPart/Materials/seam>
        }
        def Mesh "ContactPin_02" (prepend apiSchemas = ["MaterialBindingAPI"])
        {
            uniform token subdivisionScheme = "none"
            uniform token orientation = "rightHanded"
            bool doubleSided = false
            point3f[] points = [(-0.001284, -0.00118, 0.010672), (-0.001116, -0.00118, 0.010672), (-0.001116, -0.001004, 0.010672), (-0.001284, -0.001004, 0.010672), (-0.001284, -0.00118, 0.010696), (-0.001116, -0.00118, 0.010696), (-0.001116, -0.001004, 0.010696), (-0.001284, -0.001004, 0.010696)]
            int[] faceVertexCounts = [3, 3, 3, 3, 3, 3, 3, 3, 3, 3, 3, 3]
            int[] faceVertexIndices = [0, 3, 2, 0, 2, 1, 4, 5, 6, 4, 6, 7, 0, 1, 5, 0, 5, 4, 3, 7, 6, 3, 6, 2, 1, 2, 6, 1, 6, 5, 0, 4, 7, 0, 7, 3]
            normal3f[] normals = [(0, 0, -1), (0, 0, -1), (0, 0, -1), (0, 0, -1), (0, 0, -1), (0, 0, -1), (0, 0, 1), (0, 0, 1), (0, 0, 1), (0, 0, 1), (0, 0, 1), (0, 0, 1), (0, -1, 0), (0, -1, 0), (0, -1, 0), (0, -1, 0), (0, -1, 0), (0, -1, 0), (0, 1, 0), (0, 1, 0), (0, 1, 0), (0, 1, 0), (0, 1, 0), (0, 1, 0), (1, 0, 0), (1, 0, 0), (1, 0, 0), (1, 0, 0), (1, 0, 0), (1, 0, 0), (-1, 0, 0), (-1, 0, 0), (-1, 0, 0), (-1, 0, 0), (-1, 0, 0), (-1, 0, 0)] (interpolation = "faceVarying")
            float3[] extent = [(-0.001284, -0.00118, 0.010672), (-0.001116, -0.001004, 0.010696)]
            rel material:binding = </WorkbenchPart/Materials/gold>
        }
        def Mesh "ConnectorCavity_03" (prepend apiSchemas = ["MaterialBindingAPI"])
        {
            uniform token subdivisionScheme = "none"
            uniform token orientation = "rightHanded"
            bool doubleSided = false
            point3f[] points = [(-0.000624, -0.001332, 0.010658), (-0.000176, -0.001332, 0.010658), (-0.000176, -0.000708, 0.010658), (-0.000624, -0.000708, 0.010658), (-0.000624, -0.001332, 0.010678), (-0.000176, -0.001332, 0.010678), (-0.000176, -0.000708, 0.010678), (-0.000624, -0.000708, 0.010678)]
            int[] faceVertexCounts = [3, 3, 3, 3, 3, 3, 3, 3, 3, 3, 3, 3]
            int[] faceVertexIndices = [0, 3, 2, 0, 2, 1, 4, 5, 6, 4, 6, 7, 0, 1, 5, 0, 5, 4, 3, 7, 6, 3, 6, 2, 1, 2, 6, 1, 6, 5, 0, 4, 7, 0, 7, 3]
            normal3f[] normals = [(0, 0, -1), (0, 0, -1), (0, 0, -1), (0, 0, -1), (0, 0, -1), (0, 0, -1), (0, 0, 1), (0, 0, 1), (0, 0, 1), (0, 0, 1), (0, 0, 1), (0, 0, 1), (0, -1, 0), (0, -1, 0), (0, -1, 0), (0, -1, 0), (0, -1, 0), (0, -1, 0), (0, 1, 0), (0, 1, 0), (0, 1, 0), (0, 1, 0), (0, 1, 0), (0, 1, 0), (1, 0, 0), (1, 0, 0), (1, 0, 0), (1, 0, 0), (1, 0, 0), (1, 0, 0), (-1, 0, 0), (-1, 0, 0), (-1, 0, 0), (-1, 0, 0), (-1, 0, 0), (-1, 0, 0)] (interpolation = "faceVarying")
            float3[] extent = [(-0.000624, -0.001332, 0.010658), (-0.000176, -0.000708, 0.010678)]
            rel material:binding = </WorkbenchPart/Materials/seam>
        }
        def Mesh "ContactPin_03" (prepend apiSchemas = ["MaterialBindingAPI"])
        {
            uniform token subdivisionScheme = "none"
            uniform token orientation = "rightHanded"
            bool doubleSided = false
            point3f[] points = [(-0.000484, -0.00118, 0.010672), (-0.000316, -0.00118, 0.010672), (-0.000316, -0.001004, 0.010672), (-0.000484, -0.001004, 0.010672), (-0.000484, -0.00118, 0.010696), (-0.000316, -0.00118, 0.010696), (-0.000316, -0.001004, 0.010696), (-0.000484, -0.001004, 0.010696)]
            int[] faceVertexCounts = [3, 3, 3, 3, 3, 3, 3, 3, 3, 3, 3, 3]
            int[] faceVertexIndices = [0, 3, 2, 0, 2, 1, 4, 5, 6, 4, 6, 7, 0, 1, 5, 0, 5, 4, 3, 7, 6, 3, 6, 2, 1, 2, 6, 1, 6, 5, 0, 4, 7, 0, 7, 3]
            normal3f[] normals = [(0, 0, -1), (0, 0, -1), (0, 0, -1), (0, 0, -1), (0, 0, -1), (0, 0, -1), (0, 0, 1), (0, 0, 1), (0, 0, 1), (0, 0, 1), (0, 0, 1), (0, 0, 1), (0, -1, 0), (0, -1, 0), (0, -1, 0), (0, -1, 0), (0, -1, 0), (0, -1, 0), (0, 1, 0), (0, 1, 0), (0, 1, 0), (0, 1, 0), (0, 1, 0), (0, 1, 0), (1, 0, 0), (1, 0, 0), (1, 0, 0), (1, 0, 0), (1, 0, 0), (1, 0, 0), (-1, 0, 0), (-1, 0, 0), (-1, 0, 0), (-1, 0, 0), (-1, 0, 0), (-1, 0, 0)] (interpolation = "faceVarying")
            float3[] extent = [(-0.000484, -0.00118, 0.010672), (-0.000316, -0.001004, 0.010696)]
            rel material:binding = </WorkbenchPart/Materials/gold>
        }
        def Mesh "ConnectorCavity_04" (prepend apiSchemas = ["MaterialBindingAPI"])
        {
            uniform token subdivisionScheme = "none"
            uniform token orientation = "rightHanded"
            bool doubleSided = false
            point3f[] points = [(0.000176, -0.001332, 0.010658), (0.000624, -0.001332, 0.010658), (0.000624, -0.000708, 0.010658), (0.000176, -0.000708, 0.010658), (0.000176, -0.001332, 0.010678), (0.000624, -0.001332, 0.010678), (0.000624, -0.000708, 0.010678), (0.000176, -0.000708, 0.010678)]
            int[] faceVertexCounts = [3, 3, 3, 3, 3, 3, 3, 3, 3, 3, 3, 3]
            int[] faceVertexIndices = [0, 3, 2, 0, 2, 1, 4, 5, 6, 4, 6, 7, 0, 1, 5, 0, 5, 4, 3, 7, 6, 3, 6, 2, 1, 2, 6, 1, 6, 5, 0, 4, 7, 0, 7, 3]
            normal3f[] normals = [(0, 0, -1), (0, 0, -1), (0, 0, -1), (0, 0, -1), (0, 0, -1), (0, 0, -1), (0, 0, 1), (0, 0, 1), (0, 0, 1), (0, 0, 1), (0, 0, 1), (0, 0, 1), (0, -1, 0), (0, -1, 0), (0, -1, 0), (0, -1, 0), (0, -1, 0), (0, -1, 0), (0, 1, 0), (0, 1, 0), (0, 1, 0), (0, 1, 0), (0, 1, 0), (0, 1, 0), (1, 0, 0), (1, 0, 0), (1, 0, 0), (1, 0, 0), (1, 0, 0), (1, 0, 0), (-1, 0, 0), (-1, 0, 0), (-1, 0, 0), (-1, 0, 0), (-1, 0, 0), (-1, 0, 0)] (interpolation = "faceVarying")
            float3[] extent = [(0.000176, -0.001332, 0.010658), (0.000624, -0.000708, 0.010678)]
            rel material:binding = </WorkbenchPart/Materials/seam>
        }
        def Mesh "ContactPin_04" (prepend apiSchemas = ["MaterialBindingAPI"])
        {
            uniform token subdivisionScheme = "none"
            uniform token orientation = "rightHanded"
            bool doubleSided = false
            point3f[] points = [(0.000316, -0.00118, 0.010672), (0.000484, -0.00118, 0.010672), (0.000484, -0.001004, 0.010672), (0.000316, -0.001004, 0.010672), (0.000316, -0.00118, 0.010696), (0.000484, -0.00118, 0.010696), (0.000484, -0.001004, 0.010696), (0.000316, -0.001004, 0.010696)]
            int[] faceVertexCounts = [3, 3, 3, 3, 3, 3, 3, 3, 3, 3, 3, 3]
            int[] faceVertexIndices = [0, 3, 2, 0, 2, 1, 4, 5, 6, 4, 6, 7, 0, 1, 5, 0, 5, 4, 3, 7, 6, 3, 6, 2, 1, 2, 6, 1, 6, 5, 0, 4, 7, 0, 7, 3]
            normal3f[] normals = [(0, 0, -1), (0, 0, -1), (0, 0, -1), (0, 0, -1), (0, 0, -1), (0, 0, -1), (0, 0, 1), (0, 0, 1), (0, 0, 1), (0, 0, 1), (0, 0, 1), (0, 0, 1), (0, -1, 0), (0, -1, 0), (0, -1, 0), (0, -1, 0), (0, -1, 0), (0, -1, 0), (0, 1, 0), (0, 1, 0), (0, 1, 0), (0, 1, 0), (0, 1, 0), (0, 1, 0), (1, 0, 0), (1, 0, 0), (1, 0, 0), (1, 0, 0), (1, 0, 0), (1, 0, 0), (-1, 0, 0), (-1, 0, 0), (-1, 0, 0), (-1, 0, 0), (-1, 0, 0), (-1, 0, 0)] (interpolation = "faceVarying")
            float3[] extent = [(0.000316, -0.00118, 0.010672), (0.000484, -0.001004, 0.010696)]
            rel material:binding = </WorkbenchPart/Materials/gold>
        }
        def Mesh "ConnectorCavity_05" (prepend apiSchemas = ["MaterialBindingAPI"])
        {
            uniform token subdivisionScheme = "none"
            uniform token orientation = "rightHanded"
            bool doubleSided = false
            point3f[] points = [(0.000976, -0.001332, 0.010658), (0.001424, -0.001332, 0.010658), (0.001424, -0.000708, 0.010658), (0.000976, -0.000708, 0.010658), (0.000976, -0.001332, 0.010678), (0.001424, -0.001332, 0.010678), (0.001424, -0.000708, 0.010678), (0.000976, -0.000708, 0.010678)]
            int[] faceVertexCounts = [3, 3, 3, 3, 3, 3, 3, 3, 3, 3, 3, 3]
            int[] faceVertexIndices = [0, 3, 2, 0, 2, 1, 4, 5, 6, 4, 6, 7, 0, 1, 5, 0, 5, 4, 3, 7, 6, 3, 6, 2, 1, 2, 6, 1, 6, 5, 0, 4, 7, 0, 7, 3]
            normal3f[] normals = [(0, 0, -1), (0, 0, -1), (0, 0, -1), (0, 0, -1), (0, 0, -1), (0, 0, -1), (0, 0, 1), (0, 0, 1), (0, 0, 1), (0, 0, 1), (0, 0, 1), (0, 0, 1), (0, -1, 0), (0, -1, 0), (0, -1, 0), (0, -1, 0), (0, -1, 0), (0, -1, 0), (0, 1, 0), (0, 1, 0), (0, 1, 0), (0, 1, 0), (0, 1, 0), (0, 1, 0), (1, 0, 0), (1, 0, 0), (1, 0, 0), (1, 0, 0), (1, 0, 0), (1, 0, 0), (-1, 0, 0), (-1, 0, 0), (-1, 0, 0), (-1, 0, 0), (-1, 0, 0), (-1, 0, 0)] (interpolation = "faceVarying")
            float3[] extent = [(0.000976, -0.001332, 0.010658), (0.001424, -0.000708, 0.010678)]
            rel material:binding = </WorkbenchPart/Materials/seam>
        }
        def Mesh "ContactPin_05" (prepend apiSchemas = ["MaterialBindingAPI"])
        {
            uniform token subdivisionScheme = "none"
            uniform token orientation = "rightHanded"
            bool doubleSided = false
            point3f[] points = [(0.001116, -0.00118, 0.010672), (0.001284, -0.00118, 0.010672), (0.001284, -0.001004, 0.010672), (0.001116, -0.001004, 0.010672), (0.001116, -0.00118, 0.010696), (0.001284, -0.00118, 0.010696), (0.001284, -0.001004, 0.010696), (0.001116, -0.001004, 0.010696)]
            int[] faceVertexCounts = [3, 3, 3, 3, 3, 3, 3, 3, 3, 3, 3, 3]
            int[] faceVertexIndices = [0, 3, 2, 0, 2, 1, 4, 5, 6, 4, 6, 7, 0, 1, 5, 0, 5, 4, 3, 7, 6, 3, 6, 2, 1, 2, 6, 1, 6, 5, 0, 4, 7, 0, 7, 3]
            normal3f[] normals = [(0, 0, -1), (0, 0, -1), (0, 0, -1), (0, 0, -1), (0, 0, -1), (0, 0, -1), (0, 0, 1), (0, 0, 1), (0, 0, 1), (0, 0, 1), (0, 0, 1), (0, 0, 1), (0, -1, 0), (0, -1, 0), (0, -1, 0), (0, -1, 0), (0, -1, 0), (0, -1, 0), (0, 1, 0), (0, 1, 0), (0, 1, 0), (0, 1, 0), (0, 1, 0), (0, 1, 0), (1, 0, 0), (1, 0, 0), (1, 0, 0), (1, 0, 0), (1, 0, 0), (1, 0, 0), (-1, 0, 0), (-1, 0, 0), (-1, 0, 0), (-1, 0, 0), (-1, 0, 0), (-1, 0, 0)] (interpolation = "faceVarying")
            float3[] extent = [(0.001116, -0.00118, 0.010672), (0.001284, -0.001004, 0.010696)]
            rel material:binding = </WorkbenchPart/Materials/gold>
        }
        def Mesh "ConnectorCavity_06" (prepend apiSchemas = ["MaterialBindingAPI"])
        {
            uniform token subdivisionScheme = "none"
            uniform token orientation = "rightHanded"
            bool doubleSided = false
            point3f[] points = [(0.001776, -0.001332, 0.010658), (0.002224, -0.001332, 0.010658), (0.002224, -0.000708, 0.010658), (0.001776, -0.000708, 0.010658), (0.001776, -0.001332, 0.010678), (0.002224, -0.001332, 0.010678), (0.002224, -0.000708, 0.010678), (0.001776, -0.000708, 0.010678)]
            int[] faceVertexCounts = [3, 3, 3, 3, 3, 3, 3, 3, 3, 3, 3, 3]
            int[] faceVertexIndices = [0, 3, 2, 0, 2, 1, 4, 5, 6, 4, 6, 7, 0, 1, 5, 0, 5, 4, 3, 7, 6, 3, 6, 2, 1, 2, 6, 1, 6, 5, 0, 4, 7, 0, 7, 3]
            normal3f[] normals = [(0, 0, -1), (0, 0, -1), (0, 0, -1), (0, 0, -1), (0, 0, -1), (0, 0, -1), (0, 0, 1), (0, 0, 1), (0, 0, 1), (0, 0, 1), (0, 0, 1), (0, 0, 1), (0, -1, 0), (0, -1, 0), (0, -1, 0), (0, -1, 0), (0, -1, 0), (0, -1, 0), (0, 1, 0), (0, 1, 0), (0, 1, 0), (0, 1, 0), (0, 1, 0), (0, 1, 0), (1, 0, 0), (1, 0, 0), (1, 0, 0), (1, 0, 0), (1, 0, 0), (1, 0, 0), (-1, 0, 0), (-1, 0, 0), (-1, 0, 0), (-1, 0, 0), (-1, 0, 0), (-1, 0, 0)] (interpolation = "faceVarying")
            float3[] extent = [(0.001776, -0.001332, 0.010658), (0.002224, -0.000708, 0.010678)]
            rel material:binding = </WorkbenchPart/Materials/seam>
        }
        def Mesh "ContactPin_06" (prepend apiSchemas = ["MaterialBindingAPI"])
        {
            uniform token subdivisionScheme = "none"
            uniform token orientation = "rightHanded"
            bool doubleSided = false
            point3f[] points = [(0.001916, -0.00118, 0.010672), (0.002084, -0.00118, 0.010672), (0.002084, -0.001004, 0.010672), (0.001916, -0.001004, 0.010672), (0.001916, -0.00118, 0.010696), (0.002084, -0.00118, 0.010696), (0.002084, -0.001004, 0.010696), (0.001916, -0.001004, 0.010696)]
            int[] faceVertexCounts = [3, 3, 3, 3, 3, 3, 3, 3, 3, 3, 3, 3]
            int[] faceVertexIndices = [0, 3, 2, 0, 2, 1, 4, 5, 6, 4, 6, 7, 0, 1, 5, 0, 5, 4, 3, 7, 6, 3, 6, 2, 1, 2, 6, 1, 6, 5, 0, 4, 7, 0, 7, 3]
            normal3f[] normals = [(0, 0, -1), (0, 0, -1), (0, 0, -1), (0, 0, -1), (0, 0, -1), (0, 0, -1), (0, 0, 1), (0, 0, 1), (0, 0, 1), (0, 0, 1), (0, 0, 1), (0, 0, 1), (0, -1, 0), (0, -1, 0), (0, -1, 0), (0, -1, 0), (0, -1, 0), (0, -1, 0), (0, 1, 0), (0, 1, 0), (0, 1, 0), (0, 1, 0), (0, 1, 0), (0, 1, 0), (1, 0, 0), (1, 0, 0), (1, 0, 0), (1, 0, 0), (1, 0, 0), (1, 0, 0), (-1, 0, 0), (-1, 0, 0), (-1, 0, 0), (-1, 0, 0), (-1, 0, 0), (-1, 0, 0)] (interpolation = "faceVarying")
            float3[] extent = [(0.001916, -0.00118, 0.010672), (0.002084, -0.001004, 0.010696)]
            rel material:binding = </WorkbenchPart/Materials/gold>
        }
    }
}
