#usda 1.0
(
    defaultPrim = "WorkbenchPart"
    metersPerUnit = 1
    upAxis = "Y"
)
def Xform "WorkbenchPart" (
    kind = "component"
    customData = {
        string catalogID = "rx-crossfire"
        string forwardAxis = "+Z"
    }
)
{
    def Scope "Materials"
    {
        def Material "alloy"
        {
            token outputs:surface.connect = </WorkbenchPart/Materials/alloy/Surface.outputs:surface>
            def Shader "Surface"
            {
                uniform token info:id = "UsdPreviewSurface"
                color3f inputs:diffuseColor = (0.2541521, 0.3185468, 0.381326)
                float inputs:roughness = 0.34
                float inputs:metallic = 0.77
                float inputs:ior = 1.46
                color3f inputs:diffuseColor.connect = </WorkbenchPart/Materials/alloy/Color.outputs:rgb>
                normal3f inputs:normal.connect = </WorkbenchPart/Materials/alloy/Normal.outputs:rgb>
                float inputs:roughness.connect = </WorkbenchPart/Materials/alloy/Rough.outputs:r>
                token outputs:surface
            }
            def Shader "UV"
            {
                uniform token info:id = "UsdPrimvarReader_float2"
                string inputs:varname = "st"
                float2 outputs:result
            }
            def Shader "Color"
            {
                uniform token info:id = "UsdUVTexture"
                asset inputs:file = @textures/surface-561f1c5a4b96e8-color.png@
                token inputs:sourceColorSpace = "sRGB"
                token inputs:wrapS = "repeat"
                token inputs:wrapT = "repeat"
                float2 inputs:st.connect = </WorkbenchPart/Materials/alloy/UV.outputs:result>
                float3 outputs:rgb
                float outputs:r
            }
            def Shader "Normal"
            {
                uniform token info:id = "UsdUVTexture"
                asset inputs:file = @textures/brushed-normal.png@
                token inputs:sourceColorSpace = "raw"
                token inputs:wrapS = "repeat"
                token inputs:wrapT = "repeat"
                float2 inputs:st.connect = </WorkbenchPart/Materials/alloy/UV.outputs:result>
                float4 inputs:scale = (2, 2, 2, 1)
                float4 inputs:bias = (-1, -1, -1, 0)
                float3 outputs:rgb
                float outputs:r
            }
            def Shader "Rough"
            {
                uniform token info:id = "UsdUVTexture"
                asset inputs:file = @textures/surface-561f1c5a4b96e8-rough.png@
                token inputs:sourceColorSpace = "raw"
                token inputs:wrapS = "repeat"
                token inputs:wrapT = "repeat"
                float2 inputs:st.connect = </WorkbenchPart/Materials/alloy/UV.outputs:result>
                float3 outputs:rgb
                float outputs:r
            }
        }
        def Material "ceramic"
        {
            token outputs:surface.connect = </WorkbenchPart/Materials/ceramic/Surface.outputs:surface>
            def Shader "Surface"
            {
                uniform token info:id = "UsdPreviewSurface"
                color3f inputs:diffuseColor = (0.6375969, 0.6038273, 0.5394795)
                float inputs:roughness = 0.72
                float inputs:metallic = 0
                float inputs:ior = 1.46
                color3f inputs:diffuseColor.connect = </WorkbenchPart/Materials/ceramic/Color.outputs:rgb>
                normal3f inputs:normal.connect = </WorkbenchPart/Materials/ceramic/Normal.outputs:rgb>
                float inputs:roughness.connect = </WorkbenchPart/Materials/ceramic/Rough.outputs:r>
                token outputs:surface
            }
            def Shader "UV"
            {
                uniform token info:id = "UsdPrimvarReader_float2"
                string inputs:varname = "st"
                float2 outputs:result
            }
            def Shader "Color"
            {
                uniform token info:id = "UsdUVTexture"
                asset inputs:file = @textures/surface-3667d9953be5d4-color.png@
                token inputs:sourceColorSpace = "sRGB"
                token inputs:wrapS = "repeat"
                token inputs:wrapT = "repeat"
                float2 inputs:st.connect = </WorkbenchPart/Materials/ceramic/UV.outputs:result>
                float3 outputs:rgb
                float outputs:r
            }
            def Shader "Normal"
            {
                uniform token info:id = "UsdUVTexture"
                asset inputs:file = @textures/grain-normal.png@
                token inputs:sourceColorSpace = "raw"
                token inputs:wrapS = "repeat"
                token inputs:wrapT = "repeat"
                float2 inputs:st.connect = </WorkbenchPart/Materials/ceramic/UV.outputs:result>
                float4 inputs:scale = (2, 2, 2, 1)
                float4 inputs:bias = (-1, -1, -1, 0)
                float3 outputs:rgb
                float outputs:r
            }
            def Shader "Rough"
            {
                uniform token info:id = "UsdUVTexture"
                asset inputs:file = @textures/surface-3667d9953be5d4-rough.png@
                token inputs:sourceColorSpace = "raw"
                token inputs:wrapS = "repeat"
                token inputs:wrapT = "repeat"
                float2 inputs:st.connect = </WorkbenchPart/Materials/ceramic/UV.outputs:result>
                float3 outputs:rgb
                float outputs:r
            }
        }
        def Material "gold"
        {
            token outputs:surface.connect = </WorkbenchPart/Materials/gold/Surface.outputs:surface>
            def Shader "Surface"
            {
                uniform token info:id = "UsdPreviewSurface"
                color3f inputs:diffuseColor = (0.6444797, 0.4286905, 0.09758735)
                float inputs:roughness = 0.27
                float inputs:metallic = 0.78
                float inputs:ior = 1.46
                token outputs:surface
            }
        }
        def Material "label_rx_crossfire_868_MHz"
        {
            token outputs:surface.connect = </WorkbenchPart/Materials/label_rx_crossfire_868_MHz/Surface.outputs:surface>
            def Shader "Surface"
            {
                uniform token info:id = "UsdPreviewSurface"
                color3f inputs:diffuseColor = (1, 1, 1)
                float inputs:roughness = 0.72
                float inputs:metallic = 0
                float inputs:ior = 1.46
                color3f inputs:diffuseColor.connect = </WorkbenchPart/Materials/label_rx_crossfire_868_MHz/Color.outputs:rgb>
                token outputs:surface
            }
            def Shader "UV"
            {
                uniform token info:id = "UsdPrimvarReader_float2"
                string inputs:varname = "st"
                float2 outputs:result
            }
            def Shader "Color"
            {
                uniform token info:id = "UsdUVTexture"
                asset inputs:file = @textures/rx_crossfire_868_MHz.png@
                token inputs:sourceColorSpace = "sRGB"
                token inputs:wrapS = "repeat"
                token inputs:wrapT = "repeat"
                float2 inputs:st.connect = </WorkbenchPart/Materials/label_rx_crossfire_868_MHz/UV.outputs:result>
                float3 outputs:rgb
                float outputs:r
            }
        }
        def Material "led"
        {
            token outputs:surface.connect = </WorkbenchPart/Materials/led/Surface.outputs:surface>
            def Shader "Surface"
            {
                uniform token info:id = "UsdPreviewSurface"
                color3f inputs:diffuseColor = (0.2269659, 0.5906188, 0.4452012)
                float inputs:roughness = 0.26
                float inputs:metallic = 0
                float inputs:ior = 1.46
                token outputs:surface
            }
        }
        def Material "pcb_rx_crossfire"
        {
            token outputs:surface.connect = </WorkbenchPart/Materials/pcb_rx_crossfire/Surface.outputs:surface>
            def Shader "Surface"
            {
                uniform token info:id = "UsdPreviewSurface"
                color3f inputs:diffuseColor = (0.2581829, 0.04970657, 0.09758735)
                float inputs:roughness = 0.62
                float inputs:metallic = 0.05
                float inputs:ior = 1.46
                color3f inputs:diffuseColor.connect = </WorkbenchPart/Materials/pcb_rx_crossfire/Color.outputs:rgb>
                normal3f inputs:normal.connect = </WorkbenchPart/Materials/pcb_rx_crossfire/Normal.outputs:rgb>
                float inputs:roughness.connect = </WorkbenchPart/Materials/pcb_rx_crossfire/Rough.outputs:r>
                token outputs:surface
            }
            def Shader "UV"
            {
                uniform token info:id = "UsdPrimvarReader_float2"
                string inputs:varname = "st"
                float2 outputs:result
            }
            def Shader "Color"
            {
                uniform token info:id = "UsdUVTexture"
                asset inputs:file = @textures/surface-15dbfcaff3711a-color.png@
                token inputs:sourceColorSpace = "sRGB"
                token inputs:wrapS = "repeat"
                token inputs:wrapT = "repeat"
                float2 inputs:st.connect = </WorkbenchPart/Materials/pcb_rx_crossfire/UV.outputs:result>
                float3 outputs:rgb
                float outputs:r
            }
            def Shader "Normal"
            {
                uniform token info:id = "UsdUVTexture"
                asset inputs:file = @textures/paint-normal.png@
                token inputs:sourceColorSpace = "raw"
                token inputs:wrapS = "repeat"
                token inputs:wrapT = "repeat"
                float2 inputs:st.connect = </WorkbenchPart/Materials/pcb_rx_crossfire/UV.outputs:result>
                float4 inputs:scale = (2, 2, 2, 1)
                float4 inputs:bias = (-1, -1, -1, 0)
                float3 outputs:rgb
                float outputs:r
            }
            def Shader "Rough"
            {
                uniform token info:id = "UsdUVTexture"
                asset inputs:file = @textures/surface-15dbfcaff3711a-rough.png@
                token inputs:sourceColorSpace = "raw"
                token inputs:wrapS = "repeat"
                token inputs:wrapT = "repeat"
                float2 inputs:st.connect = </WorkbenchPart/Materials/pcb_rx_crossfire/UV.outputs:result>
                float3 outputs:rgb
                float outputs:r
            }
        }
        def Material "silicon"
        {
            token outputs:surface.connect = </WorkbenchPart/Materials/silicon/Surface.outputs:surface>
            def Shader "Surface"
            {
                uniform token info:id = "UsdPreviewSurface"
                color3f inputs:diffuseColor = (0.01096009, 0.01764195, 0.02518686)
                float inputs:roughness = 0.51
                float inputs:metallic = 0.05
                float inputs:ior = 1.46
                token outputs:surface
            }
        }
        def Material "solder"
        {
            token outputs:surface.connect = </WorkbenchPart/Materials/solder/Surface.outputs:surface>
            def Shader "Surface"
            {
                uniform token info:id = "UsdPreviewSurface"
                color3f inputs:diffuseColor = (0.4019778, 0.4793202, 0.5209956)
                float inputs:roughness = 0.28
                float inputs:metallic = 0.82
                float inputs:ior = 1.46
                token outputs:surface
            }
        }
    }
    def Xform "ReceiverModule"
    {
        def Mesh "ReceiverPCB_01" (prepend apiSchemas = ["MaterialBindingAPI"])
        {
            uniform token subdivisionScheme = "none"
            uniform token orientation = "rightHanded"
            bool doubleSided = false
            point3f[] points = [(-0.01233263, -0.001152631, -0.007832631), (-0.012368, -0.001188, -0.007736), (-0.01238401, -0.001204014, -0.007604), (-0.01238401, -0.001204014, 0.007604), (-0.012368, -0.001188, 0.007736), (-0.01233263, -0.001152631, 0.007832631), (-0.012368, -0.001056, -0.007868), (-0.01242733, -0.001085666, -0.007765666), (-0.01245819, -0.001101097, -0.007604), (-0.01245819, -0.001101097, 0.007604), (-0.01242733, -0.001085666, 0.007765666), (-0.012368, -0.001056, 0.007868), (-0.01238401, -0.000924, -0.007884014), (-0.01245819, -0.000924, -0.007781097), (-0.0125, -0.000924, -0.007604), (-0.0125, -0.000924, 0.007604), (-0.01245819, -0.000924, 0.007781097), (-0.01238401, -0.000924, 0.007884014), (-0.01238401, -0.000836, -0.007884014), (-0.01245819, -0.000836, -0.007781097), (-0.0125, -0.000836, -0.007604), (-0.0125, -0.000836, 0.007604), (-0.01245819, -0.000836, 0.007781097), (-0.01238401, -0.000836, 0.007884014), (-0.012368, -0.000704, -0.007868), (-0.01242733, -0.0006743337, -0.007765666), (-0.01245819, -0.0006589034, -0.007604), (-0.01245819, -0.0006589034, 0.007604), (-0.01242733, -0.0006743337, 0.007765666), (-0.012368, -0.000704, 0.007868), (-0.01233263, -0.0006073693, -0.007832631), (-0.012368, -0.000572, -0.007736), (-0.01238401, -0.0005559857, -0.007604), (-0.01238401, -0.0005559857, 0.007604), (-0.012368, -0.000572, 0.007736), (-0.01233263, -0.0006073693, 0.007832631), (0.01233263, -0.001152631, -0.007832631), (0.012368, -0.001188, -0.007736), (0.01238401, -0.001204014, -0.007604), (0.01238401, -0.001204014, 0.007604), (0.012368, -0.001188, 0.007736), (0.01233263, -0.001152631, 0.007832631), (0.012368, -0.001056, -0.007868), (0.01242733, -0.001085666, -0.007765666), (0.01245819, -0.001101097, -0.007604), (0.01245819, -0.001101097, 0.007604), (0.01242733, -0.001085666, 0.007765666), (0.012368, -0.001056, 0.007868), (0.01238401, -0.000924, -0.007884014), (0.01245819, -0.000924, -0.007781097), (0.0125, -0.000924, -0.007604), (0.0125, -0.000924, 0.007604), (0.01245819, -0.000924, 0.007781097), (0.01238401, -0.000924, 0.007884014), (0.01238401, -0.000836, -0.007884014), (0.01245819, -0.000836, -0.007781097), (0.0125, -0.000836, -0.007604), (0.0125, -0.000836, 0.007604), (0.01245819, -0.000836, 0.007781097), (0.01238401, -0.000836, 0.007884014), (0.012368, -0.000704, -0.007868), (0.01242733, -0.0006743337, -0.007765666), (0.01245819, -0.0006589034, -0.007604), (0.01245819, -0.0006589034, 0.007604), (0.01242733, -0.0006743337, 0.007765666), (0.012368, -0.000704, 0.007868), (0.01233263, -0.0006073693, -0.007832631), (0.012368, -0.000572, -0.007736), (0.01238401, -0.0005559857, -0.007604), (0.01238401, -0.0005559857, 0.007604), (0.012368, -0.000572, 0.007736), (0.01233263, -0.0006073693, 0.007832631), (-0.01233263, -0.001152631, -0.007832631), (-0.012236, -0.001188, -0.007868), (-0.012104, -0.001204014, -0.007884014), (0.012104, -0.001204014, -0.007884014), (0.012236, -0.001188, -0.007868), (0.01233263, -0.001152631, -0.007832631), (-0.012368, -0.001188, -0.007736), (-0.01226567, -0.001247333, -0.007765666), (-0.012104, -0.001278193, -0.007781097), (0.012104, -0.001278193, -0.007781097), (0.01226567, -0.001247333, -0.007765666), (0.012368, -0.001188, -0.007736), (-0.01238401, -0.001204014, -0.007604), (-0.0122811, -0.001278193, -0.007604), (-0.012104, -0.00132, -0.007604), (0.012104, -0.00132, -0.007604), (0.0122811, -0.001278193, -0.007604), (0.01238401, -0.001204014, -0.007604), (-0.01238401, -0.001204014, 0.007604), (-0.0122811, -0.001278193, 0.007604), (-0.012104, -0.00132, 0.007604), (0.012104, -0.00132, 0.007604), (0.0122811, -0.001278193, 0.007604), (0.01238401, -0.001204014, 0.007604), (-0.012368, -0.001188, 0.007736), (-0.01226567, -0.001247333, 0.007765666), (-0.012104, -0.001278193, 0.007781097), (0.012104, -0.001278193, 0.007781097), (0.01226567, -0.001247333, 0.007765666), (0.012368, -0.001188, 0.007736), (-0.01233263, -0.001152631, 0.007832631), (-0.012236, -0.001188, 0.007868), (-0.012104, -0.001204014, 0.007884014), (0.012104, -0.001204014, 0.007884014), (0.012236, -0.001188, 0.007868), (0.01233263, -0.001152631, 0.007832631), (-0.01233263, -0.0006073693, -0.007832631), (-0.012236, -0.000572, -0.007868), (-0.012104, -0.0005559857, -0.007884014), (0.012104, -0.0005559857, -0.007884014), (0.012236, -0.000572, -0.007868), (0.01233263, -0.0006073693, -0.007832631), (-0.012368, -0.000572, -0.007736), (-0.01226567, -0.0005126674, -0.007765666), (-0.012104, -0.0004818068, -0.007781097), (0.012104, -0.0004818068, -0.007781097), (0.01226567, -0.0005126674, -0.007765666), (0.012368, -0.000572, -0.007736), (-0.01238401, -0.0005559857, -0.007604), (-0.0122811, -0.0004818068, -0.007604), (-0.012104, -0.00044, -0.007604), (0.012104, -0.00044, -0.007604), (0.0122811, -0.0004818068, -0.007604), (0.01238401, -0.0005559857, -0.007604), (-0.01238401, -0.0005559857, 0.007604), (-0.0122811, -0.0004818068, 0.007604), (-0.012104, -0.00044, 0.007604), (0.012104, -0.00044, 0.007604), (0.0122811, -0.0004818068, 0.007604), (0.01238401, -0.0005559857, 0.007604), (-0.012368, -0.000572, 0.007736), (-0.01226567, -0.0005126674, 0.007765666), (-0.012104, -0.0004818068, 0.007781097), (0.012104, -0.0004818068, 0.007781097), (0.01226567, -0.0005126674, 0.007765666), (0.012368, -0.000572, 0.007736), (-0.01233263, -0.0006073693, 0.007832631), (-0.012236, -0.000572, 0.007868), (-0.012104, -0.0005559857, 0.007884014), (0.012104, -0.0005559857, 0.007884014), (0.012236, -0.000572, 0.007868), (0.01233263, -0.0006073693, 0.007832631), (-0.01233263, -0.001152631, -0.007832631), (-0.012368, -0.001056, -0.007868), (-0.01238401, -0.000924, -0.007884014), (-0.01238401, -0.000836, -0.007884014), (-0.012368, -0.000704, -0.007868), (-0.01233263, -0.0006073693, -0.007832631), (-0.012236, -0.001188, -0.007868), (-0.01226567, -0.001085666, -0.007927333), (-0.0122811, -0.000924, -0.007958193), (-0.0122811, -0.000836, -0.007958193), (-0.01226567, -0.0006743337, -0.007927333), (-0.012236, -0.000572, -0.007868), (-0.012104, -0.001204014, -0.007884014), (-0.012104, -0.001101097, -0.007958193), (-0.012104, -0.000924, -0.008), (-0.012104, -0.000836, -0.008), (-0.012104, -0.0006589034, -0.007958193), (-0.012104, -0.0005559857, -0.007884014), (0.012104, -0.001204014, -0.007884014), (0.012104, -0.001101097, -0.007958193), (0.012104, -0.000924, -0.008), (0.012104, -0.000836, -0.008), (0.012104, -0.0006589034, -0.007958193), (0.012104, -0.0005559857, -0.007884014), (0.012236, -0.001188, -0.007868), (0.01226567, -0.001085666, -0.007927333), (0.0122811, -0.000924, -0.007958193), (0.0122811, -0.000836, -0.007958193), (0.01226567, -0.0006743337, -0.007927333), (0.012236, -0.000572, -0.007868), (0.01233263, -0.001152631, -0.007832631), (0.012368, -0.001056, -0.007868), (0.01238401, -0.000924, -0.007884014), (0.01238401, -0.000836, -0.007884014), (0.012368, -0.000704, -0.007868), (0.01233263, -0.0006073693, -0.007832631), (-0.01233263, -0.001152631, 0.007832631), (-0.012368, -0.001056, 0.007868), (-0.01238401, -0.000924, 0.007884014), (-0.01238401, -0.000836, 0.007884014), (-0.012368, -0.000704, 0.007868), (-0.01233263, -0.0006073693, 0.007832631), (-0.012236, -0.001188, 0.007868), (-0.01226567, -0.001085666, 0.007927333), (-0.0122811, -0.000924, 0.007958193), (-0.0122811, -0.000836, 0.007958193), (-0.01226567, -0.0006743337, 0.007927333), (-0.012236, -0.000572, 0.007868), (-0.012104, -0.001204014, 0.007884014), (-0.012104, -0.001101097, 0.007958193), (-0.012104, -0.000924, 0.008), (-0.012104, -0.000836, 0.008), (-0.012104, -0.0006589034, 0.007958193), (-0.012104, -0.0005559857, 0.007884014), (0.012104, -0.001204014, 0.007884014), (0.012104, -0.001101097, 0.007958193), (0.012104, -0.000924, 0.008), (0.012104, -0.000836, 0.008), (0.012104, -0.0006589034, 0.007958193), (0.012104, -0.0005559857, 0.007884014), (0.012236, -0.001188, 0.007868), (0.01226567, -0.001085666, 0.007927333), (0.0122811, -0.000924, 0.007958193), (0.0122811, -0.000836, 0.007958193), (0.01226567, -0.0006743337, 0.007927333), (0.012236, -0.000572, 0.007868), (0.01233263, -0.001152631, 0.007832631), (0.012368, -0.001056, 0.007868), (0.01238401, -0.000924, 0.007884014), (0.01238401, -0.000836, 0.007884014), (0.012368, -0.000704, 0.007868), (0.01233263, -0.0006073693, 0.007832631)]
            int[] faceVertexCounts = [3, 3, 3, 3, 3, 3, 3, 3, 3, 3, 3, 3, 3, 3, 3, 3, 3, 3, 3, 3, 3, 3, 3, 3, 3, 3, 3, 3, 3, 3, 3, 3, 3, 3, 3, 3, 3, 3, 3, 3, 3, 3, 3, 3, 3, 3, 3, 3, 3, 3, 3, 3, 3, 3, 3, 3, 3, 3, 3, 3, 3, 3, 3, 3, 3, 3, 3, 3, 3, 3, 3, 3, 3, 3, 3, 3, 3, 3, 3, 3, 3, 3, 3, 3, 3, 3, 3, 3, 3, 3, 3, 3, 3, 3, 3, 3, 3, 3, 3, 3, 3, 3, 3, 3, 3, 3, 3, 3, 3, 3, 3, 3, 3, 3, 3, 3, 3, 3, 3, 3, 3, 3, 3, 3, 3, 3, 3, 3, 3, 3, 3, 3, 3, 3, 3, 3, 3, 3, 3, 3, 3, 3, 3, 3, 3, 3, 3, 3, 3, 3, 3, 3, 3, 3, 3, 3, 3, 3, 3, 3, 3, 3, 3, 3, 3, 3, 3, 3, 3, 3, 3, 3, 3, 3, 3, 3, 3, 3, 3, 3, 3, 3, 3, 3, 3, 3, 3, 3, 3, 3, 3, 3, 3, 3, 3, 3, 3, 3, 3, 3, 3, 3, 3, 3, 3, 3, 3, 3, 3, 3, 3, 3, 3, 3, 3, 3, 3, 3, 3, 3, 3, 3, 3, 3, 3, 3, 3, 3, 3, 3, 3, 3, 3, 3, 3, 3, 3, 3, 3, 3, 3, 3, 3, 3, 3, 3, 3, 3, 3, 3, 3, 3, 3, 3, 3, 3, 3, 3, 3, 3, 3, 3, 3, 3, 3, 3, 3, 3, 3, 3, 3, 3, 3, 3, 3, 3, 3, 3, 3, 3, 3, 3, 3, 3, 3, 3, 3, 3, 3, 3, 3, 3, 3, 3, 3, 3, 3, 3, 3, 3]
            int[] faceVertexIndices = [1, 7, 6, 1, 6, 0, 2, 8, 7, 2, 7, 1, 3, 9, 8, 3, 8, 2, 4, 10, 9, 4, 9, 3, 5, 11, 10, 5, 10, 4, 7, 13, 12, 7, 12, 6, 8, 14, 13, 8, 13, 7, 9, 15, 14, 9, 14, 8, 10, 16, 15, 10, 15, 9, 11, 17, 16, 11, 16, 10, 13, 19, 18, 13, 18, 12, 14, 20, 19, 14, 19, 13, 15, 21, 20, 15, 20, 14, 16, 22, 21, 16, 21, 15, 17, 23, 22, 17, 22, 16, 19, 25, 24, 19, 24, 18, 20, 26, 25, 20, 25, 19, 21, 27, 26, 21, 26, 20, 22, 28, 27, 22, 27, 21, 23, 29, 28, 23, 28, 22, 25, 31, 30, 25, 30, 24, 26, 32, 31, 26, 31, 25, 27, 33, 32, 27, 32, 26, 28, 34, 33, 28, 33, 27, 29, 35, 34, 29, 34, 28, 36, 42, 43, 36, 43, 37, 37, 43, 44, 37, 44, 38, 38, 44, 45, 38, 45, 39, 39, 45, 46, 39, 46, 40, 40, 46, 47, 40, 47, 41, 42, 48, 49, 42, 49, 43, 43, 49, 50, 43, 50, 44, 44, 50, 51, 44, 51, 45, 45, 51, 52, 45, 52, 46, 46, 52, 53, 46, 53, 47, 48, 54, 55, 48, 55, 49, 49, 55, 56, 49, 56, 50, 50, 56, 57, 50, 57, 51, 51, 57, 58, 51, 58, 52, 52, 58, 59, 52, 59, 53, 54, 60, 61, 54, 61, 55, 55, 61, 62, 55, 62, 56, 56, 62, 63, 56, 63, 57, 57, 63, 64, 57, 64, 58, 58, 64, 65, 58, 65, 59, 60, 66, 67, 60, 67, 61, 61, 67, 68, 61, 68, 62, 62, 68, 69, 62, 69, 63, 63, 69, 70, 63, 70, 64, 64, 70, 71, 64, 71, 65, 73, 79, 78, 73, 78, 72, 74, 80, 79, 74, 79, 73, 75, 81, 80, 75, 80, 74, 76, 82, 81, 76, 81, 75, 77, 83, 82, 77, 82, 76, 79, 85, 84, 79, 84, 78, 80, 86, 85, 80, 85, 79, 81, 87, 86, 81, 86, 80, 82, 88, 87, 82, 87, 81, 83, 89, 88, 83, 88, 82, 85, 91, 90, 85, 90, 84, 86, 92, 91, 86, 91, 85, 87, 93, 92, 87, 92, 86, 88, 94, 93, 88, 93, 87, 89, 95, 94, 89, 94, 88, 91, 97, 96, 91, 96, 90, 92, 98, 97, 92, 97, 91, 93, 99, 98, 93, 98, 92, 94, 100, 99, 94, 99, 93, 95, 101, 100, 95, 100, 94, 97, 103, 102, 97, 102, 96, 98, 104, 103, 98, 103, 97, 99, 105, 104, 99, 104, 98, 100, 106, 105, 100, 105, 99, 101, 107, 106, 101, 106, 100, 108, 114, 115, 108, 115, 109, 109, 115, 116, 109, 116, 110, 110, 116, 117, 110, 117, 111, 111, 117, 118, 111, 118, 112, 112, 118, 119, 112, 119, 113, 114, 120, 121, 114, 121, 115, 115, 121, 122, 115, 122, 116, 116, 122, 123, 116, 123, 117, 117, 123, 124, 117, 124, 118, 118, 124, 125, 118, 125, 119, 120, 126, 127, 120, 127, 121, 121, 127, 128, 121, 128, 122, 122, 128, 129, 122, 129, 123, 123, 129, 130, 123, 130, 124, 124, 130, 131, 124, 131, 125, 126, 132, 133, 126, 133, 127, 127, 133, 134, 127, 134, 128, 128, 134, 135, 128, 135, 129, 129, 135, 136, 129, 136, 130, 130, 136, 137, 130, 137, 131, 132, 138, 139, 132, 139, 133, 133, 139, 140, 133, 140, 134, 134, 140, 141, 134, 141, 135, 135, 141, 142, 135, 142, 136, 136, 142, 143, 136, 143, 137, 145, 151, 150, 145, 150, 144, 146, 152, 151, 146, 151, 145, 147, 153, 152, 147, 152, 146, 148, 154, 153, 148, 153, 147, 149, 155, 154, 149, 154, 148, 151, 157, 156, 151, 156, 150, 152, 158, 157, 152, 157, 151, 153, 159, 158, 153, 158, 152, 154, 160, 159, 154, 159, 153, 155, 161, 160, 155, 160, 154, 157, 163, 162, 157, 162, 156, 158, 164, 163, 158, 163, 157, 159, 165, 164, 159, 164, 158, 160, 166, 165, 160, 165, 159, 161, 167, 166, 161, 166, 160, 163, 169, 168, 163, 168, 162, 164, 170, 169, 164, 169, 163, 165, 171, 170, 165, 170, 164, 166, 172, 171, 166, 171, 165, 167, 173, 172, 167, 172, 166, 169, 175, 174, 169, 174, 168, 170, 176, 175, 170, 175, 169, 171, 177, 176, 171, 176, 170, 172, 178, 177, 172, 177, 171, 173, 179, 178, 173, 178, 172, 180, 186, 187, 180, 187, 181, 181, 187, 188, 181, 188, 182, 182, 188, 189, 182, 189, 183, 183, 189, 190, 183, 190, 184, 184, 190, 191, 184, 191, 185, 186, 192, 193, 186, 193, 187, 187, 193, 194, 187, 194, 188, 188, 194, 195, 188, 195, 189, 189, 195, 196, 189, 196, 190, 190, 196, 197, 190, 197, 191, 192, 198, 199, 192, 199, 193, 193, 199, 200, 193, 200, 194, 194, 200, 201, 194, 201, 195, 195, 201, 202, 195, 202, 196, 196, 202, 203, 196, 203, 197, 198, 204, 205, 198, 205, 199, 199, 205, 206, 199, 206, 200, 200, 206, 207, 200, 207, 201, 201, 207, 208, 201, 208, 202, 202, 208, 209, 202, 209, 203, 204, 210, 211, 204, 211, 205, 205, 211, 212, 205, 212, 206, 206, 212, 213, 206, 213, 207, 207, 213, 214, 207, 214, 208, 208, 214, 215, 208, 215, 209]
            normal3f[] normals = [(-0.7745967, -0.4472136, -0.4472136), (-0.7668657, -0.5195657, -0.376787), (-0.8114994, -0.5843427, -0.003515823), (-0.811242, -0.5847101, 0.0007318049), (-0.7900625, -0.5555967, 0.2590629), (-0.7071068, -0.5, 0.5), (-0.7668657, -0.376787, -0.5195657), (-0.8559572, -0.3656073, -0.3656073), (-0.8963539, -0.4433316, -0.002612649), (-0.9449757, -0.3271357, 0.001755143), (-0.8844941, -0.3299016, 0.3299016), (-0.7900625, -0.2590629, 0.5555967), (-0.8133397, -0.145112, -0.5634014), (-0.9225416, -0.1473858, -0.3566433), (-0.9827027, -0.1851778, -0.002137269), (-0.9929683, -0.1183423, 0.003019028), (-0.916641, -0.1211306, 0.3809156), (-0.8091137, -0.07239132, 0.5831762), (-0.8091137, 0.07239132, -0.5831762), (-0.916641, 0.1211306, -0.3809156), (-0.9929683, 0.1183423, -0.003019028), (-0.9827027, 0.1851778, 0.002137269), (-0.9225416, 0.1473858, 0.3566433), (-0.8133397, 0.145112, 0.5634014), (-0.7900625, 0.2590629, -0.5555967), (-0.8844941, 0.3299016, -0.3299016), (-0.9449757, 0.3271357, -0.001755143), (-0.8963539, 0.4433316, 0.002612649), (-0.8559572, 0.3656073, 0.3656073), (-0.7668657, 0.376787, 0.5195657), (-0.7071068, 0.5, -0.5), (-0.7900625, 0.5555967, -0.2590629), (-0.811242, 0.5847101, -0.0007318049), (-0.8114994, 0.5843427, 0.003515823), (-0.7668657, 0.5195657, 0.376787), (-0.7745967, 0.4472136, 0.4472136), (0.7071068, -0.5, -0.5), (0.7900625, -0.5555967, -0.2590629), (0.811242, -0.5847101, -0.0007318049), (0.8114994, -0.5843427, 0.003515823), (0.7668657, -0.5195657, 0.376787), (0.7745967, -0.4472136, 0.4472136), (0.7900625, -0.2590629, -0.5555967), (0.8844941, -0.3299016, -0.3299016), (0.9449757, -0.3271357, -0.001755143), (0.8963539, -0.4433316, 0.002612649), (0.8559572, -0.3656073, 0.3656073), (0.7668657, -0.376787, 0.5195657), (0.8091137, -0.07239132, -0.5831762), (0.916641, -0.1211306, -0.3809156), (0.9929683, -0.1183423, -0.003019028), (0.9827027, -0.1851778, 0.002137269), (0.9225416, -0.1473858, 0.3566433), (0.8133397, -0.145112, 0.5634014), (0.8133397, 0.145112, -0.5634014), (0.9225416, 0.1473858, -0.3566433), (0.9827027, 0.1851778, -0.002137269), (0.9929683, 0.1183423, 0.003019028), (0.916641, 0.1211306, 0.3809156), (0.8091137, 0.07239132, 0.5831762), (0.7668657, 0.376787, -0.5195657), (0.8559572, 0.3656073, -0.3656073), (0.8963539, 0.4433316, -0.002612649), (0.9449757, 0.3271357, 0.001755143), (0.8844941, 0.3299016, 0.3299016), (0.7900625, 0.2590629, 0.5555967), (0.7745967, 0.4472136, -0.4472136), (0.7668657, 0.5195657, -0.376787), (0.8114994, 0.5843427, -0.003515823), (0.811242, 0.5847101, 0.0007318049), (0.7900625, 0.5555967, 0.2590629), (0.7071068, 0.5, 0.5), (-0.4472136, -0.7745967, -0.4472136), (-0.376787, -0.7668657, -0.5195657), (-0.002223845, -0.811406, -0.5844787), (0.0004604758, -0.8112421, -0.5847102), (0.2590629, -0.7900625, -0.5555967), (0.5, -0.7071068, -0.5), (-0.5195657, -0.7668657, -0.376787), (-0.3656073, -0.8559572, -0.3656073), (-0.001648524, -0.896092, -0.4438654), (0.001106165, -0.9450834, -0.3268274), (0.3299016, -0.8844941, -0.3299016), (0.5555967, -0.7900625, -0.2590629), (-0.5843427, -0.8114994, -0.003515823), (-0.4433316, -0.8963539, -0.002612649), (-0.00334681, -0.9999803, -0.005315967), (0.0008726281, -0.9999987, -0.001378799), (0.3271357, -0.9449757, -0.001755143), (0.5847101, -0.811242, -0.0007318049), (-0.5847101, -0.811242, 0.0007318049), (-0.3271357, -0.9449757, 0.001755143), (-0.0008726281, -0.9999987, 0.001378799), (0.00334681, -0.9999803, 0.005315967), (0.4433316, -0.8963539, 0.002612649), (0.5843427, -0.8114994, 0.003515823), (-0.5555967, -0.7900625, 0.2590629), (-0.3299016, -0.8844941, 0.3299016), (-0.001106165, -0.9450834, 0.3268274), (0.001648524, -0.896092, 0.4438654), (0.3656073, -0.8559572, 0.3656073), (0.5195657, -0.7668657, 0.376787), (-0.5, -0.7071068, 0.5), (-0.2590629, -0.7900625, 0.5555967), (-0.0004604758, -0.8112421, 0.5847102), (0.002223845, -0.811406, 0.5844787), (0.376787, -0.7668657, 0.5195657), (0.4472136, -0.7745967, 0.4472136), (-0.5, 0.7071068, -0.5), (-0.2590629, 0.7900625, -0.5555967), (-0.0004604758, 0.8112421, -0.5847102), (0.002223845, 0.811406, -0.5844787), (0.376787, 0.7668657, -0.5195657), (0.4472136, 0.7745967, -0.4472136), (-0.5555967, 0.7900625, -0.2590629), (-0.3299016, 0.8844941, -0.3299016), (-0.001106165, 0.9450834, -0.3268274), (0.001648524, 0.896092, -0.4438654), (0.3656073, 0.8559572, -0.3656073), (0.5195657, 0.7668657, -0.376787), (-0.5847101, 0.811242, -0.0007318049), (-0.3271357, 0.9449757, -0.001755143), (-0.0008726281, 0.9999987, -0.001378799), (0.00334681, 0.9999803, -0.005315967), (0.4433316, 0.8963539, -0.002612649), (0.5843427, 0.8114994, -0.003515823), (-0.5843427, 0.8114994, 0.003515823), (-0.4433316, 0.8963539, 0.002612649), (-0.00334681, 0.9999803, 0.005315967), (0.0008726281, 0.9999987, 0.001378799), (0.3271357, 0.9449757, 0.001755143), (0.5847101, 0.811242, 0.0007318049), (-0.5195657, 0.7668657, 0.376787), (-0.3656073, 0.8559572, 0.3656073), (-0.001648524, 0.896092, 0.4438654), (0.001106165, 0.9450834, 0.3268274), (0.3299016, 0.8844941, 0.3299016), (0.5555967, 0.7900625, 0.2590629), (-0.4472136, 0.7745967, 0.4472136), (-0.376787, 0.7668657, 0.5195657), (-0.002223845, 0.811406, 0.5844787), (0.0004604758, 0.8112421, 0.5847102), (0.2590629, 0.7900625, 0.5555967), (0.5, 0.7071068, 0.5), (-0.4472136, -0.4472136, -0.7745967), (-0.5195657, -0.376787, -0.7668657), (-0.5634014, -0.145112, -0.8133397), (-0.5831762, 0.07239132, -0.8091137), (-0.5555967, 0.2590629, -0.7900625), (-0.5, 0.5, -0.7071068), (-0.376787, -0.5195657, -0.7668657), (-0.3656073, -0.3656073, -0.8559572), (-0.3566433, -0.1473858, -0.9225416), (-0.3809156, 0.1211306, -0.916641), (-0.3299016, 0.3299016, -0.8844941), (-0.2590629, 0.5555967, -0.7900625), (-0.002223845, -0.5844787, -0.811406), (-0.001648524, -0.4438654, -0.896092), (-0.001347237, -0.1854065, -0.982661), (-0.001906174, 0.1180612, -0.9930045), (-0.001106165, 0.3268274, -0.9450834), (-0.0004604758, 0.5847102, -0.8112421), (0.0004604758, -0.5847102, -0.8112421), (0.001106165, -0.3268274, -0.9450834), (0.001906174, -0.1180612, -0.9930045), (0.001347237, 0.1854065, -0.982661), (0.001648524, 0.4438654, -0.896092), (0.002223845, 0.5844787, -0.811406), (0.2590629, -0.5555967, -0.7900625), (0.3299016, -0.3299016, -0.8844941), (0.3809156, -0.1211306, -0.916641), (0.3566433, 0.1473858, -0.9225416), (0.3656073, 0.3656073, -0.8559572), (0.376787, 0.5195657, -0.7668657), (0.5, -0.5, -0.7071068), (0.5555967, -0.2590629, -0.7900625), (0.5831762, -0.07239132, -0.8091137), (0.5634014, 0.145112, -0.8133397), (0.5195657, 0.376787, -0.7668657), (0.4472136, 0.4472136, -0.7745967), (-0.5, -0.5, 0.7071068), (-0.5555967, -0.2590629, 0.7900625), (-0.5831762, -0.07239132, 0.8091137), (-0.5634014, 0.145112, 0.8133397), (-0.5195657, 0.376787, 0.7668657), (-0.4472136, 0.4472136, 0.7745967), (-0.2590629, -0.5555967, 0.7900625), (-0.3299016, -0.3299016, 0.8844941), (-0.3809156, -0.1211306, 0.916641), (-0.3566433, 0.1473858, 0.9225416), (-0.3656073, 0.3656073, 0.8559572), (-0.376787, 0.5195657, 0.7668657), (-0.0004604758, -0.5847102, 0.8112421), (-0.001106165, -0.3268274, 0.9450834), (-0.001906174, -0.1180612, 0.9930045), (-0.001347237, 0.1854065, 0.982661), (-0.001648524, 0.4438654, 0.896092), (-0.002223845, 0.5844787, 0.811406), (0.002223845, -0.5844787, 0.811406), (0.001648524, -0.4438654, 0.896092), (0.001347237, -0.1854065, 0.982661), (0.001906174, 0.1180612, 0.9930045), (0.001106165, 0.3268274, 0.9450834), (0.0004604758, 0.5847102, 0.8112421), (0.376787, -0.5195657, 0.7668657), (0.3656073, -0.3656073, 0.8559572), (0.3566433, -0.1473858, 0.9225416), (0.3809156, 0.1211306, 0.916641), (0.3299016, 0.3299016, 0.8844941), (0.2590629, 0.5555967, 0.7900625), (0.4472136, -0.4472136, 0.7745967), (0.5195657, -0.376787, 0.7668657), (0.5634014, -0.145112, 0.8133397), (0.5831762, 0.07239132, 0.8091137), (0.5555967, 0.2590629, 0.7900625), (0.5, 0.5, 0.7071068)] (interpolation = "vertex")
            float3[] extent = [(-0.0125, -0.00132, -0.008), (0.0125, -0.00044, 0.008)]
            rel material:binding = </WorkbenchPart/Materials/pcb_rx_crossfire>
            texCoord2f[] primvars:st = [(-0.132, -0.8595556), (-0.1206296, -0.8628518), (-0.1173333, -0.8742222), (-0.132, -0.8595556), (-0.1173333, -0.8742222), (-0.1280701, -0.8702923), (-0.1337794, -0.8448889), (-0.1223441, -0.8448889), (-0.1206296, -0.8628518), (-0.1337794, -0.8448889), (-0.1206296, -0.8628518), (-0.132, -0.8595556), (-0.1337794, 0.8448889), (-0.1223441, 0.8448889), (-0.1223441, -0.8448889), (-0.1337794, 0.8448889), (-0.1223441, -0.8448889), (-0.1337794, -0.8448889), (-0.132, 0.8595556), (-0.1206296, 0.8628518), (-0.1223441, 0.8448889), (-0.132, 0.8595556), (-0.1223441, 0.8448889), (-0.1337794, 0.8448889), (-0.1280701, 0.8702923), (-0.1173333, 0.8742222), (-0.1206296, 0.8628518), (-0.1280701, 0.8702923), (-0.1206296, 0.8628518), (-0.132, 0.8595556), (-0.1206296, -0.8628518), (-0.1026667, -0.8645663), (-0.1026667, -0.8760016), (-0.1206296, -0.8628518), (-0.1026667, -0.8760016), (-0.1173333, -0.8742222), (-0.1223441, -0.8448889), (-0.1026667, -0.8448889), (-0.1026667, -0.8645663), (-0.1223441, -0.8448889), (-0.1026667, -0.8645663), (-0.1206296, -0.8628518), (-0.1223441, 0.8448889), (-0.1026667, 0.8448889), (-0.1026667, -0.8448889), (-0.1223441, 0.8448889), (-0.1026667, -0.8448889), (-0.1223441, -0.8448889), (-0.1206296, 0.8628518), (-0.1026667, 0.8645663), (-0.1026667, 0.8448889), (-0.1206296, 0.8628518), (-0.1026667, 0.8448889), (-0.1223441, 0.8448889), (-0.1173333, 0.8742222), (-0.1026667, 0.8760016), (-0.1026667, 0.8645663), (-0.1173333, 0.8742222), (-0.1026667, 0.8645663), (-0.1206296, 0.8628518), (-0.1026667, -0.8645663), (-0.09288889, -0.8645663), (-0.09288889, -0.8760016), (-0.1026667, -0.8645663), (-0.09288889, -0.8760016), (-0.1026667, -0.8760016), (-0.1026667, -0.8448889), (-0.09288889, -0.8448889), (-0.09288889, -0.8645663), (-0.1026667, -0.8448889), (-0.09288889, -0.8645663), (-0.1026667, -0.8645663), (-0.1026667, 0.8448889), (-0.09288889, 0.8448889), (-0.09288889, -0.8448889), (-0.1026667, 0.8448889), (-0.09288889, -0.8448889), (-0.1026667, -0.8448889), (-0.1026667, 0.8645663), (-0.09288889, 0.8645663), (-0.09288889, 0.8448889), (-0.1026667, 0.8645663), (-0.09288889, 0.8448889), (-0.1026667, 0.8448889), (-0.1026667, 0.8760016), (-0.09288889, 0.8760016), (-0.09288889, 0.8645663), (-0.1026667, 0.8760016), (-0.09288889, 0.8645663), (-0.1026667, 0.8645663), (-0.09288889, -0.8645663), (-0.07492596, -0.8628518), (-0.07822222, -0.8742222), (-0.09288889, -0.8645663), (-0.07822222, -0.8742222), (-0.09288889, -0.8760016), (-0.09288889, -0.8448889), (-0.07321149, -0.8448889), (-0.07492596, -0.8628518), (-0.09288889, -0.8448889), (-0.07492596, -0.8628518), (-0.09288889, -0.8645663), (-0.09288889, 0.8448889), (-0.07321149, 0.8448889), (-0.07321149, -0.8448889), (-0.09288889, 0.8448889), (-0.07321149, -0.8448889), (-0.09288889, -0.8448889), (-0.09288889, 0.8645663), (-0.07492596, 0.8628518), (-0.07321149, 0.8448889), (-0.09288889, 0.8645663), (-0.07321149, 0.8448889), (-0.09288889, 0.8448889), (-0.09288889, 0.8760016), (-0.07822222, 0.8742222), (-0.07492596, 0.8628518), (-0.09288889, 0.8760016), (-0.07492596, 0.8628518), (-0.09288889, 0.8645663), (-0.07492596, -0.8628518), (-0.06355556, -0.8595556), (-0.06748548, -0.8702923), (-0.07492596, -0.8628518), (-0.06748548, -0.8702923), (-0.07822222, -0.8742222), (-0.07321149, -0.8448889), (-0.06177619, -0.8448889), (-0.06355556, -0.8595556), (-0.07321149, -0.8448889), (-0.06355556, -0.8595556), (-0.07492596, -0.8628518), (-0.07321149, 0.8448889), (-0.06177619, 0.8448889), (-0.06177619, -0.8448889), (-0.07321149, 0.8448889), (-0.06177619, -0.8448889), (-0.07321149, -0.8448889), (-0.07492596, 0.8628518), (-0.06355556, 0.8595556), (-0.06177619, 0.8448889), (-0.07492596, 0.8628518), (-0.06177619, 0.8448889), (-0.07321149, 0.8448889), (-0.07822222, 0.8742222), (-0.06748548, 0.8702923), (-0.06355556, 0.8595556), (-0.07822222, 0.8742222), (-0.06355556, 0.8595556), (-0.07492596, 0.8628518), (-0.1280701, -0.8702923), (-0.1173333, -0.8742222), (-0.1206296, -0.8628518), (-0.1280701, -0.8702923), (-0.1206296, -0.8628518), (-0.132, -0.8595556), (-0.132, -0.8595556), (-0.1206296, -0.8628518), (-0.1223441, -0.8448889), (-0.132, -0.8595556), (-0.1223441, -0.8448889), (-0.1337794, -0.8448889), (-0.1337794, -0.8448889), (-0.1223441, -0.8448889), (-0.1223441, 0.8448889), (-0.1337794, -0.8448889), (-0.1223441, 0.8448889), (-0.1337794, 0.8448889), (-0.1337794, 0.8448889), (-0.1223441, 0.8448889), (-0.1206296, 0.8628518), (-0.1337794, 0.8448889), (-0.1206296, 0.8628518), (-0.132, 0.8595556), (-0.132, 0.8595556), (-0.1206296, 0.8628518), (-0.1173333, 0.8742222), (-0.132, 0.8595556), (-0.1173333, 0.8742222), (-0.1280701, 0.8702923), (-0.1173333, -0.8742222), (-0.1026667, -0.8760016), (-0.1026667, -0.8645663), (-0.1173333, -0.8742222), (-0.1026667, -0.8645663), (-0.1206296, -0.8628518), (-0.1206296, -0.8628518), (-0.1026667, -0.8645663), (-0.1026667, -0.8448889), (-0.1206296, -0.8628518), (-0.1026667, -0.8448889), (-0.1223441, -0.8448889), (-0.1223441, -0.8448889), (-0.1026667, -0.8448889), (-0.1026667, 0.8448889), (-0.1223441, -0.8448889), (-0.1026667, 0.8448889), (-0.1223441, 0.8448889), (-0.1223441, 0.8448889), (-0.1026667, 0.8448889), (-0.1026667, 0.8645663), (-0.1223441, 0.8448889), (-0.1026667, 0.8645663), (-0.1206296, 0.8628518), (-0.1206296, 0.8628518), (-0.1026667, 0.8645663), (-0.1026667, 0.8760016), (-0.1206296, 0.8628518), (-0.1026667, 0.8760016), (-0.1173333, 0.8742222), (-0.1026667, -0.8760016), (-0.09288889, -0.8760016), (-0.09288889, -0.8645663), (-0.1026667, -0.8760016), (-0.09288889, -0.8645663), (-0.1026667, -0.8645663), (-0.1026667, -0.8645663), (-0.09288889, -0.8645663), (-0.09288889, -0.8448889), (-0.1026667, -0.8645663), (-0.09288889, -0.8448889), (-0.1026667, -0.8448889), (-0.1026667, -0.8448889), (-0.09288889, -0.8448889), (-0.09288889, 0.8448889), (-0.1026667, -0.8448889), (-0.09288889, 0.8448889), (-0.1026667, 0.8448889), (-0.1026667, 0.8448889), (-0.09288889, 0.8448889), (-0.09288889, 0.8645663), (-0.1026667, 0.8448889), (-0.09288889, 0.8645663), (-0.1026667, 0.8645663), (-0.1026667, 0.8645663), (-0.09288889, 0.8645663), (-0.09288889, 0.8760016), (-0.1026667, 0.8645663), (-0.09288889, 0.8760016), (-0.1026667, 0.8760016), (-0.09288889, -0.8760016), (-0.07822222, -0.8742222), (-0.07492596, -0.8628518), (-0.09288889, -0.8760016), (-0.07492596, -0.8628518), (-0.09288889, -0.8645663), (-0.09288889, -0.8645663), (-0.07492596, -0.8628518), (-0.07321149, -0.8448889), (-0.09288889, -0.8645663), (-0.07321149, -0.8448889), (-0.09288889, -0.8448889), (-0.09288889, -0.8448889), (-0.07321149, -0.8448889), (-0.07321149, 0.8448889), (-0.09288889, -0.8448889), (-0.07321149, 0.8448889), (-0.09288889, 0.8448889), (-0.09288889, 0.8448889), (-0.07321149, 0.8448889), (-0.07492596, 0.8628518), (-0.09288889, 0.8448889), (-0.07492596, 0.8628518), (-0.09288889, 0.8645663), (-0.09288889, 0.8645663), (-0.07492596, 0.8628518), (-0.07822222, 0.8742222), (-0.09288889, 0.8645663), (-0.07822222, 0.8742222), (-0.09288889, 0.8760016), (-0.07822222, -0.8742222), (-0.06748548, -0.8702923), (-0.06355556, -0.8595556), (-0.07822222, -0.8742222), (-0.06355556, -0.8595556), (-0.07492596, -0.8628518), (-0.07492596, -0.8628518), (-0.06355556, -0.8595556), (-0.06177619, -0.8448889), (-0.07492596, -0.8628518), (-0.06177619, -0.8448889), (-0.07321149, -0.8448889), (-0.07321149, -0.8448889), (-0.06177619, -0.8448889), (-0.06177619, 0.8448889), (-0.07321149, -0.8448889), (-0.06177619, 0.8448889), (-0.07321149, 0.8448889), (-0.07321149, 0.8448889), (-0.06177619, 0.8448889), (-0.06355556, 0.8595556), (-0.07321149, 0.8448889), (-0.06355556, 0.8595556), (-0.07492596, 0.8628518), (-0.07492596, 0.8628518), (-0.06355556, 0.8595556), (-0.06748548, 0.8702923), (-0.07492596, 0.8628518), (-0.06748548, 0.8702923), (-0.07822222, 0.8742222), (-1.359556, -0.8742222), (-1.362852, -0.8628518), (-1.374222, -0.8595556), (-1.359556, -0.8742222), (-1.374222, -0.8595556), (-1.370292, -0.8702923), (-1.344889, -0.8760016), (-1.344889, -0.8645663), (-1.362852, -0.8628518), (-1.344889, -0.8760016), (-1.362852, -0.8628518), (-1.359556, -0.8742222), (1.344889, -0.8760016), (1.344889, -0.8645663), (-1.344889, -0.8645663), (1.344889, -0.8760016), (-1.344889, -0.8645663), (-1.344889, -0.8760016), (1.359556, -0.8742222), (1.362852, -0.8628518), (1.344889, -0.8645663), (1.359556, -0.8742222), (1.344889, -0.8645663), (1.344889, -0.8760016), (1.370292, -0.8702923), (1.374222, -0.8595556), (1.362852, -0.8628518), (1.370292, -0.8702923), (1.362852, -0.8628518), (1.359556, -0.8742222), (-1.362852, -0.8628518), (-1.364566, -0.8448889), (-1.376002, -0.8448889), (-1.362852, -0.8628518), (-1.376002, -0.8448889), (-1.374222, -0.8595556), (-1.344889, -0.8645663), (-1.344889, -0.8448889), (-1.364566, -0.8448889), (-1.344889, -0.8645663), (-1.364566, -0.8448889), (-1.362852, -0.8628518), (1.344889, -0.8645663), (1.344889, -0.8448889), (-1.344889, -0.8448889), (1.344889, -0.8645663), (-1.344889, -0.8448889), (-1.344889, -0.8645663), (1.362852, -0.8628518), (1.364566, -0.8448889), (1.344889, -0.8448889), (1.362852, -0.8628518), (1.344889, -0.8448889), (1.344889, -0.8645663), (1.374222, -0.8595556), (1.376002, -0.8448889), (1.364566, -0.8448889), (1.374222, -0.8595556), (1.364566, -0.8448889), (1.362852, -0.8628518), (-1.364566, -0.8448889), (-1.364566, 0.8448889), (-1.376002, 0.8448889), (-1.364566, -0.8448889), (-1.376002, 0.8448889), (-1.376002, -0.8448889), (-1.344889, -0.8448889), (-1.344889, 0.8448889), (-1.364566, 0.8448889), (-1.344889, -0.8448889), (-1.364566, 0.8448889), (-1.364566, -0.8448889), (1.344889, -0.8448889), (1.344889, 0.8448889), (-1.344889, 0.8448889), (1.344889, -0.8448889), (-1.344889, 0.8448889), (-1.344889, -0.8448889), (1.364566, -0.8448889), (1.364566, 0.8448889), (1.344889, 0.8448889), (1.364566, -0.8448889), (1.344889, 0.8448889), (1.344889, -0.8448889), (1.376002, -0.8448889), (1.376002, 0.8448889), (1.364566, 0.8448889), (1.376002, -0.8448889), (1.364566, 0.8448889), (1.364566, -0.8448889), (-1.364566, 0.8448889), (-1.362852, 0.8628518), (-1.374222, 0.8595556), (-1.364566, 0.8448889), (-1.374222, 0.8595556), (-1.376002, 0.8448889), (-1.344889, 0.8448889), (-1.344889, 0.8645663), (-1.362852, 0.8628518), (-1.344889, 0.8448889), (-1.362852, 0.8628518), (-1.364566, 0.8448889), (1.344889, 0.8448889), (1.344889, 0.8645663), (-1.344889, 0.8645663), (1.344889, 0.8448889), (-1.344889, 0.8645663), (-1.344889, 0.8448889), (1.364566, 0.8448889), (1.362852, 0.8628518), (1.344889, 0.8645663), (1.364566, 0.8448889), (1.344889, 0.8645663), (1.344889, 0.8448889), (1.376002, 0.8448889), (1.374222, 0.8595556), (1.362852, 0.8628518), (1.376002, 0.8448889), (1.362852, 0.8628518), (1.364566, 0.8448889), (-1.362852, 0.8628518), (-1.359556, 0.8742222), (-1.370292, 0.8702923), (-1.362852, 0.8628518), (-1.370292, 0.8702923), (-1.374222, 0.8595556), (-1.344889, 0.8645663), (-1.344889, 0.8760016), (-1.359556, 0.8742222), (-1.344889, 0.8645663), (-1.359556, 0.8742222), (-1.362852, 0.8628518), (1.344889, 0.8645663), (1.344889, 0.8760016), (-1.344889, 0.8760016), (1.344889, 0.8645663), (-1.344889, 0.8760016), (-1.344889, 0.8645663), (1.362852, 0.8628518), (1.359556, 0.8742222), (1.344889, 0.8760016), (1.362852, 0.8628518), (1.344889, 0.8760016), (1.344889, 0.8645663), (1.374222, 0.8595556), (1.370292, 0.8702923), (1.359556, 0.8742222), (1.374222, 0.8595556), (1.359556, 0.8742222), (1.362852, 0.8628518), (-1.370292, -0.8702923), (-1.374222, -0.8595556), (-1.362852, -0.8628518), (-1.370292, -0.8702923), (-1.362852, -0.8628518), (-1.359556, -0.8742222), (-1.359556, -0.8742222), (-1.362852, -0.8628518), (-1.344889, -0.8645663), (-1.359556, -0.8742222), (-1.344889, -0.8645663), (-1.344889, -0.8760016), (-1.344889, -0.8760016), (-1.344889, -0.8645663), (1.344889, -0.8645663), (-1.344889, -0.8760016), (1.344889, -0.8645663), (1.344889, -0.8760016), (1.344889, -0.8760016), (1.344889, -0.8645663), (1.362852, -0.8628518), (1.344889, -0.8760016), (1.362852, -0.8628518), (1.359556, -0.8742222), (1.359556, -0.8742222), (1.362852, -0.8628518), (1.374222, -0.8595556), (1.359556, -0.8742222), (1.374222, -0.8595556), (1.370292, -0.8702923), (-1.374222, -0.8595556), (-1.376002, -0.8448889), (-1.364566, -0.8448889), (-1.374222, -0.8595556), (-1.364566, -0.8448889), (-1.362852, -0.8628518), (-1.362852, -0.8628518), (-1.364566, -0.8448889), (-1.344889, -0.8448889), (-1.362852, -0.8628518), (-1.344889, -0.8448889), (-1.344889, -0.8645663), (-1.344889, -0.8645663), (-1.344889, -0.8448889), (1.344889, -0.8448889), (-1.344889, -0.8645663), (1.344889, -0.8448889), (1.344889, -0.8645663), (1.344889, -0.8645663), (1.344889, -0.8448889), (1.364566, -0.8448889), (1.344889, -0.8645663), (1.364566, -0.8448889), (1.362852, -0.8628518), (1.362852, -0.8628518), (1.364566, -0.8448889), (1.376002, -0.8448889), (1.362852, -0.8628518), (1.376002, -0.8448889), (1.374222, -0.8595556), (-1.376002, -0.8448889), (-1.376002, 0.8448889), (-1.364566, 0.8448889), (-1.376002, -0.8448889), (-1.364566, 0.8448889), (-1.364566, -0.8448889), (-1.364566, -0.8448889), (-1.364566, 0.8448889), (-1.344889, 0.8448889), (-1.364566, -0.8448889), (-1.344889, 0.8448889), (-1.344889, -0.8448889), (-1.344889, -0.8448889), (-1.344889, 0.8448889), (1.344889, 0.8448889), (-1.344889, -0.8448889), (1.344889, 0.8448889), (1.344889, -0.8448889), (1.344889, -0.8448889), (1.344889, 0.8448889), (1.364566, 0.8448889), (1.344889, -0.8448889), (1.364566, 0.8448889), (1.364566, -0.8448889), (1.364566, -0.8448889), (1.364566, 0.8448889), (1.376002, 0.8448889), (1.364566, -0.8448889), (1.376002, 0.8448889), (1.376002, -0.8448889), (-1.376002, 0.8448889), (-1.374222, 0.8595556), (-1.362852, 0.8628518), (-1.376002, 0.8448889), (-1.362852, 0.8628518), (-1.364566, 0.8448889), (-1.364566, 0.8448889), (-1.362852, 0.8628518), (-1.344889, 0.8645663), (-1.364566, 0.8448889), (-1.344889, 0.8645663), (-1.344889, 0.8448889), (-1.344889, 0.8448889), (-1.344889, 0.8645663), (1.344889, 0.8645663), (-1.344889, 0.8448889), (1.344889, 0.8645663), (1.344889, 0.8448889), (1.344889, 0.8448889), (1.344889, 0.8645663), (1.362852, 0.8628518), (1.344889, 0.8448889), (1.362852, 0.8628518), (1.364566, 0.8448889), (1.364566, 0.8448889), (1.362852, 0.8628518), (1.374222, 0.8595556), (1.364566, 0.8448889), (1.374222, 0.8595556), (1.376002, 0.8448889), (-1.374222, 0.8595556), (-1.370292, 0.8702923), (-1.359556, 0.8742222), (-1.374222, 0.8595556), (-1.359556, 0.8742222), (-1.362852, 0.8628518), (-1.362852, 0.8628518), (-1.359556, 0.8742222), (-1.344889, 0.8760016), (-1.362852, 0.8628518), (-1.344889, 0.8760016), (-1.344889, 0.8645663), (-1.344889, 0.8645663), (-1.344889, 0.8760016), (1.344889, 0.8760016), (-1.344889, 0.8645663), (1.344889, 0.8760016), (1.344889, 0.8645663), (1.344889, 0.8645663), (1.344889, 0.8760016), (1.359556, 0.8742222), (1.344889, 0.8645663), (1.359556, 0.8742222), (1.362852, 0.8628518), (1.362852, 0.8628518), (1.359556, 0.8742222), (1.370292, 0.8702923), (1.362852, 0.8628518), (1.370292, 0.8702923), (1.374222, 0.8595556), (-1.374222, -0.1173333), (-1.362852, -0.1206296), (-1.359556, -0.132), (-1.374222, -0.1173333), (-1.359556, -0.132), (-1.370292, -0.1280701), (-1.376002, -0.1026667), (-1.364566, -0.1026667), (-1.362852, -0.1206296), (-1.376002, -0.1026667), (-1.362852, -0.1206296), (-1.374222, -0.1173333), (-1.376002, -0.09288889), (-1.364566, -0.09288889), (-1.364566, -0.1026667), (-1.376002, -0.09288889), (-1.364566, -0.1026667), (-1.376002, -0.1026667), (-1.374222, -0.07822222), (-1.362852, -0.07492596), (-1.364566, -0.09288889), (-1.374222, -0.07822222), (-1.364566, -0.09288889), (-1.376002, -0.09288889), (-1.370292, -0.06748548), (-1.359556, -0.06355556), (-1.362852, -0.07492596), (-1.370292, -0.06748548), (-1.362852, -0.07492596), (-1.374222, -0.07822222), (-1.362852, -0.1206296), (-1.344889, -0.1223441), (-1.344889, -0.1337794), (-1.362852, -0.1206296), (-1.344889, -0.1337794), (-1.359556, -0.132), (-1.364566, -0.1026667), (-1.344889, -0.1026667), (-1.344889, -0.1223441), (-1.364566, -0.1026667), (-1.344889, -0.1223441), (-1.362852, -0.1206296), (-1.364566, -0.09288889), (-1.344889, -0.09288889), (-1.344889, -0.1026667), (-1.364566, -0.09288889), (-1.344889, -0.1026667), (-1.364566, -0.1026667), (-1.362852, -0.07492596), (-1.344889, -0.07321149), (-1.344889, -0.09288889), (-1.362852, -0.07492596), (-1.344889, -0.09288889), (-1.364566, -0.09288889), (-1.359556, -0.06355556), (-1.344889, -0.06177619), (-1.344889, -0.07321149), (-1.359556, -0.06355556), (-1.344889, -0.07321149), (-1.362852, -0.07492596), (-1.344889, -0.1223441), (1.344889, -0.1223441), (1.344889, -0.1337794), (-1.344889, -0.1223441), (1.344889, -0.1337794), (-1.344889, -0.1337794), (-1.344889, -0.1026667), (1.344889, -0.1026667), (1.344889, -0.1223441), (-1.344889, -0.1026667), (1.344889, -0.1223441), (-1.344889, -0.1223441), (-1.344889, -0.09288889), (1.344889, -0.09288889), (1.344889, -0.1026667), (-1.344889, -0.09288889), (1.344889, -0.1026667), (-1.344889, -0.1026667), (-1.344889, -0.07321149), (1.344889, -0.07321149), (1.344889, -0.09288889), (-1.344889, -0.07321149), (1.344889, -0.09288889), (-1.344889, -0.09288889), (-1.344889, -0.06177619), (1.344889, -0.06177619), (1.344889, -0.07321149), (-1.344889, -0.06177619), (1.344889, -0.07321149), (-1.344889, -0.07321149), (1.344889, -0.1223441), (1.362852, -0.1206296), (1.359556, -0.132), (1.344889, -0.1223441), (1.359556, -0.132), (1.344889, -0.1337794), (1.344889, -0.1026667), (1.364566, -0.1026667), (1.362852, -0.1206296), (1.344889, -0.1026667), (1.362852, -0.1206296), (1.344889, -0.1223441), (1.344889, -0.09288889), (1.364566, -0.09288889), (1.364566, -0.1026667), (1.344889, -0.09288889), (1.364566, -0.1026667), (1.344889, -0.1026667), (1.344889, -0.07321149), (1.362852, -0.07492596), (1.364566, -0.09288889), (1.344889, -0.07321149), (1.364566, -0.09288889), (1.344889, -0.09288889), (1.344889, -0.06177619), (1.359556, -0.06355556), (1.362852, -0.07492596), (1.344889, -0.06177619), (1.362852, -0.07492596), (1.344889, -0.07321149), (1.362852, -0.1206296), (1.374222, -0.1173333), (1.370292, -0.1280701), (1.362852, -0.1206296), (1.370292, -0.1280701), (1.359556, -0.132), (1.364566, -0.1026667), (1.376002, -0.1026667), (1.374222, -0.1173333), (1.364566, -0.1026667), (1.374222, -0.1173333), (1.362852, -0.1206296), (1.364566, -0.09288889), (1.376002, -0.09288889), (1.376002, -0.1026667), (1.364566, -0.09288889), (1.376002, -0.1026667), (1.364566, -0.1026667), (1.362852, -0.07492596), (1.374222, -0.07822222), (1.376002, -0.09288889), (1.362852, -0.07492596), (1.376002, -0.09288889), (1.364566, -0.09288889), (1.359556, -0.06355556), (1.370292, -0.06748548), (1.374222, -0.07822222), (1.359556, -0.06355556), (1.374222, -0.07822222), (1.362852, -0.07492596), (-1.370292, -0.1280701), (-1.359556, -0.132), (-1.362852, -0.1206296), (-1.370292, -0.1280701), (-1.362852, -0.1206296), (-1.374222, -0.1173333), (-1.374222, -0.1173333), (-1.362852, -0.1206296), (-1.364566, -0.1026667), (-1.374222, -0.1173333), (-1.364566, -0.1026667), (-1.376002, -0.1026667), (-1.376002, -0.1026667), (-1.364566, -0.1026667), (-1.364566, -0.09288889), (-1.376002, -0.1026667), (-1.364566, -0.09288889), (-1.376002, -0.09288889), (-1.376002, -0.09288889), (-1.364566, -0.09288889), (-1.362852, -0.07492596), (-1.376002, -0.09288889), (-1.362852, -0.07492596), (-1.374222, -0.07822222), (-1.374222, -0.07822222), (-1.362852, -0.07492596), (-1.359556, -0.06355556), (-1.374222, -0.07822222), (-1.359556, -0.06355556), (-1.370292, -0.06748548), (-1.359556, -0.132), (-1.344889, -0.1337794), (-1.344889, -0.1223441), (-1.359556, -0.132), (-1.344889, -0.1223441), (-1.362852, -0.1206296), (-1.362852, -0.1206296), (-1.344889, -0.1223441), (-1.344889, -0.1026667), (-1.362852, -0.1206296), (-1.344889, -0.1026667), (-1.364566, -0.1026667), (-1.364566, -0.1026667), (-1.344889, -0.1026667), (-1.344889, -0.09288889), (-1.364566, -0.1026667), (-1.344889, -0.09288889), (-1.364566, -0.09288889), (-1.364566, -0.09288889), (-1.344889, -0.09288889), (-1.344889, -0.07321149), (-1.364566, -0.09288889), (-1.344889, -0.07321149), (-1.362852, -0.07492596), (-1.362852, -0.07492596), (-1.344889, -0.07321149), (-1.344889, -0.06177619), (-1.362852, -0.07492596), (-1.344889, -0.06177619), (-1.359556, -0.06355556), (-1.344889, -0.1337794), (1.344889, -0.1337794), (1.344889, -0.1223441), (-1.344889, -0.1337794), (1.344889, -0.1223441), (-1.344889, -0.1223441), (-1.344889, -0.1223441), (1.344889, -0.1223441), (1.344889, -0.1026667), (-1.344889, -0.1223441), (1.344889, -0.1026667), (-1.344889, -0.1026667), (-1.344889, -0.1026667), (1.344889, -0.1026667), (1.344889, -0.09288889), (-1.344889, -0.1026667), (1.344889, -0.09288889), (-1.344889, -0.09288889), (-1.344889, -0.09288889), (1.344889, -0.09288889), (1.344889, -0.07321149), (-1.344889, -0.09288889), (1.344889, -0.07321149), (-1.344889, -0.07321149), (-1.344889, -0.07321149), (1.344889, -0.07321149), (1.344889, -0.06177619), (-1.344889, -0.07321149), (1.344889, -0.06177619), (-1.344889, -0.06177619), (1.344889, -0.1337794), (1.359556, -0.132), (1.362852, -0.1206296), (1.344889, -0.1337794), (1.362852, -0.1206296), (1.344889, -0.1223441), (1.344889, -0.1223441), (1.362852, -0.1206296), (1.364566, -0.1026667), (1.344889, -0.1223441), (1.364566, -0.1026667), (1.344889, -0.1026667), (1.344889, -0.1026667), (1.364566, -0.1026667), (1.364566, -0.09288889), (1.344889, -0.1026667), (1.364566, -0.09288889), (1.344889, -0.09288889), (1.344889, -0.09288889), (1.364566, -0.09288889), (1.362852, -0.07492596), (1.344889, -0.09288889), (1.362852, -0.07492596), (1.344889, -0.07321149), (1.344889, -0.07321149), (1.362852, -0.07492596), (1.359556, -0.06355556), (1.344889, -0.07321149), (1.359556, -0.06355556), (1.344889, -0.06177619), (1.359556, -0.132), (1.370292, -0.1280701), (1.374222, -0.1173333), (1.359556, -0.132), (1.374222, -0.1173333), (1.362852, -0.1206296), (1.362852, -0.1206296), (1.374222, -0.1173333), (1.376002, -0.1026667), (1.362852, -0.1206296), (1.376002, -0.1026667), (1.364566, -0.1026667), (1.364566, -0.1026667), (1.376002, -0.1026667), (1.376002, -0.09288889), (1.364566, -0.1026667), (1.376002, -0.09288889), (1.364566, -0.09288889), (1.364566, -0.09288889), (1.376002, -0.09288889), (1.374222, -0.07822222), (1.364566, -0.09288889), (1.374222, -0.07822222), (1.362852, -0.07492596), (1.362852, -0.07492596), (1.374222, -0.07822222), (1.370292, -0.06748548), (1.362852, -0.07492596), (1.370292, -0.06748548), (1.359556, -0.06355556)] (interpolation = "faceVarying")
        }
        def Mesh "RFShield_01" (prepend apiSchemas = ["MaterialBindingAPI"])
        {
            uniform token subdivisionScheme = "none"
            uniform token orientation = "rightHanded"
            bool doubleSided = false
            point3f[] points = [(-0.008989752, -0.0006247521, -0.006104752), (-0.009018333, -0.0006533333, -0.006026667), (-0.009031274, -0.0006662742, -0.00592), (-0.009031274, -0.0006662742, 0.00368), (-0.009018333, -0.0006533333, 0.003786667), (-0.008989752, -0.0006247521, 0.003864752), (-0.009018333, -0.0005466667, -0.006133333), (-0.009066279, -0.0005706395, -0.006050639), (-0.009091217, -0.0005831084, -0.00592), (-0.009091217, -0.0005831084, 0.00368), (-0.009066279, -0.0005706395, 0.003810639), (-0.009018333, -0.0005466667, 0.003893333), (-0.009031274, -0.00044, -0.006146274), (-0.009091217, -0.00044, -0.006063108), (-0.009125, -0.00044, -0.00592), (-0.009125, -0.00044, 0.00368), (-0.009091217, -0.00044, 0.003823108), (-0.009031274, -0.00044, 0.003906274), (-0.009031274, 0.00124, -0.006146274), (-0.009091217, 0.00124, -0.006063108), (-0.009125, 0.00124, -0.00592), (-0.009125, 0.00124, 0.00368), (-0.009091217, 0.00124, 0.003823108), (-0.009031274, 0.00124, 0.003906274), (-0.009018333, 0.001346667, -0.006133333), (-0.009066279, 0.001370639, -0.006050639), (-0.009091217, 0.001383108, -0.00592), (-0.009091217, 0.001383108, 0.00368), (-0.009066279, 0.001370639, 0.003810639), (-0.009018333, 0.001346667, 0.003893333), (-0.008989752, 0.001424752, -0.006104752), (-0.009018333, 0.001453333, -0.006026667), (-0.009031274, 0.001466274, -0.00592), (-0.009031274, 0.001466274, 0.00368), (-0.009018333, 0.001453333, 0.003786667), (-0.008989752, 0.001424752, 0.003864752), (0.008989752, -0.0006247521, -0.006104752), (0.009018333, -0.0006533333, -0.006026667), (0.009031274, -0.0006662742, -0.00592), (0.009031274, -0.0006662742, 0.00368), (0.009018333, -0.0006533333, 0.003786667), (0.008989752, -0.0006247521, 0.003864752), (0.009018333, -0.0005466667, -0.006133333), (0.009066279, -0.0005706395, -0.006050639), (0.009091217, -0.0005831084, -0.00592), (0.009091217, -0.0005831084, 0.00368), (0.009066279, -0.0005706395, 0.003810639), (0.009018333, -0.0005466667, 0.003893333), (0.009031274, -0.00044, -0.006146274), (0.009091217, -0.00044, -0.006063108), (0.009125, -0.00044, -0.00592), (0.009125, -0.00044, 0.00368), (0.009091217, -0.00044, 0.003823108), (0.009031274, -0.00044, 0.003906274), (0.009031274, 0.00124, -0.006146274), (0.009091217, 0.00124, -0.006063108), (0.009125, 0.00124, -0.00592), (0.009125, 0.00124, 0.00368), (0.009091217, 0.00124, 0.003823108), (0.009031274, 0.00124, 0.003906274), (0.009018333, 0.001346667, -0.006133333), (0.009066279, 0.001370639, -0.006050639), (0.009091217, 0.001383108, -0.00592), (0.009091217, 0.001383108, 0.00368), (0.009066279, 0.001370639, 0.003810639), (0.009018333, 0.001346667, 0.003893333), (0.008989752, 0.001424752, -0.006104752), (0.009018333, 0.001453333, -0.006026667), (0.009031274, 0.001466274, -0.00592), (0.009031274, 0.001466274, 0.00368), (0.009018333, 0.001453333, 0.003786667), (0.008989752, 0.001424752, 0.003864752), (-0.008989752, -0.0006247521, -0.006104752), (-0.008911667, -0.0006533333, -0.006133333), (-0.008805, -0.0006662742, -0.006146274), (0.008805, -0.0006662742, -0.006146274), (0.008911667, -0.0006533333, -0.006133333), (0.008989752, -0.0006247521, -0.006104752), (-0.009018333, -0.0006533333, -0.006026667), (-0.008935639, -0.0007012789, -0.006050639), (-0.008805, -0.0007262167, -0.006063108), (0.008805, -0.0007262167, -0.006063108), (0.008935639, -0.0007012789, -0.006050639), (0.009018333, -0.0006533333, -0.006026667), (-0.009031274, -0.0006662742, -0.00592), (-0.008948108, -0.0007262167, -0.00592), (-0.008805, -0.00076, -0.00592), (0.008805, -0.00076, -0.00592), (0.008948108, -0.0007262167, -0.00592), (0.009031274, -0.0006662742, -0.00592), (-0.009031274, -0.0006662742, 0.00368), (-0.008948108, -0.0007262167, 0.00368), (-0.008805, -0.00076, 0.00368), (0.008805, -0.00076, 0.00368), (0.008948108, -0.0007262167, 0.00368), (0.009031274, -0.0006662742, 0.00368), (-0.009018333, -0.0006533333, 0.003786667), (-0.008935639, -0.0007012789, 0.003810639), (-0.008805, -0.0007262167, 0.003823108), (0.008805, -0.0007262167, 0.003823108), (0.008935639, -0.0007012789, 0.003810639), (0.009018333, -0.0006533333, 0.003786667), (-0.008989752, -0.0006247521, 0.003864752), (-0.008911667, -0.0006533333, 0.003893333), (-0.008805, -0.0006662742, 0.003906274), (0.008805, -0.0006662742, 0.003906274), (0.008911667, -0.0006533333, 0.003893333), (0.008989752, -0.0006247521, 0.003864752), (-0.008989752, 0.001424752, -0.006104752), (-0.008911667, 0.001453333, -0.006133333), (-0.008805, 0.001466274, -0.006146274), (0.008805, 0.001466274, -0.006146274), (0.008911667, 0.001453333, -0.006133333), (0.008989752, 0.001424752, -0.006104752), (-0.009018333, 0.001453333, -0.006026667), (-0.008935639, 0.001501279, -0.006050639), (-0.008805, 0.001526217, -0.006063108), (0.008805, 0.001526217, -0.006063108), (0.008935639, 0.001501279, -0.006050639), (0.009018333, 0.001453333, -0.006026667), (-0.009031274, 0.001466274, -0.00592), (-0.008948108, 0.001526217, -0.00592), (-0.008805, 0.00156, -0.00592), (0.008805, 0.00156, -0.00592), (0.008948108, 0.001526217, -0.00592), (0.009031274, 0.001466274, -0.00592), (-0.009031274, 0.001466274, 0.00368), (-0.008948108, 0.001526217, 0.00368), (-0.008805, 0.00156, 0.00368), (0.008805, 0.00156, 0.00368), (0.008948108, 0.001526217, 0.00368), (0.009031274, 0.001466274, 0.00368), (-0.009018333, 0.001453333, 0.003786667), (-0.008935639, 0.001501279, 0.003810639), (-0.008805, 0.001526217, 0.003823108), (0.008805, 0.001526217, 0.003823108), (0.008935639, 0.001501279, 0.003810639), (0.009018333, 0.001453333, 0.003786667), (-0.008989752, 0.001424752, 0.003864752), (-0.008911667, 0.001453333, 0.003893333), (-0.008805, 0.001466274, 0.003906274), (0.008805, 0.001466274, 0.003906274), (0.008911667, 0.001453333, 0.003893333), (0.008989752, 0.001424752, 0.003864752), (-0.008989752, -0.0006247521, -0.006104752), (-0.009018333, -0.0005466667, -0.006133333), (-0.009031274, -0.00044, -0.006146274), (-0.009031274, 0.00124, -0.006146274), (-0.009018333, 0.001346667, -0.006133333), (-0.008989752, 0.001424752, -0.006104752), (-0.008911667, -0.0006533333, -0.006133333), (-0.008935639, -0.0005706395, -0.006181279), (-0.008948108, -0.00044, -0.006206217), (-0.008948108, 0.00124, -0.006206217), (-0.008935639, 0.001370639, -0.006181279), (-0.008911667, 0.001453333, -0.006133333), (-0.008805, -0.0006662742, -0.006146274), (-0.008805, -0.0005831084, -0.006206217), (-0.008805, -0.00044, -0.00624), (-0.008805, 0.00124, -0.00624), (-0.008805, 0.001383108, -0.006206217), (-0.008805, 0.001466274, -0.006146274), (0.008805, -0.0006662742, -0.006146274), (0.008805, -0.0005831084, -0.006206217), (0.008805, -0.00044, -0.00624), (0.008805, 0.00124, -0.00624), (0.008805, 0.001383108, -0.006206217), (0.008805, 0.001466274, -0.006146274), (0.008911667, -0.0006533333, -0.006133333), (0.008935639, -0.0005706395, -0.006181279), (0.008948108, -0.00044, -0.006206217), (0.008948108, 0.00124, -0.006206217), (0.008935639, 0.001370639, -0.006181279), (0.008911667, 0.001453333, -0.006133333), (0.008989752, -0.0006247521, -0.006104752), (0.009018333, -0.0005466667, -0.006133333), (0.009031274, -0.00044, -0.006146274), (0.009031274, 0.00124, -0.006146274), (0.009018333, 0.001346667, -0.006133333), (0.008989752, 0.001424752, -0.006104752), (-0.008989752, -0.0006247521, 0.003864752), (-0.009018333, -0.0005466667, 0.003893333), (-0.009031274, -0.00044, 0.003906274), (-0.009031274, 0.00124, 0.003906274), (-0.009018333, 0.001346667, 0.003893333), (-0.008989752, 0.001424752, 0.003864752), (-0.008911667, -0.0006533333, 0.003893333), (-0.008935639, -0.0005706395, 0.003941279), (-0.008948108, -0.00044, 0.003966217), (-0.008948108, 0.00124, 0.003966217), (-0.008935639, 0.001370639, 0.003941279), (-0.008911667, 0.001453333, 0.003893333), (-0.008805, -0.0006662742, 0.003906274), (-0.008805, -0.0005831084, 0.003966217), (-0.008805, -0.00044, 0.004), (-0.008805, 0.00124, 0.004), (-0.008805, 0.001383108, 0.003966217), (-0.008805, 0.001466274, 0.003906274), (0.008805, -0.0006662742, 0.003906274), (0.008805, -0.0005831084, 0.003966217), (0.008805, -0.00044, 0.004), (0.008805, 0.00124, 0.004), (0.008805, 0.001383108, 0.003966217), (0.008805, 0.001466274, 0.003906274), (0.008911667, -0.0006533333, 0.003893333), (0.008935639, -0.0005706395, 0.003941279), (0.008948108, -0.00044, 0.003966217), (0.008948108, 0.00124, 0.003966217), (0.008935639, 0.001370639, 0.003941279), (0.008911667, 0.001453333, 0.003893333), (0.008989752, -0.0006247521, 0.003864752), (0.009018333, -0.0005466667, 0.003893333), (0.009031274, -0.00044, 0.003906274), (0.009031274, 0.00124, 0.003906274), (0.009018333, 0.001346667, 0.003893333), (0.008989752, 0.001424752, 0.003864752)]
            int[] faceVertexCounts = [3, 3, 3, 3, 3, 3, 3, 3, 3, 3, 3, 3, 3, 3, 3, 3, 3, 3, 3, 3, 3, 3, 3, 3, 3, 3, 3, 3, 3, 3, 3, 3, 3, 3, 3, 3, 3, 3, 3, 3, 3, 3, 3, 3, 3, 3, 3, 3, 3, 3, 3, 3, 3, 3, 3, 3, 3, 3, 3, 3, 3, 3, 3, 3, 3, 3, 3, 3, 3, 3, 3, 3, 3, 3, 3, 3, 3, 3, 3, 3, 3, 3, 3, 3, 3, 3, 3, 3, 3, 3, 3, 3, 3, 3, 3, 3, 3, 3, 3, 3, 3, 3, 3, 3, 3, 3, 3, 3, 3, 3, 3, 3, 3, 3, 3, 3, 3, 3, 3, 3, 3, 3, 3, 3, 3, 3, 3, 3, 3, 3, 3, 3, 3, 3, 3, 3, 3, 3, 3, 3, 3, 3, 3, 3, 3, 3, 3, 3, 3, 3, 3, 3, 3, 3, 3, 3, 3, 3, 3, 3, 3, 3, 3, 3, 3, 3, 3, 3, 3, 3, 3, 3, 3, 3, 3, 3, 3, 3, 3, 3, 3, 3, 3, 3, 3, 3, 3, 3, 3, 3, 3, 3, 3, 3, 3, 3, 3, 3, 3, 3, 3, 3, 3, 3, 3, 3, 3, 3, 3, 3, 3, 3, 3, 3, 3, 3, 3, 3, 3, 3, 3, 3, 3, 3, 3, 3, 3, 3, 3, 3, 3, 3, 3, 3, 3, 3, 3, 3, 3, 3, 3, 3, 3, 3, 3, 3, 3, 3, 3, 3, 3, 3, 3, 3, 3, 3, 3, 3, 3, 3, 3, 3, 3, 3, 3, 3, 3, 3, 3, 3, 3, 3, 3, 3, 3, 3, 3, 3, 3, 3, 3, 3, 3, 3, 3, 3, 3, 3, 3, 3, 3, 3, 3, 3, 3, 3, 3, 3, 3, 3]
            int[] faceVertexIndices = [1, 7, 6, 1, 6, 0, 2, 8, 7, 2, 7, 1, 3, 9, 8, 3, 8, 2, 4, 10, 9, 4, 9, 3, 5, 11, 10, 5, 10, 4, 7, 13, 12, 7, 12, 6, 8, 14, 13, 8, 13, 7, 9, 15, 14, 9, 14, 8, 10, 16, 15, 10, 15, 9, 11, 17, 16, 11, 16, 10, 13, 19, 18, 13, 18, 12, 14, 20, 19, 14, 19, 13, 15, 21, 20, 15, 20, 14, 16, 22, 21, 16, 21, 15, 17, 23, 22, 17, 22, 16, 19, 25, 24, 19, 24, 18, 20, 26, 25, 20, 25, 19, 21, 27, 26, 21, 26, 20, 22, 28, 27, 22, 27, 21, 23, 29, 28, 23, 28, 22, 25, 31, 30, 25, 30, 24, 26, 32, 31, 26, 31, 25, 27, 33, 32, 27, 32, 26, 28, 34, 33, 28, 33, 27, 29, 35, 34, 29, 34, 28, 36, 42, 43, 36, 43, 37, 37, 43, 44, 37, 44, 38, 38, 44, 45, 38, 45, 39, 39, 45, 46, 39, 46, 40, 40, 46, 47, 40, 47, 41, 42, 48, 49, 42, 49, 43, 43, 49, 50, 43, 50, 44, 44, 50, 51, 44, 51, 45, 45, 51, 52, 45, 52, 46, 46, 52, 53, 46, 53, 47, 48, 54, 55, 48, 55, 49, 49, 55, 56, 49, 56, 50, 50, 56, 57, 50, 57, 51, 51, 57, 58, 51, 58, 52, 52, 58, 59, 52, 59, 53, 54, 60, 61, 54, 61, 55, 55, 61, 62, 55, 62, 56, 56, 62, 63, 56, 63, 57, 57, 63, 64, 57, 64, 58, 58, 64, 65, 58, 65, 59, 60, 66, 67, 60, 67, 61, 61, 67, 68, 61, 68, 62, 62, 68, 69, 62, 69, 63, 63, 69, 70, 63, 70, 64, 64, 70, 71, 64, 71, 65, 73, 79, 78, 73, 78, 72, 74, 80, 79, 74, 79, 73, 75, 81, 80, 75, 80, 74, 76, 82, 81, 76, 81, 75, 77, 83, 82, 77, 82, 76, 79, 85, 84, 79, 84, 78, 80, 86, 85, 80, 85, 79, 81, 87, 86, 81, 86, 80, 82, 88, 87, 82, 87, 81, 83, 89, 88, 83, 88, 82, 85, 91, 90, 85, 90, 84, 86, 92, 91, 86, 91, 85, 87, 93, 92, 87, 92, 86, 88, 94, 93, 88, 93, 87, 89, 95, 94, 89, 94, 88, 91, 97, 96, 91, 96, 90, 92, 98, 97, 92, 97, 91, 93, 99, 98, 93, 98, 92, 94, 100, 99, 94, 99, 93, 95, 101, 100, 95, 100, 94, 97, 103, 102, 97, 102, 96, 98, 104, 103, 98, 103, 97, 99, 105, 104, 99, 104, 98, 100, 106, 105, 100, 105, 99, 101, 107, 106, 101, 106, 100, 108, 114, 115, 108, 115, 109, 109, 115, 116, 109, 116, 110, 110, 116, 117, 110, 117, 111, 111, 117, 118, 111, 118, 112, 112, 118, 119, 112, 119, 113, 114, 120, 121, 114, 121, 115, 115, 121, 122, 115, 122, 116, 116, 122, 123, 116, 123, 117, 117, 123, 124, 117, 124, 118, 118, 124, 125, 118, 125, 119, 120, 126, 127, 120, 127, 121, 121, 127, 128, 121, 128, 122, 122, 128, 129, 122, 129, 123, 123, 129, 130, 123, 130, 124, 124, 130, 131, 124, 131, 125, 126, 132, 133, 126, 133, 127, 127, 133, 134, 127, 134, 128, 128, 134, 135, 128, 135, 129, 129, 135, 136, 129, 136, 130, 130, 136, 137, 130, 137, 131, 132, 138, 139, 132, 139, 133, 133, 139, 140, 133, 140, 134, 134, 140, 141, 134, 141, 135, 135, 141, 142, 135, 142, 136, 136, 142, 143, 136, 143, 137, 145, 151, 150, 145, 150, 144, 146, 152, 151, 146, 151, 145, 147, 153, 152, 147, 152, 146, 148, 154, 153, 148, 153, 147, 149, 155, 154, 149, 154, 148, 151, 157, 156, 151, 156, 150, 152, 158, 157, 152, 157, 151, 153, 159, 158, 153, 158, 152, 154, 160, 159, 154, 159, 153, 155, 161, 160, 155, 160, 154, 157, 163, 162, 157, 162, 156, 158, 164, 163, 158, 163, 157, 159, 165, 164, 159, 164, 158, 160, 166, 165, 160, 165, 159, 161, 167, 166, 161, 166, 160, 163, 169, 168, 163, 168, 162, 164, 170, 169, 164, 169, 163, 165, 171, 170, 165, 170, 164, 166, 172, 171, 166, 171, 165, 167, 173, 172, 167, 172, 166, 169, 175, 174, 169, 174, 168, 170, 176, 175, 170, 175, 169, 171, 177, 176, 171, 176, 170, 172, 178, 177, 172, 177, 171, 173, 179, 178, 173, 178, 172, 180, 186, 187, 180, 187, 181, 181, 187, 188, 181, 188, 182, 182, 188, 189, 182, 189, 183, 183, 189, 190, 183, 190, 184, 184, 190, 191, 184, 191, 185, 186, 192, 193, 186, 193, 187, 187, 193, 194, 187, 194, 188, 188, 194, 195, 188, 195, 189, 189, 195, 196, 189, 196, 190, 190, 196, 197, 190, 197, 191, 192, 198, 199, 192, 199, 193, 193, 199, 200, 193, 200, 194, 194, 200, 201, 194, 201, 195, 195, 201, 202, 195, 202, 196, 196, 202, 203, 196, 203, 197, 198, 204, 205, 198, 205, 199, 199, 205, 206, 199, 206, 200, 200, 206, 207, 200, 207, 201, 201, 207, 208, 201, 208, 202, 202, 208, 209, 202, 209, 203, 204, 210, 211, 204, 211, 205, 205, 211, 212, 205, 212, 206, 206, 212, 213, 206, 213, 207, 207, 213, 214, 207, 214, 208, 208, 214, 215, 208, 215, 209]
            normal3f[] normals = [(-0.7745967, -0.4472136, -0.4472136), (-0.7668657, -0.5195657, -0.376787), (-0.8115679, -0.5842409, -0.00447777), (-0.8112418, -0.58471, 0.000935676), (-0.7900625, -0.5555967, 0.2590629), (-0.7071068, -0.5, 0.5), (-0.7668657, -0.376787, -0.5195657), (-0.8559572, -0.3656073, -0.3656073), (-0.896549, -0.442932, -0.003333569), (-0.9448947, -0.3273667, 0.002241405), (-0.8844941, -0.3299016, 0.3299016), (-0.7900625, -0.2590629, 0.5555967), (-0.8127426, -0.02304976, -0.5821668), (-0.9003255, -0.01778871, -0.4348534), (-0.9994132, -0.03370441, -0.006103994), (-0.99995, -0.009812136, 0.001921577), (-0.9431785, -0.01217509, 0.3320634), (-0.8112312, -0.005210927, 0.5847023), (-0.8112312, 0.005210927, -0.5847023), (-0.9431785, 0.01217509, -0.3320634), (-0.99995, 0.009812136, -0.001921577), (-0.9994132, 0.03370441, 0.006103994), (-0.9003255, 0.01778871, 0.4348534), (-0.8127426, 0.02304976, 0.5821668), (-0.7900625, 0.2590629, -0.5555967), (-0.8844941, 0.3299016, -0.3299016), (-0.9448947, 0.3273667, -0.002241405), (-0.896549, 0.442932, 0.003333569), (-0.8559572, 0.3656073, 0.3656073), (-0.7668657, 0.376787, 0.5195657), (-0.7071068, 0.5, -0.5), (-0.7900625, 0.5555967, -0.2590629), (-0.8112418, 0.58471, -0.000935676), (-0.8115679, 0.5842409, 0.00447777), (-0.7668657, 0.5195657, 0.376787), (-0.7745967, 0.4472136, 0.4472136), (0.7071068, -0.5, -0.5), (0.7900625, -0.5555967, -0.2590629), (0.8112418, -0.58471, -0.000935676), (0.8115679, -0.5842409, 0.00447777), (0.7668657, -0.5195657, 0.376787), (0.7745967, -0.4472136, 0.4472136), (0.7900625, -0.2590629, -0.5555967), (0.8844941, -0.3299016, -0.3299016), (0.9448947, -0.3273667, -0.002241405), (0.896549, -0.442932, 0.003333569), (0.8559572, -0.3656073, 0.3656073), (0.7668657, -0.376787, 0.5195657), (0.8112312, -0.005210927, -0.5847023), (0.9431785, -0.01217509, -0.3320634), (0.99995, -0.009812136, -0.001921577), (0.9994132, -0.03370441, 0.006103994), (0.9003255, -0.01778871, 0.4348534), (0.8127426, -0.02304976, 0.5821668), (0.8127426, 0.02304976, -0.5821668), (0.9003255, 0.01778871, -0.4348534), (0.9994132, 0.03370441, -0.006103994), (0.99995, 0.009812136, 0.001921577), (0.9431785, 0.01217509, 0.3320634), (0.8112312, 0.005210927, 0.5847023), (0.7668657, 0.376787, -0.5195657), (0.8559572, 0.3656073, -0.3656073), (0.896549, 0.442932, -0.003333569), (0.9448947, 0.3273667, 0.002241405), (0.8844941, 0.3299016, 0.3299016), (0.7900625, 0.2590629, 0.5555967), (0.7745967, 0.4472136, -0.4472136), (0.7668657, 0.5195657, -0.376787), (0.8115679, 0.5842409, -0.00447777), (0.8112418, 0.58471, 0.000935676), (0.7900625, 0.5555967, 0.2590629), (0.7071068, 0.5, 0.5), (-0.4472136, -0.7745967, -0.4472136), (-0.376787, -0.7668657, -0.5195657), (-0.002467188, -0.8114237, -0.5844531), (0.0005113641, -0.8112421, -0.5847102), (0.2590629, -0.7900625, -0.5555967), (0.5, -0.7071068, -0.5), (-0.5195657, -0.7668657, -0.376787), (-0.3656073, -0.8559572, -0.3656073), (-0.001829755, -0.8961413, -0.4437651), (0.001228041, -0.9450632, -0.3268853), (0.3299016, -0.8844941, -0.3299016), (0.5555967, -0.7900625, -0.2590629), (-0.5842409, -0.8115679, -0.00447777), (-0.442932, -0.896549, -0.003333569), (-0.003694664, -0.9999704, -0.006754592), (0.0009727494, -0.999998, -0.001763888), (0.3273667, -0.9448947, -0.002241405), (0.58471, -0.8112418, -0.000935676), (-0.58471, -0.8112418, 0.000935676), (-0.3273667, -0.9448947, 0.002241405), (-0.0009727494, -0.999998, 0.001763888), (0.003694664, -0.9999704, 0.006754592), (0.442932, -0.896549, 0.003333569), (0.5842409, -0.8115679, 0.00447777), (-0.5555967, -0.7900625, 0.2590629), (-0.3299016, -0.8844941, 0.3299016), (-0.001228041, -0.9450632, 0.3268853), (0.001829755, -0.8961413, 0.4437651), (0.3656073, -0.8559572, 0.3656073), (0.5195657, -0.7668657, 0.376787), (-0.5, -0.7071068, 0.5), (-0.2590629, -0.7900625, 0.5555967), (-0.0005113641, -0.8112421, 0.5847102), (0.002467188, -0.8114237, 0.5844531), (0.376787, -0.7668657, 0.5195657), (0.4472136, -0.7745967, 0.4472136), (-0.5, 0.7071068, -0.5), (-0.2590629, 0.7900625, -0.5555967), (-0.0005113641, 0.8112421, -0.5847102), (0.002467188, 0.8114237, -0.5844531), (0.376787, 0.7668657, -0.5195657), (0.4472136, 0.7745967, -0.4472136), (-0.5555967, 0.7900625, -0.2590629), (-0.3299016, 0.8844941, -0.3299016), (-0.001228041, 0.9450632, -0.3268853), (0.001829755, 0.8961413, -0.4437651), (0.3656073, 0.8559572, -0.3656073), (0.5195657, 0.7668657, -0.376787), (-0.58471, 0.8112418, -0.000935676), (-0.3273667, 0.9448947, -0.002241405), (-0.0009727494, 0.999998, -0.001763888), (0.003694664, 0.9999704, -0.006754592), (0.442932, 0.896549, -0.003333569), (0.5842409, 0.8115679, -0.00447777), (-0.5842409, 0.8115679, 0.00447777), (-0.442932, 0.896549, 0.003333569), (-0.003694664, 0.9999704, 0.006754592), (0.0009727494, 0.999998, 0.001763888), (0.3273667, 0.9448947, 0.002241405), (0.58471, 0.8112418, 0.000935676), (-0.5195657, 0.7668657, 0.376787), (-0.3656073, 0.8559572, 0.3656073), (-0.001829755, 0.8961413, 0.4437651), (0.001228041, 0.9450632, 0.3268853), (0.3299016, 0.8844941, 0.3299016), (0.5555967, 0.7900625, 0.2590629), (-0.4472136, 0.7745967, 0.4472136), (-0.376787, 0.7668657, 0.5195657), (-0.002467188, 0.8114237, 0.5844531), (0.0005113641, 0.8112421, 0.5847102), (0.2590629, 0.7900625, 0.5555967), (0.5, 0.7071068, 0.5), (-0.4472136, -0.4472136, -0.7745967), (-0.5195657, -0.376787, -0.7668657), (-0.5821668, -0.02304976, -0.8127426), (-0.5847023, 0.005210927, -0.8112312), (-0.5555967, 0.2590629, -0.7900625), (-0.5, 0.5, -0.7071068), (-0.376787, -0.5195657, -0.7668657), (-0.3656073, -0.3656073, -0.8559572), (-0.4348534, -0.01778871, -0.9003255), (-0.3320634, 0.01217509, -0.9431785), (-0.3299016, 0.3299016, -0.8844941), (-0.2590629, 0.5555967, -0.7900625), (-0.002467188, -0.5844531, -0.8114237), (-0.001829755, -0.4437651, -0.8961413), (-0.003367197, -0.03399111, -0.9994165), (-0.001051458, 0.009735715, -0.9999521), (-0.001228041, 0.3268853, -0.9450632), (-0.0005113641, 0.5847102, -0.8112421), (0.0005113641, -0.5847102, -0.8112421), (0.001228041, -0.3268853, -0.9450632), (0.001051458, -0.009735715, -0.9999521), (0.003367197, 0.03399111, -0.9994165), (0.001829755, 0.4437651, -0.8961413), (0.002467188, 0.5844531, -0.8114237), (0.2590629, -0.5555967, -0.7900625), (0.3299016, -0.3299016, -0.8844941), (0.3320634, -0.01217509, -0.9431785), (0.4348534, 0.01778871, -0.9003255), (0.3656073, 0.3656073, -0.8559572), (0.376787, 0.5195657, -0.7668657), (0.5, -0.5, -0.7071068), (0.5555967, -0.2590629, -0.7900625), (0.5847023, -0.005210927, -0.8112312), (0.5821668, 0.02304976, -0.8127426), (0.5195657, 0.376787, -0.7668657), (0.4472136, 0.4472136, -0.7745967), (-0.5, -0.5, 0.7071068), (-0.5555967, -0.2590629, 0.7900625), (-0.5847023, -0.005210927, 0.8112312), (-0.5821668, 0.02304976, 0.8127426), (-0.5195657, 0.376787, 0.7668657), (-0.4472136, 0.4472136, 0.7745967), (-0.2590629, -0.5555967, 0.7900625), (-0.3299016, -0.3299016, 0.8844941), (-0.3320634, -0.01217509, 0.9431785), (-0.4348534, 0.01778871, 0.9003255), (-0.3656073, 0.3656073, 0.8559572), (-0.376787, 0.5195657, 0.7668657), (-0.0005113641, -0.5847102, 0.8112421), (-0.001228041, -0.3268853, 0.9450632), (-0.001051458, -0.009735715, 0.9999521), (-0.003367197, 0.03399111, 0.9994165), (-0.001829755, 0.4437651, 0.8961413), (-0.002467188, 0.5844531, 0.8114237), (0.002467188, -0.5844531, 0.8114237), (0.001829755, -0.4437651, 0.8961413), (0.003367197, -0.03399111, 0.9994165), (0.001051458, 0.009735715, 0.9999521), (0.001228041, 0.3268853, 0.9450632), (0.0005113641, 0.5847102, 0.8112421), (0.376787, -0.5195657, 0.7668657), (0.3656073, -0.3656073, 0.8559572), (0.4348534, -0.01778871, 0.9003255), (0.3320634, 0.01217509, 0.9431785), (0.3299016, 0.3299016, 0.8844941), (0.2590629, 0.5555967, 0.7900625), (0.4472136, -0.4472136, 0.7745967), (0.5195657, -0.376787, 0.7668657), (0.5821668, -0.02304976, 0.8127426), (0.5847023, 0.005210927, 0.8112312), (0.5555967, 0.2590629, 0.7900625), (0.5, 0.5, 0.7071068)] (interpolation = "vertex")
            float3[] extent = [(-0.009125, -0.00076, -0.00624), (0.009125, 0.00156, 0.004)]
            rel material:binding = </WorkbenchPart/Materials/alloy>
            texCoord2f[] primvars:st = [(-0.07259259, -0.6696296), (-0.06340438, -0.6722933), (-0.06074074, -0.6814815), (-0.07259259, -0.6696296), (-0.06074074, -0.6814815), (-0.0694169, -0.6783058), (-0.07403046, -0.6577778), (-0.06478982, -0.6577778), (-0.06340438, -0.6722933), (-0.07403046, -0.6577778), (-0.06340438, -0.6722933), (-0.07259259, -0.6696296), (-0.07403046, 0.4088889), (-0.06478982, 0.4088889), (-0.06478982, -0.6577778), (-0.07403046, 0.4088889), (-0.06478982, -0.6577778), (-0.07403046, -0.6577778), (-0.07259259, 0.4207407), (-0.06340438, 0.4234044), (-0.06478982, 0.4088889), (-0.07259259, 0.4207407), (-0.06478982, 0.4088889), (-0.07403046, 0.4088889), (-0.0694169, 0.4294169), (-0.06074074, 0.4325926), (-0.06340438, 0.4234044), (-0.0694169, 0.4294169), (-0.06340438, 0.4234044), (-0.07259259, 0.4207407), (-0.06340438, -0.6722933), (-0.04888889, -0.6736787), (-0.04888889, -0.6829194), (-0.06340438, -0.6722933), (-0.04888889, -0.6829194), (-0.06074074, -0.6814815), (-0.06478982, -0.6577778), (-0.04888889, -0.6577778), (-0.04888889, -0.6736787), (-0.06478982, -0.6577778), (-0.04888889, -0.6736787), (-0.06340438, -0.6722933), (-0.06478982, 0.4088889), (-0.04888889, 0.4088889), (-0.04888889, -0.6577778), (-0.06478982, 0.4088889), (-0.04888889, -0.6577778), (-0.06478982, -0.6577778), (-0.06340438, 0.4234044), (-0.04888889, 0.4247898), (-0.04888889, 0.4088889), (-0.06340438, 0.4234044), (-0.04888889, 0.4088889), (-0.06478982, 0.4088889), (-0.06074074, 0.4325926), (-0.04888889, 0.4340305), (-0.04888889, 0.4247898), (-0.06074074, 0.4325926), (-0.04888889, 0.4247898), (-0.06340438, 0.4234044), (-0.04888889, -0.6736787), (0.1377778, -0.6736787), (0.1377778, -0.6829194), (-0.04888889, -0.6736787), (0.1377778, -0.6829194), (-0.04888889, -0.6829194), (-0.04888889, -0.6577778), (0.1377778, -0.6577778), (0.1377778, -0.6736787), (-0.04888889, -0.6577778), (0.1377778, -0.6736787), (-0.04888889, -0.6736787), (-0.04888889, 0.4088889), (0.1377778, 0.4088889), (0.1377778, -0.6577778), (-0.04888889, 0.4088889), (0.1377778, -0.6577778), (-0.04888889, -0.6577778), (-0.04888889, 0.4247898), (0.1377778, 0.4247898), (0.1377778, 0.4088889), (-0.04888889, 0.4247898), (0.1377778, 0.4088889), (-0.04888889, 0.4088889), (-0.04888889, 0.4340305), (0.1377778, 0.4340305), (0.1377778, 0.4247898), (-0.04888889, 0.4340305), (0.1377778, 0.4247898), (-0.04888889, 0.4247898), (0.1377778, -0.6736787), (0.1522933, -0.6722933), (0.1496296, -0.6814815), (0.1377778, -0.6736787), (0.1496296, -0.6814815), (0.1377778, -0.6829194), (0.1377778, -0.6577778), (0.1536787, -0.6577778), (0.1522933, -0.6722933), (0.1377778, -0.6577778), (0.1522933, -0.6722933), (0.1377778, -0.6736787), (0.1377778, 0.4088889), (0.1536787, 0.4088889), (0.1536787, -0.6577778), (0.1377778, 0.4088889), (0.1536787, -0.6577778), (0.1377778, -0.6577778), (0.1377778, 0.4247898), (0.1522933, 0.4234044), (0.1536787, 0.4088889), (0.1377778, 0.4247898), (0.1536787, 0.4088889), (0.1377778, 0.4088889), (0.1377778, 0.4340305), (0.1496296, 0.4325926), (0.1522933, 0.4234044), (0.1377778, 0.4340305), (0.1522933, 0.4234044), (0.1377778, 0.4247898), (0.1522933, -0.6722933), (0.1614815, -0.6696296), (0.1583058, -0.6783058), (0.1522933, -0.6722933), (0.1583058, -0.6783058), (0.1496296, -0.6814815), (0.1536787, -0.6577778), (0.1629194, -0.6577778), (0.1614815, -0.6696296), (0.1536787, -0.6577778), (0.1614815, -0.6696296), (0.1522933, -0.6722933), (0.1536787, 0.4088889), (0.1629194, 0.4088889), (0.1629194, -0.6577778), (0.1536787, 0.4088889), (0.1629194, -0.6577778), (0.1536787, -0.6577778), (0.1522933, 0.4234044), (0.1614815, 0.4207407), (0.1629194, 0.4088889), (0.1522933, 0.4234044), (0.1629194, 0.4088889), (0.1536787, 0.4088889), (0.1496296, 0.4325926), (0.1583058, 0.4294169), (0.1614815, 0.4207407), (0.1496296, 0.4325926), (0.1614815, 0.4207407), (0.1522933, 0.4234044), (-0.0694169, -0.6783058), (-0.06074074, -0.6814815), (-0.06340438, -0.6722933), (-0.0694169, -0.6783058), (-0.06340438, -0.6722933), (-0.07259259, -0.6696296), (-0.07259259, -0.6696296), (-0.06340438, -0.6722933), (-0.06478982, -0.6577778), (-0.07259259, -0.6696296), (-0.06478982, -0.6577778), (-0.07403046, -0.6577778), (-0.07403046, -0.6577778), (-0.06478982, -0.6577778), (-0.06478982, 0.4088889), (-0.07403046, -0.6577778), (-0.06478982, 0.4088889), (-0.07403046, 0.4088889), (-0.07403046, 0.4088889), (-0.06478982, 0.4088889), (-0.06340438, 0.4234044), (-0.07403046, 0.4088889), (-0.06340438, 0.4234044), (-0.07259259, 0.4207407), (-0.07259259, 0.4207407), (-0.06340438, 0.4234044), (-0.06074074, 0.4325926), (-0.07259259, 0.4207407), (-0.06074074, 0.4325926), (-0.0694169, 0.4294169), (-0.06074074, -0.6814815), (-0.04888889, -0.6829194), (-0.04888889, -0.6736787), (-0.06074074, -0.6814815), (-0.04888889, -0.6736787), (-0.06340438, -0.6722933), (-0.06340438, -0.6722933), (-0.04888889, -0.6736787), (-0.04888889, -0.6577778), (-0.06340438, -0.6722933), (-0.04888889, -0.6577778), (-0.06478982, -0.6577778), (-0.06478982, -0.6577778), (-0.04888889, -0.6577778), (-0.04888889, 0.4088889), (-0.06478982, -0.6577778), (-0.04888889, 0.4088889), (-0.06478982, 0.4088889), (-0.06478982, 0.4088889), (-0.04888889, 0.4088889), (-0.04888889, 0.4247898), (-0.06478982, 0.4088889), (-0.04888889, 0.4247898), (-0.06340438, 0.4234044), (-0.06340438, 0.4234044), (-0.04888889, 0.4247898), (-0.04888889, 0.4340305), (-0.06340438, 0.4234044), (-0.04888889, 0.4340305), (-0.06074074, 0.4325926), (-0.04888889, -0.6829194), (0.1377778, -0.6829194), (0.1377778, -0.6736787), (-0.04888889, -0.6829194), (0.1377778, -0.6736787), (-0.04888889, -0.6736787), (-0.04888889, -0.6736787), (0.1377778, -0.6736787), (0.1377778, -0.6577778), (-0.04888889, -0.6736787), (0.1377778, -0.6577778), (-0.04888889, -0.6577778), (-0.04888889, -0.6577778), (0.1377778, -0.6577778), (0.1377778, 0.4088889), (-0.04888889, -0.6577778), (0.1377778, 0.4088889), (-0.04888889, 0.4088889), (-0.04888889, 0.4088889), (0.1377778, 0.4088889), (0.1377778, 0.4247898), (-0.04888889, 0.4088889), (0.1377778, 0.4247898), (-0.04888889, 0.4247898), (-0.04888889, 0.4247898), (0.1377778, 0.4247898), (0.1377778, 0.4340305), (-0.04888889, 0.4247898), (0.1377778, 0.4340305), (-0.04888889, 0.4340305), (0.1377778, -0.6829194), (0.1496296, -0.6814815), (0.1522933, -0.6722933), (0.1377778, -0.6829194), (0.1522933, -0.6722933), (0.1377778, -0.6736787), (0.1377778, -0.6736787), (0.1522933, -0.6722933), (0.1536787, -0.6577778), (0.1377778, -0.6736787), (0.1536787, -0.6577778), (0.1377778, -0.6577778), (0.1377778, -0.6577778), (0.1536787, -0.6577778), (0.1536787, 0.4088889), (0.1377778, -0.6577778), (0.1536787, 0.4088889), (0.1377778, 0.4088889), (0.1377778, 0.4088889), (0.1536787, 0.4088889), (0.1522933, 0.4234044), (0.1377778, 0.4088889), (0.1522933, 0.4234044), (0.1377778, 0.4247898), (0.1377778, 0.4247898), (0.1522933, 0.4234044), (0.1496296, 0.4325926), (0.1377778, 0.4247898), (0.1496296, 0.4325926), (0.1377778, 0.4340305), (0.1496296, -0.6814815), (0.1583058, -0.6783058), (0.1614815, -0.6696296), (0.1496296, -0.6814815), (0.1614815, -0.6696296), (0.1522933, -0.6722933), (0.1522933, -0.6722933), (0.1614815, -0.6696296), (0.1629194, -0.6577778), (0.1522933, -0.6722933), (0.1629194, -0.6577778), (0.1536787, -0.6577778), (0.1536787, -0.6577778), (0.1629194, -0.6577778), (0.1629194, 0.4088889), (0.1536787, -0.6577778), (0.1629194, 0.4088889), (0.1536787, 0.4088889), (0.1536787, 0.4088889), (0.1629194, 0.4088889), (0.1614815, 0.4207407), (0.1536787, 0.4088889), (0.1614815, 0.4207407), (0.1522933, 0.4234044), (0.1522933, 0.4234044), (0.1614815, 0.4207407), (0.1583058, 0.4294169), (0.1522933, 0.4234044), (0.1583058, 0.4294169), (0.1496296, 0.4325926), (-0.9901852, -0.6814815), (-0.9928488, -0.6722933), (-1.002037, -0.6696296), (-0.9901852, -0.6814815), (-1.002037, -0.6696296), (-0.9988613, -0.6783058), (-0.9783333, -0.6829194), (-0.9783333, -0.6736787), (-0.9928488, -0.6722933), (-0.9783333, -0.6829194), (-0.9928488, -0.6722933), (-0.9901852, -0.6814815), (0.9783333, -0.6829194), (0.9783333, -0.6736787), (-0.9783333, -0.6736787), (0.9783333, -0.6829194), (-0.9783333, -0.6736787), (-0.9783333, -0.6829194), (0.9901852, -0.6814815), (0.9928488, -0.6722933), (0.9783333, -0.6736787), (0.9901852, -0.6814815), (0.9783333, -0.6736787), (0.9783333, -0.6829194), (0.9988613, -0.6783058), (1.002037, -0.6696296), (0.9928488, -0.6722933), (0.9988613, -0.6783058), (0.9928488, -0.6722933), (0.9901852, -0.6814815), (-0.9928488, -0.6722933), (-0.9942343, -0.6577778), (-1.003475, -0.6577778), (-0.9928488, -0.6722933), (-1.003475, -0.6577778), (-1.002037, -0.6696296), (-0.9783333, -0.6736787), (-0.9783333, -0.6577778), (-0.9942343, -0.6577778), (-0.9783333, -0.6736787), (-0.9942343, -0.6577778), (-0.9928488, -0.6722933), (0.9783333, -0.6736787), (0.9783333, -0.6577778), (-0.9783333, -0.6577778), (0.9783333, -0.6736787), (-0.9783333, -0.6577778), (-0.9783333, -0.6736787), (0.9928488, -0.6722933), (0.9942343, -0.6577778), (0.9783333, -0.6577778), (0.9928488, -0.6722933), (0.9783333, -0.6577778), (0.9783333, -0.6736787), (1.002037, -0.6696296), (1.003475, -0.6577778), (0.9942343, -0.6577778), (1.002037, -0.6696296), (0.9942343, -0.6577778), (0.9928488, -0.6722933), (-0.9942343, -0.6577778), (-0.9942343, 0.4088889), (-1.003475, 0.4088889), (-0.9942343, -0.6577778), (-1.003475, 0.4088889), (-1.003475, -0.6577778), (-0.9783333, -0.6577778), (-0.9783333, 0.4088889), (-0.9942343, 0.4088889), (-0.9783333, -0.6577778), (-0.9942343, 0.4088889), (-0.9942343, -0.6577778), (0.9783333, -0.6577778), (0.9783333, 0.4088889), (-0.9783333, 0.4088889), (0.9783333, -0.6577778), (-0.9783333, 0.4088889), (-0.9783333, -0.6577778), (0.9942343, -0.6577778), (0.9942343, 0.4088889), (0.9783333, 0.4088889), (0.9942343, -0.6577778), (0.9783333, 0.4088889), (0.9783333, -0.6577778), (1.003475, -0.6577778), (1.003475, 0.4088889), (0.9942343, 0.4088889), (1.003475, -0.6577778), (0.9942343, 0.4088889), (0.9942343, -0.6577778), (-0.9942343, 0.4088889), (-0.9928488, 0.4234044), (-1.002037, 0.4207407), (-0.9942343, 0.4088889), (-1.002037, 0.4207407), (-1.003475, 0.4088889), (-0.9783333, 0.4088889), (-0.9783333, 0.4247898), (-0.9928488, 0.4234044), (-0.9783333, 0.4088889), (-0.9928488, 0.4234044), (-0.9942343, 0.4088889), (0.9783333, 0.4088889), (0.9783333, 0.4247898), (-0.9783333, 0.4247898), (0.9783333, 0.4088889), (-0.9783333, 0.4247898), (-0.9783333, 0.4088889), (0.9942343, 0.4088889), (0.9928488, 0.4234044), (0.9783333, 0.4247898), (0.9942343, 0.4088889), (0.9783333, 0.4247898), (0.9783333, 0.4088889), (1.003475, 0.4088889), (1.002037, 0.4207407), (0.9928488, 0.4234044), (1.003475, 0.4088889), (0.9928488, 0.4234044), (0.9942343, 0.4088889), (-0.9928488, 0.4234044), (-0.9901852, 0.4325926), (-0.9988613, 0.4294169), (-0.9928488, 0.4234044), (-0.9988613, 0.4294169), (-1.002037, 0.4207407), (-0.9783333, 0.4247898), (-0.9783333, 0.4340305), (-0.9901852, 0.4325926), (-0.9783333, 0.4247898), (-0.9901852, 0.4325926), (-0.9928488, 0.4234044), (0.9783333, 0.4247898), (0.9783333, 0.4340305), (-0.9783333, 0.4340305), (0.9783333, 0.4247898), (-0.9783333, 0.4340305), (-0.9783333, 0.4247898), (0.9928488, 0.4234044), (0.9901852, 0.4325926), (0.9783333, 0.4340305), (0.9928488, 0.4234044), (0.9783333, 0.4340305), (0.9783333, 0.4247898), (1.002037, 0.4207407), (0.9988613, 0.4294169), (0.9901852, 0.4325926), (1.002037, 0.4207407), (0.9901852, 0.4325926), (0.9928488, 0.4234044), (-0.9988613, -0.6783058), (-1.002037, -0.6696296), (-0.9928488, -0.6722933), (-0.9988613, -0.6783058), (-0.9928488, -0.6722933), (-0.9901852, -0.6814815), (-0.9901852, -0.6814815), (-0.9928488, -0.6722933), (-0.9783333, -0.6736787), (-0.9901852, -0.6814815), (-0.9783333, -0.6736787), (-0.9783333, -0.6829194), (-0.9783333, -0.6829194), (-0.9783333, -0.6736787), (0.9783333, -0.6736787), (-0.9783333, -0.6829194), (0.9783333, -0.6736787), (0.9783333, -0.6829194), (0.9783333, -0.6829194), (0.9783333, -0.6736787), (0.9928488, -0.6722933), (0.9783333, -0.6829194), (0.9928488, -0.6722933), (0.9901852, -0.6814815), (0.9901852, -0.6814815), (0.9928488, -0.6722933), (1.002037, -0.6696296), (0.9901852, -0.6814815), (1.002037, -0.6696296), (0.9988613, -0.6783058), (-1.002037, -0.6696296), (-1.003475, -0.6577778), (-0.9942343, -0.6577778), (-1.002037, -0.6696296), (-0.9942343, -0.6577778), (-0.9928488, -0.6722933), (-0.9928488, -0.6722933), (-0.9942343, -0.6577778), (-0.9783333, -0.6577778), (-0.9928488, -0.6722933), (-0.9783333, -0.6577778), (-0.9783333, -0.6736787), (-0.9783333, -0.6736787), (-0.9783333, -0.6577778), (0.9783333, -0.6577778), (-0.9783333, -0.6736787), (0.9783333, -0.6577778), (0.9783333, -0.6736787), (0.9783333, -0.6736787), (0.9783333, -0.6577778), (0.9942343, -0.6577778), (0.9783333, -0.6736787), (0.9942343, -0.6577778), (0.9928488, -0.6722933), (0.9928488, -0.6722933), (0.9942343, -0.6577778), (1.003475, -0.6577778), (0.9928488, -0.6722933), (1.003475, -0.6577778), (1.002037, -0.6696296), (-1.003475, -0.6577778), (-1.003475, 0.4088889), (-0.9942343, 0.4088889), (-1.003475, -0.6577778), (-0.9942343, 0.4088889), (-0.9942343, -0.6577778), (-0.9942343, -0.6577778), (-0.9942343, 0.4088889), (-0.9783333, 0.4088889), (-0.9942343, -0.6577778), (-0.9783333, 0.4088889), (-0.9783333, -0.6577778), (-0.9783333, -0.6577778), (-0.9783333, 0.4088889), (0.9783333, 0.4088889), (-0.9783333, -0.6577778), (0.9783333, 0.4088889), (0.9783333, -0.6577778), (0.9783333, -0.6577778), (0.9783333, 0.4088889), (0.9942343, 0.4088889), (0.9783333, -0.6577778), (0.9942343, 0.4088889), (0.9942343, -0.6577778), (0.9942343, -0.6577778), (0.9942343, 0.4088889), (1.003475, 0.4088889), (0.9942343, -0.6577778), (1.003475, 0.4088889), (1.003475, -0.6577778), (-1.003475, 0.4088889), (-1.002037, 0.4207407), (-0.9928488, 0.4234044), (-1.003475, 0.4088889), (-0.9928488, 0.4234044), (-0.9942343, 0.4088889), (-0.9942343, 0.4088889), (-0.9928488, 0.4234044), (-0.9783333, 0.4247898), (-0.9942343, 0.4088889), (-0.9783333, 0.4247898), (-0.9783333, 0.4088889), (-0.9783333, 0.4088889), (-0.9783333, 0.4247898), (0.9783333, 0.4247898), (-0.9783333, 0.4088889), (0.9783333, 0.4247898), (0.9783333, 0.4088889), (0.9783333, 0.4088889), (0.9783333, 0.4247898), (0.9928488, 0.4234044), (0.9783333, 0.4088889), (0.9928488, 0.4234044), (0.9942343, 0.4088889), (0.9942343, 0.4088889), (0.9928488, 0.4234044), (1.002037, 0.4207407), (0.9942343, 0.4088889), (1.002037, 0.4207407), (1.003475, 0.4088889), (-1.002037, 0.4207407), (-0.9988613, 0.4294169), (-0.9901852, 0.4325926), (-1.002037, 0.4207407), (-0.9901852, 0.4325926), (-0.9928488, 0.4234044), (-0.9928488, 0.4234044), (-0.9901852, 0.4325926), (-0.9783333, 0.4340305), (-0.9928488, 0.4234044), (-0.9783333, 0.4340305), (-0.9783333, 0.4247898), (-0.9783333, 0.4247898), (-0.9783333, 0.4340305), (0.9783333, 0.4340305), (-0.9783333, 0.4247898), (0.9783333, 0.4340305), (0.9783333, 0.4247898), (0.9783333, 0.4247898), (0.9783333, 0.4340305), (0.9901852, 0.4325926), (0.9783333, 0.4247898), (0.9901852, 0.4325926), (0.9928488, 0.4234044), (0.9928488, 0.4234044), (0.9901852, 0.4325926), (0.9988613, 0.4294169), (0.9928488, 0.4234044), (0.9988613, 0.4294169), (1.002037, 0.4207407), (-1.002037, -0.06074074), (-0.9928488, -0.06340438), (-0.9901852, -0.07259259), (-1.002037, -0.06074074), (-0.9901852, -0.07259259), (-0.9988613, -0.0694169), (-1.003475, -0.04888889), (-0.9942343, -0.04888889), (-0.9928488, -0.06340438), (-1.003475, -0.04888889), (-0.9928488, -0.06340438), (-1.002037, -0.06074074), (-1.003475, 0.1377778), (-0.9942343, 0.1377778), (-0.9942343, -0.04888889), (-1.003475, 0.1377778), (-0.9942343, -0.04888889), (-1.003475, -0.04888889), (-1.002037, 0.1496296), (-0.9928488, 0.1522933), (-0.9942343, 0.1377778), (-1.002037, 0.1496296), (-0.9942343, 0.1377778), (-1.003475, 0.1377778), (-0.9988613, 0.1583058), (-0.9901852, 0.1614815), (-0.9928488, 0.1522933), (-0.9988613, 0.1583058), (-0.9928488, 0.1522933), (-1.002037, 0.1496296), (-0.9928488, -0.06340438), (-0.9783333, -0.06478982), (-0.9783333, -0.07403046), (-0.9928488, -0.06340438), (-0.9783333, -0.07403046), (-0.9901852, -0.07259259), (-0.9942343, -0.04888889), (-0.9783333, -0.04888889), (-0.9783333, -0.06478982), (-0.9942343, -0.04888889), (-0.9783333, -0.06478982), (-0.9928488, -0.06340438), (-0.9942343, 0.1377778), (-0.9783333, 0.1377778), (-0.9783333, -0.04888889), (-0.9942343, 0.1377778), (-0.9783333, -0.04888889), (-0.9942343, -0.04888889), (-0.9928488, 0.1522933), (-0.9783333, 0.1536787), (-0.9783333, 0.1377778), (-0.9928488, 0.1522933), (-0.9783333, 0.1377778), (-0.9942343, 0.1377778), (-0.9901852, 0.1614815), (-0.9783333, 0.1629194), (-0.9783333, 0.1536787), (-0.9901852, 0.1614815), (-0.9783333, 0.1536787), (-0.9928488, 0.1522933), (-0.9783333, -0.06478982), (0.9783333, -0.06478982), (0.9783333, -0.07403046), (-0.9783333, -0.06478982), (0.9783333, -0.07403046), (-0.9783333, -0.07403046), (-0.9783333, -0.04888889), (0.9783333, -0.04888889), (0.9783333, -0.06478982), (-0.9783333, -0.04888889), (0.9783333, -0.06478982), (-0.9783333, -0.06478982), (-0.9783333, 0.1377778), (0.9783333, 0.1377778), (0.9783333, -0.04888889), (-0.9783333, 0.1377778), (0.9783333, -0.04888889), (-0.9783333, -0.04888889), (-0.9783333, 0.1536787), (0.9783333, 0.1536787), (0.9783333, 0.1377778), (-0.9783333, 0.1536787), (0.9783333, 0.1377778), (-0.9783333, 0.1377778), (-0.9783333, 0.1629194), (0.9783333, 0.1629194), (0.9783333, 0.1536787), (-0.9783333, 0.1629194), (0.9783333, 0.1536787), (-0.9783333, 0.1536787), (0.9783333, -0.06478982), (0.9928488, -0.06340438), (0.9901852, -0.07259259), (0.9783333, -0.06478982), (0.9901852, -0.07259259), (0.9783333, -0.07403046), (0.9783333, -0.04888889), (0.9942343, -0.04888889), (0.9928488, -0.06340438), (0.9783333, -0.04888889), (0.9928488, -0.06340438), (0.9783333, -0.06478982), (0.9783333, 0.1377778), (0.9942343, 0.1377778), (0.9942343, -0.04888889), (0.9783333, 0.1377778), (0.9942343, -0.04888889), (0.9783333, -0.04888889), (0.9783333, 0.1536787), (0.9928488, 0.1522933), (0.9942343, 0.1377778), (0.9783333, 0.1536787), (0.9942343, 0.1377778), (0.9783333, 0.1377778), (0.9783333, 0.1629194), (0.9901852, 0.1614815), (0.9928488, 0.1522933), (0.9783333, 0.1629194), (0.9928488, 0.1522933), (0.9783333, 0.1536787), (0.9928488, -0.06340438), (1.002037, -0.06074074), (0.9988613, -0.0694169), (0.9928488, -0.06340438), (0.9988613, -0.0694169), (0.9901852, -0.07259259), (0.9942343, -0.04888889), (1.003475, -0.04888889), (1.002037, -0.06074074), (0.9942343, -0.04888889), (1.002037, -0.06074074), (0.9928488, -0.06340438), (0.9942343, 0.1377778), (1.003475, 0.1377778), (1.003475, -0.04888889), (0.9942343, 0.1377778), (1.003475, -0.04888889), (0.9942343, -0.04888889), (0.9928488, 0.1522933), (1.002037, 0.1496296), (1.003475, 0.1377778), (0.9928488, 0.1522933), (1.003475, 0.1377778), (0.9942343, 0.1377778), (0.9901852, 0.1614815), (0.9988613, 0.1583058), (1.002037, 0.1496296), (0.9901852, 0.1614815), (1.002037, 0.1496296), (0.9928488, 0.1522933), (-0.9988613, -0.0694169), (-0.9901852, -0.07259259), (-0.9928488, -0.06340438), (-0.9988613, -0.0694169), (-0.9928488, -0.06340438), (-1.002037, -0.06074074), (-1.002037, -0.06074074), (-0.9928488, -0.06340438), (-0.9942343, -0.04888889), (-1.002037, -0.06074074), (-0.9942343, -0.04888889), (-1.003475, -0.04888889), (-1.003475, -0.04888889), (-0.9942343, -0.04888889), (-0.9942343, 0.1377778), (-1.003475, -0.04888889), (-0.9942343, 0.1377778), (-1.003475, 0.1377778), (-1.003475, 0.1377778), (-0.9942343, 0.1377778), (-0.9928488, 0.1522933), (-1.003475, 0.1377778), (-0.9928488, 0.1522933), (-1.002037, 0.1496296), (-1.002037, 0.1496296), (-0.9928488, 0.1522933), (-0.9901852, 0.1614815), (-1.002037, 0.1496296), (-0.9901852, 0.1614815), (-0.9988613, 0.1583058), (-0.9901852, -0.07259259), (-0.9783333, -0.07403046), (-0.9783333, -0.06478982), (-0.9901852, -0.07259259), (-0.9783333, -0.06478982), (-0.9928488, -0.06340438), (-0.9928488, -0.06340438), (-0.9783333, -0.06478982), (-0.9783333, -0.04888889), (-0.9928488, -0.06340438), (-0.9783333, -0.04888889), (-0.9942343, -0.04888889), (-0.9942343, -0.04888889), (-0.9783333, -0.04888889), (-0.9783333, 0.1377778), (-0.9942343, -0.04888889), (-0.9783333, 0.1377778), (-0.9942343, 0.1377778), (-0.9942343, 0.1377778), (-0.9783333, 0.1377778), (-0.9783333, 0.1536787), (-0.9942343, 0.1377778), (-0.9783333, 0.1536787), (-0.9928488, 0.1522933), (-0.9928488, 0.1522933), (-0.9783333, 0.1536787), (-0.9783333, 0.1629194), (-0.9928488, 0.1522933), (-0.9783333, 0.1629194), (-0.9901852, 0.1614815), (-0.9783333, -0.07403046), (0.9783333, -0.07403046), (0.9783333, -0.06478982), (-0.9783333, -0.07403046), (0.9783333, -0.06478982), (-0.9783333, -0.06478982), (-0.9783333, -0.06478982), (0.9783333, -0.06478982), (0.9783333, -0.04888889), (-0.9783333, -0.06478982), (0.9783333, -0.04888889), (-0.9783333, -0.04888889), (-0.9783333, -0.04888889), (0.9783333, -0.04888889), (0.9783333, 0.1377778), (-0.9783333, -0.04888889), (0.9783333, 0.1377778), (-0.9783333, 0.1377778), (-0.9783333, 0.1377778), (0.9783333, 0.1377778), (0.9783333, 0.1536787), (-0.9783333, 0.1377778), (0.9783333, 0.1536787), (-0.9783333, 0.1536787), (-0.9783333, 0.1536787), (0.9783333, 0.1536787), (0.9783333, 0.1629194), (-0.9783333, 0.1536787), (0.9783333, 0.1629194), (-0.9783333, 0.1629194), (0.9783333, -0.07403046), (0.9901852, -0.07259259), (0.9928488, -0.06340438), (0.9783333, -0.07403046), (0.9928488, -0.06340438), (0.9783333, -0.06478982), (0.9783333, -0.06478982), (0.9928488, -0.06340438), (0.9942343, -0.04888889), (0.9783333, -0.06478982), (0.9942343, -0.04888889), (0.9783333, -0.04888889), (0.9783333, -0.04888889), (0.9942343, -0.04888889), (0.9942343, 0.1377778), (0.9783333, -0.04888889), (0.9942343, 0.1377778), (0.9783333, 0.1377778), (0.9783333, 0.1377778), (0.9942343, 0.1377778), (0.9928488, 0.1522933), (0.9783333, 0.1377778), (0.9928488, 0.1522933), (0.9783333, 0.1536787), (0.9783333, 0.1536787), (0.9928488, 0.1522933), (0.9901852, 0.1614815), (0.9783333, 0.1536787), (0.9901852, 0.1614815), (0.9783333, 0.1629194), (0.9901852, -0.07259259), (0.9988613, -0.0694169), (1.002037, -0.06074074), (0.9901852, -0.07259259), (1.002037, -0.06074074), (0.9928488, -0.06340438), (0.9928488, -0.06340438), (1.002037, -0.06074074), (1.003475, -0.04888889), (0.9928488, -0.06340438), (1.003475, -0.04888889), (0.9942343, -0.04888889), (0.9942343, -0.04888889), (1.003475, -0.04888889), (1.003475, 0.1377778), (0.9942343, -0.04888889), (1.003475, 0.1377778), (0.9942343, 0.1377778), (0.9942343, 0.1377778), (1.003475, 0.1377778), (1.002037, 0.1496296), (0.9942343, 0.1377778), (1.002037, 0.1496296), (0.9928488, 0.1522933), (0.9928488, 0.1522933), (1.002037, 0.1496296), (0.9988613, 0.1583058), (0.9928488, 0.1522933), (0.9988613, 0.1583058), (0.9901852, 0.1614815)] (interpolation = "faceVarying")
        }
        def Mesh "UFLShield_01" (prepend apiSchemas = ["MaterialBindingAPI"])
        {
            uniform token subdivisionScheme = "none"
            uniform token orientation = "rightHanded"
            bool doubleSided = false
            point3f[] points = [(-0.00698, -9e-05, -0.00656), (-0.006986402, -9e-05, -0.006478654), (-0.007005451, -9e-05, -0.006399311), (-0.007036677, -9e-05, -0.006323925), (-0.007079311, -9e-05, -0.006254352), (-0.007132304, -9e-05, -0.006192304), (-0.007194352, -9e-05, -0.006139311), (-0.007263925, -9e-05, -0.006096677), (-0.007339311, -9e-05, -0.006065451), (-0.007418654, -9e-05, -0.006046402), (-0.0075, -9e-05, -0.00604), (-0.007581346, -9e-05, -0.006046402), (-0.007660689, -9e-05, -0.006065451), (-0.007736075, -9e-05, -0.006096677), (-0.007805648, -9e-05, -0.006139311), (-0.007867696, -9e-05, -0.006192304), (-0.007920689, -9e-05, -0.006254352), (-0.007963323, -9e-05, -0.006323925), (-0.007994549, -9e-05, -0.006399311), (-0.008013598, -9e-05, -0.006478654), (-0.00802, -9e-05, -0.00656), (-0.008013598, -9e-05, -0.006641346), (-0.007994549, -9e-05, -0.006720689), (-0.007963323, -9e-05, -0.006796075), (-0.007920689, -9e-05, -0.006865648), (-0.007867696, -9e-05, -0.006927696), (-0.007805648, -9e-05, -0.006980689), (-0.007736075, -9e-05, -0.007023323), (-0.007660689, -9e-05, -0.007054549), (-0.007581346, -9e-05, -0.007073598), (-0.0075, -9e-05, -0.00708), (-0.007418654, -9e-05, -0.007073598), (-0.007339311, -9e-05, -0.007054549), (-0.007263925, -9e-05, -0.007023323), (-0.007194352, -9e-05, -0.006980689), (-0.007132304, -9e-05, -0.006927696), (-0.007079311, -9e-05, -0.006865648), (-0.007036677, -9e-05, -0.006796075), (-0.007005451, -9e-05, -0.006720689), (-0.006986402, -9e-05, -0.006641346), (-0.00652, -9e-05, -0.00656), (-0.006532065, -9e-05, -0.006406694), (-0.006567965, -9e-05, -0.006257163), (-0.006626814, -9e-05, -0.006115089), (-0.006707163, -9e-05, -0.00598397), (-0.006807035, -9e-05, -0.005867035), (-0.00692397, -9e-05, -0.005767163), (-0.007055089, -9e-05, -0.005686814), (-0.007197163, -9e-05, -0.005627965), (-0.007346694, -9e-05, -0.005592065), (-0.0075, -9e-05, -0.00558), (-0.007653306, -9e-05, -0.005592065), (-0.007802837, -9e-05, -0.005627965), (-0.007944911, -9e-05, -0.005686814), (-0.00807603, -9e-05, -0.005767163), (-0.008192965, -9e-05, -0.005867035), (-0.008292837, -9e-05, -0.00598397), (-0.008373186, -9e-05, -0.006115089), (-0.008432035, -9e-05, -0.006257163), (-0.008467935, -9e-05, -0.006406694), (-0.00848, -9e-05, -0.00656), (-0.008467935, -9e-05, -0.006713306), (-0.008432035, -9e-05, -0.006862837), (-0.008373186, -9e-05, -0.007004911), (-0.008292837, -9e-05, -0.00713603), (-0.008192965, -9e-05, -0.007252965), (-0.00807603, -9e-05, -0.007352837), (-0.007944911, -9e-05, -0.007433186), (-0.007802837, -9e-05, -0.007492035), (-0.007653306, -9e-05, -0.007527935), (-0.0075, -9e-05, -0.00754), (-0.007346694, -9e-05, -0.007527935), (-0.007197163, -9e-05, -0.007492035), (-0.007055089, -9e-05, -0.007433186), (-0.00692397, -9e-05, -0.007352837), (-0.006807035, -9e-05, -0.007252965), (-0.006707163, -9e-05, -0.00713603), (-0.006626814, -9e-05, -0.007004911), (-0.006567965, -9e-05, -0.006862837), (-0.006532065, -9e-05, -0.006713306), (-0.00652, 0.00061, -0.00656), (-0.006532065, 0.00061, -0.006406694), (-0.006567965, 0.00061, -0.006257163), (-0.006626814, 0.00061, -0.006115089), (-0.006707163, 0.00061, -0.00598397), (-0.006807035, 0.00061, -0.005867035), (-0.00692397, 0.00061, -0.005767163), (-0.007055089, 0.00061, -0.005686814), (-0.007197163, 0.00061, -0.005627965), (-0.007346694, 0.00061, -0.005592065), (-0.0075, 0.00061, -0.00558), (-0.007653306, 0.00061, -0.005592065), (-0.007802837, 0.00061, -0.005627965), (-0.007944911, 0.00061, -0.005686814), (-0.00807603, 0.00061, -0.005767163), (-0.008192965, 0.00061, -0.005867035), (-0.008292837, 0.00061, -0.00598397), (-0.008373186, 0.00061, -0.006115089), (-0.008432035, 0.00061, -0.006257163), (-0.008467935, 0.00061, -0.006406694), (-0.00848, 0.00061, -0.00656), (-0.008467935, 0.00061, -0.006713306), (-0.008432035, 0.00061, -0.006862837), (-0.008373186, 0.00061, -0.007004911), (-0.008292837, 0.00061, -0.00713603), (-0.008192965, 0.00061, -0.007252965), (-0.00807603, 0.00061, -0.007352837), (-0.007944911, 0.00061, -0.007433186), (-0.007802837, 0.00061, -0.007492035), (-0.007653306, 0.00061, -0.007527935), (-0.0075, 0.00061, -0.00754), (-0.007346694, 0.00061, -0.007527935), (-0.007197163, 0.00061, -0.007492035), (-0.007055089, 0.00061, -0.007433186), (-0.00692397, 0.00061, -0.007352837), (-0.006807035, 0.00061, -0.007252965), (-0.006707163, 0.00061, -0.00713603), (-0.006626814, 0.00061, -0.007004911), (-0.006567965, 0.00061, -0.006862837), (-0.006532065, 0.00061, -0.006713306), (-0.00698, 0.00061, -0.00656), (-0.006986402, 0.00061, -0.006478654), (-0.007005451, 0.00061, -0.006399311), (-0.007036677, 0.00061, -0.006323925), (-0.007079311, 0.00061, -0.006254352), (-0.007132304, 0.00061, -0.006192304), (-0.007194352, 0.00061, -0.006139311), (-0.007263925, 0.00061, -0.006096677), (-0.007339311, 0.00061, -0.006065451), (-0.007418654, 0.00061, -0.006046402), (-0.0075, 0.00061, -0.00604), (-0.007581346, 0.00061, -0.006046402), (-0.007660689, 0.00061, -0.006065451), (-0.007736075, 0.00061, -0.006096677), (-0.007805648, 0.00061, -0.006139311), (-0.007867696, 0.00061, -0.006192304), (-0.007920689, 0.00061, -0.006254352), (-0.007963323, 0.00061, -0.006323925), (-0.007994549, 0.00061, -0.006399311), (-0.008013598, 0.00061, -0.006478654), (-0.00802, 0.00061, -0.00656), (-0.008013598, 0.00061, -0.006641346), (-0.007994549, 0.00061, -0.006720689), (-0.007963323, 0.00061, -0.006796075), (-0.007920689, 0.00061, -0.006865648), (-0.007867696, 0.00061, -0.006927696), (-0.007805648, 0.00061, -0.006980689), (-0.007736075, 0.00061, -0.007023323), (-0.007660689, 0.00061, -0.007054549), (-0.007581346, 0.00061, -0.007073598), (-0.0075, 0.00061, -0.00708), (-0.007418654, 0.00061, -0.007073598), (-0.007339311, 0.00061, -0.007054549), (-0.007263925, 0.00061, -0.007023323), (-0.007194352, 0.00061, -0.006980689), (-0.007132304, 0.00061, -0.006927696), (-0.007079311, 0.00061, -0.006865648), (-0.007036677, 0.00061, -0.006796075), (-0.007005451, 0.00061, -0.006720689), (-0.006986402, 0.00061, -0.006641346)]
            int[] faceVertexCounts = [3, 3, 3, 3, 3, 3, 3, 3, 3, 3, 3, 3, 3, 3, 3, 3, 3, 3, 3, 3, 3, 3, 3, 3, 3, 3, 3, 3, 3, 3, 3, 3, 3, 3, 3, 3, 3, 3, 3, 3, 3, 3, 3, 3, 3, 3, 3, 3, 3, 3, 3, 3, 3, 3, 3, 3, 3, 3, 3, 3, 3, 3, 3, 3, 3, 3, 3, 3, 3, 3, 3, 3, 3, 3, 3, 3, 3, 3, 3, 3, 3, 3, 3, 3, 3, 3, 3, 3, 3, 3, 3, 3, 3, 3, 3, 3, 3, 3, 3, 3, 3, 3, 3, 3, 3, 3, 3, 3, 3, 3, 3, 3, 3, 3, 3, 3, 3, 3, 3, 3, 3, 3, 3, 3, 3, 3, 3, 3, 3, 3, 3, 3, 3, 3, 3, 3, 3, 3, 3, 3, 3, 3, 3, 3, 3, 3, 3, 3, 3, 3, 3, 3, 3, 3, 3, 3, 3, 3, 3, 3, 3, 3, 3, 3, 3, 3, 3, 3, 3, 3, 3, 3, 3, 3, 3, 3, 3, 3, 3, 3, 3, 3, 3, 3, 3, 3, 3, 3, 3, 3, 3, 3, 3, 3, 3, 3, 3, 3, 3, 3, 3, 3, 3, 3, 3, 3, 3, 3, 3, 3, 3, 3, 3, 3, 3, 3, 3, 3, 3, 3, 3, 3, 3, 3, 3, 3, 3, 3, 3, 3, 3, 3, 3, 3, 3, 3, 3, 3, 3, 3, 3, 3, 3, 3, 3, 3, 3, 3, 3, 3, 3, 3, 3, 3, 3, 3, 3, 3, 3, 3, 3, 3, 3, 3, 3, 3, 3, 3, 3, 3, 3, 3, 3, 3, 3, 3, 3, 3, 3, 3, 3, 3, 3, 3, 3, 3, 3, 3, 3, 3, 3, 3, 3, 3, 3, 3, 3, 3, 3, 3, 3, 3, 3, 3, 3, 3, 3, 3, 3, 3, 3, 3, 3, 3, 3, 3, 3, 3, 3, 3]
            int[] faceVertexIndices = [0, 41, 1, 0, 40, 41, 1, 42, 2, 1, 41, 42, 2, 43, 3, 2, 42, 43, 3, 44, 4, 3, 43, 44, 4, 45, 5, 4, 44, 45, 5, 46, 6, 5, 45, 46, 6, 47, 7, 6, 46, 47, 7, 48, 8, 7, 47, 48, 8, 49, 9, 8, 48, 49, 9, 50, 10, 9, 49, 50, 10, 51, 11, 10, 50, 51, 11, 52, 12, 11, 51, 52, 12, 53, 13, 12, 52, 53, 13, 54, 14, 13, 53, 54, 14, 55, 15, 14, 54, 55, 15, 56, 16, 15, 55, 56, 16, 57, 17, 16, 56, 57, 17, 58, 18, 17, 57, 58, 18, 59, 19, 18, 58, 59, 19, 60, 20, 19, 59, 60, 20, 61, 21, 20, 60, 61, 21, 62, 22, 21, 61, 62, 22, 63, 23, 22, 62, 63, 23, 64, 24, 23, 63, 64, 24, 65, 25, 24, 64, 65, 25, 66, 26, 25, 65, 66, 26, 67, 27, 26, 66, 67, 27, 68, 28, 27, 67, 68, 28, 69, 29, 28, 68, 69, 29, 70, 30, 29, 69, 70, 30, 71, 31, 30, 70, 71, 31, 72, 32, 31, 71, 72, 32, 73, 33, 32, 72, 73, 33, 74, 34, 33, 73, 74, 34, 75, 35, 34, 74, 75, 35, 76, 36, 35, 75, 76, 36, 77, 37, 36, 76, 77, 37, 78, 38, 37, 77, 78, 38, 79, 39, 38, 78, 79, 39, 40, 0, 39, 79, 40, 40, 81, 41, 40, 80, 81, 41, 82, 42, 41, 81, 82, 42, 83, 43, 42, 82, 83, 43, 84, 44, 43, 83, 84, 44, 85, 45, 44, 84, 85, 45, 86, 46, 45, 85, 86, 46, 87, 47, 46, 86, 87, 47, 88, 48, 47, 87, 88, 48, 89, 49, 48, 88, 89, 49, 90, 50, 49, 89, 90, 50, 91, 51, 50, 90, 91, 51, 92, 52, 51, 91, 92, 52, 93, 53, 52, 92, 93, 53, 94, 54, 53, 93, 94, 54, 95, 55, 54, 94, 95, 55, 96, 56, 55, 95, 96, 56, 97, 57, 56, 96, 97, 57, 98, 58, 57, 97, 98, 58, 99, 59, 58, 98, 99, 59, 100, 60, 59, 99, 100, 60, 101, 61, 60, 100, 101, 61, 102, 62, 61, 101, 102, 62, 103, 63, 62, 102, 103, 63, 104, 64, 63, 103, 104, 64, 105, 65, 64, 104, 105, 65, 106, 66, 65, 105, 106, 66, 107, 67, 66, 106, 107, 67, 108, 68, 67, 107, 108, 68, 109, 69, 68, 108, 109, 69, 110, 70, 69, 109, 110, 70, 111, 71, 70, 110, 111, 71, 112, 72, 71, 111, 112, 72, 113, 73, 72, 112, 113, 73, 114, 74, 73, 113, 114, 74, 115, 75, 74, 114, 115, 75, 116, 76, 75, 115, 116, 76, 117, 77, 76, 116, 117, 77, 118, 78, 77, 117, 118, 78, 119, 79, 78, 118, 119, 79, 80, 40, 79, 119, 80, 80, 121, 81, 80, 120, 121, 81, 122, 82, 81, 121, 122, 82, 123, 83, 82, 122, 123, 83, 124, 84, 83, 123, 124, 84, 125, 85, 84, 124, 125, 85, 126, 86, 85, 125, 126, 86, 127, 87, 86, 126, 127, 87, 128, 88, 87, 127, 128, 88, 129, 89, 88, 128, 129, 89, 130, 90, 89, 129, 130, 90, 131, 91, 90, 130, 131, 91, 132, 92, 91, 131, 132, 92, 133, 93, 92, 132, 133, 93, 134, 94, 93, 133, 134, 94, 135, 95, 94, 134, 135, 95, 136, 96, 95, 135, 136, 96, 137, 97, 96, 136, 137, 97, 138, 98, 97, 137, 138, 98, 139, 99, 98, 138, 139, 99, 140, 100, 99, 139, 140, 100, 141, 101, 100, 140, 141, 101, 142, 102, 101, 141, 142, 102, 143, 103, 102, 142, 143, 103, 144, 104, 103, 143, 144, 104, 145, 105, 104, 144, 145, 105, 146, 106, 105, 145, 146, 106, 147, 107, 106, 146, 147, 107, 148, 108, 107, 147, 148, 108, 149, 109, 108, 148, 149, 109, 150, 110, 109, 149, 150, 110, 151, 111, 110, 150, 151, 111, 152, 112, 111, 151, 152, 112, 153, 113, 112, 152, 153, 113, 154, 114, 113, 153, 154, 114, 155, 115, 114, 154, 155, 115, 156, 116, 115, 155, 156, 116, 157, 117, 116, 156, 157, 117, 158, 118, 117, 157, 158, 118, 159, 119, 118, 158, 159, 119, 120, 80, 119, 159, 120, 120, 1, 121, 120, 0, 1, 121, 2, 122, 121, 1, 2, 122, 3, 123, 122, 2, 3, 123, 4, 124, 123, 3, 4, 124, 5, 125, 124, 4, 5, 125, 6, 126, 125, 5, 6, 126, 7, 127, 126, 6, 7, 127, 8, 128, 127, 7, 8, 128, 9, 129, 128, 8, 9, 129, 10, 130, 129, 9, 10, 130, 11, 131, 130, 10, 11, 131, 12, 132, 131, 11, 12, 132, 13, 133, 132, 12, 13, 133, 14, 134, 133, 13, 14, 134, 15, 135, 134, 14, 15, 135, 16, 136, 135, 15, 16, 136, 17, 137, 136, 16, 17, 137, 18, 138, 137, 17, 18, 138, 19, 139, 138, 18, 19, 139, 20, 140, 139, 19, 20, 140, 21, 141, 140, 20, 21, 141, 22, 142, 141, 21, 22, 142, 23, 143, 142, 22, 23, 143, 24, 144, 143, 23, 24, 144, 25, 145, 144, 24, 25, 145, 26, 146, 145, 25, 26, 146, 27, 147, 146, 26, 27, 147, 28, 148, 147, 27, 28, 148, 29, 149, 148, 28, 29, 149, 30, 150, 149, 29, 30, 150, 31, 151, 150, 30, 31, 151, 32, 152, 151, 31, 32, 152, 33, 153, 152, 32, 33, 153, 34, 154, 153, 33, 34, 154, 35, 155, 154, 34, 35, 155, 36, 156, 155, 35, 36, 156, 37, 157, 156, 36, 37, 157, 38, 158, 157, 37, 38, 158, 39, 159, 158, 38, 39, 159, 0, 120, 159, 39, 0]
            normal3f[] normals = [(-0.7614431, -0.6479239, 0.01997562), (-0.7551933, -0.6479239, -0.09938625), (-0.7303482, -0.6479239, -0.2163009), (-0.6875195, -0.6479239, -0.3278895), (-0.6277618, -0.6479239, -0.4314044), (-0.5525465, -0.6479239, -0.5242967), (-0.4637256, -0.6479239, -0.604279), (-0.3634863, -0.6479239, -0.669382), (-0.2542968, -0.6479239, -0.7180026), (-0.1388456, -0.6479239, -0.7489436), (-0.01997562, -0.6479239, -0.7614431), (0.09938625, -0.6479239, -0.7551933), (0.2163009, -0.6479239, -0.7303482), (0.3278895, -0.6479239, -0.6875195), (0.4314044, -0.6479239, -0.6277618), (0.5242967, -0.6479239, -0.5525465), (0.604279, -0.6479239, -0.4637256), (0.669382, -0.6479239, -0.3634863), (0.7180026, -0.6479239, -0.2542968), (0.7489436, -0.6479239, -0.1388456), (0.7614431, -0.6479239, -0.01997562), (0.7551933, -0.6479239, 0.09938625), (0.7303482, -0.6479239, 0.2163009), (0.6875195, -0.6479239, 0.3278895), (0.6277618, -0.6479239, 0.4314044), (0.5525465, -0.6479239, 0.5242967), (0.4637256, -0.6479239, 0.604279), (0.3634863, -0.6479239, 0.669382), (0.2542968, -0.6479239, 0.7180026), (0.1388456, -0.6479239, 0.7489436), (0.01997562, -0.6479239, 0.7614431), (-0.09938625, -0.6479239, 0.7551933), (-0.2163009, -0.6479239, 0.7303482), (-0.3278895, -0.6479239, 0.6875195), (-0.4314044, -0.6479239, 0.6277618), (-0.5242967, -0.6479239, 0.5525465), (-0.604279, -0.6479239, 0.4637256), (-0.669382, -0.6479239, 0.3634863), (-0.7180026, -0.6479239, 0.2542968), (-0.7489436, -0.6479239, 0.1388456), (0.8743838, -0.4846924, 0.0229385), (0.8600303, -0.4846924, 0.1594399), (0.8245, -0.4846924, 0.2920153), (0.7686678, -0.4846924, 0.4174003), (0.6939085, -0.4846924, 0.5325075), (0.6020628, -0.4846924, 0.6345027), (0.4953923, -0.4846924, 0.7208743), (0.3765236, -0.4846924, 0.7894955), (0.2483836, -0.4846924, 0.8386768), (0.1141277, -0.4846924, 0.8672071), (-0.0229385, -0.4846924, 0.8743838), (-0.1594399, -0.4846924, 0.8600303), (-0.2920153, -0.4846924, 0.8245), (-0.4174003, -0.4846924, 0.7686678), (-0.5325075, -0.4846924, 0.6939085), (-0.6345027, -0.4846924, 0.6020628), (-0.7208743, -0.4846924, 0.4953923), (-0.7894955, -0.4846924, 0.3765236), (-0.8386768, -0.4846924, 0.2483836), (-0.8672071, -0.4846924, 0.1141277), (-0.8743838, -0.4846924, -0.0229385), (-0.8600303, -0.4846924, -0.1594399), (-0.8245, -0.4846924, -0.2920153), (-0.7686678, -0.4846924, -0.4174003), (-0.6939085, -0.4846924, -0.5325075), (-0.6020628, -0.4846924, -0.6345027), (-0.4953923, -0.4846924, -0.7208743), (-0.3765236, -0.4846924, -0.7894955), (-0.2483836, -0.4846924, -0.8386768), (-0.1141277, -0.4846924, -0.8672071), (0.0229385, -0.4846924, -0.8743838), (0.1594399, -0.4846924, -0.8600303), (0.2920153, -0.4846924, -0.8245), (0.4174003, -0.4846924, -0.7686678), (0.5325075, -0.4846924, -0.6939085), (0.6345027, -0.4846924, -0.6020628), (0.7208743, -0.4846924, -0.4953923), (0.7894955, -0.4846924, -0.3765236), (0.8386768, -0.4846924, -0.2483836), (0.8672071, -0.4846924, -0.1141277), (0.8743838, 0.4846924, -0.0229385), (0.8672071, 0.4846924, 0.1141277), (0.8386768, 0.4846924, 0.2483836), (0.7894955, 0.4846924, 0.3765236), (0.7208743, 0.4846924, 0.4953923), (0.6345027, 0.4846924, 0.6020628), (0.5325075, 0.4846924, 0.6939085), (0.4174003, 0.4846924, 0.7686678), (0.2920153, 0.4846924, 0.8245), (0.1594399, 0.4846924, 0.8600303), (0.0229385, 0.4846924, 0.8743838), (-0.1141277, 0.4846924, 0.8672071), (-0.2483836, 0.4846924, 0.8386768), (-0.3765236, 0.4846924, 0.7894955), (-0.4953923, 0.4846924, 0.7208743), (-0.6020628, 0.4846924, 0.6345027), (-0.6939085, 0.4846924, 0.5325075), (-0.7686678, 0.4846924, 0.4174003), (-0.8245, 0.4846924, 0.2920153), (-0.8600303, 0.4846924, 0.1594399), (-0.8743838, 0.4846924, 0.0229385), (-0.8672071, 0.4846924, -0.1141277), (-0.8386768, 0.4846924, -0.2483836), (-0.7894955, 0.4846924, -0.3765236), (-0.7208743, 0.4846924, -0.4953923), (-0.6345027, 0.4846924, -0.6020628), (-0.5325075, 0.4846924, -0.6939085), (-0.4174003, 0.4846924, -0.7686678), (-0.2920153, 0.4846924, -0.8245), (-0.1594399, 0.4846924, -0.8600303), (-0.0229385, 0.4846924, -0.8743838), (0.1141277, 0.4846924, -0.8672071), (0.2483836, 0.4846924, -0.8386768), (0.3765236, 0.4846924, -0.7894955), (0.4953923, 0.4846924, -0.7208743), (0.6020628, 0.4846924, -0.6345027), (0.6939085, 0.4846924, -0.5325075), (0.7686678, 0.4846924, -0.4174003), (0.8245, 0.4846924, -0.2920153), (0.8600303, 0.4846924, -0.1594399), (-0.7614431, 0.6479239, -0.01997562), (-0.7489436, 0.6479239, -0.1388456), (-0.7180026, 0.6479239, -0.2542968), (-0.669382, 0.6479239, -0.3634863), (-0.604279, 0.6479239, -0.4637256), (-0.5242967, 0.6479239, -0.5525465), (-0.4314044, 0.6479239, -0.6277618), (-0.3278895, 0.6479239, -0.6875195), (-0.2163009, 0.6479239, -0.7303482), (-0.09938625, 0.6479239, -0.7551933), (0.01997562, 0.6479239, -0.7614431), (0.1388456, 0.6479239, -0.7489436), (0.2542968, 0.6479239, -0.7180026), (0.3634863, 0.6479239, -0.669382), (0.4637256, 0.6479239, -0.604279), (0.5525465, 0.6479239, -0.5242967), (0.6277618, 0.6479239, -0.4314044), (0.6875195, 0.6479239, -0.3278895), (0.7303482, 0.6479239, -0.2163009), (0.7551933, 0.6479239, -0.09938625), (0.7614431, 0.6479239, 0.01997562), (0.7489436, 0.6479239, 0.1388456), (0.7180026, 0.6479239, 0.2542968), (0.669382, 0.6479239, 0.3634863), (0.604279, 0.6479239, 0.4637256), (0.5242967, 0.6479239, 0.5525465), (0.4314044, 0.6479239, 0.6277618), (0.3278895, 0.6479239, 0.6875195), (0.2163009, 0.6479239, 0.7303482), (0.09938625, 0.6479239, 0.7551933), (-0.01997562, 0.6479239, 0.7614431), (-0.1388456, 0.6479239, 0.7489436), (-0.2542968, 0.6479239, 0.7180026), (-0.3634863, 0.6479239, 0.669382), (-0.4637256, 0.6479239, 0.604279), (-0.5525465, 0.6479239, 0.5242967), (-0.6277618, 0.6479239, 0.4314044), (-0.6875195, 0.6479239, 0.3278895), (-0.7303482, 0.6479239, 0.2163009), (-0.7551933, 0.6479239, 0.09938625)] (interpolation = "vertex")
            float3[] extent = [(-0.00848, -9e-05, -0.00754), (-0.00652, 0.00061, -0.00558)]
            rel material:binding = </WorkbenchPart/Materials/gold>
        }
        def Mesh "UFLInsulator_01" (prepend apiSchemas = ["MaterialBindingAPI"])
        {
            uniform token subdivisionScheme = "none"
            uniform token orientation = "rightHanded"
            bool doubleSided = false
            point3f[] points = [(-0.0075, -9.2e-05, -0.00704), (-0.007593643, -9.2e-05, -0.007030777), (-0.007683688, -9.2e-05, -0.007003462), (-0.007766674, -9.2e-05, -0.006959105), (-0.007839411, -9.2e-05, -0.006899411), (-0.007899105, -9.2e-05, -0.006826674), (-0.007943462, -9.2e-05, -0.006743688), (-0.007970777, -9.2e-05, -0.006653643), (-0.00798, -9.2e-05, -0.00656), (-0.007970777, -9.2e-05, -0.006466357), (-0.007943462, -9.2e-05, -0.006376312), (-0.007899105, -9.2e-05, -0.006293326), (-0.007839411, -9.2e-05, -0.006220589), (-0.007766674, -9.2e-05, -0.006160895), (-0.007683688, -9.2e-05, -0.006116538), (-0.007593643, -9.2e-05, -0.006089223), (-0.0075, -9.2e-05, -0.00608), (-0.007406357, -9.2e-05, -0.006089223), (-0.007316312, -9.2e-05, -0.006116538), (-0.007233326, -9.2e-05, -0.006160895), (-0.007160589, -9.2e-05, -0.006220589), (-0.007100895, -9.2e-05, -0.006293326), (-0.007056538, -9.2e-05, -0.006376312), (-0.007029223, -9.2e-05, -0.006466357), (-0.00702, -9.2e-05, -0.00656), (-0.007029223, -9.2e-05, -0.006653643), (-0.007056538, -9.2e-05, -0.006743688), (-0.007100895, -9.2e-05, -0.006826674), (-0.007160589, -9.2e-05, -0.006899411), (-0.007233326, -9.2e-05, -0.006959105), (-0.007316312, -9.2e-05, -0.007003462), (-0.007406357, -9.2e-05, -0.007030777), (-0.0075, 0.000628, -0.00704), (-0.007593643, 0.000628, -0.007030777), (-0.007683688, 0.000628, -0.007003462), (-0.007766674, 0.000628, -0.006959105), (-0.007839411, 0.000628, -0.006899411), (-0.007899105, 0.000628, -0.006826674), (-0.007943462, 0.000628, -0.006743688), (-0.007970777, 0.000628, -0.006653643), (-0.00798, 0.000628, -0.00656), (-0.007970777, 0.000628, -0.006466357), (-0.007943462, 0.000628, -0.006376312), (-0.007899105, 0.000628, -0.006293326), (-0.007839411, 0.000628, -0.006220589), (-0.007766674, 0.000628, -0.006160895), (-0.007683688, 0.000628, -0.006116538), (-0.007593643, 0.000628, -0.006089223), (-0.0075, 0.000628, -0.00608), (-0.007406357, 0.000628, -0.006089223), (-0.007316312, 0.000628, -0.006116538), (-0.007233326, 0.000628, -0.006160895), (-0.007160589, 0.000628, -0.006220589), (-0.007100895, 0.000628, -0.006293326), (-0.007056538, 0.000628, -0.006376312), (-0.007029223, 0.000628, -0.006466357), (-0.00702, 0.000628, -0.00656), (-0.007029223, 0.000628, -0.006653643), (-0.007056538, 0.000628, -0.006743688), (-0.007100895, 0.000628, -0.006826674), (-0.007160589, 0.000628, -0.006899411), (-0.007233326, 0.000628, -0.006959105), (-0.007316312, 0.000628, -0.007003462), (-0.007406357, 0.000628, -0.007030777), (-0.0075, -9.2e-05, -0.00704), (-0.007593643, -9.2e-05, -0.007030777), (-0.007683688, -9.2e-05, -0.007003462), (-0.007766674, -9.2e-05, -0.006959105), (-0.007839411, -9.2e-05, -0.006899411), (-0.007899105, -9.2e-05, -0.006826674), (-0.007943462, -9.2e-05, -0.006743688), (-0.007970777, -9.2e-05, -0.006653643), (-0.00798, -9.2e-05, -0.00656), (-0.007970777, -9.2e-05, -0.006466357), (-0.007943462, -9.2e-05, -0.006376312), (-0.007899105, -9.2e-05, -0.006293326), (-0.007839411, -9.2e-05, -0.006220589), (-0.007766674, -9.2e-05, -0.006160895), (-0.007683688, -9.2e-05, -0.006116538), (-0.007593643, -9.2e-05, -0.006089223), (-0.0075, -9.2e-05, -0.00608), (-0.007406357, -9.2e-05, -0.006089223), (-0.007316312, -9.2e-05, -0.006116538), (-0.007233326, -9.2e-05, -0.006160895), (-0.007160589, -9.2e-05, -0.006220589), (-0.007100895, -9.2e-05, -0.006293326), (-0.007056538, -9.2e-05, -0.006376312), (-0.007029223, -9.2e-05, -0.006466357), (-0.00702, -9.2e-05, -0.00656), (-0.007029223, -9.2e-05, -0.006653643), (-0.007056538, -9.2e-05, -0.006743688), (-0.007100895, -9.2e-05, -0.006826674), (-0.007160589, -9.2e-05, -0.006899411), (-0.007233326, -9.2e-05, -0.006959105), (-0.007316312, -9.2e-05, -0.007003462), (-0.007406357, -9.2e-05, -0.007030777), (-0.0075, 0.000628, -0.00704), (-0.007593643, 0.000628, -0.007030777), (-0.007683688, 0.000628, -0.007003462), (-0.007766674, 0.000628, -0.006959105), (-0.007839411, 0.000628, -0.006899411), (-0.007899105, 0.000628, -0.006826674), (-0.007943462, 0.000628, -0.006743688), (-0.007970777, 0.000628, -0.006653643), (-0.00798, 0.000628, -0.00656), (-0.007970777, 0.000628, -0.006466357), (-0.007943462, 0.000628, -0.006376312), (-0.007899105, 0.000628, -0.006293326), (-0.007839411, 0.000628, -0.006220589), (-0.007766674, 0.000628, -0.006160895), (-0.007683688, 0.000628, -0.006116538), (-0.007593643, 0.000628, -0.006089223), (-0.0075, 0.000628, -0.00608), (-0.007406357, 0.000628, -0.006089223), (-0.007316312, 0.000628, -0.006116538), (-0.007233326, 0.000628, -0.006160895), (-0.007160589, 0.000628, -0.006220589), (-0.007100895, 0.000628, -0.006293326), (-0.007056538, 0.000628, -0.006376312), (-0.007029223, 0.000628, -0.006466357), (-0.00702, 0.000628, -0.00656), (-0.007029223, 0.000628, -0.006653643), (-0.007056538, 0.000628, -0.006743688), (-0.007100895, 0.000628, -0.006826674), (-0.007160589, 0.000628, -0.006899411), (-0.007233326, 0.000628, -0.006959105), (-0.007316312, 0.000628, -0.007003462), (-0.007406357, 0.000628, -0.007030777)]
            int[] faceVertexCounts = [3, 3, 3, 3, 3, 3, 3, 3, 3, 3, 3, 3, 3, 3, 3, 3, 3, 3, 3, 3, 3, 3, 3, 3, 3, 3, 3, 3, 3, 3, 3, 3, 3, 3, 3, 3, 3, 3, 3, 3, 3, 3, 3, 3, 3, 3, 3, 3, 3, 3, 3, 3, 3, 3, 3, 3, 3, 3, 3, 3, 3, 3, 3, 3, 3, 3, 3, 3, 3, 3, 3, 3, 3, 3, 3, 3, 3, 3, 3, 3, 3, 3, 3, 3, 3, 3, 3, 3, 3, 3, 3, 3, 3, 3, 3, 3, 3, 3, 3, 3, 3, 3, 3, 3, 3, 3, 3, 3, 3, 3, 3, 3, 3, 3, 3, 3, 3, 3, 3, 3, 3, 3, 3, 3]
            int[] faceVertexIndices = [95, 94, 93, 95, 93, 92, 95, 92, 91, 95, 91, 90, 95, 90, 89, 95, 89, 88, 95, 88, 87, 95, 87, 86, 95, 86, 85, 95, 85, 84, 95, 84, 83, 95, 83, 82, 95, 82, 81, 95, 81, 80, 95, 80, 79, 95, 79, 78, 95, 78, 77, 95, 77, 76, 95, 76, 75, 95, 75, 74, 95, 74, 73, 95, 73, 72, 95, 72, 71, 95, 71, 70, 95, 70, 69, 95, 69, 68, 95, 68, 67, 95, 67, 66, 95, 66, 65, 95, 65, 64, 96, 97, 98, 96, 98, 99, 96, 99, 100, 96, 100, 101, 96, 101, 102, 96, 102, 103, 96, 103, 104, 96, 104, 105, 96, 105, 106, 96, 106, 107, 96, 107, 108, 96, 108, 109, 96, 109, 110, 96, 110, 111, 96, 111, 112, 96, 112, 113, 96, 113, 114, 96, 114, 115, 96, 115, 116, 96, 116, 117, 96, 117, 118, 96, 118, 119, 96, 119, 120, 96, 120, 121, 96, 121, 122, 96, 122, 123, 96, 123, 124, 96, 124, 125, 96, 125, 126, 96, 126, 127, 0, 1, 33, 0, 33, 32, 1, 2, 34, 1, 34, 33, 2, 3, 35, 2, 35, 34, 3, 4, 36, 3, 36, 35, 4, 5, 37, 4, 37, 36, 5, 6, 38, 5, 38, 37, 6, 7, 39, 6, 39, 38, 7, 8, 40, 7, 40, 39, 8, 9, 41, 8, 41, 40, 9, 10, 42, 9, 42, 41, 10, 11, 43, 10, 43, 42, 11, 12, 44, 11, 44, 43, 12, 13, 45, 12, 45, 44, 13, 14, 46, 13, 46, 45, 14, 15, 47, 14, 47, 46, 15, 16, 48, 15, 48, 47, 16, 17, 49, 16, 49, 48, 17, 18, 50, 17, 50, 49, 18, 19, 51, 18, 51, 50, 19, 20, 52, 19, 52, 51, 20, 21, 53, 20, 53, 52, 21, 22, 54, 21, 54, 53, 22, 23, 55, 22, 55, 54, 23, 24, 56, 23, 56, 55, 24, 25, 57, 24, 57, 56, 25, 26, 58, 25, 58, 57, 26, 27, 59, 26, 59, 58, 27, 28, 60, 27, 60, 59, 28, 29, 61, 28, 61, 60, 29, 30, 62, 29, 62, 61, 30, 31, 63, 30, 63, 62, 31, 0, 32, 31, 32, 63]
            normal3f[] normals = [(-0.03281279, 0, -0.9994615), (-0.2271676, 0, -0.9738557), (-0.4127924, 0, -0.9108251), (-0.5825539, 0, -0.8127921), (-0.7299282, 0, -0.6835239), (-0.8492517, 0, -0.5279882), (-0.9359389, 0, -0.3521623), (-0.9866586, 0, -0.162803), (-0.9994615, 0, 0.03281279), (-0.9738557, 0, 0.2271676), (-0.9108251, 0, 0.4127924), (-0.8127921, 0, 0.5825539), (-0.6835239, 0, 0.7299282), (-0.5279882, 0, 0.8492517), (-0.3521623, 0, 0.9359389), (-0.162803, 0, 0.9866586), (0.03281279, 0, 0.9994615), (0.2271676, 0, 0.9738557), (0.4127924, 0, 0.9108251), (0.5825539, 0, 0.8127921), (0.7299282, 0, 0.6835239), (0.8492517, 0, 0.5279882), (0.9359389, 0, 0.3521623), (0.9866586, 0, 0.162803), (0.9994615, 0, -0.03281279), (0.9738557, 0, -0.2271676), (0.9108251, 0, -0.4127924), (0.8127921, 0, -0.5825539), (0.6835239, 0, -0.7299282), (0.5279882, 0, -0.8492517), (0.3521623, 0, -0.9359389), (0.162803, 0, -0.9866586), (0.03281279, 0, -0.9994615), (-0.162803, 0, -0.9866586), (-0.3521623, 0, -0.9359389), (-0.5279882, 0, -0.8492517), (-0.6835239, 0, -0.7299282), (-0.8127921, 0, -0.5825539), (-0.9108251, 0, -0.4127924), (-0.9738557, 0, -0.2271676), (-0.9994615, 0, -0.03281279), (-0.9866586, 0, 0.162803), (-0.9359389, 0, 0.3521623), (-0.8492517, 0, 0.5279882), (-0.7299282, 0, 0.6835239), (-0.5825539, 0, 0.8127921), (-0.4127924, 0, 0.9108251), (-0.2271676, 0, 0.9738557), (-0.03281279, 0, 0.9994615), (0.162803, 0, 0.9866586), (0.3521623, 0, 0.9359389), (0.5279882, 0, 0.8492517), (0.6835239, 0, 0.7299282), (0.8127921, 0, 0.5825539), (0.9108251, 0, 0.4127924), (0.9738557, 0, 0.2271676), (0.9994615, 0, 0.03281279), (0.9866586, 0, -0.162803), (0.9359389, 0, -0.3521623), (0.8492517, 0, -0.5279882), (0.7299282, 0, -0.6835239), (0.5825539, 0, -0.8127921), (0.4127924, 0, -0.9108251), (0.2271676, 0, -0.9738557), (0, -1, 0), (0, -1, 0), (0, -1, 0), (0, -1, 0), (0, -1, 0), (0, -1, 0), (0, -1, 0), (0, -1, 0), (0, -1, 0), (0, -1, 0), (0, -1, 0), (0, -1, 0), (0, -1, 0), (0, -1, 0), (0, -1, 0), (0, -1, 0), (0, -1, 0), (0, -1, 0), (0, -1, 0), (0, -1, 0), (0, -1, 0), (0, -1, 0), (0, -1, 0), (0, -1, 0), (0, -1, 0), (0, -1, 0), (0, -1, 0), (0, -1, 0), (0, -1, 0), (0, -1, 0), (0, -1, 0), (0, -1, 0), (0, 1, 0), (0, 1, 0), (0, 1, 0), (0, 1, 0), (0, 1, 0), (0, 1, 0), (0, 1, 0), (0, 1, 0), (0, 1, 0), (0, 1, 0), (0, 1, 0), (0, 1, 0), (0, 1, 0), (0, 1, 0), (0, 1, 0), (0, 1, 0), (0, 1, 0), (0, 1, 0), (0, 1, 0), (0, 1, 0), (0, 1, 0), (0, 1, 0), (0, 1, 0), (0, 1, 0), (0, 1, 0), (0, 1, 0), (0, 1, 0), (0, 1, 0), (0, 1, 0), (0, 1, 0), (0, 1, 0), (0, 1, 0)] (interpolation = "vertex")
            float3[] extent = [(-0.00798, -9.2e-05, -0.00704), (-0.00702, 0.000628, -0.00608)]
            rel material:binding = </WorkbenchPart/Materials/ceramic>
            texCoord2f[] primvars:st = [(-0.8229285, -0.7811974), (-0.8129236, -0.7781625), (-0.8037029, -0.7732339), (-0.8229285, -0.7811974), (-0.8037029, -0.7732339), (-0.795621, -0.7666013), (-0.8229285, -0.7811974), (-0.795621, -0.7666013), (-0.7889883, -0.7585193), (-0.8229285, -0.7811974), (-0.7889883, -0.7585193), (-0.7840598, -0.7492987), (-0.8229285, -0.7811974), (-0.7840598, -0.7492987), (-0.7810248, -0.7392937), (-0.8229285, -0.7811974), (-0.7810248, -0.7392937), (-0.78, -0.7288889), (-0.8229285, -0.7811974), (-0.78, -0.7288889), (-0.7810248, -0.7184841), (-0.8229285, -0.7811974), (-0.7810248, -0.7184841), (-0.7840598, -0.7084791), (-0.8229285, -0.7811974), (-0.7840598, -0.7084791), (-0.7889883, -0.6992585), (-0.8229285, -0.7811974), (-0.7889883, -0.6992585), (-0.795621, -0.6911765), (-0.8229285, -0.7811974), (-0.795621, -0.6911765), (-0.8037029, -0.6845438), (-0.8229285, -0.7811974), (-0.8037029, -0.6845438), (-0.8129236, -0.6796153), (-0.8229285, -0.7811974), (-0.8129236, -0.6796153), (-0.8229285, -0.6765803), (-0.8229285, -0.7811974), (-0.8229285, -0.6765803), (-0.8333333, -0.6755556), (-0.8229285, -0.7811974), (-0.8333333, -0.6755556), (-0.8437382, -0.6765803), (-0.8229285, -0.7811974), (-0.8437382, -0.6765803), (-0.8537431, -0.6796153), (-0.8229285, -0.7811974), (-0.8537431, -0.6796153), (-0.8629637, -0.6845438), (-0.8229285, -0.7811974), (-0.8629637, -0.6845438), (-0.8710457, -0.6911765), (-0.8229285, -0.7811974), (-0.8710457, -0.6911765), (-0.8776784, -0.6992585), (-0.8229285, -0.7811974), (-0.8776784, -0.6992585), (-0.8826069, -0.7084791), (-0.8229285, -0.7811974), (-0.8826069, -0.7084791), (-0.8856419, -0.7184841), (-0.8229285, -0.7811974), (-0.8856419, -0.7184841), (-0.8866667, -0.7288889), (-0.8229285, -0.7811974), (-0.8866667, -0.7288889), (-0.8856419, -0.7392937), (-0.8229285, -0.7811974), (-0.8856419, -0.7392937), (-0.8826069, -0.7492987), (-0.8229285, -0.7811974), (-0.8826069, -0.7492987), (-0.8776784, -0.7585193), (-0.8229285, -0.7811974), (-0.8776784, -0.7585193), (-0.8710457, -0.7666013), (-0.8229285, -0.7811974), (-0.8710457, -0.7666013), (-0.8629637, -0.7732339), (-0.8229285, -0.7811974), (-0.8629637, -0.7732339), (-0.8537431, -0.7781625), (-0.8229285, -0.7811974), (-0.8537431, -0.7781625), (-0.8437382, -0.7811974), (-0.8229285, -0.7811974), (-0.8437382, -0.7811974), (-0.8333333, -0.7822222), (-0.8333333, -0.7822222), (-0.8437382, -0.7811974), (-0.8537431, -0.7781625), (-0.8333333, -0.7822222), (-0.8537431, -0.7781625), (-0.8629637, -0.7732339), (-0.8333333, -0.7822222), (-0.8629637, -0.7732339), (-0.8710457, -0.7666013), (-0.8333333, -0.7822222), (-0.8710457, -0.7666013), (-0.8776784, -0.7585193), (-0.8333333, -0.7822222), (-0.8776784, -0.7585193), (-0.8826069, -0.7492987), (-0.8333333, -0.7822222), (-0.8826069, -0.7492987), (-0.8856419, -0.7392937), (-0.8333333, -0.7822222), (-0.8856419, -0.7392937), (-0.8866667, -0.7288889), (-0.8333333, -0.7822222), (-0.8866667, -0.7288889), (-0.8856419, -0.7184841), (-0.8333333, -0.7822222), (-0.8856419, -0.7184841), (-0.8826069, -0.7084791), (-0.8333333, -0.7822222), (-0.8826069, -0.7084791), (-0.8776784, -0.6992585), (-0.8333333, -0.7822222), (-0.8776784, -0.6992585), (-0.8710457, -0.6911765), (-0.8333333, -0.7822222), (-0.8710457, -0.6911765), (-0.8629637, -0.6845438), (-0.8333333, -0.7822222), (-0.8629637, -0.6845438), (-0.8537431, -0.6796153), (-0.8333333, -0.7822222), (-0.8537431, -0.6796153), (-0.8437382, -0.6765803), (-0.8333333, -0.7822222), (-0.8437382, -0.6765803), (-0.8333333, -0.6755556), (-0.8333333, -0.7822222), (-0.8333333, -0.6755556), (-0.8229285, -0.6765803), (-0.8333333, -0.7822222), (-0.8229285, -0.6765803), (-0.8129236, -0.6796153), (-0.8333333, -0.7822222), (-0.8129236, -0.6796153), (-0.8037029, -0.6845438), (-0.8333333, -0.7822222), (-0.8037029, -0.6845438), (-0.795621, -0.6911765), (-0.8333333, -0.7822222), (-0.795621, -0.6911765), (-0.7889883, -0.6992585), (-0.8333333, -0.7822222), (-0.7889883, -0.6992585), (-0.7840598, -0.7084791), (-0.8333333, -0.7822222), (-0.7840598, -0.7084791), (-0.7810248, -0.7184841), (-0.8333333, -0.7822222), (-0.7810248, -0.7184841), (-0.78, -0.7288889), (-0.8333333, -0.7822222), (-0.78, -0.7288889), (-0.7810248, -0.7392937), (-0.8333333, -0.7822222), (-0.7810248, -0.7392937), (-0.7840598, -0.7492987), (-0.8333333, -0.7822222), (-0.7840598, -0.7492987), (-0.7889883, -0.7585193), (-0.8333333, -0.7822222), (-0.7889883, -0.7585193), (-0.795621, -0.7666013), (-0.8333333, -0.7822222), (-0.795621, -0.7666013), (-0.8037029, -0.7732339), (-0.8333333, -0.7822222), (-0.8037029, -0.7732339), (-0.8129236, -0.7781625), (-0.8333333, -0.7822222), (-0.8129236, -0.7781625), (-0.8229285, -0.7811974), (-0.8333333, -0.01022222), (-0.8437382, -0.01022222), (-0.8437382, 0.06977778), (-0.8333333, -0.01022222), (-0.8437382, 0.06977778), (-0.8333333, 0.06977778), (-0.8437382, -0.01022222), (-0.8537431, -0.01022222), (-0.8537431, 0.06977778), (-0.8437382, -0.01022222), (-0.8537431, 0.06977778), (-0.8437382, 0.06977778), (-0.8537431, -0.01022222), (-0.8629637, -0.01022222), (-0.8629637, 0.06977778), (-0.8537431, -0.01022222), (-0.8629637, 0.06977778), (-0.8537431, 0.06977778), (-0.8629637, -0.01022222), (-0.8710457, -0.01022222), (-0.8710457, 0.06977778), (-0.8629637, -0.01022222), (-0.8710457, 0.06977778), (-0.8629637, 0.06977778), (-0.01022222, -0.7666013), (-0.01022222, -0.7585193), (0.06977778, -0.7585193), (-0.01022222, -0.7666013), (0.06977778, -0.7585193), (0.06977778, -0.7666013), (-0.01022222, -0.7585193), (-0.01022222, -0.7492987), (0.06977778, -0.7492987), (-0.01022222, -0.7585193), (0.06977778, -0.7492987), (0.06977778, -0.7585193), (-0.01022222, -0.7492987), (-0.01022222, -0.7392937), (0.06977778, -0.7392937), (-0.01022222, -0.7492987), (0.06977778, -0.7392937), (0.06977778, -0.7492987), (-0.01022222, -0.7392937), (-0.01022222, -0.7288889), (0.06977778, -0.7288889), (-0.01022222, -0.7392937), (0.06977778, -0.7288889), (0.06977778, -0.7392937), (-0.01022222, -0.7288889), (-0.01022222, -0.7184841), (0.06977778, -0.7184841), (-0.01022222, -0.7288889), (0.06977778, -0.7184841), (0.06977778, -0.7288889), (-0.01022222, -0.7184841), (-0.01022222, -0.7084791), (0.06977778, -0.7084791), (-0.01022222, -0.7184841), (0.06977778, -0.7084791), (0.06977778, -0.7184841), (-0.01022222, -0.7084791), (-0.01022222, -0.6992585), (0.06977778, -0.6992585), (-0.01022222, -0.7084791), (0.06977778, -0.6992585), (0.06977778, -0.7084791), (-0.01022222, -0.6992585), (-0.01022222, -0.6911765), (0.06977778, -0.6911765), (-0.01022222, -0.6992585), (0.06977778, -0.6911765), (0.06977778, -0.6992585), (-0.8710457, -0.01022222), (-0.8629637, -0.01022222), (-0.8629637, 0.06977778), (-0.8710457, -0.01022222), (-0.8629637, 0.06977778), (-0.8710457, 0.06977778), (-0.8629637, -0.01022222), (-0.8537431, -0.01022222), (-0.8537431, 0.06977778), (-0.8629637, -0.01022222), (-0.8537431, 0.06977778), (-0.8629637, 0.06977778), (-0.8537431, -0.01022222), (-0.8437382, -0.01022222), (-0.8437382, 0.06977778), (-0.8537431, -0.01022222), (-0.8437382, 0.06977778), (-0.8537431, 0.06977778), (-0.8437382, -0.01022222), (-0.8333333, -0.01022222), (-0.8333333, 0.06977778), (-0.8437382, -0.01022222), (-0.8333333, 0.06977778), (-0.8437382, 0.06977778), (-0.8333333, -0.01022222), (-0.8229285, -0.01022222), (-0.8229285, 0.06977778), (-0.8333333, -0.01022222), (-0.8229285, 0.06977778), (-0.8333333, 0.06977778), (-0.8229285, -0.01022222), (-0.8129236, -0.01022222), (-0.8129236, 0.06977778), (-0.8229285, -0.01022222), (-0.8129236, 0.06977778), (-0.8229285, 0.06977778), (-0.8129236, -0.01022222), (-0.8037029, -0.01022222), (-0.8037029, 0.06977778), (-0.8129236, -0.01022222), (-0.8037029, 0.06977778), (-0.8129236, 0.06977778), (-0.8037029, -0.01022222), (-0.795621, -0.01022222), (-0.795621, 0.06977778), (-0.8037029, -0.01022222), (-0.795621, 0.06977778), (-0.8037029, 0.06977778), (-0.01022222, -0.6911765), (-0.01022222, -0.6992585), (0.06977778, -0.6992585), (-0.01022222, -0.6911765), (0.06977778, -0.6992585), (0.06977778, -0.6911765), (-0.01022222, -0.6992585), (-0.01022222, -0.7084791), (0.06977778, -0.7084791), (-0.01022222, -0.6992585), (0.06977778, -0.7084791), (0.06977778, -0.6992585), (-0.01022222, -0.7084791), (-0.01022222, -0.7184841), (0.06977778, -0.7184841), (-0.01022222, -0.7084791), (0.06977778, -0.7184841), (0.06977778, -0.7084791), (-0.01022222, -0.7184841), (-0.01022222, -0.7288889), (0.06977778, -0.7288889), (-0.01022222, -0.7184841), (0.06977778, -0.7288889), (0.06977778, -0.7184841), (-0.01022222, -0.7288889), (-0.01022222, -0.7392937), (0.06977778, -0.7392937), (-0.01022222, -0.7288889), (0.06977778, -0.7392937), (0.06977778, -0.7288889), (-0.01022222, -0.7392937), (-0.01022222, -0.7492987), (0.06977778, -0.7492987), (-0.01022222, -0.7392937), (0.06977778, -0.7492987), (0.06977778, -0.7392937), (-0.01022222, -0.7492987), (-0.01022222, -0.7585193), (0.06977778, -0.7585193), (-0.01022222, -0.7492987), (0.06977778, -0.7585193), (0.06977778, -0.7492987), (-0.01022222, -0.7585193), (-0.01022222, -0.7666013), (0.06977778, -0.7666013), (-0.01022222, -0.7585193), (0.06977778, -0.7666013), (0.06977778, -0.7585193), (-0.795621, -0.01022222), (-0.8037029, -0.01022222), (-0.8037029, 0.06977778), (-0.795621, -0.01022222), (-0.8037029, 0.06977778), (-0.795621, 0.06977778), (-0.8037029, -0.01022222), (-0.8129236, -0.01022222), (-0.8129236, 0.06977778), (-0.8037029, -0.01022222), (-0.8129236, 0.06977778), (-0.8037029, 0.06977778), (-0.8129236, -0.01022222), (-0.8229285, -0.01022222), (-0.8229285, 0.06977778), (-0.8129236, -0.01022222), (-0.8229285, 0.06977778), (-0.8129236, 0.06977778), (-0.8229285, -0.01022222), (-0.8333333, -0.01022222), (-0.8333333, 0.06977778), (-0.8229285, -0.01022222), (-0.8333333, 0.06977778), (-0.8229285, 0.06977778)] (interpolation = "faceVarying")
        }
        def Mesh "UFLPin_01" (prepend apiSchemas = ["MaterialBindingAPI"])
        {
            uniform token subdivisionScheme = "none"
            uniform token orientation = "rightHanded"
            bool doubleSided = false
            point3f[] points = [(-0.0075, -0.000107, -0.00672), (-0.007561229, -0.000107, -0.006707821), (-0.007613137, -0.000107, -0.006673137), (-0.007647821, -0.000107, -0.006621229), (-0.00766, -0.000107, -0.00656), (-0.007647821, -0.000107, -0.006498771), (-0.007613137, -0.000107, -0.006446863), (-0.007561229, -0.000107, -0.006412179), (-0.0075, -0.000107, -0.0064), (-0.007438771, -0.000107, -0.006412179), (-0.007386863, -0.000107, -0.006446863), (-0.007352179, -0.000107, -0.006498771), (-0.00734, -0.000107, -0.00656), (-0.007352179, -0.000107, -0.006621229), (-0.007386863, -0.000107, -0.006673137), (-0.007438771, -0.000107, -0.006707821), (-0.0075, 0.000643, -0.00672), (-0.007561229, 0.000643, -0.006707821), (-0.007613137, 0.000643, -0.006673137), (-0.007647821, 0.000643, -0.006621229), (-0.00766, 0.000643, -0.00656), (-0.007647821, 0.000643, -0.006498771), (-0.007613137, 0.000643, -0.006446863), (-0.007561229, 0.000643, -0.006412179), (-0.0075, 0.000643, -0.0064), (-0.007438771, 0.000643, -0.006412179), (-0.007386863, 0.000643, -0.006446863), (-0.007352179, 0.000643, -0.006498771), (-0.00734, 0.000643, -0.00656), (-0.007352179, 0.000643, -0.006621229), (-0.007386863, 0.000643, -0.006673137), (-0.007438771, 0.000643, -0.006707821), (-0.0075, -0.000107, -0.00672), (-0.007561229, -0.000107, -0.006707821), (-0.007613137, -0.000107, -0.006673137), (-0.007647821, -0.000107, -0.006621229), (-0.00766, -0.000107, -0.00656), (-0.007647821, -0.000107, -0.006498771), (-0.007613137, -0.000107, -0.006446863), (-0.007561229, -0.000107, -0.006412179), (-0.0075, -0.000107, -0.0064), (-0.007438771, -0.000107, -0.006412179), (-0.007386863, -0.000107, -0.006446863), (-0.007352179, -0.000107, -0.006498771), (-0.00734, -0.000107, -0.00656), (-0.007352179, -0.000107, -0.006621229), (-0.007386863, -0.000107, -0.006673137), (-0.007438771, -0.000107, -0.006707821), (-0.0075, 0.000643, -0.00672), (-0.007561229, 0.000643, -0.006707821), (-0.007613137, 0.000643, -0.006673137), (-0.007647821, 0.000643, -0.006621229), (-0.00766, 0.000643, -0.00656), (-0.007647821, 0.000643, -0.006498771), (-0.007613137, 0.000643, -0.006446863), (-0.007561229, 0.000643, -0.006412179), (-0.0075, 0.000643, -0.0064), (-0.007438771, 0.000643, -0.006412179), (-0.007386863, 0.000643, -0.006446863), (-0.007352179, 0.000643, -0.006498771), (-0.00734, 0.000643, -0.00656), (-0.007352179, 0.000643, -0.006621229), (-0.007386863, 0.000643, -0.006673137), (-0.007438771, 0.000643, -0.006707821)]
            int[] faceVertexCounts = [3, 3, 3, 3, 3, 3, 3, 3, 3, 3, 3, 3, 3, 3, 3, 3, 3, 3, 3, 3, 3, 3, 3, 3, 3, 3, 3, 3, 3, 3, 3, 3, 3, 3, 3, 3, 3, 3, 3, 3, 3, 3, 3, 3, 3, 3, 3, 3, 3, 3, 3, 3, 3, 3, 3, 3, 3, 3, 3, 3]
            int[] faceVertexIndices = [47, 46, 45, 47, 45, 44, 47, 44, 43, 47, 43, 42, 47, 42, 41, 47, 41, 40, 47, 40, 39, 47, 39, 38, 47, 38, 37, 47, 37, 36, 47, 36, 35, 47, 35, 34, 47, 34, 33, 47, 33, 32, 48, 49, 50, 48, 50, 51, 48, 51, 52, 48, 52, 53, 48, 53, 54, 48, 54, 55, 48, 55, 56, 48, 56, 57, 48, 57, 58, 48, 58, 59, 48, 59, 60, 48, 60, 61, 48, 61, 62, 48, 62, 63, 0, 1, 17, 0, 17, 16, 1, 2, 18, 1, 18, 17, 2, 3, 19, 2, 19, 18, 3, 4, 20, 3, 20, 19, 4, 5, 21, 4, 21, 20, 5, 6, 22, 5, 22, 21, 6, 7, 23, 6, 23, 22, 7, 8, 24, 7, 24, 23, 8, 9, 25, 8, 25, 24, 9, 10, 26, 9, 26, 25, 10, 11, 27, 10, 27, 26, 11, 12, 28, 11, 28, 27, 12, 13, 29, 12, 29, 28, 13, 14, 30, 13, 30, 29, 14, 15, 31, 14, 31, 30, 15, 0, 16, 15, 16, 31]
            normal3f[] normals = [(-0.06615886, 0, -0.9978091), (-0.4429678, 0, -0.8965375), (-0.752339, 0, -0.6587762), (-0.9471733, 0, -0.3207222), (-0.9978091, 0, 0.06615886), (-0.8965375, 0, 0.4429678), (-0.6587762, 0, 0.752339), (-0.3207222, 0, 0.9471733), (0.06615886, 0, 0.9978091), (0.4429678, 0, 0.8965375), (0.752339, 0, 0.6587762), (0.9471733, 0, 0.3207222), (0.9978091, 0, -0.06615886), (0.8965375, 0, -0.4429678), (0.6587762, 0, -0.752339), (0.3207222, 0, -0.9471733), (0.06615886, 0, -0.9978091), (-0.3207222, 0, -0.9471733), (-0.6587762, 0, -0.752339), (-0.8965375, 0, -0.4429678), (-0.9978091, 0, -0.06615886), (-0.9471733, 0, 0.3207222), (-0.752339, 0, 0.6587762), (-0.4429678, 0, 0.8965375), (-0.06615886, 0, 0.9978091), (0.3207222, 0, 0.9471733), (0.6587762, 0, 0.752339), (0.8965375, 0, 0.4429678), (0.9978091, 0, 0.06615886), (0.9471733, 0, -0.3207222), (0.752339, 0, -0.6587762), (0.4429678, 0, -0.8965375), (0, -1, 0), (0, -1, 0), (0, -1, 0), (0, -1, 0), (0, -1, 0), (0, -1, 0), (0, -1, 0), (0, -1, 0), (0, -1, 0), (0, -1, 0), (0, -1, 0), (0, -1, 0), (0, -1, 0), (0, -1, 0), (0, -1, 0), (0, -1, 0), (0, 1, 0), (0, 1, 0), (0, 1, 0), (0, 1, 0), (0, 1, 0), (0, 1, 0), (0, 1, 0), (0, 1, 0), (0, 1, 0), (0, 1, 0), (0, 1, 0), (0, 1, 0), (0, 1, 0), (0, 1, 0), (0, 1, 0), (0, 1, 0)] (interpolation = "vertex")
            float3[] extent = [(-0.00766, -0.000107, -0.00672), (-0.00734, 0.000643, -0.0064)]
            rel material:binding = </WorkbenchPart/Materials/gold>
        }
        def Mesh "UFLShield_02" (prepend apiSchemas = ["MaterialBindingAPI"])
        {
            uniform token subdivisionScheme = "none"
            uniform token orientation = "rightHanded"
            bool doubleSided = false
            point3f[] points = [(0.00802, -9e-05, -0.00656), (0.008013598, -9e-05, -0.006478654), (0.007994549, -9e-05, -0.006399311), (0.007963323, -9e-05, -0.006323925), (0.007920689, -9e-05, -0.006254352), (0.007867696, -9e-05, -0.006192304), (0.007805648, -9e-05, -0.006139311), (0.007736075, -9e-05, -0.006096677), (0.007660689, -9e-05, -0.006065451), (0.007581346, -9e-05, -0.006046402), (0.0075, -9e-05, -0.00604), (0.007418654, -9e-05, -0.006046402), (0.007339311, -9e-05, -0.006065451), (0.007263925, -9e-05, -0.006096677), (0.007194352, -9e-05, -0.006139311), (0.007132304, -9e-05, -0.006192304), (0.007079311, -9e-05, -0.006254352), (0.007036677, -9e-05, -0.006323925), (0.007005451, -9e-05, -0.006399311), (0.006986402, -9e-05, -0.006478654), (0.00698, -9e-05, -0.00656), (0.006986402, -9e-05, -0.006641346), (0.007005451, -9e-05, -0.006720689), (0.007036677, -9e-05, -0.006796075), (0.007079311, -9e-05, -0.006865648), (0.007132304, -9e-05, -0.006927696), (0.007194352, -9e-05, -0.006980689), (0.007263925, -9e-05, -0.007023323), (0.007339311, -9e-05, -0.007054549), (0.007418654, -9e-05, -0.007073598), (0.0075, -9e-05, -0.00708), (0.007581346, -9e-05, -0.007073598), (0.007660689, -9e-05, -0.007054549), (0.007736075, -9e-05, -0.007023323), (0.007805648, -9e-05, -0.006980689), (0.007867696, -9e-05, -0.006927696), (0.007920689, -9e-05, -0.006865648), (0.007963323, -9e-05, -0.006796075), (0.007994549, -9e-05, -0.006720689), (0.008013598, -9e-05, -0.006641346), (0.00848, -9e-05, -0.00656), (0.008467935, -9e-05, -0.006406694), (0.008432035, -9e-05, -0.006257163), (0.008373186, -9e-05, -0.006115089), (0.008292837, -9e-05, -0.00598397), (0.008192965, -9e-05, -0.005867035), (0.00807603, -9e-05, -0.005767163), (0.007944911, -9e-05, -0.005686814), (0.007802837, -9e-05, -0.005627965), (0.007653306, -9e-05, -0.005592065), (0.0075, -9e-05, -0.00558), (0.007346694, -9e-05, -0.005592065), (0.007197163, -9e-05, -0.005627965), (0.007055089, -9e-05, -0.005686814), (0.00692397, -9e-05, -0.005767163), (0.006807035, -9e-05, -0.005867035), (0.006707163, -9e-05, -0.00598397), (0.006626814, -9e-05, -0.006115089), (0.006567965, -9e-05, -0.006257163), (0.006532065, -9e-05, -0.006406694), (0.00652, -9e-05, -0.00656), (0.006532065, -9e-05, -0.006713306), (0.006567965, -9e-05, -0.006862837), (0.006626814, -9e-05, -0.007004911), (0.006707163, -9e-05, -0.00713603), (0.006807035, -9e-05, -0.007252965), (0.00692397, -9e-05, -0.007352837), (0.007055089, -9e-05, -0.007433186), (0.007197163, -9e-05, -0.007492035), (0.007346694, -9e-05, -0.007527935), (0.0075, -9e-05, -0.00754), (0.007653306, -9e-05, -0.007527935), (0.007802837, -9e-05, -0.007492035), (0.007944911, -9e-05, -0.007433186), (0.00807603, -9e-05, -0.007352837), (0.008192965, -9e-05, -0.007252965), (0.008292837, -9e-05, -0.00713603), (0.008373186, -9e-05, -0.007004911), (0.008432035, -9e-05, -0.006862837), (0.008467935, -9e-05, -0.006713306), (0.00848, 0.00061, -0.00656), (0.008467935, 0.00061, -0.006406694), (0.008432035, 0.00061, -0.006257163), (0.008373186, 0.00061, -0.006115089), (0.008292837, 0.00061, -0.00598397), (0.008192965, 0.00061, -0.005867035), (0.00807603, 0.00061, -0.005767163), (0.007944911, 0.00061, -0.005686814), (0.007802837, 0.00061, -0.005627965), (0.007653306, 0.00061, -0.005592065), (0.0075, 0.00061, -0.00558), (0.007346694, 0.00061, -0.005592065), (0.007197163, 0.00061, -0.005627965), (0.007055089, 0.00061, -0.005686814), (0.00692397, 0.00061, -0.005767163), (0.006807035, 0.00061, -0.005867035), (0.006707163, 0.00061, -0.00598397), (0.006626814, 0.00061, -0.006115089), (0.006567965, 0.00061, -0.006257163), (0.006532065, 0.00061, -0.006406694), (0.00652, 0.00061, -0.00656), (0.006532065, 0.00061, -0.006713306), (0.006567965, 0.00061, -0.006862837), (0.006626814, 0.00061, -0.007004911), (0.006707163, 0.00061, -0.00713603), (0.006807035, 0.00061, -0.007252965), (0.00692397, 0.00061, -0.007352837), (0.007055089, 0.00061, -0.007433186), (0.007197163, 0.00061, -0.007492035), (0.007346694, 0.00061, -0.007527935), (0.0075, 0.00061, -0.00754), (0.007653306, 0.00061, -0.007527935), (0.007802837, 0.00061, -0.007492035), (0.007944911, 0.00061, -0.007433186), (0.00807603, 0.00061, -0.007352837), (0.008192965, 0.00061, -0.007252965), (0.008292837, 0.00061, -0.00713603), (0.008373186, 0.00061, -0.007004911), (0.008432035, 0.00061, -0.006862837), (0.008467935, 0.00061, -0.006713306), (0.00802, 0.00061, -0.00656), (0.008013598, 0.00061, -0.006478654), (0.007994549, 0.00061, -0.006399311), (0.007963323, 0.00061, -0.006323925), (0.007920689, 0.00061, -0.006254352), (0.007867696, 0.00061, -0.006192304), (0.007805648, 0.00061, -0.006139311), (0.007736075, 0.00061, -0.006096677), (0.007660689, 0.00061, -0.006065451), (0.007581346, 0.00061, -0.006046402), (0.0075, 0.00061, -0.00604), (0.007418654, 0.00061, -0.006046402), (0.007339311, 0.00061, -0.006065451), (0.007263925, 0.00061, -0.006096677), (0.007194352, 0.00061, -0.006139311), (0.007132304, 0.00061, -0.006192304), (0.007079311, 0.00061, -0.006254352), (0.007036677, 0.00061, -0.006323925), (0.007005451, 0.00061, -0.006399311), (0.006986402, 0.00061, -0.006478654), (0.00698, 0.00061, -0.00656), (0.006986402, 0.00061, -0.006641346), (0.007005451, 0.00061, -0.006720689), (0.007036677, 0.00061, -0.006796075), (0.007079311, 0.00061, -0.006865648), (0.007132304, 0.00061, -0.006927696), (0.007194352, 0.00061, -0.006980689), (0.007263925, 0.00061, -0.007023323), (0.007339311, 0.00061, -0.007054549), (0.007418654, 0.00061, -0.007073598), (0.0075, 0.00061, -0.00708), (0.007581346, 0.00061, -0.007073598), (0.007660689, 0.00061, -0.007054549), (0.007736075, 0.00061, -0.007023323), (0.007805648, 0.00061, -0.006980689), (0.007867696, 0.00061, -0.006927696), (0.007920689, 0.00061, -0.006865648), (0.007963323, 0.00061, -0.006796075), (0.007994549, 0.00061, -0.006720689), (0.008013598, 0.00061, -0.006641346)]
            int[] faceVertexCounts = [3, 3, 3, 3, 3, 3, 3, 3, 3, 3, 3, 3, 3, 3, 3, 3, 3, 3, 3, 3, 3, 3, 3, 3, 3, 3, 3, 3, 3, 3, 3, 3, 3, 3, 3, 3, 3, 3, 3, 3, 3, 3, 3, 3, 3, 3, 3, 3, 3, 3, 3, 3, 3, 3, 3, 3, 3, 3, 3, 3, 3, 3, 3, 3, 3, 3, 3, 3, 3, 3, 3, 3, 3, 3, 3, 3, 3, 3, 3, 3, 3, 3, 3, 3, 3, 3, 3, 3, 3, 3, 3, 3, 3, 3, 3, 3, 3, 3, 3, 3, 3, 3, 3, 3, 3, 3, 3, 3, 3, 3, 3, 3, 3, 3, 3, 3, 3, 3, 3, 3, 3, 3, 3, 3, 3, 3, 3, 3, 3, 3, 3, 3, 3, 3, 3, 3, 3, 3, 3, 3, 3, 3, 3, 3, 3, 3, 3, 3, 3, 3, 3, 3, 3, 3, 3, 3, 3, 3, 3, 3, 3, 3, 3, 3, 3, 3, 3, 3, 3, 3, 3, 3, 3, 3, 3, 3, 3, 3, 3, 3, 3, 3, 3, 3, 3, 3, 3, 3, 3, 3, 3, 3, 3, 3, 3, 3, 3, 3, 3, 3, 3, 3, 3, 3, 3, 3, 3, 3, 3, 3, 3, 3, 3, 3, 3, 3, 3, 3, 3, 3, 3, 3, 3, 3, 3, 3, 3, 3, 3, 3, 3, 3, 3, 3, 3, 3, 3, 3, 3, 3, 3, 3, 3, 3, 3, 3, 3, 3, 3, 3, 3, 3, 3, 3, 3, 3, 3, 3, 3, 3, 3, 3, 3, 3, 3, 3, 3, 3, 3, 3, 3, 3, 3, 3, 3, 3, 3, 3, 3, 3, 3, 3, 3, 3, 3, 3, 3, 3, 3, 3, 3, 3, 3, 3, 3, 3, 3, 3, 3, 3, 3, 3, 3, 3, 3, 3, 3, 3, 3, 3, 3, 3, 3, 3, 3, 3, 3, 3, 3, 3]
            int[] faceVertexIndices = [0, 41, 1, 0, 40, 41, 1, 42, 2, 1, 41, 42, 2, 43, 3, 2, 42, 43, 3, 44, 4, 3, 43, 44, 4, 45, 5, 4, 44, 45, 5, 46, 6, 5, 45, 46, 6, 47, 7, 6, 46, 47, 7, 48, 8, 7, 47, 48, 8, 49, 9, 8, 48, 49, 9, 50, 10, 9, 49, 50, 10, 51, 11, 10, 50, 51, 11, 52, 12, 11, 51, 52, 12, 53, 13, 12, 52, 53, 13, 54, 14, 13, 53, 54, 14, 55, 15, 14, 54, 55, 15, 56, 16, 15, 55, 56, 16, 57, 17, 16, 56, 57, 17, 58, 18, 17, 57, 58, 18, 59, 19, 18, 58, 59, 19, 60, 20, 19, 59, 60, 20, 61, 21, 20, 60, 61, 21, 62, 22, 21, 61, 62, 22, 63, 23, 22, 62, 63, 23, 64, 24, 23, 63, 64, 24, 65, 25, 24, 64, 65, 25, 66, 26, 25, 65, 66, 26, 67, 27, 26, 66, 67, 27, 68, 28, 27, 67, 68, 28, 69, 29, 28, 68, 69, 29, 70, 30, 29, 69, 70, 30, 71, 31, 30, 70, 71, 31, 72, 32, 31, 71, 72, 32, 73, 33, 32, 72, 73, 33, 74, 34, 33, 73, 74, 34, 75, 35, 34, 74, 75, 35, 76, 36, 35, 75, 76, 36, 77, 37, 36, 76, 77, 37, 78, 38, 37, 77, 78, 38, 79, 39, 38, 78, 79, 39, 40, 0, 39, 79, 40, 40, 81, 41, 40, 80, 81, 41, 82, 42, 41, 81, 82, 42, 83, 43, 42, 82, 83, 43, 84, 44, 43, 83, 84, 44, 85, 45, 44, 84, 85, 45, 86, 46, 45, 85, 86, 46, 87, 47, 46, 86, 87, 47, 88, 48, 47, 87, 88, 48, 89, 49, 48, 88, 89, 49, 90, 50, 49, 89, 90, 50, 91, 51, 50, 90, 91, 51, 92, 52, 51, 91, 92, 52, 93, 53, 52, 92, 93, 53, 94, 54, 53, 93, 94, 54, 95, 55, 54, 94, 95, 55, 96, 56, 55, 95, 96, 56, 97, 57, 56, 96, 97, 57, 98, 58, 57, 97, 98, 58, 99, 59, 58, 98, 99, 59, 100, 60, 59, 99, 100, 60, 101, 61, 60, 100, 101, 61, 102, 62, 61, 101, 102, 62, 103, 63, 62, 102, 103, 63, 104, 64, 63, 103, 104, 64, 105, 65, 64, 104, 105, 65, 106, 66, 65, 105, 106, 66, 107, 67, 66, 106, 107, 67, 108, 68, 67, 107, 108, 68, 109, 69, 68, 108, 109, 69, 110, 70, 69, 109, 110, 70, 111, 71, 70, 110, 111, 71, 112, 72, 71, 111, 112, 72, 113, 73, 72, 112, 113, 73, 114, 74, 73, 113, 114, 74, 115, 75, 74, 114, 115, 75, 116, 76, 75, 115, 116, 76, 117, 77, 76, 116, 117, 77, 118, 78, 77, 117, 118, 78, 119, 79, 78, 118, 119, 79, 80, 40, 79, 119, 80, 80, 121, 81, 80, 120, 121, 81, 122, 82, 81, 121, 122, 82, 123, 83, 82, 122, 123, 83, 124, 84, 83, 123, 124, 84, 125, 85, 84, 124, 125, 85, 126, 86, 85, 125, 126, 86, 127, 87, 86, 126, 127, 87, 128, 88, 87, 127, 128, 88, 129, 89, 88, 128, 129, 89, 130, 90, 89, 129, 130, 90, 131, 91, 90, 130, 131, 91, 132, 92, 91, 131, 132, 92, 133, 93, 92, 132, 133, 93, 134, 94, 93, 133, 134, 94, 135, 95, 94, 134, 135, 95, 136, 96, 95, 135, 136, 96, 137, 97, 96, 136, 137, 97, 138, 98, 97, 137, 138, 98, 139, 99, 98, 138, 139, 99, 140, 100, 99, 139, 140, 100, 141, 101, 100, 140, 141, 101, 142, 102, 101, 141, 142, 102, 143, 103, 102, 142, 143, 103, 144, 104, 103, 143, 144, 104, 145, 105, 104, 144, 145, 105, 146, 106, 105, 145, 146, 106, 147, 107, 106, 146, 147, 107, 148, 108, 107, 147, 148, 108, 149, 109, 108, 148, 149, 109, 150, 110, 109, 149, 150, 110, 151, 111, 110, 150, 151, 111, 152, 112, 111, 151, 152, 112, 153, 113, 112, 152, 153, 113, 154, 114, 113, 153, 154, 114, 155, 115, 114, 154, 155, 115, 156, 116, 115, 155, 156, 116, 157, 117, 116, 156, 157, 117, 158, 118, 117, 157, 158, 118, 159, 119, 118, 158, 159, 119, 120, 80, 119, 159, 120, 120, 1, 121, 120, 0, 1, 121, 2, 122, 121, 1, 2, 122, 3, 123, 122, 2, 3, 123, 4, 124, 123, 3, 4, 124, 5, 125, 124, 4, 5, 125, 6, 126, 125, 5, 6, 126, 7, 127, 126, 6, 7, 127, 8, 128, 127, 7, 8, 128, 9, 129, 128, 8, 9, 129, 10, 130, 129, 9, 10, 130, 11, 131, 130, 10, 11, 131, 12, 132, 131, 11, 12, 132, 13, 133, 132, 12, 13, 133, 14, 134, 133, 13, 14, 134, 15, 135, 134, 14, 15, 135, 16, 136, 135, 15, 16, 136, 17, 137, 136, 16, 17, 137, 18, 138, 137, 17, 18, 138, 19, 139, 138, 18, 19, 139, 20, 140, 139, 19, 20, 140, 21, 141, 140, 20, 21, 141, 22, 142, 141, 21, 22, 142, 23, 143, 142, 22, 23, 143, 24, 144, 143, 23, 24, 144, 25, 145, 144, 24, 25, 145, 26, 146, 145, 25, 26, 146, 27, 147, 146, 26, 27, 147, 28, 148, 147, 27, 28, 148, 29, 149, 148, 28, 29, 149, 30, 150, 149, 29, 30, 150, 31, 151, 150, 30, 31, 151, 32, 152, 151, 31, 32, 152, 33, 153, 152, 32, 33, 153, 34, 154, 153, 33, 34, 154, 35, 155, 154, 34, 35, 155, 36, 156, 155, 35, 36, 156, 37, 157, 156, 36, 37, 157, 38, 158, 157, 37, 38, 158, 39, 159, 158, 38, 39, 159, 0, 120, 159, 39, 0]
            normal3f[] normals = [(-0.7614431, -0.6479239, 0.01997562), (-0.7551933, -0.6479239, -0.09938625), (-0.7303482, -0.6479239, -0.2163009), (-0.6875195, -0.6479239, -0.3278895), (-0.6277618, -0.6479239, -0.4314044), (-0.5525465, -0.6479239, -0.5242967), (-0.4637256, -0.6479239, -0.604279), (-0.3634863, -0.6479239, -0.669382), (-0.2542968, -0.6479239, -0.7180026), (-0.1388456, -0.6479239, -0.7489436), (-0.01997562, -0.6479239, -0.7614431), (0.09938625, -0.6479239, -0.7551933), (0.2163009, -0.6479239, -0.7303482), (0.3278895, -0.6479239, -0.6875195), (0.4314044, -0.6479239, -0.6277618), (0.5242967, -0.6479239, -0.5525465), (0.604279, -0.6479239, -0.4637256), (0.669382, -0.6479239, -0.3634863), (0.7180026, -0.6479239, -0.2542968), (0.7489436, -0.6479239, -0.1388456), (0.7614431, -0.6479239, -0.01997562), (0.7551933, -0.6479239, 0.09938625), (0.7303482, -0.6479239, 0.2163009), (0.6875195, -0.6479239, 0.3278895), (0.6277618, -0.6479239, 0.4314044), (0.5525465, -0.6479239, 0.5242967), (0.4637256, -0.6479239, 0.604279), (0.3634863, -0.6479239, 0.669382), (0.2542968, -0.6479239, 0.7180026), (0.1388456, -0.6479239, 0.7489436), (0.01997562, -0.6479239, 0.7614431), (-0.09938625, -0.6479239, 0.7551933), (-0.2163009, -0.6479239, 0.7303482), (-0.3278895, -0.6479239, 0.6875195), (-0.4314044, -0.6479239, 0.6277618), (-0.5242967, -0.6479239, 0.5525465), (-0.604279, -0.6479239, 0.4637256), (-0.669382, -0.6479239, 0.3634863), (-0.7180026, -0.6479239, 0.2542968), (-0.7489436, -0.6479239, 0.1388456), (0.8743838, -0.4846924, 0.0229385), (0.8600303, -0.4846924, 0.1594399), (0.8245, -0.4846924, 0.2920153), (0.7686678, -0.4846924, 0.4174003), (0.6939085, -0.4846924, 0.5325075), (0.6020628, -0.4846924, 0.6345027), (0.4953923, -0.4846924, 0.7208743), (0.3765236, -0.4846924, 0.7894955), (0.2483836, -0.4846924, 0.8386768), (0.1141277, -0.4846924, 0.8672071), (-0.0229385, -0.4846924, 0.8743838), (-0.1594399, -0.4846924, 0.8600303), (-0.2920153, -0.4846924, 0.8245), (-0.4174003, -0.4846924, 0.7686678), (-0.5325075, -0.4846924, 0.6939085), (-0.6345027, -0.4846924, 0.6020628), (-0.7208743, -0.4846924, 0.4953923), (-0.7894955, -0.4846924, 0.3765236), (-0.8386768, -0.4846924, 0.2483836), (-0.8672071, -0.4846924, 0.1141277), (-0.8743838, -0.4846924, -0.0229385), (-0.8600303, -0.4846924, -0.1594399), (-0.8245, -0.4846924, -0.2920153), (-0.7686678, -0.4846924, -0.4174003), (-0.6939085, -0.4846924, -0.5325075), (-0.6020628, -0.4846924, -0.6345027), (-0.4953923, -0.4846924, -0.7208743), (-0.3765236, -0.4846924, -0.7894955), (-0.2483836, -0.4846924, -0.8386768), (-0.1141277, -0.4846924, -0.8672071), (0.0229385, -0.4846924, -0.8743838), (0.1594399, -0.4846924, -0.8600303), (0.2920153, -0.4846924, -0.8245), (0.4174003, -0.4846924, -0.7686678), (0.5325075, -0.4846924, -0.6939085), (0.6345027, -0.4846924, -0.6020628), (0.7208743, -0.4846924, -0.4953923), (0.7894955, -0.4846924, -0.3765236), (0.8386768, -0.4846924, -0.2483836), (0.8672071, -0.4846924, -0.1141277), (0.8743838, 0.4846924, -0.0229385), (0.8672071, 0.4846924, 0.1141277), (0.8386768, 0.4846924, 0.2483836), (0.7894955, 0.4846924, 0.3765236), (0.7208743, 0.4846924, 0.4953923), (0.6345027, 0.4846924, 0.6020628), (0.5325075, 0.4846924, 0.6939085), (0.4174003, 0.4846924, 0.7686678), (0.2920153, 0.4846924, 0.8245), (0.1594399, 0.4846924, 0.8600303), (0.0229385, 0.4846924, 0.8743838), (-0.1141277, 0.4846924, 0.8672071), (-0.2483836, 0.4846924, 0.8386768), (-0.3765236, 0.4846924, 0.7894955), (-0.4953923, 0.4846924, 0.7208743), (-0.6020628, 0.4846924, 0.6345027), (-0.6939085, 0.4846924, 0.5325075), (-0.7686678, 0.4846924, 0.4174003), (-0.8245, 0.4846924, 0.2920153), (-0.8600303, 0.4846924, 0.1594399), (-0.8743838, 0.4846924, 0.0229385), (-0.8672071, 0.4846924, -0.1141277), (-0.8386768, 0.4846924, -0.2483836), (-0.7894955, 0.4846924, -0.3765236), (-0.7208743, 0.4846924, -0.4953923), (-0.6345027, 0.4846924, -0.6020628), (-0.5325075, 0.4846924, -0.6939085), (-0.4174003, 0.4846924, -0.7686678), (-0.2920153, 0.4846924, -0.8245), (-0.1594399, 0.4846924, -0.8600303), (-0.0229385, 0.4846924, -0.8743838), (0.1141277, 0.4846924, -0.8672071), (0.2483836, 0.4846924, -0.8386768), (0.3765236, 0.4846924, -0.7894955), (0.4953923, 0.4846924, -0.7208743), (0.6020628, 0.4846924, -0.6345027), (0.6939085, 0.4846924, -0.5325075), (0.7686678, 0.4846924, -0.4174003), (0.8245, 0.4846924, -0.2920153), (0.8600303, 0.4846924, -0.1594399), (-0.7614431, 0.6479239, -0.01997562), (-0.7489436, 0.6479239, -0.1388456), (-0.7180026, 0.6479239, -0.2542968), (-0.669382, 0.6479239, -0.3634863), (-0.604279, 0.6479239, -0.4637256), (-0.5242967, 0.6479239, -0.5525465), (-0.4314044, 0.6479239, -0.6277618), (-0.3278895, 0.6479239, -0.6875195), (-0.2163009, 0.6479239, -0.7303482), (-0.09938625, 0.6479239, -0.7551933), (0.01997562, 0.6479239, -0.7614431), (0.1388456, 0.6479239, -0.7489436), (0.2542968, 0.6479239, -0.7180026), (0.3634863, 0.6479239, -0.669382), (0.4637256, 0.6479239, -0.604279), (0.5525465, 0.6479239, -0.5242967), (0.6277618, 0.6479239, -0.4314044), (0.6875195, 0.6479239, -0.3278895), (0.7303482, 0.6479239, -0.2163009), (0.7551933, 0.6479239, -0.09938625), (0.7614431, 0.6479239, 0.01997562), (0.7489436, 0.6479239, 0.1388456), (0.7180026, 0.6479239, 0.2542968), (0.669382, 0.6479239, 0.3634863), (0.604279, 0.6479239, 0.4637256), (0.5242967, 0.6479239, 0.5525465), (0.4314044, 0.6479239, 0.6277618), (0.3278895, 0.6479239, 0.6875195), (0.2163009, 0.6479239, 0.7303482), (0.09938625, 0.6479239, 0.7551933), (-0.01997562, 0.6479239, 0.7614431), (-0.1388456, 0.6479239, 0.7489436), (-0.2542968, 0.6479239, 0.7180026), (-0.3634863, 0.6479239, 0.669382), (-0.4637256, 0.6479239, 0.604279), (-0.5525465, 0.6479239, 0.5242967), (-0.6277618, 0.6479239, 0.4314044), (-0.6875195, 0.6479239, 0.3278895), (-0.7303482, 0.6479239, 0.2163009), (-0.7551933, 0.6479239, 0.09938625)] (interpolation = "vertex")
            float3[] extent = [(0.00652, -9e-05, -0.00754), (0.00848, 0.00061, -0.00558)]
            rel material:binding = </WorkbenchPart/Materials/gold>
        }
        def Mesh "UFLInsulator_02" (prepend apiSchemas = ["MaterialBindingAPI"])
        {
            uniform token subdivisionScheme = "none"
            uniform token orientation = "rightHanded"
            bool doubleSided = false
            point3f[] points = [(0.0075, -9.2e-05, -0.00704), (0.007406357, -9.2e-05, -0.007030777), (0.007316312, -9.2e-05, -0.007003462), (0.007233326, -9.2e-05, -0.006959105), (0.007160589, -9.2e-05, -0.006899411), (0.007100895, -9.2e-05, -0.006826674), (0.007056538, -9.2e-05, -0.006743688), (0.007029223, -9.2e-05, -0.006653643), (0.00702, -9.2e-05, -0.00656), (0.007029223, -9.2e-05, -0.006466357), (0.007056538, -9.2e-05, -0.006376312), (0.007100895, -9.2e-05, -0.006293326), (0.007160589, -9.2e-05, -0.006220589), (0.007233326, -9.2e-05, -0.006160895), (0.007316312, -9.2e-05, -0.006116538), (0.007406357, -9.2e-05, -0.006089223), (0.0075, -9.2e-05, -0.00608), (0.007593643, -9.2e-05, -0.006089223), (0.007683688, -9.2e-05, -0.006116538), (0.007766674, -9.2e-05, -0.006160895), (0.007839411, -9.2e-05, -0.006220589), (0.007899105, -9.2e-05, -0.006293326), (0.007943462, -9.2e-05, -0.006376312), (0.007970777, -9.2e-05, -0.006466357), (0.00798, -9.2e-05, -0.00656), (0.007970777, -9.2e-05, -0.006653643), (0.007943462, -9.2e-05, -0.006743688), (0.007899105, -9.2e-05, -0.006826674), (0.007839411, -9.2e-05, -0.006899411), (0.007766674, -9.2e-05, -0.006959105), (0.007683688, -9.2e-05, -0.007003462), (0.007593643, -9.2e-05, -0.007030777), (0.0075, 0.000628, -0.00704), (0.007406357, 0.000628, -0.007030777), (0.007316312, 0.000628, -0.007003462), (0.007233326, 0.000628, -0.006959105), (0.007160589, 0.000628, -0.006899411), (0.007100895, 0.000628, -0.006826674), (0.007056538, 0.000628, -0.006743688), (0.007029223, 0.000628, -0.006653643), (0.00702, 0.000628, -0.00656), (0.007029223, 0.000628, -0.006466357), (0.007056538, 0.000628, -0.006376312), (0.007100895, 0.000628, -0.006293326), (0.007160589, 0.000628, -0.006220589), (0.007233326, 0.000628, -0.006160895), (0.007316312, 0.000628, -0.006116538), (0.007406357, 0.000628, -0.006089223), (0.0075, 0.000628, -0.00608), (0.007593643, 0.000628, -0.006089223), (0.007683688, 0.000628, -0.006116538), (0.007766674, 0.000628, -0.006160895), (0.007839411, 0.000628, -0.006220589), (0.007899105, 0.000628, -0.006293326), (0.007943462, 0.000628, -0.006376312), (0.007970777, 0.000628, -0.006466357), (0.00798, 0.000628, -0.00656), (0.007970777, 0.000628, -0.006653643), (0.007943462, 0.000628, -0.006743688), (0.007899105, 0.000628, -0.006826674), (0.007839411, 0.000628, -0.006899411), (0.007766674, 0.000628, -0.006959105), (0.007683688, 0.000628, -0.007003462), (0.007593643, 0.000628, -0.007030777), (0.0075, -9.2e-05, -0.00704), (0.007406357, -9.2e-05, -0.007030777), (0.007316312, -9.2e-05, -0.007003462), (0.007233326, -9.2e-05, -0.006959105), (0.007160589, -9.2e-05, -0.006899411), (0.007100895, -9.2e-05, -0.006826674), (0.007056538, -9.2e-05, -0.006743688), (0.007029223, -9.2e-05, -0.006653643), (0.00702, -9.2e-05, -0.00656), (0.007029223, -9.2e-05, -0.006466357), (0.007056538, -9.2e-05, -0.006376312), (0.007100895, -9.2e-05, -0.006293326), (0.007160589, -9.2e-05, -0.006220589), (0.007233326, -9.2e-05, -0.006160895), (0.007316312, -9.2e-05, -0.006116538), (0.007406357, -9.2e-05, -0.006089223), (0.0075, -9.2e-05, -0.00608), (0.007593643, -9.2e-05, -0.006089223), (0.007683688, -9.2e-05, -0.006116538), (0.007766674, -9.2e-05, -0.006160895), (0.007839411, -9.2e-05, -0.006220589), (0.007899105, -9.2e-05, -0.006293326), (0.007943462, -9.2e-05, -0.006376312), (0.007970777, -9.2e-05, -0.006466357), (0.00798, -9.2e-05, -0.00656), (0.007970777, -9.2e-05, -0.006653643), (0.007943462, -9.2e-05, -0.006743688), (0.007899105, -9.2e-05, -0.006826674), (0.007839411, -9.2e-05, -0.006899411), (0.007766674, -9.2e-05, -0.006959105), (0.007683688, -9.2e-05, -0.007003462), (0.007593643, -9.2e-05, -0.007030777), (0.0075, 0.000628, -0.00704), (0.007406357, 0.000628, -0.007030777), (0.007316312, 0.000628, -0.007003462), (0.007233326, 0.000628, -0.006959105), (0.007160589, 0.000628, -0.006899411), (0.007100895, 0.000628, -0.006826674), (0.007056538, 0.000628, -0.006743688), (0.007029223, 0.000628, -0.006653643), (0.00702, 0.000628, -0.00656), (0.007029223, 0.000628, -0.006466357), (0.007056538, 0.000628, -0.006376312), (0.007100895, 0.000628, -0.006293326), (0.007160589, 0.000628, -0.006220589), (0.007233326, 0.000628, -0.006160895), (0.007316312, 0.000628, -0.006116538), (0.007406357, 0.000628, -0.006089223), (0.0075, 0.000628, -0.00608), (0.007593643, 0.000628, -0.006089223), (0.007683688, 0.000628, -0.006116538), (0.007766674, 0.000628, -0.006160895), (0.007839411, 0.000628, -0.006220589), (0.007899105, 0.000628, -0.006293326), (0.007943462, 0.000628, -0.006376312), (0.007970777, 0.000628, -0.006466357), (0.00798, 0.000628, -0.00656), (0.007970777, 0.000628, -0.006653643), (0.007943462, 0.000628, -0.006743688), (0.007899105, 0.000628, -0.006826674), (0.007839411, 0.000628, -0.006899411), (0.007766674, 0.000628, -0.006959105), (0.007683688, 0.000628, -0.007003462), (0.007593643, 0.000628, -0.007030777)]
            int[] faceVertexCounts = [3, 3, 3, 3, 3, 3, 3, 3, 3, 3, 3, 3, 3, 3, 3, 3, 3, 3, 3, 3, 3, 3, 3, 3, 3, 3, 3, 3, 3, 3, 3, 3, 3, 3, 3, 3, 3, 3, 3, 3, 3, 3, 3, 3, 3, 3, 3, 3, 3, 3, 3, 3, 3, 3, 3, 3, 3, 3, 3, 3, 3, 3, 3, 3, 3, 3, 3, 3, 3, 3, 3, 3, 3, 3, 3, 3, 3, 3, 3, 3, 3, 3, 3, 3, 3, 3, 3, 3, 3, 3, 3, 3, 3, 3, 3, 3, 3, 3, 3, 3, 3, 3, 3, 3, 3, 3, 3, 3, 3, 3, 3, 3, 3, 3, 3, 3, 3, 3, 3, 3, 3, 3, 3, 3]
            int[] faceVertexIndices = [95, 94, 93, 95, 93, 92, 95, 92, 91, 95, 91, 90, 95, 90, 89, 95, 89, 88, 95, 88, 87, 95, 87, 86, 95, 86, 85, 95, 85, 84, 95, 84, 83, 95, 83, 82, 95, 82, 81, 95, 81, 80, 95, 80, 79, 95, 79, 78, 95, 78, 77, 95, 77, 76, 95, 76, 75, 95, 75, 74, 95, 74, 73, 95, 73, 72, 95, 72, 71, 95, 71, 70, 95, 70, 69, 95, 69, 68, 95, 68, 67, 95, 67, 66, 95, 66, 65, 95, 65, 64, 96, 97, 98, 96, 98, 99, 96, 99, 100, 96, 100, 101, 96, 101, 102, 96, 102, 103, 96, 103, 104, 96, 104, 105, 96, 105, 106, 96, 106, 107, 96, 107, 108, 96, 108, 109, 96, 109, 110, 96, 110, 111, 96, 111, 112, 96, 112, 113, 96, 113, 114, 96, 114, 115, 96, 115, 116, 96, 116, 117, 96, 117, 118, 96, 118, 119, 96, 119, 120, 96, 120, 121, 96, 121, 122, 96, 122, 123, 96, 123, 124, 96, 124, 125, 96, 125, 126, 96, 126, 127, 0, 1, 33, 0, 33, 32, 1, 2, 34, 1, 34, 33, 2, 3, 35, 2, 35, 34, 3, 4, 36, 3, 36, 35, 4, 5, 37, 4, 37, 36, 5, 6, 38, 5, 38, 37, 6, 7, 39, 6, 39, 38, 7, 8, 40, 7, 40, 39, 8, 9, 41, 8, 41, 40, 9, 10, 42, 9, 42, 41, 10, 11, 43, 10, 43, 42, 11, 12, 44, 11, 44, 43, 12, 13, 45, 12, 45, 44, 13, 14, 46, 13, 46, 45, 14, 15, 47, 14, 47, 46, 15, 16, 48, 15, 48, 47, 16, 17, 49, 16, 49, 48, 17, 18, 50, 17, 50, 49, 18, 19, 51, 18, 51, 50, 19, 20, 52, 19, 52, 51, 20, 21, 53, 20, 53, 52, 21, 22, 54, 21, 54, 53, 22, 23, 55, 22, 55, 54, 23, 24, 56, 23, 56, 55, 24, 25, 57, 24, 57, 56, 25, 26, 58, 25, 58, 57, 26, 27, 59, 26, 59, 58, 27, 28, 60, 27, 60, 59, 28, 29, 61, 28, 61, 60, 29, 30, 62, 29, 62, 61, 30, 31, 63, 30, 63, 62, 31, 0, 32, 31, 32, 63]
            normal3f[] normals = [(-0.03281279, 0, -0.9994615), (-0.2271676, 0, -0.9738557), (-0.4127924, 0, -0.9108251), (-0.5825539, 0, -0.8127921), (-0.7299282, 0, -0.6835239), (-0.8492517, 0, -0.5279882), (-0.9359389, 0, -0.3521623), (-0.9866586, 0, -0.162803), (-0.9994615, 0, 0.03281279), (-0.9738557, 0, 0.2271676), (-0.9108251, 0, 0.4127924), (-0.8127921, 0, 0.5825539), (-0.6835239, 0, 0.7299282), (-0.5279882, 0, 0.8492517), (-0.3521623, 0, 0.9359389), (-0.162803, 0, 0.9866586), (0.03281279, 0, 0.9994615), (0.2271676, 0, 0.9738557), (0.4127924, 0, 0.9108251), (0.5825539, 0, 0.8127921), (0.7299282, 0, 0.6835239), (0.8492517, 0, 0.5279882), (0.9359389, 0, 0.3521623), (0.9866586, 0, 0.162803), (0.9994615, 0, -0.03281279), (0.9738557, 0, -0.2271676), (0.9108251, 0, -0.4127924), (0.8127921, 0, -0.5825539), (0.6835239, 0, -0.7299282), (0.5279882, 0, -0.8492517), (0.3521623, 0, -0.9359389), (0.162803, 0, -0.9866586), (0.03281279, 0, -0.9994615), (-0.162803, 0, -0.9866586), (-0.3521623, 0, -0.9359389), (-0.5279882, 0, -0.8492517), (-0.6835239, 0, -0.7299282), (-0.8127921, 0, -0.5825539), (-0.9108251, 0, -0.4127924), (-0.9738557, 0, -0.2271676), (-0.9994615, 0, -0.03281279), (-0.9866586, 0, 0.162803), (-0.9359389, 0, 0.3521623), (-0.8492517, 0, 0.5279882), (-0.7299282, 0, 0.6835239), (-0.5825539, 0, 0.8127921), (-0.4127924, 0, 0.9108251), (-0.2271676, 0, 0.9738557), (-0.03281279, 0, 0.9994615), (0.162803, 0, 0.9866586), (0.3521623, 0, 0.9359389), (0.5279882, 0, 0.8492517), (0.6835239, 0, 0.7299282), (0.8127921, 0, 0.5825539), (0.9108251, 0, 0.4127924), (0.9738557, 0, 0.2271676), (0.9994615, 0, 0.03281279), (0.9866586, 0, -0.162803), (0.9359389, 0, -0.3521623), (0.8492517, 0, -0.5279882), (0.7299282, 0, -0.6835239), (0.5825539, 0, -0.8127921), (0.4127924, 0, -0.9108251), (0.2271676, 0, -0.9738557), (0, -1, 0), (0, -1, 0), (0, -1, 0), (0, -1, 0), (0, -1, 0), (0, -1, 0), (0, -1, 0), (0, -1, 0), (0, -1, 0), (0, -1, 0), (0, -1, 0), (0, -1, 0), (0, -1, 0), (0, -1, 0), (0, -1, 0), (0, -1, 0), (0, -1, 0), (0, -1, 0), (0, -1, 0), (0, -1, 0), (0, -1, 0), (0, -1, 0), (0, -1, 0), (0, -1, 0), (0, -1, 0), (0, -1, 0), (0, -1, 0), (0, -1, 0), (0, -1, 0), (0, -1, 0), (0, -1, 0), (0, -1, 0), (0, 1, 0), (0, 1, 0), (0, 1, 0), (0, 1, 0), (0, 1, 0), (0, 1, 0), (0, 1, 0), (0, 1, 0), (0, 1, 0), (0, 1, 0), (0, 1, 0), (0, 1, 0), (0, 1, 0), (0, 1, 0), (0, 1, 0), (0, 1, 0), (0, 1, 0), (0, 1, 0), (0, 1, 0), (0, 1, 0), (0, 1, 0), (0, 1, 0), (0, 1, 0), (0, 1, 0), (0, 1, 0), (0, 1, 0), (0, 1, 0), (0, 1, 0), (0, 1, 0), (0, 1, 0), (0, 1, 0), (0, 1, 0)] (interpolation = "vertex")
            float3[] extent = [(0.00702, -9.2e-05, -0.00704), (0.00798, 0.000628, -0.00608)]
            rel material:binding = </WorkbenchPart/Materials/ceramic>
            texCoord2f[] primvars:st = [(0.8437382, -0.7811974), (0.8537431, -0.7781625), (0.8629637, -0.7732339), (0.8437382, -0.7811974), (0.8629637, -0.7732339), (0.8710457, -0.7666013), (0.8437382, -0.7811974), (0.8710457, -0.7666013), (0.8776784, -0.7585193), (0.8437382, -0.7811974), (0.8776784, -0.7585193), (0.8826069, -0.7492987), (0.8437382, -0.7811974), (0.8826069, -0.7492987), (0.8856419, -0.7392937), (0.8437382, -0.7811974), (0.8856419, -0.7392937), (0.8866667, -0.7288889), (0.8437382, -0.7811974), (0.8866667, -0.7288889), (0.8856419, -0.7184841), (0.8437382, -0.7811974), (0.8856419, -0.7184841), (0.8826069, -0.7084791), (0.8437382, -0.7811974), (0.8826069, -0.7084791), (0.8776784, -0.6992585), (0.8437382, -0.7811974), (0.8776784, -0.6992585), (0.8710457, -0.6911765), (0.8437382, -0.7811974), (0.8710457, -0.6911765), (0.8629637, -0.6845438), (0.8437382, -0.7811974), (0.8629637, -0.6845438), (0.8537431, -0.6796153), (0.8437382, -0.7811974), (0.8537431, -0.6796153), (0.8437382, -0.6765803), (0.8437382, -0.7811974), (0.8437382, -0.6765803), (0.8333333, -0.6755556), (0.8437382, -0.7811974), (0.8333333, -0.6755556), (0.8229285, -0.6765803), (0.8437382, -0.7811974), (0.8229285, -0.6765803), (0.8129236, -0.6796153), (0.8437382, -0.7811974), (0.8129236, -0.6796153), (0.8037029, -0.6845438), (0.8437382, -0.7811974), (0.8037029, -0.6845438), (0.795621, -0.6911765), (0.8437382, -0.7811974), (0.795621, -0.6911765), (0.7889883, -0.6992585), (0.8437382, -0.7811974), (0.7889883, -0.6992585), (0.7840598, -0.7084791), (0.8437382, -0.7811974), (0.7840598, -0.7084791), (0.7810248, -0.7184841), (0.8437382, -0.7811974), (0.7810248, -0.7184841), (0.78, -0.7288889), (0.8437382, -0.7811974), (0.78, -0.7288889), (0.7810248, -0.7392937), (0.8437382, -0.7811974), (0.7810248, -0.7392937), (0.7840598, -0.7492987), (0.8437382, -0.7811974), (0.7840598, -0.7492987), (0.7889883, -0.7585193), (0.8437382, -0.7811974), (0.7889883, -0.7585193), (0.795621, -0.7666013), (0.8437382, -0.7811974), (0.795621, -0.7666013), (0.8037029, -0.7732339), (0.8437382, -0.7811974), (0.8037029, -0.7732339), (0.8129236, -0.7781625), (0.8437382, -0.7811974), (0.8129236, -0.7781625), (0.8229285, -0.7811974), (0.8437382, -0.7811974), (0.8229285, -0.7811974), (0.8333333, -0.7822222), (0.8333333, -0.7822222), (0.8229285, -0.7811974), (0.8129236, -0.7781625), (0.8333333, -0.7822222), (0.8129236, -0.7781625), (0.8037029, -0.7732339), (0.8333333, -0.7822222), (0.8037029, -0.7732339), (0.795621, -0.7666013), (0.8333333, -0.7822222), (0.795621, -0.7666013), (0.7889883, -0.7585193), (0.8333333, -0.7822222), (0.7889883, -0.7585193), (0.7840598, -0.7492987), (0.8333333, -0.7822222), (0.7840598, -0.7492987), (0.7810248, -0.7392937), (0.8333333, -0.7822222), (0.7810248, -0.7392937), (0.78, -0.7288889), (0.8333333, -0.7822222), (0.78, -0.7288889), (0.7810248, -0.7184841), (0.8333333, -0.7822222), (0.7810248, -0.7184841), (0.7840598, -0.7084791), (0.8333333, -0.7822222), (0.7840598, -0.7084791), (0.7889883, -0.6992585), (0.8333333, -0.7822222), (0.7889883, -0.6992585), (0.795621, -0.6911765), (0.8333333, -0.7822222), (0.795621, -0.6911765), (0.8037029, -0.6845438), (0.8333333, -0.7822222), (0.8037029, -0.6845438), (0.8129236, -0.6796153), (0.8333333, -0.7822222), (0.8129236, -0.6796153), (0.8229285, -0.6765803), (0.8333333, -0.7822222), (0.8229285, -0.6765803), (0.8333333, -0.6755556), (0.8333333, -0.7822222), (0.8333333, -0.6755556), (0.8437382, -0.6765803), (0.8333333, -0.7822222), (0.8437382, -0.6765803), (0.8537431, -0.6796153), (0.8333333, -0.7822222), (0.8537431, -0.6796153), (0.8629637, -0.6845438), (0.8333333, -0.7822222), (0.8629637, -0.6845438), (0.8710457, -0.6911765), (0.8333333, -0.7822222), (0.8710457, -0.6911765), (0.8776784, -0.6992585), (0.8333333, -0.7822222), (0.8776784, -0.6992585), (0.8826069, -0.7084791), (0.8333333, -0.7822222), (0.8826069, -0.7084791), (0.8856419, -0.7184841), (0.8333333, -0.7822222), (0.8856419, -0.7184841), (0.8866667, -0.7288889), (0.8333333, -0.7822222), (0.8866667, -0.7288889), (0.8856419, -0.7392937), (0.8333333, -0.7822222), (0.8856419, -0.7392937), (0.8826069, -0.7492987), (0.8333333, -0.7822222), (0.8826069, -0.7492987), (0.8776784, -0.7585193), (0.8333333, -0.7822222), (0.8776784, -0.7585193), (0.8710457, -0.7666013), (0.8333333, -0.7822222), (0.8710457, -0.7666013), (0.8629637, -0.7732339), (0.8333333, -0.7822222), (0.8629637, -0.7732339), (0.8537431, -0.7781625), (0.8333333, -0.7822222), (0.8537431, -0.7781625), (0.8437382, -0.7811974), (0.8333333, -0.01022222), (0.8229285, -0.01022222), (0.8229285, 0.06977778), (0.8333333, -0.01022222), (0.8229285, 0.06977778), (0.8333333, 0.06977778), (0.8229285, -0.01022222), (0.8129236, -0.01022222), (0.8129236, 0.06977778), (0.8229285, -0.01022222), (0.8129236, 0.06977778), (0.8229285, 0.06977778), (0.8129236, -0.01022222), (0.8037029, -0.01022222), (0.8037029, 0.06977778), (0.8129236, -0.01022222), (0.8037029, 0.06977778), (0.8129236, 0.06977778), (0.8037029, -0.01022222), (0.795621, -0.01022222), (0.795621, 0.06977778), (0.8037029, -0.01022222), (0.795621, 0.06977778), (0.8037029, 0.06977778), (-0.01022222, -0.7666013), (-0.01022222, -0.7585193), (0.06977778, -0.7585193), (-0.01022222, -0.7666013), (0.06977778, -0.7585193), (0.06977778, -0.7666013), (-0.01022222, -0.7585193), (-0.01022222, -0.7492987), (0.06977778, -0.7492987), (-0.01022222, -0.7585193), (0.06977778, -0.7492987), (0.06977778, -0.7585193), (-0.01022222, -0.7492987), (-0.01022222, -0.7392937), (0.06977778, -0.7392937), (-0.01022222, -0.7492987), (0.06977778, -0.7392937), (0.06977778, -0.7492987), (-0.01022222, -0.7392937), (-0.01022222, -0.7288889), (0.06977778, -0.7288889), (-0.01022222, -0.7392937), (0.06977778, -0.7288889), (0.06977778, -0.7392937), (-0.01022222, -0.7288889), (-0.01022222, -0.7184841), (0.06977778, -0.7184841), (-0.01022222, -0.7288889), (0.06977778, -0.7184841), (0.06977778, -0.7288889), (-0.01022222, -0.7184841), (-0.01022222, -0.7084791), (0.06977778, -0.7084791), (-0.01022222, -0.7184841), (0.06977778, -0.7084791), (0.06977778, -0.7184841), (-0.01022222, -0.7084791), (-0.01022222, -0.6992585), (0.06977778, -0.6992585), (-0.01022222, -0.7084791), (0.06977778, -0.6992585), (0.06977778, -0.7084791), (-0.01022222, -0.6992585), (-0.01022222, -0.6911765), (0.06977778, -0.6911765), (-0.01022222, -0.6992585), (0.06977778, -0.6911765), (0.06977778, -0.6992585), (0.795621, -0.01022222), (0.8037029, -0.01022222), (0.8037029, 0.06977778), (0.795621, -0.01022222), (0.8037029, 0.06977778), (0.795621, 0.06977778), (0.8037029, -0.01022222), (0.8129236, -0.01022222), (0.8129236, 0.06977778), (0.8037029, -0.01022222), (0.8129236, 0.06977778), (0.8037029, 0.06977778), (0.8129236, -0.01022222), (0.8229285, -0.01022222), (0.8229285, 0.06977778), (0.8129236, -0.01022222), (0.8229285, 0.06977778), (0.8129236, 0.06977778), (0.8229285, -0.01022222), (0.8333333, -0.01022222), (0.8333333, 0.06977778), (0.8229285, -0.01022222), (0.8333333, 0.06977778), (0.8229285, 0.06977778), (0.8333333, -0.01022222), (0.8437382, -0.01022222), (0.8437382, 0.06977778), (0.8333333, -0.01022222), (0.8437382, 0.06977778), (0.8333333, 0.06977778), (0.8437382, -0.01022222), (0.8537431, -0.01022222), (0.8537431, 0.06977778), (0.8437382, -0.01022222), (0.8537431, 0.06977778), (0.8437382, 0.06977778), (0.8537431, -0.01022222), (0.8629637, -0.01022222), (0.8629637, 0.06977778), (0.8537431, -0.01022222), (0.8629637, 0.06977778), (0.8537431, 0.06977778), (0.8629637, -0.01022222), (0.8710457, -0.01022222), (0.8710457, 0.06977778), (0.8629637, -0.01022222), (0.8710457, 0.06977778), (0.8629637, 0.06977778), (-0.01022222, -0.6911765), (-0.01022222, -0.6992585), (0.06977778, -0.6992585), (-0.01022222, -0.6911765), (0.06977778, -0.6992585), (0.06977778, -0.6911765), (-0.01022222, -0.6992585), (-0.01022222, -0.7084791), (0.06977778, -0.7084791), (-0.01022222, -0.6992585), (0.06977778, -0.7084791), (0.06977778, -0.6992585), (-0.01022222, -0.7084791), (-0.01022222, -0.7184841), (0.06977778, -0.7184841), (-0.01022222, -0.7084791), (0.06977778, -0.7184841), (0.06977778, -0.7084791), (-0.01022222, -0.7184841), (-0.01022222, -0.7288889), (0.06977778, -0.7288889), (-0.01022222, -0.7184841), (0.06977778, -0.7288889), (0.06977778, -0.7184841), (-0.01022222, -0.7288889), (-0.01022222, -0.7392937), (0.06977778, -0.7392937), (-0.01022222, -0.7288889), (0.06977778, -0.7392937), (0.06977778, -0.7288889), (-0.01022222, -0.7392937), (-0.01022222, -0.7492987), (0.06977778, -0.7492987), (-0.01022222, -0.7392937), (0.06977778, -0.7492987), (0.06977778, -0.7392937), (-0.01022222, -0.7492987), (-0.01022222, -0.7585193), (0.06977778, -0.7585193), (-0.01022222, -0.7492987), (0.06977778, -0.7585193), (0.06977778, -0.7492987), (-0.01022222, -0.7585193), (-0.01022222, -0.7666013), (0.06977778, -0.7666013), (-0.01022222, -0.7585193), (0.06977778, -0.7666013), (0.06977778, -0.7585193), (0.8710457, -0.01022222), (0.8629637, -0.01022222), (0.8629637, 0.06977778), (0.8710457, -0.01022222), (0.8629637, 0.06977778), (0.8710457, 0.06977778), (0.8629637, -0.01022222), (0.8537431, -0.01022222), (0.8537431, 0.06977778), (0.8629637, -0.01022222), (0.8537431, 0.06977778), (0.8629637, 0.06977778), (0.8537431, -0.01022222), (0.8437382, -0.01022222), (0.8437382, 0.06977778), (0.8537431, -0.01022222), (0.8437382, 0.06977778), (0.8537431, 0.06977778), (0.8437382, -0.01022222), (0.8333333, -0.01022222), (0.8333333, 0.06977778), (0.8437382, -0.01022222), (0.8333333, 0.06977778), (0.8437382, 0.06977778)] (interpolation = "faceVarying")
        }
        def Mesh "UFLPin_02" (prepend apiSchemas = ["MaterialBindingAPI"])
        {
            uniform token subdivisionScheme = "none"
            uniform token orientation = "rightHanded"
            bool doubleSided = false
            point3f[] points = [(0.0075, -0.000107, -0.00672), (0.007438771, -0.000107, -0.006707821), (0.007386863, -0.000107, -0.006673137), (0.007352179, -0.000107, -0.006621229), (0.00734, -0.000107, -0.00656), (0.007352179, -0.000107, -0.006498771), (0.007386863, -0.000107, -0.006446863), (0.007438771, -0.000107, -0.006412179), (0.0075, -0.000107, -0.0064), (0.007561229, -0.000107, -0.006412179), (0.007613137, -0.000107, -0.006446863), (0.007647821, -0.000107, -0.006498771), (0.00766, -0.000107, -0.00656), (0.007647821, -0.000107, -0.006621229), (0.007613137, -0.000107, -0.006673137), (0.007561229, -0.000107, -0.006707821), (0.0075, 0.000643, -0.00672), (0.007438771, 0.000643, -0.006707821), (0.007386863, 0.000643, -0.006673137), (0.007352179, 0.000643, -0.006621229), (0.00734, 0.000643, -0.00656), (0.007352179, 0.000643, -0.006498771), (0.007386863, 0.000643, -0.006446863), (0.007438771, 0.000643, -0.006412179), (0.0075, 0.000643, -0.0064), (0.007561229, 0.000643, -0.006412179), (0.007613137, 0.000643, -0.006446863), (0.007647821, 0.000643, -0.006498771), (0.00766, 0.000643, -0.00656), (0.007647821, 0.000643, -0.006621229), (0.007613137, 0.000643, -0.006673137), (0.007561229, 0.000643, -0.006707821), (0.0075, -0.000107, -0.00672), (0.007438771, -0.000107, -0.006707821), (0.007386863, -0.000107, -0.006673137), (0.007352179, -0.000107, -0.006621229), (0.00734, -0.000107, -0.00656), (0.007352179, -0.000107, -0.006498771), (0.007386863, -0.000107, -0.006446863), (0.007438771, -0.000107, -0.006412179), (0.0075, -0.000107, -0.0064), (0.007561229, -0.000107, -0.006412179), (0.007613137, -0.000107, -0.006446863), (0.007647821, -0.000107, -0.006498771), (0.00766, -0.000107, -0.00656), (0.007647821, -0.000107, -0.006621229), (0.007613137, -0.000107, -0.006673137), (0.007561229, -0.000107, -0.006707821), (0.0075, 0.000643, -0.00672), (0.007438771, 0.000643, -0.006707821), (0.007386863, 0.000643, -0.006673137), (0.007352179, 0.000643, -0.006621229), (0.00734, 0.000643, -0.00656), (0.007352179, 0.000643, -0.006498771), (0.007386863, 0.000643, -0.006446863), (0.007438771, 0.000643, -0.006412179), (0.0075, 0.000643, -0.0064), (0.007561229, 0.000643, -0.006412179), (0.007613137, 0.000643, -0.006446863), (0.007647821, 0.000643, -0.006498771), (0.00766, 0.000643, -0.00656), (0.007647821, 0.000643, -0.006621229), (0.007613137, 0.000643, -0.006673137), (0.007561229, 0.000643, -0.006707821)]
            int[] faceVertexCounts = [3, 3, 3, 3, 3, 3, 3, 3, 3, 3, 3, 3, 3, 3, 3, 3, 3, 3, 3, 3, 3, 3, 3, 3, 3, 3, 3, 3, 3, 3, 3, 3, 3, 3, 3, 3, 3, 3, 3, 3, 3, 3, 3, 3, 3, 3, 3, 3, 3, 3, 3, 3, 3, 3, 3, 3, 3, 3, 3, 3]
            int[] faceVertexIndices = [47, 46, 45, 47, 45, 44, 47, 44, 43, 47, 43, 42, 47, 42, 41, 47, 41, 40, 47, 40, 39, 47, 39, 38, 47, 38, 37, 47, 37, 36, 47, 36, 35, 47, 35, 34, 47, 34, 33, 47, 33, 32, 48, 49, 50, 48, 50, 51, 48, 51, 52, 48, 52, 53, 48, 53, 54, 48, 54, 55, 48, 55, 56, 48, 56, 57, 48, 57, 58, 48, 58, 59, 48, 59, 60, 48, 60, 61, 48, 61, 62, 48, 62, 63, 0, 1, 17, 0, 17, 16, 1, 2, 18, 1, 18, 17, 2, 3, 19, 2, 19, 18, 3, 4, 20, 3, 20, 19, 4, 5, 21, 4, 21, 20, 5, 6, 22, 5, 22, 21, 6, 7, 23, 6, 23, 22, 7, 8, 24, 7, 24, 23, 8, 9, 25, 8, 25, 24, 9, 10, 26, 9, 26, 25, 10, 11, 27, 10, 27, 26, 11, 12, 28, 11, 28, 27, 12, 13, 29, 12, 29, 28, 13, 14, 30, 13, 30, 29, 14, 15, 31, 14, 31, 30, 15, 0, 16, 15, 16, 31]
            normal3f[] normals = [(-0.06615886, 0, -0.9978091), (-0.4429678, 0, -0.8965375), (-0.752339, 0, -0.6587762), (-0.9471733, 0, -0.3207222), (-0.9978091, 0, 0.06615886), (-0.8965375, 0, 0.4429678), (-0.6587762, 0, 0.752339), (-0.3207222, 0, 0.9471733), (0.06615886, 0, 0.9978091), (0.4429678, 0, 0.8965375), (0.752339, 0, 0.6587762), (0.9471733, 0, 0.3207222), (0.9978091, 0, -0.06615886), (0.8965375, 0, -0.4429678), (0.6587762, 0, -0.752339), (0.3207222, 0, -0.9471733), (0.06615886, 0, -0.9978091), (-0.3207222, 0, -0.9471733), (-0.6587762, 0, -0.752339), (-0.8965375, 0, -0.4429678), (-0.9978091, 0, -0.06615886), (-0.9471733, 0, 0.3207222), (-0.752339, 0, 0.6587762), (-0.4429678, 0, 0.8965375), (-0.06615886, 0, 0.9978091), (0.3207222, 0, 0.9471733), (0.6587762, 0, 0.752339), (0.8965375, 0, 0.4429678), (0.9978091, 0, 0.06615886), (0.9471733, 0, -0.3207222), (0.752339, 0, -0.6587762), (0.4429678, 0, -0.8965375), (0, -1, 0), (0, -1, 0), (0, -1, 0), (0, -1, 0), (0, -1, 0), (0, -1, 0), (0, -1, 0), (0, -1, 0), (0, -1, 0), (0, -1, 0), (0, -1, 0), (0, -1, 0), (0, -1, 0), (0, -1, 0), (0, -1, 0), (0, -1, 0), (0, 1, 0), (0, 1, 0), (0, 1, 0), (0, 1, 0), (0, 1, 0), (0, 1, 0), (0, 1, 0), (0, 1, 0), (0, 1, 0), (0, 1, 0), (0, 1, 0), (0, 1, 0), (0, 1, 0), (0, 1, 0), (0, 1, 0), (0, 1, 0)] (interpolation = "vertex")
            float3[] extent = [(0.00734, -0.000107, -0.00672), (0.00766, 0.000643, -0.0064)]
            rel material:binding = </WorkbenchPart/Materials/gold>
        }
        def Mesh "SignalPad_01" (prepend apiSchemas = ["MaterialBindingAPI"])
        {
            uniform token subdivisionScheme = "none"
            uniform token orientation = "rightHanded"
            bool doubleSided = false
            point3f[] points = [(-0.008297285, -0.0004207846, 0.006495215), (-0.0083005, -0.000424, 0.006504), (-0.008301956, -0.0004254558, 0.006516), (-0.008301956, -0.0004254558, 0.007564), (-0.0083005, -0.000424, 0.007576), (-0.008297285, -0.0004207846, 0.007584785), (-0.0083005, -0.000412, 0.006492), (-0.008305894, -0.0004146969, 0.006501303), (-0.008308699, -0.0004160997, 0.006516), (-0.008308699, -0.0004160997, 0.007564), (-0.008305894, -0.0004146969, 0.007578697), (-0.0083005, -0.000412, 0.007588), (-0.008301956, -0.0004, 0.006490544), (-0.008308699, -0.0004, 0.0064999), (-0.0083125, -0.0004, 0.006516), (-0.0083125, -0.0004, 0.007564), (-0.008308699, -0.0004, 0.0075801), (-0.008301956, -0.0004, 0.007589456), (-0.008301956, -0.000392, 0.006490544), (-0.008308699, -0.000392, 0.0064999), (-0.0083125, -0.000392, 0.006516), (-0.0083125, -0.000392, 0.007564), (-0.008308699, -0.000392, 0.0075801), (-0.008301956, -0.000392, 0.007589456), (-0.0083005, -0.00038, 0.006492), (-0.008305894, -0.0003773031, 0.006501303), (-0.008308699, -0.0003759003, 0.006516), (-0.008308699, -0.0003759003, 0.007564), (-0.008305894, -0.0003773031, 0.007578697), (-0.0083005, -0.00038, 0.007588), (-0.008297285, -0.0003712154, 0.006495215), (-0.0083005, -0.000368, 0.006504), (-0.008301956, -0.0003665442, 0.006516), (-0.008301956, -0.0003665442, 0.007564), (-0.0083005, -0.000368, 0.007576), (-0.008297285, -0.0003712154, 0.007584785), (-0.005952715, -0.0004207846, 0.006495215), (-0.0059495, -0.000424, 0.006504), (-0.005948044, -0.0004254558, 0.006516), (-0.005948044, -0.0004254558, 0.007564), (-0.0059495, -0.000424, 0.007576), (-0.005952715, -0.0004207846, 0.007584785), (-0.0059495, -0.000412, 0.006492), (-0.005944106, -0.0004146969, 0.006501303), (-0.005941301, -0.0004160997, 0.006516), (-0.005941301, -0.0004160997, 0.007564), (-0.005944106, -0.0004146969, 0.007578697), (-0.0059495, -0.000412, 0.007588), (-0.005948044, -0.0004, 0.006490544), (-0.005941301, -0.0004, 0.0064999), (-0.0059375, -0.0004, 0.006516), (-0.0059375, -0.0004, 0.007564), (-0.005941301, -0.0004, 0.0075801), (-0.005948044, -0.0004, 0.007589456), (-0.005948044, -0.000392, 0.006490544), (-0.005941301, -0.000392, 0.0064999), (-0.0059375, -0.000392, 0.006516), (-0.0059375, -0.000392, 0.007564), (-0.005941301, -0.000392, 0.0075801), (-0.005948044, -0.000392, 0.007589456), (-0.0059495, -0.00038, 0.006492), (-0.005944106, -0.0003773031, 0.006501303), (-0.005941301, -0.0003759003, 0.006516), (-0.005941301, -0.0003759003, 0.007564), (-0.005944106, -0.0003773031, 0.007578697), (-0.0059495, -0.00038, 0.007588), (-0.005952715, -0.0003712154, 0.006495215), (-0.0059495, -0.000368, 0.006504), (-0.005948044, -0.0003665442, 0.006516), (-0.005948044, -0.0003665442, 0.007564), (-0.0059495, -0.000368, 0.007576), (-0.005952715, -0.0003712154, 0.007584785), (-0.008297285, -0.0004207846, 0.006495215), (-0.0082885, -0.000424, 0.006492), (-0.0082765, -0.0004254558, 0.006490544), (-0.0059735, -0.0004254558, 0.006490544), (-0.0059615, -0.000424, 0.006492), (-0.005952715, -0.0004207846, 0.006495215), (-0.0083005, -0.000424, 0.006504), (-0.008291197, -0.0004293939, 0.006501303), (-0.0082765, -0.0004321994, 0.0064999), (-0.0059735, -0.0004321994, 0.0064999), (-0.005958803, -0.0004293939, 0.006501303), (-0.0059495, -0.000424, 0.006504), (-0.008301956, -0.0004254558, 0.006516), (-0.0082926, -0.0004321994, 0.006516), (-0.0082765, -0.000436, 0.006516), (-0.0059735, -0.000436, 0.006516), (-0.0059574, -0.0004321994, 0.006516), (-0.005948044, -0.0004254558, 0.006516), (-0.008301956, -0.0004254558, 0.007564), (-0.0082926, -0.0004321994, 0.007564), (-0.0082765, -0.000436, 0.007564), (-0.0059735, -0.000436, 0.007564), (-0.0059574, -0.0004321994, 0.007564), (-0.005948044, -0.0004254558, 0.007564), (-0.0083005, -0.000424, 0.007576), (-0.008291197, -0.0004293939, 0.007578697), (-0.0082765, -0.0004321994, 0.0075801), (-0.0059735, -0.0004321994, 0.0075801), (-0.005958803, -0.0004293939, 0.007578697), (-0.0059495, -0.000424, 0.007576), (-0.008297285, -0.0004207846, 0.007584785), (-0.0082885, -0.000424, 0.007588), (-0.0082765, -0.0004254558, 0.007589456), (-0.0059735, -0.0004254558, 0.007589456), (-0.0059615, -0.000424, 0.007588), (-0.005952715, -0.0004207846, 0.007584785), (-0.008297285, -0.0003712154, 0.006495215), (-0.0082885, -0.000368, 0.006492), (-0.0082765, -0.0003665442, 0.006490544), (-0.0059735, -0.0003665442, 0.006490544), (-0.0059615, -0.000368, 0.006492), (-0.005952715, -0.0003712154, 0.006495215), (-0.0083005, -0.000368, 0.006504), (-0.008291197, -0.0003626061, 0.006501303), (-0.0082765, -0.0003598006, 0.0064999), (-0.0059735, -0.0003598006, 0.0064999), (-0.005958803, -0.0003626061, 0.006501303), (-0.0059495, -0.000368, 0.006504), (-0.008301956, -0.0003665442, 0.006516), (-0.0082926, -0.0003598006, 0.006516), (-0.0082765, -0.000356, 0.006516), (-0.0059735, -0.000356, 0.006516), (-0.0059574, -0.0003598006, 0.006516), (-0.005948044, -0.0003665442, 0.006516), (-0.008301956, -0.0003665442, 0.007564), (-0.0082926, -0.0003598006, 0.007564), (-0.0082765, -0.000356, 0.007564), (-0.0059735, -0.000356, 0.007564), (-0.0059574, -0.0003598006, 0.007564), (-0.005948044, -0.0003665442, 0.007564), (-0.0083005, -0.000368, 0.007576), (-0.008291197, -0.0003626061, 0.007578697), (-0.0082765, -0.0003598006, 0.0075801), (-0.0059735, -0.0003598006, 0.0075801), (-0.005958803, -0.0003626061, 0.007578697), (-0.0059495, -0.000368, 0.007576), (-0.008297285, -0.0003712154, 0.007584785), (-0.0082885, -0.000368, 0.007588), (-0.0082765, -0.0003665442, 0.007589456), (-0.0059735, -0.0003665442, 0.007589456), (-0.0059615, -0.000368, 0.007588), (-0.005952715, -0.0003712154, 0.007584785), (-0.008297285, -0.0004207846, 0.006495215), (-0.0083005, -0.000412, 0.006492), (-0.008301956, -0.0004, 0.006490544), (-0.008301956, -0.000392, 0.006490544), (-0.0083005, -0.00038, 0.006492), (-0.008297285, -0.0003712154, 0.006495215), (-0.0082885, -0.000424, 0.006492), (-0.008291197, -0.0004146969, 0.006486606), (-0.0082926, -0.0004, 0.006483801), (-0.0082926, -0.000392, 0.006483801), (-0.008291197, -0.0003773031, 0.006486606), (-0.0082885, -0.000368, 0.006492), (-0.0082765, -0.0004254558, 0.006490544), (-0.0082765, -0.0004160997, 0.006483801), (-0.0082765, -0.0004, 0.00648), (-0.0082765, -0.000392, 0.00648), (-0.0082765, -0.0003759003, 0.006483801), (-0.0082765, -0.0003665442, 0.006490544), (-0.0059735, -0.0004254558, 0.006490544), (-0.0059735, -0.0004160997, 0.006483801), (-0.0059735, -0.0004, 0.00648), (-0.0059735, -0.000392, 0.00648), (-0.0059735, -0.0003759003, 0.006483801), (-0.0059735, -0.0003665442, 0.006490544), (-0.0059615, -0.000424, 0.006492), (-0.005958803, -0.0004146969, 0.006486606), (-0.0059574, -0.0004, 0.006483801), (-0.0059574, -0.000392, 0.006483801), (-0.005958803, -0.0003773031, 0.006486606), (-0.0059615, -0.000368, 0.006492), (-0.005952715, -0.0004207846, 0.006495215), (-0.0059495, -0.000412, 0.006492), (-0.005948044, -0.0004, 0.006490544), (-0.005948044, -0.000392, 0.006490544), (-0.0059495, -0.00038, 0.006492), (-0.005952715, -0.0003712154, 0.006495215), (-0.008297285, -0.0004207846, 0.007584785), (-0.0083005, -0.000412, 0.007588), (-0.008301956, -0.0004, 0.007589456), (-0.008301956, -0.000392, 0.007589456), (-0.0083005, -0.00038, 0.007588), (-0.008297285, -0.0003712154, 0.007584785), (-0.0082885, -0.000424, 0.007588), (-0.008291197, -0.0004146969, 0.007593394), (-0.0082926, -0.0004, 0.007596199), (-0.0082926, -0.000392, 0.007596199), (-0.008291197, -0.0003773031, 0.007593394), (-0.0082885, -0.000368, 0.007588), (-0.0082765, -0.0004254558, 0.007589456), (-0.0082765, -0.0004160997, 0.007596199), (-0.0082765, -0.0004, 0.0076), (-0.0082765, -0.000392, 0.0076), (-0.0082765, -0.0003759003, 0.007596199), (-0.0082765, -0.0003665442, 0.007589456), (-0.0059735, -0.0004254558, 0.007589456), (-0.0059735, -0.0004160997, 0.007596199), (-0.0059735, -0.0004, 0.0076), (-0.0059735, -0.000392, 0.0076), (-0.0059735, -0.0003759003, 0.007596199), (-0.0059735, -0.0003665442, 0.007589456), (-0.0059615, -0.000424, 0.007588), (-0.005958803, -0.0004146969, 0.007593394), (-0.0059574, -0.0004, 0.007596199), (-0.0059574, -0.000392, 0.007596199), (-0.005958803, -0.0003773031, 0.007593394), (-0.0059615, -0.000368, 0.007588), (-0.005952715, -0.0004207846, 0.007584785), (-0.0059495, -0.000412, 0.007588), (-0.005948044, -0.0004, 0.007589456), (-0.005948044, -0.000392, 0.007589456), (-0.0059495, -0.00038, 0.007588), (-0.005952715, -0.0003712154, 0.007584785)]
            int[] faceVertexCounts = [3, 3, 3, 3, 3, 3, 3, 3, 3, 3, 3, 3, 3, 3, 3, 3, 3, 3, 3, 3, 3, 3, 3, 3, 3, 3, 3, 3, 3, 3, 3, 3, 3, 3, 3, 3, 3, 3, 3, 3, 3, 3, 3, 3, 3, 3, 3, 3, 3, 3, 3, 3, 3, 3, 3, 3, 3, 3, 3, 3, 3, 3, 3, 3, 3, 3, 3, 3, 3, 3, 3, 3, 3, 3, 3, 3, 3, 3, 3, 3, 3, 3, 3, 3, 3, 3, 3, 3, 3, 3, 3, 3, 3, 3, 3, 3, 3, 3, 3, 3, 3, 3, 3, 3, 3, 3, 3, 3, 3, 3, 3, 3, 3, 3, 3, 3, 3, 3, 3, 3, 3, 3, 3, 3, 3, 3, 3, 3, 3, 3, 3, 3, 3, 3, 3, 3, 3, 3, 3, 3, 3, 3, 3, 3, 3, 3, 3, 3, 3, 3, 3, 3, 3, 3, 3, 3, 3, 3, 3, 3, 3, 3, 3, 3, 3, 3, 3, 3, 3, 3, 3, 3, 3, 3, 3, 3, 3, 3, 3, 3, 3, 3, 3, 3, 3, 3, 3, 3, 3, 3, 3, 3, 3, 3, 3, 3, 3, 3, 3, 3, 3, 3, 3, 3, 3, 3, 3, 3, 3, 3, 3, 3, 3, 3, 3, 3, 3, 3, 3, 3, 3, 3, 3, 3, 3, 3, 3, 3, 3, 3, 3, 3, 3, 3, 3, 3, 3, 3, 3, 3, 3, 3, 3, 3, 3, 3, 3, 3, 3, 3, 3, 3, 3, 3, 3, 3, 3, 3, 3, 3, 3, 3, 3, 3, 3, 3, 3, 3, 3, 3, 3, 3, 3, 3, 3, 3, 3, 3, 3, 3, 3, 3, 3, 3, 3, 3, 3, 3, 3, 3, 3, 3, 3, 3, 3, 3, 3, 3, 3, 3]
            int[] faceVertexIndices = [1, 7, 6, 1, 6, 0, 2, 8, 7, 2, 7, 1, 3, 9, 8, 3, 8, 2, 4, 10, 9, 4, 9, 3, 5, 11, 10, 5, 10, 4, 7, 13, 12, 7, 12, 6, 8, 14, 13, 8, 13, 7, 9, 15, 14, 9, 14, 8, 10, 16, 15, 10, 15, 9, 11, 17, 16, 11, 16, 10, 13, 19, 18, 13, 18, 12, 14, 20, 19, 14, 19, 13, 15, 21, 20, 15, 20, 14, 16, 22, 21, 16, 21, 15, 17, 23, 22, 17, 22, 16, 19, 25, 24, 19, 24, 18, 20, 26, 25, 20, 25, 19, 21, 27, 26, 21, 26, 20, 22, 28, 27, 22, 27, 21, 23, 29, 28, 23, 28, 22, 25, 31, 30, 25, 30, 24, 26, 32, 31, 26, 31, 25, 27, 33, 32, 27, 32, 26, 28, 34, 33, 28, 33, 27, 29, 35, 34, 29, 34, 28, 36, 42, 43, 36, 43, 37, 37, 43, 44, 37, 44, 38, 38, 44, 45, 38, 45, 39, 39, 45, 46, 39, 46, 40, 40, 46, 47, 40, 47, 41, 42, 48, 49, 42, 49, 43, 43, 49, 50, 43, 50, 44, 44, 50, 51, 44, 51, 45, 45, 51, 52, 45, 52, 46, 46, 52, 53, 46, 53, 47, 48, 54, 55, 48, 55, 49, 49, 55, 56, 49, 56, 50, 50, 56, 57, 50, 57, 51, 51, 57, 58, 51, 58, 52, 52, 58, 59, 52, 59, 53, 54, 60, 61, 54, 61, 55, 55, 61, 62, 55, 62, 56, 56, 62, 63, 56, 63, 57, 57, 63, 64, 57, 64, 58, 58, 64, 65, 58, 65, 59, 60, 66, 67, 60, 67, 61, 61, 67, 68, 61, 68, 62, 62, 68, 69, 62, 69, 63, 63, 69, 70, 63, 70, 64, 64, 70, 71, 64, 71, 65, 73, 79, 78, 73, 78, 72, 74, 80, 79, 74, 79, 73, 75, 81, 80, 75, 80, 74, 76, 82, 81, 76, 81, 75, 77, 83, 82, 77, 82, 76, 79, 85, 84, 79, 84, 78, 80, 86, 85, 80, 85, 79, 81, 87, 86, 81, 86, 80, 82, 88, 87, 82, 87, 81, 83, 89, 88, 83, 88, 82, 85, 91, 90, 85, 90, 84, 86, 92, 91, 86, 91, 85, 87, 93, 92, 87, 92, 86, 88, 94, 93, 88, 93, 87, 89, 95, 94, 89, 94, 88, 91, 97, 96, 91, 96, 90, 92, 98, 97, 92, 97, 91, 93, 99, 98, 93, 98, 92, 94, 100, 99, 94, 99, 93, 95, 101, 100, 95, 100, 94, 97, 103, 102, 97, 102, 96, 98, 104, 103, 98, 103, 97, 99, 105, 104, 99, 104, 98, 100, 106, 105, 100, 105, 99, 101, 107, 106, 101, 106, 100, 108, 114, 115, 108, 115, 109, 109, 115, 116, 109, 116, 110, 110, 116, 117, 110, 117, 111, 111, 117, 118, 111, 118, 112, 112, 118, 119, 112, 119, 113, 114, 120, 121, 114, 121, 115, 115, 121, 122, 115, 122, 116, 116, 122, 123, 116, 123, 117, 117, 123, 124, 117, 124, 118, 118, 124, 125, 118, 125, 119, 120, 126, 127, 120, 127, 121, 121, 127, 128, 121, 128, 122, 122, 128, 129, 122, 129, 123, 123, 129, 130, 123, 130, 124, 124, 130, 131, 124, 131, 125, 126, 132, 133, 126, 133, 127, 127, 133, 134, 127, 134, 128, 128, 134, 135, 128, 135, 129, 129, 135, 136, 129, 136, 130, 130, 136, 137, 130, 137, 131, 132, 138, 139, 132, 139, 133, 133, 139, 140, 133, 140, 134, 134, 140, 141, 134, 141, 135, 135, 141, 142, 135, 142, 136, 136, 142, 143, 136, 143, 137, 145, 151, 150, 145, 150, 144, 146, 152, 151, 146, 151, 145, 147, 153, 152, 147, 152, 146, 148, 154, 153, 148, 153, 147, 149, 155, 154, 149, 154, 148, 151, 157, 156, 151, 156, 150, 152, 158, 157, 152, 157, 151, 153, 159, 158, 153, 158, 152, 154, 160, 159, 154, 159, 153, 155, 161, 160, 155, 160, 154, 157, 163, 162, 157, 162, 156, 158, 164, 163, 158, 163, 157, 159, 165, 164, 159, 164, 158, 160, 166, 165, 160, 165, 159, 161, 167, 166, 161, 166, 160, 163, 169, 168, 163, 168, 162, 164, 170, 169, 164, 169, 163, 165, 171, 170, 165, 170, 164, 166, 172, 171, 166, 171, 165, 167, 173, 172, 167, 172, 166, 169, 175, 174, 169, 174, 168, 170, 176, 175, 170, 175, 169, 171, 177, 176, 171, 176, 170, 172, 178, 177, 172, 177, 171, 173, 179, 178, 173, 178, 172, 180, 186, 187, 180, 187, 181, 181, 187, 188, 181, 188, 182, 182, 188, 189, 182, 189, 183, 183, 189, 190, 183, 190, 184, 184, 190, 191, 184, 191, 185, 186, 192, 193, 186, 193, 187, 187, 193, 194, 187, 194, 188, 188, 194, 195, 188, 195, 189, 189, 195, 196, 189, 196, 190, 190, 196, 197, 190, 197, 191, 192, 198, 199, 192, 199, 193, 193, 199, 200, 193, 200, 194, 194, 200, 201, 194, 201, 195, 195, 201, 202, 195, 202, 196, 196, 202, 203, 196, 203, 197, 198, 204, 205, 198, 205, 199, 199, 205, 206, 199, 206, 200, 200, 206, 207, 200, 207, 201, 201, 207, 208, 201, 208, 202, 202, 208, 209, 202, 209, 203, 204, 210, 211, 204, 211, 205, 205, 211, 212, 205, 212, 206, 206, 212, 213, 206, 213, 207, 207, 213, 214, 207, 214, 208, 208, 214, 215, 208, 215, 209]
            normal3f[] normals = [(-0.7745967, -0.4472136, -0.4472136), (-0.7668657, -0.5195657, -0.376787), (-0.8115774, -0.5842267, -0.004611214), (-0.8112418, -0.58471, 0.0009640836), (-0.7900625, -0.5555967, 0.2590629), (-0.7071068, -0.5, 0.5), (-0.7668657, -0.376787, -0.5195657), (-0.8559572, -0.3656073, -0.3656073), (-0.8965761, -0.4428765, -0.003433785), (-0.9448834, -0.3273988, 0.002309068), (-0.8844941, -0.3299016, 0.3299016), (-0.7900625, -0.2590629, 0.5555967), (-0.8133397, -0.145112, -0.5634014), (-0.9225416, -0.1473858, -0.3566433), (-0.9827378, -0.1849826, -0.002811366), (-0.9929364, -0.1185813, 0.003965699), (-0.916641, -0.1211306, 0.3809156), (-0.8091137, -0.07239132, 0.5831762), (-0.8091137, 0.07239132, -0.5831762), (-0.916641, 0.1211306, -0.3809156), (-0.9929364, 0.1185813, -0.003965699), (-0.9827378, 0.1849826, 0.002811366), (-0.9225416, 0.1473858, 0.3566433), (-0.8133397, 0.145112, 0.5634014), (-0.7900625, 0.2590629, -0.5555967), (-0.8844941, 0.3299016, -0.3299016), (-0.9448834, 0.3273988, -0.002309068), (-0.8965761, 0.4428765, 0.003433785), (-0.8559572, 0.3656073, 0.3656073), (-0.7668657, 0.376787, 0.5195657), (-0.7071068, 0.5, -0.5), (-0.7900625, 0.5555967, -0.2590629), (-0.8112418, 0.58471, -0.0009640836), (-0.8115774, 0.5842267, 0.004611214), (-0.7668657, 0.5195657, 0.376787), (-0.7745967, 0.4472136, 0.4472136), (0.7071068, -0.5, -0.5), (0.7900625, -0.5555967, -0.2590629), (0.8112418, -0.58471, -0.0009640836), (0.8115774, -0.5842267, 0.004611214), (0.7668657, -0.5195657, 0.376787), (0.7745967, -0.4472136, 0.4472136), (0.7900625, -0.2590629, -0.5555967), (0.8844941, -0.3299016, -0.3299016), (0.9448834, -0.3273988, -0.002309068), (0.8965761, -0.4428765, 0.003433785), (0.8559572, -0.3656073, 0.3656073), (0.7668657, -0.376787, 0.5195657), (0.8091137, -0.07239132, -0.5831762), (0.916641, -0.1211306, -0.3809156), (0.9929364, -0.1185813, -0.003965699), (0.9827378, -0.1849826, 0.002811366), (0.9225416, -0.1473858, 0.3566433), (0.8133397, -0.145112, 0.5634014), (0.8133397, 0.145112, -0.5634014), (0.9225416, 0.1473858, -0.3566433), (0.9827378, 0.1849826, -0.002811366), (0.9929364, 0.1185813, 0.003965699), (0.916641, 0.1211306, 0.3809156), (0.8091137, 0.07239132, 0.5831762), (0.7668657, 0.376787, -0.5195657), (0.8559572, 0.3656073, -0.3656073), (0.8965761, 0.4428765, -0.003433785), (0.9448834, 0.3273988, 0.002309068), (0.8844941, 0.3299016, 0.3299016), (0.7900625, 0.2590629, 0.5555967), (0.7745967, 0.4472136, -0.4472136), (0.7668657, 0.5195657, -0.376787), (0.8115774, 0.5842267, -0.004611214), (0.8112418, 0.58471, 0.0009640836), (0.7900625, 0.5555967, 0.2590629), (0.7071068, 0.5, 0.5), (-0.4472136, -0.7745967, -0.4472136), (-0.376787, -0.7668657, -0.5195657), (-0.00212618, -0.8113989, -0.5844889), (0.0004400799, -0.8112421, -0.5847102), (0.2590629, -0.7900625, -0.5555967), (0.5, -0.7071068, -0.5), (-0.5195657, -0.7668657, -0.376787), (-0.3656073, -0.8559572, -0.3656073), (-0.001575834, -0.8960722, -0.4439056), (0.001057297, -0.9450915, -0.3268041), (0.3299016, -0.8844941, -0.3299016), (0.5555967, -0.7900625, -0.2590629), (-0.5842267, -0.8115774, -0.004611214), (-0.4428765, -0.8965761, -0.003433785), (-0.003183188, -0.9999707, -0.006966059), (0.0008377322, -0.999998, -0.001814842), (0.3273988, -0.9448834, -0.002309068), (0.58471, -0.8112418, -0.0009640836), (-0.58471, -0.8112418, 0.0009640836), (-0.3273988, -0.9448834, 0.002309068), (-0.0008377322, -0.999998, 0.001814842), (0.003183188, -0.9999707, 0.006966059), (0.4428765, -0.8965761, 0.003433785), (0.5842267, -0.8115774, 0.004611214), (-0.5555967, -0.7900625, 0.2590629), (-0.3299016, -0.8844941, 0.3299016), (-0.001057297, -0.9450915, 0.3268041), (0.001575834, -0.8960722, 0.4439056), (0.3656073, -0.8559572, 0.3656073), (0.5195657, -0.7668657, 0.376787), (-0.5, -0.7071068, 0.5), (-0.2590629, -0.7900625, 0.5555967), (-0.0004400799, -0.8112421, 0.5847102), (0.00212618, -0.8113989, 0.5844889), (0.376787, -0.7668657, 0.5195657), (0.4472136, -0.7745967, 0.4472136), (-0.5, 0.7071068, -0.5), (-0.2590629, 0.7900625, -0.5555967), (-0.0004400799, 0.8112421, -0.5847102), (0.00212618, 0.8113989, -0.5844889), (0.376787, 0.7668657, -0.5195657), (0.4472136, 0.7745967, -0.4472136), (-0.5555967, 0.7900625, -0.2590629), (-0.3299016, 0.8844941, -0.3299016), (-0.001057297, 0.9450915, -0.3268041), (0.001575834, 0.8960722, -0.4439056), (0.3656073, 0.8559572, -0.3656073), (0.5195657, 0.7668657, -0.376787), (-0.58471, 0.8112418, -0.0009640836), (-0.3273988, 0.9448834, -0.002309068), (-0.0008377322, 0.999998, -0.001814842), (0.003183188, 0.9999707, -0.006966059), (0.4428765, 0.8965761, -0.003433785), (0.5842267, 0.8115774, -0.004611214), (-0.5842267, 0.8115774, 0.004611214), (-0.4428765, 0.8965761, 0.003433785), (-0.003183188, 0.9999707, 0.006966059), (0.0008377322, 0.999998, 0.001814842), (0.3273988, 0.9448834, 0.002309068), (0.58471, 0.8112418, 0.0009640836), (-0.5195657, 0.7668657, 0.376787), (-0.3656073, 0.8559572, 0.3656073), (-0.001575834, 0.8960722, 0.4439056), (0.001057297, 0.9450915, 0.3268041), (0.3299016, 0.8844941, 0.3299016), (0.5555967, 0.7900625, 0.2590629), (-0.4472136, 0.7745967, 0.4472136), (-0.376787, 0.7668657, 0.5195657), (-0.00212618, 0.8113989, 0.5844889), (0.0004400799, 0.8112421, 0.5847102), (0.2590629, 0.7900625, 0.5555967), (0.5, 0.7071068, 0.5), (-0.4472136, -0.4472136, -0.7745967), (-0.5195657, -0.376787, -0.7668657), (-0.5634014, -0.145112, -0.8133397), (-0.5831762, 0.07239132, -0.8091137), (-0.5555967, 0.2590629, -0.7900625), (-0.5, 0.5, -0.7071068), (-0.376787, -0.5195657, -0.7668657), (-0.3656073, -0.3656073, -0.8559572), (-0.3566433, -0.1473858, -0.9225416), (-0.3809156, 0.1211306, -0.916641), (-0.3299016, 0.3299016, -0.8844941), (-0.2590629, 0.5555967, -0.7900625), (-0.00212618, -0.5844889, -0.8113989), (-0.001575834, -0.4439056, -0.8960722), (-0.001287736, -0.1854237, -0.9826578), (-0.001822212, 0.11804, -0.9930072), (-0.001057297, 0.3268041, -0.9450915), (-0.0004400799, 0.5847102, -0.8112421), (0.0004400799, -0.5847102, -0.8112421), (0.001057297, -0.3268041, -0.9450915), (0.001822212, -0.11804, -0.9930072), (0.001287736, 0.1854237, -0.9826578), (0.001575834, 0.4439056, -0.8960722), (0.00212618, 0.5844889, -0.8113989), (0.2590629, -0.5555967, -0.7900625), (0.3299016, -0.3299016, -0.8844941), (0.3809156, -0.1211306, -0.916641), (0.3566433, 0.1473858, -0.9225416), (0.3656073, 0.3656073, -0.8559572), (0.376787, 0.5195657, -0.7668657), (0.5, -0.5, -0.7071068), (0.5555967, -0.2590629, -0.7900625), (0.5831762, -0.07239132, -0.8091137), (0.5634014, 0.145112, -0.8133397), (0.5195657, 0.376787, -0.7668657), (0.4472136, 0.4472136, -0.7745967), (-0.5, -0.5, 0.7071068), (-0.5555967, -0.2590629, 0.7900625), (-0.5831762, -0.07239132, 0.8091137), (-0.5634014, 0.145112, 0.8133397), (-0.5195657, 0.376787, 0.7668657), (-0.4472136, 0.4472136, 0.7745967), (-0.2590629, -0.5555967, 0.7900625), (-0.3299016, -0.3299016, 0.8844941), (-0.3809156, -0.1211306, 0.916641), (-0.3566433, 0.1473858, 0.9225416), (-0.3656073, 0.3656073, 0.8559572), (-0.376787, 0.5195657, 0.7668657), (-0.0004400799, -0.5847102, 0.8112421), (-0.001057297, -0.3268041, 0.9450915), (-0.001822212, -0.11804, 0.9930072), (-0.001287736, 0.1854237, 0.9826578), (-0.001575834, 0.4439056, 0.8960722), (-0.00212618, 0.5844889, 0.8113989), (0.00212618, -0.5844889, 0.8113989), (0.001575834, -0.4439056, 0.8960722), (0.001287736, -0.1854237, 0.9826578), (0.001822212, 0.11804, 0.9930072), (0.001057297, 0.3268041, 0.9450915), (0.0004400799, 0.5847102, 0.8112421), (0.376787, -0.5195657, 0.7668657), (0.3656073, -0.3656073, 0.8559572), (0.3566433, -0.1473858, 0.9225416), (0.3809156, 0.1211306, 0.916641), (0.3299016, 0.3299016, 0.8844941), (0.2590629, 0.5555967, 0.7900625), (0.4472136, -0.4472136, 0.7745967), (0.5195657, -0.376787, 0.7668657), (0.5634014, -0.145112, 0.8133397), (0.5831762, 0.07239132, 0.8091137), (0.5555967, 0.2590629, 0.7900625), (0.5, 0.5, 0.7071068)] (interpolation = "vertex")
            float3[] extent = [(-0.0083125, -0.000436, 0.00648), (-0.0059375, -0.000356, 0.0076)]
            rel material:binding = </WorkbenchPart/Materials/gold>
        }
        def Mesh "SMDComponent_01" (prepend apiSchemas = ["MaterialBindingAPI"])
        {
            uniform token subdivisionScheme = "none"
            uniform token orientation = "rightHanded"
            bool doubleSided = false
            point3f[] points = [(-0.008047285, -0.0003047846, 0.003175215), (-0.0080505, -0.000308, 0.003184), (-0.008051956, -0.0003094558, 0.003196), (-0.008051956, -0.0003094558, 0.004484), (-0.0080505, -0.000308, 0.004496), (-0.008047285, -0.0003047846, 0.004504785), (-0.0080505, -0.000296, 0.003172), (-0.008055894, -0.0002986969, 0.003181303), (-0.008058699, -0.0003000997, 0.003196), (-0.008058699, -0.0003000997, 0.004484), (-0.008055894, -0.0002986969, 0.004498697), (-0.0080505, -0.000296, 0.004508), (-0.008051956, -0.000284, 0.003170544), (-0.008058699, -0.000284, 0.0031799), (-0.0080625, -0.000284, 0.003196), (-0.0080625, -0.000284, 0.004484), (-0.008058699, -0.000284, 0.0045001), (-0.008051956, -0.000284, 0.004509456), (-0.008051956, 4.4e-05, 0.003170544), (-0.008058699, 4.4e-05, 0.0031799), (-0.0080625, 4.4e-05, 0.003196), (-0.0080625, 4.4e-05, 0.004484), (-0.008058699, 4.4e-05, 0.0045001), (-0.008051956, 4.4e-05, 0.004509456), (-0.0080505, 5.6e-05, 0.003172), (-0.008055894, 5.869694e-05, 0.003181303), (-0.008058699, 6.009969e-05, 0.003196), (-0.008058699, 6.009969e-05, 0.004484), (-0.008055894, 5.869694e-05, 0.004498697), (-0.0080505, 5.6e-05, 0.004508), (-0.008047285, 6.478461e-05, 0.003175215), (-0.0080505, 6.8e-05, 0.003184), (-0.008051956, 6.945584e-05, 0.003196), (-0.008051956, 6.945584e-05, 0.004484), (-0.0080505, 6.8e-05, 0.004496), (-0.008047285, 6.478461e-05, 0.004504785), (-0.006202715, -0.0003047846, 0.003175215), (-0.0061995, -0.000308, 0.003184), (-0.006198044, -0.0003094558, 0.003196), (-0.006198044, -0.0003094558, 0.004484), (-0.0061995, -0.000308, 0.004496), (-0.006202715, -0.0003047846, 0.004504785), (-0.0061995, -0.000296, 0.003172), (-0.006194106, -0.0002986969, 0.003181303), (-0.006191301, -0.0003000997, 0.003196), (-0.006191301, -0.0003000997, 0.004484), (-0.006194106, -0.0002986969, 0.004498697), (-0.0061995, -0.000296, 0.004508), (-0.006198044, -0.000284, 0.003170544), (-0.006191301, -0.000284, 0.0031799), (-0.0061875, -0.000284, 0.003196), (-0.0061875, -0.000284, 0.004484), (-0.006191301, -0.000284, 0.0045001), (-0.006198044, -0.000284, 0.004509456), (-0.006198044, 4.4e-05, 0.003170544), (-0.006191301, 4.4e-05, 0.0031799), (-0.0061875, 4.4e-05, 0.003196), (-0.0061875, 4.4e-05, 0.004484), (-0.006191301, 4.4e-05, 0.0045001), (-0.006198044, 4.4e-05, 0.004509456), (-0.0061995, 5.6e-05, 0.003172), (-0.006194106, 5.869694e-05, 0.003181303), (-0.006191301, 6.009969e-05, 0.003196), (-0.006191301, 6.009969e-05, 0.004484), (-0.006194106, 5.869694e-05, 0.004498697), (-0.0061995, 5.6e-05, 0.004508), (-0.006202715, 6.478461e-05, 0.003175215), (-0.0061995, 6.8e-05, 0.003184), (-0.006198044, 6.945584e-05, 0.003196), (-0.006198044, 6.945584e-05, 0.004484), (-0.0061995, 6.8e-05, 0.004496), (-0.006202715, 6.478461e-05, 0.004504785), (-0.008047285, -0.0003047846, 0.003175215), (-0.0080385, -0.000308, 0.003172), (-0.0080265, -0.0003094558, 0.003170544), (-0.0062235, -0.0003094558, 0.003170544), (-0.0062115, -0.000308, 0.003172), (-0.006202715, -0.0003047846, 0.003175215), (-0.0080505, -0.000308, 0.003184), (-0.008041197, -0.0003133939, 0.003181303), (-0.0080265, -0.0003161994, 0.0031799), (-0.0062235, -0.0003161994, 0.0031799), (-0.006208803, -0.0003133939, 0.003181303), (-0.0061995, -0.000308, 0.003184), (-0.008051956, -0.0003094558, 0.003196), (-0.0080426, -0.0003161994, 0.003196), (-0.0080265, -0.00032, 0.003196), (-0.0062235, -0.00032, 0.003196), (-0.0062074, -0.0003161994, 0.003196), (-0.006198044, -0.0003094558, 0.003196), (-0.008051956, -0.0003094558, 0.004484), (-0.0080426, -0.0003161994, 0.004484), (-0.0080265, -0.00032, 0.004484), (-0.0062235, -0.00032, 0.004484), (-0.0062074, -0.0003161994, 0.004484), (-0.006198044, -0.0003094558, 0.004484), (-0.0080505, -0.000308, 0.004496), (-0.008041197, -0.0003133939, 0.004498697), (-0.0080265, -0.0003161994, 0.0045001), (-0.0062235, -0.0003161994, 0.0045001), (-0.006208803, -0.0003133939, 0.004498697), (-0.0061995, -0.000308, 0.004496), (-0.008047285, -0.0003047846, 0.004504785), (-0.0080385, -0.000308, 0.004508), (-0.0080265, -0.0003094558, 0.004509456), (-0.0062235, -0.0003094558, 0.004509456), (-0.0062115, -0.000308, 0.004508), (-0.006202715, -0.0003047846, 0.004504785), (-0.008047285, 6.478461e-05, 0.003175215), (-0.0080385, 6.8e-05, 0.003172), (-0.0080265, 6.945584e-05, 0.003170544), (-0.0062235, 6.945584e-05, 0.003170544), (-0.0062115, 6.8e-05, 0.003172), (-0.006202715, 6.478461e-05, 0.003175215), (-0.0080505, 6.8e-05, 0.003184), (-0.008041197, 7.339388e-05, 0.003181303), (-0.0080265, 7.619938e-05, 0.0031799), (-0.0062235, 7.619938e-05, 0.0031799), (-0.006208803, 7.339388e-05, 0.003181303), (-0.0061995, 6.8e-05, 0.003184), (-0.008051956, 6.945584e-05, 0.003196), (-0.0080426, 7.619938e-05, 0.003196), (-0.0080265, 8e-05, 0.003196), (-0.0062235, 8e-05, 0.003196), (-0.0062074, 7.619938e-05, 0.003196), (-0.006198044, 6.945584e-05, 0.003196), (-0.008051956, 6.945584e-05, 0.004484), (-0.0080426, 7.619938e-05, 0.004484), (-0.0080265, 8e-05, 0.004484), (-0.0062235, 8e-05, 0.004484), (-0.0062074, 7.619938e-05, 0.004484), (-0.006198044, 6.945584e-05, 0.004484), (-0.0080505, 6.8e-05, 0.004496), (-0.008041197, 7.339388e-05, 0.004498697), (-0.0080265, 7.619938e-05, 0.0045001), (-0.0062235, 7.619938e-05, 0.0045001), (-0.006208803, 7.339388e-05, 0.004498697), (-0.0061995, 6.8e-05, 0.004496), (-0.008047285, 6.478461e-05, 0.004504785), (-0.0080385, 6.8e-05, 0.004508), (-0.0080265, 6.945584e-05, 0.004509456), (-0.0062235, 6.945584e-05, 0.004509456), (-0.0062115, 6.8e-05, 0.004508), (-0.006202715, 6.478461e-05, 0.004504785), (-0.008047285, -0.0003047846, 0.003175215), (-0.0080505, -0.000296, 0.003172), (-0.008051956, -0.000284, 0.003170544), (-0.008051956, 4.4e-05, 0.003170544), (-0.0080505, 5.6e-05, 0.003172), (-0.008047285, 6.478461e-05, 0.003175215), (-0.0080385, -0.000308, 0.003172), (-0.008041197, -0.0002986969, 0.003166606), (-0.0080426, -0.000284, 0.003163801), (-0.0080426, 4.4e-05, 0.003163801), (-0.008041197, 5.869694e-05, 0.003166606), (-0.0080385, 6.8e-05, 0.003172), (-0.0080265, -0.0003094558, 0.003170544), (-0.0080265, -0.0003000997, 0.003163801), (-0.0080265, -0.000284, 0.00316), (-0.0080265, 4.4e-05, 0.00316), (-0.0080265, 6.009969e-05, 0.003163801), (-0.0080265, 6.945584e-05, 0.003170544), (-0.0062235, -0.0003094558, 0.003170544), (-0.0062235, -0.0003000997, 0.003163801), (-0.0062235, -0.000284, 0.00316), (-0.0062235, 4.4e-05, 0.00316), (-0.0062235, 6.009969e-05, 0.003163801), (-0.0062235, 6.945584e-05, 0.003170544), (-0.0062115, -0.000308, 0.003172), (-0.006208803, -0.0002986969, 0.003166606), (-0.0062074, -0.000284, 0.003163801), (-0.0062074, 4.4e-05, 0.003163801), (-0.006208803, 5.869694e-05, 0.003166606), (-0.0062115, 6.8e-05, 0.003172), (-0.006202715, -0.0003047846, 0.003175215), (-0.0061995, -0.000296, 0.003172), (-0.006198044, -0.000284, 0.003170544), (-0.006198044, 4.4e-05, 0.003170544), (-0.0061995, 5.6e-05, 0.003172), (-0.006202715, 6.478461e-05, 0.003175215), (-0.008047285, -0.0003047846, 0.004504785), (-0.0080505, -0.000296, 0.004508), (-0.008051956, -0.000284, 0.004509456), (-0.008051956, 4.4e-05, 0.004509456), (-0.0080505, 5.6e-05, 0.004508), (-0.008047285, 6.478461e-05, 0.004504785), (-0.0080385, -0.000308, 0.004508), (-0.008041197, -0.0002986969, 0.004513394), (-0.0080426, -0.000284, 0.004516199), (-0.0080426, 4.4e-05, 0.004516199), (-0.008041197, 5.869694e-05, 0.004513394), (-0.0080385, 6.8e-05, 0.004508), (-0.0080265, -0.0003094558, 0.004509456), (-0.0080265, -0.0003000997, 0.004516199), (-0.0080265, -0.000284, 0.00452), (-0.0080265, 4.4e-05, 0.00452), (-0.0080265, 6.009969e-05, 0.004516199), (-0.0080265, 6.945584e-05, 0.004509456), (-0.0062235, -0.0003094558, 0.004509456), (-0.0062235, -0.0003000997, 0.004516199), (-0.0062235, -0.000284, 0.00452), (-0.0062235, 4.4e-05, 0.00452), (-0.0062235, 6.009969e-05, 0.004516199), (-0.0062235, 6.945584e-05, 0.004509456), (-0.0062115, -0.000308, 0.004508), (-0.006208803, -0.0002986969, 0.004513394), (-0.0062074, -0.000284, 0.004516199), (-0.0062074, 4.4e-05, 0.004516199), (-0.006208803, 5.869694e-05, 0.004513394), (-0.0062115, 6.8e-05, 0.004508), (-0.006202715, -0.0003047846, 0.004504785), (-0.0061995, -0.000296, 0.004508), (-0.006198044, -0.000284, 0.004509456), (-0.006198044, 4.4e-05, 0.004509456), (-0.0061995, 5.6e-05, 0.004508), (-0.006202715, 6.478461e-05, 0.004504785)]
            int[] faceVertexCounts = [3, 3, 3, 3, 3, 3, 3, 3, 3, 3, 3, 3, 3, 3, 3, 3, 3, 3, 3, 3, 3, 3, 3, 3, 3, 3, 3, 3, 3, 3, 3, 3, 3, 3, 3, 3, 3, 3, 3, 3, 3, 3, 3, 3, 3, 3, 3, 3, 3, 3, 3, 3, 3, 3, 3, 3, 3, 3, 3, 3, 3, 3, 3, 3, 3, 3, 3, 3, 3, 3, 3, 3, 3, 3, 3, 3, 3, 3, 3, 3, 3, 3, 3, 3, 3, 3, 3, 3, 3, 3, 3, 3, 3, 3, 3, 3, 3, 3, 3, 3, 3, 3, 3, 3, 3, 3, 3, 3, 3, 3, 3, 3, 3, 3, 3, 3, 3, 3, 3, 3, 3, 3, 3, 3, 3, 3, 3, 3, 3, 3, 3, 3, 3, 3, 3, 3, 3, 3, 3, 3, 3, 3, 3, 3, 3, 3, 3, 3, 3, 3, 3, 3, 3, 3, 3, 3, 3, 3, 3, 3, 3, 3, 3, 3, 3, 3, 3, 3, 3, 3, 3, 3, 3, 3, 3, 3, 3, 3, 3, 3, 3, 3, 3, 3, 3, 3, 3, 3, 3, 3, 3, 3, 3, 3, 3, 3, 3, 3, 3, 3, 3, 3, 3, 3, 3, 3, 3, 3, 3, 3, 3, 3, 3, 3, 3, 3, 3, 3, 3, 3, 3, 3, 3, 3, 3, 3, 3, 3, 3, 3, 3, 3, 3, 3, 3, 3, 3, 3, 3, 3, 3, 3, 3, 3, 3, 3, 3, 3, 3, 3, 3, 3, 3, 3, 3, 3, 3, 3, 3, 3, 3, 3, 3, 3, 3, 3, 3, 3, 3, 3, 3, 3, 3, 3, 3, 3, 3, 3, 3, 3, 3, 3, 3, 3, 3, 3, 3, 3, 3, 3, 3, 3, 3, 3, 3, 3, 3, 3, 3, 3]
            int[] faceVertexIndices = [1, 7, 6, 1, 6, 0, 2, 8, 7, 2, 7, 1, 3, 9, 8, 3, 8, 2, 4, 10, 9, 4, 9, 3, 5, 11, 10, 5, 10, 4, 7, 13, 12, 7, 12, 6, 8, 14, 13, 8, 13, 7, 9, 15, 14, 9, 14, 8, 10, 16, 15, 10, 15, 9, 11, 17, 16, 11, 16, 10, 13, 19, 18, 13, 18, 12, 14, 20, 19, 14, 19, 13, 15, 21, 20, 15, 20, 14, 16, 22, 21, 16, 21, 15, 17, 23, 22, 17, 22, 16, 19, 25, 24, 19, 24, 18, 20, 26, 25, 20, 25, 19, 21, 27, 26, 21, 26, 20, 22, 28, 27, 22, 27, 21, 23, 29, 28, 23, 28, 22, 25, 31, 30, 25, 30, 24, 26, 32, 31, 26, 31, 25, 27, 33, 32, 27, 32, 26, 28, 34, 33, 28, 33, 27, 29, 35, 34, 29, 34, 28, 36, 42, 43, 36, 43, 37, 37, 43, 44, 37, 44, 38, 38, 44, 45, 38, 45, 39, 39, 45, 46, 39, 46, 40, 40, 46, 47, 40, 47, 41, 42, 48, 49, 42, 49, 43, 43, 49, 50, 43, 50, 44, 44, 50, 51, 44, 51, 45, 45, 51, 52, 45, 52, 46, 46, 52, 53, 46, 53, 47, 48, 54, 55, 48, 55, 49, 49, 55, 56, 49, 56, 50, 50, 56, 57, 50, 57, 51, 51, 57, 58, 51, 58, 52, 52, 58, 59, 52, 59, 53, 54, 60, 61, 54, 61, 55, 55, 61, 62, 55, 62, 56, 56, 62, 63, 56, 63, 57, 57, 63, 64, 57, 64, 58, 58, 64, 65, 58, 65, 59, 60, 66, 67, 60, 67, 61, 61, 67, 68, 61, 68, 62, 62, 68, 69, 62, 69, 63, 63, 69, 70, 63, 70, 64, 64, 70, 71, 64, 71, 65, 73, 79, 78, 73, 78, 72, 74, 80, 79, 74, 79, 73, 75, 81, 80, 75, 80, 74, 76, 82, 81, 76, 81, 75, 77, 83, 82, 77, 82, 76, 79, 85, 84, 79, 84, 78, 80, 86, 85, 80, 85, 79, 81, 87, 86, 81, 86, 80, 82, 88, 87, 82, 87, 81, 83, 89, 88, 83, 88, 82, 85, 91, 90, 85, 90, 84, 86, 92, 91, 86, 91, 85, 87, 93, 92, 87, 92, 86, 88, 94, 93, 88, 93, 87, 89, 95, 94, 89, 94, 88, 91, 97, 96, 91, 96, 90, 92, 98, 97, 92, 97, 91, 93, 99, 98, 93, 98, 92, 94, 100, 99, 94, 99, 93, 95, 101, 100, 95, 100, 94, 97, 103, 102, 97, 102, 96, 98, 104, 103, 98, 103, 97, 99, 105, 104, 99, 104, 98, 100, 106, 105, 100, 105, 99, 101, 107, 106, 101, 106, 100, 108, 114, 115, 108, 115, 109, 109, 115, 116, 109, 116, 110, 110, 116, 117, 110, 117, 111, 111, 117, 118, 111, 118, 112, 112, 118, 119, 112, 119, 113, 114, 120, 121, 114, 121, 115, 115, 121, 122, 115, 122, 116, 116, 122, 123, 116, 123, 117, 117, 123, 124, 117, 124, 118, 118, 124, 125, 118, 125, 119, 120, 126, 127, 120, 127, 121, 121, 127, 128, 121, 128, 122, 122, 128, 129, 122, 129, 123, 123, 129, 130, 123, 130, 124, 124, 130, 131, 124, 131, 125, 126, 132, 133, 126, 133, 127, 127, 133, 134, 127, 134, 128, 128, 134, 135, 128, 135, 129, 129, 135, 136, 129, 136, 130, 130, 136, 137, 130, 137, 131, 132, 138, 139, 132, 139, 133, 133, 139, 140, 133, 140, 134, 134, 140, 141, 134, 141, 135, 135, 141, 142, 135, 142, 136, 136, 142, 143, 136, 143, 137, 145, 151, 150, 145, 150, 144, 146, 152, 151, 146, 151, 145, 147, 153, 152, 147, 152, 146, 148, 154, 153, 148, 153, 147, 149, 155, 154, 149, 154, 148, 151, 157, 156, 151, 156, 150, 152, 158, 157, 152, 157, 151, 153, 159, 158, 153, 158, 152, 154, 160, 159, 154, 159, 153, 155, 161, 160, 155, 160, 154, 157, 163, 162, 157, 162, 156, 158, 164, 163, 158, 163, 157, 159, 165, 164, 159, 164, 158, 160, 166, 165, 160, 165, 159, 161, 167, 166, 161, 166, 160, 163, 169, 168, 163, 168, 162, 164, 170, 169, 164, 169, 163, 165, 171, 170, 165, 170, 164, 166, 172, 171, 166, 171, 165, 167, 173, 172, 167, 172, 166, 169, 175, 174, 169, 174, 168, 170, 176, 175, 170, 175, 169, 171, 177, 176, 171, 176, 170, 172, 178, 177, 172, 177, 171, 173, 179, 178, 173, 178, 172, 180, 186, 187, 180, 187, 181, 181, 187, 188, 181, 188, 182, 182, 188, 189, 182, 189, 183, 183, 189, 190, 183, 190, 184, 184, 190, 191, 184, 191, 185, 186, 192, 193, 186, 193, 187, 187, 193, 194, 187, 194, 188, 188, 194, 195, 188, 195, 189, 189, 195, 196, 189, 196, 190, 190, 196, 197, 190, 197, 191, 192, 198, 199, 192, 199, 193, 193, 199, 200, 193, 200, 194, 194, 200, 201, 194, 201, 195, 195, 201, 202, 195, 202, 196, 196, 202, 203, 196, 203, 197, 198, 204, 205, 198, 205, 199, 199, 205, 206, 199, 206, 200, 200, 206, 207, 200, 207, 201, 201, 207, 208, 201, 208, 202, 202, 208, 209, 202, 209, 203, 204, 210, 211, 204, 211, 205, 205, 211, 212, 205, 212, 206, 206, 212, 213, 206, 213, 207, 207, 213, 214, 207, 214, 208, 208, 214, 215, 208, 215, 209]
            normal3f[] normals = [(-0.7745967, -0.4472136, -0.4472136), (-0.7668657, -0.5195657, -0.376787), (-0.8115175, -0.584316, -0.003768839), (-0.8112419, -0.5847101, 0.0007852738), (-0.7900625, -0.5555967, 0.2590629), (-0.7071068, -0.5, 0.5), (-0.7668657, -0.376787, -0.5195657), (-0.8559572, -0.3656073, -0.3656073), (-0.8964052, -0.4432267, -0.002802013), (-0.9449545, -0.3271964, 0.001882787), (-0.8844941, -0.3299016, 0.3299016), (-0.7900625, -0.2590629, 0.5555967), (-0.8122054, -0.01399524, -0.5832036), (-0.8984826, -0.01061118, -0.4388808), (-0.9997703, -0.02074602, -0.005379189), (-0.9999823, -0.005739457, 0.001552568), (-0.9440529, -0.007198359, 0.3297154), (-0.8112384, -0.003042335, 0.5847076), (-0.8112384, 0.003042335, -0.5847076), (-0.9440529, 0.007198359, -0.3297154), (-0.9999823, 0.005739457, -0.001552568), (-0.9997703, 0.02074602, 0.005379189), (-0.8984826, 0.01061118, 0.4388808), (-0.8122054, 0.01399524, 0.5832036), (-0.7900625, 0.2590629, -0.5555967), (-0.8844941, 0.3299016, -0.3299016), (-0.9449545, 0.3271964, -0.001882787), (-0.8964052, 0.4432267, 0.002802013), (-0.8559572, 0.3656073, 0.3656073), (-0.7668657, 0.376787, 0.5195657), (-0.7071068, 0.5, -0.5), (-0.7900625, 0.5555967, -0.2590629), (-0.8112419, 0.5847101, -0.0007852738), (-0.8115175, 0.584316, 0.003768839), (-0.7668657, 0.5195657, 0.376787), (-0.7745967, 0.4472136, 0.4472136), (0.7071068, -0.5, -0.5), (0.7900625, -0.5555967, -0.2590629), (0.8112419, -0.5847101, -0.0007852738), (0.8115175, -0.584316, 0.003768839), (0.7668657, -0.5195657, 0.376787), (0.7745967, -0.4472136, 0.4472136), (0.7900625, -0.2590629, -0.5555967), (0.8844941, -0.3299016, -0.3299016), (0.9449545, -0.3271964, -0.001882787), (0.8964052, -0.4432267, 0.002802013), (0.8559572, -0.3656073, 0.3656073), (0.7668657, -0.376787, 0.5195657), (0.8112384, -0.003042335, -0.5847076), (0.9440529, -0.007198359, -0.3297154), (0.9999823, -0.005739457, -0.001552568), (0.9997703, -0.02074602, 0.005379189), (0.8984826, -0.01061118, 0.4388808), (0.8122054, -0.01399524, 0.5832036), (0.8122054, 0.01399524, -0.5832036), (0.8984826, 0.01061118, -0.4388808), (0.9997703, 0.02074602, -0.005379189), (0.9999823, 0.005739457, 0.001552568), (0.9440529, 0.007198359, 0.3297154), (0.8112384, 0.003042335, 0.5847076), (0.7668657, 0.376787, -0.5195657), (0.8559572, 0.3656073, -0.3656073), (0.8964052, 0.4432267, -0.002802013), (0.9449545, 0.3271964, 0.001882787), (0.8844941, 0.3299016, 0.3299016), (0.7900625, 0.2590629, 0.5555967), (0.7745967, 0.4472136, -0.4472136), (0.7668657, 0.5195657, -0.376787), (0.8115175, 0.584316, -0.003768839), (0.8112419, 0.5847101, 0.0007852738), (0.7900625, 0.5555967, 0.2590629), (0.7071068, 0.5, 0.5), (-0.4472136, -0.7745967, -0.4472136), (-0.376787, -0.7668657, -0.5195657), (-0.002707496, -0.8114411, -0.5844279), (0.0005617161, -0.8112421, -0.5847102), (0.2590629, -0.7900625, -0.5555967), (0.5, -0.7071068, -0.5), (-0.5195657, -0.7668657, -0.376787), (-0.3656073, -0.8559572, -0.3656073), (-0.002008891, -0.89619, -0.4436659), (0.00134856, -0.9450432, -0.3269426), (0.3299016, -0.8844941, -0.3299016), (0.5555967, -0.7900625, -0.2590629), (-0.584316, -0.8115175, -0.003768839), (-0.4432267, -0.8964052, -0.002802013), (-0.004067357, -0.9999756, -0.005683567), (0.001065346, -0.9999983, -0.00148226), (0.3271964, -0.9449545, -0.001882787), (0.5847101, -0.8112419, -0.0007852738), (-0.5847101, -0.8112419, 0.0007852738), (-0.3271964, -0.9449545, 0.001882787), (-0.001065346, -0.9999983, 0.00148226), (0.004067357, -0.9999756, 0.005683567), (0.4432267, -0.8964052, 0.002802013), (0.584316, -0.8115175, 0.003768839), (-0.5555967, -0.7900625, 0.2590629), (-0.3299016, -0.8844941, 0.3299016), (-0.00134856, -0.9450432, 0.3269426), (0.002008891, -0.89619, 0.4436659), (0.3656073, -0.8559572, 0.3656073), (0.5195657, -0.7668657, 0.376787), (-0.5, -0.7071068, 0.5), (-0.2590629, -0.7900625, 0.5555967), (-0.0005617161, -0.8112421, 0.5847102), (0.002707496, -0.8114411, 0.5844279), (0.376787, -0.7668657, 0.5195657), (0.4472136, -0.7745967, 0.4472136), (-0.5, 0.7071068, -0.5), (-0.2590629, 0.7900625, -0.5555967), (-0.0005617161, 0.8112421, -0.5847102), (0.002707496, 0.8114411, -0.5844279), (0.376787, 0.7668657, -0.5195657), (0.4472136, 0.7745967, -0.4472136), (-0.5555967, 0.7900625, -0.2590629), (-0.3299016, 0.8844941, -0.3299016), (-0.00134856, 0.9450432, -0.3269426), (0.002008891, 0.89619, -0.4436659), (0.3656073, 0.8559572, -0.3656073), (0.5195657, 0.7668657, -0.376787), (-0.5847101, 0.8112419, -0.0007852738), (-0.3271964, 0.9449545, -0.001882787), (-0.001065346, 0.9999983, -0.00148226), (0.004067357, 0.9999756, -0.005683567), (0.4432267, 0.8964052, -0.002802013), (0.584316, 0.8115175, -0.003768839), (-0.584316, 0.8115175, 0.003768839), (-0.4432267, 0.8964052, 0.002802013), (-0.004067357, 0.9999756, 0.005683567), (0.001065346, 0.9999983, 0.00148226), (0.3271964, 0.9449545, 0.001882787), (0.5847101, 0.8112419, 0.0007852738), (-0.5195657, 0.7668657, 0.376787), (-0.3656073, 0.8559572, 0.3656073), (-0.002008891, 0.89619, 0.4436659), (0.00134856, 0.9450432, 0.3269426), (0.3299016, 0.8844941, 0.3299016), (0.5555967, 0.7900625, 0.2590629), (-0.4472136, 0.7745967, 0.4472136), (-0.376787, 0.7668657, 0.5195657), (-0.002707496, 0.8114411, 0.5844279), (0.0005617161, 0.8112421, 0.5847102), (0.2590629, 0.7900625, 0.5555967), (0.5, 0.7071068, 0.5), (-0.4472136, -0.4472136, -0.7745967), (-0.5195657, -0.376787, -0.7668657), (-0.5832036, -0.01399524, -0.8122054), (-0.5847076, 0.003042335, -0.8112384), (-0.5555967, 0.2590629, -0.7900625), (-0.5, 0.5, -0.7071068), (-0.376787, -0.5195657, -0.7668657), (-0.3656073, -0.3656073, -0.8559572), (-0.4388808, -0.01061118, -0.8984826), (-0.3297154, 0.007198359, -0.9440529), (-0.3299016, 0.3299016, -0.8844941), (-0.2590629, 0.5555967, -0.7900625), (-0.002707496, -0.5844279, -0.8114411), (-0.002008891, -0.4436659, -0.89619), (-0.003867903, -0.02084502, -0.9997752), (-0.001111197, 0.00571538, -0.999983), (-0.00134856, 0.3269426, -0.9450432), (-0.0005617161, 0.5847102, -0.8112421), (0.0005617161, -0.5847102, -0.8112421), (0.00134856, -0.3269426, -0.9450432), (0.001111197, -0.00571538, -0.999983), (0.003867903, 0.02084502, -0.9997752), (0.002008891, 0.4436659, -0.89619), (0.002707496, 0.5844279, -0.8114411), (0.2590629, -0.5555967, -0.7900625), (0.3299016, -0.3299016, -0.8844941), (0.3297154, -0.007198359, -0.9440529), (0.4388808, 0.01061118, -0.8984826), (0.3656073, 0.3656073, -0.8559572), (0.376787, 0.5195657, -0.7668657), (0.5, -0.5, -0.7071068), (0.5555967, -0.2590629, -0.7900625), (0.5847076, -0.003042335, -0.8112384), (0.5832036, 0.01399524, -0.8122054), (0.5195657, 0.376787, -0.7668657), (0.4472136, 0.4472136, -0.7745967), (-0.5, -0.5, 0.7071068), (-0.5555967, -0.2590629, 0.7900625), (-0.5847076, -0.003042335, 0.8112384), (-0.5832036, 0.01399524, 0.8122054), (-0.5195657, 0.376787, 0.7668657), (-0.4472136, 0.4472136, 0.7745967), (-0.2590629, -0.5555967, 0.7900625), (-0.3299016, -0.3299016, 0.8844941), (-0.3297154, -0.007198359, 0.9440529), (-0.4388808, 0.01061118, 0.8984826), (-0.3656073, 0.3656073, 0.8559572), (-0.376787, 0.5195657, 0.7668657), (-0.0005617161, -0.5847102, 0.8112421), (-0.00134856, -0.3269426, 0.9450432), (-0.001111197, -0.00571538, 0.999983), (-0.003867903, 0.02084502, 0.9997752), (-0.002008891, 0.4436659, 0.89619), (-0.002707496, 0.5844279, 0.8114411), (0.002707496, -0.5844279, 0.8114411), (0.002008891, -0.4436659, 0.89619), (0.003867903, -0.02084502, 0.9997752), (0.001111197, 0.00571538, 0.999983), (0.00134856, 0.3269426, 0.9450432), (0.0005617161, 0.5847102, 0.8112421), (0.376787, -0.5195657, 0.7668657), (0.3656073, -0.3656073, 0.8559572), (0.4388808, -0.01061118, 0.8984826), (0.3297154, 0.007198359, 0.9440529), (0.3299016, 0.3299016, 0.8844941), (0.2590629, 0.5555967, 0.7900625), (0.4472136, -0.4472136, 0.7745967), (0.5195657, -0.376787, 0.7668657), (0.5832036, -0.01399524, 0.8122054), (0.5847076, 0.003042335, 0.8112384), (0.5555967, 0.2590629, 0.7900625), (0.5, 0.5, 0.7071068)] (interpolation = "vertex")
            float3[] extent = [(-0.0080625, -0.00032, 0.00316), (-0.0061875, 8e-05, 0.00452)]
            rel material:binding = </WorkbenchPart/Materials/silicon>
        }
        def Mesh "SMDEndTermination_01" (prepend apiSchemas = ["MaterialBindingAPI"])
        {
            uniform token subdivisionScheme = "none"
            uniform token orientation = "rightHanded"
            bool doubleSided = false
            point3f[] points = [(-0.008061731, -0.0003258564, 0.003156544), (-0.008063875, -0.000328, 0.0031624), (-0.008064846, -0.0003289706, 0.0031704), (-0.008064846, -0.0003289706, 0.0045096), (-0.008063875, -0.000328, 0.0045176), (-0.008061731, -0.0003258564, 0.004523456), (-0.008063875, -0.00032, 0.0031544), (-0.008067471, -0.000321798, 0.003160602), (-0.008069341, -0.0003227331, 0.0031704), (-0.008069341, -0.0003227331, 0.0045096), (-0.008067471, -0.000321798, 0.004519398), (-0.008063875, -0.00032, 0.0045256), (-0.008064846, -0.000312, 0.003153429), (-0.008069341, -0.000312, 0.003159667), (-0.008071875, -0.000312, 0.0031704), (-0.008071875, -0.000312, 0.0045096), (-0.008069341, -0.000312, 0.004520333), (-0.008064846, -0.000312, 0.004526571), (-0.008064846, 7.2e-05, 0.003153429), (-0.008069341, 7.2e-05, 0.003159667), (-0.008071875, 7.2e-05, 0.0031704), (-0.008071875, 7.2e-05, 0.0045096), (-0.008069341, 7.2e-05, 0.004520333), (-0.008064846, 7.2e-05, 0.004526571), (-0.008063875, 8e-05, 0.0031544), (-0.008067471, 8.179796e-05, 0.003160602), (-0.008069341, 8.273313e-05, 0.0031704), (-0.008069341, 8.273313e-05, 0.0045096), (-0.008067471, 8.179796e-05, 0.004519398), (-0.008063875, 8e-05, 0.0045256), (-0.008061731, 8.585641e-05, 0.003156544), (-0.008063875, 8.8e-05, 0.0031624), (-0.008064846, 8.897056e-05, 0.0031704), (-0.008064846, 8.897056e-05, 0.0045096), (-0.008063875, 8.8e-05, 0.0045176), (-0.008061731, 8.585641e-05, 0.004523456), (-0.007763269, -0.0003258564, 0.003156544), (-0.007761125, -0.000328, 0.0031624), (-0.007760154, -0.0003289706, 0.0031704), (-0.007760154, -0.0003289706, 0.0045096), (-0.007761125, -0.000328, 0.0045176), (-0.007763269, -0.0003258564, 0.004523456), (-0.007761125, -0.00032, 0.0031544), (-0.007757529, -0.000321798, 0.003160602), (-0.007755659, -0.0003227331, 0.0031704), (-0.007755659, -0.0003227331, 0.0045096), (-0.007757529, -0.000321798, 0.004519398), (-0.007761125, -0.00032, 0.0045256), (-0.007760154, -0.000312, 0.003153429), (-0.007755659, -0.000312, 0.003159667), (-0.007753125, -0.000312, 0.0031704), (-0.007753125, -0.000312, 0.0045096), (-0.007755659, -0.000312, 0.004520333), (-0.007760154, -0.000312, 0.004526571), (-0.007760154, 7.2e-05, 0.003153429), (-0.007755659, 7.2e-05, 0.003159667), (-0.007753125, 7.2e-05, 0.0031704), (-0.007753125, 7.2e-05, 0.0045096), (-0.007755659, 7.2e-05, 0.004520333), (-0.007760154, 7.2e-05, 0.004526571), (-0.007761125, 8e-05, 0.0031544), (-0.007757529, 8.179796e-05, 0.003160602), (-0.007755659, 8.273313e-05, 0.0031704), (-0.007755659, 8.273313e-05, 0.0045096), (-0.007757529, 8.179796e-05, 0.004519398), (-0.007761125, 8e-05, 0.0045256), (-0.007763269, 8.585641e-05, 0.003156544), (-0.007761125, 8.8e-05, 0.0031624), (-0.007760154, 8.897056e-05, 0.0031704), (-0.007760154, 8.897056e-05, 0.0045096), (-0.007761125, 8.8e-05, 0.0045176), (-0.007763269, 8.585641e-05, 0.004523456), (-0.008061731, -0.0003258564, 0.003156544), (-0.008055875, -0.000328, 0.0031544), (-0.008047875, -0.0003289706, 0.003153429), (-0.007777125, -0.0003289706, 0.003153429), (-0.007769125, -0.000328, 0.0031544), (-0.007763269, -0.0003258564, 0.003156544), (-0.008063875, -0.000328, 0.0031624), (-0.008057673, -0.0003315959, 0.003160602), (-0.008047875, -0.0003334663, 0.003159667), (-0.007777125, -0.0003334663, 0.003159667), (-0.007767327, -0.0003315959, 0.003160602), (-0.007761125, -0.000328, 0.0031624), (-0.008064846, -0.0003289706, 0.0031704), (-0.008058608, -0.0003334663, 0.0031704), (-0.008047875, -0.000336, 0.0031704), (-0.007777125, -0.000336, 0.0031704), (-0.007766392, -0.0003334663, 0.0031704), (-0.007760154, -0.0003289706, 0.0031704), (-0.008064846, -0.0003289706, 0.0045096), (-0.008058608, -0.0003334663, 0.0045096), (-0.008047875, -0.000336, 0.0045096), (-0.007777125, -0.000336, 0.0045096), (-0.007766392, -0.0003334663, 0.0045096), (-0.007760154, -0.0003289706, 0.0045096), (-0.008063875, -0.000328, 0.0045176), (-0.008057673, -0.0003315959, 0.004519398), (-0.008047875, -0.0003334663, 0.004520333), (-0.007777125, -0.0003334663, 0.004520333), (-0.007767327, -0.0003315959, 0.004519398), (-0.007761125, -0.000328, 0.0045176), (-0.008061731, -0.0003258564, 0.004523456), (-0.008055875, -0.000328, 0.0045256), (-0.008047875, -0.0003289706, 0.004526571), (-0.007777125, -0.0003289706, 0.004526571), (-0.007769125, -0.000328, 0.0045256), (-0.007763269, -0.0003258564, 0.004523456), (-0.008061731, 8.585641e-05, 0.003156544), (-0.008055875, 8.8e-05, 0.0031544), (-0.008047875, 8.897056e-05, 0.003153429), (-0.007777125, 8.897056e-05, 0.003153429), (-0.007769125, 8.8e-05, 0.0031544), (-0.007763269, 8.585641e-05, 0.003156544), (-0.008063875, 8.8e-05, 0.0031624), (-0.008057673, 9.159592e-05, 0.003160602), (-0.008047875, 9.346625e-05, 0.003159667), (-0.007777125, 9.346625e-05, 0.003159667), (-0.007767327, 9.159592e-05, 0.003160602), (-0.007761125, 8.8e-05, 0.0031624), (-0.008064846, 8.897056e-05, 0.0031704), (-0.008058608, 9.346625e-05, 0.0031704), (-0.008047875, 9.6e-05, 0.0031704), (-0.007777125, 9.6e-05, 0.0031704), (-0.007766392, 9.346625e-05, 0.0031704), (-0.007760154, 8.897056e-05, 0.0031704), (-0.008064846, 8.897056e-05, 0.0045096), (-0.008058608, 9.346625e-05, 0.0045096), (-0.008047875, 9.6e-05, 0.0045096), (-0.007777125, 9.6e-05, 0.0045096), (-0.007766392, 9.346625e-05, 0.0045096), (-0.007760154, 8.897056e-05, 0.0045096), (-0.008063875, 8.8e-05, 0.0045176), (-0.008057673, 9.159592e-05, 0.004519398), (-0.008047875, 9.346625e-05, 0.004520333), (-0.007777125, 9.346625e-05, 0.004520333), (-0.007767327, 9.159592e-05, 0.004519398), (-0.007761125, 8.8e-05, 0.0045176), (-0.008061731, 8.585641e-05, 0.004523456), (-0.008055875, 8.8e-05, 0.0045256), (-0.008047875, 8.897056e-05, 0.004526571), (-0.007777125, 8.897056e-05, 0.004526571), (-0.007769125, 8.8e-05, 0.0045256), (-0.007763269, 8.585641e-05, 0.004523456), (-0.008061731, -0.0003258564, 0.003156544), (-0.008063875, -0.00032, 0.0031544), (-0.008064846, -0.000312, 0.003153429), (-0.008064846, 7.2e-05, 0.003153429), (-0.008063875, 8e-05, 0.0031544), (-0.008061731, 8.585641e-05, 0.003156544), (-0.008055875, -0.000328, 0.0031544), (-0.008057673, -0.000321798, 0.003150804), (-0.008058608, -0.000312, 0.003148934), (-0.008058608, 7.2e-05, 0.003148934), (-0.008057673, 8.179796e-05, 0.003150804), (-0.008055875, 8.8e-05, 0.0031544), (-0.008047875, -0.0003289706, 0.003153429), (-0.008047875, -0.0003227331, 0.003148934), (-0.008047875, -0.000312, 0.0031464), (-0.008047875, 7.2e-05, 0.0031464), (-0.008047875, 8.273313e-05, 0.003148934), (-0.008047875, 8.897056e-05, 0.003153429), (-0.007777125, -0.0003289706, 0.003153429), (-0.007777125, -0.0003227331, 0.003148934), (-0.007777125, -0.000312, 0.0031464), (-0.007777125, 7.2e-05, 0.0031464), (-0.007777125, 8.273313e-05, 0.003148934), (-0.007777125, 8.897056e-05, 0.003153429), (-0.007769125, -0.000328, 0.0031544), (-0.007767327, -0.000321798, 0.003150804), (-0.007766392, -0.000312, 0.003148934), (-0.007766392, 7.2e-05, 0.003148934), (-0.007767327, 8.179796e-05, 0.003150804), (-0.007769125, 8.8e-05, 0.0031544), (-0.007763269, -0.0003258564, 0.003156544), (-0.007761125, -0.00032, 0.0031544), (-0.007760154, -0.000312, 0.003153429), (-0.007760154, 7.2e-05, 0.003153429), (-0.007761125, 8e-05, 0.0031544), (-0.007763269, 8.585641e-05, 0.003156544), (-0.008061731, -0.0003258564, 0.004523456), (-0.008063875, -0.00032, 0.0045256), (-0.008064846, -0.000312, 0.004526571), (-0.008064846, 7.2e-05, 0.004526571), (-0.008063875, 8e-05, 0.0045256), (-0.008061731, 8.585641e-05, 0.004523456), (-0.008055875, -0.000328, 0.0045256), (-0.008057673, -0.000321798, 0.004529196), (-0.008058608, -0.000312, 0.004531066), (-0.008058608, 7.2e-05, 0.004531066), (-0.008057673, 8.179796e-05, 0.004529196), (-0.008055875, 8.8e-05, 0.0045256), (-0.008047875, -0.0003289706, 0.004526571), (-0.008047875, -0.0003227331, 0.004531066), (-0.008047875, -0.000312, 0.0045336), (-0.008047875, 7.2e-05, 0.0045336), (-0.008047875, 8.273313e-05, 0.004531066), (-0.008047875, 8.897056e-05, 0.004526571), (-0.007777125, -0.0003289706, 0.004526571), (-0.007777125, -0.0003227331, 0.004531066), (-0.007777125, -0.000312, 0.0045336), (-0.007777125, 7.2e-05, 0.0045336), (-0.007777125, 8.273313e-05, 0.004531066), (-0.007777125, 8.897056e-05, 0.004526571), (-0.007769125, -0.000328, 0.0045256), (-0.007767327, -0.000321798, 0.004529196), (-0.007766392, -0.000312, 0.004531066), (-0.007766392, 7.2e-05, 0.004531066), (-0.007767327, 8.179796e-05, 0.004529196), (-0.007769125, 8.8e-05, 0.0045256), (-0.007763269, -0.0003258564, 0.004523456), (-0.007761125, -0.00032, 0.0045256), (-0.007760154, -0.000312, 0.004526571), (-0.007760154, 7.2e-05, 0.004526571), (-0.007761125, 8e-05, 0.0045256), (-0.007763269, 8.585641e-05, 0.004523456)]
            int[] faceVertexCounts = [3, 3, 3, 3, 3, 3, 3, 3, 3, 3, 3, 3, 3, 3, 3, 3, 3, 3, 3, 3, 3, 3, 3, 3, 3, 3, 3, 3, 3, 3, 3, 3, 3, 3, 3, 3, 3, 3, 3, 3, 3, 3, 3, 3, 3, 3, 3, 3, 3, 3, 3, 3, 3, 3, 3, 3, 3, 3, 3, 3, 3, 3, 3, 3, 3, 3, 3, 3, 3, 3, 3, 3, 3, 3, 3, 3, 3, 3, 3, 3, 3, 3, 3, 3, 3, 3, 3, 3, 3, 3, 3, 3, 3, 3, 3, 3, 3, 3, 3, 3, 3, 3, 3, 3, 3, 3, 3, 3, 3, 3, 3, 3, 3, 3, 3, 3, 3, 3, 3, 3, 3, 3, 3, 3, 3, 3, 3, 3, 3, 3, 3, 3, 3, 3, 3, 3, 3, 3, 3, 3, 3, 3, 3, 3, 3, 3, 3, 3, 3, 3, 3, 3, 3, 3, 3, 3, 3, 3, 3, 3, 3, 3, 3, 3, 3, 3, 3, 3, 3, 3, 3, 3, 3, 3, 3, 3, 3, 3, 3, 3, 3, 3, 3, 3, 3, 3, 3, 3, 3, 3, 3, 3, 3, 3, 3, 3, 3, 3, 3, 3, 3, 3, 3, 3, 3, 3, 3, 3, 3, 3, 3, 3, 3, 3, 3, 3, 3, 3, 3, 3, 3, 3, 3, 3, 3, 3, 3, 3, 3, 3, 3, 3, 3, 3, 3, 3, 3, 3, 3, 3, 3, 3, 3, 3, 3, 3, 3, 3, 3, 3, 3, 3, 3, 3, 3, 3, 3, 3, 3, 3, 3, 3, 3, 3, 3, 3, 3, 3, 3, 3, 3, 3, 3, 3, 3, 3, 3, 3, 3, 3, 3, 3, 3, 3, 3, 3, 3, 3, 3, 3, 3, 3, 3, 3, 3, 3, 3, 3, 3, 3]
            int[] faceVertexIndices = [1, 7, 6, 1, 6, 0, 2, 8, 7, 2, 7, 1, 3, 9, 8, 3, 8, 2, 4, 10, 9, 4, 9, 3, 5, 11, 10, 5, 10, 4, 7, 13, 12, 7, 12, 6, 8, 14, 13, 8, 13, 7, 9, 15, 14, 9, 14, 8, 10, 16, 15, 10, 15, 9, 11, 17, 16, 11, 16, 10, 13, 19, 18, 13, 18, 12, 14, 20, 19, 14, 19, 13, 15, 21, 20, 15, 20, 14, 16, 22, 21, 16, 21, 15, 17, 23, 22, 17, 22, 16, 19, 25, 24, 19, 24, 18, 20, 26, 25, 20, 25, 19, 21, 27, 26, 21, 26, 20, 22, 28, 27, 22, 27, 21, 23, 29, 28, 23, 28, 22, 25, 31, 30, 25, 30, 24, 26, 32, 31, 26, 31, 25, 27, 33, 32, 27, 32, 26, 28, 34, 33, 28, 33, 27, 29, 35, 34, 29, 34, 28, 36, 42, 43, 36, 43, 37, 37, 43, 44, 37, 44, 38, 38, 44, 45, 38, 45, 39, 39, 45, 46, 39, 46, 40, 40, 46, 47, 40, 47, 41, 42, 48, 49, 42, 49, 43, 43, 49, 50, 43, 50, 44, 44, 50, 51, 44, 51, 45, 45, 51, 52, 45, 52, 46, 46, 52, 53, 46, 53, 47, 48, 54, 55, 48, 55, 49, 49, 55, 56, 49, 56, 50, 50, 56, 57, 50, 57, 51, 51, 57, 58, 51, 58, 52, 52, 58, 59, 52, 59, 53, 54, 60, 61, 54, 61, 55, 55, 61, 62, 55, 62, 56, 56, 62, 63, 56, 63, 57, 57, 63, 64, 57, 64, 58, 58, 64, 65, 58, 65, 59, 60, 66, 67, 60, 67, 61, 61, 67, 68, 61, 68, 62, 62, 68, 69, 62, 69, 63, 63, 69, 70, 63, 70, 64, 64, 70, 71, 64, 71, 65, 73, 79, 78, 73, 78, 72, 74, 80, 79, 74, 79, 73, 75, 81, 80, 75, 80, 74, 76, 82, 81, 76, 81, 75, 77, 83, 82, 77, 82, 76, 79, 85, 84, 79, 84, 78, 80, 86, 85, 80, 85, 79, 81, 87, 86, 81, 86, 80, 82, 88, 87, 82, 87, 81, 83, 89, 88, 83, 88, 82, 85, 91, 90, 85, 90, 84, 86, 92, 91, 86, 91, 85, 87, 93, 92, 87, 92, 86, 88, 94, 93, 88, 93, 87, 89, 95, 94, 89, 94, 88, 91, 97, 96, 91, 96, 90, 92, 98, 97, 92, 97, 91, 93, 99, 98, 93, 98, 92, 94, 100, 99, 94, 99, 93, 95, 101, 100, 95, 100, 94, 97, 103, 102, 97, 102, 96, 98, 104, 103, 98, 103, 97, 99, 105, 104, 99, 104, 98, 100, 106, 105, 100, 105, 99, 101, 107, 106, 101, 106, 100, 108, 114, 115, 108, 115, 109, 109, 115, 116, 109, 116, 110, 110, 116, 117, 110, 117, 111, 111, 117, 118, 111, 118, 112, 112, 118, 119, 112, 119, 113, 114, 120, 121, 114, 121, 115, 115, 121, 122, 115, 122, 116, 116, 122, 123, 116, 123, 117, 117, 123, 124, 117, 124, 118, 118, 124, 125, 118, 125, 119, 120, 126, 127, 120, 127, 121, 121, 127, 128, 121, 128, 122, 122, 128, 129, 122, 129, 123, 123, 129, 130, 123, 130, 124, 124, 130, 131, 124, 131, 125, 126, 132, 133, 126, 133, 127, 127, 133, 134, 127, 134, 128, 128, 134, 135, 128, 135, 129, 129, 135, 136, 129, 136, 130, 130, 136, 137, 130, 137, 131, 132, 138, 139, 132, 139, 133, 133, 139, 140, 133, 140, 134, 134, 140, 141, 134, 141, 135, 135, 141, 142, 135, 142, 136, 136, 142, 143, 136, 143, 137, 145, 151, 150, 145, 150, 144, 146, 152, 151, 146, 151, 145, 147, 153, 152, 147, 152, 146, 148, 154, 153, 148, 153, 147, 149, 155, 154, 149, 154, 148, 151, 157, 156, 151, 156, 150, 152, 158, 157, 152, 157, 151, 153, 159, 158, 153, 158, 152, 154, 160, 159, 154, 159, 153, 155, 161, 160, 155, 160, 154, 157, 163, 162, 157, 162, 156, 158, 164, 163, 158, 163, 157, 159, 165, 164, 159, 164, 158, 160, 166, 165, 160, 165, 159, 161, 167, 166, 161, 166, 160, 163, 169, 168, 163, 168, 162, 164, 170, 169, 164, 169, 163, 165, 171, 170, 165, 170, 164, 166, 172, 171, 166, 171, 165, 167, 173, 172, 167, 172, 166, 169, 175, 174, 169, 174, 168, 170, 176, 175, 170, 175, 169, 171, 177, 176, 171, 176, 170, 172, 178, 177, 172, 177, 171, 173, 179, 178, 173, 178, 172, 180, 186, 187, 180, 187, 181, 181, 187, 188, 181, 188, 182, 182, 188, 189, 182, 189, 183, 183, 189, 190, 183, 190, 184, 184, 190, 191, 184, 191, 185, 186, 192, 193, 186, 193, 187, 187, 193, 194, 187, 194, 188, 188, 194, 195, 188, 195, 189, 189, 195, 196, 189, 196, 190, 190, 196, 197, 190, 197, 191, 192, 198, 199, 192, 199, 193, 193, 199, 200, 193, 200, 194, 194, 200, 201, 194, 201, 195, 195, 201, 202, 195, 202, 196, 196, 202, 203, 196, 203, 197, 198, 204, 205, 198, 205, 199, 199, 205, 206, 199, 206, 200, 200, 206, 207, 200, 207, 201, 201, 207, 208, 201, 208, 202, 202, 208, 209, 202, 209, 203, 204, 210, 211, 204, 211, 205, 205, 211, 212, 205, 212, 206, 206, 212, 213, 206, 213, 207, 207, 213, 214, 207, 214, 208, 208, 214, 215, 208, 215, 209]
            normal3f[] normals = [(-0.7745967, -0.4472136, -0.4472136), (-0.7668657, -0.5195657, -0.376787), (-0.8114213, -0.5844567, -0.002433628), (-0.8112421, -0.5847102, 0.0005043401), (-0.7900625, -0.5555967, 0.2590629), (-0.7071068, -0.5, 0.5), (-0.7668657, -0.376787, -0.5195657), (-0.8559572, -0.3656073, -0.3656073), (-0.8961345, -0.4437789, -0.001804751), (-0.945066, -0.3268773, 0.001211223), (-0.8844941, -0.3299016, 0.3299016), (-0.7900625, -0.2590629, 0.5555967), (-0.8118281, -0.008227935, -0.5838386), (-0.8973103, -0.00616946, -0.4413572), (-0.9999172, -0.01235679, -0.003578342), (-0.9999941, -0.003285339, 0.0009742281), (-0.9445719, -0.00416251, 0.3282781), (-0.8112409, -0.00174595, 0.5847094), (-0.8112409, 0.00174595, -0.5847094), (-0.9445719, 0.00416251, -0.3282781), (-0.9999941, 0.003285339, -0.0009742281), (-0.9999172, 0.01235679, 0.003578342), (-0.8973103, 0.00616946, 0.4413572), (-0.8118281, 0.008227935, 0.5838386), (-0.7900625, 0.2590629, -0.5555967), (-0.8844941, 0.3299016, -0.3299016), (-0.945066, 0.3268773, -0.001211223), (-0.8961345, 0.4437789, 0.001804751), (-0.8559572, 0.3656073, 0.3656073), (-0.7668657, 0.376787, 0.5195657), (-0.7071068, 0.5, -0.5), (-0.7900625, 0.5555967, -0.2590629), (-0.8112421, 0.5847102, -0.0005043401), (-0.8114213, 0.5844567, 0.002433628), (-0.7668657, 0.5195657, 0.376787), (-0.7745967, 0.4472136, 0.4472136), (0.7071068, -0.5, -0.5), (0.7900625, -0.5555967, -0.2590629), (0.8112421, -0.5847102, -0.0005043401), (0.8114213, -0.5844567, 0.002433628), (0.7668657, -0.5195657, 0.376787), (0.7745967, -0.4472136, 0.4472136), (0.7900625, -0.2590629, -0.5555967), (0.8844941, -0.3299016, -0.3299016), (0.945066, -0.3268773, -0.001211223), (0.8961345, -0.4437789, 0.001804751), (0.8559572, -0.3656073, 0.3656073), (0.7668657, -0.376787, 0.5195657), (0.8112409, -0.00174595, -0.5847094), (0.9445719, -0.00416251, -0.3282781), (0.9999941, -0.003285339, -0.0009742281), (0.9999172, -0.01235679, 0.003578342), (0.8973103, -0.00616946, 0.4413572), (0.8118281, -0.008227935, 0.5838386), (0.8118281, 0.008227935, -0.5838386), (0.8973103, 0.00616946, -0.4413572), (0.9999172, 0.01235679, -0.003578342), (0.9999941, 0.003285339, 0.0009742281), (0.9445719, 0.00416251, 0.3282781), (0.8112409, 0.00174595, 0.5847094), (0.7668657, 0.376787, -0.5195657), (0.8559572, 0.3656073, -0.3656073), (0.8961345, 0.4437789, -0.001804751), (0.945066, 0.3268773, 0.001211223), (0.8844941, 0.3299016, 0.3299016), (0.7900625, 0.2590629, 0.5555967), (0.7745967, 0.4472136, -0.4472136), (0.7668657, 0.5195657, -0.376787), (0.8114213, 0.5844567, -0.002433628), (0.8112421, 0.5847102, 0.0005043401), (0.7900625, 0.5555967, 0.2590629), (0.7071068, 0.5, 0.5), (-0.4472136, -0.7745967, -0.4472136), (-0.376787, -0.7668657, -0.5195657), (-0.01146393, -0.8120432, -0.5834848), (0.002465615, -0.8112397, -0.5847085), (0.2590629, -0.7900625, -0.5555967), (0.5, -0.7071068, -0.5), (-0.5195657, -0.7668657, -0.376787), (-0.3656073, -0.8559572, -0.3656073), (-0.008649511, -0.8979679, -0.439976), (0.005853503, -0.9442842, -0.3290792), (0.3299016, -0.8844941, -0.3299016), (0.5555967, -0.7900625, -0.2590629), (-0.5844567, -0.8114213, -0.002433628), (-0.4437789, -0.8961345, -0.001804751), (-0.01714868, -0.9998467, -0.003521607), (0.004632528, -0.9999888, -0.0009873517), (0.3268773, -0.945066, -0.001211223), (0.5847102, -0.8112421, -0.0005043401), (-0.5847102, -0.8112421, 0.0005043401), (-0.3268773, -0.945066, 0.001211223), (-0.004632528, -0.9999888, 0.0009873517), (0.01714868, -0.9998467, 0.003521607), (0.4437789, -0.8961345, 0.001804751), (0.5844567, -0.8114213, 0.002433628), (-0.5555967, -0.7900625, 0.2590629), (-0.3299016, -0.8844941, 0.3299016), (-0.005853503, -0.9442842, 0.3290792), (0.008649511, -0.8979679, 0.439976), (0.3656073, -0.8559572, 0.3656073), (0.5195657, -0.7668657, 0.376787), (-0.5, -0.7071068, 0.5), (-0.2590629, -0.7900625, 0.5555967), (-0.002465615, -0.8112397, 0.5847085), (0.01146393, -0.8120432, 0.5834848), (0.376787, -0.7668657, 0.5195657), (0.4472136, -0.7745967, 0.4472136), (-0.5, 0.7071068, -0.5), (-0.2590629, 0.7900625, -0.5555967), (-0.002465615, 0.8112397, -0.5847085), (0.01146393, 0.8120432, -0.5834848), (0.376787, 0.7668657, -0.5195657), (0.4472136, 0.7745967, -0.4472136), (-0.5555967, 0.7900625, -0.2590629), (-0.3299016, 0.8844941, -0.3299016), (-0.005853503, 0.9442842, -0.3290792), (0.008649511, 0.8979679, -0.439976), (0.3656073, 0.8559572, -0.3656073), (0.5195657, 0.7668657, -0.376787), (-0.5847102, 0.8112421, -0.0005043401), (-0.3268773, 0.945066, -0.001211223), (-0.004632528, 0.9999888, -0.0009873517), (0.01714868, 0.9998467, -0.003521607), (0.4437789, 0.8961345, -0.001804751), (0.5844567, 0.8114213, -0.002433628), (-0.5844567, 0.8114213, 0.002433628), (-0.4437789, 0.8961345, 0.001804751), (-0.01714868, 0.9998467, 0.003521607), (0.004632528, 0.9999888, 0.0009873517), (0.3268773, 0.945066, 0.001211223), (0.5847102, 0.8112421, 0.0005043401), (-0.5195657, 0.7668657, 0.376787), (-0.3656073, 0.8559572, 0.3656073), (-0.008649511, 0.8979679, 0.439976), (0.005853503, 0.9442842, 0.3290792), (0.3299016, 0.8844941, 0.3299016), (0.5555967, 0.7900625, 0.2590629), (-0.4472136, 0.7745967, 0.4472136), (-0.376787, 0.7668657, 0.5195657), (-0.01146393, 0.8120432, 0.5834848), (0.002465615, 0.8112397, 0.5847085), (0.2590629, 0.7900625, 0.5555967), (0.5, 0.7071068, 0.5), (-0.4472136, -0.4472136, -0.7745967), (-0.5195657, -0.376787, -0.7668657), (-0.5838386, -0.008227935, -0.8118281), (-0.5847094, 0.00174595, -0.8112409), (-0.5555967, 0.2590629, -0.7900625), (-0.5, 0.5, -0.7071068), (-0.376787, -0.5195657, -0.7668657), (-0.3656073, -0.3656073, -0.8559572), (-0.4413572, -0.00616946, -0.8973103), (-0.3282781, 0.00416251, -0.9445719), (-0.3299016, 0.3299016, -0.8844941), (-0.2590629, 0.5555967, -0.7900625), (-0.01146393, -0.5834848, -0.8120432), (-0.008649511, -0.439976, -0.8979679), (-0.01669823, -0.01184143, -0.9997905), (-0.004741335, 0.003407799, -0.999983), (-0.005853503, 0.3290792, -0.9442842), (-0.002465615, 0.5847085, -0.8112397), (0.002465615, -0.5847085, -0.8112397), (0.005853503, -0.3290792, -0.9442842), (0.004741335, -0.003407799, -0.999983), (0.01669823, 0.01184143, -0.9997905), (0.008649511, 0.439976, -0.8979679), (0.01146393, 0.5834848, -0.8120432), (0.2590629, -0.5555967, -0.7900625), (0.3299016, -0.3299016, -0.8844941), (0.3282781, -0.00416251, -0.9445719), (0.4413572, 0.00616946, -0.8973103), (0.3656073, 0.3656073, -0.8559572), (0.376787, 0.5195657, -0.7668657), (0.5, -0.5, -0.7071068), (0.5555967, -0.2590629, -0.7900625), (0.5847094, -0.00174595, -0.8112409), (0.5838386, 0.008227935, -0.8118281), (0.5195657, 0.376787, -0.7668657), (0.4472136, 0.4472136, -0.7745967), (-0.5, -0.5, 0.7071068), (-0.5555967, -0.2590629, 0.7900625), (-0.5847094, -0.00174595, 0.8112409), (-0.5838386, 0.008227935, 0.8118281), (-0.5195657, 0.376787, 0.7668657), (-0.4472136, 0.4472136, 0.7745967), (-0.2590629, -0.5555967, 0.7900625), (-0.3299016, -0.3299016, 0.8844941), (-0.3282781, -0.00416251, 0.9445719), (-0.4413572, 0.00616946, 0.8973103), (-0.3656073, 0.3656073, 0.8559572), (-0.376787, 0.5195657, 0.7668657), (-0.002465615, -0.5847085, 0.8112397), (-0.005853503, -0.3290792, 0.9442842), (-0.004741335, -0.003407799, 0.999983), (-0.01669823, 0.01184143, 0.9997905), (-0.008649511, 0.439976, 0.8979679), (-0.01146393, 0.5834848, 0.8120432), (0.01146393, -0.5834848, 0.8120432), (0.008649511, -0.439976, 0.8979679), (0.01669823, -0.01184143, 0.9997905), (0.004741335, 0.003407799, 0.999983), (0.005853503, 0.3290792, 0.9442842), (0.002465615, 0.5847085, 0.8112397), (0.376787, -0.5195657, 0.7668657), (0.3656073, -0.3656073, 0.8559572), (0.4413572, -0.00616946, 0.8973103), (0.3282781, 0.00416251, 0.9445719), (0.3299016, 0.3299016, 0.8844941), (0.2590629, 0.5555967, 0.7900625), (0.4472136, -0.4472136, 0.7745967), (0.5195657, -0.376787, 0.7668657), (0.5838386, -0.008227935, 0.8118281), (0.5847094, 0.00174595, 0.8112409), (0.5555967, 0.2590629, 0.7900625), (0.5, 0.5, 0.7071068)] (interpolation = "vertex")
            float3[] extent = [(-0.008071875, -0.000336, 0.0031464), (-0.007753125, 9.6e-05, 0.0045336)]
            rel material:binding = </WorkbenchPart/Materials/solder>
        }
        def Mesh "SMDEndTermination_02" (prepend apiSchemas = ["MaterialBindingAPI"])
        {
            uniform token subdivisionScheme = "none"
            uniform token orientation = "rightHanded"
            bool doubleSided = false
            point3f[] points = [(-0.006486731, -0.0003258564, 0.003156544), (-0.006488875, -0.000328, 0.0031624), (-0.006489846, -0.0003289706, 0.0031704), (-0.006489846, -0.0003289706, 0.0045096), (-0.006488875, -0.000328, 0.0045176), (-0.006486731, -0.0003258564, 0.004523456), (-0.006488875, -0.00032, 0.0031544), (-0.006492471, -0.000321798, 0.003160602), (-0.006494341, -0.0003227331, 0.0031704), (-0.006494341, -0.0003227331, 0.0045096), (-0.006492471, -0.000321798, 0.004519398), (-0.006488875, -0.00032, 0.0045256), (-0.006489846, -0.000312, 0.003153429), (-0.006494341, -0.000312, 0.003159667), (-0.006496875, -0.000312, 0.0031704), (-0.006496875, -0.000312, 0.0045096), (-0.006494341, -0.000312, 0.004520333), (-0.006489846, -0.000312, 0.004526571), (-0.006489846, 7.2e-05, 0.003153429), (-0.006494341, 7.2e-05, 0.003159667), (-0.006496875, 7.2e-05, 0.0031704), (-0.006496875, 7.2e-05, 0.0045096), (-0.006494341, 7.2e-05, 0.004520333), (-0.006489846, 7.2e-05, 0.004526571), (-0.006488875, 8e-05, 0.0031544), (-0.006492471, 8.179796e-05, 0.003160602), (-0.006494341, 8.273313e-05, 0.0031704), (-0.006494341, 8.273313e-05, 0.0045096), (-0.006492471, 8.179796e-05, 0.004519398), (-0.006488875, 8e-05, 0.0045256), (-0.006486731, 8.585641e-05, 0.003156544), (-0.006488875, 8.8e-05, 0.0031624), (-0.006489846, 8.897056e-05, 0.0031704), (-0.006489846, 8.897056e-05, 0.0045096), (-0.006488875, 8.8e-05, 0.0045176), (-0.006486731, 8.585641e-05, 0.004523456), (-0.006188269, -0.0003258564, 0.003156544), (-0.006186125, -0.000328, 0.0031624), (-0.006185154, -0.0003289706, 0.0031704), (-0.006185154, -0.0003289706, 0.0045096), (-0.006186125, -0.000328, 0.0045176), (-0.006188269, -0.0003258564, 0.004523456), (-0.006186125, -0.00032, 0.0031544), (-0.006182529, -0.000321798, 0.003160602), (-0.006180659, -0.0003227331, 0.0031704), (-0.006180659, -0.0003227331, 0.0045096), (-0.006182529, -0.000321798, 0.004519398), (-0.006186125, -0.00032, 0.0045256), (-0.006185154, -0.000312, 0.003153429), (-0.006180659, -0.000312, 0.003159667), (-0.006178125, -0.000312, 0.0031704), (-0.006178125, -0.000312, 0.0045096), (-0.006180659, -0.000312, 0.004520333), (-0.006185154, -0.000312, 0.004526571), (-0.006185154, 7.2e-05, 0.003153429), (-0.006180659, 7.2e-05, 0.003159667), (-0.006178125, 7.2e-05, 0.0031704), (-0.006178125, 7.2e-05, 0.0045096), (-0.006180659, 7.2e-05, 0.004520333), (-0.006185154, 7.2e-05, 0.004526571), (-0.006186125, 8e-05, 0.0031544), (-0.006182529, 8.179796e-05, 0.003160602), (-0.006180659, 8.273313e-05, 0.0031704), (-0.006180659, 8.273313e-05, 0.0045096), (-0.006182529, 8.179796e-05, 0.004519398), (-0.006186125, 8e-05, 0.0045256), (-0.006188269, 8.585641e-05, 0.003156544), (-0.006186125, 8.8e-05, 0.0031624), (-0.006185154, 8.897056e-05, 0.0031704), (-0.006185154, 8.897056e-05, 0.0045096), (-0.006186125, 8.8e-05, 0.0045176), (-0.006188269, 8.585641e-05, 0.004523456), (-0.006486731, -0.0003258564, 0.003156544), (-0.006480875, -0.000328, 0.0031544), (-0.006472875, -0.0003289706, 0.003153429), (-0.006202125, -0.0003289706, 0.003153429), (-0.006194125, -0.000328, 0.0031544), (-0.006188269, -0.0003258564, 0.003156544), (-0.006488875, -0.000328, 0.0031624), (-0.006482673, -0.0003315959, 0.003160602), (-0.006472875, -0.0003334663, 0.003159667), (-0.006202125, -0.0003334663, 0.003159667), (-0.006192327, -0.0003315959, 0.003160602), (-0.006186125, -0.000328, 0.0031624), (-0.006489846, -0.0003289706, 0.0031704), (-0.006483608, -0.0003334663, 0.0031704), (-0.006472875, -0.000336, 0.0031704), (-0.006202125, -0.000336, 0.0031704), (-0.006191392, -0.0003334663, 0.0031704), (-0.006185154, -0.0003289706, 0.0031704), (-0.006489846, -0.0003289706, 0.0045096), (-0.006483608, -0.0003334663, 0.0045096), (-0.006472875, -0.000336, 0.0045096), (-0.006202125, -0.000336, 0.0045096), (-0.006191392, -0.0003334663, 0.0045096), (-0.006185154, -0.0003289706, 0.0045096), (-0.006488875, -0.000328, 0.0045176), (-0.006482673, -0.0003315959, 0.004519398), (-0.006472875, -0.0003334663, 0.004520333), (-0.006202125, -0.0003334663, 0.004520333), (-0.006192327, -0.0003315959, 0.004519398), (-0.006186125, -0.000328, 0.0045176), (-0.006486731, -0.0003258564, 0.004523456), (-0.006480875, -0.000328, 0.0045256), (-0.006472875, -0.0003289706, 0.004526571), (-0.006202125, -0.0003289706, 0.004526571), (-0.006194125, -0.000328, 0.0045256), (-0.006188269, -0.0003258564, 0.004523456), (-0.006486731, 8.585641e-05, 0.003156544), (-0.006480875, 8.8e-05, 0.0031544), (-0.006472875, 8.897056e-05, 0.003153429), (-0.006202125, 8.897056e-05, 0.003153429), (-0.006194125, 8.8e-05, 0.0031544), (-0.006188269, 8.585641e-05, 0.003156544), (-0.006488875, 8.8e-05, 0.0031624), (-0.006482673, 9.159592e-05, 0.003160602), (-0.006472875, 9.346625e-05, 0.003159667), (-0.006202125, 9.346625e-05, 0.003159667), (-0.006192327, 9.159592e-05, 0.003160602), (-0.006186125, 8.8e-05, 0.0031624), (-0.006489846, 8.897056e-05, 0.0031704), (-0.006483608, 9.346625e-05, 0.0031704), (-0.006472875, 9.6e-05, 0.0031704), (-0.006202125, 9.6e-05, 0.0031704), (-0.006191392, 9.346625e-05, 0.0031704), (-0.006185154, 8.897056e-05, 0.0031704), (-0.006489846, 8.897056e-05, 0.0045096), (-0.006483608, 9.346625e-05, 0.0045096), (-0.006472875, 9.6e-05, 0.0045096), (-0.006202125, 9.6e-05, 0.0045096), (-0.006191392, 9.346625e-05, 0.0045096), (-0.006185154, 8.897056e-05, 0.0045096), (-0.006488875, 8.8e-05, 0.0045176), (-0.006482673, 9.159592e-05, 0.004519398), (-0.006472875, 9.346625e-05, 0.004520333), (-0.006202125, 9.346625e-05, 0.004520333), (-0.006192327, 9.159592e-05, 0.004519398), (-0.006186125, 8.8e-05, 0.0045176), (-0.006486731, 8.585641e-05, 0.004523456), (-0.006480875, 8.8e-05, 0.0045256), (-0.006472875, 8.897056e-05, 0.004526571), (-0.006202125, 8.897056e-05, 0.004526571), (-0.006194125, 8.8e-05, 0.0045256), (-0.006188269, 8.585641e-05, 0.004523456), (-0.006486731, -0.0003258564, 0.003156544), (-0.006488875, -0.00032, 0.0031544), (-0.006489846, -0.000312, 0.003153429), (-0.006489846, 7.2e-05, 0.003153429), (-0.006488875, 8e-05, 0.0031544), (-0.006486731, 8.585641e-05, 0.003156544), (-0.006480875, -0.000328, 0.0031544), (-0.006482673, -0.000321798, 0.003150804), (-0.006483608, -0.000312, 0.003148934), (-0.006483608, 7.2e-05, 0.003148934), (-0.006482673, 8.179796e-05, 0.003150804), (-0.006480875, 8.8e-05, 0.0031544), (-0.006472875, -0.0003289706, 0.003153429), (-0.006472875, -0.0003227331, 0.003148934), (-0.006472875, -0.000312, 0.0031464), (-0.006472875, 7.2e-05, 0.0031464), (-0.006472875, 8.273313e-05, 0.003148934), (-0.006472875, 8.897056e-05, 0.003153429), (-0.006202125, -0.0003289706, 0.003153429), (-0.006202125, -0.0003227331, 0.003148934), (-0.006202125, -0.000312, 0.0031464), (-0.006202125, 7.2e-05, 0.0031464), (-0.006202125, 8.273313e-05, 0.003148934), (-0.006202125, 8.897056e-05, 0.003153429), (-0.006194125, -0.000328, 0.0031544), (-0.006192327, -0.000321798, 0.003150804), (-0.006191392, -0.000312, 0.003148934), (-0.006191392, 7.2e-05, 0.003148934), (-0.006192327, 8.179796e-05, 0.003150804), (-0.006194125, 8.8e-05, 0.0031544), (-0.006188269, -0.0003258564, 0.003156544), (-0.006186125, -0.00032, 0.0031544), (-0.006185154, -0.000312, 0.003153429), (-0.006185154, 7.2e-05, 0.003153429), (-0.006186125, 8e-05, 0.0031544), (-0.006188269, 8.585641e-05, 0.003156544), (-0.006486731, -0.0003258564, 0.004523456), (-0.006488875, -0.00032, 0.0045256), (-0.006489846, -0.000312, 0.004526571), (-0.006489846, 7.2e-05, 0.004526571), (-0.006488875, 8e-05, 0.0045256), (-0.006486731, 8.585641e-05, 0.004523456), (-0.006480875, -0.000328, 0.0045256), (-0.006482673, -0.000321798, 0.004529196), (-0.006483608, -0.000312, 0.004531066), (-0.006483608, 7.2e-05, 0.004531066), (-0.006482673, 8.179796e-05, 0.004529196), (-0.006480875, 8.8e-05, 0.0045256), (-0.006472875, -0.0003289706, 0.004526571), (-0.006472875, -0.0003227331, 0.004531066), (-0.006472875, -0.000312, 0.0045336), (-0.006472875, 7.2e-05, 0.0045336), (-0.006472875, 8.273313e-05, 0.004531066), (-0.006472875, 8.897056e-05, 0.004526571), (-0.006202125, -0.0003289706, 0.004526571), (-0.006202125, -0.0003227331, 0.004531066), (-0.006202125, -0.000312, 0.0045336), (-0.006202125, 7.2e-05, 0.0045336), (-0.006202125, 8.273313e-05, 0.004531066), (-0.006202125, 8.897056e-05, 0.004526571), (-0.006194125, -0.000328, 0.0045256), (-0.006192327, -0.000321798, 0.004529196), (-0.006191392, -0.000312, 0.004531066), (-0.006191392, 7.2e-05, 0.004531066), (-0.006192327, 8.179796e-05, 0.004529196), (-0.006194125, 8.8e-05, 0.0045256), (-0.006188269, -0.0003258564, 0.004523456), (-0.006186125, -0.00032, 0.0045256), (-0.006185154, -0.000312, 0.004526571), (-0.006185154, 7.2e-05, 0.004526571), (-0.006186125, 8e-05, 0.0045256), (-0.006188269, 8.585641e-05, 0.004523456)]
            int[] faceVertexCounts = [3, 3, 3, 3, 3, 3, 3, 3, 3, 3, 3, 3, 3, 3, 3, 3, 3, 3, 3, 3, 3, 3, 3, 3, 3, 3, 3, 3, 3, 3, 3, 3, 3, 3, 3, 3, 3, 3, 3, 3, 3, 3, 3, 3, 3, 3, 3, 3, 3, 3, 3, 3, 3, 3, 3, 3, 3, 3, 3, 3, 3, 3, 3, 3, 3, 3, 3, 3, 3, 3, 3, 3, 3, 3, 3, 3, 3, 3, 3, 3, 3, 3, 3, 3, 3, 3, 3, 3, 3, 3, 3, 3, 3, 3, 3, 3, 3, 3, 3, 3, 3, 3, 3, 3, 3, 3, 3, 3, 3, 3, 3, 3, 3, 3, 3, 3, 3, 3, 3, 3, 3, 3, 3, 3, 3, 3, 3, 3, 3, 3, 3, 3, 3, 3, 3, 3, 3, 3, 3, 3, 3, 3, 3, 3, 3, 3, 3, 3, 3, 3, 3, 3, 3, 3, 3, 3, 3, 3, 3, 3, 3, 3, 3, 3, 3, 3, 3, 3, 3, 3, 3, 3, 3, 3, 3, 3, 3, 3, 3, 3, 3, 3, 3, 3, 3, 3, 3, 3, 3, 3, 3, 3, 3, 3, 3, 3, 3, 3, 3, 3, 3, 3, 3, 3, 3, 3, 3, 3, 3, 3, 3, 3, 3, 3, 3, 3, 3, 3, 3, 3, 3, 3, 3, 3, 3, 3, 3, 3, 3, 3, 3, 3, 3, 3, 3, 3, 3, 3, 3, 3, 3, 3, 3, 3, 3, 3, 3, 3, 3, 3, 3, 3, 3, 3, 3, 3, 3, 3, 3, 3, 3, 3, 3, 3, 3, 3, 3, 3, 3, 3, 3, 3, 3, 3, 3, 3, 3, 3, 3, 3, 3, 3, 3, 3, 3, 3, 3, 3, 3, 3, 3, 3, 3, 3, 3, 3, 3, 3, 3, 3]
            int[] faceVertexIndices = [1, 7, 6, 1, 6, 0, 2, 8, 7, 2, 7, 1, 3, 9, 8, 3, 8, 2, 4, 10, 9, 4, 9, 3, 5, 11, 10, 5, 10, 4, 7, 13, 12, 7, 12, 6, 8, 14, 13, 8, 13, 7, 9, 15, 14, 9, 14, 8, 10, 16, 15, 10, 15, 9, 11, 17, 16, 11, 16, 10, 13, 19, 18, 13, 18, 12, 14, 20, 19, 14, 19, 13, 15, 21, 20, 15, 20, 14, 16, 22, 21, 16, 21, 15, 17, 23, 22, 17, 22, 16, 19, 25, 24, 19, 24, 18, 20, 26, 25, 20, 25, 19, 21, 27, 26, 21, 26, 20, 22, 28, 27, 22, 27, 21, 23, 29, 28, 23, 28, 22, 25, 31, 30, 25, 30, 24, 26, 32, 31, 26, 31, 25, 27, 33, 32, 27, 32, 26, 28, 34, 33, 28, 33, 27, 29, 35, 34, 29, 34, 28, 36, 42, 43, 36, 43, 37, 37, 43, 44, 37, 44, 38, 38, 44, 45, 38, 45, 39, 39, 45, 46, 39, 46, 40, 40, 46, 47, 40, 47, 41, 42, 48, 49, 42, 49, 43, 43, 49, 50, 43, 50, 44, 44, 50, 51, 44, 51, 45, 45, 51, 52, 45, 52, 46, 46, 52, 53, 46, 53, 47, 48, 54, 55, 48, 55, 49, 49, 55, 56, 49, 56, 50, 50, 56, 57, 50, 57, 51, 51, 57, 58, 51, 58, 52, 52, 58, 59, 52, 59, 53, 54, 60, 61, 54, 61, 55, 55, 61, 62, 55, 62, 56, 56, 62, 63, 56, 63, 57, 57, 63, 64, 57, 64, 58, 58, 64, 65, 58, 65, 59, 60, 66, 67, 60, 67, 61, 61, 67, 68, 61, 68, 62, 62, 68, 69, 62, 69, 63, 63, 69, 70, 63, 70, 64, 64, 70, 71, 64, 71, 65, 73, 79, 78, 73, 78, 72, 74, 80, 79, 74, 79, 73, 75, 81, 80, 75, 80, 74, 76, 82, 81, 76, 81, 75, 77, 83, 82, 77, 82, 76, 79, 85, 84, 79, 84, 78, 80, 86, 85, 80, 85, 79, 81, 87, 86, 81, 86, 80, 82, 88, 87, 82, 87, 81, 83, 89, 88, 83, 88, 82, 85, 91, 90, 85, 90, 84, 86, 92, 91, 86, 91, 85, 87, 93, 92, 87, 92, 86, 88, 94, 93, 88, 93, 87, 89, 95, 94, 89, 94, 88, 91, 97, 96, 91, 96, 90, 92, 98, 97, 92, 97, 91, 93, 99, 98, 93, 98, 92, 94, 100, 99, 94, 99, 93, 95, 101, 100, 95, 100, 94, 97, 103, 102, 97, 102, 96, 98, 104, 103, 98, 103, 97, 99, 105, 104, 99, 104, 98, 100, 106, 105, 100, 105, 99, 101, 107, 106, 101, 106, 100, 108, 114, 115, 108, 115, 109, 109, 115, 116, 109, 116, 110, 110, 116, 117, 110, 117, 111, 111, 117, 118, 111, 118, 112, 112, 118, 119, 112, 119, 113, 114, 120, 121, 114, 121, 115, 115, 121, 122, 115, 122, 116, 116, 122, 123, 116, 123, 117, 117, 123, 124, 117, 124, 118, 118, 124, 125, 118, 125, 119, 120, 126, 127, 120, 127, 121, 121, 127, 128, 121, 128, 122, 122, 128, 129, 122, 129, 123, 123, 129, 130, 123, 130, 124, 124, 130, 131, 124, 131, 125, 126, 132, 133, 126, 133, 127, 127, 133, 134, 127, 134, 128, 128, 134, 135, 128, 135, 129, 129, 135, 136, 129, 136, 130, 130, 136, 137, 130, 137, 131, 132, 138, 139, 132, 139, 133, 133, 139, 140, 133, 140, 134, 134, 140, 141, 134, 141, 135, 135, 141, 142, 135, 142, 136, 136, 142, 143, 136, 143, 137, 145, 151, 150, 145, 150, 144, 146, 152, 151, 146, 151, 145, 147, 153, 152, 147, 152, 146, 148, 154, 153, 148, 153, 147, 149, 155, 154, 149, 154, 148, 151, 157, 156, 151, 156, 150, 152, 158, 157, 152, 157, 151, 153, 159, 158, 153, 158, 152, 154, 160, 159, 154, 159, 153, 155, 161, 160, 155, 160, 154, 157, 163, 162, 157, 162, 156, 158, 164, 163, 158, 163, 157, 159, 165, 164, 159, 164, 158, 160, 166, 165, 160, 165, 159, 161, 167, 166, 161, 166, 160, 163, 169, 168, 163, 168, 162, 164, 170, 169, 164, 169, 163, 165, 171, 170, 165, 170, 164, 166, 172, 171, 166, 171, 165, 167, 173, 172, 167, 172, 166, 169, 175, 174, 169, 174, 168, 170, 176, 175, 170, 175, 169, 171, 177, 176, 171, 176, 170, 172, 178, 177, 172, 177, 171, 173, 179, 178, 173, 178, 172, 180, 186, 187, 180, 187, 181, 181, 187, 188, 181, 188, 182, 182, 188, 189, 182, 189, 183, 183, 189, 190, 183, 190, 184, 184, 190, 191, 184, 191, 185, 186, 192, 193, 186, 193, 187, 187, 193, 194, 187, 194, 188, 188, 194, 195, 188, 195, 189, 189, 195, 196, 189, 196, 190, 190, 196, 197, 190, 197, 191, 192, 198, 199, 192, 199, 193, 193, 199, 200, 193, 200, 194, 194, 200, 201, 194, 201, 195, 195, 201, 202, 195, 202, 196, 196, 202, 203, 196, 203, 197, 198, 204, 205, 198, 205, 199, 199, 205, 206, 199, 206, 200, 200, 206, 207, 200, 207, 201, 201, 207, 208, 201, 208, 202, 202, 208, 209, 202, 209, 203, 204, 210, 211, 204, 211, 205, 205, 211, 212, 205, 212, 206, 206, 212, 213, 206, 213, 207, 207, 213, 214, 207, 214, 208, 208, 214, 215, 208, 215, 209]
            normal3f[] normals = [(-0.7745967, -0.4472136, -0.4472136), (-0.7668657, -0.5195657, -0.376787), (-0.8114213, -0.5844567, -0.002433628), (-0.8112421, -0.5847102, 0.0005043401), (-0.7900625, -0.5555967, 0.2590629), (-0.7071068, -0.5, 0.5), (-0.7668657, -0.376787, -0.5195657), (-0.8559572, -0.3656073, -0.3656073), (-0.8961345, -0.4437789, -0.001804751), (-0.945066, -0.3268773, 0.001211223), (-0.8844941, -0.3299016, 0.3299016), (-0.7900625, -0.2590629, 0.5555967), (-0.8118281, -0.008227935, -0.5838386), (-0.8973103, -0.00616946, -0.4413572), (-0.9999172, -0.01235679, -0.003578342), (-0.9999941, -0.003285339, 0.0009742281), (-0.9445719, -0.00416251, 0.3282781), (-0.8112409, -0.00174595, 0.5847094), (-0.8112409, 0.00174595, -0.5847094), (-0.9445719, 0.00416251, -0.3282781), (-0.9999941, 0.003285339, -0.0009742281), (-0.9999172, 0.01235679, 0.003578342), (-0.8973103, 0.00616946, 0.4413572), (-0.8118281, 0.008227935, 0.5838386), (-0.7900625, 0.2590629, -0.5555967), (-0.8844941, 0.3299016, -0.3299016), (-0.945066, 0.3268773, -0.001211223), (-0.8961345, 0.4437789, 0.001804751), (-0.8559572, 0.3656073, 0.3656073), (-0.7668657, 0.376787, 0.5195657), (-0.7071068, 0.5, -0.5), (-0.7900625, 0.5555967, -0.2590629), (-0.8112421, 0.5847102, -0.0005043401), (-0.8114213, 0.5844567, 0.002433628), (-0.7668657, 0.5195657, 0.376787), (-0.7745967, 0.4472136, 0.4472136), (0.7071068, -0.5, -0.5), (0.7900625, -0.5555967, -0.2590629), (0.8112421, -0.5847102, -0.0005043401), (0.8114213, -0.5844567, 0.002433628), (0.7668657, -0.5195657, 0.376787), (0.7745967, -0.4472136, 0.4472136), (0.7900625, -0.2590629, -0.5555967), (0.8844941, -0.3299016, -0.3299016), (0.945066, -0.3268773, -0.001211223), (0.8961345, -0.4437789, 0.001804751), (0.8559572, -0.3656073, 0.3656073), (0.7668657, -0.376787, 0.5195657), (0.8112409, -0.00174595, -0.5847094), (0.9445719, -0.00416251, -0.3282781), (0.9999941, -0.003285339, -0.0009742281), (0.9999172, -0.01235679, 0.003578342), (0.8973103, -0.00616946, 0.4413572), (0.8118281, -0.008227935, 0.5838386), (0.8118281, 0.008227935, -0.5838386), (0.8973103, 0.00616946, -0.4413572), (0.9999172, 0.01235679, -0.003578342), (0.9999941, 0.003285339, 0.0009742281), (0.9445719, 0.00416251, 0.3282781), (0.8112409, 0.00174595, 0.5847094), (0.7668657, 0.376787, -0.5195657), (0.8559572, 0.3656073, -0.3656073), (0.8961345, 0.4437789, -0.001804751), (0.945066, 0.3268773, 0.001211223), (0.8844941, 0.3299016, 0.3299016), (0.7900625, 0.2590629, 0.5555967), (0.7745967, 0.4472136, -0.4472136), (0.7668657, 0.5195657, -0.376787), (0.8114213, 0.5844567, -0.002433628), (0.8112421, 0.5847102, 0.0005043401), (0.7900625, 0.5555967, 0.2590629), (0.7071068, 0.5, 0.5), (-0.4472136, -0.7745967, -0.4472136), (-0.376787, -0.7668657, -0.5195657), (-0.01146393, -0.8120432, -0.5834848), (0.002465615, -0.8112397, -0.5847085), (0.2590629, -0.7900625, -0.5555967), (0.5, -0.7071068, -0.5), (-0.5195657, -0.7668657, -0.376787), (-0.3656073, -0.8559572, -0.3656073), (-0.008649511, -0.8979679, -0.439976), (0.005853503, -0.9442842, -0.3290792), (0.3299016, -0.8844941, -0.3299016), (0.5555967, -0.7900625, -0.2590629), (-0.5844567, -0.8114213, -0.002433628), (-0.4437789, -0.8961345, -0.001804751), (-0.01714868, -0.9998467, -0.003521607), (0.004632528, -0.9999888, -0.0009873517), (0.3268773, -0.945066, -0.001211223), (0.5847102, -0.8112421, -0.0005043401), (-0.5847102, -0.8112421, 0.0005043401), (-0.3268773, -0.945066, 0.001211223), (-0.004632528, -0.9999888, 0.0009873517), (0.01714868, -0.9998467, 0.003521607), (0.4437789, -0.8961345, 0.001804751), (0.5844567, -0.8114213, 0.002433628), (-0.5555967, -0.7900625, 0.2590629), (-0.3299016, -0.8844941, 0.3299016), (-0.005853503, -0.9442842, 0.3290792), (0.008649511, -0.8979679, 0.439976), (0.3656073, -0.8559572, 0.3656073), (0.5195657, -0.7668657, 0.376787), (-0.5, -0.7071068, 0.5), (-0.2590629, -0.7900625, 0.5555967), (-0.002465615, -0.8112397, 0.5847085), (0.01146393, -0.8120432, 0.5834848), (0.376787, -0.7668657, 0.5195657), (0.4472136, -0.7745967, 0.4472136), (-0.5, 0.7071068, -0.5), (-0.2590629, 0.7900625, -0.5555967), (-0.002465615, 0.8112397, -0.5847085), (0.01146393, 0.8120432, -0.5834848), (0.376787, 0.7668657, -0.5195657), (0.4472136, 0.7745967, -0.4472136), (-0.5555967, 0.7900625, -0.2590629), (-0.3299016, 0.8844941, -0.3299016), (-0.005853503, 0.9442842, -0.3290792), (0.008649511, 0.8979679, -0.439976), (0.3656073, 0.8559572, -0.3656073), (0.5195657, 0.7668657, -0.376787), (-0.5847102, 0.8112421, -0.0005043401), (-0.3268773, 0.945066, -0.001211223), (-0.004632528, 0.9999888, -0.0009873517), (0.01714868, 0.9998467, -0.003521607), (0.4437789, 0.8961345, -0.001804751), (0.5844567, 0.8114213, -0.002433628), (-0.5844567, 0.8114213, 0.002433628), (-0.4437789, 0.8961345, 0.001804751), (-0.01714868, 0.9998467, 0.003521607), (0.004632528, 0.9999888, 0.0009873517), (0.3268773, 0.945066, 0.001211223), (0.5847102, 0.8112421, 0.0005043401), (-0.5195657, 0.7668657, 0.376787), (-0.3656073, 0.8559572, 0.3656073), (-0.008649511, 0.8979679, 0.439976), (0.005853503, 0.9442842, 0.3290792), (0.3299016, 0.8844941, 0.3299016), (0.5555967, 0.7900625, 0.2590629), (-0.4472136, 0.7745967, 0.4472136), (-0.376787, 0.7668657, 0.5195657), (-0.01146393, 0.8120432, 0.5834848), (0.002465615, 0.8112397, 0.5847085), (0.2590629, 0.7900625, 0.5555967), (0.5, 0.7071068, 0.5), (-0.4472136, -0.4472136, -0.7745967), (-0.5195657, -0.376787, -0.7668657), (-0.5838386, -0.008227935, -0.8118281), (-0.5847094, 0.00174595, -0.8112409), (-0.5555967, 0.2590629, -0.7900625), (-0.5, 0.5, -0.7071068), (-0.376787, -0.5195657, -0.7668657), (-0.3656073, -0.3656073, -0.8559572), (-0.4413572, -0.00616946, -0.8973103), (-0.3282781, 0.00416251, -0.9445719), (-0.3299016, 0.3299016, -0.8844941), (-0.2590629, 0.5555967, -0.7900625), (-0.01146393, -0.5834848, -0.8120432), (-0.008649511, -0.439976, -0.8979679), (-0.01669823, -0.01184143, -0.9997905), (-0.004741335, 0.003407799, -0.999983), (-0.005853503, 0.3290792, -0.9442842), (-0.002465615, 0.5847085, -0.8112397), (0.002465615, -0.5847085, -0.8112397), (0.005853503, -0.3290792, -0.9442842), (0.004741335, -0.003407799, -0.999983), (0.01669823, 0.01184143, -0.9997905), (0.008649511, 0.439976, -0.8979679), (0.01146393, 0.5834848, -0.8120432), (0.2590629, -0.5555967, -0.7900625), (0.3299016, -0.3299016, -0.8844941), (0.3282781, -0.00416251, -0.9445719), (0.4413572, 0.00616946, -0.8973103), (0.3656073, 0.3656073, -0.8559572), (0.376787, 0.5195657, -0.7668657), (0.5, -0.5, -0.7071068), (0.5555967, -0.2590629, -0.7900625), (0.5847094, -0.00174595, -0.8112409), (0.5838386, 0.008227935, -0.8118281), (0.5195657, 0.376787, -0.7668657), (0.4472136, 0.4472136, -0.7745967), (-0.5, -0.5, 0.7071068), (-0.5555967, -0.2590629, 0.7900625), (-0.5847094, -0.00174595, 0.8112409), (-0.5838386, 0.008227935, 0.8118281), (-0.5195657, 0.376787, 0.7668657), (-0.4472136, 0.4472136, 0.7745967), (-0.2590629, -0.5555967, 0.7900625), (-0.3299016, -0.3299016, 0.8844941), (-0.3282781, -0.00416251, 0.9445719), (-0.4413572, 0.00616946, 0.8973103), (-0.3656073, 0.3656073, 0.8559572), (-0.376787, 0.5195657, 0.7668657), (-0.002465615, -0.5847085, 0.8112397), (-0.005853503, -0.3290792, 0.9442842), (-0.004741335, -0.003407799, 0.999983), (-0.01669823, 0.01184143, 0.9997905), (-0.008649511, 0.439976, 0.8979679), (-0.01146393, 0.5834848, 0.8120432), (0.01146393, -0.5834848, 0.8120432), (0.008649511, -0.439976, 0.8979679), (0.01669823, -0.01184143, 0.9997905), (0.004741335, 0.003407799, 0.999983), (0.005853503, 0.3290792, 0.9442842), (0.002465615, 0.5847085, 0.8112397), (0.376787, -0.5195657, 0.7668657), (0.3656073, -0.3656073, 0.8559572), (0.4413572, -0.00616946, 0.8973103), (0.3282781, 0.00416251, 0.9445719), (0.3299016, 0.3299016, 0.8844941), (0.2590629, 0.5555967, 0.7900625), (0.4472136, -0.4472136, 0.7745967), (0.5195657, -0.376787, 0.7668657), (0.5838386, -0.008227935, 0.8118281), (0.5847094, 0.00174595, 0.8112409), (0.5555967, 0.2590629, 0.7900625), (0.5, 0.5, 0.7071068)] (interpolation = "vertex")
            float3[] extent = [(-0.006496875, -0.000336, 0.0031464), (-0.006178125, 9.6e-05, 0.0045336)]
            rel material:binding = </WorkbenchPart/Materials/solder>
        }
        def Mesh "SignalPad_02" (prepend apiSchemas = ["MaterialBindingAPI"])
        {
            uniform token subdivisionScheme = "none"
            uniform token orientation = "rightHanded"
            bool doubleSided = false
            point3f[] points = [(-0.003547285, -0.0004207846, 0.006495215), (-0.0035505, -0.000424, 0.006504), (-0.003551956, -0.0004254558, 0.006516), (-0.003551956, -0.0004254558, 0.007564), (-0.0035505, -0.000424, 0.007576), (-0.003547285, -0.0004207846, 0.007584785), (-0.0035505, -0.000412, 0.006492), (-0.003555894, -0.0004146969, 0.006501303), (-0.003558699, -0.0004160997, 0.006516), (-0.003558699, -0.0004160997, 0.007564), (-0.003555894, -0.0004146969, 0.007578697), (-0.0035505, -0.000412, 0.007588), (-0.003551956, -0.0004, 0.006490544), (-0.003558699, -0.0004, 0.0064999), (-0.0035625, -0.0004, 0.006516), (-0.0035625, -0.0004, 0.007564), (-0.003558699, -0.0004, 0.0075801), (-0.003551956, -0.0004, 0.007589456), (-0.003551956, -0.000392, 0.006490544), (-0.003558699, -0.000392, 0.0064999), (-0.0035625, -0.000392, 0.006516), (-0.0035625, -0.000392, 0.007564), (-0.003558699, -0.000392, 0.0075801), (-0.003551956, -0.000392, 0.007589456), (-0.0035505, -0.00038, 0.006492), (-0.003555894, -0.0003773031, 0.006501303), (-0.003558699, -0.0003759003, 0.006516), (-0.003558699, -0.0003759003, 0.007564), (-0.003555894, -0.0003773031, 0.007578697), (-0.0035505, -0.00038, 0.007588), (-0.003547285, -0.0003712154, 0.006495215), (-0.0035505, -0.000368, 0.006504), (-0.003551956, -0.0003665442, 0.006516), (-0.003551956, -0.0003665442, 0.007564), (-0.0035505, -0.000368, 0.007576), (-0.003547285, -0.0003712154, 0.007584785), (-0.001202715, -0.0004207846, 0.006495215), (-0.0011995, -0.000424, 0.006504), (-0.001198044, -0.0004254558, 0.006516), (-0.001198044, -0.0004254558, 0.007564), (-0.0011995, -0.000424, 0.007576), (-0.001202715, -0.0004207846, 0.007584785), (-0.0011995, -0.000412, 0.006492), (-0.001194106, -0.0004146969, 0.006501303), (-0.001191301, -0.0004160997, 0.006516), (-0.001191301, -0.0004160997, 0.007564), (-0.001194106, -0.0004146969, 0.007578697), (-0.0011995, -0.000412, 0.007588), (-0.001198044, -0.0004, 0.006490544), (-0.001191301, -0.0004, 0.0064999), (-0.0011875, -0.0004, 0.006516), (-0.0011875, -0.0004, 0.007564), (-0.001191301, -0.0004, 0.0075801), (-0.001198044, -0.0004, 0.007589456), (-0.001198044, -0.000392, 0.006490544), (-0.001191301, -0.000392, 0.0064999), (-0.0011875, -0.000392, 0.006516), (-0.0011875, -0.000392, 0.007564), (-0.001191301, -0.000392, 0.0075801), (-0.001198044, -0.000392, 0.007589456), (-0.0011995, -0.00038, 0.006492), (-0.001194106, -0.0003773031, 0.006501303), (-0.001191301, -0.0003759003, 0.006516), (-0.001191301, -0.0003759003, 0.007564), (-0.001194106, -0.0003773031, 0.007578697), (-0.0011995, -0.00038, 0.007588), (-0.001202715, -0.0003712154, 0.006495215), (-0.0011995, -0.000368, 0.006504), (-0.001198044, -0.0003665442, 0.006516), (-0.001198044, -0.0003665442, 0.007564), (-0.0011995, -0.000368, 0.007576), (-0.001202715, -0.0003712154, 0.007584785), (-0.003547285, -0.0004207846, 0.006495215), (-0.0035385, -0.000424, 0.006492), (-0.0035265, -0.0004254558, 0.006490544), (-0.0012235, -0.0004254558, 0.006490544), (-0.0012115, -0.000424, 0.006492), (-0.001202715, -0.0004207846, 0.006495215), (-0.0035505, -0.000424, 0.006504), (-0.003541197, -0.0004293939, 0.006501303), (-0.0035265, -0.0004321994, 0.0064999), (-0.0012235, -0.0004321994, 0.0064999), (-0.001208803, -0.0004293939, 0.006501303), (-0.0011995, -0.000424, 0.006504), (-0.003551956, -0.0004254558, 0.006516), (-0.0035426, -0.0004321994, 0.006516), (-0.0035265, -0.000436, 0.006516), (-0.0012235, -0.000436, 0.006516), (-0.0012074, -0.0004321994, 0.006516), (-0.001198044, -0.0004254558, 0.006516), (-0.003551956, -0.0004254558, 0.007564), (-0.0035426, -0.0004321994, 0.007564), (-0.0035265, -0.000436, 0.007564), (-0.0012235, -0.000436, 0.007564), (-0.0012074, -0.0004321994, 0.007564), (-0.001198044, -0.0004254558, 0.007564), (-0.0035505, -0.000424, 0.007576), (-0.003541197, -0.0004293939, 0.007578697), (-0.0035265, -0.0004321994, 0.0075801), (-0.0012235, -0.0004321994, 0.0075801), (-0.001208803, -0.0004293939, 0.007578697), (-0.0011995, -0.000424, 0.007576), (-0.003547285, -0.0004207846, 0.007584785), (-0.0035385, -0.000424, 0.007588), (-0.0035265, -0.0004254558, 0.007589456), (-0.0012235, -0.0004254558, 0.007589456), (-0.0012115, -0.000424, 0.007588), (-0.001202715, -0.0004207846, 0.007584785), (-0.003547285, -0.0003712154, 0.006495215), (-0.0035385, -0.000368, 0.006492), (-0.0035265, -0.0003665442, 0.006490544), (-0.0012235, -0.0003665442, 0.006490544), (-0.0012115, -0.000368, 0.006492), (-0.001202715, -0.0003712154, 0.006495215), (-0.0035505, -0.000368, 0.006504), (-0.003541197, -0.0003626061, 0.006501303), (-0.0035265, -0.0003598006, 0.0064999), (-0.0012235, -0.0003598006, 0.0064999), (-0.001208803, -0.0003626061, 0.006501303), (-0.0011995, -0.000368, 0.006504), (-0.003551956, -0.0003665442, 0.006516), (-0.0035426, -0.0003598006, 0.006516), (-0.0035265, -0.000356, 0.006516), (-0.0012235, -0.000356, 0.006516), (-0.0012074, -0.0003598006, 0.006516), (-0.001198044, -0.0003665442, 0.006516), (-0.003551956, -0.0003665442, 0.007564), (-0.0035426, -0.0003598006, 0.007564), (-0.0035265, -0.000356, 0.007564), (-0.0012235, -0.000356, 0.007564), (-0.0012074, -0.0003598006, 0.007564), (-0.001198044, -0.0003665442, 0.007564), (-0.0035505, -0.000368, 0.007576), (-0.003541197, -0.0003626061, 0.007578697), (-0.0035265, -0.0003598006, 0.0075801), (-0.0012235, -0.0003598006, 0.0075801), (-0.001208803, -0.0003626061, 0.007578697), (-0.0011995, -0.000368, 0.007576), (-0.003547285, -0.0003712154, 0.007584785), (-0.0035385, -0.000368, 0.007588), (-0.0035265, -0.0003665442, 0.007589456), (-0.0012235, -0.0003665442, 0.007589456), (-0.0012115, -0.000368, 0.007588), (-0.001202715, -0.0003712154, 0.007584785), (-0.003547285, -0.0004207846, 0.006495215), (-0.0035505, -0.000412, 0.006492), (-0.003551956, -0.0004, 0.006490544), (-0.003551956, -0.000392, 0.006490544), (-0.0035505, -0.00038, 0.006492), (-0.003547285, -0.0003712154, 0.006495215), (-0.0035385, -0.000424, 0.006492), (-0.003541197, -0.0004146969, 0.006486606), (-0.0035426, -0.0004, 0.006483801), (-0.0035426, -0.000392, 0.006483801), (-0.003541197, -0.0003773031, 0.006486606), (-0.0035385, -0.000368, 0.006492), (-0.0035265, -0.0004254558, 0.006490544), (-0.0035265, -0.0004160997, 0.006483801), (-0.0035265, -0.0004, 0.00648), (-0.0035265, -0.000392, 0.00648), (-0.0035265, -0.0003759003, 0.006483801), (-0.0035265, -0.0003665442, 0.006490544), (-0.0012235, -0.0004254558, 0.006490544), (-0.0012235, -0.0004160997, 0.006483801), (-0.0012235, -0.0004, 0.00648), (-0.0012235, -0.000392, 0.00648), (-0.0012235, -0.0003759003, 0.006483801), (-0.0012235, -0.0003665442, 0.006490544), (-0.0012115, -0.000424, 0.006492), (-0.001208803, -0.0004146969, 0.006486606), (-0.0012074, -0.0004, 0.006483801), (-0.0012074, -0.000392, 0.006483801), (-0.001208803, -0.0003773031, 0.006486606), (-0.0012115, -0.000368, 0.006492), (-0.001202715, -0.0004207846, 0.006495215), (-0.0011995, -0.000412, 0.006492), (-0.001198044, -0.0004, 0.006490544), (-0.001198044, -0.000392, 0.006490544), (-0.0011995, -0.00038, 0.006492), (-0.001202715, -0.0003712154, 0.006495215), (-0.003547285, -0.0004207846, 0.007584785), (-0.0035505, -0.000412, 0.007588), (-0.003551956, -0.0004, 0.007589456), (-0.003551956, -0.000392, 0.007589456), (-0.0035505, -0.00038, 0.007588), (-0.003547285, -0.0003712154, 0.007584785), (-0.0035385, -0.000424, 0.007588), (-0.003541197, -0.0004146969, 0.007593394), (-0.0035426, -0.0004, 0.007596199), (-0.0035426, -0.000392, 0.007596199), (-0.003541197, -0.0003773031, 0.007593394), (-0.0035385, -0.000368, 0.007588), (-0.0035265, -0.0004254558, 0.007589456), (-0.0035265, -0.0004160997, 0.007596199), (-0.0035265, -0.0004, 0.0076), (-0.0035265, -0.000392, 0.0076), (-0.0035265, -0.0003759003, 0.007596199), (-0.0035265, -0.0003665442, 0.007589456), (-0.0012235, -0.0004254558, 0.007589456), (-0.0012235, -0.0004160997, 0.007596199), (-0.0012235, -0.0004, 0.0076), (-0.0012235, -0.000392, 0.0076), (-0.0012235, -0.0003759003, 0.007596199), (-0.0012235, -0.0003665442, 0.007589456), (-0.0012115, -0.000424, 0.007588), (-0.001208803, -0.0004146969, 0.007593394), (-0.0012074, -0.0004, 0.007596199), (-0.0012074, -0.000392, 0.007596199), (-0.001208803, -0.0003773031, 0.007593394), (-0.0012115, -0.000368, 0.007588), (-0.001202715, -0.0004207846, 0.007584785), (-0.0011995, -0.000412, 0.007588), (-0.001198044, -0.0004, 0.007589456), (-0.001198044, -0.000392, 0.007589456), (-0.0011995, -0.00038, 0.007588), (-0.001202715, -0.0003712154, 0.007584785)]
            int[] faceVertexCounts = [3, 3, 3, 3, 3, 3, 3, 3, 3, 3, 3, 3, 3, 3, 3, 3, 3, 3, 3, 3, 3, 3, 3, 3, 3, 3, 3, 3, 3, 3, 3, 3, 3, 3, 3, 3, 3, 3, 3, 3, 3, 3, 3, 3, 3, 3, 3, 3, 3, 3, 3, 3, 3, 3, 3, 3, 3, 3, 3, 3, 3, 3, 3, 3, 3, 3, 3, 3, 3, 3, 3, 3, 3, 3, 3, 3, 3, 3, 3, 3, 3, 3, 3, 3, 3, 3, 3, 3, 3, 3, 3, 3, 3, 3, 3, 3, 3, 3, 3, 3, 3, 3, 3, 3, 3, 3, 3, 3, 3, 3, 3, 3, 3, 3, 3, 3, 3, 3, 3, 3, 3, 3, 3, 3, 3, 3, 3, 3, 3, 3, 3, 3, 3, 3, 3, 3, 3, 3, 3, 3, 3, 3, 3, 3, 3, 3, 3, 3, 3, 3, 3, 3, 3, 3, 3, 3, 3, 3, 3, 3, 3, 3, 3, 3, 3, 3, 3, 3, 3, 3, 3, 3, 3, 3, 3, 3, 3, 3, 3, 3, 3, 3, 3, 3, 3, 3, 3, 3, 3, 3, 3, 3, 3, 3, 3, 3, 3, 3, 3, 3, 3, 3, 3, 3, 3, 3, 3, 3, 3, 3, 3, 3, 3, 3, 3, 3, 3, 3, 3, 3, 3, 3, 3, 3, 3, 3, 3, 3, 3, 3, 3, 3, 3, 3, 3, 3, 3, 3, 3, 3, 3, 3, 3, 3, 3, 3, 3, 3, 3, 3, 3, 3, 3, 3, 3, 3, 3, 3, 3, 3, 3, 3, 3, 3, 3, 3, 3, 3, 3, 3, 3, 3, 3, 3, 3, 3, 3, 3, 3, 3, 3, 3, 3, 3, 3, 3, 3, 3, 3, 3, 3, 3, 3, 3, 3, 3, 3, 3, 3, 3]
            int[] faceVertexIndices = [1, 7, 6, 1, 6, 0, 2, 8, 7, 2, 7, 1, 3, 9, 8, 3, 8, 2, 4, 10, 9, 4, 9, 3, 5, 11, 10, 5, 10, 4, 7, 13, 12, 7, 12, 6, 8, 14, 13, 8, 13, 7, 9, 15, 14, 9, 14, 8, 10, 16, 15, 10, 15, 9, 11, 17, 16, 11, 16, 10, 13, 19, 18, 13, 18, 12, 14, 20, 19, 14, 19, 13, 15, 21, 20, 15, 20, 14, 16, 22, 21, 16, 21, 15, 17, 23, 22, 17, 22, 16, 19, 25, 24, 19, 24, 18, 20, 26, 25, 20, 25, 19, 21, 27, 26, 21, 26, 20, 22, 28, 27, 22, 27, 21, 23, 29, 28, 23, 28, 22, 25, 31, 30, 25, 30, 24, 26, 32, 31, 26, 31, 25, 27, 33, 32, 27, 32, 26, 28, 34, 33, 28, 33, 27, 29, 35, 34, 29, 34, 28, 36, 42, 43, 36, 43, 37, 37, 43, 44, 37, 44, 38, 38, 44, 45, 38, 45, 39, 39, 45, 46, 39, 46, 40, 40, 46, 47, 40, 47, 41, 42, 48, 49, 42, 49, 43, 43, 49, 50, 43, 50, 44, 44, 50, 51, 44, 51, 45, 45, 51, 52, 45, 52, 46, 46, 52, 53, 46, 53, 47, 48, 54, 55, 48, 55, 49, 49, 55, 56, 49, 56, 50, 50, 56, 57, 50, 57, 51, 51, 57, 58, 51, 58, 52, 52, 58, 59, 52, 59, 53, 54, 60, 61, 54, 61, 55, 55, 61, 62, 55, 62, 56, 56, 62, 63, 56, 63, 57, 57, 63, 64, 57, 64, 58, 58, 64, 65, 58, 65, 59, 60, 66, 67, 60, 67, 61, 61, 67, 68, 61, 68, 62, 62, 68, 69, 62, 69, 63, 63, 69, 70, 63, 70, 64, 64, 70, 71, 64, 71, 65, 73, 79, 78, 73, 78, 72, 74, 80, 79, 74, 79, 73, 75, 81, 80, 75, 80, 74, 76, 82, 81, 76, 81, 75, 77, 83, 82, 77, 82, 76, 79, 85, 84, 79, 84, 78, 80, 86, 85, 80, 85, 79, 81, 87, 86, 81, 86, 80, 82, 88, 87, 82, 87, 81, 83, 89, 88, 83, 88, 82, 85, 91, 90, 85, 90, 84, 86, 92, 91, 86, 91, 85, 87, 93, 92, 87, 92, 86, 88, 94, 93, 88, 93, 87, 89, 95, 94, 89, 94, 88, 91, 97, 96, 91, 96, 90, 92, 98, 97, 92, 97, 91, 93, 99, 98, 93, 98, 92, 94, 100, 99, 94, 99, 93, 95, 101, 100, 95, 100, 94, 97, 103, 102, 97, 102, 96, 98, 104, 103, 98, 103, 97, 99, 105, 104, 99, 104, 98, 100, 106, 105, 100, 105, 99, 101, 107, 106, 101, 106, 100, 108, 114, 115, 108, 115, 109, 109, 115, 116, 109, 116, 110, 110, 116, 117, 110, 117, 111, 111, 117, 118, 111, 118, 112, 112, 118, 119, 112, 119, 113, 114, 120, 121, 114, 121, 115, 115, 121, 122, 115, 122, 116, 116, 122, 123, 116, 123, 117, 117, 123, 124, 117, 124, 118, 118, 124, 125, 118, 125, 119, 120, 126, 127, 120, 127, 121, 121, 127, 128, 121, 128, 122, 122, 128, 129, 122, 129, 123, 123, 129, 130, 123, 130, 124, 124, 130, 131, 124, 131, 125, 126, 132, 133, 126, 133, 127, 127, 133, 134, 127, 134, 128, 128, 134, 135, 128, 135, 129, 129, 135, 136, 129, 136, 130, 130, 136, 137, 130, 137, 131, 132, 138, 139, 132, 139, 133, 133, 139, 140, 133, 140, 134, 134, 140, 141, 134, 141, 135, 135, 141, 142, 135, 142, 136, 136, 142, 143, 136, 143, 137, 145, 151, 150, 145, 150, 144, 146, 152, 151, 146, 151, 145, 147, 153, 152, 147, 152, 146, 148, 154, 153, 148, 153, 147, 149, 155, 154, 149, 154, 148, 151, 157, 156, 151, 156, 150, 152, 158, 157, 152, 157, 151, 153, 159, 158, 153, 158, 152, 154, 160, 159, 154, 159, 153, 155, 161, 160, 155, 160, 154, 157, 163, 162, 157, 162, 156, 158, 164, 163, 158, 163, 157, 159, 165, 164, 159, 164, 158, 160, 166, 165, 160, 165, 159, 161, 167, 166, 161, 166, 160, 163, 169, 168, 163, 168, 162, 164, 170, 169, 164, 169, 163, 165, 171, 170, 165, 170, 164, 166, 172, 171, 166, 171, 165, 167, 173, 172, 167, 172, 166, 169, 175, 174, 169, 174, 168, 170, 176, 175, 170, 175, 169, 171, 177, 176, 171, 176, 170, 172, 178, 177, 172, 177, 171, 173, 179, 178, 173, 178, 172, 180, 186, 187, 180, 187, 181, 181, 187, 188, 181, 188, 182, 182, 188, 189, 182, 189, 183, 183, 189, 190, 183, 190, 184, 184, 190, 191, 184, 191, 185, 186, 192, 193, 186, 193, 187, 187, 193, 194, 187, 194, 188, 188, 194, 195, 188, 195, 189, 189, 195, 196, 189, 196, 190, 190, 196, 197, 190, 197, 191, 192, 198, 199, 192, 199, 193, 193, 199, 200, 193, 200, 194, 194, 200, 201, 194, 201, 195, 195, 201, 202, 195, 202, 196, 196, 202, 203, 196, 203, 197, 198, 204, 205, 198, 205, 199, 199, 205, 206, 199, 206, 200, 200, 206, 207, 200, 207, 201, 201, 207, 208, 201, 208, 202, 202, 208, 209, 202, 209, 203, 204, 210, 211, 204, 211, 205, 205, 211, 212, 205, 212, 206, 206, 212, 213, 206, 213, 207, 207, 213, 214, 207, 214, 208, 208, 214, 215, 208, 215, 209]
            normal3f[] normals = [(-0.7745967, -0.4472136, -0.4472136), (-0.7668657, -0.5195657, -0.376787), (-0.8115774, -0.5842267, -0.004611214), (-0.8112418, -0.58471, 0.0009640836), (-0.7900625, -0.5555967, 0.2590629), (-0.7071068, -0.5, 0.5), (-0.7668657, -0.376787, -0.5195657), (-0.8559572, -0.3656073, -0.3656073), (-0.8965761, -0.4428765, -0.003433785), (-0.9448834, -0.3273988, 0.002309068), (-0.8844941, -0.3299016, 0.3299016), (-0.7900625, -0.2590629, 0.5555967), (-0.8133397, -0.145112, -0.5634014), (-0.9225416, -0.1473858, -0.3566433), (-0.9827378, -0.1849826, -0.002811366), (-0.9929364, -0.1185813, 0.003965699), (-0.916641, -0.1211306, 0.3809156), (-0.8091137, -0.07239132, 0.5831762), (-0.8091137, 0.07239132, -0.5831762), (-0.916641, 0.1211306, -0.3809156), (-0.9929364, 0.1185813, -0.003965699), (-0.9827378, 0.1849826, 0.002811366), (-0.9225416, 0.1473858, 0.3566433), (-0.8133397, 0.145112, 0.5634014), (-0.7900625, 0.2590629, -0.5555967), (-0.8844941, 0.3299016, -0.3299016), (-0.9448834, 0.3273988, -0.002309068), (-0.8965761, 0.4428765, 0.003433785), (-0.8559572, 0.3656073, 0.3656073), (-0.7668657, 0.376787, 0.5195657), (-0.7071068, 0.5, -0.5), (-0.7900625, 0.5555967, -0.2590629), (-0.8112418, 0.58471, -0.0009640836), (-0.8115774, 0.5842267, 0.004611214), (-0.7668657, 0.5195657, 0.376787), (-0.7745967, 0.4472136, 0.4472136), (0.7071068, -0.5, -0.5), (0.7900625, -0.5555967, -0.2590629), (0.8112418, -0.58471, -0.0009640836), (0.8115774, -0.5842267, 0.004611214), (0.7668657, -0.5195657, 0.376787), (0.7745967, -0.4472136, 0.4472136), (0.7900625, -0.2590629, -0.5555967), (0.8844941, -0.3299016, -0.3299016), (0.9448834, -0.3273988, -0.002309068), (0.8965761, -0.4428765, 0.003433785), (0.8559572, -0.3656073, 0.3656073), (0.7668657, -0.376787, 0.5195657), (0.8091137, -0.07239132, -0.5831762), (0.916641, -0.1211306, -0.3809156), (0.9929364, -0.1185813, -0.003965699), (0.9827378, -0.1849826, 0.002811366), (0.9225416, -0.1473858, 0.3566433), (0.8133397, -0.145112, 0.5634014), (0.8133397, 0.145112, -0.5634014), (0.9225416, 0.1473858, -0.3566433), (0.9827378, 0.1849826, -0.002811366), (0.9929364, 0.1185813, 0.003965699), (0.916641, 0.1211306, 0.3809156), (0.8091137, 0.07239132, 0.5831762), (0.7668657, 0.376787, -0.5195657), (0.8559572, 0.3656073, -0.3656073), (0.8965761, 0.4428765, -0.003433785), (0.9448834, 0.3273988, 0.002309068), (0.8844941, 0.3299016, 0.3299016), (0.7900625, 0.2590629, 0.5555967), (0.7745967, 0.4472136, -0.4472136), (0.7668657, 0.5195657, -0.376787), (0.8115774, 0.5842267, -0.004611214), (0.8112418, 0.58471, 0.0009640836), (0.7900625, 0.5555967, 0.2590629), (0.7071068, 0.5, 0.5), (-0.4472136, -0.7745967, -0.4472136), (-0.376787, -0.7668657, -0.5195657), (-0.00212618, -0.8113989, -0.5844889), (0.0004400799, -0.8112421, -0.5847102), (0.2590629, -0.7900625, -0.5555967), (0.5, -0.7071068, -0.5), (-0.5195657, -0.7668657, -0.376787), (-0.3656073, -0.8559572, -0.3656073), (-0.001575834, -0.8960722, -0.4439056), (0.001057297, -0.9450915, -0.3268041), (0.3299016, -0.8844941, -0.3299016), (0.5555967, -0.7900625, -0.2590629), (-0.5842267, -0.8115774, -0.004611214), (-0.4428765, -0.8965761, -0.003433785), (-0.003183188, -0.9999707, -0.006966059), (0.0008377322, -0.999998, -0.001814842), (0.3273988, -0.9448834, -0.002309068), (0.58471, -0.8112418, -0.0009640836), (-0.58471, -0.8112418, 0.0009640836), (-0.3273988, -0.9448834, 0.002309068), (-0.0008377322, -0.999998, 0.001814842), (0.003183188, -0.9999707, 0.006966059), (0.4428765, -0.8965761, 0.003433785), (0.5842267, -0.8115774, 0.004611214), (-0.5555967, -0.7900625, 0.2590629), (-0.3299016, -0.8844941, 0.3299016), (-0.001057297, -0.9450915, 0.3268041), (0.001575834, -0.8960722, 0.4439056), (0.3656073, -0.8559572, 0.3656073), (0.5195657, -0.7668657, 0.376787), (-0.5, -0.7071068, 0.5), (-0.2590629, -0.7900625, 0.5555967), (-0.0004400799, -0.8112421, 0.5847102), (0.00212618, -0.8113989, 0.5844889), (0.376787, -0.7668657, 0.5195657), (0.4472136, -0.7745967, 0.4472136), (-0.5, 0.7071068, -0.5), (-0.2590629, 0.7900625, -0.5555967), (-0.0004400799, 0.8112421, -0.5847102), (0.00212618, 0.8113989, -0.5844889), (0.376787, 0.7668657, -0.5195657), (0.4472136, 0.7745967, -0.4472136), (-0.5555967, 0.7900625, -0.2590629), (-0.3299016, 0.8844941, -0.3299016), (-0.001057297, 0.9450915, -0.3268041), (0.001575834, 0.8960722, -0.4439056), (0.3656073, 0.8559572, -0.3656073), (0.5195657, 0.7668657, -0.376787), (-0.58471, 0.8112418, -0.0009640836), (-0.3273988, 0.9448834, -0.002309068), (-0.0008377322, 0.999998, -0.001814842), (0.003183188, 0.9999707, -0.006966059), (0.4428765, 0.8965761, -0.003433785), (0.5842267, 0.8115774, -0.004611214), (-0.5842267, 0.8115774, 0.004611214), (-0.4428765, 0.8965761, 0.003433785), (-0.003183188, 0.9999707, 0.006966059), (0.0008377322, 0.999998, 0.001814842), (0.3273988, 0.9448834, 0.002309068), (0.58471, 0.8112418, 0.0009640836), (-0.5195657, 0.7668657, 0.376787), (-0.3656073, 0.8559572, 0.3656073), (-0.001575834, 0.8960722, 0.4439056), (0.001057297, 0.9450915, 0.3268041), (0.3299016, 0.8844941, 0.3299016), (0.5555967, 0.7900625, 0.2590629), (-0.4472136, 0.7745967, 0.4472136), (-0.376787, 0.7668657, 0.5195657), (-0.00212618, 0.8113989, 0.5844889), (0.0004400799, 0.8112421, 0.5847102), (0.2590629, 0.7900625, 0.5555967), (0.5, 0.7071068, 0.5), (-0.4472136, -0.4472136, -0.7745967), (-0.5195657, -0.376787, -0.7668657), (-0.5634014, -0.145112, -0.8133397), (-0.5831762, 0.07239132, -0.8091137), (-0.5555967, 0.2590629, -0.7900625), (-0.5, 0.5, -0.7071068), (-0.376787, -0.5195657, -0.7668657), (-0.3656073, -0.3656073, -0.8559572), (-0.3566433, -0.1473858, -0.9225416), (-0.3809156, 0.1211306, -0.916641), (-0.3299016, 0.3299016, -0.8844941), (-0.2590629, 0.5555967, -0.7900625), (-0.00212618, -0.5844889, -0.8113989), (-0.001575834, -0.4439056, -0.8960722), (-0.001287736, -0.1854237, -0.9826578), (-0.001822212, 0.11804, -0.9930072), (-0.001057297, 0.3268041, -0.9450915), (-0.0004400799, 0.5847102, -0.8112421), (0.0004400799, -0.5847102, -0.8112421), (0.001057297, -0.3268041, -0.9450915), (0.001822212, -0.11804, -0.9930072), (0.001287736, 0.1854237, -0.9826578), (0.001575834, 0.4439056, -0.8960722), (0.00212618, 0.5844889, -0.8113989), (0.2590629, -0.5555967, -0.7900625), (0.3299016, -0.3299016, -0.8844941), (0.3809156, -0.1211306, -0.916641), (0.3566433, 0.1473858, -0.9225416), (0.3656073, 0.3656073, -0.8559572), (0.376787, 0.5195657, -0.7668657), (0.5, -0.5, -0.7071068), (0.5555967, -0.2590629, -0.7900625), (0.5831762, -0.07239132, -0.8091137), (0.5634014, 0.145112, -0.8133397), (0.5195657, 0.376787, -0.7668657), (0.4472136, 0.4472136, -0.7745967), (-0.5, -0.5, 0.7071068), (-0.5555967, -0.2590629, 0.7900625), (-0.5831762, -0.07239132, 0.8091137), (-0.5634014, 0.145112, 0.8133397), (-0.5195657, 0.376787, 0.7668657), (-0.4472136, 0.4472136, 0.7745967), (-0.2590629, -0.5555967, 0.7900625), (-0.3299016, -0.3299016, 0.8844941), (-0.3809156, -0.1211306, 0.916641), (-0.3566433, 0.1473858, 0.9225416), (-0.3656073, 0.3656073, 0.8559572), (-0.376787, 0.5195657, 0.7668657), (-0.0004400799, -0.5847102, 0.8112421), (-0.001057297, -0.3268041, 0.9450915), (-0.001822212, -0.11804, 0.9930072), (-0.001287736, 0.1854237, 0.9826578), (-0.001575834, 0.4439056, 0.8960722), (-0.00212618, 0.5844889, 0.8113989), (0.00212618, -0.5844889, 0.8113989), (0.001575834, -0.4439056, 0.8960722), (0.001287736, -0.1854237, 0.9826578), (0.001822212, 0.11804, 0.9930072), (0.001057297, 0.3268041, 0.9450915), (0.0004400799, 0.5847102, 0.8112421), (0.376787, -0.5195657, 0.7668657), (0.3656073, -0.3656073, 0.8559572), (0.3566433, -0.1473858, 0.9225416), (0.3809156, 0.1211306, 0.916641), (0.3299016, 0.3299016, 0.8844941), (0.2590629, 0.5555967, 0.7900625), (0.4472136, -0.4472136, 0.7745967), (0.5195657, -0.376787, 0.7668657), (0.5634014, -0.145112, 0.8133397), (0.5831762, 0.07239132, 0.8091137), (0.5555967, 0.2590629, 0.7900625), (0.5, 0.5, 0.7071068)] (interpolation = "vertex")
            float3[] extent = [(-0.0035625, -0.000436, 0.00648), (-0.0011875, -0.000356, 0.0076)]
            rel material:binding = </WorkbenchPart/Materials/gold>
        }
        def Mesh "SMDComponent_02" (prepend apiSchemas = ["MaterialBindingAPI"])
        {
            uniform token subdivisionScheme = "none"
            uniform token orientation = "rightHanded"
            bool doubleSided = false
            point3f[] points = [(-0.003297285, -0.0003047846, 0.003175215), (-0.0033005, -0.000308, 0.003184), (-0.003301956, -0.0003094558, 0.003196), (-0.003301956, -0.0003094558, 0.004484), (-0.0033005, -0.000308, 0.004496), (-0.003297285, -0.0003047846, 0.004504785), (-0.0033005, -0.000296, 0.003172), (-0.003305894, -0.0002986969, 0.003181303), (-0.003308699, -0.0003000997, 0.003196), (-0.003308699, -0.0003000997, 0.004484), (-0.003305894, -0.0002986969, 0.004498697), (-0.0033005, -0.000296, 0.004508), (-0.003301956, -0.000284, 0.003170544), (-0.003308699, -0.000284, 0.0031799), (-0.0033125, -0.000284, 0.003196), (-0.0033125, -0.000284, 0.004484), (-0.003308699, -0.000284, 0.0045001), (-0.003301956, -0.000284, 0.004509456), (-0.003301956, 4.4e-05, 0.003170544), (-0.003308699, 4.4e-05, 0.0031799), (-0.0033125, 4.4e-05, 0.003196), (-0.0033125, 4.4e-05, 0.004484), (-0.003308699, 4.4e-05, 0.0045001), (-0.003301956, 4.4e-05, 0.004509456), (-0.0033005, 5.6e-05, 0.003172), (-0.003305894, 5.869694e-05, 0.003181303), (-0.003308699, 6.009969e-05, 0.003196), (-0.003308699, 6.009969e-05, 0.004484), (-0.003305894, 5.869694e-05, 0.004498697), (-0.0033005, 5.6e-05, 0.004508), (-0.003297285, 6.478461e-05, 0.003175215), (-0.0033005, 6.8e-05, 0.003184), (-0.003301956, 6.945584e-05, 0.003196), (-0.003301956, 6.945584e-05, 0.004484), (-0.0033005, 6.8e-05, 0.004496), (-0.003297285, 6.478461e-05, 0.004504785), (-0.001452715, -0.0003047846, 0.003175215), (-0.0014495, -0.000308, 0.003184), (-0.001448044, -0.0003094558, 0.003196), (-0.001448044, -0.0003094558, 0.004484), (-0.0014495, -0.000308, 0.004496), (-0.001452715, -0.0003047846, 0.004504785), (-0.0014495, -0.000296, 0.003172), (-0.001444106, -0.0002986969, 0.003181303), (-0.001441301, -0.0003000997, 0.003196), (-0.001441301, -0.0003000997, 0.004484), (-0.001444106, -0.0002986969, 0.004498697), (-0.0014495, -0.000296, 0.004508), (-0.001448044, -0.000284, 0.003170544), (-0.001441301, -0.000284, 0.0031799), (-0.0014375, -0.000284, 0.003196), (-0.0014375, -0.000284, 0.004484), (-0.001441301, -0.000284, 0.0045001), (-0.001448044, -0.000284, 0.004509456), (-0.001448044, 4.4e-05, 0.003170544), (-0.001441301, 4.4e-05, 0.0031799), (-0.0014375, 4.4e-05, 0.003196), (-0.0014375, 4.4e-05, 0.004484), (-0.001441301, 4.4e-05, 0.0045001), (-0.001448044, 4.4e-05, 0.004509456), (-0.0014495, 5.6e-05, 0.003172), (-0.001444106, 5.869694e-05, 0.003181303), (-0.001441301, 6.009969e-05, 0.003196), (-0.001441301, 6.009969e-05, 0.004484), (-0.001444106, 5.869694e-05, 0.004498697), (-0.0014495, 5.6e-05, 0.004508), (-0.001452715, 6.478461e-05, 0.003175215), (-0.0014495, 6.8e-05, 0.003184), (-0.001448044, 6.945584e-05, 0.003196), (-0.001448044, 6.945584e-05, 0.004484), (-0.0014495, 6.8e-05, 0.004496), (-0.001452715, 6.478461e-05, 0.004504785), (-0.003297285, -0.0003047846, 0.003175215), (-0.0032885, -0.000308, 0.003172), (-0.0032765, -0.0003094558, 0.003170544), (-0.0014735, -0.0003094558, 0.003170544), (-0.0014615, -0.000308, 0.003172), (-0.001452715, -0.0003047846, 0.003175215), (-0.0033005, -0.000308, 0.003184), (-0.003291197, -0.0003133939, 0.003181303), (-0.0032765, -0.0003161994, 0.0031799), (-0.0014735, -0.0003161994, 0.0031799), (-0.001458803, -0.0003133939, 0.003181303), (-0.0014495, -0.000308, 0.003184), (-0.003301956, -0.0003094558, 0.003196), (-0.0032926, -0.0003161994, 0.003196), (-0.0032765, -0.00032, 0.003196), (-0.0014735, -0.00032, 0.003196), (-0.0014574, -0.0003161994, 0.003196), (-0.001448044, -0.0003094558, 0.003196), (-0.003301956, -0.0003094558, 0.004484), (-0.0032926, -0.0003161994, 0.004484), (-0.0032765, -0.00032, 0.004484), (-0.0014735, -0.00032, 0.004484), (-0.0014574, -0.0003161994, 0.004484), (-0.001448044, -0.0003094558, 0.004484), (-0.0033005, -0.000308, 0.004496), (-0.003291197, -0.0003133939, 0.004498697), (-0.0032765, -0.0003161994, 0.0045001), (-0.0014735, -0.0003161994, 0.0045001), (-0.001458803, -0.0003133939, 0.004498697), (-0.0014495, -0.000308, 0.004496), (-0.003297285, -0.0003047846, 0.004504785), (-0.0032885, -0.000308, 0.004508), (-0.0032765, -0.0003094558, 0.004509456), (-0.0014735, -0.0003094558, 0.004509456), (-0.0014615, -0.000308, 0.004508), (-0.001452715, -0.0003047846, 0.004504785), (-0.003297285, 6.478461e-05, 0.003175215), (-0.0032885, 6.8e-05, 0.003172), (-0.0032765, 6.945584e-05, 0.003170544), (-0.0014735, 6.945584e-05, 0.003170544), (-0.0014615, 6.8e-05, 0.003172), (-0.001452715, 6.478461e-05, 0.003175215), (-0.0033005, 6.8e-05, 0.003184), (-0.003291197, 7.339388e-05, 0.003181303), (-0.0032765, 7.619938e-05, 0.0031799), (-0.0014735, 7.619938e-05, 0.0031799), (-0.001458803, 7.339388e-05, 0.003181303), (-0.0014495, 6.8e-05, 0.003184), (-0.003301956, 6.945584e-05, 0.003196), (-0.0032926, 7.619938e-05, 0.003196), (-0.0032765, 8e-05, 0.003196), (-0.0014735, 8e-05, 0.003196), (-0.0014574, 7.619938e-05, 0.003196), (-0.001448044, 6.945584e-05, 0.003196), (-0.003301956, 6.945584e-05, 0.004484), (-0.0032926, 7.619938e-05, 0.004484), (-0.0032765, 8e-05, 0.004484), (-0.0014735, 8e-05, 0.004484), (-0.0014574, 7.619938e-05, 0.004484), (-0.001448044, 6.945584e-05, 0.004484), (-0.0033005, 6.8e-05, 0.004496), (-0.003291197, 7.339388e-05, 0.004498697), (-0.0032765, 7.619938e-05, 0.0045001), (-0.0014735, 7.619938e-05, 0.0045001), (-0.001458803, 7.339388e-05, 0.004498697), (-0.0014495, 6.8e-05, 0.004496), (-0.003297285, 6.478461e-05, 0.004504785), (-0.0032885, 6.8e-05, 0.004508), (-0.0032765, 6.945584e-05, 0.004509456), (-0.0014735, 6.945584e-05, 0.004509456), (-0.0014615, 6.8e-05, 0.004508), (-0.001452715, 6.478461e-05, 0.004504785), (-0.003297285, -0.0003047846, 0.003175215), (-0.0033005, -0.000296, 0.003172), (-0.003301956, -0.000284, 0.003170544), (-0.003301956, 4.4e-05, 0.003170544), (-0.0033005, 5.6e-05, 0.003172), (-0.003297285, 6.478461e-05, 0.003175215), (-0.0032885, -0.000308, 0.003172), (-0.003291197, -0.0002986969, 0.003166606), (-0.0032926, -0.000284, 0.003163801), (-0.0032926, 4.4e-05, 0.003163801), (-0.003291197, 5.869694e-05, 0.003166606), (-0.0032885, 6.8e-05, 0.003172), (-0.0032765, -0.0003094558, 0.003170544), (-0.0032765, -0.0003000997, 0.003163801), (-0.0032765, -0.000284, 0.00316), (-0.0032765, 4.4e-05, 0.00316), (-0.0032765, 6.009969e-05, 0.003163801), (-0.0032765, 6.945584e-05, 0.003170544), (-0.0014735, -0.0003094558, 0.003170544), (-0.0014735, -0.0003000997, 0.003163801), (-0.0014735, -0.000284, 0.00316), (-0.0014735, 4.4e-05, 0.00316), (-0.0014735, 6.009969e-05, 0.003163801), (-0.0014735, 6.945584e-05, 0.003170544), (-0.0014615, -0.000308, 0.003172), (-0.001458803, -0.0002986969, 0.003166606), (-0.0014574, -0.000284, 0.003163801), (-0.0014574, 4.4e-05, 0.003163801), (-0.001458803, 5.869694e-05, 0.003166606), (-0.0014615, 6.8e-05, 0.003172), (-0.001452715, -0.0003047846, 0.003175215), (-0.0014495, -0.000296, 0.003172), (-0.001448044, -0.000284, 0.003170544), (-0.001448044, 4.4e-05, 0.003170544), (-0.0014495, 5.6e-05, 0.003172), (-0.001452715, 6.478461e-05, 0.003175215), (-0.003297285, -0.0003047846, 0.004504785), (-0.0033005, -0.000296, 0.004508), (-0.003301956, -0.000284, 0.004509456), (-0.003301956, 4.4e-05, 0.004509456), (-0.0033005, 5.6e-05, 0.004508), (-0.003297285, 6.478461e-05, 0.004504785), (-0.0032885, -0.000308, 0.004508), (-0.003291197, -0.0002986969, 0.004513394), (-0.0032926, -0.000284, 0.004516199), (-0.0032926, 4.4e-05, 0.004516199), (-0.003291197, 5.869694e-05, 0.004513394), (-0.0032885, 6.8e-05, 0.004508), (-0.0032765, -0.0003094558, 0.004509456), (-0.0032765, -0.0003000997, 0.004516199), (-0.0032765, -0.000284, 0.00452), (-0.0032765, 4.4e-05, 0.00452), (-0.0032765, 6.009969e-05, 0.004516199), (-0.0032765, 6.945584e-05, 0.004509456), (-0.0014735, -0.0003094558, 0.004509456), (-0.0014735, -0.0003000997, 0.004516199), (-0.0014735, -0.000284, 0.00452), (-0.0014735, 4.4e-05, 0.00452), (-0.0014735, 6.009969e-05, 0.004516199), (-0.0014735, 6.945584e-05, 0.004509456), (-0.0014615, -0.000308, 0.004508), (-0.001458803, -0.0002986969, 0.004513394), (-0.0014574, -0.000284, 0.004516199), (-0.0014574, 4.4e-05, 0.004516199), (-0.001458803, 5.869694e-05, 0.004513394), (-0.0014615, 6.8e-05, 0.004508), (-0.001452715, -0.0003047846, 0.004504785), (-0.0014495, -0.000296, 0.004508), (-0.001448044, -0.000284, 0.004509456), (-0.001448044, 4.4e-05, 0.004509456), (-0.0014495, 5.6e-05, 0.004508), (-0.001452715, 6.478461e-05, 0.004504785)]
            int[] faceVertexCounts = [3, 3, 3, 3, 3, 3, 3, 3, 3, 3, 3, 3, 3, 3, 3, 3, 3, 3, 3, 3, 3, 3, 3, 3, 3, 3, 3, 3, 3, 3, 3, 3, 3, 3, 3, 3, 3, 3, 3, 3, 3, 3, 3, 3, 3, 3, 3, 3, 3, 3, 3, 3, 3, 3, 3, 3, 3, 3, 3, 3, 3, 3, 3, 3, 3, 3, 3, 3, 3, 3, 3, 3, 3, 3, 3, 3, 3, 3, 3, 3, 3, 3, 3, 3, 3, 3, 3, 3, 3, 3, 3, 3, 3, 3, 3, 3, 3, 3, 3, 3, 3, 3, 3, 3, 3, 3, 3, 3, 3, 3, 3, 3, 3, 3, 3, 3, 3, 3, 3, 3, 3, 3, 3, 3, 3, 3, 3, 3, 3, 3, 3, 3, 3, 3, 3, 3, 3, 3, 3, 3, 3, 3, 3, 3, 3, 3, 3, 3, 3, 3, 3, 3, 3, 3, 3, 3, 3, 3, 3, 3, 3, 3, 3, 3, 3, 3, 3, 3, 3, 3, 3, 3, 3, 3, 3, 3, 3, 3, 3, 3, 3, 3, 3, 3, 3, 3, 3, 3, 3, 3, 3, 3, 3, 3, 3, 3, 3, 3, 3, 3, 3, 3, 3, 3, 3, 3, 3, 3, 3, 3, 3, 3, 3, 3, 3, 3, 3, 3, 3, 3, 3, 3, 3, 3, 3, 3, 3, 3, 3, 3, 3, 3, 3, 3, 3, 3, 3, 3, 3, 3, 3, 3, 3, 3, 3, 3, 3, 3, 3, 3, 3, 3, 3, 3, 3, 3, 3, 3, 3, 3, 3, 3, 3, 3, 3, 3, 3, 3, 3, 3, 3, 3, 3, 3, 3, 3, 3, 3, 3, 3, 3, 3, 3, 3, 3, 3, 3, 3, 3, 3, 3, 3, 3, 3, 3, 3, 3, 3, 3, 3]
            int[] faceVertexIndices = [1, 7, 6, 1, 6, 0, 2, 8, 7, 2, 7, 1, 3, 9, 8, 3, 8, 2, 4, 10, 9, 4, 9, 3, 5, 11, 10, 5, 10, 4, 7, 13, 12, 7, 12, 6, 8, 14, 13, 8, 13, 7, 9, 15, 14, 9, 14, 8, 10, 16, 15, 10, 15, 9, 11, 17, 16, 11, 16, 10, 13, 19, 18, 13, 18, 12, 14, 20, 19, 14, 19, 13, 15, 21, 20, 15, 20, 14, 16, 22, 21, 16, 21, 15, 17, 23, 22, 17, 22, 16, 19, 25, 24, 19, 24, 18, 20, 26, 25, 20, 25, 19, 21, 27, 26, 21, 26, 20, 22, 28, 27, 22, 27, 21, 23, 29, 28, 23, 28, 22, 25, 31, 30, 25, 30, 24, 26, 32, 31, 26, 31, 25, 27, 33, 32, 27, 32, 26, 28, 34, 33, 28, 33, 27, 29, 35, 34, 29, 34, 28, 36, 42, 43, 36, 43, 37, 37, 43, 44, 37, 44, 38, 38, 44, 45, 38, 45, 39, 39, 45, 46, 39, 46, 40, 40, 46, 47, 40, 47, 41, 42, 48, 49, 42, 49, 43, 43, 49, 50, 43, 50, 44, 44, 50, 51, 44, 51, 45, 45, 51, 52, 45, 52, 46, 46, 52, 53, 46, 53, 47, 48, 54, 55, 48, 55, 49, 49, 55, 56, 49, 56, 50, 50, 56, 57, 50, 57, 51, 51, 57, 58, 51, 58, 52, 52, 58, 59, 52, 59, 53, 54, 60, 61, 54, 61, 55, 55, 61, 62, 55, 62, 56, 56, 62, 63, 56, 63, 57, 57, 63, 64, 57, 64, 58, 58, 64, 65, 58, 65, 59, 60, 66, 67, 60, 67, 61, 61, 67, 68, 61, 68, 62, 62, 68, 69, 62, 69, 63, 63, 69, 70, 63, 70, 64, 64, 70, 71, 64, 71, 65, 73, 79, 78, 73, 78, 72, 74, 80, 79, 74, 79, 73, 75, 81, 80, 75, 80, 74, 76, 82, 81, 76, 81, 75, 77, 83, 82, 77, 82, 76, 79, 85, 84, 79, 84, 78, 80, 86, 85, 80, 85, 79, 81, 87, 86, 81, 86, 80, 82, 88, 87, 82, 87, 81, 83, 89, 88, 83, 88, 82, 85, 91, 90, 85, 90, 84, 86, 92, 91, 86, 91, 85, 87, 93, 92, 87, 92, 86, 88, 94, 93, 88, 93, 87, 89, 95, 94, 89, 94, 88, 91, 97, 96, 91, 96, 90, 92, 98, 97, 92, 97, 91, 93, 99, 98, 93, 98, 92, 94, 100, 99, 94, 99, 93, 95, 101, 100, 95, 100, 94, 97, 103, 102, 97, 102, 96, 98, 104, 103, 98, 103, 97, 99, 105, 104, 99, 104, 98, 100, 106, 105, 100, 105, 99, 101, 107, 106, 101, 106, 100, 108, 114, 115, 108, 115, 109, 109, 115, 116, 109, 116, 110, 110, 116, 117, 110, 117, 111, 111, 117, 118, 111, 118, 112, 112, 118, 119, 112, 119, 113, 114, 120, 121, 114, 121, 115, 115, 121, 122, 115, 122, 116, 116, 122, 123, 116, 123, 117, 117, 123, 124, 117, 124, 118, 118, 124, 125, 118, 125, 119, 120, 126, 127, 120, 127, 121, 121, 127, 128, 121, 128, 122, 122, 128, 129, 122, 129, 123, 123, 129, 130, 123, 130, 124, 124, 130, 131, 124, 131, 125, 126, 132, 133, 126, 133, 127, 127, 133, 134, 127, 134, 128, 128, 134, 135, 128, 135, 129, 129, 135, 136, 129, 136, 130, 130, 136, 137, 130, 137, 131, 132, 138, 139, 132, 139, 133, 133, 139, 140, 133, 140, 134, 134, 140, 141, 134, 141, 135, 135, 141, 142, 135, 142, 136, 136, 142, 143, 136, 143, 137, 145, 151, 150, 145, 150, 144, 146, 152, 151, 146, 151, 145, 147, 153, 152, 147, 152, 146, 148, 154, 153, 148, 153, 147, 149, 155, 154, 149, 154, 148, 151, 157, 156, 151, 156, 150, 152, 158, 157, 152, 157, 151, 153, 159, 158, 153, 158, 152, 154, 160, 159, 154, 159, 153, 155, 161, 160, 155, 160, 154, 157, 163, 162, 157, 162, 156, 158, 164, 163, 158, 163, 157, 159, 165, 164, 159, 164, 158, 160, 166, 165, 160, 165, 159, 161, 167, 166, 161, 166, 160, 163, 169, 168, 163, 168, 162, 164, 170, 169, 164, 169, 163, 165, 171, 170, 165, 170, 164, 166, 172, 171, 166, 171, 165, 167, 173, 172, 167, 172, 166, 169, 175, 174, 169, 174, 168, 170, 176, 175, 170, 175, 169, 171, 177, 176, 171, 176, 170, 172, 178, 177, 172, 177, 171, 173, 179, 178, 173, 178, 172, 180, 186, 187, 180, 187, 181, 181, 187, 188, 181, 188, 182, 182, 188, 189, 182, 189, 183, 183, 189, 190, 183, 190, 184, 184, 190, 191, 184, 191, 185, 186, 192, 193, 186, 193, 187, 187, 193, 194, 187, 194, 188, 188, 194, 195, 188, 195, 189, 189, 195, 196, 189, 196, 190, 190, 196, 197, 190, 197, 191, 192, 198, 199, 192, 199, 193, 193, 199, 200, 193, 200, 194, 194, 200, 201, 194, 201, 195, 195, 201, 202, 195, 202, 196, 196, 202, 203, 196, 203, 197, 198, 204, 205, 198, 205, 199, 199, 205, 206, 199, 206, 200, 200, 206, 207, 200, 207, 201, 201, 207, 208, 201, 208, 202, 202, 208, 209, 202, 209, 203, 204, 210, 211, 204, 211, 205, 205, 211, 212, 205, 212, 206, 206, 212, 213, 206, 213, 207, 207, 213, 214, 207, 214, 208, 208, 214, 215, 208, 215, 209]
            normal3f[] normals = [(-0.7745967, -0.4472136, -0.4472136), (-0.7668657, -0.5195657, -0.376787), (-0.8115175, -0.584316, -0.003768839), (-0.8112419, -0.5847101, 0.0007852738), (-0.7900625, -0.5555967, 0.2590629), (-0.7071068, -0.5, 0.5), (-0.7668657, -0.376787, -0.5195657), (-0.8559572, -0.3656073, -0.3656073), (-0.8964052, -0.4432267, -0.002802013), (-0.9449545, -0.3271964, 0.001882787), (-0.8844941, -0.3299016, 0.3299016), (-0.7900625, -0.2590629, 0.5555967), (-0.8122054, -0.01399524, -0.5832036), (-0.8984826, -0.01061118, -0.4388808), (-0.9997703, -0.02074602, -0.005379189), (-0.9999823, -0.005739457, 0.001552568), (-0.9440529, -0.007198359, 0.3297154), (-0.8112384, -0.003042335, 0.5847076), (-0.8112384, 0.003042335, -0.5847076), (-0.9440529, 0.007198359, -0.3297154), (-0.9999823, 0.005739457, -0.001552568), (-0.9997703, 0.02074602, 0.005379189), (-0.8984826, 0.01061118, 0.4388808), (-0.8122054, 0.01399524, 0.5832036), (-0.7900625, 0.2590629, -0.5555967), (-0.8844941, 0.3299016, -0.3299016), (-0.9449545, 0.3271964, -0.001882787), (-0.8964052, 0.4432267, 0.002802013), (-0.8559572, 0.3656073, 0.3656073), (-0.7668657, 0.376787, 0.5195657), (-0.7071068, 0.5, -0.5), (-0.7900625, 0.5555967, -0.2590629), (-0.8112419, 0.5847101, -0.0007852738), (-0.8115175, 0.584316, 0.003768839), (-0.7668657, 0.5195657, 0.376787), (-0.7745967, 0.4472136, 0.4472136), (0.7071068, -0.5, -0.5), (0.7900625, -0.5555967, -0.2590629), (0.8112419, -0.5847101, -0.0007852738), (0.8115175, -0.584316, 0.003768839), (0.7668657, -0.5195657, 0.376787), (0.7745967, -0.4472136, 0.4472136), (0.7900625, -0.2590629, -0.5555967), (0.8844941, -0.3299016, -0.3299016), (0.9449545, -0.3271964, -0.001882787), (0.8964052, -0.4432267, 0.002802013), (0.8559572, -0.3656073, 0.3656073), (0.7668657, -0.376787, 0.5195657), (0.8112384, -0.003042335, -0.5847076), (0.9440529, -0.007198359, -0.3297154), (0.9999823, -0.005739457, -0.001552568), (0.9997703, -0.02074602, 0.005379189), (0.8984826, -0.01061118, 0.4388808), (0.8122054, -0.01399524, 0.5832036), (0.8122054, 0.01399524, -0.5832036), (0.8984826, 0.01061118, -0.4388808), (0.9997703, 0.02074602, -0.005379189), (0.9999823, 0.005739457, 0.001552568), (0.9440529, 0.007198359, 0.3297154), (0.8112384, 0.003042335, 0.5847076), (0.7668657, 0.376787, -0.5195657), (0.8559572, 0.3656073, -0.3656073), (0.8964052, 0.4432267, -0.002802013), (0.9449545, 0.3271964, 0.001882787), (0.8844941, 0.3299016, 0.3299016), (0.7900625, 0.2590629, 0.5555967), (0.7745967, 0.4472136, -0.4472136), (0.7668657, 0.5195657, -0.376787), (0.8115175, 0.584316, -0.003768839), (0.8112419, 0.5847101, 0.0007852738), (0.7900625, 0.5555967, 0.2590629), (0.7071068, 0.5, 0.5), (-0.4472136, -0.7745967, -0.4472136), (-0.376787, -0.7668657, -0.5195657), (-0.002707496, -0.8114411, -0.5844279), (0.0005617161, -0.8112421, -0.5847102), (0.2590629, -0.7900625, -0.5555967), (0.5, -0.7071068, -0.5), (-0.5195657, -0.7668657, -0.376787), (-0.3656073, -0.8559572, -0.3656073), (-0.002008891, -0.89619, -0.4436659), (0.00134856, -0.9450432, -0.3269426), (0.3299016, -0.8844941, -0.3299016), (0.5555967, -0.7900625, -0.2590629), (-0.584316, -0.8115175, -0.003768839), (-0.4432267, -0.8964052, -0.002802013), (-0.004067357, -0.9999756, -0.005683567), (0.001065346, -0.9999983, -0.00148226), (0.3271964, -0.9449545, -0.001882787), (0.5847101, -0.8112419, -0.0007852738), (-0.5847101, -0.8112419, 0.0007852738), (-0.3271964, -0.9449545, 0.001882787), (-0.001065346, -0.9999983, 0.00148226), (0.004067357, -0.9999756, 0.005683567), (0.4432267, -0.8964052, 0.002802013), (0.584316, -0.8115175, 0.003768839), (-0.5555967, -0.7900625, 0.2590629), (-0.3299016, -0.8844941, 0.3299016), (-0.00134856, -0.9450432, 0.3269426), (0.002008891, -0.89619, 0.4436659), (0.3656073, -0.8559572, 0.3656073), (0.5195657, -0.7668657, 0.376787), (-0.5, -0.7071068, 0.5), (-0.2590629, -0.7900625, 0.5555967), (-0.0005617161, -0.8112421, 0.5847102), (0.002707496, -0.8114411, 0.5844279), (0.376787, -0.7668657, 0.5195657), (0.4472136, -0.7745967, 0.4472136), (-0.5, 0.7071068, -0.5), (-0.2590629, 0.7900625, -0.5555967), (-0.0005617161, 0.8112421, -0.5847102), (0.002707496, 0.8114411, -0.5844279), (0.376787, 0.7668657, -0.5195657), (0.4472136, 0.7745967, -0.4472136), (-0.5555967, 0.7900625, -0.2590629), (-0.3299016, 0.8844941, -0.3299016), (-0.00134856, 0.9450432, -0.3269426), (0.002008891, 0.89619, -0.4436659), (0.3656073, 0.8559572, -0.3656073), (0.5195657, 0.7668657, -0.376787), (-0.5847101, 0.8112419, -0.0007852738), (-0.3271964, 0.9449545, -0.001882787), (-0.001065346, 0.9999983, -0.00148226), (0.004067357, 0.9999756, -0.005683567), (0.4432267, 0.8964052, -0.002802013), (0.584316, 0.8115175, -0.003768839), (-0.584316, 0.8115175, 0.003768839), (-0.4432267, 0.8964052, 0.002802013), (-0.004067357, 0.9999756, 0.005683567), (0.001065346, 0.9999983, 0.00148226), (0.3271964, 0.9449545, 0.001882787), (0.5847101, 0.8112419, 0.0007852738), (-0.5195657, 0.7668657, 0.376787), (-0.3656073, 0.8559572, 0.3656073), (-0.002008891, 0.89619, 0.4436659), (0.00134856, 0.9450432, 0.3269426), (0.3299016, 0.8844941, 0.3299016), (0.5555967, 0.7900625, 0.2590629), (-0.4472136, 0.7745967, 0.4472136), (-0.376787, 0.7668657, 0.5195657), (-0.002707496, 0.8114411, 0.5844279), (0.0005617161, 0.8112421, 0.5847102), (0.2590629, 0.7900625, 0.5555967), (0.5, 0.7071068, 0.5), (-0.4472136, -0.4472136, -0.7745967), (-0.5195657, -0.376787, -0.7668657), (-0.5832036, -0.01399524, -0.8122054), (-0.5847076, 0.003042335, -0.8112384), (-0.5555967, 0.2590629, -0.7900625), (-0.5, 0.5, -0.7071068), (-0.376787, -0.5195657, -0.7668657), (-0.3656073, -0.3656073, -0.8559572), (-0.4388808, -0.01061118, -0.8984826), (-0.3297154, 0.007198359, -0.9440529), (-0.3299016, 0.3299016, -0.8844941), (-0.2590629, 0.5555967, -0.7900625), (-0.002707496, -0.5844279, -0.8114411), (-0.002008891, -0.4436659, -0.89619), (-0.003867903, -0.02084502, -0.9997752), (-0.001111197, 0.00571538, -0.999983), (-0.00134856, 0.3269426, -0.9450432), (-0.0005617161, 0.5847102, -0.8112421), (0.0005617161, -0.5847102, -0.8112421), (0.00134856, -0.3269426, -0.9450432), (0.001111197, -0.00571538, -0.999983), (0.003867903, 0.02084502, -0.9997752), (0.002008891, 0.4436659, -0.89619), (0.002707496, 0.5844279, -0.8114411), (0.2590629, -0.5555967, -0.7900625), (0.3299016, -0.3299016, -0.8844941), (0.3297154, -0.007198359, -0.9440529), (0.4388808, 0.01061118, -0.8984826), (0.3656073, 0.3656073, -0.8559572), (0.376787, 0.5195657, -0.7668657), (0.5, -0.5, -0.7071068), (0.5555967, -0.2590629, -0.7900625), (0.5847076, -0.003042335, -0.8112384), (0.5832036, 0.01399524, -0.8122054), (0.5195657, 0.376787, -0.7668657), (0.4472136, 0.4472136, -0.7745967), (-0.5, -0.5, 0.7071068), (-0.5555967, -0.2590629, 0.7900625), (-0.5847076, -0.003042335, 0.8112384), (-0.5832036, 0.01399524, 0.8122054), (-0.5195657, 0.376787, 0.7668657), (-0.4472136, 0.4472136, 0.7745967), (-0.2590629, -0.5555967, 0.7900625), (-0.3299016, -0.3299016, 0.8844941), (-0.3297154, -0.007198359, 0.9440529), (-0.4388808, 0.01061118, 0.8984826), (-0.3656073, 0.3656073, 0.8559572), (-0.376787, 0.5195657, 0.7668657), (-0.0005617161, -0.5847102, 0.8112421), (-0.00134856, -0.3269426, 0.9450432), (-0.001111197, -0.00571538, 0.999983), (-0.003867903, 0.02084502, 0.9997752), (-0.002008891, 0.4436659, 0.89619), (-0.002707496, 0.5844279, 0.8114411), (0.002707496, -0.5844279, 0.8114411), (0.002008891, -0.4436659, 0.89619), (0.003867903, -0.02084502, 0.9997752), (0.001111197, 0.00571538, 0.999983), (0.00134856, 0.3269426, 0.9450432), (0.0005617161, 0.5847102, 0.8112421), (0.376787, -0.5195657, 0.7668657), (0.3656073, -0.3656073, 0.8559572), (0.4388808, -0.01061118, 0.8984826), (0.3297154, 0.007198359, 0.9440529), (0.3299016, 0.3299016, 0.8844941), (0.2590629, 0.5555967, 0.7900625), (0.4472136, -0.4472136, 0.7745967), (0.5195657, -0.376787, 0.7668657), (0.5832036, -0.01399524, 0.8122054), (0.5847076, 0.003042335, 0.8112384), (0.5555967, 0.2590629, 0.7900625), (0.5, 0.5, 0.7071068)] (interpolation = "vertex")
            float3[] extent = [(-0.0033125, -0.00032, 0.00316), (-0.0014375, 8e-05, 0.00452)]
            rel material:binding = </WorkbenchPart/Materials/silicon>
        }
        def Mesh "SMDEndTermination_03" (prepend apiSchemas = ["MaterialBindingAPI"])
        {
            uniform token subdivisionScheme = "none"
            uniform token orientation = "rightHanded"
            bool doubleSided = false
            point3f[] points = [(-0.003311731, -0.0003258564, 0.003156544), (-0.003313875, -0.000328, 0.0031624), (-0.003314846, -0.0003289706, 0.0031704), (-0.003314846, -0.0003289706, 0.0045096), (-0.003313875, -0.000328, 0.0045176), (-0.003311731, -0.0003258564, 0.004523456), (-0.003313875, -0.00032, 0.0031544), (-0.003317471, -0.000321798, 0.003160602), (-0.003319341, -0.0003227331, 0.0031704), (-0.003319341, -0.0003227331, 0.0045096), (-0.003317471, -0.000321798, 0.004519398), (-0.003313875, -0.00032, 0.0045256), (-0.003314846, -0.000312, 0.003153429), (-0.003319341, -0.000312, 0.003159667), (-0.003321875, -0.000312, 0.0031704), (-0.003321875, -0.000312, 0.0045096), (-0.003319341, -0.000312, 0.004520333), (-0.003314846, -0.000312, 0.004526571), (-0.003314846, 7.2e-05, 0.003153429), (-0.003319341, 7.2e-05, 0.003159667), (-0.003321875, 7.2e-05, 0.0031704), (-0.003321875, 7.2e-05, 0.0045096), (-0.003319341, 7.2e-05, 0.004520333), (-0.003314846, 7.2e-05, 0.004526571), (-0.003313875, 8e-05, 0.0031544), (-0.003317471, 8.179796e-05, 0.003160602), (-0.003319341, 8.273313e-05, 0.0031704), (-0.003319341, 8.273313e-05, 0.0045096), (-0.003317471, 8.179796e-05, 0.004519398), (-0.003313875, 8e-05, 0.0045256), (-0.003311731, 8.585641e-05, 0.003156544), (-0.003313875, 8.8e-05, 0.0031624), (-0.003314846, 8.897056e-05, 0.0031704), (-0.003314846, 8.897056e-05, 0.0045096), (-0.003313875, 8.8e-05, 0.0045176), (-0.003311731, 8.585641e-05, 0.004523456), (-0.003013269, -0.0003258564, 0.003156544), (-0.003011125, -0.000328, 0.0031624), (-0.003010154, -0.0003289706, 0.0031704), (-0.003010154, -0.0003289706, 0.0045096), (-0.003011125, -0.000328, 0.0045176), (-0.003013269, -0.0003258564, 0.004523456), (-0.003011125, -0.00032, 0.0031544), (-0.003007529, -0.000321798, 0.003160602), (-0.003005659, -0.0003227331, 0.0031704), (-0.003005659, -0.0003227331, 0.0045096), (-0.003007529, -0.000321798, 0.004519398), (-0.003011125, -0.00032, 0.0045256), (-0.003010154, -0.000312, 0.003153429), (-0.003005659, -0.000312, 0.003159667), (-0.003003125, -0.000312, 0.0031704), (-0.003003125, -0.000312, 0.0045096), (-0.003005659, -0.000312, 0.004520333), (-0.003010154, -0.000312, 0.004526571), (-0.003010154, 7.2e-05, 0.003153429), (-0.003005659, 7.2e-05, 0.003159667), (-0.003003125, 7.2e-05, 0.0031704), (-0.003003125, 7.2e-05, 0.0045096), (-0.003005659, 7.2e-05, 0.004520333), (-0.003010154, 7.2e-05, 0.004526571), (-0.003011125, 8e-05, 0.0031544), (-0.003007529, 8.179796e-05, 0.003160602), (-0.003005659, 8.273313e-05, 0.0031704), (-0.003005659, 8.273313e-05, 0.0045096), (-0.003007529, 8.179796e-05, 0.004519398), (-0.003011125, 8e-05, 0.0045256), (-0.003013269, 8.585641e-05, 0.003156544), (-0.003011125, 8.8e-05, 0.0031624), (-0.003010154, 8.897056e-05, 0.0031704), (-0.003010154, 8.897056e-05, 0.0045096), (-0.003011125, 8.8e-05, 0.0045176), (-0.003013269, 8.585641e-05, 0.004523456), (-0.003311731, -0.0003258564, 0.003156544), (-0.003305875, -0.000328, 0.0031544), (-0.003297875, -0.0003289706, 0.003153429), (-0.003027125, -0.0003289706, 0.003153429), (-0.003019125, -0.000328, 0.0031544), (-0.003013269, -0.0003258564, 0.003156544), (-0.003313875, -0.000328, 0.0031624), (-0.003307673, -0.0003315959, 0.003160602), (-0.003297875, -0.0003334663, 0.003159667), (-0.003027125, -0.0003334663, 0.003159667), (-0.003017327, -0.0003315959, 0.003160602), (-0.003011125, -0.000328, 0.0031624), (-0.003314846, -0.0003289706, 0.0031704), (-0.003308608, -0.0003334663, 0.0031704), (-0.003297875, -0.000336, 0.0031704), (-0.003027125, -0.000336, 0.0031704), (-0.003016392, -0.0003334663, 0.0031704), (-0.003010154, -0.0003289706, 0.0031704), (-0.003314846, -0.0003289706, 0.0045096), (-0.003308608, -0.0003334663, 0.0045096), (-0.003297875, -0.000336, 0.0045096), (-0.003027125, -0.000336, 0.0045096), (-0.003016392, -0.0003334663, 0.0045096), (-0.003010154, -0.0003289706, 0.0045096), (-0.003313875, -0.000328, 0.0045176), (-0.003307673, -0.0003315959, 0.004519398), (-0.003297875, -0.0003334663, 0.004520333), (-0.003027125, -0.0003334663, 0.004520333), (-0.003017327, -0.0003315959, 0.004519398), (-0.003011125, -0.000328, 0.0045176), (-0.003311731, -0.0003258564, 0.004523456), (-0.003305875, -0.000328, 0.0045256), (-0.003297875, -0.0003289706, 0.004526571), (-0.003027125, -0.0003289706, 0.004526571), (-0.003019125, -0.000328, 0.0045256), (-0.003013269, -0.0003258564, 0.004523456), (-0.003311731, 8.585641e-05, 0.003156544), (-0.003305875, 8.8e-05, 0.0031544), (-0.003297875, 8.897056e-05, 0.003153429), (-0.003027125, 8.897056e-05, 0.003153429), (-0.003019125, 8.8e-05, 0.0031544), (-0.003013269, 8.585641e-05, 0.003156544), (-0.003313875, 8.8e-05, 0.0031624), (-0.003307673, 9.159592e-05, 0.003160602), (-0.003297875, 9.346625e-05, 0.003159667), (-0.003027125, 9.346625e-05, 0.003159667), (-0.003017327, 9.159592e-05, 0.003160602), (-0.003011125, 8.8e-05, 0.0031624), (-0.003314846, 8.897056e-05, 0.0031704), (-0.003308608, 9.346625e-05, 0.0031704), (-0.003297875, 9.6e-05, 0.0031704), (-0.003027125, 9.6e-05, 0.0031704), (-0.003016392, 9.346625e-05, 0.0031704), (-0.003010154, 8.897056e-05, 0.0031704), (-0.003314846, 8.897056e-05, 0.0045096), (-0.003308608, 9.346625e-05, 0.0045096), (-0.003297875, 9.6e-05, 0.0045096), (-0.003027125, 9.6e-05, 0.0045096), (-0.003016392, 9.346625e-05, 0.0045096), (-0.003010154, 8.897056e-05, 0.0045096), (-0.003313875, 8.8e-05, 0.0045176), (-0.003307673, 9.159592e-05, 0.004519398), (-0.003297875, 9.346625e-05, 0.004520333), (-0.003027125, 9.346625e-05, 0.004520333), (-0.003017327, 9.159592e-05, 0.004519398), (-0.003011125, 8.8e-05, 0.0045176), (-0.003311731, 8.585641e-05, 0.004523456), (-0.003305875, 8.8e-05, 0.0045256), (-0.003297875, 8.897056e-05, 0.004526571), (-0.003027125, 8.897056e-05, 0.004526571), (-0.003019125, 8.8e-05, 0.0045256), (-0.003013269, 8.585641e-05, 0.004523456), (-0.003311731, -0.0003258564, 0.003156544), (-0.003313875, -0.00032, 0.0031544), (-0.003314846, -0.000312, 0.003153429), (-0.003314846, 7.2e-05, 0.003153429), (-0.003313875, 8e-05, 0.0031544), (-0.003311731, 8.585641e-05, 0.003156544), (-0.003305875, -0.000328, 0.0031544), (-0.003307673, -0.000321798, 0.003150804), (-0.003308608, -0.000312, 0.003148934), (-0.003308608, 7.2e-05, 0.003148934), (-0.003307673, 8.179796e-05, 0.003150804), (-0.003305875, 8.8e-05, 0.0031544), (-0.003297875, -0.0003289706, 0.003153429), (-0.003297875, -0.0003227331, 0.003148934), (-0.003297875, -0.000312, 0.0031464), (-0.003297875, 7.2e-05, 0.0031464), (-0.003297875, 8.273313e-05, 0.003148934), (-0.003297875, 8.897056e-05, 0.003153429), (-0.003027125, -0.0003289706, 0.003153429), (-0.003027125, -0.0003227331, 0.003148934), (-0.003027125, -0.000312, 0.0031464), (-0.003027125, 7.2e-05, 0.0031464), (-0.003027125, 8.273313e-05, 0.003148934), (-0.003027125, 8.897056e-05, 0.003153429), (-0.003019125, -0.000328, 0.0031544), (-0.003017327, -0.000321798, 0.003150804), (-0.003016392, -0.000312, 0.003148934), (-0.003016392, 7.2e-05, 0.003148934), (-0.003017327, 8.179796e-05, 0.003150804), (-0.003019125, 8.8e-05, 0.0031544), (-0.003013269, -0.0003258564, 0.003156544), (-0.003011125, -0.00032, 0.0031544), (-0.003010154, -0.000312, 0.003153429), (-0.003010154, 7.2e-05, 0.003153429), (-0.003011125, 8e-05, 0.0031544), (-0.003013269, 8.585641e-05, 0.003156544), (-0.003311731, -0.0003258564, 0.004523456), (-0.003313875, -0.00032, 0.0045256), (-0.003314846, -0.000312, 0.004526571), (-0.003314846, 7.2e-05, 0.004526571), (-0.003313875, 8e-05, 0.0045256), (-0.003311731, 8.585641e-05, 0.004523456), (-0.003305875, -0.000328, 0.0045256), (-0.003307673, -0.000321798, 0.004529196), (-0.003308608, -0.000312, 0.004531066), (-0.003308608, 7.2e-05, 0.004531066), (-0.003307673, 8.179796e-05, 0.004529196), (-0.003305875, 8.8e-05, 0.0045256), (-0.003297875, -0.0003289706, 0.004526571), (-0.003297875, -0.0003227331, 0.004531066), (-0.003297875, -0.000312, 0.0045336), (-0.003297875, 7.2e-05, 0.0045336), (-0.003297875, 8.273313e-05, 0.004531066), (-0.003297875, 8.897056e-05, 0.004526571), (-0.003027125, -0.0003289706, 0.004526571), (-0.003027125, -0.0003227331, 0.004531066), (-0.003027125, -0.000312, 0.0045336), (-0.003027125, 7.2e-05, 0.0045336), (-0.003027125, 8.273313e-05, 0.004531066), (-0.003027125, 8.897056e-05, 0.004526571), (-0.003019125, -0.000328, 0.0045256), (-0.003017327, -0.000321798, 0.004529196), (-0.003016392, -0.000312, 0.004531066), (-0.003016392, 7.2e-05, 0.004531066), (-0.003017327, 8.179796e-05, 0.004529196), (-0.003019125, 8.8e-05, 0.0045256), (-0.003013269, -0.0003258564, 0.004523456), (-0.003011125, -0.00032, 0.0045256), (-0.003010154, -0.000312, 0.004526571), (-0.003010154, 7.2e-05, 0.004526571), (-0.003011125, 8e-05, 0.0045256), (-0.003013269, 8.585641e-05, 0.004523456)]
            int[] faceVertexCounts = [3, 3, 3, 3, 3, 3, 3, 3, 3, 3, 3, 3, 3, 3, 3, 3, 3, 3, 3, 3, 3, 3, 3, 3, 3, 3, 3, 3, 3, 3, 3, 3, 3, 3, 3, 3, 3, 3, 3, 3, 3, 3, 3, 3, 3, 3, 3, 3, 3, 3, 3, 3, 3, 3, 3, 3, 3, 3, 3, 3, 3, 3, 3, 3, 3, 3, 3, 3, 3, 3, 3, 3, 3, 3, 3, 3, 3, 3, 3, 3, 3, 3, 3, 3, 3, 3, 3, 3, 3, 3, 3, 3, 3, 3, 3, 3, 3, 3, 3, 3, 3, 3, 3, 3, 3, 3, 3, 3, 3, 3, 3, 3, 3, 3, 3, 3, 3, 3, 3, 3, 3, 3, 3, 3, 3, 3, 3, 3, 3, 3, 3, 3, 3, 3, 3, 3, 3, 3, 3, 3, 3, 3, 3, 3, 3, 3, 3, 3, 3, 3, 3, 3, 3, 3, 3, 3, 3, 3, 3, 3, 3, 3, 3, 3, 3, 3, 3, 3, 3, 3, 3, 3, 3, 3, 3, 3, 3, 3, 3, 3, 3, 3, 3, 3, 3, 3, 3, 3, 3, 3, 3, 3, 3, 3, 3, 3, 3, 3, 3, 3, 3, 3, 3, 3, 3, 3, 3, 3, 3, 3, 3, 3, 3, 3, 3, 3, 3, 3, 3, 3, 3, 3, 3, 3, 3, 3, 3, 3, 3, 3, 3, 3, 3, 3, 3, 3, 3, 3, 3, 3, 3, 3, 3, 3, 3, 3, 3, 3, 3, 3, 3, 3, 3, 3, 3, 3, 3, 3, 3, 3, 3, 3, 3, 3, 3, 3, 3, 3, 3, 3, 3, 3, 3, 3, 3, 3, 3, 3, 3, 3, 3, 3, 3, 3, 3, 3, 3, 3, 3, 3, 3, 3, 3, 3, 3, 3, 3, 3, 3, 3]
            int[] faceVertexIndices = [1, 7, 6, 1, 6, 0, 2, 8, 7, 2, 7, 1, 3, 9, 8, 3, 8, 2, 4, 10, 9, 4, 9, 3, 5, 11, 10, 5, 10, 4, 7, 13, 12, 7, 12, 6, 8, 14, 13, 8, 13, 7, 9, 15, 14, 9, 14, 8, 10, 16, 15, 10, 15, 9, 11, 17, 16, 11, 16, 10, 13, 19, 18, 13, 18, 12, 14, 20, 19, 14, 19, 13, 15, 21, 20, 15, 20, 14, 16, 22, 21, 16, 21, 15, 17, 23, 22, 17, 22, 16, 19, 25, 24, 19, 24, 18, 20, 26, 25, 20, 25, 19, 21, 27, 26, 21, 26, 20, 22, 28, 27, 22, 27, 21, 23, 29, 28, 23, 28, 22, 25, 31, 30, 25, 30, 24, 26, 32, 31, 26, 31, 25, 27, 33, 32, 27, 32, 26, 28, 34, 33, 28, 33, 27, 29, 35, 34, 29, 34, 28, 36, 42, 43, 36, 43, 37, 37, 43, 44, 37, 44, 38, 38, 44, 45, 38, 45, 39, 39, 45, 46, 39, 46, 40, 40, 46, 47, 40, 47, 41, 42, 48, 49, 42, 49, 43, 43, 49, 50, 43, 50, 44, 44, 50, 51, 44, 51, 45, 45, 51, 52, 45, 52, 46, 46, 52, 53, 46, 53, 47, 48, 54, 55, 48, 55, 49, 49, 55, 56, 49, 56, 50, 50, 56, 57, 50, 57, 51, 51, 57, 58, 51, 58, 52, 52, 58, 59, 52, 59, 53, 54, 60, 61, 54, 61, 55, 55, 61, 62, 55, 62, 56, 56, 62, 63, 56, 63, 57, 57, 63, 64, 57, 64, 58, 58, 64, 65, 58, 65, 59, 60, 66, 67, 60, 67, 61, 61, 67, 68, 61, 68, 62, 62, 68, 69, 62, 69, 63, 63, 69, 70, 63, 70, 64, 64, 70, 71, 64, 71, 65, 73, 79, 78, 73, 78, 72, 74, 80, 79, 74, 79, 73, 75, 81, 80, 75, 80, 74, 76, 82, 81, 76, 81, 75, 77, 83, 82, 77, 82, 76, 79, 85, 84, 79, 84, 78, 80, 86, 85, 80, 85, 79, 81, 87, 86, 81, 86, 80, 82, 88, 87, 82, 87, 81, 83, 89, 88, 83, 88, 82, 85, 91, 90, 85, 90, 84, 86, 92, 91, 86, 91, 85, 87, 93, 92, 87, 92, 86, 88, 94, 93, 88, 93, 87, 89, 95, 94, 89, 94, 88, 91, 97, 96, 91, 96, 90, 92, 98, 97, 92, 97, 91, 93, 99, 98, 93, 98, 92, 94, 100, 99, 94, 99, 93, 95, 101, 100, 95, 100, 94, 97, 103, 102, 97, 102, 96, 98, 104, 103, 98, 103, 97, 99, 105, 104, 99, 104, 98, 100, 106, 105, 100, 105, 99, 101, 107, 106, 101, 106, 100, 108, 114, 115, 108, 115, 109, 109, 115, 116, 109, 116, 110, 110, 116, 117, 110, 117, 111, 111, 117, 118, 111, 118, 112, 112, 118, 119, 112, 119, 113, 114, 120, 121, 114, 121, 115, 115, 121, 122, 115, 122, 116, 116, 122, 123, 116, 123, 117, 117, 123, 124, 117, 124, 118, 118, 124, 125, 118, 125, 119, 120, 126, 127, 120, 127, 121, 121, 127, 128, 121, 128, 122, 122, 128, 129, 122, 129, 123, 123, 129, 130, 123, 130, 124, 124, 130, 131, 124, 131, 125, 126, 132, 133, 126, 133, 127, 127, 133, 134, 127, 134, 128, 128, 134, 135, 128, 135, 129, 129, 135, 136, 129, 136, 130, 130, 136, 137, 130, 137, 131, 132, 138, 139, 132, 139, 133, 133, 139, 140, 133, 140, 134, 134, 140, 141, 134, 141, 135, 135, 141, 142, 135, 142, 136, 136, 142, 143, 136, 143, 137, 145, 151, 150, 145, 150, 144, 146, 152, 151, 146, 151, 145, 147, 153, 152, 147, 152, 146, 148, 154, 153, 148, 153, 147, 149, 155, 154, 149, 154, 148, 151, 157, 156, 151, 156, 150, 152, 158, 157, 152, 157, 151, 153, 159, 158, 153, 158, 152, 154, 160, 159, 154, 159, 153, 155, 161, 160, 155, 160, 154, 157, 163, 162, 157, 162, 156, 158, 164, 163, 158, 163, 157, 159, 165, 164, 159, 164, 158, 160, 166, 165, 160, 165, 159, 161, 167, 166, 161, 166, 160, 163, 169, 168, 163, 168, 162, 164, 170, 169, 164, 169, 163, 165, 171, 170, 165, 170, 164, 166, 172, 171, 166, 171, 165, 167, 173, 172, 167, 172, 166, 169, 175, 174, 169, 174, 168, 170, 176, 175, 170, 175, 169, 171, 177, 176, 171, 176, 170, 172, 178, 177, 172, 177, 171, 173, 179, 178, 173, 178, 172, 180, 186, 187, 180, 187, 181, 181, 187, 188, 181, 188, 182, 182, 188, 189, 182, 189, 183, 183, 189, 190, 183, 190, 184, 184, 190, 191, 184, 191, 185, 186, 192, 193, 186, 193, 187, 187, 193, 194, 187, 194, 188, 188, 194, 195, 188, 195, 189, 189, 195, 196, 189, 196, 190, 190, 196, 197, 190, 197, 191, 192, 198, 199, 192, 199, 193, 193, 199, 200, 193, 200, 194, 194, 200, 201, 194, 201, 195, 195, 201, 202, 195, 202, 196, 196, 202, 203, 196, 203, 197, 198, 204, 205, 198, 205, 199, 199, 205, 206, 199, 206, 200, 200, 206, 207, 200, 207, 201, 201, 207, 208, 201, 208, 202, 202, 208, 209, 202, 209, 203, 204, 210, 211, 204, 211, 205, 205, 211, 212, 205, 212, 206, 206, 212, 213, 206, 213, 207, 207, 213, 214, 207, 214, 208, 208, 214, 215, 208, 215, 209]
            normal3f[] normals = [(-0.7745967, -0.4472136, -0.4472136), (-0.7668657, -0.5195657, -0.376787), (-0.8114213, -0.5844567, -0.002433628), (-0.8112421, -0.5847102, 0.0005043401), (-0.7900625, -0.5555967, 0.2590629), (-0.7071068, -0.5, 0.5), (-0.7668657, -0.376787, -0.5195657), (-0.8559572, -0.3656073, -0.3656073), (-0.8961345, -0.4437789, -0.001804751), (-0.945066, -0.3268773, 0.001211223), (-0.8844941, -0.3299016, 0.3299016), (-0.7900625, -0.2590629, 0.5555967), (-0.8118281, -0.008227935, -0.5838386), (-0.8973103, -0.00616946, -0.4413572), (-0.9999172, -0.01235679, -0.003578342), (-0.9999941, -0.003285339, 0.0009742281), (-0.9445719, -0.00416251, 0.3282781), (-0.8112409, -0.00174595, 0.5847094), (-0.8112409, 0.00174595, -0.5847094), (-0.9445719, 0.00416251, -0.3282781), (-0.9999941, 0.003285339, -0.0009742281), (-0.9999172, 0.01235679, 0.003578342), (-0.8973103, 0.00616946, 0.4413572), (-0.8118281, 0.008227935, 0.5838386), (-0.7900625, 0.2590629, -0.5555967), (-0.8844941, 0.3299016, -0.3299016), (-0.945066, 0.3268773, -0.001211223), (-0.8961345, 0.4437789, 0.001804751), (-0.8559572, 0.3656073, 0.3656073), (-0.7668657, 0.376787, 0.5195657), (-0.7071068, 0.5, -0.5), (-0.7900625, 0.5555967, -0.2590629), (-0.8112421, 0.5847102, -0.0005043401), (-0.8114213, 0.5844567, 0.002433628), (-0.7668657, 0.5195657, 0.376787), (-0.7745967, 0.4472136, 0.4472136), (0.7071068, -0.5, -0.5), (0.7900625, -0.5555967, -0.2590629), (0.8112421, -0.5847102, -0.0005043401), (0.8114213, -0.5844567, 0.002433628), (0.7668657, -0.5195657, 0.376787), (0.7745967, -0.4472136, 0.4472136), (0.7900625, -0.2590629, -0.5555967), (0.8844941, -0.3299016, -0.3299016), (0.945066, -0.3268773, -0.001211223), (0.8961345, -0.4437789, 0.001804751), (0.8559572, -0.3656073, 0.3656073), (0.7668657, -0.376787, 0.5195657), (0.8112409, -0.00174595, -0.5847094), (0.9445719, -0.00416251, -0.3282781), (0.9999941, -0.003285339, -0.0009742281), (0.9999172, -0.01235679, 0.003578342), (0.8973103, -0.00616946, 0.4413572), (0.8118281, -0.008227935, 0.5838386), (0.8118281, 0.008227935, -0.5838386), (0.8973103, 0.00616946, -0.4413572), (0.9999172, 0.01235679, -0.003578342), (0.9999941, 0.003285339, 0.0009742281), (0.9445719, 0.00416251, 0.3282781), (0.8112409, 0.00174595, 0.5847094), (0.7668657, 0.376787, -0.5195657), (0.8559572, 0.3656073, -0.3656073), (0.8961345, 0.4437789, -0.001804751), (0.945066, 0.3268773, 0.001211223), (0.8844941, 0.3299016, 0.3299016), (0.7900625, 0.2590629, 0.5555967), (0.7745967, 0.4472136, -0.4472136), (0.7668657, 0.5195657, -0.376787), (0.8114213, 0.5844567, -0.002433628), (0.8112421, 0.5847102, 0.0005043401), (0.7900625, 0.5555967, 0.2590629), (0.7071068, 0.5, 0.5), (-0.4472136, -0.7745967, -0.4472136), (-0.376787, -0.7668657, -0.5195657), (-0.01146393, -0.8120432, -0.5834848), (0.002465615, -0.8112397, -0.5847085), (0.2590629, -0.7900625, -0.5555967), (0.5, -0.7071068, -0.5), (-0.5195657, -0.7668657, -0.376787), (-0.3656073, -0.8559572, -0.3656073), (-0.008649511, -0.8979679, -0.439976), (0.005853503, -0.9442842, -0.3290792), (0.3299016, -0.8844941, -0.3299016), (0.5555967, -0.7900625, -0.2590629), (-0.5844567, -0.8114213, -0.002433628), (-0.4437789, -0.8961345, -0.001804751), (-0.01714868, -0.9998467, -0.003521607), (0.004632528, -0.9999888, -0.0009873517), (0.3268773, -0.945066, -0.001211223), (0.5847102, -0.8112421, -0.0005043401), (-0.5847102, -0.8112421, 0.0005043401), (-0.3268773, -0.945066, 0.001211223), (-0.004632528, -0.9999888, 0.0009873517), (0.01714868, -0.9998467, 0.003521607), (0.4437789, -0.8961345, 0.001804751), (0.5844567, -0.8114213, 0.002433628), (-0.5555967, -0.7900625, 0.2590629), (-0.3299016, -0.8844941, 0.3299016), (-0.005853503, -0.9442842, 0.3290792), (0.008649511, -0.8979679, 0.439976), (0.3656073, -0.8559572, 0.3656073), (0.5195657, -0.7668657, 0.376787), (-0.5, -0.7071068, 0.5), (-0.2590629, -0.7900625, 0.5555967), (-0.002465615, -0.8112397, 0.5847085), (0.01146393, -0.8120432, 0.5834848), (0.376787, -0.7668657, 0.5195657), (0.4472136, -0.7745967, 0.4472136), (-0.5, 0.7071068, -0.5), (-0.2590629, 0.7900625, -0.5555967), (-0.002465615, 0.8112397, -0.5847085), (0.01146393, 0.8120432, -0.5834848), (0.376787, 0.7668657, -0.5195657), (0.4472136, 0.7745967, -0.4472136), (-0.5555967, 0.7900625, -0.2590629), (-0.3299016, 0.8844941, -0.3299016), (-0.005853503, 0.9442842, -0.3290792), (0.008649511, 0.8979679, -0.439976), (0.3656073, 0.8559572, -0.3656073), (0.5195657, 0.7668657, -0.376787), (-0.5847102, 0.8112421, -0.0005043401), (-0.3268773, 0.945066, -0.001211223), (-0.004632528, 0.9999888, -0.0009873517), (0.01714868, 0.9998467, -0.003521607), (0.4437789, 0.8961345, -0.001804751), (0.5844567, 0.8114213, -0.002433628), (-0.5844567, 0.8114213, 0.002433628), (-0.4437789, 0.8961345, 0.001804751), (-0.01714868, 0.9998467, 0.003521607), (0.004632528, 0.9999888, 0.0009873517), (0.3268773, 0.945066, 0.001211223), (0.5847102, 0.8112421, 0.0005043401), (-0.5195657, 0.7668657, 0.376787), (-0.3656073, 0.8559572, 0.3656073), (-0.008649511, 0.8979679, 0.439976), (0.005853503, 0.9442842, 0.3290792), (0.3299016, 0.8844941, 0.3299016), (0.5555967, 0.7900625, 0.2590629), (-0.4472136, 0.7745967, 0.4472136), (-0.376787, 0.7668657, 0.5195657), (-0.01146393, 0.8120432, 0.5834848), (0.002465615, 0.8112397, 0.5847085), (0.2590629, 0.7900625, 0.5555967), (0.5, 0.7071068, 0.5), (-0.4472136, -0.4472136, -0.7745967), (-0.5195657, -0.376787, -0.7668657), (-0.5838386, -0.008227935, -0.8118281), (-0.5847094, 0.00174595, -0.8112409), (-0.5555967, 0.2590629, -0.7900625), (-0.5, 0.5, -0.7071068), (-0.376787, -0.5195657, -0.7668657), (-0.3656073, -0.3656073, -0.8559572), (-0.4413572, -0.00616946, -0.8973103), (-0.3282781, 0.00416251, -0.9445719), (-0.3299016, 0.3299016, -0.8844941), (-0.2590629, 0.5555967, -0.7900625), (-0.01146393, -0.5834848, -0.8120432), (-0.008649511, -0.439976, -0.8979679), (-0.01669823, -0.01184143, -0.9997905), (-0.004741335, 0.003407799, -0.999983), (-0.005853503, 0.3290792, -0.9442842), (-0.002465615, 0.5847085, -0.8112397), (0.002465615, -0.5847085, -0.8112397), (0.005853503, -0.3290792, -0.9442842), (0.004741335, -0.003407799, -0.999983), (0.01669823, 0.01184143, -0.9997905), (0.008649511, 0.439976, -0.8979679), (0.01146393, 0.5834848, -0.8120432), (0.2590629, -0.5555967, -0.7900625), (0.3299016, -0.3299016, -0.8844941), (0.3282781, -0.00416251, -0.9445719), (0.4413572, 0.00616946, -0.8973103), (0.3656073, 0.3656073, -0.8559572), (0.376787, 0.5195657, -0.7668657), (0.5, -0.5, -0.7071068), (0.5555967, -0.2590629, -0.7900625), (0.5847094, -0.00174595, -0.8112409), (0.5838386, 0.008227935, -0.8118281), (0.5195657, 0.376787, -0.7668657), (0.4472136, 0.4472136, -0.7745967), (-0.5, -0.5, 0.7071068), (-0.5555967, -0.2590629, 0.7900625), (-0.5847094, -0.00174595, 0.8112409), (-0.5838386, 0.008227935, 0.8118281), (-0.5195657, 0.376787, 0.7668657), (-0.4472136, 0.4472136, 0.7745967), (-0.2590629, -0.5555967, 0.7900625), (-0.3299016, -0.3299016, 0.8844941), (-0.3282781, -0.00416251, 0.9445719), (-0.4413572, 0.00616946, 0.8973103), (-0.3656073, 0.3656073, 0.8559572), (-0.376787, 0.5195657, 0.7668657), (-0.002465615, -0.5847085, 0.8112397), (-0.005853503, -0.3290792, 0.9442842), (-0.004741335, -0.003407799, 0.999983), (-0.01669823, 0.01184143, 0.9997905), (-0.008649511, 0.439976, 0.8979679), (-0.01146393, 0.5834848, 0.8120432), (0.01146393, -0.5834848, 0.8120432), (0.008649511, -0.439976, 0.8979679), (0.01669823, -0.01184143, 0.9997905), (0.004741335, 0.003407799, 0.999983), (0.005853503, 0.3290792, 0.9442842), (0.002465615, 0.5847085, 0.8112397), (0.376787, -0.5195657, 0.7668657), (0.3656073, -0.3656073, 0.8559572), (0.4413572, -0.00616946, 0.8973103), (0.3282781, 0.00416251, 0.9445719), (0.3299016, 0.3299016, 0.8844941), (0.2590629, 0.5555967, 0.7900625), (0.4472136, -0.4472136, 0.7745967), (0.5195657, -0.376787, 0.7668657), (0.5838386, -0.008227935, 0.8118281), (0.5847094, 0.00174595, 0.8112409), (0.5555967, 0.2590629, 0.7900625), (0.5, 0.5, 0.7071068)] (interpolation = "vertex")
            float3[] extent = [(-0.003321875, -0.000336, 0.0031464), (-0.003003125, 9.6e-05, 0.0045336)]
            rel material:binding = </WorkbenchPart/Materials/solder>
        }
        def Mesh "SMDEndTermination_04" (prepend apiSchemas = ["MaterialBindingAPI"])
        {
            uniform token subdivisionScheme = "none"
            uniform token orientation = "rightHanded"
            bool doubleSided = false
            point3f[] points = [(-0.001736731, -0.0003258564, 0.003156544), (-0.001738875, -0.000328, 0.0031624), (-0.001739846, -0.0003289706, 0.0031704), (-0.001739846, -0.0003289706, 0.0045096), (-0.001738875, -0.000328, 0.0045176), (-0.001736731, -0.0003258564, 0.004523456), (-0.001738875, -0.00032, 0.0031544), (-0.001742471, -0.000321798, 0.003160602), (-0.001744341, -0.0003227331, 0.0031704), (-0.001744341, -0.0003227331, 0.0045096), (-0.001742471, -0.000321798, 0.004519398), (-0.001738875, -0.00032, 0.0045256), (-0.001739846, -0.000312, 0.003153429), (-0.001744341, -0.000312, 0.003159667), (-0.001746875, -0.000312, 0.0031704), (-0.001746875, -0.000312, 0.0045096), (-0.001744341, -0.000312, 0.004520333), (-0.001739846, -0.000312, 0.004526571), (-0.001739846, 7.2e-05, 0.003153429), (-0.001744341, 7.2e-05, 0.003159667), (-0.001746875, 7.2e-05, 0.0031704), (-0.001746875, 7.2e-05, 0.0045096), (-0.001744341, 7.2e-05, 0.004520333), (-0.001739846, 7.2e-05, 0.004526571), (-0.001738875, 8e-05, 0.0031544), (-0.001742471, 8.179796e-05, 0.003160602), (-0.001744341, 8.273313e-05, 0.0031704), (-0.001744341, 8.273313e-05, 0.0045096), (-0.001742471, 8.179796e-05, 0.004519398), (-0.001738875, 8e-05, 0.0045256), (-0.001736731, 8.585641e-05, 0.003156544), (-0.001738875, 8.8e-05, 0.0031624), (-0.001739846, 8.897056e-05, 0.0031704), (-0.001739846, 8.897056e-05, 0.0045096), (-0.001738875, 8.8e-05, 0.0045176), (-0.001736731, 8.585641e-05, 0.004523456), (-0.001438269, -0.0003258564, 0.003156544), (-0.001436125, -0.000328, 0.0031624), (-0.001435154, -0.0003289706, 0.0031704), (-0.001435154, -0.0003289706, 0.0045096), (-0.001436125, -0.000328, 0.0045176), (-0.001438269, -0.0003258564, 0.004523456), (-0.001436125, -0.00032, 0.0031544), (-0.001432529, -0.000321798, 0.003160602), (-0.001430659, -0.0003227331, 0.0031704), (-0.001430659, -0.0003227331, 0.0045096), (-0.001432529, -0.000321798, 0.004519398), (-0.001436125, -0.00032, 0.0045256), (-0.001435154, -0.000312, 0.003153429), (-0.001430659, -0.000312, 0.003159667), (-0.001428125, -0.000312, 0.0031704), (-0.001428125, -0.000312, 0.0045096), (-0.001430659, -0.000312, 0.004520333), (-0.001435154, -0.000312, 0.004526571), (-0.001435154, 7.2e-05, 0.003153429), (-0.001430659, 7.2e-05, 0.003159667), (-0.001428125, 7.2e-05, 0.0031704), (-0.001428125, 7.2e-05, 0.0045096), (-0.001430659, 7.2e-05, 0.004520333), (-0.001435154, 7.2e-05, 0.004526571), (-0.001436125, 8e-05, 0.0031544), (-0.001432529, 8.179796e-05, 0.003160602), (-0.001430659, 8.273313e-05, 0.0031704), (-0.001430659, 8.273313e-05, 0.0045096), (-0.001432529, 8.179796e-05, 0.004519398), (-0.001436125, 8e-05, 0.0045256), (-0.001438269, 8.585641e-05, 0.003156544), (-0.001436125, 8.8e-05, 0.0031624), (-0.001435154, 8.897056e-05, 0.0031704), (-0.001435154, 8.897056e-05, 0.0045096), (-0.001436125, 8.8e-05, 0.0045176), (-0.001438269, 8.585641e-05, 0.004523456), (-0.001736731, -0.0003258564, 0.003156544), (-0.001730875, -0.000328, 0.0031544), (-0.001722875, -0.0003289706, 0.003153429), (-0.001452125, -0.0003289706, 0.003153429), (-0.001444125, -0.000328, 0.0031544), (-0.001438269, -0.0003258564, 0.003156544), (-0.001738875, -0.000328, 0.0031624), (-0.001732673, -0.0003315959, 0.003160602), (-0.001722875, -0.0003334663, 0.003159667), (-0.001452125, -0.0003334663, 0.003159667), (-0.001442327, -0.0003315959, 0.003160602), (-0.001436125, -0.000328, 0.0031624), (-0.001739846, -0.0003289706, 0.0031704), (-0.001733608, -0.0003334663, 0.0031704), (-0.001722875, -0.000336, 0.0031704), (-0.001452125, -0.000336, 0.0031704), (-0.001441392, -0.0003334663, 0.0031704), (-0.001435154, -0.0003289706, 0.0031704), (-0.001739846, -0.0003289706, 0.0045096), (-0.001733608, -0.0003334663, 0.0045096), (-0.001722875, -0.000336, 0.0045096), (-0.001452125, -0.000336, 0.0045096), (-0.001441392, -0.0003334663, 0.0045096), (-0.001435154, -0.0003289706, 0.0045096), (-0.001738875, -0.000328, 0.0045176), (-0.001732673, -0.0003315959, 0.004519398), (-0.001722875, -0.0003334663, 0.004520333), (-0.001452125, -0.0003334663, 0.004520333), (-0.001442327, -0.0003315959, 0.004519398), (-0.001436125, -0.000328, 0.0045176), (-0.001736731, -0.0003258564, 0.004523456), (-0.001730875, -0.000328, 0.0045256), (-0.001722875, -0.0003289706, 0.004526571), (-0.001452125, -0.0003289706, 0.004526571), (-0.001444125, -0.000328, 0.0045256), (-0.001438269, -0.0003258564, 0.004523456), (-0.001736731, 8.585641e-05, 0.003156544), (-0.001730875, 8.8e-05, 0.0031544), (-0.001722875, 8.897056e-05, 0.003153429), (-0.001452125, 8.897056e-05, 0.003153429), (-0.001444125, 8.8e-05, 0.0031544), (-0.001438269, 8.585641e-05, 0.003156544), (-0.001738875, 8.8e-05, 0.0031624), (-0.001732673, 9.159592e-05, 0.003160602), (-0.001722875, 9.346625e-05, 0.003159667), (-0.001452125, 9.346625e-05, 0.003159667), (-0.001442327, 9.159592e-05, 0.003160602), (-0.001436125, 8.8e-05, 0.0031624), (-0.001739846, 8.897056e-05, 0.0031704), (-0.001733608, 9.346625e-05, 0.0031704), (-0.001722875, 9.6e-05, 0.0031704), (-0.001452125, 9.6e-05, 0.0031704), (-0.001441392, 9.346625e-05, 0.0031704), (-0.001435154, 8.897056e-05, 0.0031704), (-0.001739846, 8.897056e-05, 0.0045096), (-0.001733608, 9.346625e-05, 0.0045096), (-0.001722875, 9.6e-05, 0.0045096), (-0.001452125, 9.6e-05, 0.0045096), (-0.001441392, 9.346625e-05, 0.0045096), (-0.001435154, 8.897056e-05, 0.0045096), (-0.001738875, 8.8e-05, 0.0045176), (-0.001732673, 9.159592e-05, 0.004519398), (-0.001722875, 9.346625e-05, 0.004520333), (-0.001452125, 9.346625e-05, 0.004520333), (-0.001442327, 9.159592e-05, 0.004519398), (-0.001436125, 8.8e-05, 0.0045176), (-0.001736731, 8.585641e-05, 0.004523456), (-0.001730875, 8.8e-05, 0.0045256), (-0.001722875, 8.897056e-05, 0.004526571), (-0.001452125, 8.897056e-05, 0.004526571), (-0.001444125, 8.8e-05, 0.0045256), (-0.001438269, 8.585641e-05, 0.004523456), (-0.001736731, -0.0003258564, 0.003156544), (-0.001738875, -0.00032, 0.0031544), (-0.001739846, -0.000312, 0.003153429), (-0.001739846, 7.2e-05, 0.003153429), (-0.001738875, 8e-05, 0.0031544), (-0.001736731, 8.585641e-05, 0.003156544), (-0.001730875, -0.000328, 0.0031544), (-0.001732673, -0.000321798, 0.003150804), (-0.001733608, -0.000312, 0.003148934), (-0.001733608, 7.2e-05, 0.003148934), (-0.001732673, 8.179796e-05, 0.003150804), (-0.001730875, 8.8e-05, 0.0031544), (-0.001722875, -0.0003289706, 0.003153429), (-0.001722875, -0.0003227331, 0.003148934), (-0.001722875, -0.000312, 0.0031464), (-0.001722875, 7.2e-05, 0.0031464), (-0.001722875, 8.273313e-05, 0.003148934), (-0.001722875, 8.897056e-05, 0.003153429), (-0.001452125, -0.0003289706, 0.003153429), (-0.001452125, -0.0003227331, 0.003148934), (-0.001452125, -0.000312, 0.0031464), (-0.001452125, 7.2e-05, 0.0031464), (-0.001452125, 8.273313e-05, 0.003148934), (-0.001452125, 8.897056e-05, 0.003153429), (-0.001444125, -0.000328, 0.0031544), (-0.001442327, -0.000321798, 0.003150804), (-0.001441392, -0.000312, 0.003148934), (-0.001441392, 7.2e-05, 0.003148934), (-0.001442327, 8.179796e-05, 0.003150804), (-0.001444125, 8.8e-05, 0.0031544), (-0.001438269, -0.0003258564, 0.003156544), (-0.001436125, -0.00032, 0.0031544), (-0.001435154, -0.000312, 0.003153429), (-0.001435154, 7.2e-05, 0.003153429), (-0.001436125, 8e-05, 0.0031544), (-0.001438269, 8.585641e-05, 0.003156544), (-0.001736731, -0.0003258564, 0.004523456), (-0.001738875, -0.00032, 0.0045256), (-0.001739846, -0.000312, 0.004526571), (-0.001739846, 7.2e-05, 0.004526571), (-0.001738875, 8e-05, 0.0045256), (-0.001736731, 8.585641e-05, 0.004523456), (-0.001730875, -0.000328, 0.0045256), (-0.001732673, -0.000321798, 0.004529196), (-0.001733608, -0.000312, 0.004531066), (-0.001733608, 7.2e-05, 0.004531066), (-0.001732673, 8.179796e-05, 0.004529196), (-0.001730875, 8.8e-05, 0.0045256), (-0.001722875, -0.0003289706, 0.004526571), (-0.001722875, -0.0003227331, 0.004531066), (-0.001722875, -0.000312, 0.0045336), (-0.001722875, 7.2e-05, 0.0045336), (-0.001722875, 8.273313e-05, 0.004531066), (-0.001722875, 8.897056e-05, 0.004526571), (-0.001452125, -0.0003289706, 0.004526571), (-0.001452125, -0.0003227331, 0.004531066), (-0.001452125, -0.000312, 0.0045336), (-0.001452125, 7.2e-05, 0.0045336), (-0.001452125, 8.273313e-05, 0.004531066), (-0.001452125, 8.897056e-05, 0.004526571), (-0.001444125, -0.000328, 0.0045256), (-0.001442327, -0.000321798, 0.004529196), (-0.001441392, -0.000312, 0.004531066), (-0.001441392, 7.2e-05, 0.004531066), (-0.001442327, 8.179796e-05, 0.004529196), (-0.001444125, 8.8e-05, 0.0045256), (-0.001438269, -0.0003258564, 0.004523456), (-0.001436125, -0.00032, 0.0045256), (-0.001435154, -0.000312, 0.004526571), (-0.001435154, 7.2e-05, 0.004526571), (-0.001436125, 8e-05, 0.0045256), (-0.001438269, 8.585641e-05, 0.004523456)]
            int[] faceVertexCounts = [3, 3, 3, 3, 3, 3, 3, 3, 3, 3, 3, 3, 3, 3, 3, 3, 3, 3, 3, 3, 3, 3, 3, 3, 3, 3, 3, 3, 3, 3, 3, 3, 3, 3, 3, 3, 3, 3, 3, 3, 3, 3, 3, 3, 3, 3, 3, 3, 3, 3, 3, 3, 3, 3, 3, 3, 3, 3, 3, 3, 3, 3, 3, 3, 3, 3, 3, 3, 3, 3, 3, 3, 3, 3, 3, 3, 3, 3, 3, 3, 3, 3, 3, 3, 3, 3, 3, 3, 3, 3, 3, 3, 3, 3, 3, 3, 3, 3, 3, 3, 3, 3, 3, 3, 3, 3, 3, 3, 3, 3, 3, 3, 3, 3, 3, 3, 3, 3, 3, 3, 3, 3, 3, 3, 3, 3, 3, 3, 3, 3, 3, 3, 3, 3, 3, 3, 3, 3, 3, 3, 3, 3, 3, 3, 3, 3, 3, 3, 3, 3, 3, 3, 3, 3, 3, 3, 3, 3, 3, 3, 3, 3, 3, 3, 3, 3, 3, 3, 3, 3, 3, 3, 3, 3, 3, 3, 3, 3, 3, 3, 3, 3, 3, 3, 3, 3, 3, 3, 3, 3, 3, 3, 3, 3, 3, 3, 3, 3, 3, 3, 3, 3, 3, 3, 3, 3, 3, 3, 3, 3, 3, 3, 3, 3, 3, 3, 3, 3, 3, 3, 3, 3, 3, 3, 3, 3, 3, 3, 3, 3, 3, 3, 3, 3, 3, 3, 3, 3, 3, 3, 3, 3, 3, 3, 3, 3, 3, 3, 3, 3, 3, 3, 3, 3, 3, 3, 3, 3, 3, 3, 3, 3, 3, 3, 3, 3, 3, 3, 3, 3, 3, 3, 3, 3, 3, 3, 3, 3, 3, 3, 3, 3, 3, 3, 3, 3, 3, 3, 3, 3, 3, 3, 3, 3, 3, 3, 3, 3, 3, 3]
            int[] faceVertexIndices = [1, 7, 6, 1, 6, 0, 2, 8, 7, 2, 7, 1, 3, 9, 8, 3, 8, 2, 4, 10, 9, 4, 9, 3, 5, 11, 10, 5, 10, 4, 7, 13, 12, 7, 12, 6, 8, 14, 13, 8, 13, 7, 9, 15, 14, 9, 14, 8, 10, 16, 15, 10, 15, 9, 11, 17, 16, 11, 16, 10, 13, 19, 18, 13, 18, 12, 14, 20, 19, 14, 19, 13, 15, 21, 20, 15, 20, 14, 16, 22, 21, 16, 21, 15, 17, 23, 22, 17, 22, 16, 19, 25, 24, 19, 24, 18, 20, 26, 25, 20, 25, 19, 21, 27, 26, 21, 26, 20, 22, 28, 27, 22, 27, 21, 23, 29, 28, 23, 28, 22, 25, 31, 30, 25, 30, 24, 26, 32, 31, 26, 31, 25, 27, 33, 32, 27, 32, 26, 28, 34, 33, 28, 33, 27, 29, 35, 34, 29, 34, 28, 36, 42, 43, 36, 43, 37, 37, 43, 44, 37, 44, 38, 38, 44, 45, 38, 45, 39, 39, 45, 46, 39, 46, 40, 40, 46, 47, 40, 47, 41, 42, 48, 49, 42, 49, 43, 43, 49, 50, 43, 50, 44, 44, 50, 51, 44, 51, 45, 45, 51, 52, 45, 52, 46, 46, 52, 53, 46, 53, 47, 48, 54, 55, 48, 55, 49, 49, 55, 56, 49, 56, 50, 50, 56, 57, 50, 57, 51, 51, 57, 58, 51, 58, 52, 52, 58, 59, 52, 59, 53, 54, 60, 61, 54, 61, 55, 55, 61, 62, 55, 62, 56, 56, 62, 63, 56, 63, 57, 57, 63, 64, 57, 64, 58, 58, 64, 65, 58, 65, 59, 60, 66, 67, 60, 67, 61, 61, 67, 68, 61, 68, 62, 62, 68, 69, 62, 69, 63, 63, 69, 70, 63, 70, 64, 64, 70, 71, 64, 71, 65, 73, 79, 78, 73, 78, 72, 74, 80, 79, 74, 79, 73, 75, 81, 80, 75, 80, 74, 76, 82, 81, 76, 81, 75, 77, 83, 82, 77, 82, 76, 79, 85, 84, 79, 84, 78, 80, 86, 85, 80, 85, 79, 81, 87, 86, 81, 86, 80, 82, 88, 87, 82, 87, 81, 83, 89, 88, 83, 88, 82, 85, 91, 90, 85, 90, 84, 86, 92, 91, 86, 91, 85, 87, 93, 92, 87, 92, 86, 88, 94, 93, 88, 93, 87, 89, 95, 94, 89, 94, 88, 91, 97, 96, 91, 96, 90, 92, 98, 97, 92, 97, 91, 93, 99, 98, 93, 98, 92, 94, 100, 99, 94, 99, 93, 95, 101, 100, 95, 100, 94, 97, 103, 102, 97, 102, 96, 98, 104, 103, 98, 103, 97, 99, 105, 104, 99, 104, 98, 100, 106, 105, 100, 105, 99, 101, 107, 106, 101, 106, 100, 108, 114, 115, 108, 115, 109, 109, 115, 116, 109, 116, 110, 110, 116, 117, 110, 117, 111, 111, 117, 118, 111, 118, 112, 112, 118, 119, 112, 119, 113, 114, 120, 121, 114, 121, 115, 115, 121, 122, 115, 122, 116, 116, 122, 123, 116, 123, 117, 117, 123, 124, 117, 124, 118, 118, 124, 125, 118, 125, 119, 120, 126, 127, 120, 127, 121, 121, 127, 128, 121, 128, 122, 122, 128, 129, 122, 129, 123, 123, 129, 130, 123, 130, 124, 124, 130, 131, 124, 131, 125, 126, 132, 133, 126, 133, 127, 127, 133, 134, 127, 134, 128, 128, 134, 135, 128, 135, 129, 129, 135, 136, 129, 136, 130, 130, 136, 137, 130, 137, 131, 132, 138, 139, 132, 139, 133, 133, 139, 140, 133, 140, 134, 134, 140, 141, 134, 141, 135, 135, 141, 142, 135, 142, 136, 136, 142, 143, 136, 143, 137, 145, 151, 150, 145, 150, 144, 146, 152, 151, 146, 151, 145, 147, 153, 152, 147, 152, 146, 148, 154, 153, 148, 153, 147, 149, 155, 154, 149, 154, 148, 151, 157, 156, 151, 156, 150, 152, 158, 157, 152, 157, 151, 153, 159, 158, 153, 158, 152, 154, 160, 159, 154, 159, 153, 155, 161, 160, 155, 160, 154, 157, 163, 162, 157, 162, 156, 158, 164, 163, 158, 163, 157, 159, 165, 164, 159, 164, 158, 160, 166, 165, 160, 165, 159, 161, 167, 166, 161, 166, 160, 163, 169, 168, 163, 168, 162, 164, 170, 169, 164, 169, 163, 165, 171, 170, 165, 170, 164, 166, 172, 171, 166, 171, 165, 167, 173, 172, 167, 172, 166, 169, 175, 174, 169, 174, 168, 170, 176, 175, 170, 175, 169, 171, 177, 176, 171, 176, 170, 172, 178, 177, 172, 177, 171, 173, 179, 178, 173, 178, 172, 180, 186, 187, 180, 187, 181, 181, 187, 188, 181, 188, 182, 182, 188, 189, 182, 189, 183, 183, 189, 190, 183, 190, 184, 184, 190, 191, 184, 191, 185, 186, 192, 193, 186, 193, 187, 187, 193, 194, 187, 194, 188, 188, 194, 195, 188, 195, 189, 189, 195, 196, 189, 196, 190, 190, 196, 197, 190, 197, 191, 192, 198, 199, 192, 199, 193, 193, 199, 200, 193, 200, 194, 194, 200, 201, 194, 201, 195, 195, 201, 202, 195, 202, 196, 196, 202, 203, 196, 203, 197, 198, 204, 205, 198, 205, 199, 199, 205, 206, 199, 206, 200, 200, 206, 207, 200, 207, 201, 201, 207, 208, 201, 208, 202, 202, 208, 209, 202, 209, 203, 204, 210, 211, 204, 211, 205, 205, 211, 212, 205, 212, 206, 206, 212, 213, 206, 213, 207, 207, 213, 214, 207, 214, 208, 208, 214, 215, 208, 215, 209]
            normal3f[] normals = [(-0.7745967, -0.4472136, -0.4472136), (-0.7668657, -0.5195657, -0.376787), (-0.8114213, -0.5844567, -0.002433628), (-0.8112421, -0.5847102, 0.0005043401), (-0.7900625, -0.5555967, 0.2590629), (-0.7071068, -0.5, 0.5), (-0.7668657, -0.376787, -0.5195657), (-0.8559572, -0.3656073, -0.3656073), (-0.8961345, -0.4437789, -0.001804751), (-0.945066, -0.3268773, 0.001211223), (-0.8844941, -0.3299016, 0.3299016), (-0.7900625, -0.2590629, 0.5555967), (-0.8118281, -0.008227935, -0.5838386), (-0.8973103, -0.00616946, -0.4413572), (-0.9999172, -0.01235679, -0.003578342), (-0.9999941, -0.003285339, 0.0009742281), (-0.9445719, -0.00416251, 0.3282781), (-0.8112409, -0.00174595, 0.5847094), (-0.8112409, 0.00174595, -0.5847094), (-0.9445719, 0.00416251, -0.3282781), (-0.9999941, 0.003285339, -0.0009742281), (-0.9999172, 0.01235679, 0.003578342), (-0.8973103, 0.00616946, 0.4413572), (-0.8118281, 0.008227935, 0.5838386), (-0.7900625, 0.2590629, -0.5555967), (-0.8844941, 0.3299016, -0.3299016), (-0.945066, 0.3268773, -0.001211223), (-0.8961345, 0.4437789, 0.001804751), (-0.8559572, 0.3656073, 0.3656073), (-0.7668657, 0.376787, 0.5195657), (-0.7071068, 0.5, -0.5), (-0.7900625, 0.5555967, -0.2590629), (-0.8112421, 0.5847102, -0.0005043401), (-0.8114213, 0.5844567, 0.002433628), (-0.7668657, 0.5195657, 0.376787), (-0.7745967, 0.4472136, 0.4472136), (0.7071068, -0.5, -0.5), (0.7900625, -0.5555967, -0.2590629), (0.8112421, -0.5847102, -0.0005043401), (0.8114213, -0.5844567, 0.002433628), (0.7668657, -0.5195657, 0.376787), (0.7745967, -0.4472136, 0.4472136), (0.7900625, -0.2590629, -0.5555967), (0.8844941, -0.3299016, -0.3299016), (0.945066, -0.3268773, -0.001211223), (0.8961345, -0.4437789, 0.001804751), (0.8559572, -0.3656073, 0.3656073), (0.7668657, -0.376787, 0.5195657), (0.8112409, -0.00174595, -0.5847094), (0.9445719, -0.00416251, -0.3282781), (0.9999941, -0.003285339, -0.0009742281), (0.9999172, -0.01235679, 0.003578342), (0.8973103, -0.00616946, 0.4413572), (0.8118281, -0.008227935, 0.5838386), (0.8118281, 0.008227935, -0.5838386), (0.8973103, 0.00616946, -0.4413572), (0.9999172, 0.01235679, -0.003578342), (0.9999941, 0.003285339, 0.0009742281), (0.9445719, 0.00416251, 0.3282781), (0.8112409, 0.00174595, 0.5847094), (0.7668657, 0.376787, -0.5195657), (0.8559572, 0.3656073, -0.3656073), (0.8961345, 0.4437789, -0.001804751), (0.945066, 0.3268773, 0.001211223), (0.8844941, 0.3299016, 0.3299016), (0.7900625, 0.2590629, 0.5555967), (0.7745967, 0.4472136, -0.4472136), (0.7668657, 0.5195657, -0.376787), (0.8114213, 0.5844567, -0.002433628), (0.8112421, 0.5847102, 0.0005043401), (0.7900625, 0.5555967, 0.2590629), (0.7071068, 0.5, 0.5), (-0.4472136, -0.7745967, -0.4472136), (-0.376787, -0.7668657, -0.5195657), (-0.01146393, -0.8120432, -0.5834848), (0.002465615, -0.8112397, -0.5847085), (0.2590629, -0.7900625, -0.5555967), (0.5, -0.7071068, -0.5), (-0.5195657, -0.7668657, -0.376787), (-0.3656073, -0.8559572, -0.3656073), (-0.008649511, -0.8979679, -0.439976), (0.005853503, -0.9442842, -0.3290792), (0.3299016, -0.8844941, -0.3299016), (0.5555967, -0.7900625, -0.2590629), (-0.5844567, -0.8114213, -0.002433628), (-0.4437789, -0.8961345, -0.001804751), (-0.01714868, -0.9998467, -0.003521607), (0.004632528, -0.9999888, -0.0009873517), (0.3268773, -0.945066, -0.001211223), (0.5847102, -0.8112421, -0.0005043401), (-0.5847102, -0.8112421, 0.0005043401), (-0.3268773, -0.945066, 0.001211223), (-0.004632528, -0.9999888, 0.0009873517), (0.01714868, -0.9998467, 0.003521607), (0.4437789, -0.8961345, 0.001804751), (0.5844567, -0.8114213, 0.002433628), (-0.5555967, -0.7900625, 0.2590629), (-0.3299016, -0.8844941, 0.3299016), (-0.005853503, -0.9442842, 0.3290792), (0.008649511, -0.8979679, 0.439976), (0.3656073, -0.8559572, 0.3656073), (0.5195657, -0.7668657, 0.376787), (-0.5, -0.7071068, 0.5), (-0.2590629, -0.7900625, 0.5555967), (-0.002465615, -0.8112397, 0.5847085), (0.01146393, -0.8120432, 0.5834848), (0.376787, -0.7668657, 0.5195657), (0.4472136, -0.7745967, 0.4472136), (-0.5, 0.7071068, -0.5), (-0.2590629, 0.7900625, -0.5555967), (-0.002465615, 0.8112397, -0.5847085), (0.01146393, 0.8120432, -0.5834848), (0.376787, 0.7668657, -0.5195657), (0.4472136, 0.7745967, -0.4472136), (-0.5555967, 0.7900625, -0.2590629), (-0.3299016, 0.8844941, -0.3299016), (-0.005853503, 0.9442842, -0.3290792), (0.008649511, 0.8979679, -0.439976), (0.3656073, 0.8559572, -0.3656073), (0.5195657, 0.7668657, -0.376787), (-0.5847102, 0.8112421, -0.0005043401), (-0.3268773, 0.945066, -0.001211223), (-0.004632528, 0.9999888, -0.0009873517), (0.01714868, 0.9998467, -0.003521607), (0.4437789, 0.8961345, -0.001804751), (0.5844567, 0.8114213, -0.002433628), (-0.5844567, 0.8114213, 0.002433628), (-0.4437789, 0.8961345, 0.001804751), (-0.01714868, 0.9998467, 0.003521607), (0.004632528, 0.9999888, 0.0009873517), (0.3268773, 0.945066, 0.001211223), (0.5847102, 0.8112421, 0.0005043401), (-0.5195657, 0.7668657, 0.376787), (-0.3656073, 0.8559572, 0.3656073), (-0.008649511, 0.8979679, 0.439976), (0.005853503, 0.9442842, 0.3290792), (0.3299016, 0.8844941, 0.3299016), (0.5555967, 0.7900625, 0.2590629), (-0.4472136, 0.7745967, 0.4472136), (-0.376787, 0.7668657, 0.5195657), (-0.01146393, 0.8120432, 0.5834848), (0.002465615, 0.8112397, 0.5847085), (0.2590629, 0.7900625, 0.5555967), (0.5, 0.7071068, 0.5), (-0.4472136, -0.4472136, -0.7745967), (-0.5195657, -0.376787, -0.7668657), (-0.5838386, -0.008227935, -0.8118281), (-0.5847094, 0.00174595, -0.8112409), (-0.5555967, 0.2590629, -0.7900625), (-0.5, 0.5, -0.7071068), (-0.376787, -0.5195657, -0.7668657), (-0.3656073, -0.3656073, -0.8559572), (-0.4413572, -0.00616946, -0.8973103), (-0.3282781, 0.00416251, -0.9445719), (-0.3299016, 0.3299016, -0.8844941), (-0.2590629, 0.5555967, -0.7900625), (-0.01146393, -0.5834848, -0.8120432), (-0.008649511, -0.439976, -0.8979679), (-0.01669823, -0.01184143, -0.9997905), (-0.004741335, 0.003407799, -0.999983), (-0.005853503, 0.3290792, -0.9442842), (-0.002465615, 0.5847085, -0.8112397), (0.002465615, -0.5847085, -0.8112397), (0.005853503, -0.3290792, -0.9442842), (0.004741335, -0.003407799, -0.999983), (0.01669823, 0.01184143, -0.9997905), (0.008649511, 0.439976, -0.8979679), (0.01146393, 0.5834848, -0.8120432), (0.2590629, -0.5555967, -0.7900625), (0.3299016, -0.3299016, -0.8844941), (0.3282781, -0.00416251, -0.9445719), (0.4413572, 0.00616946, -0.8973103), (0.3656073, 0.3656073, -0.8559572), (0.376787, 0.5195657, -0.7668657), (0.5, -0.5, -0.7071068), (0.5555967, -0.2590629, -0.7900625), (0.5847094, -0.00174595, -0.8112409), (0.5838386, 0.008227935, -0.8118281), (0.5195657, 0.376787, -0.7668657), (0.4472136, 0.4472136, -0.7745967), (-0.5, -0.5, 0.7071068), (-0.5555967, -0.2590629, 0.7900625), (-0.5847094, -0.00174595, 0.8112409), (-0.5838386, 0.008227935, 0.8118281), (-0.5195657, 0.376787, 0.7668657), (-0.4472136, 0.4472136, 0.7745967), (-0.2590629, -0.5555967, 0.7900625), (-0.3299016, -0.3299016, 0.8844941), (-0.3282781, -0.00416251, 0.9445719), (-0.4413572, 0.00616946, 0.8973103), (-0.3656073, 0.3656073, 0.8559572), (-0.376787, 0.5195657, 0.7668657), (-0.002465615, -0.5847085, 0.8112397), (-0.005853503, -0.3290792, 0.9442842), (-0.004741335, -0.003407799, 0.999983), (-0.01669823, 0.01184143, 0.9997905), (-0.008649511, 0.439976, 0.8979679), (-0.01146393, 0.5834848, 0.8120432), (0.01146393, -0.5834848, 0.8120432), (0.008649511, -0.439976, 0.8979679), (0.01669823, -0.01184143, 0.9997905), (0.004741335, 0.003407799, 0.999983), (0.005853503, 0.3290792, 0.9442842), (0.002465615, 0.5847085, 0.8112397), (0.376787, -0.5195657, 0.7668657), (0.3656073, -0.3656073, 0.8559572), (0.4413572, -0.00616946, 0.8973103), (0.3282781, 0.00416251, 0.9445719), (0.3299016, 0.3299016, 0.8844941), (0.2590629, 0.5555967, 0.7900625), (0.4472136, -0.4472136, 0.7745967), (0.5195657, -0.376787, 0.7668657), (0.5838386, -0.008227935, 0.8118281), (0.5847094, 0.00174595, 0.8112409), (0.5555967, 0.2590629, 0.7900625), (0.5, 0.5, 0.7071068)] (interpolation = "vertex")
            float3[] extent = [(-0.001746875, -0.000336, 0.0031464), (-0.001428125, 9.6e-05, 0.0045336)]
            rel material:binding = </WorkbenchPart/Materials/solder>
        }
        def Mesh "SignalPad_03" (prepend apiSchemas = ["MaterialBindingAPI"])
        {
            uniform token subdivisionScheme = "none"
            uniform token orientation = "rightHanded"
            bool doubleSided = false
            point3f[] points = [(0.001202715, -0.0004207846, 0.006495215), (0.0011995, -0.000424, 0.006504), (0.001198044, -0.0004254558, 0.006516), (0.001198044, -0.0004254558, 0.007564), (0.0011995, -0.000424, 0.007576), (0.001202715, -0.0004207846, 0.007584785), (0.0011995, -0.000412, 0.006492), (0.001194106, -0.0004146969, 0.006501303), (0.001191301, -0.0004160997, 0.006516), (0.001191301, -0.0004160997, 0.007564), (0.001194106, -0.0004146969, 0.007578697), (0.0011995, -0.000412, 0.007588), (0.001198044, -0.0004, 0.006490544), (0.001191301, -0.0004, 0.0064999), (0.0011875, -0.0004, 0.006516), (0.0011875, -0.0004, 0.007564), (0.001191301, -0.0004, 0.0075801), (0.001198044, -0.0004, 0.007589456), (0.001198044, -0.000392, 0.006490544), (0.001191301, -0.000392, 0.0064999), (0.0011875, -0.000392, 0.006516), (0.0011875, -0.000392, 0.007564), (0.001191301, -0.000392, 0.0075801), (0.001198044, -0.000392, 0.007589456), (0.0011995, -0.00038, 0.006492), (0.001194106, -0.0003773031, 0.006501303), (0.001191301, -0.0003759003, 0.006516), (0.001191301, -0.0003759003, 0.007564), (0.001194106, -0.0003773031, 0.007578697), (0.0011995, -0.00038, 0.007588), (0.001202715, -0.0003712154, 0.006495215), (0.0011995, -0.000368, 0.006504), (0.001198044, -0.0003665442, 0.006516), (0.001198044, -0.0003665442, 0.007564), (0.0011995, -0.000368, 0.007576), (0.001202715, -0.0003712154, 0.007584785), (0.003547285, -0.0004207846, 0.006495215), (0.0035505, -0.000424, 0.006504), (0.003551956, -0.0004254558, 0.006516), (0.003551956, -0.0004254558, 0.007564), (0.0035505, -0.000424, 0.007576), (0.003547285, -0.0004207846, 0.007584785), (0.0035505, -0.000412, 0.006492), (0.003555894, -0.0004146969, 0.006501303), (0.003558699, -0.0004160997, 0.006516), (0.003558699, -0.0004160997, 0.007564), (0.003555894, -0.0004146969, 0.007578697), (0.0035505, -0.000412, 0.007588), (0.003551956, -0.0004, 0.006490544), (0.003558699, -0.0004, 0.0064999), (0.0035625, -0.0004, 0.006516), (0.0035625, -0.0004, 0.007564), (0.003558699, -0.0004, 0.0075801), (0.003551956, -0.0004, 0.007589456), (0.003551956, -0.000392, 0.006490544), (0.003558699, -0.000392, 0.0064999), (0.0035625, -0.000392, 0.006516), (0.0035625, -0.000392, 0.007564), (0.003558699, -0.000392, 0.0075801), (0.003551956, -0.000392, 0.007589456), (0.0035505, -0.00038, 0.006492), (0.003555894, -0.0003773031, 0.006501303), (0.003558699, -0.0003759003, 0.006516), (0.003558699, -0.0003759003, 0.007564), (0.003555894, -0.0003773031, 0.007578697), (0.0035505, -0.00038, 0.007588), (0.003547285, -0.0003712154, 0.006495215), (0.0035505, -0.000368, 0.006504), (0.003551956, -0.0003665442, 0.006516), (0.003551956, -0.0003665442, 0.007564), (0.0035505, -0.000368, 0.007576), (0.003547285, -0.0003712154, 0.007584785), (0.001202715, -0.0004207846, 0.006495215), (0.0012115, -0.000424, 0.006492), (0.0012235, -0.0004254558, 0.006490544), (0.0035265, -0.0004254558, 0.006490544), (0.0035385, -0.000424, 0.006492), (0.003547285, -0.0004207846, 0.006495215), (0.0011995, -0.000424, 0.006504), (0.001208803, -0.0004293939, 0.006501303), (0.0012235, -0.0004321994, 0.0064999), (0.0035265, -0.0004321994, 0.0064999), (0.003541197, -0.0004293939, 0.006501303), (0.0035505, -0.000424, 0.006504), (0.001198044, -0.0004254558, 0.006516), (0.0012074, -0.0004321994, 0.006516), (0.0012235, -0.000436, 0.006516), (0.0035265, -0.000436, 0.006516), (0.0035426, -0.0004321994, 0.006516), (0.003551956, -0.0004254558, 0.006516), (0.001198044, -0.0004254558, 0.007564), (0.0012074, -0.0004321994, 0.007564), (0.0012235, -0.000436, 0.007564), (0.0035265, -0.000436, 0.007564), (0.0035426, -0.0004321994, 0.007564), (0.003551956, -0.0004254558, 0.007564), (0.0011995, -0.000424, 0.007576), (0.001208803, -0.0004293939, 0.007578697), (0.0012235, -0.0004321994, 0.0075801), (0.0035265, -0.0004321994, 0.0075801), (0.003541197, -0.0004293939, 0.007578697), (0.0035505, -0.000424, 0.007576), (0.001202715, -0.0004207846, 0.007584785), (0.0012115, -0.000424, 0.007588), (0.0012235, -0.0004254558, 0.007589456), (0.0035265, -0.0004254558, 0.007589456), (0.0035385, -0.000424, 0.007588), (0.003547285, -0.0004207846, 0.007584785), (0.001202715, -0.0003712154, 0.006495215), (0.0012115, -0.000368, 0.006492), (0.0012235, -0.0003665442, 0.006490544), (0.0035265, -0.0003665442, 0.006490544), (0.0035385, -0.000368, 0.006492), (0.003547285, -0.0003712154, 0.006495215), (0.0011995, -0.000368, 0.006504), (0.001208803, -0.0003626061, 0.006501303), (0.0012235, -0.0003598006, 0.0064999), (0.0035265, -0.0003598006, 0.0064999), (0.003541197, -0.0003626061, 0.006501303), (0.0035505, -0.000368, 0.006504), (0.001198044, -0.0003665442, 0.006516), (0.0012074, -0.0003598006, 0.006516), (0.0012235, -0.000356, 0.006516), (0.0035265, -0.000356, 0.006516), (0.0035426, -0.0003598006, 0.006516), (0.003551956, -0.0003665442, 0.006516), (0.001198044, -0.0003665442, 0.007564), (0.0012074, -0.0003598006, 0.007564), (0.0012235, -0.000356, 0.007564), (0.0035265, -0.000356, 0.007564), (0.0035426, -0.0003598006, 0.007564), (0.003551956, -0.0003665442, 0.007564), (0.0011995, -0.000368, 0.007576), (0.001208803, -0.0003626061, 0.007578697), (0.0012235, -0.0003598006, 0.0075801), (0.0035265, -0.0003598006, 0.0075801), (0.003541197, -0.0003626061, 0.007578697), (0.0035505, -0.000368, 0.007576), (0.001202715, -0.0003712154, 0.007584785), (0.0012115, -0.000368, 0.007588), (0.0012235, -0.0003665442, 0.007589456), (0.0035265, -0.0003665442, 0.007589456), (0.0035385, -0.000368, 0.007588), (0.003547285, -0.0003712154, 0.007584785), (0.001202715, -0.0004207846, 0.006495215), (0.0011995, -0.000412, 0.006492), (0.001198044, -0.0004, 0.006490544), (0.001198044, -0.000392, 0.006490544), (0.0011995, -0.00038, 0.006492), (0.001202715, -0.0003712154, 0.006495215), (0.0012115, -0.000424, 0.006492), (0.001208803, -0.0004146969, 0.006486606), (0.0012074, -0.0004, 0.006483801), (0.0012074, -0.000392, 0.006483801), (0.001208803, -0.0003773031, 0.006486606), (0.0012115, -0.000368, 0.006492), (0.0012235, -0.0004254558, 0.006490544), (0.0012235, -0.0004160997, 0.006483801), (0.0012235, -0.0004, 0.00648), (0.0012235, -0.000392, 0.00648), (0.0012235, -0.0003759003, 0.006483801), (0.0012235, -0.0003665442, 0.006490544), (0.0035265, -0.0004254558, 0.006490544), (0.0035265, -0.0004160997, 0.006483801), (0.0035265, -0.0004, 0.00648), (0.0035265, -0.000392, 0.00648), (0.0035265, -0.0003759003, 0.006483801), (0.0035265, -0.0003665442, 0.006490544), (0.0035385, -0.000424, 0.006492), (0.003541197, -0.0004146969, 0.006486606), (0.0035426, -0.0004, 0.006483801), (0.0035426, -0.000392, 0.006483801), (0.003541197, -0.0003773031, 0.006486606), (0.0035385, -0.000368, 0.006492), (0.003547285, -0.0004207846, 0.006495215), (0.0035505, -0.000412, 0.006492), (0.003551956, -0.0004, 0.006490544), (0.003551956, -0.000392, 0.006490544), (0.0035505, -0.00038, 0.006492), (0.003547285, -0.0003712154, 0.006495215), (0.001202715, -0.0004207846, 0.007584785), (0.0011995, -0.000412, 0.007588), (0.001198044, -0.0004, 0.007589456), (0.001198044, -0.000392, 0.007589456), (0.0011995, -0.00038, 0.007588), (0.001202715, -0.0003712154, 0.007584785), (0.0012115, -0.000424, 0.007588), (0.001208803, -0.0004146969, 0.007593394), (0.0012074, -0.0004, 0.007596199), (0.0012074, -0.000392, 0.007596199), (0.001208803, -0.0003773031, 0.007593394), (0.0012115, -0.000368, 0.007588), (0.0012235, -0.0004254558, 0.007589456), (0.0012235, -0.0004160997, 0.007596199), (0.0012235, -0.0004, 0.0076), (0.0012235, -0.000392, 0.0076), (0.0012235, -0.0003759003, 0.007596199), (0.0012235, -0.0003665442, 0.007589456), (0.0035265, -0.0004254558, 0.007589456), (0.0035265, -0.0004160997, 0.007596199), (0.0035265, -0.0004, 0.0076), (0.0035265, -0.000392, 0.0076), (0.0035265, -0.0003759003, 0.007596199), (0.0035265, -0.0003665442, 0.007589456), (0.0035385, -0.000424, 0.007588), (0.003541197, -0.0004146969, 0.007593394), (0.0035426, -0.0004, 0.007596199), (0.0035426, -0.000392, 0.007596199), (0.003541197, -0.0003773031, 0.007593394), (0.0035385, -0.000368, 0.007588), (0.003547285, -0.0004207846, 0.007584785), (0.0035505, -0.000412, 0.007588), (0.003551956, -0.0004, 0.007589456), (0.003551956, -0.000392, 0.007589456), (0.0035505, -0.00038, 0.007588), (0.003547285, -0.0003712154, 0.007584785)]
            int[] faceVertexCounts = [3, 3, 3, 3, 3, 3, 3, 3, 3, 3, 3, 3, 3, 3, 3, 3, 3, 3, 3, 3, 3, 3, 3, 3, 3, 3, 3, 3, 3, 3, 3, 3, 3, 3, 3, 3, 3, 3, 3, 3, 3, 3, 3, 3, 3, 3, 3, 3, 3, 3, 3, 3, 3, 3, 3, 3, 3, 3, 3, 3, 3, 3, 3, 3, 3, 3, 3, 3, 3, 3, 3, 3, 3, 3, 3, 3, 3, 3, 3, 3, 3, 3, 3, 3, 3, 3, 3, 3, 3, 3, 3, 3, 3, 3, 3, 3, 3, 3, 3, 3, 3, 3, 3, 3, 3, 3, 3, 3, 3, 3, 3, 3, 3, 3, 3, 3, 3, 3, 3, 3, 3, 3, 3, 3, 3, 3, 3, 3, 3, 3, 3, 3, 3, 3, 3, 3, 3, 3, 3, 3, 3, 3, 3, 3, 3, 3, 3, 3, 3, 3, 3, 3, 3, 3, 3, 3, 3, 3, 3, 3, 3, 3, 3, 3, 3, 3, 3, 3, 3, 3, 3, 3, 3, 3, 3, 3, 3, 3, 3, 3, 3, 3, 3, 3, 3, 3, 3, 3, 3, 3, 3, 3, 3, 3, 3, 3, 3, 3, 3, 3, 3, 3, 3, 3, 3, 3, 3, 3, 3, 3, 3, 3, 3, 3, 3, 3, 3, 3, 3, 3, 3, 3, 3, 3, 3, 3, 3, 3, 3, 3, 3, 3, 3, 3, 3, 3, 3, 3, 3, 3, 3, 3, 3, 3, 3, 3, 3, 3, 3, 3, 3, 3, 3, 3, 3, 3, 3, 3, 3, 3, 3, 3, 3, 3, 3, 3, 3, 3, 3, 3, 3, 3, 3, 3, 3, 3, 3, 3, 3, 3, 3, 3, 3, 3, 3, 3, 3, 3, 3, 3, 3, 3, 3, 3, 3, 3, 3, 3, 3, 3]
            int[] faceVertexIndices = [1, 7, 6, 1, 6, 0, 2, 8, 7, 2, 7, 1, 3, 9, 8, 3, 8, 2, 4, 10, 9, 4, 9, 3, 5, 11, 10, 5, 10, 4, 7, 13, 12, 7, 12, 6, 8, 14, 13, 8, 13, 7, 9, 15, 14, 9, 14, 8, 10, 16, 15, 10, 15, 9, 11, 17, 16, 11, 16, 10, 13, 19, 18, 13, 18, 12, 14, 20, 19, 14, 19, 13, 15, 21, 20, 15, 20, 14, 16, 22, 21, 16, 21, 15, 17, 23, 22, 17, 22, 16, 19, 25, 24, 19, 24, 18, 20, 26, 25, 20, 25, 19, 21, 27, 26, 21, 26, 20, 22, 28, 27, 22, 27, 21, 23, 29, 28, 23, 28, 22, 25, 31, 30, 25, 30, 24, 26, 32, 31, 26, 31, 25, 27, 33, 32, 27, 32, 26, 28, 34, 33, 28, 33, 27, 29, 35, 34, 29, 34, 28, 36, 42, 43, 36, 43, 37, 37, 43, 44, 37, 44, 38, 38, 44, 45, 38, 45, 39, 39, 45, 46, 39, 46, 40, 40, 46, 47, 40, 47, 41, 42, 48, 49, 42, 49, 43, 43, 49, 50, 43, 50, 44, 44, 50, 51, 44, 51, 45, 45, 51, 52, 45, 52, 46, 46, 52, 53, 46, 53, 47, 48, 54, 55, 48, 55, 49, 49, 55, 56, 49, 56, 50, 50, 56, 57, 50, 57, 51, 51, 57, 58, 51, 58, 52, 52, 58, 59, 52, 59, 53, 54, 60, 61, 54, 61, 55, 55, 61, 62, 55, 62, 56, 56, 62, 63, 56, 63, 57, 57, 63, 64, 57, 64, 58, 58, 64, 65, 58, 65, 59, 60, 66, 67, 60, 67, 61, 61, 67, 68, 61, 68, 62, 62, 68, 69, 62, 69, 63, 63, 69, 70, 63, 70, 64, 64, 70, 71, 64, 71, 65, 73, 79, 78, 73, 78, 72, 74, 80, 79, 74, 79, 73, 75, 81, 80, 75, 80, 74, 76, 82, 81, 76, 81, 75, 77, 83, 82, 77, 82, 76, 79, 85, 84, 79, 84, 78, 80, 86, 85, 80, 85, 79, 81, 87, 86, 81, 86, 80, 82, 88, 87, 82, 87, 81, 83, 89, 88, 83, 88, 82, 85, 91, 90, 85, 90, 84, 86, 92, 91, 86, 91, 85, 87, 93, 92, 87, 92, 86, 88, 94, 93, 88, 93, 87, 89, 95, 94, 89, 94, 88, 91, 97, 96, 91, 96, 90, 92, 98, 97, 92, 97, 91, 93, 99, 98, 93, 98, 92, 94, 100, 99, 94, 99, 93, 95, 101, 100, 95, 100, 94, 97, 103, 102, 97, 102, 96, 98, 104, 103, 98, 103, 97, 99, 105, 104, 99, 104, 98, 100, 106, 105, 100, 105, 99, 101, 107, 106, 101, 106, 100, 108, 114, 115, 108, 115, 109, 109, 115, 116, 109, 116, 110, 110, 116, 117, 110, 117, 111, 111, 117, 118, 111, 118, 112, 112, 118, 119, 112, 119, 113, 114, 120, 121, 114, 121, 115, 115, 121, 122, 115, 122, 116, 116, 122, 123, 116, 123, 117, 117, 123, 124, 117, 124, 118, 118, 124, 125, 118, 125, 119, 120, 126, 127, 120, 127, 121, 121, 127, 128, 121, 128, 122, 122, 128, 129, 122, 129, 123, 123, 129, 130, 123, 130, 124, 124, 130, 131, 124, 131, 125, 126, 132, 133, 126, 133, 127, 127, 133, 134, 127, 134, 128, 128, 134, 135, 128, 135, 129, 129, 135, 136, 129, 136, 130, 130, 136, 137, 130, 137, 131, 132, 138, 139, 132, 139, 133, 133, 139, 140, 133, 140, 134, 134, 140, 141, 134, 141, 135, 135, 141, 142, 135, 142, 136, 136, 142, 143, 136, 143, 137, 145, 151, 150, 145, 150, 144, 146, 152, 151, 146, 151, 145, 147, 153, 152, 147, 152, 146, 148, 154, 153, 148, 153, 147, 149, 155, 154, 149, 154, 148, 151, 157, 156, 151, 156, 150, 152, 158, 157, 152, 157, 151, 153, 159, 158, 153, 158, 152, 154, 160, 159, 154, 159, 153, 155, 161, 160, 155, 160, 154, 157, 163, 162, 157, 162, 156, 158, 164, 163, 158, 163, 157, 159, 165, 164, 159, 164, 158, 160, 166, 165, 160, 165, 159, 161, 167, 166, 161, 166, 160, 163, 169, 168, 163, 168, 162, 164, 170, 169, 164, 169, 163, 165, 171, 170, 165, 170, 164, 166, 172, 171, 166, 171, 165, 167, 173, 172, 167, 172, 166, 169, 175, 174, 169, 174, 168, 170, 176, 175, 170, 175, 169, 171, 177, 176, 171, 176, 170, 172, 178, 177, 172, 177, 171, 173, 179, 178, 173, 178, 172, 180, 186, 187, 180, 187, 181, 181, 187, 188, 181, 188, 182, 182, 188, 189, 182, 189, 183, 183, 189, 190, 183, 190, 184, 184, 190, 191, 184, 191, 185, 186, 192, 193, 186, 193, 187, 187, 193, 194, 187, 194, 188, 188, 194, 195, 188, 195, 189, 189, 195, 196, 189, 196, 190, 190, 196, 197, 190, 197, 191, 192, 198, 199, 192, 199, 193, 193, 199, 200, 193, 200, 194, 194, 200, 201, 194, 201, 195, 195, 201, 202, 195, 202, 196, 196, 202, 203, 196, 203, 197, 198, 204, 205, 198, 205, 199, 199, 205, 206, 199, 206, 200, 200, 206, 207, 200, 207, 201, 201, 207, 208, 201, 208, 202, 202, 208, 209, 202, 209, 203, 204, 210, 211, 204, 211, 205, 205, 211, 212, 205, 212, 206, 206, 212, 213, 206, 213, 207, 207, 213, 214, 207, 214, 208, 208, 214, 215, 208, 215, 209]
            normal3f[] normals = [(-0.7745967, -0.4472136, -0.4472136), (-0.7668657, -0.5195657, -0.376787), (-0.8115774, -0.5842267, -0.004611214), (-0.8112418, -0.58471, 0.0009640836), (-0.7900625, -0.5555967, 0.2590629), (-0.7071068, -0.5, 0.5), (-0.7668657, -0.376787, -0.5195657), (-0.8559572, -0.3656073, -0.3656073), (-0.8965761, -0.4428765, -0.003433785), (-0.9448834, -0.3273988, 0.002309068), (-0.8844941, -0.3299016, 0.3299016), (-0.7900625, -0.2590629, 0.5555967), (-0.8133397, -0.145112, -0.5634014), (-0.9225416, -0.1473858, -0.3566433), (-0.9827378, -0.1849826, -0.002811366), (-0.9929364, -0.1185813, 0.003965699), (-0.916641, -0.1211306, 0.3809156), (-0.8091137, -0.07239132, 0.5831762), (-0.8091137, 0.07239132, -0.5831762), (-0.916641, 0.1211306, -0.3809156), (-0.9929364, 0.1185813, -0.003965699), (-0.9827378, 0.1849826, 0.002811366), (-0.9225416, 0.1473858, 0.3566433), (-0.8133397, 0.145112, 0.5634014), (-0.7900625, 0.2590629, -0.5555967), (-0.8844941, 0.3299016, -0.3299016), (-0.9448834, 0.3273988, -0.002309068), (-0.8965761, 0.4428765, 0.003433785), (-0.8559572, 0.3656073, 0.3656073), (-0.7668657, 0.376787, 0.5195657), (-0.7071068, 0.5, -0.5), (-0.7900625, 0.5555967, -0.2590629), (-0.8112418, 0.58471, -0.0009640836), (-0.8115774, 0.5842267, 0.004611214), (-0.7668657, 0.5195657, 0.376787), (-0.7745967, 0.4472136, 0.4472136), (0.7071068, -0.5, -0.5), (0.7900625, -0.5555967, -0.2590629), (0.8112418, -0.58471, -0.0009640836), (0.8115774, -0.5842267, 0.004611214), (0.7668657, -0.5195657, 0.376787), (0.7745967, -0.4472136, 0.4472136), (0.7900625, -0.2590629, -0.5555967), (0.8844941, -0.3299016, -0.3299016), (0.9448834, -0.3273988, -0.002309068), (0.8965761, -0.4428765, 0.003433785), (0.8559572, -0.3656073, 0.3656073), (0.7668657, -0.376787, 0.5195657), (0.8091137, -0.07239132, -0.5831762), (0.916641, -0.1211306, -0.3809156), (0.9929364, -0.1185813, -0.003965699), (0.9827378, -0.1849826, 0.002811366), (0.9225416, -0.1473858, 0.3566433), (0.8133397, -0.145112, 0.5634014), (0.8133397, 0.145112, -0.5634014), (0.9225416, 0.1473858, -0.3566433), (0.9827378, 0.1849826, -0.002811366), (0.9929364, 0.1185813, 0.003965699), (0.916641, 0.1211306, 0.3809156), (0.8091137, 0.07239132, 0.5831762), (0.7668657, 0.376787, -0.5195657), (0.8559572, 0.3656073, -0.3656073), (0.8965761, 0.4428765, -0.003433785), (0.9448834, 0.3273988, 0.002309068), (0.8844941, 0.3299016, 0.3299016), (0.7900625, 0.2590629, 0.5555967), (0.7745967, 0.4472136, -0.4472136), (0.7668657, 0.5195657, -0.376787), (0.8115774, 0.5842267, -0.004611214), (0.8112418, 0.58471, 0.0009640836), (0.7900625, 0.5555967, 0.2590629), (0.7071068, 0.5, 0.5), (-0.4472136, -0.7745967, -0.4472136), (-0.376787, -0.7668657, -0.5195657), (-0.00212618, -0.8113989, -0.5844889), (0.0004400799, -0.8112421, -0.5847102), (0.2590629, -0.7900625, -0.5555967), (0.5, -0.7071068, -0.5), (-0.5195657, -0.7668657, -0.376787), (-0.3656073, -0.8559572, -0.3656073), (-0.001575834, -0.8960722, -0.4439056), (0.001057297, -0.9450915, -0.3268041), (0.3299016, -0.8844941, -0.3299016), (0.5555967, -0.7900625, -0.2590629), (-0.5842267, -0.8115774, -0.004611214), (-0.4428765, -0.8965761, -0.003433785), (-0.003183188, -0.9999707, -0.006966059), (0.0008377322, -0.999998, -0.001814842), (0.3273988, -0.9448834, -0.002309068), (0.58471, -0.8112418, -0.0009640836), (-0.58471, -0.8112418, 0.0009640836), (-0.3273988, -0.9448834, 0.002309068), (-0.0008377322, -0.999998, 0.001814842), (0.003183188, -0.9999707, 0.006966059), (0.4428765, -0.8965761, 0.003433785), (0.5842267, -0.8115774, 0.004611214), (-0.5555967, -0.7900625, 0.2590629), (-0.3299016, -0.8844941, 0.3299016), (-0.001057297, -0.9450915, 0.3268041), (0.001575834, -0.8960722, 0.4439056), (0.3656073, -0.8559572, 0.3656073), (0.5195657, -0.7668657, 0.376787), (-0.5, -0.7071068, 0.5), (-0.2590629, -0.7900625, 0.5555967), (-0.0004400799, -0.8112421, 0.5847102), (0.00212618, -0.8113989, 0.5844889), (0.376787, -0.7668657, 0.5195657), (0.4472136, -0.7745967, 0.4472136), (-0.5, 0.7071068, -0.5), (-0.2590629, 0.7900625, -0.5555967), (-0.0004400799, 0.8112421, -0.5847102), (0.00212618, 0.8113989, -0.5844889), (0.376787, 0.7668657, -0.5195657), (0.4472136, 0.7745967, -0.4472136), (-0.5555967, 0.7900625, -0.2590629), (-0.3299016, 0.8844941, -0.3299016), (-0.001057297, 0.9450915, -0.3268041), (0.001575834, 0.8960722, -0.4439056), (0.3656073, 0.8559572, -0.3656073), (0.5195657, 0.7668657, -0.376787), (-0.58471, 0.8112418, -0.0009640836), (-0.3273988, 0.9448834, -0.002309068), (-0.0008377322, 0.999998, -0.001814842), (0.003183188, 0.9999707, -0.006966059), (0.4428765, 0.8965761, -0.003433785), (0.5842267, 0.8115774, -0.004611214), (-0.5842267, 0.8115774, 0.004611214), (-0.4428765, 0.8965761, 0.003433785), (-0.003183188, 0.9999707, 0.006966059), (0.0008377322, 0.999998, 0.001814842), (0.3273988, 0.9448834, 0.002309068), (0.58471, 0.8112418, 0.0009640836), (-0.5195657, 0.7668657, 0.376787), (-0.3656073, 0.8559572, 0.3656073), (-0.001575834, 0.8960722, 0.4439056), (0.001057297, 0.9450915, 0.3268041), (0.3299016, 0.8844941, 0.3299016), (0.5555967, 0.7900625, 0.2590629), (-0.4472136, 0.7745967, 0.4472136), (-0.376787, 0.7668657, 0.5195657), (-0.00212618, 0.8113989, 0.5844889), (0.0004400799, 0.8112421, 0.5847102), (0.2590629, 0.7900625, 0.5555967), (0.5, 0.7071068, 0.5), (-0.4472136, -0.4472136, -0.7745967), (-0.5195657, -0.376787, -0.7668657), (-0.5634014, -0.145112, -0.8133397), (-0.5831762, 0.07239132, -0.8091137), (-0.5555967, 0.2590629, -0.7900625), (-0.5, 0.5, -0.7071068), (-0.376787, -0.5195657, -0.7668657), (-0.3656073, -0.3656073, -0.8559572), (-0.3566433, -0.1473858, -0.9225416), (-0.3809156, 0.1211306, -0.916641), (-0.3299016, 0.3299016, -0.8844941), (-0.2590629, 0.5555967, -0.7900625), (-0.00212618, -0.5844889, -0.8113989), (-0.001575834, -0.4439056, -0.8960722), (-0.001287736, -0.1854237, -0.9826578), (-0.001822212, 0.11804, -0.9930072), (-0.001057297, 0.3268041, -0.9450915), (-0.0004400799, 0.5847102, -0.8112421), (0.0004400799, -0.5847102, -0.8112421), (0.001057297, -0.3268041, -0.9450915), (0.001822212, -0.11804, -0.9930072), (0.001287736, 0.1854237, -0.9826578), (0.001575834, 0.4439056, -0.8960722), (0.00212618, 0.5844889, -0.8113989), (0.2590629, -0.5555967, -0.7900625), (0.3299016, -0.3299016, -0.8844941), (0.3809156, -0.1211306, -0.916641), (0.3566433, 0.1473858, -0.9225416), (0.3656073, 0.3656073, -0.8559572), (0.376787, 0.5195657, -0.7668657), (0.5, -0.5, -0.7071068), (0.5555967, -0.2590629, -0.7900625), (0.5831762, -0.07239132, -0.8091137), (0.5634014, 0.145112, -0.8133397), (0.5195657, 0.376787, -0.7668657), (0.4472136, 0.4472136, -0.7745967), (-0.5, -0.5, 0.7071068), (-0.5555967, -0.2590629, 0.7900625), (-0.5831762, -0.07239132, 0.8091137), (-0.5634014, 0.145112, 0.8133397), (-0.5195657, 0.376787, 0.7668657), (-0.4472136, 0.4472136, 0.7745967), (-0.2590629, -0.5555967, 0.7900625), (-0.3299016, -0.3299016, 0.8844941), (-0.3809156, -0.1211306, 0.916641), (-0.3566433, 0.1473858, 0.9225416), (-0.3656073, 0.3656073, 0.8559572), (-0.376787, 0.5195657, 0.7668657), (-0.0004400799, -0.5847102, 0.8112421), (-0.001057297, -0.3268041, 0.9450915), (-0.001822212, -0.11804, 0.9930072), (-0.001287736, 0.1854237, 0.9826578), (-0.001575834, 0.4439056, 0.8960722), (-0.00212618, 0.5844889, 0.8113989), (0.00212618, -0.5844889, 0.8113989), (0.001575834, -0.4439056, 0.8960722), (0.001287736, -0.1854237, 0.9826578), (0.001822212, 0.11804, 0.9930072), (0.001057297, 0.3268041, 0.9450915), (0.0004400799, 0.5847102, 0.8112421), (0.376787, -0.5195657, 0.7668657), (0.3656073, -0.3656073, 0.8559572), (0.3566433, -0.1473858, 0.9225416), (0.3809156, 0.1211306, 0.916641), (0.3299016, 0.3299016, 0.8844941), (0.2590629, 0.5555967, 0.7900625), (0.4472136, -0.4472136, 0.7745967), (0.5195657, -0.376787, 0.7668657), (0.5634014, -0.145112, 0.8133397), (0.5831762, 0.07239132, 0.8091137), (0.5555967, 0.2590629, 0.7900625), (0.5, 0.5, 0.7071068)] (interpolation = "vertex")
            float3[] extent = [(0.0011875, -0.000436, 0.00648), (0.0035625, -0.000356, 0.0076)]
            rel material:binding = </WorkbenchPart/Materials/gold>
        }
        def Mesh "SMDComponent_03" (prepend apiSchemas = ["MaterialBindingAPI"])
        {
            uniform token subdivisionScheme = "none"
            uniform token orientation = "rightHanded"
            bool doubleSided = false
            point3f[] points = [(0.001452715, -0.0003047846, 0.003175215), (0.0014495, -0.000308, 0.003184), (0.001448044, -0.0003094558, 0.003196), (0.001448044, -0.0003094558, 0.004484), (0.0014495, -0.000308, 0.004496), (0.001452715, -0.0003047846, 0.004504785), (0.0014495, -0.000296, 0.003172), (0.001444106, -0.0002986969, 0.003181303), (0.001441301, -0.0003000997, 0.003196), (0.001441301, -0.0003000997, 0.004484), (0.001444106, -0.0002986969, 0.004498697), (0.0014495, -0.000296, 0.004508), (0.001448044, -0.000284, 0.003170544), (0.001441301, -0.000284, 0.0031799), (0.0014375, -0.000284, 0.003196), (0.0014375, -0.000284, 0.004484), (0.001441301, -0.000284, 0.0045001), (0.001448044, -0.000284, 0.004509456), (0.001448044, 4.4e-05, 0.003170544), (0.001441301, 4.4e-05, 0.0031799), (0.0014375, 4.4e-05, 0.003196), (0.0014375, 4.4e-05, 0.004484), (0.001441301, 4.4e-05, 0.0045001), (0.001448044, 4.4e-05, 0.004509456), (0.0014495, 5.6e-05, 0.003172), (0.001444106, 5.869694e-05, 0.003181303), (0.001441301, 6.009969e-05, 0.003196), (0.001441301, 6.009969e-05, 0.004484), (0.001444106, 5.869694e-05, 0.004498697), (0.0014495, 5.6e-05, 0.004508), (0.001452715, 6.478461e-05, 0.003175215), (0.0014495, 6.8e-05, 0.003184), (0.001448044, 6.945584e-05, 0.003196), (0.001448044, 6.945584e-05, 0.004484), (0.0014495, 6.8e-05, 0.004496), (0.001452715, 6.478461e-05, 0.004504785), (0.003297285, -0.0003047846, 0.003175215), (0.0033005, -0.000308, 0.003184), (0.003301956, -0.0003094558, 0.003196), (0.003301956, -0.0003094558, 0.004484), (0.0033005, -0.000308, 0.004496), (0.003297285, -0.0003047846, 0.004504785), (0.0033005, -0.000296, 0.003172), (0.003305894, -0.0002986969, 0.003181303), (0.003308699, -0.0003000997, 0.003196), (0.003308699, -0.0003000997, 0.004484), (0.003305894, -0.0002986969, 0.004498697), (0.0033005, -0.000296, 0.004508), (0.003301956, -0.000284, 0.003170544), (0.003308699, -0.000284, 0.0031799), (0.0033125, -0.000284, 0.003196), (0.0033125, -0.000284, 0.004484), (0.003308699, -0.000284, 0.0045001), (0.003301956, -0.000284, 0.004509456), (0.003301956, 4.4e-05, 0.003170544), (0.003308699, 4.4e-05, 0.0031799), (0.0033125, 4.4e-05, 0.003196), (0.0033125, 4.4e-05, 0.004484), (0.003308699, 4.4e-05, 0.0045001), (0.003301956, 4.4e-05, 0.004509456), (0.0033005, 5.6e-05, 0.003172), (0.003305894, 5.869694e-05, 0.003181303), (0.003308699, 6.009969e-05, 0.003196), (0.003308699, 6.009969e-05, 0.004484), (0.003305894, 5.869694e-05, 0.004498697), (0.0033005, 5.6e-05, 0.004508), (0.003297285, 6.478461e-05, 0.003175215), (0.0033005, 6.8e-05, 0.003184), (0.003301956, 6.945584e-05, 0.003196), (0.003301956, 6.945584e-05, 0.004484), (0.0033005, 6.8e-05, 0.004496), (0.003297285, 6.478461e-05, 0.004504785), (0.001452715, -0.0003047846, 0.003175215), (0.0014615, -0.000308, 0.003172), (0.0014735, -0.0003094558, 0.003170544), (0.0032765, -0.0003094558, 0.003170544), (0.0032885, -0.000308, 0.003172), (0.003297285, -0.0003047846, 0.003175215), (0.0014495, -0.000308, 0.003184), (0.001458803, -0.0003133939, 0.003181303), (0.0014735, -0.0003161994, 0.0031799), (0.0032765, -0.0003161994, 0.0031799), (0.003291197, -0.0003133939, 0.003181303), (0.0033005, -0.000308, 0.003184), (0.001448044, -0.0003094558, 0.003196), (0.0014574, -0.0003161994, 0.003196), (0.0014735, -0.00032, 0.003196), (0.0032765, -0.00032, 0.003196), (0.0032926, -0.0003161994, 0.003196), (0.003301956, -0.0003094558, 0.003196), (0.001448044, -0.0003094558, 0.004484), (0.0014574, -0.0003161994, 0.004484), (0.0014735, -0.00032, 0.004484), (0.0032765, -0.00032, 0.004484), (0.0032926, -0.0003161994, 0.004484), (0.003301956, -0.0003094558, 0.004484), (0.0014495, -0.000308, 0.004496), (0.001458803, -0.0003133939, 0.004498697), (0.0014735, -0.0003161994, 0.0045001), (0.0032765, -0.0003161994, 0.0045001), (0.003291197, -0.0003133939, 0.004498697), (0.0033005, -0.000308, 0.004496), (0.001452715, -0.0003047846, 0.004504785), (0.0014615, -0.000308, 0.004508), (0.0014735, -0.0003094558, 0.004509456), (0.0032765, -0.0003094558, 0.004509456), (0.0032885, -0.000308, 0.004508), (0.003297285, -0.0003047846, 0.004504785), (0.001452715, 6.478461e-05, 0.003175215), (0.0014615, 6.8e-05, 0.003172), (0.0014735, 6.945584e-05, 0.003170544), (0.0032765, 6.945584e-05, 0.003170544), (0.0032885, 6.8e-05, 0.003172), (0.003297285, 6.478461e-05, 0.003175215), (0.0014495, 6.8e-05, 0.003184), (0.001458803, 7.339388e-05, 0.003181303), (0.0014735, 7.619938e-05, 0.0031799), (0.0032765, 7.619938e-05, 0.0031799), (0.003291197, 7.339388e-05, 0.003181303), (0.0033005, 6.8e-05, 0.003184), (0.001448044, 6.945584e-05, 0.003196), (0.0014574, 7.619938e-05, 0.003196), (0.0014735, 8e-05, 0.003196), (0.0032765, 8e-05, 0.003196), (0.0032926, 7.619938e-05, 0.003196), (0.003301956, 6.945584e-05, 0.003196), (0.001448044, 6.945584e-05, 0.004484), (0.0014574, 7.619938e-05, 0.004484), (0.0014735, 8e-05, 0.004484), (0.0032765, 8e-05, 0.004484), (0.0032926, 7.619938e-05, 0.004484), (0.003301956, 6.945584e-05, 0.004484), (0.0014495, 6.8e-05, 0.004496), (0.001458803, 7.339388e-05, 0.004498697), (0.0014735, 7.619938e-05, 0.0045001), (0.0032765, 7.619938e-05, 0.0045001), (0.003291197, 7.339388e-05, 0.004498697), (0.0033005, 6.8e-05, 0.004496), (0.001452715, 6.478461e-05, 0.004504785), (0.0014615, 6.8e-05, 0.004508), (0.0014735, 6.945584e-05, 0.004509456), (0.0032765, 6.945584e-05, 0.004509456), (0.0032885, 6.8e-05, 0.004508), (0.003297285, 6.478461e-05, 0.004504785), (0.001452715, -0.0003047846, 0.003175215), (0.0014495, -0.000296, 0.003172), (0.001448044, -0.000284, 0.003170544), (0.001448044, 4.4e-05, 0.003170544), (0.0014495, 5.6e-05, 0.003172), (0.001452715, 6.478461e-05, 0.003175215), (0.0014615, -0.000308, 0.003172), (0.001458803, -0.0002986969, 0.003166606), (0.0014574, -0.000284, 0.003163801), (0.0014574, 4.4e-05, 0.003163801), (0.001458803, 5.869694e-05, 0.003166606), (0.0014615, 6.8e-05, 0.003172), (0.0014735, -0.0003094558, 0.003170544), (0.0014735, -0.0003000997, 0.003163801), (0.0014735, -0.000284, 0.00316), (0.0014735, 4.4e-05, 0.00316), (0.0014735, 6.009969e-05, 0.003163801), (0.0014735, 6.945584e-05, 0.003170544), (0.0032765, -0.0003094558, 0.003170544), (0.0032765, -0.0003000997, 0.003163801), (0.0032765, -0.000284, 0.00316), (0.0032765, 4.4e-05, 0.00316), (0.0032765, 6.009969e-05, 0.003163801), (0.0032765, 6.945584e-05, 0.003170544), (0.0032885, -0.000308, 0.003172), (0.003291197, -0.0002986969, 0.003166606), (0.0032926, -0.000284, 0.003163801), (0.0032926, 4.4e-05, 0.003163801), (0.003291197, 5.869694e-05, 0.003166606), (0.0032885, 6.8e-05, 0.003172), (0.003297285, -0.0003047846, 0.003175215), (0.0033005, -0.000296, 0.003172), (0.003301956, -0.000284, 0.003170544), (0.003301956, 4.4e-05, 0.003170544), (0.0033005, 5.6e-05, 0.003172), (0.003297285, 6.478461e-05, 0.003175215), (0.001452715, -0.0003047846, 0.004504785), (0.0014495, -0.000296, 0.004508), (0.001448044, -0.000284, 0.004509456), (0.001448044, 4.4e-05, 0.004509456), (0.0014495, 5.6e-05, 0.004508), (0.001452715, 6.478461e-05, 0.004504785), (0.0014615, -0.000308, 0.004508), (0.001458803, -0.0002986969, 0.004513394), (0.0014574, -0.000284, 0.004516199), (0.0014574, 4.4e-05, 0.004516199), (0.001458803, 5.869694e-05, 0.004513394), (0.0014615, 6.8e-05, 0.004508), (0.0014735, -0.0003094558, 0.004509456), (0.0014735, -0.0003000997, 0.004516199), (0.0014735, -0.000284, 0.00452), (0.0014735, 4.4e-05, 0.00452), (0.0014735, 6.009969e-05, 0.004516199), (0.0014735, 6.945584e-05, 0.004509456), (0.0032765, -0.0003094558, 0.004509456), (0.0032765, -0.0003000997, 0.004516199), (0.0032765, -0.000284, 0.00452), (0.0032765, 4.4e-05, 0.00452), (0.0032765, 6.009969e-05, 0.004516199), (0.0032765, 6.945584e-05, 0.004509456), (0.0032885, -0.000308, 0.004508), (0.003291197, -0.0002986969, 0.004513394), (0.0032926, -0.000284, 0.004516199), (0.0032926, 4.4e-05, 0.004516199), (0.003291197, 5.869694e-05, 0.004513394), (0.0032885, 6.8e-05, 0.004508), (0.003297285, -0.0003047846, 0.004504785), (0.0033005, -0.000296, 0.004508), (0.003301956, -0.000284, 0.004509456), (0.003301956, 4.4e-05, 0.004509456), (0.0033005, 5.6e-05, 0.004508), (0.003297285, 6.478461e-05, 0.004504785)]
            int[] faceVertexCounts = [3, 3, 3, 3, 3, 3, 3, 3, 3, 3, 3, 3, 3, 3, 3, 3, 3, 3, 3, 3, 3, 3, 3, 3, 3, 3, 3, 3, 3, 3, 3, 3, 3, 3, 3, 3, 3, 3, 3, 3, 3, 3, 3, 3, 3, 3, 3, 3, 3, 3, 3, 3, 3, 3, 3, 3, 3, 3, 3, 3, 3, 3, 3, 3, 3, 3, 3, 3, 3, 3, 3, 3, 3, 3, 3, 3, 3, 3, 3, 3, 3, 3, 3, 3, 3, 3, 3, 3, 3, 3, 3, 3, 3, 3, 3, 3, 3, 3, 3, 3, 3, 3, 3, 3, 3, 3, 3, 3, 3, 3, 3, 3, 3, 3, 3, 3, 3, 3, 3, 3, 3, 3, 3, 3, 3, 3, 3, 3, 3, 3, 3, 3, 3, 3, 3, 3, 3, 3, 3, 3, 3, 3, 3, 3, 3, 3, 3, 3, 3, 3, 3, 3, 3, 3, 3, 3, 3, 3, 3, 3, 3, 3, 3, 3, 3, 3, 3, 3, 3, 3, 3, 3, 3, 3, 3, 3, 3, 3, 3, 3, 3, 3, 3, 3, 3, 3, 3, 3, 3, 3, 3, 3, 3, 3, 3, 3, 3, 3, 3, 3, 3, 3, 3, 3, 3, 3, 3, 3, 3, 3, 3, 3, 3, 3, 3, 3, 3, 3, 3, 3, 3, 3, 3, 3, 3, 3, 3, 3, 3, 3, 3, 3, 3, 3, 3, 3, 3, 3, 3, 3, 3, 3, 3, 3, 3, 3, 3, 3, 3, 3, 3, 3, 3, 3, 3, 3, 3, 3, 3, 3, 3, 3, 3, 3, 3, 3, 3, 3, 3, 3, 3, 3, 3, 3, 3, 3, 3, 3, 3, 3, 3, 3, 3, 3, 3, 3, 3, 3, 3, 3, 3, 3, 3, 3, 3, 3, 3, 3, 3, 3]
            int[] faceVertexIndices = [1, 7, 6, 1, 6, 0, 2, 8, 7, 2, 7, 1, 3, 9, 8, 3, 8, 2, 4, 10, 9, 4, 9, 3, 5, 11, 10, 5, 10, 4, 7, 13, 12, 7, 12, 6, 8, 14, 13, 8, 13, 7, 9, 15, 14, 9, 14, 8, 10, 16, 15, 10, 15, 9, 11, 17, 16, 11, 16, 10, 13, 19, 18, 13, 18, 12, 14, 20, 19, 14, 19, 13, 15, 21, 20, 15, 20, 14, 16, 22, 21, 16, 21, 15, 17, 23, 22, 17, 22, 16, 19, 25, 24, 19, 24, 18, 20, 26, 25, 20, 25, 19, 21, 27, 26, 21, 26, 20, 22, 28, 27, 22, 27, 21, 23, 29, 28, 23, 28, 22, 25, 31, 30, 25, 30, 24, 26, 32, 31, 26, 31, 25, 27, 33, 32, 27, 32, 26, 28, 34, 33, 28, 33, 27, 29, 35, 34, 29, 34, 28, 36, 42, 43, 36, 43, 37, 37, 43, 44, 37, 44, 38, 38, 44, 45, 38, 45, 39, 39, 45, 46, 39, 46, 40, 40, 46, 47, 40, 47, 41, 42, 48, 49, 42, 49, 43, 43, 49, 50, 43, 50, 44, 44, 50, 51, 44, 51, 45, 45, 51, 52, 45, 52, 46, 46, 52, 53, 46, 53, 47, 48, 54, 55, 48, 55, 49, 49, 55, 56, 49, 56, 50, 50, 56, 57, 50, 57, 51, 51, 57, 58, 51, 58, 52, 52, 58, 59, 52, 59, 53, 54, 60, 61, 54, 61, 55, 55, 61, 62, 55, 62, 56, 56, 62, 63, 56, 63, 57, 57, 63, 64, 57, 64, 58, 58, 64, 65, 58, 65, 59, 60, 66, 67, 60, 67, 61, 61, 67, 68, 61, 68, 62, 62, 68, 69, 62, 69, 63, 63, 69, 70, 63, 70, 64, 64, 70, 71, 64, 71, 65, 73, 79, 78, 73, 78, 72, 74, 80, 79, 74, 79, 73, 75, 81, 80, 75, 80, 74, 76, 82, 81, 76, 81, 75, 77, 83, 82, 77, 82, 76, 79, 85, 84, 79, 84, 78, 80, 86, 85, 80, 85, 79, 81, 87, 86, 81, 86, 80, 82, 88, 87, 82, 87, 81, 83, 89, 88, 83, 88, 82, 85, 91, 90, 85, 90, 84, 86, 92, 91, 86, 91, 85, 87, 93, 92, 87, 92, 86, 88, 94, 93, 88, 93, 87, 89, 95, 94, 89, 94, 88, 91, 97, 96, 91, 96, 90, 92, 98, 97, 92, 97, 91, 93, 99, 98, 93, 98, 92, 94, 100, 99, 94, 99, 93, 95, 101, 100, 95, 100, 94, 97, 103, 102, 97, 102, 96, 98, 104, 103, 98, 103, 97, 99, 105, 104, 99, 104, 98, 100, 106, 105, 100, 105, 99, 101, 107, 106, 101, 106, 100, 108, 114, 115, 108, 115, 109, 109, 115, 116, 109, 116, 110, 110, 116, 117, 110, 117, 111, 111, 117, 118, 111, 118, 112, 112, 118, 119, 112, 119, 113, 114, 120, 121, 114, 121, 115, 115, 121, 122, 115, 122, 116, 116, 122, 123, 116, 123, 117, 117, 123, 124, 117, 124, 118, 118, 124, 125, 118, 125, 119, 120, 126, 127, 120, 127, 121, 121, 127, 128, 121, 128, 122, 122, 128, 129, 122, 129, 123, 123, 129, 130, 123, 130, 124, 124, 130, 131, 124, 131, 125, 126, 132, 133, 126, 133, 127, 127, 133, 134, 127, 134, 128, 128, 134, 135, 128, 135, 129, 129, 135, 136, 129, 136, 130, 130, 136, 137, 130, 137, 131, 132, 138, 139, 132, 139, 133, 133, 139, 140, 133, 140, 134, 134, 140, 141, 134, 141, 135, 135, 141, 142, 135, 142, 136, 136, 142, 143, 136, 143, 137, 145, 151, 150, 145, 150, 144, 146, 152, 151, 146, 151, 145, 147, 153, 152, 147, 152, 146, 148, 154, 153, 148, 153, 147, 149, 155, 154, 149, 154, 148, 151, 157, 156, 151, 156, 150, 152, 158, 157, 152, 157, 151, 153, 159, 158, 153, 158, 152, 154, 160, 159, 154, 159, 153, 155, 161, 160, 155, 160, 154, 157, 163, 162, 157, 162, 156, 158, 164, 163, 158, 163, 157, 159, 165, 164, 159, 164, 158, 160, 166, 165, 160, 165, 159, 161, 167, 166, 161, 166, 160, 163, 169, 168, 163, 168, 162, 164, 170, 169, 164, 169, 163, 165, 171, 170, 165, 170, 164, 166, 172, 171, 166, 171, 165, 167, 173, 172, 167, 172, 166, 169, 175, 174, 169, 174, 168, 170, 176, 175, 170, 175, 169, 171, 177, 176, 171, 176, 170, 172, 178, 177, 172, 177, 171, 173, 179, 178, 173, 178, 172, 180, 186, 187, 180, 187, 181, 181, 187, 188, 181, 188, 182, 182, 188, 189, 182, 189, 183, 183, 189, 190, 183, 190, 184, 184, 190, 191, 184, 191, 185, 186, 192, 193, 186, 193, 187, 187, 193, 194, 187, 194, 188, 188, 194, 195, 188, 195, 189, 189, 195, 196, 189, 196, 190, 190, 196, 197, 190, 197, 191, 192, 198, 199, 192, 199, 193, 193, 199, 200, 193, 200, 194, 194, 200, 201, 194, 201, 195, 195, 201, 202, 195, 202, 196, 196, 202, 203, 196, 203, 197, 198, 204, 205, 198, 205, 199, 199, 205, 206, 199, 206, 200, 200, 206, 207, 200, 207, 201, 201, 207, 208, 201, 208, 202, 202, 208, 209, 202, 209, 203, 204, 210, 211, 204, 211, 205, 205, 211, 212, 205, 212, 206, 206, 212, 213, 206, 213, 207, 207, 213, 214, 207, 214, 208, 208, 214, 215, 208, 215, 209]
            normal3f[] normals = [(-0.7745967, -0.4472136, -0.4472136), (-0.7668657, -0.5195657, -0.376787), (-0.8115175, -0.584316, -0.003768839), (-0.8112419, -0.5847101, 0.0007852738), (-0.7900625, -0.5555967, 0.2590629), (-0.7071068, -0.5, 0.5), (-0.7668657, -0.376787, -0.5195657), (-0.8559572, -0.3656073, -0.3656073), (-0.8964052, -0.4432267, -0.002802013), (-0.9449545, -0.3271964, 0.001882787), (-0.8844941, -0.3299016, 0.3299016), (-0.7900625, -0.2590629, 0.5555967), (-0.8122054, -0.01399524, -0.5832036), (-0.8984826, -0.01061118, -0.4388808), (-0.9997703, -0.02074602, -0.005379189), (-0.9999823, -0.005739457, 0.001552568), (-0.9440529, -0.007198359, 0.3297154), (-0.8112384, -0.003042335, 0.5847076), (-0.8112384, 0.003042335, -0.5847076), (-0.9440529, 0.007198359, -0.3297154), (-0.9999823, 0.005739457, -0.001552568), (-0.9997703, 0.02074602, 0.005379189), (-0.8984826, 0.01061118, 0.4388808), (-0.8122054, 0.01399524, 0.5832036), (-0.7900625, 0.2590629, -0.5555967), (-0.8844941, 0.3299016, -0.3299016), (-0.9449545, 0.3271964, -0.001882787), (-0.8964052, 0.4432267, 0.002802013), (-0.8559572, 0.3656073, 0.3656073), (-0.7668657, 0.376787, 0.5195657), (-0.7071068, 0.5, -0.5), (-0.7900625, 0.5555967, -0.2590629), (-0.8112419, 0.5847101, -0.0007852738), (-0.8115175, 0.584316, 0.003768839), (-0.7668657, 0.5195657, 0.376787), (-0.7745967, 0.4472136, 0.4472136), (0.7071068, -0.5, -0.5), (0.7900625, -0.5555967, -0.2590629), (0.8112419, -0.5847101, -0.0007852738), (0.8115175, -0.584316, 0.003768839), (0.7668657, -0.5195657, 0.376787), (0.7745967, -0.4472136, 0.4472136), (0.7900625, -0.2590629, -0.5555967), (0.8844941, -0.3299016, -0.3299016), (0.9449545, -0.3271964, -0.001882787), (0.8964052, -0.4432267, 0.002802013), (0.8559572, -0.3656073, 0.3656073), (0.7668657, -0.376787, 0.5195657), (0.8112384, -0.003042335, -0.5847076), (0.9440529, -0.007198359, -0.3297154), (0.9999823, -0.005739457, -0.001552568), (0.9997703, -0.02074602, 0.005379189), (0.8984826, -0.01061118, 0.4388808), (0.8122054, -0.01399524, 0.5832036), (0.8122054, 0.01399524, -0.5832036), (0.8984826, 0.01061118, -0.4388808), (0.9997703, 0.02074602, -0.005379189), (0.9999823, 0.005739457, 0.001552568), (0.9440529, 0.007198359, 0.3297154), (0.8112384, 0.003042335, 0.5847076), (0.7668657, 0.376787, -0.5195657), (0.8559572, 0.3656073, -0.3656073), (0.8964052, 0.4432267, -0.002802013), (0.9449545, 0.3271964, 0.001882787), (0.8844941, 0.3299016, 0.3299016), (0.7900625, 0.2590629, 0.5555967), (0.7745967, 0.4472136, -0.4472136), (0.7668657, 0.5195657, -0.376787), (0.8115175, 0.584316, -0.003768839), (0.8112419, 0.5847101, 0.0007852738), (0.7900625, 0.5555967, 0.2590629), (0.7071068, 0.5, 0.5), (-0.4472136, -0.7745967, -0.4472136), (-0.376787, -0.7668657, -0.5195657), (-0.002707496, -0.8114411, -0.5844279), (0.0005617161, -0.8112421, -0.5847102), (0.2590629, -0.7900625, -0.5555967), (0.5, -0.7071068, -0.5), (-0.5195657, -0.7668657, -0.376787), (-0.3656073, -0.8559572, -0.3656073), (-0.002008891, -0.89619, -0.4436659), (0.00134856, -0.9450432, -0.3269426), (0.3299016, -0.8844941, -0.3299016), (0.5555967, -0.7900625, -0.2590629), (-0.584316, -0.8115175, -0.003768839), (-0.4432267, -0.8964052, -0.002802013), (-0.004067357, -0.9999756, -0.005683567), (0.001065346, -0.9999983, -0.00148226), (0.3271964, -0.9449545, -0.001882787), (0.5847101, -0.8112419, -0.0007852738), (-0.5847101, -0.8112419, 0.0007852738), (-0.3271964, -0.9449545, 0.001882787), (-0.001065346, -0.9999983, 0.00148226), (0.004067357, -0.9999756, 0.005683567), (0.4432267, -0.8964052, 0.002802013), (0.584316, -0.8115175, 0.003768839), (-0.5555967, -0.7900625, 0.2590629), (-0.3299016, -0.8844941, 0.3299016), (-0.00134856, -0.9450432, 0.3269426), (0.002008891, -0.89619, 0.4436659), (0.3656073, -0.8559572, 0.3656073), (0.5195657, -0.7668657, 0.376787), (-0.5, -0.7071068, 0.5), (-0.2590629, -0.7900625, 0.5555967), (-0.0005617161, -0.8112421, 0.5847102), (0.002707496, -0.8114411, 0.5844279), (0.376787, -0.7668657, 0.5195657), (0.4472136, -0.7745967, 0.4472136), (-0.5, 0.7071068, -0.5), (-0.2590629, 0.7900625, -0.5555967), (-0.0005617161, 0.8112421, -0.5847102), (0.002707496, 0.8114411, -0.5844279), (0.376787, 0.7668657, -0.5195657), (0.4472136, 0.7745967, -0.4472136), (-0.5555967, 0.7900625, -0.2590629), (-0.3299016, 0.8844941, -0.3299016), (-0.00134856, 0.9450432, -0.3269426), (0.002008891, 0.89619, -0.4436659), (0.3656073, 0.8559572, -0.3656073), (0.5195657, 0.7668657, -0.376787), (-0.5847101, 0.8112419, -0.0007852738), (-0.3271964, 0.9449545, -0.001882787), (-0.001065346, 0.9999983, -0.00148226), (0.004067357, 0.9999756, -0.005683567), (0.4432267, 0.8964052, -0.002802013), (0.584316, 0.8115175, -0.003768839), (-0.584316, 0.8115175, 0.003768839), (-0.4432267, 0.8964052, 0.002802013), (-0.004067357, 0.9999756, 0.005683567), (0.001065346, 0.9999983, 0.00148226), (0.3271964, 0.9449545, 0.001882787), (0.5847101, 0.8112419, 0.0007852738), (-0.5195657, 0.7668657, 0.376787), (-0.3656073, 0.8559572, 0.3656073), (-0.002008891, 0.89619, 0.4436659), (0.00134856, 0.9450432, 0.3269426), (0.3299016, 0.8844941, 0.3299016), (0.5555967, 0.7900625, 0.2590629), (-0.4472136, 0.7745967, 0.4472136), (-0.376787, 0.7668657, 0.5195657), (-0.002707496, 0.8114411, 0.5844279), (0.0005617161, 0.8112421, 0.5847102), (0.2590629, 0.7900625, 0.5555967), (0.5, 0.7071068, 0.5), (-0.4472136, -0.4472136, -0.7745967), (-0.5195657, -0.376787, -0.7668657), (-0.5832036, -0.01399524, -0.8122054), (-0.5847076, 0.003042335, -0.8112384), (-0.5555967, 0.2590629, -0.7900625), (-0.5, 0.5, -0.7071068), (-0.376787, -0.5195657, -0.7668657), (-0.3656073, -0.3656073, -0.8559572), (-0.4388808, -0.01061118, -0.8984826), (-0.3297154, 0.007198359, -0.9440529), (-0.3299016, 0.3299016, -0.8844941), (-0.2590629, 0.5555967, -0.7900625), (-0.002707496, -0.5844279, -0.8114411), (-0.002008891, -0.4436659, -0.89619), (-0.003867903, -0.02084502, -0.9997752), (-0.001111197, 0.00571538, -0.999983), (-0.00134856, 0.3269426, -0.9450432), (-0.0005617161, 0.5847102, -0.8112421), (0.0005617161, -0.5847102, -0.8112421), (0.00134856, -0.3269426, -0.9450432), (0.001111197, -0.00571538, -0.999983), (0.003867903, 0.02084502, -0.9997752), (0.002008891, 0.4436659, -0.89619), (0.002707496, 0.5844279, -0.8114411), (0.2590629, -0.5555967, -0.7900625), (0.3299016, -0.3299016, -0.8844941), (0.3297154, -0.007198359, -0.9440529), (0.4388808, 0.01061118, -0.8984826), (0.3656073, 0.3656073, -0.8559572), (0.376787, 0.5195657, -0.7668657), (0.5, -0.5, -0.7071068), (0.5555967, -0.2590629, -0.7900625), (0.5847076, -0.003042335, -0.8112384), (0.5832036, 0.01399524, -0.8122054), (0.5195657, 0.376787, -0.7668657), (0.4472136, 0.4472136, -0.7745967), (-0.5, -0.5, 0.7071068), (-0.5555967, -0.2590629, 0.7900625), (-0.5847076, -0.003042335, 0.8112384), (-0.5832036, 0.01399524, 0.8122054), (-0.5195657, 0.376787, 0.7668657), (-0.4472136, 0.4472136, 0.7745967), (-0.2590629, -0.5555967, 0.7900625), (-0.3299016, -0.3299016, 0.8844941), (-0.3297154, -0.007198359, 0.9440529), (-0.4388808, 0.01061118, 0.8984826), (-0.3656073, 0.3656073, 0.8559572), (-0.376787, 0.5195657, 0.7668657), (-0.0005617161, -0.5847102, 0.8112421), (-0.00134856, -0.3269426, 0.9450432), (-0.001111197, -0.00571538, 0.999983), (-0.003867903, 0.02084502, 0.9997752), (-0.002008891, 0.4436659, 0.89619), (-0.002707496, 0.5844279, 0.8114411), (0.002707496, -0.5844279, 0.8114411), (0.002008891, -0.4436659, 0.89619), (0.003867903, -0.02084502, 0.9997752), (0.001111197, 0.00571538, 0.999983), (0.00134856, 0.3269426, 0.9450432), (0.0005617161, 0.5847102, 0.8112421), (0.376787, -0.5195657, 0.7668657), (0.3656073, -0.3656073, 0.8559572), (0.4388808, -0.01061118, 0.8984826), (0.3297154, 0.007198359, 0.9440529), (0.3299016, 0.3299016, 0.8844941), (0.2590629, 0.5555967, 0.7900625), (0.4472136, -0.4472136, 0.7745967), (0.5195657, -0.376787, 0.7668657), (0.5832036, -0.01399524, 0.8122054), (0.5847076, 0.003042335, 0.8112384), (0.5555967, 0.2590629, 0.7900625), (0.5, 0.5, 0.7071068)] (interpolation = "vertex")
            float3[] extent = [(0.0014375, -0.00032, 0.00316), (0.0033125, 8e-05, 0.00452)]
            rel material:binding = </WorkbenchPart/Materials/silicon>
        }
        def Mesh "SMDEndTermination_05" (prepend apiSchemas = ["MaterialBindingAPI"])
        {
            uniform token subdivisionScheme = "none"
            uniform token orientation = "rightHanded"
            bool doubleSided = false
            point3f[] points = [(0.001438269, -0.0003258564, 0.003156544), (0.001436125, -0.000328, 0.0031624), (0.001435154, -0.0003289706, 0.0031704), (0.001435154, -0.0003289706, 0.0045096), (0.001436125, -0.000328, 0.0045176), (0.001438269, -0.0003258564, 0.004523456), (0.001436125, -0.00032, 0.0031544), (0.001432529, -0.000321798, 0.003160602), (0.001430659, -0.0003227331, 0.0031704), (0.001430659, -0.0003227331, 0.0045096), (0.001432529, -0.000321798, 0.004519398), (0.001436125, -0.00032, 0.0045256), (0.001435154, -0.000312, 0.003153429), (0.001430659, -0.000312, 0.003159667), (0.001428125, -0.000312, 0.0031704), (0.001428125, -0.000312, 0.0045096), (0.001430659, -0.000312, 0.004520333), (0.001435154, -0.000312, 0.004526571), (0.001435154, 7.2e-05, 0.003153429), (0.001430659, 7.2e-05, 0.003159667), (0.001428125, 7.2e-05, 0.0031704), (0.001428125, 7.2e-05, 0.0045096), (0.001430659, 7.2e-05, 0.004520333), (0.001435154, 7.2e-05, 0.004526571), (0.001436125, 8e-05, 0.0031544), (0.001432529, 8.179796e-05, 0.003160602), (0.001430659, 8.273313e-05, 0.0031704), (0.001430659, 8.273313e-05, 0.0045096), (0.001432529, 8.179796e-05, 0.004519398), (0.001436125, 8e-05, 0.0045256), (0.001438269, 8.585641e-05, 0.003156544), (0.001436125, 8.8e-05, 0.0031624), (0.001435154, 8.897056e-05, 0.0031704), (0.001435154, 8.897056e-05, 0.0045096), (0.001436125, 8.8e-05, 0.0045176), (0.001438269, 8.585641e-05, 0.004523456), (0.001736731, -0.0003258564, 0.003156544), (0.001738875, -0.000328, 0.0031624), (0.001739846, -0.0003289706, 0.0031704), (0.001739846, -0.0003289706, 0.0045096), (0.001738875, -0.000328, 0.0045176), (0.001736731, -0.0003258564, 0.004523456), (0.001738875, -0.00032, 0.0031544), (0.001742471, -0.000321798, 0.003160602), (0.001744341, -0.0003227331, 0.0031704), (0.001744341, -0.0003227331, 0.0045096), (0.001742471, -0.000321798, 0.004519398), (0.001738875, -0.00032, 0.0045256), (0.001739846, -0.000312, 0.003153429), (0.001744341, -0.000312, 0.003159667), (0.001746875, -0.000312, 0.0031704), (0.001746875, -0.000312, 0.0045096), (0.001744341, -0.000312, 0.004520333), (0.001739846, -0.000312, 0.004526571), (0.001739846, 7.2e-05, 0.003153429), (0.001744341, 7.2e-05, 0.003159667), (0.001746875, 7.2e-05, 0.0031704), (0.001746875, 7.2e-05, 0.0045096), (0.001744341, 7.2e-05, 0.004520333), (0.001739846, 7.2e-05, 0.004526571), (0.001738875, 8e-05, 0.0031544), (0.001742471, 8.179796e-05, 0.003160602), (0.001744341, 8.273313e-05, 0.0031704), (0.001744341, 8.273313e-05, 0.0045096), (0.001742471, 8.179796e-05, 0.004519398), (0.001738875, 8e-05, 0.0045256), (0.001736731, 8.585641e-05, 0.003156544), (0.001738875, 8.8e-05, 0.0031624), (0.001739846, 8.897056e-05, 0.0031704), (0.001739846, 8.897056e-05, 0.0045096), (0.001738875, 8.8e-05, 0.0045176), (0.001736731, 8.585641e-05, 0.004523456), (0.001438269, -0.0003258564, 0.003156544), (0.001444125, -0.000328, 0.0031544), (0.001452125, -0.0003289706, 0.003153429), (0.001722875, -0.0003289706, 0.003153429), (0.001730875, -0.000328, 0.0031544), (0.001736731, -0.0003258564, 0.003156544), (0.001436125, -0.000328, 0.0031624), (0.001442327, -0.0003315959, 0.003160602), (0.001452125, -0.0003334663, 0.003159667), (0.001722875, -0.0003334663, 0.003159667), (0.001732673, -0.0003315959, 0.003160602), (0.001738875, -0.000328, 0.0031624), (0.001435154, -0.0003289706, 0.0031704), (0.001441392, -0.0003334663, 0.0031704), (0.001452125, -0.000336, 0.0031704), (0.001722875, -0.000336, 0.0031704), (0.001733608, -0.0003334663, 0.0031704), (0.001739846, -0.0003289706, 0.0031704), (0.001435154, -0.0003289706, 0.0045096), (0.001441392, -0.0003334663, 0.0045096), (0.001452125, -0.000336, 0.0045096), (0.001722875, -0.000336, 0.0045096), (0.001733608, -0.0003334663, 0.0045096), (0.001739846, -0.0003289706, 0.0045096), (0.001436125, -0.000328, 0.0045176), (0.001442327, -0.0003315959, 0.004519398), (0.001452125, -0.0003334663, 0.004520333), (0.001722875, -0.0003334663, 0.004520333), (0.001732673, -0.0003315959, 0.004519398), (0.001738875, -0.000328, 0.0045176), (0.001438269, -0.0003258564, 0.004523456), (0.001444125, -0.000328, 0.0045256), (0.001452125, -0.0003289706, 0.004526571), (0.001722875, -0.0003289706, 0.004526571), (0.001730875, -0.000328, 0.0045256), (0.001736731, -0.0003258564, 0.004523456), (0.001438269, 8.585641e-05, 0.003156544), (0.001444125, 8.8e-05, 0.0031544), (0.001452125, 8.897056e-05, 0.003153429), (0.001722875, 8.897056e-05, 0.003153429), (0.001730875, 8.8e-05, 0.0031544), (0.001736731, 8.585641e-05, 0.003156544), (0.001436125, 8.8e-05, 0.0031624), (0.001442327, 9.159592e-05, 0.003160602), (0.001452125, 9.346625e-05, 0.003159667), (0.001722875, 9.346625e-05, 0.003159667), (0.001732673, 9.159592e-05, 0.003160602), (0.001738875, 8.8e-05, 0.0031624), (0.001435154, 8.897056e-05, 0.0031704), (0.001441392, 9.346625e-05, 0.0031704), (0.001452125, 9.6e-05, 0.0031704), (0.001722875, 9.6e-05, 0.0031704), (0.001733608, 9.346625e-05, 0.0031704), (0.001739846, 8.897056e-05, 0.0031704), (0.001435154, 8.897056e-05, 0.0045096), (0.001441392, 9.346625e-05, 0.0045096), (0.001452125, 9.6e-05, 0.0045096), (0.001722875, 9.6e-05, 0.0045096), (0.001733608, 9.346625e-05, 0.0045096), (0.001739846, 8.897056e-05, 0.0045096), (0.001436125, 8.8e-05, 0.0045176), (0.001442327, 9.159592e-05, 0.004519398), (0.001452125, 9.346625e-05, 0.004520333), (0.001722875, 9.346625e-05, 0.004520333), (0.001732673, 9.159592e-05, 0.004519398), (0.001738875, 8.8e-05, 0.0045176), (0.001438269, 8.585641e-05, 0.004523456), (0.001444125, 8.8e-05, 0.0045256), (0.001452125, 8.897056e-05, 0.004526571), (0.001722875, 8.897056e-05, 0.004526571), (0.001730875, 8.8e-05, 0.0045256), (0.001736731, 8.585641e-05, 0.004523456), (0.001438269, -0.0003258564, 0.003156544), (0.001436125, -0.00032, 0.0031544), (0.001435154, -0.000312, 0.003153429), (0.001435154, 7.2e-05, 0.003153429), (0.001436125, 8e-05, 0.0031544), (0.001438269, 8.585641e-05, 0.003156544), (0.001444125, -0.000328, 0.0031544), (0.001442327, -0.000321798, 0.003150804), (0.001441392, -0.000312, 0.003148934), (0.001441392, 7.2e-05, 0.003148934), (0.001442327, 8.179796e-05, 0.003150804), (0.001444125, 8.8e-05, 0.0031544), (0.001452125, -0.0003289706, 0.003153429), (0.001452125, -0.0003227331, 0.003148934), (0.001452125, -0.000312, 0.0031464), (0.001452125, 7.2e-05, 0.0031464), (0.001452125, 8.273313e-05, 0.003148934), (0.001452125, 8.897056e-05, 0.003153429), (0.001722875, -0.0003289706, 0.003153429), (0.001722875, -0.0003227331, 0.003148934), (0.001722875, -0.000312, 0.0031464), (0.001722875, 7.2e-05, 0.0031464), (0.001722875, 8.273313e-05, 0.003148934), (0.001722875, 8.897056e-05, 0.003153429), (0.001730875, -0.000328, 0.0031544), (0.001732673, -0.000321798, 0.003150804), (0.001733608, -0.000312, 0.003148934), (0.001733608, 7.2e-05, 0.003148934), (0.001732673, 8.179796e-05, 0.003150804), (0.001730875, 8.8e-05, 0.0031544), (0.001736731, -0.0003258564, 0.003156544), (0.001738875, -0.00032, 0.0031544), (0.001739846, -0.000312, 0.003153429), (0.001739846, 7.2e-05, 0.003153429), (0.001738875, 8e-05, 0.0031544), (0.001736731, 8.585641e-05, 0.003156544), (0.001438269, -0.0003258564, 0.004523456), (0.001436125, -0.00032, 0.0045256), (0.001435154, -0.000312, 0.004526571), (0.001435154, 7.2e-05, 0.004526571), (0.001436125, 8e-05, 0.0045256), (0.001438269, 8.585641e-05, 0.004523456), (0.001444125, -0.000328, 0.0045256), (0.001442327, -0.000321798, 0.004529196), (0.001441392, -0.000312, 0.004531066), (0.001441392, 7.2e-05, 0.004531066), (0.001442327, 8.179796e-05, 0.004529196), (0.001444125, 8.8e-05, 0.0045256), (0.001452125, -0.0003289706, 0.004526571), (0.001452125, -0.0003227331, 0.004531066), (0.001452125, -0.000312, 0.0045336), (0.001452125, 7.2e-05, 0.0045336), (0.001452125, 8.273313e-05, 0.004531066), (0.001452125, 8.897056e-05, 0.004526571), (0.001722875, -0.0003289706, 0.004526571), (0.001722875, -0.0003227331, 0.004531066), (0.001722875, -0.000312, 0.0045336), (0.001722875, 7.2e-05, 0.0045336), (0.001722875, 8.273313e-05, 0.004531066), (0.001722875, 8.897056e-05, 0.004526571), (0.001730875, -0.000328, 0.0045256), (0.001732673, -0.000321798, 0.004529196), (0.001733608, -0.000312, 0.004531066), (0.001733608, 7.2e-05, 0.004531066), (0.001732673, 8.179796e-05, 0.004529196), (0.001730875, 8.8e-05, 0.0045256), (0.001736731, -0.0003258564, 0.004523456), (0.001738875, -0.00032, 0.0045256), (0.001739846, -0.000312, 0.004526571), (0.001739846, 7.2e-05, 0.004526571), (0.001738875, 8e-05, 0.0045256), (0.001736731, 8.585641e-05, 0.004523456)]
            int[] faceVertexCounts = [3, 3, 3, 3, 3, 3, 3, 3, 3, 3, 3, 3, 3, 3, 3, 3, 3, 3, 3, 3, 3, 3, 3, 3, 3, 3, 3, 3, 3, 3, 3, 3, 3, 3, 3, 3, 3, 3, 3, 3, 3, 3, 3, 3, 3, 3, 3, 3, 3, 3, 3, 3, 3, 3, 3, 3, 3, 3, 3, 3, 3, 3, 3, 3, 3, 3, 3, 3, 3, 3, 3, 3, 3, 3, 3, 3, 3, 3, 3, 3, 3, 3, 3, 3, 3, 3, 3, 3, 3, 3, 3, 3, 3, 3, 3, 3, 3, 3, 3, 3, 3, 3, 3, 3, 3, 3, 3, 3, 3, 3, 3, 3, 3, 3, 3, 3, 3, 3, 3, 3, 3, 3, 3, 3, 3, 3, 3, 3, 3, 3, 3, 3, 3, 3, 3, 3, 3, 3, 3, 3, 3, 3, 3, 3, 3, 3, 3, 3, 3, 3, 3, 3, 3, 3, 3, 3, 3, 3, 3, 3, 3, 3, 3, 3, 3, 3, 3, 3, 3, 3, 3, 3, 3, 3, 3, 3, 3, 3, 3, 3, 3, 3, 3, 3, 3, 3, 3, 3, 3, 3, 3, 3, 3, 3, 3, 3, 3, 3, 3, 3, 3, 3, 3, 3, 3, 3, 3, 3, 3, 3, 3, 3, 3, 3, 3, 3, 3, 3, 3, 3, 3, 3, 3, 3, 3, 3, 3, 3, 3, 3, 3, 3, 3, 3, 3, 3, 3, 3, 3, 3, 3, 3, 3, 3, 3, 3, 3, 3, 3, 3, 3, 3, 3, 3, 3, 3, 3, 3, 3, 3, 3, 3, 3, 3, 3, 3, 3, 3, 3, 3, 3, 3, 3, 3, 3, 3, 3, 3, 3, 3, 3, 3, 3, 3, 3, 3, 3, 3, 3, 3, 3, 3, 3, 3, 3, 3, 3, 3, 3, 3]
            int[] faceVertexIndices = [1, 7, 6, 1, 6, 0, 2, 8, 7, 2, 7, 1, 3, 9, 8, 3, 8, 2, 4, 10, 9, 4, 9, 3, 5, 11, 10, 5, 10, 4, 7, 13, 12, 7, 12, 6, 8, 14, 13, 8, 13, 7, 9, 15, 14, 9, 14, 8, 10, 16, 15, 10, 15, 9, 11, 17, 16, 11, 16, 10, 13, 19, 18, 13, 18, 12, 14, 20, 19, 14, 19, 13, 15, 21, 20, 15, 20, 14, 16, 22, 21, 16, 21, 15, 17, 23, 22, 17, 22, 16, 19, 25, 24, 19, 24, 18, 20, 26, 25, 20, 25, 19, 21, 27, 26, 21, 26, 20, 22, 28, 27, 22, 27, 21, 23, 29, 28, 23, 28, 22, 25, 31, 30, 25, 30, 24, 26, 32, 31, 26, 31, 25, 27, 33, 32, 27, 32, 26, 28, 34, 33, 28, 33, 27, 29, 35, 34, 29, 34, 28, 36, 42, 43, 36, 43, 37, 37, 43, 44, 37, 44, 38, 38, 44, 45, 38, 45, 39, 39, 45, 46, 39, 46, 40, 40, 46, 47, 40, 47, 41, 42, 48, 49, 42, 49, 43, 43, 49, 50, 43, 50, 44, 44, 50, 51, 44, 51, 45, 45, 51, 52, 45, 52, 46, 46, 52, 53, 46, 53, 47, 48, 54, 55, 48, 55, 49, 49, 55, 56, 49, 56, 50, 50, 56, 57, 50, 57, 51, 51, 57, 58, 51, 58, 52, 52, 58, 59, 52, 59, 53, 54, 60, 61, 54, 61, 55, 55, 61, 62, 55, 62, 56, 56, 62, 63, 56, 63, 57, 57, 63, 64, 57, 64, 58, 58, 64, 65, 58, 65, 59, 60, 66, 67, 60, 67, 61, 61, 67, 68, 61, 68, 62, 62, 68, 69, 62, 69, 63, 63, 69, 70, 63, 70, 64, 64, 70, 71, 64, 71, 65, 73, 79, 78, 73, 78, 72, 74, 80, 79, 74, 79, 73, 75, 81, 80, 75, 80, 74, 76, 82, 81, 76, 81, 75, 77, 83, 82, 77, 82, 76, 79, 85, 84, 79, 84, 78, 80, 86, 85, 80, 85, 79, 81, 87, 86, 81, 86, 80, 82, 88, 87, 82, 87, 81, 83, 89, 88, 83, 88, 82, 85, 91, 90, 85, 90, 84, 86, 92, 91, 86, 91, 85, 87, 93, 92, 87, 92, 86, 88, 94, 93, 88, 93, 87, 89, 95, 94, 89, 94, 88, 91, 97, 96, 91, 96, 90, 92, 98, 97, 92, 97, 91, 93, 99, 98, 93, 98, 92, 94, 100, 99, 94, 99, 93, 95, 101, 100, 95, 100, 94, 97, 103, 102, 97, 102, 96, 98, 104, 103, 98, 103, 97, 99, 105, 104, 99, 104, 98, 100, 106, 105, 100, 105, 99, 101, 107, 106, 101, 106, 100, 108, 114, 115, 108, 115, 109, 109, 115, 116, 109, 116, 110, 110, 116, 117, 110, 117, 111, 111, 117, 118, 111, 118, 112, 112, 118, 119, 112, 119, 113, 114, 120, 121, 114, 121, 115, 115, 121, 122, 115, 122, 116, 116, 122, 123, 116, 123, 117, 117, 123, 124, 117, 124, 118, 118, 124, 125, 118, 125, 119, 120, 126, 127, 120, 127, 121, 121, 127, 128, 121, 128, 122, 122, 128, 129, 122, 129, 123, 123, 129, 130, 123, 130, 124, 124, 130, 131, 124, 131, 125, 126, 132, 133, 126, 133, 127, 127, 133, 134, 127, 134, 128, 128, 134, 135, 128, 135, 129, 129, 135, 136, 129, 136, 130, 130, 136, 137, 130, 137, 131, 132, 138, 139, 132, 139, 133, 133, 139, 140, 133, 140, 134, 134, 140, 141, 134, 141, 135, 135, 141, 142, 135, 142, 136, 136, 142, 143, 136, 143, 137, 145, 151, 150, 145, 150, 144, 146, 152, 151, 146, 151, 145, 147, 153, 152, 147, 152, 146, 148, 154, 153, 148, 153, 147, 149, 155, 154, 149, 154, 148, 151, 157, 156, 151, 156, 150, 152, 158, 157, 152, 157, 151, 153, 159, 158, 153, 158, 152, 154, 160, 159, 154, 159, 153, 155, 161, 160, 155, 160, 154, 157, 163, 162, 157, 162, 156, 158, 164, 163, 158, 163, 157, 159, 165, 164, 159, 164, 158, 160, 166, 165, 160, 165, 159, 161, 167, 166, 161, 166, 160, 163, 169, 168, 163, 168, 162, 164, 170, 169, 164, 169, 163, 165, 171, 170, 165, 170, 164, 166, 172, 171, 166, 171, 165, 167, 173, 172, 167, 172, 166, 169, 175, 174, 169, 174, 168, 170, 176, 175, 170, 175, 169, 171, 177, 176, 171, 176, 170, 172, 178, 177, 172, 177, 171, 173, 179, 178, 173, 178, 172, 180, 186, 187, 180, 187, 181, 181, 187, 188, 181, 188, 182, 182, 188, 189, 182, 189, 183, 183, 189, 190, 183, 190, 184, 184, 190, 191, 184, 191, 185, 186, 192, 193, 186, 193, 187, 187, 193, 194, 187, 194, 188, 188, 194, 195, 188, 195, 189, 189, 195, 196, 189, 196, 190, 190, 196, 197, 190, 197, 191, 192, 198, 199, 192, 199, 193, 193, 199, 200, 193, 200, 194, 194, 200, 201, 194, 201, 195, 195, 201, 202, 195, 202, 196, 196, 202, 203, 196, 203, 197, 198, 204, 205, 198, 205, 199, 199, 205, 206, 199, 206, 200, 200, 206, 207, 200, 207, 201, 201, 207, 208, 201, 208, 202, 202, 208, 209, 202, 209, 203, 204, 210, 211, 204, 211, 205, 205, 211, 212, 205, 212, 206, 206, 212, 213, 206, 213, 207, 207, 213, 214, 207, 214, 208, 208, 214, 215, 208, 215, 209]
            normal3f[] normals = [(-0.7745967, -0.4472136, -0.4472136), (-0.7668657, -0.5195657, -0.376787), (-0.8114213, -0.5844567, -0.002433628), (-0.8112421, -0.5847102, 0.0005043401), (-0.7900625, -0.5555967, 0.2590629), (-0.7071068, -0.5, 0.5), (-0.7668657, -0.376787, -0.5195657), (-0.8559572, -0.3656073, -0.3656073), (-0.8961345, -0.4437789, -0.001804751), (-0.945066, -0.3268773, 0.001211223), (-0.8844941, -0.3299016, 0.3299016), (-0.7900625, -0.2590629, 0.5555967), (-0.8118281, -0.008227935, -0.5838386), (-0.8973103, -0.00616946, -0.4413572), (-0.9999172, -0.01235679, -0.003578342), (-0.9999941, -0.003285339, 0.0009742281), (-0.9445719, -0.00416251, 0.3282781), (-0.8112409, -0.00174595, 0.5847094), (-0.8112409, 0.00174595, -0.5847094), (-0.9445719, 0.00416251, -0.3282781), (-0.9999941, 0.003285339, -0.0009742281), (-0.9999172, 0.01235679, 0.003578342), (-0.8973103, 0.00616946, 0.4413572), (-0.8118281, 0.008227935, 0.5838386), (-0.7900625, 0.2590629, -0.5555967), (-0.8844941, 0.3299016, -0.3299016), (-0.945066, 0.3268773, -0.001211223), (-0.8961345, 0.4437789, 0.001804751), (-0.8559572, 0.3656073, 0.3656073), (-0.7668657, 0.376787, 0.5195657), (-0.7071068, 0.5, -0.5), (-0.7900625, 0.5555967, -0.2590629), (-0.8112421, 0.5847102, -0.0005043401), (-0.8114213, 0.5844567, 0.002433628), (-0.7668657, 0.5195657, 0.376787), (-0.7745967, 0.4472136, 0.4472136), (0.7071068, -0.5, -0.5), (0.7900625, -0.5555967, -0.2590629), (0.8112421, -0.5847102, -0.0005043401), (0.8114213, -0.5844567, 0.002433628), (0.7668657, -0.5195657, 0.376787), (0.7745967, -0.4472136, 0.4472136), (0.7900625, -0.2590629, -0.5555967), (0.8844941, -0.3299016, -0.3299016), (0.945066, -0.3268773, -0.001211223), (0.8961345, -0.4437789, 0.001804751), (0.8559572, -0.3656073, 0.3656073), (0.7668657, -0.376787, 0.5195657), (0.8112409, -0.00174595, -0.5847094), (0.9445719, -0.00416251, -0.3282781), (0.9999941, -0.003285339, -0.0009742281), (0.9999172, -0.01235679, 0.003578342), (0.8973103, -0.00616946, 0.4413572), (0.8118281, -0.008227935, 0.5838386), (0.8118281, 0.008227935, -0.5838386), (0.8973103, 0.00616946, -0.4413572), (0.9999172, 0.01235679, -0.003578342), (0.9999941, 0.003285339, 0.0009742281), (0.9445719, 0.00416251, 0.3282781), (0.8112409, 0.00174595, 0.5847094), (0.7668657, 0.376787, -0.5195657), (0.8559572, 0.3656073, -0.3656073), (0.8961345, 0.4437789, -0.001804751), (0.945066, 0.3268773, 0.001211223), (0.8844941, 0.3299016, 0.3299016), (0.7900625, 0.2590629, 0.5555967), (0.7745967, 0.4472136, -0.4472136), (0.7668657, 0.5195657, -0.376787), (0.8114213, 0.5844567, -0.002433628), (0.8112421, 0.5847102, 0.0005043401), (0.7900625, 0.5555967, 0.2590629), (0.7071068, 0.5, 0.5), (-0.4472136, -0.7745967, -0.4472136), (-0.376787, -0.7668657, -0.5195657), (-0.01146393, -0.8120432, -0.5834848), (0.002465615, -0.8112397, -0.5847085), (0.2590629, -0.7900625, -0.5555967), (0.5, -0.7071068, -0.5), (-0.5195657, -0.7668657, -0.376787), (-0.3656073, -0.8559572, -0.3656073), (-0.008649511, -0.8979679, -0.439976), (0.005853503, -0.9442842, -0.3290792), (0.3299016, -0.8844941, -0.3299016), (0.5555967, -0.7900625, -0.2590629), (-0.5844567, -0.8114213, -0.002433628), (-0.4437789, -0.8961345, -0.001804751), (-0.01714868, -0.9998467, -0.003521607), (0.004632528, -0.9999888, -0.0009873517), (0.3268773, -0.945066, -0.001211223), (0.5847102, -0.8112421, -0.0005043401), (-0.5847102, -0.8112421, 0.0005043401), (-0.3268773, -0.945066, 0.001211223), (-0.004632528, -0.9999888, 0.0009873517), (0.01714868, -0.9998467, 0.003521607), (0.4437789, -0.8961345, 0.001804751), (0.5844567, -0.8114213, 0.002433628), (-0.5555967, -0.7900625, 0.2590629), (-0.3299016, -0.8844941, 0.3299016), (-0.005853503, -0.9442842, 0.3290792), (0.008649511, -0.8979679, 0.439976), (0.3656073, -0.8559572, 0.3656073), (0.5195657, -0.7668657, 0.376787), (-0.5, -0.7071068, 0.5), (-0.2590629, -0.7900625, 0.5555967), (-0.002465615, -0.8112397, 0.5847085), (0.01146393, -0.8120432, 0.5834848), (0.376787, -0.7668657, 0.5195657), (0.4472136, -0.7745967, 0.4472136), (-0.5, 0.7071068, -0.5), (-0.2590629, 0.7900625, -0.5555967), (-0.002465615, 0.8112397, -0.5847085), (0.01146393, 0.8120432, -0.5834848), (0.376787, 0.7668657, -0.5195657), (0.4472136, 0.7745967, -0.4472136), (-0.5555967, 0.7900625, -0.2590629), (-0.3299016, 0.8844941, -0.3299016), (-0.005853503, 0.9442842, -0.3290792), (0.008649511, 0.8979679, -0.439976), (0.3656073, 0.8559572, -0.3656073), (0.5195657, 0.7668657, -0.376787), (-0.5847102, 0.8112421, -0.0005043401), (-0.3268773, 0.945066, -0.001211223), (-0.004632528, 0.9999888, -0.0009873517), (0.01714868, 0.9998467, -0.003521607), (0.4437789, 0.8961345, -0.001804751), (0.5844567, 0.8114213, -0.002433628), (-0.5844567, 0.8114213, 0.002433628), (-0.4437789, 0.8961345, 0.001804751), (-0.01714868, 0.9998467, 0.003521607), (0.004632528, 0.9999888, 0.0009873517), (0.3268773, 0.945066, 0.001211223), (0.5847102, 0.8112421, 0.0005043401), (-0.5195657, 0.7668657, 0.376787), (-0.3656073, 0.8559572, 0.3656073), (-0.008649511, 0.8979679, 0.439976), (0.005853503, 0.9442842, 0.3290792), (0.3299016, 0.8844941, 0.3299016), (0.5555967, 0.7900625, 0.2590629), (-0.4472136, 0.7745967, 0.4472136), (-0.376787, 0.7668657, 0.5195657), (-0.01146393, 0.8120432, 0.5834848), (0.002465615, 0.8112397, 0.5847085), (0.2590629, 0.7900625, 0.5555967), (0.5, 0.7071068, 0.5), (-0.4472136, -0.4472136, -0.7745967), (-0.5195657, -0.376787, -0.7668657), (-0.5838386, -0.008227935, -0.8118281), (-0.5847094, 0.00174595, -0.8112409), (-0.5555967, 0.2590629, -0.7900625), (-0.5, 0.5, -0.7071068), (-0.376787, -0.5195657, -0.7668657), (-0.3656073, -0.3656073, -0.8559572), (-0.4413572, -0.00616946, -0.8973103), (-0.3282781, 0.00416251, -0.9445719), (-0.3299016, 0.3299016, -0.8844941), (-0.2590629, 0.5555967, -0.7900625), (-0.01146393, -0.5834848, -0.8120432), (-0.008649511, -0.439976, -0.8979679), (-0.01669823, -0.01184143, -0.9997905), (-0.004741335, 0.003407799, -0.999983), (-0.005853503, 0.3290792, -0.9442842), (-0.002465615, 0.5847085, -0.8112397), (0.002465615, -0.5847085, -0.8112397), (0.005853503, -0.3290792, -0.9442842), (0.004741335, -0.003407799, -0.999983), (0.01669823, 0.01184143, -0.9997905), (0.008649511, 0.439976, -0.8979679), (0.01146393, 0.5834848, -0.8120432), (0.2590629, -0.5555967, -0.7900625), (0.3299016, -0.3299016, -0.8844941), (0.3282781, -0.00416251, -0.9445719), (0.4413572, 0.00616946, -0.8973103), (0.3656073, 0.3656073, -0.8559572), (0.376787, 0.5195657, -0.7668657), (0.5, -0.5, -0.7071068), (0.5555967, -0.2590629, -0.7900625), (0.5847094, -0.00174595, -0.8112409), (0.5838386, 0.008227935, -0.8118281), (0.5195657, 0.376787, -0.7668657), (0.4472136, 0.4472136, -0.7745967), (-0.5, -0.5, 0.7071068), (-0.5555967, -0.2590629, 0.7900625), (-0.5847094, -0.00174595, 0.8112409), (-0.5838386, 0.008227935, 0.8118281), (-0.5195657, 0.376787, 0.7668657), (-0.4472136, 0.4472136, 0.7745967), (-0.2590629, -0.5555967, 0.7900625), (-0.3299016, -0.3299016, 0.8844941), (-0.3282781, -0.00416251, 0.9445719), (-0.4413572, 0.00616946, 0.8973103), (-0.3656073, 0.3656073, 0.8559572), (-0.376787, 0.5195657, 0.7668657), (-0.002465615, -0.5847085, 0.8112397), (-0.005853503, -0.3290792, 0.9442842), (-0.004741335, -0.003407799, 0.999983), (-0.01669823, 0.01184143, 0.9997905), (-0.008649511, 0.439976, 0.8979679), (-0.01146393, 0.5834848, 0.8120432), (0.01146393, -0.5834848, 0.8120432), (0.008649511, -0.439976, 0.8979679), (0.01669823, -0.01184143, 0.9997905), (0.004741335, 0.003407799, 0.999983), (0.005853503, 0.3290792, 0.9442842), (0.002465615, 0.5847085, 0.8112397), (0.376787, -0.5195657, 0.7668657), (0.3656073, -0.3656073, 0.8559572), (0.4413572, -0.00616946, 0.8973103), (0.3282781, 0.00416251, 0.9445719), (0.3299016, 0.3299016, 0.8844941), (0.2590629, 0.5555967, 0.7900625), (0.4472136, -0.4472136, 0.7745967), (0.5195657, -0.376787, 0.7668657), (0.5838386, -0.008227935, 0.8118281), (0.5847094, 0.00174595, 0.8112409), (0.5555967, 0.2590629, 0.7900625), (0.5, 0.5, 0.7071068)] (interpolation = "vertex")
            float3[] extent = [(0.001428125, -0.000336, 0.0031464), (0.001746875, 9.6e-05, 0.0045336)]
            rel material:binding = </WorkbenchPart/Materials/solder>
        }
        def Mesh "SMDEndTermination_06" (prepend apiSchemas = ["MaterialBindingAPI"])
        {
            uniform token subdivisionScheme = "none"
            uniform token orientation = "rightHanded"
            bool doubleSided = false
            point3f[] points = [(0.003013269, -0.0003258564, 0.003156544), (0.003011125, -0.000328, 0.0031624), (0.003010154, -0.0003289706, 0.0031704), (0.003010154, -0.0003289706, 0.0045096), (0.003011125, -0.000328, 0.0045176), (0.003013269, -0.0003258564, 0.004523456), (0.003011125, -0.00032, 0.0031544), (0.003007529, -0.000321798, 0.003160602), (0.003005659, -0.0003227331, 0.0031704), (0.003005659, -0.0003227331, 0.0045096), (0.003007529, -0.000321798, 0.004519398), (0.003011125, -0.00032, 0.0045256), (0.003010154, -0.000312, 0.003153429), (0.003005659, -0.000312, 0.003159667), (0.003003125, -0.000312, 0.0031704), (0.003003125, -0.000312, 0.0045096), (0.003005659, -0.000312, 0.004520333), (0.003010154, -0.000312, 0.004526571), (0.003010154, 7.2e-05, 0.003153429), (0.003005659, 7.2e-05, 0.003159667), (0.003003125, 7.2e-05, 0.0031704), (0.003003125, 7.2e-05, 0.0045096), (0.003005659, 7.2e-05, 0.004520333), (0.003010154, 7.2e-05, 0.004526571), (0.003011125, 8e-05, 0.0031544), (0.003007529, 8.179796e-05, 0.003160602), (0.003005659, 8.273313e-05, 0.0031704), (0.003005659, 8.273313e-05, 0.0045096), (0.003007529, 8.179796e-05, 0.004519398), (0.003011125, 8e-05, 0.0045256), (0.003013269, 8.585641e-05, 0.003156544), (0.003011125, 8.8e-05, 0.0031624), (0.003010154, 8.897056e-05, 0.0031704), (0.003010154, 8.897056e-05, 0.0045096), (0.003011125, 8.8e-05, 0.0045176), (0.003013269, 8.585641e-05, 0.004523456), (0.003311731, -0.0003258564, 0.003156544), (0.003313875, -0.000328, 0.0031624), (0.003314846, -0.0003289706, 0.0031704), (0.003314846, -0.0003289706, 0.0045096), (0.003313875, -0.000328, 0.0045176), (0.003311731, -0.0003258564, 0.004523456), (0.003313875, -0.00032, 0.0031544), (0.003317471, -0.000321798, 0.003160602), (0.003319341, -0.0003227331, 0.0031704), (0.003319341, -0.0003227331, 0.0045096), (0.003317471, -0.000321798, 0.004519398), (0.003313875, -0.00032, 0.0045256), (0.003314846, -0.000312, 0.003153429), (0.003319341, -0.000312, 0.003159667), (0.003321875, -0.000312, 0.0031704), (0.003321875, -0.000312, 0.0045096), (0.003319341, -0.000312, 0.004520333), (0.003314846, -0.000312, 0.004526571), (0.003314846, 7.2e-05, 0.003153429), (0.003319341, 7.2e-05, 0.003159667), (0.003321875, 7.2e-05, 0.0031704), (0.003321875, 7.2e-05, 0.0045096), (0.003319341, 7.2e-05, 0.004520333), (0.003314846, 7.2e-05, 0.004526571), (0.003313875, 8e-05, 0.0031544), (0.003317471, 8.179796e-05, 0.003160602), (0.003319341, 8.273313e-05, 0.0031704), (0.003319341, 8.273313e-05, 0.0045096), (0.003317471, 8.179796e-05, 0.004519398), (0.003313875, 8e-05, 0.0045256), (0.003311731, 8.585641e-05, 0.003156544), (0.003313875, 8.8e-05, 0.0031624), (0.003314846, 8.897056e-05, 0.0031704), (0.003314846, 8.897056e-05, 0.0045096), (0.003313875, 8.8e-05, 0.0045176), (0.003311731, 8.585641e-05, 0.004523456), (0.003013269, -0.0003258564, 0.003156544), (0.003019125, -0.000328, 0.0031544), (0.003027125, -0.0003289706, 0.003153429), (0.003297875, -0.0003289706, 0.003153429), (0.003305875, -0.000328, 0.0031544), (0.003311731, -0.0003258564, 0.003156544), (0.003011125, -0.000328, 0.0031624), (0.003017327, -0.0003315959, 0.003160602), (0.003027125, -0.0003334663, 0.003159667), (0.003297875, -0.0003334663, 0.003159667), (0.003307673, -0.0003315959, 0.003160602), (0.003313875, -0.000328, 0.0031624), (0.003010154, -0.0003289706, 0.0031704), (0.003016392, -0.0003334663, 0.0031704), (0.003027125, -0.000336, 0.0031704), (0.003297875, -0.000336, 0.0031704), (0.003308608, -0.0003334663, 0.0031704), (0.003314846, -0.0003289706, 0.0031704), (0.003010154, -0.0003289706, 0.0045096), (0.003016392, -0.0003334663, 0.0045096), (0.003027125, -0.000336, 0.0045096), (0.003297875, -0.000336, 0.0045096), (0.003308608, -0.0003334663, 0.0045096), (0.003314846, -0.0003289706, 0.0045096), (0.003011125, -0.000328, 0.0045176), (0.003017327, -0.0003315959, 0.004519398), (0.003027125, -0.0003334663, 0.004520333), (0.003297875, -0.0003334663, 0.004520333), (0.003307673, -0.0003315959, 0.004519398), (0.003313875, -0.000328, 0.0045176), (0.003013269, -0.0003258564, 0.004523456), (0.003019125, -0.000328, 0.0045256), (0.003027125, -0.0003289706, 0.004526571), (0.003297875, -0.0003289706, 0.004526571), (0.003305875, -0.000328, 0.0045256), (0.003311731, -0.0003258564, 0.004523456), (0.003013269, 8.585641e-05, 0.003156544), (0.003019125, 8.8e-05, 0.0031544), (0.003027125, 8.897056e-05, 0.003153429), (0.003297875, 8.897056e-05, 0.003153429), (0.003305875, 8.8e-05, 0.0031544), (0.003311731, 8.585641e-05, 0.003156544), (0.003011125, 8.8e-05, 0.0031624), (0.003017327, 9.159592e-05, 0.003160602), (0.003027125, 9.346625e-05, 0.003159667), (0.003297875, 9.346625e-05, 0.003159667), (0.003307673, 9.159592e-05, 0.003160602), (0.003313875, 8.8e-05, 0.0031624), (0.003010154, 8.897056e-05, 0.0031704), (0.003016392, 9.346625e-05, 0.0031704), (0.003027125, 9.6e-05, 0.0031704), (0.003297875, 9.6e-05, 0.0031704), (0.003308608, 9.346625e-05, 0.0031704), (0.003314846, 8.897056e-05, 0.0031704), (0.003010154, 8.897056e-05, 0.0045096), (0.003016392, 9.346625e-05, 0.0045096), (0.003027125, 9.6e-05, 0.0045096), (0.003297875, 9.6e-05, 0.0045096), (0.003308608, 9.346625e-05, 0.0045096), (0.003314846, 8.897056e-05, 0.0045096), (0.003011125, 8.8e-05, 0.0045176), (0.003017327, 9.159592e-05, 0.004519398), (0.003027125, 9.346625e-05, 0.004520333), (0.003297875, 9.346625e-05, 0.004520333), (0.003307673, 9.159592e-05, 0.004519398), (0.003313875, 8.8e-05, 0.0045176), (0.003013269, 8.585641e-05, 0.004523456), (0.003019125, 8.8e-05, 0.0045256), (0.003027125, 8.897056e-05, 0.004526571), (0.003297875, 8.897056e-05, 0.004526571), (0.003305875, 8.8e-05, 0.0045256), (0.003311731, 8.585641e-05, 0.004523456), (0.003013269, -0.0003258564, 0.003156544), (0.003011125, -0.00032, 0.0031544), (0.003010154, -0.000312, 0.003153429), (0.003010154, 7.2e-05, 0.003153429), (0.003011125, 8e-05, 0.0031544), (0.003013269, 8.585641e-05, 0.003156544), (0.003019125, -0.000328, 0.0031544), (0.003017327, -0.000321798, 0.003150804), (0.003016392, -0.000312, 0.003148934), (0.003016392, 7.2e-05, 0.003148934), (0.003017327, 8.179796e-05, 0.003150804), (0.003019125, 8.8e-05, 0.0031544), (0.003027125, -0.0003289706, 0.003153429), (0.003027125, -0.0003227331, 0.003148934), (0.003027125, -0.000312, 0.0031464), (0.003027125, 7.2e-05, 0.0031464), (0.003027125, 8.273313e-05, 0.003148934), (0.003027125, 8.897056e-05, 0.003153429), (0.003297875, -0.0003289706, 0.003153429), (0.003297875, -0.0003227331, 0.003148934), (0.003297875, -0.000312, 0.0031464), (0.003297875, 7.2e-05, 0.0031464), (0.003297875, 8.273313e-05, 0.003148934), (0.003297875, 8.897056e-05, 0.003153429), (0.003305875, -0.000328, 0.0031544), (0.003307673, -0.000321798, 0.003150804), (0.003308608, -0.000312, 0.003148934), (0.003308608, 7.2e-05, 0.003148934), (0.003307673, 8.179796e-05, 0.003150804), (0.003305875, 8.8e-05, 0.0031544), (0.003311731, -0.0003258564, 0.003156544), (0.003313875, -0.00032, 0.0031544), (0.003314846, -0.000312, 0.003153429), (0.003314846, 7.2e-05, 0.003153429), (0.003313875, 8e-05, 0.0031544), (0.003311731, 8.585641e-05, 0.003156544), (0.003013269, -0.0003258564, 0.004523456), (0.003011125, -0.00032, 0.0045256), (0.003010154, -0.000312, 0.004526571), (0.003010154, 7.2e-05, 0.004526571), (0.003011125, 8e-05, 0.0045256), (0.003013269, 8.585641e-05, 0.004523456), (0.003019125, -0.000328, 0.0045256), (0.003017327, -0.000321798, 0.004529196), (0.003016392, -0.000312, 0.004531066), (0.003016392, 7.2e-05, 0.004531066), (0.003017327, 8.179796e-05, 0.004529196), (0.003019125, 8.8e-05, 0.0045256), (0.003027125, -0.0003289706, 0.004526571), (0.003027125, -0.0003227331, 0.004531066), (0.003027125, -0.000312, 0.0045336), (0.003027125, 7.2e-05, 0.0045336), (0.003027125, 8.273313e-05, 0.004531066), (0.003027125, 8.897056e-05, 0.004526571), (0.003297875, -0.0003289706, 0.004526571), (0.003297875, -0.0003227331, 0.004531066), (0.003297875, -0.000312, 0.0045336), (0.003297875, 7.2e-05, 0.0045336), (0.003297875, 8.273313e-05, 0.004531066), (0.003297875, 8.897056e-05, 0.004526571), (0.003305875, -0.000328, 0.0045256), (0.003307673, -0.000321798, 0.004529196), (0.003308608, -0.000312, 0.004531066), (0.003308608, 7.2e-05, 0.004531066), (0.003307673, 8.179796e-05, 0.004529196), (0.003305875, 8.8e-05, 0.0045256), (0.003311731, -0.0003258564, 0.004523456), (0.003313875, -0.00032, 0.0045256), (0.003314846, -0.000312, 0.004526571), (0.003314846, 7.2e-05, 0.004526571), (0.003313875, 8e-05, 0.0045256), (0.003311731, 8.585641e-05, 0.004523456)]
            int[] faceVertexCounts = [3, 3, 3, 3, 3, 3, 3, 3, 3, 3, 3, 3, 3, 3, 3, 3, 3, 3, 3, 3, 3, 3, 3, 3, 3, 3, 3, 3, 3, 3, 3, 3, 3, 3, 3, 3, 3, 3, 3, 3, 3, 3, 3, 3, 3, 3, 3, 3, 3, 3, 3, 3, 3, 3, 3, 3, 3, 3, 3, 3, 3, 3, 3, 3, 3, 3, 3, 3, 3, 3, 3, 3, 3, 3, 3, 3, 3, 3, 3, 3, 3, 3, 3, 3, 3, 3, 3, 3, 3, 3, 3, 3, 3, 3, 3, 3, 3, 3, 3, 3, 3, 3, 3, 3, 3, 3, 3, 3, 3, 3, 3, 3, 3, 3, 3, 3, 3, 3, 3, 3, 3, 3, 3, 3, 3, 3, 3, 3, 3, 3, 3, 3, 3, 3, 3, 3, 3, 3, 3, 3, 3, 3, 3, 3, 3, 3, 3, 3, 3, 3, 3, 3, 3, 3, 3, 3, 3, 3, 3, 3, 3, 3, 3, 3, 3, 3, 3, 3, 3, 3, 3, 3, 3, 3, 3, 3, 3, 3, 3, 3, 3, 3, 3, 3, 3, 3, 3, 3, 3, 3, 3, 3, 3, 3, 3, 3, 3, 3, 3, 3, 3, 3, 3, 3, 3, 3, 3, 3, 3, 3, 3, 3, 3, 3, 3, 3, 3, 3, 3, 3, 3, 3, 3, 3, 3, 3, 3, 3, 3, 3, 3, 3, 3, 3, 3, 3, 3, 3, 3, 3, 3, 3, 3, 3, 3, 3, 3, 3, 3, 3, 3, 3, 3, 3, 3, 3, 3, 3, 3, 3, 3, 3, 3, 3, 3, 3, 3, 3, 3, 3, 3, 3, 3, 3, 3, 3, 3, 3, 3, 3, 3, 3, 3, 3, 3, 3, 3, 3, 3, 3, 3, 3, 3, 3, 3, 3, 3, 3, 3, 3]
            int[] faceVertexIndices = [1, 7, 6, 1, 6, 0, 2, 8, 7, 2, 7, 1, 3, 9, 8, 3, 8, 2, 4, 10, 9, 4, 9, 3, 5, 11, 10, 5, 10, 4, 7, 13, 12, 7, 12, 6, 8, 14, 13, 8, 13, 7, 9, 15, 14, 9, 14, 8, 10, 16, 15, 10, 15, 9, 11, 17, 16, 11, 16, 10, 13, 19, 18, 13, 18, 12, 14, 20, 19, 14, 19, 13, 15, 21, 20, 15, 20, 14, 16, 22, 21, 16, 21, 15, 17, 23, 22, 17, 22, 16, 19, 25, 24, 19, 24, 18, 20, 26, 25, 20, 25, 19, 21, 27, 26, 21, 26, 20, 22, 28, 27, 22, 27, 21, 23, 29, 28, 23, 28, 22, 25, 31, 30, 25, 30, 24, 26, 32, 31, 26, 31, 25, 27, 33, 32, 27, 32, 26, 28, 34, 33, 28, 33, 27, 29, 35, 34, 29, 34, 28, 36, 42, 43, 36, 43, 37, 37, 43, 44, 37, 44, 38, 38, 44, 45, 38, 45, 39, 39, 45, 46, 39, 46, 40, 40, 46, 47, 40, 47, 41, 42, 48, 49, 42, 49, 43, 43, 49, 50, 43, 50, 44, 44, 50, 51, 44, 51, 45, 45, 51, 52, 45, 52, 46, 46, 52, 53, 46, 53, 47, 48, 54, 55, 48, 55, 49, 49, 55, 56, 49, 56, 50, 50, 56, 57, 50, 57, 51, 51, 57, 58, 51, 58, 52, 52, 58, 59, 52, 59, 53, 54, 60, 61, 54, 61, 55, 55, 61, 62, 55, 62, 56, 56, 62, 63, 56, 63, 57, 57, 63, 64, 57, 64, 58, 58, 64, 65, 58, 65, 59, 60, 66, 67, 60, 67, 61, 61, 67, 68, 61, 68, 62, 62, 68, 69, 62, 69, 63, 63, 69, 70, 63, 70, 64, 64, 70, 71, 64, 71, 65, 73, 79, 78, 73, 78, 72, 74, 80, 79, 74, 79, 73, 75, 81, 80, 75, 80, 74, 76, 82, 81, 76, 81, 75, 77, 83, 82, 77, 82, 76, 79, 85, 84, 79, 84, 78, 80, 86, 85, 80, 85, 79, 81, 87, 86, 81, 86, 80, 82, 88, 87, 82, 87, 81, 83, 89, 88, 83, 88, 82, 85, 91, 90, 85, 90, 84, 86, 92, 91, 86, 91, 85, 87, 93, 92, 87, 92, 86, 88, 94, 93, 88, 93, 87, 89, 95, 94, 89, 94, 88, 91, 97, 96, 91, 96, 90, 92, 98, 97, 92, 97, 91, 93, 99, 98, 93, 98, 92, 94, 100, 99, 94, 99, 93, 95, 101, 100, 95, 100, 94, 97, 103, 102, 97, 102, 96, 98, 104, 103, 98, 103, 97, 99, 105, 104, 99, 104, 98, 100, 106, 105, 100, 105, 99, 101, 107, 106, 101, 106, 100, 108, 114, 115, 108, 115, 109, 109, 115, 116, 109, 116, 110, 110, 116, 117, 110, 117, 111, 111, 117, 118, 111, 118, 112, 112, 118, 119, 112, 119, 113, 114, 120, 121, 114, 121, 115, 115, 121, 122, 115, 122, 116, 116, 122, 123, 116, 123, 117, 117, 123, 124, 117, 124, 118, 118, 124, 125, 118, 125, 119, 120, 126, 127, 120, 127, 121, 121, 127, 128, 121, 128, 122, 122, 128, 129, 122, 129, 123, 123, 129, 130, 123, 130, 124, 124, 130, 131, 124, 131, 125, 126, 132, 133, 126, 133, 127, 127, 133, 134, 127, 134, 128, 128, 134, 135, 128, 135, 129, 129, 135, 136, 129, 136, 130, 130, 136, 137, 130, 137, 131, 132, 138, 139, 132, 139, 133, 133, 139, 140, 133, 140, 134, 134, 140, 141, 134, 141, 135, 135, 141, 142, 135, 142, 136, 136, 142, 143, 136, 143, 137, 145, 151, 150, 145, 150, 144, 146, 152, 151, 146, 151, 145, 147, 153, 152, 147, 152, 146, 148, 154, 153, 148, 153, 147, 149, 155, 154, 149, 154, 148, 151, 157, 156, 151, 156, 150, 152, 158, 157, 152, 157, 151, 153, 159, 158, 153, 158, 152, 154, 160, 159, 154, 159, 153, 155, 161, 160, 155, 160, 154, 157, 163, 162, 157, 162, 156, 158, 164, 163, 158, 163, 157, 159, 165, 164, 159, 164, 158, 160, 166, 165, 160, 165, 159, 161, 167, 166, 161, 166, 160, 163, 169, 168, 163, 168, 162, 164, 170, 169, 164, 169, 163, 165, 171, 170, 165, 170, 164, 166, 172, 171, 166, 171, 165, 167, 173, 172, 167, 172, 166, 169, 175, 174, 169, 174, 168, 170, 176, 175, 170, 175, 169, 171, 177, 176, 171, 176, 170, 172, 178, 177, 172, 177, 171, 173, 179, 178, 173, 178, 172, 180, 186, 187, 180, 187, 181, 181, 187, 188, 181, 188, 182, 182, 188, 189, 182, 189, 183, 183, 189, 190, 183, 190, 184, 184, 190, 191, 184, 191, 185, 186, 192, 193, 186, 193, 187, 187, 193, 194, 187, 194, 188, 188, 194, 195, 188, 195, 189, 189, 195, 196, 189, 196, 190, 190, 196, 197, 190, 197, 191, 192, 198, 199, 192, 199, 193, 193, 199, 200, 193, 200, 194, 194, 200, 201, 194, 201, 195, 195, 201, 202, 195, 202, 196, 196, 202, 203, 196, 203, 197, 198, 204, 205, 198, 205, 199, 199, 205, 206, 199, 206, 200, 200, 206, 207, 200, 207, 201, 201, 207, 208, 201, 208, 202, 202, 208, 209, 202, 209, 203, 204, 210, 211, 204, 211, 205, 205, 211, 212, 205, 212, 206, 206, 212, 213, 206, 213, 207, 207, 213, 214, 207, 214, 208, 208, 214, 215, 208, 215, 209]
            normal3f[] normals = [(-0.7745967, -0.4472136, -0.4472136), (-0.7668657, -0.5195657, -0.376787), (-0.8114213, -0.5844567, -0.002433628), (-0.8112421, -0.5847102, 0.0005043401), (-0.7900625, -0.5555967, 0.2590629), (-0.7071068, -0.5, 0.5), (-0.7668657, -0.376787, -0.5195657), (-0.8559572, -0.3656073, -0.3656073), (-0.8961345, -0.4437789, -0.001804751), (-0.945066, -0.3268773, 0.001211223), (-0.8844941, -0.3299016, 0.3299016), (-0.7900625, -0.2590629, 0.5555967), (-0.8118281, -0.008227935, -0.5838386), (-0.8973103, -0.00616946, -0.4413572), (-0.9999172, -0.01235679, -0.003578342), (-0.9999941, -0.003285339, 0.0009742281), (-0.9445719, -0.00416251, 0.3282781), (-0.8112409, -0.00174595, 0.5847094), (-0.8112409, 0.00174595, -0.5847094), (-0.9445719, 0.00416251, -0.3282781), (-0.9999941, 0.003285339, -0.0009742281), (-0.9999172, 0.01235679, 0.003578342), (-0.8973103, 0.00616946, 0.4413572), (-0.8118281, 0.008227935, 0.5838386), (-0.7900625, 0.2590629, -0.5555967), (-0.8844941, 0.3299016, -0.3299016), (-0.945066, 0.3268773, -0.001211223), (-0.8961345, 0.4437789, 0.001804751), (-0.8559572, 0.3656073, 0.3656073), (-0.7668657, 0.376787, 0.5195657), (-0.7071068, 0.5, -0.5), (-0.7900625, 0.5555967, -0.2590629), (-0.8112421, 0.5847102, -0.0005043401), (-0.8114213, 0.5844567, 0.002433628), (-0.7668657, 0.5195657, 0.376787), (-0.7745967, 0.4472136, 0.4472136), (0.7071068, -0.5, -0.5), (0.7900625, -0.5555967, -0.2590629), (0.8112421, -0.5847102, -0.0005043401), (0.8114213, -0.5844567, 0.002433628), (0.7668657, -0.5195657, 0.376787), (0.7745967, -0.4472136, 0.4472136), (0.7900625, -0.2590629, -0.5555967), (0.8844941, -0.3299016, -0.3299016), (0.945066, -0.3268773, -0.001211223), (0.8961345, -0.4437789, 0.001804751), (0.8559572, -0.3656073, 0.3656073), (0.7668657, -0.376787, 0.5195657), (0.8112409, -0.00174595, -0.5847094), (0.9445719, -0.00416251, -0.3282781), (0.9999941, -0.003285339, -0.0009742281), (0.9999172, -0.01235679, 0.003578342), (0.8973103, -0.00616946, 0.4413572), (0.8118281, -0.008227935, 0.5838386), (0.8118281, 0.008227935, -0.5838386), (0.8973103, 0.00616946, -0.4413572), (0.9999172, 0.01235679, -0.003578342), (0.9999941, 0.003285339, 0.0009742281), (0.9445719, 0.00416251, 0.3282781), (0.8112409, 0.00174595, 0.5847094), (0.7668657, 0.376787, -0.5195657), (0.8559572, 0.3656073, -0.3656073), (0.8961345, 0.4437789, -0.001804751), (0.945066, 0.3268773, 0.001211223), (0.8844941, 0.3299016, 0.3299016), (0.7900625, 0.2590629, 0.5555967), (0.7745967, 0.4472136, -0.4472136), (0.7668657, 0.5195657, -0.376787), (0.8114213, 0.5844567, -0.002433628), (0.8112421, 0.5847102, 0.0005043401), (0.7900625, 0.5555967, 0.2590629), (0.7071068, 0.5, 0.5), (-0.4472136, -0.7745967, -0.4472136), (-0.376787, -0.7668657, -0.5195657), (-0.01146393, -0.8120432, -0.5834848), (0.002465615, -0.8112397, -0.5847085), (0.2590629, -0.7900625, -0.5555967), (0.5, -0.7071068, -0.5), (-0.5195657, -0.7668657, -0.376787), (-0.3656073, -0.8559572, -0.3656073), (-0.008649511, -0.8979679, -0.439976), (0.005853503, -0.9442842, -0.3290792), (0.3299016, -0.8844941, -0.3299016), (0.5555967, -0.7900625, -0.2590629), (-0.5844567, -0.8114213, -0.002433628), (-0.4437789, -0.8961345, -0.001804751), (-0.01714868, -0.9998467, -0.003521607), (0.004632528, -0.9999888, -0.0009873517), (0.3268773, -0.945066, -0.001211223), (0.5847102, -0.8112421, -0.0005043401), (-0.5847102, -0.8112421, 0.0005043401), (-0.3268773, -0.945066, 0.001211223), (-0.004632528, -0.9999888, 0.0009873517), (0.01714868, -0.9998467, 0.003521607), (0.4437789, -0.8961345, 0.001804751), (0.5844567, -0.8114213, 0.002433628), (-0.5555967, -0.7900625, 0.2590629), (-0.3299016, -0.8844941, 0.3299016), (-0.005853503, -0.9442842, 0.3290792), (0.008649511, -0.8979679, 0.439976), (0.3656073, -0.8559572, 0.3656073), (0.5195657, -0.7668657, 0.376787), (-0.5, -0.7071068, 0.5), (-0.2590629, -0.7900625, 0.5555967), (-0.002465615, -0.8112397, 0.5847085), (0.01146393, -0.8120432, 0.5834848), (0.376787, -0.7668657, 0.5195657), (0.4472136, -0.7745967, 0.4472136), (-0.5, 0.7071068, -0.5), (-0.2590629, 0.7900625, -0.5555967), (-0.002465615, 0.8112397, -0.5847085), (0.01146393, 0.8120432, -0.5834848), (0.376787, 0.7668657, -0.5195657), (0.4472136, 0.7745967, -0.4472136), (-0.5555967, 0.7900625, -0.2590629), (-0.3299016, 0.8844941, -0.3299016), (-0.005853503, 0.9442842, -0.3290792), (0.008649511, 0.8979679, -0.439976), (0.3656073, 0.8559572, -0.3656073), (0.5195657, 0.7668657, -0.376787), (-0.5847102, 0.8112421, -0.0005043401), (-0.3268773, 0.945066, -0.001211223), (-0.004632528, 0.9999888, -0.0009873517), (0.01714868, 0.9998467, -0.003521607), (0.4437789, 0.8961345, -0.001804751), (0.5844567, 0.8114213, -0.002433628), (-0.5844567, 0.8114213, 0.002433628), (-0.4437789, 0.8961345, 0.001804751), (-0.01714868, 0.9998467, 0.003521607), (0.004632528, 0.9999888, 0.0009873517), (0.3268773, 0.945066, 0.001211223), (0.5847102, 0.8112421, 0.0005043401), (-0.5195657, 0.7668657, 0.376787), (-0.3656073, 0.8559572, 0.3656073), (-0.008649511, 0.8979679, 0.439976), (0.005853503, 0.9442842, 0.3290792), (0.3299016, 0.8844941, 0.3299016), (0.5555967, 0.7900625, 0.2590629), (-0.4472136, 0.7745967, 0.4472136), (-0.376787, 0.7668657, 0.5195657), (-0.01146393, 0.8120432, 0.5834848), (0.002465615, 0.8112397, 0.5847085), (0.2590629, 0.7900625, 0.5555967), (0.5, 0.7071068, 0.5), (-0.4472136, -0.4472136, -0.7745967), (-0.5195657, -0.376787, -0.7668657), (-0.5838386, -0.008227935, -0.8118281), (-0.5847094, 0.00174595, -0.8112409), (-0.5555967, 0.2590629, -0.7900625), (-0.5, 0.5, -0.7071068), (-0.376787, -0.5195657, -0.7668657), (-0.3656073, -0.3656073, -0.8559572), (-0.4413572, -0.00616946, -0.8973103), (-0.3282781, 0.00416251, -0.9445719), (-0.3299016, 0.3299016, -0.8844941), (-0.2590629, 0.5555967, -0.7900625), (-0.01146393, -0.5834848, -0.8120432), (-0.008649511, -0.439976, -0.8979679), (-0.01669823, -0.01184143, -0.9997905), (-0.004741335, 0.003407799, -0.999983), (-0.005853503, 0.3290792, -0.9442842), (-0.002465615, 0.5847085, -0.8112397), (0.002465615, -0.5847085, -0.8112397), (0.005853503, -0.3290792, -0.9442842), (0.004741335, -0.003407799, -0.999983), (0.01669823, 0.01184143, -0.9997905), (0.008649511, 0.439976, -0.8979679), (0.01146393, 0.5834848, -0.8120432), (0.2590629, -0.5555967, -0.7900625), (0.3299016, -0.3299016, -0.8844941), (0.3282781, -0.00416251, -0.9445719), (0.4413572, 0.00616946, -0.8973103), (0.3656073, 0.3656073, -0.8559572), (0.376787, 0.5195657, -0.7668657), (0.5, -0.5, -0.7071068), (0.5555967, -0.2590629, -0.7900625), (0.5847094, -0.00174595, -0.8112409), (0.5838386, 0.008227935, -0.8118281), (0.5195657, 0.376787, -0.7668657), (0.4472136, 0.4472136, -0.7745967), (-0.5, -0.5, 0.7071068), (-0.5555967, -0.2590629, 0.7900625), (-0.5847094, -0.00174595, 0.8112409), (-0.5838386, 0.008227935, 0.8118281), (-0.5195657, 0.376787, 0.7668657), (-0.4472136, 0.4472136, 0.7745967), (-0.2590629, -0.5555967, 0.7900625), (-0.3299016, -0.3299016, 0.8844941), (-0.3282781, -0.00416251, 0.9445719), (-0.4413572, 0.00616946, 0.8973103), (-0.3656073, 0.3656073, 0.8559572), (-0.376787, 0.5195657, 0.7668657), (-0.002465615, -0.5847085, 0.8112397), (-0.005853503, -0.3290792, 0.9442842), (-0.004741335, -0.003407799, 0.999983), (-0.01669823, 0.01184143, 0.9997905), (-0.008649511, 0.439976, 0.8979679), (-0.01146393, 0.5834848, 0.8120432), (0.01146393, -0.5834848, 0.8120432), (0.008649511, -0.439976, 0.8979679), (0.01669823, -0.01184143, 0.9997905), (0.004741335, 0.003407799, 0.999983), (0.005853503, 0.3290792, 0.9442842), (0.002465615, 0.5847085, 0.8112397), (0.376787, -0.5195657, 0.7668657), (0.3656073, -0.3656073, 0.8559572), (0.4413572, -0.00616946, 0.8973103), (0.3282781, 0.00416251, 0.9445719), (0.3299016, 0.3299016, 0.8844941), (0.2590629, 0.5555967, 0.7900625), (0.4472136, -0.4472136, 0.7745967), (0.5195657, -0.376787, 0.7668657), (0.5838386, -0.008227935, 0.8118281), (0.5847094, 0.00174595, 0.8112409), (0.5555967, 0.2590629, 0.7900625), (0.5, 0.5, 0.7071068)] (interpolation = "vertex")
            float3[] extent = [(0.003003125, -0.000336, 0.0031464), (0.003321875, 9.6e-05, 0.0045336)]
            rel material:binding = </WorkbenchPart/Materials/solder>
        }
        def Mesh "SignalPad_04" (prepend apiSchemas = ["MaterialBindingAPI"])
        {
            uniform token subdivisionScheme = "none"
            uniform token orientation = "rightHanded"
            bool doubleSided = false
            point3f[] points = [(0.005952715, -0.0004207846, 0.006495215), (0.0059495, -0.000424, 0.006504), (0.005948044, -0.0004254558, 0.006516), (0.005948044, -0.0004254558, 0.007564), (0.0059495, -0.000424, 0.007576), (0.005952715, -0.0004207846, 0.007584785), (0.0059495, -0.000412, 0.006492), (0.005944106, -0.0004146969, 0.006501303), (0.005941301, -0.0004160997, 0.006516), (0.005941301, -0.0004160997, 0.007564), (0.005944106, -0.0004146969, 0.007578697), (0.0059495, -0.000412, 0.007588), (0.005948044, -0.0004, 0.006490544), (0.005941301, -0.0004, 0.0064999), (0.0059375, -0.0004, 0.006516), (0.0059375, -0.0004, 0.007564), (0.005941301, -0.0004, 0.0075801), (0.005948044, -0.0004, 0.007589456), (0.005948044, -0.000392, 0.006490544), (0.005941301, -0.000392, 0.0064999), (0.0059375, -0.000392, 0.006516), (0.0059375, -0.000392, 0.007564), (0.005941301, -0.000392, 0.0075801), (0.005948044, -0.000392, 0.007589456), (0.0059495, -0.00038, 0.006492), (0.005944106, -0.0003773031, 0.006501303), (0.005941301, -0.0003759003, 0.006516), (0.005941301, -0.0003759003, 0.007564), (0.005944106, -0.0003773031, 0.007578697), (0.0059495, -0.00038, 0.007588), (0.005952715, -0.0003712154, 0.006495215), (0.0059495, -0.000368, 0.006504), (0.005948044, -0.0003665442, 0.006516), (0.005948044, -0.0003665442, 0.007564), (0.0059495, -0.000368, 0.007576), (0.005952715, -0.0003712154, 0.007584785), (0.008297285, -0.0004207846, 0.006495215), (0.0083005, -0.000424, 0.006504), (0.008301956, -0.0004254558, 0.006516), (0.008301956, -0.0004254558, 0.007564), (0.0083005, -0.000424, 0.007576), (0.008297285, -0.0004207846, 0.007584785), (0.0083005, -0.000412, 0.006492), (0.008305894, -0.0004146969, 0.006501303), (0.008308699, -0.0004160997, 0.006516), (0.008308699, -0.0004160997, 0.007564), (0.008305894, -0.0004146969, 0.007578697), (0.0083005, -0.000412, 0.007588), (0.008301956, -0.0004, 0.006490544), (0.008308699, -0.0004, 0.0064999), (0.0083125, -0.0004, 0.006516), (0.0083125, -0.0004, 0.007564), (0.008308699, -0.0004, 0.0075801), (0.008301956, -0.0004, 0.007589456), (0.008301956, -0.000392, 0.006490544), (0.008308699, -0.000392, 0.0064999), (0.0083125, -0.000392, 0.006516), (0.0083125, -0.000392, 0.007564), (0.008308699, -0.000392, 0.0075801), (0.008301956, -0.000392, 0.007589456), (0.0083005, -0.00038, 0.006492), (0.008305894, -0.0003773031, 0.006501303), (0.008308699, -0.0003759003, 0.006516), (0.008308699, -0.0003759003, 0.007564), (0.008305894, -0.0003773031, 0.007578697), (0.0083005, -0.00038, 0.007588), (0.008297285, -0.0003712154, 0.006495215), (0.0083005, -0.000368, 0.006504), (0.008301956, -0.0003665442, 0.006516), (0.008301956, -0.0003665442, 0.007564), (0.0083005, -0.000368, 0.007576), (0.008297285, -0.0003712154, 0.007584785), (0.005952715, -0.0004207846, 0.006495215), (0.0059615, -0.000424, 0.006492), (0.0059735, -0.0004254558, 0.006490544), (0.0082765, -0.0004254558, 0.006490544), (0.0082885, -0.000424, 0.006492), (0.008297285, -0.0004207846, 0.006495215), (0.0059495, -0.000424, 0.006504), (0.005958803, -0.0004293939, 0.006501303), (0.0059735, -0.0004321994, 0.0064999), (0.0082765, -0.0004321994, 0.0064999), (0.008291197, -0.0004293939, 0.006501303), (0.0083005, -0.000424, 0.006504), (0.005948044, -0.0004254558, 0.006516), (0.0059574, -0.0004321994, 0.006516), (0.0059735, -0.000436, 0.006516), (0.0082765, -0.000436, 0.006516), (0.0082926, -0.0004321994, 0.006516), (0.008301956, -0.0004254558, 0.006516), (0.005948044, -0.0004254558, 0.007564), (0.0059574, -0.0004321994, 0.007564), (0.0059735, -0.000436, 0.007564), (0.0082765, -0.000436, 0.007564), (0.0082926, -0.0004321994, 0.007564), (0.008301956, -0.0004254558, 0.007564), (0.0059495, -0.000424, 0.007576), (0.005958803, -0.0004293939, 0.007578697), (0.0059735, -0.0004321994, 0.0075801), (0.0082765, -0.0004321994, 0.0075801), (0.008291197, -0.0004293939, 0.007578697), (0.0083005, -0.000424, 0.007576), (0.005952715, -0.0004207846, 0.007584785), (0.0059615, -0.000424, 0.007588), (0.0059735, -0.0004254558, 0.007589456), (0.0082765, -0.0004254558, 0.007589456), (0.0082885, -0.000424, 0.007588), (0.008297285, -0.0004207846, 0.007584785), (0.005952715, -0.0003712154, 0.006495215), (0.0059615, -0.000368, 0.006492), (0.0059735, -0.0003665442, 0.006490544), (0.0082765, -0.0003665442, 0.006490544), (0.0082885, -0.000368, 0.006492), (0.008297285, -0.0003712154, 0.006495215), (0.0059495, -0.000368, 0.006504), (0.005958803, -0.0003626061, 0.006501303), (0.0059735, -0.0003598006, 0.0064999), (0.0082765, -0.0003598006, 0.0064999), (0.008291197, -0.0003626061, 0.006501303), (0.0083005, -0.000368, 0.006504), (0.005948044, -0.0003665442, 0.006516), (0.0059574, -0.0003598006, 0.006516), (0.0059735, -0.000356, 0.006516), (0.0082765, -0.000356, 0.006516), (0.0082926, -0.0003598006, 0.006516), (0.008301956, -0.0003665442, 0.006516), (0.005948044, -0.0003665442, 0.007564), (0.0059574, -0.0003598006, 0.007564), (0.0059735, -0.000356, 0.007564), (0.0082765, -0.000356, 0.007564), (0.0082926, -0.0003598006, 0.007564), (0.008301956, -0.0003665442, 0.007564), (0.0059495, -0.000368, 0.007576), (0.005958803, -0.0003626061, 0.007578697), (0.0059735, -0.0003598006, 0.0075801), (0.0082765, -0.0003598006, 0.0075801), (0.008291197, -0.0003626061, 0.007578697), (0.0083005, -0.000368, 0.007576), (0.005952715, -0.0003712154, 0.007584785), (0.0059615, -0.000368, 0.007588), (0.0059735, -0.0003665442, 0.007589456), (0.0082765, -0.0003665442, 0.007589456), (0.0082885, -0.000368, 0.007588), (0.008297285, -0.0003712154, 0.007584785), (0.005952715, -0.0004207846, 0.006495215), (0.0059495, -0.000412, 0.006492), (0.005948044, -0.0004, 0.006490544), (0.005948044, -0.000392, 0.006490544), (0.0059495, -0.00038, 0.006492), (0.005952715, -0.0003712154, 0.006495215), (0.0059615, -0.000424, 0.006492), (0.005958803, -0.0004146969, 0.006486606), (0.0059574, -0.0004, 0.006483801), (0.0059574, -0.000392, 0.006483801), (0.005958803, -0.0003773031, 0.006486606), (0.0059615, -0.000368, 0.006492), (0.0059735, -0.0004254558, 0.006490544), (0.0059735, -0.0004160997, 0.006483801), (0.0059735, -0.0004, 0.00648), (0.0059735, -0.000392, 0.00648), (0.0059735, -0.0003759003, 0.006483801), (0.0059735, -0.0003665442, 0.006490544), (0.0082765, -0.0004254558, 0.006490544), (0.0082765, -0.0004160997, 0.006483801), (0.0082765, -0.0004, 0.00648), (0.0082765, -0.000392, 0.00648), (0.0082765, -0.0003759003, 0.006483801), (0.0082765, -0.0003665442, 0.006490544), (0.0082885, -0.000424, 0.006492), (0.008291197, -0.0004146969, 0.006486606), (0.0082926, -0.0004, 0.006483801), (0.0082926, -0.000392, 0.006483801), (0.008291197, -0.0003773031, 0.006486606), (0.0082885, -0.000368, 0.006492), (0.008297285, -0.0004207846, 0.006495215), (0.0083005, -0.000412, 0.006492), (0.008301956, -0.0004, 0.006490544), (0.008301956, -0.000392, 0.006490544), (0.0083005, -0.00038, 0.006492), (0.008297285, -0.0003712154, 0.006495215), (0.005952715, -0.0004207846, 0.007584785), (0.0059495, -0.000412, 0.007588), (0.005948044, -0.0004, 0.007589456), (0.005948044, -0.000392, 0.007589456), (0.0059495, -0.00038, 0.007588), (0.005952715, -0.0003712154, 0.007584785), (0.0059615, -0.000424, 0.007588), (0.005958803, -0.0004146969, 0.007593394), (0.0059574, -0.0004, 0.007596199), (0.0059574, -0.000392, 0.007596199), (0.005958803, -0.0003773031, 0.007593394), (0.0059615, -0.000368, 0.007588), (0.0059735, -0.0004254558, 0.007589456), (0.0059735, -0.0004160997, 0.007596199), (0.0059735, -0.0004, 0.0076), (0.0059735, -0.000392, 0.0076), (0.0059735, -0.0003759003, 0.007596199), (0.0059735, -0.0003665442, 0.007589456), (0.0082765, -0.0004254558, 0.007589456), (0.0082765, -0.0004160997, 0.007596199), (0.0082765, -0.0004, 0.0076), (0.0082765, -0.000392, 0.0076), (0.0082765, -0.0003759003, 0.007596199), (0.0082765, -0.0003665442, 0.007589456), (0.0082885, -0.000424, 0.007588), (0.008291197, -0.0004146969, 0.007593394), (0.0082926, -0.0004, 0.007596199), (0.0082926, -0.000392, 0.007596199), (0.008291197, -0.0003773031, 0.007593394), (0.0082885, -0.000368, 0.007588), (0.008297285, -0.0004207846, 0.007584785), (0.0083005, -0.000412, 0.007588), (0.008301956, -0.0004, 0.007589456), (0.008301956, -0.000392, 0.007589456), (0.0083005, -0.00038, 0.007588), (0.008297285, -0.0003712154, 0.007584785)]
            int[] faceVertexCounts = [3, 3, 3, 3, 3, 3, 3, 3, 3, 3, 3, 3, 3, 3, 3, 3, 3, 3, 3, 3, 3, 3, 3, 3, 3, 3, 3, 3, 3, 3, 3, 3, 3, 3, 3, 3, 3, 3, 3, 3, 3, 3, 3, 3, 3, 3, 3, 3, 3, 3, 3, 3, 3, 3, 3, 3, 3, 3, 3, 3, 3, 3, 3, 3, 3, 3, 3, 3, 3, 3, 3, 3, 3, 3, 3, 3, 3, 3, 3, 3, 3, 3, 3, 3, 3, 3, 3, 3, 3, 3, 3, 3, 3, 3, 3, 3, 3, 3, 3, 3, 3, 3, 3, 3, 3, 3, 3, 3, 3, 3, 3, 3, 3, 3, 3, 3, 3, 3, 3, 3, 3, 3, 3, 3, 3, 3, 3, 3, 3, 3, 3, 3, 3, 3, 3, 3, 3, 3, 3, 3, 3, 3, 3, 3, 3, 3, 3, 3, 3, 3, 3, 3, 3, 3, 3, 3, 3, 3, 3, 3, 3, 3, 3, 3, 3, 3, 3, 3, 3, 3, 3, 3, 3, 3, 3, 3, 3, 3, 3, 3, 3, 3, 3, 3, 3, 3, 3, 3, 3, 3, 3, 3, 3, 3, 3, 3, 3, 3, 3, 3, 3, 3, 3, 3, 3, 3, 3, 3, 3, 3, 3, 3, 3, 3, 3, 3, 3, 3, 3, 3, 3, 3, 3, 3, 3, 3, 3, 3, 3, 3, 3, 3, 3, 3, 3, 3, 3, 3, 3, 3, 3, 3, 3, 3, 3, 3, 3, 3, 3, 3, 3, 3, 3, 3, 3, 3, 3, 3, 3, 3, 3, 3, 3, 3, 3, 3, 3, 3, 3, 3, 3, 3, 3, 3, 3, 3, 3, 3, 3, 3, 3, 3, 3, 3, 3, 3, 3, 3, 3, 3, 3, 3, 3, 3, 3, 3, 3, 3, 3, 3]
            int[] faceVertexIndices = [1, 7, 6, 1, 6, 0, 2, 8, 7, 2, 7, 1, 3, 9, 8, 3, 8, 2, 4, 10, 9, 4, 9, 3, 5, 11, 10, 5, 10, 4, 7, 13, 12, 7, 12, 6, 8, 14, 13, 8, 13, 7, 9, 15, 14, 9, 14, 8, 10, 16, 15, 10, 15, 9, 11, 17, 16, 11, 16, 10, 13, 19, 18, 13, 18, 12, 14, 20, 19, 14, 19, 13, 15, 21, 20, 15, 20, 14, 16, 22, 21, 16, 21, 15, 17, 23, 22, 17, 22, 16, 19, 25, 24, 19, 24, 18, 20, 26, 25, 20, 25, 19, 21, 27, 26, 21, 26, 20, 22, 28, 27, 22, 27, 21, 23, 29, 28, 23, 28, 22, 25, 31, 30, 25, 30, 24, 26, 32, 31, 26, 31, 25, 27, 33, 32, 27, 32, 26, 28, 34, 33, 28, 33, 27, 29, 35, 34, 29, 34, 28, 36, 42, 43, 36, 43, 37, 37, 43, 44, 37, 44, 38, 38, 44, 45, 38, 45, 39, 39, 45, 46, 39, 46, 40, 40, 46, 47, 40, 47, 41, 42, 48, 49, 42, 49, 43, 43, 49, 50, 43, 50, 44, 44, 50, 51, 44, 51, 45, 45, 51, 52, 45, 52, 46, 46, 52, 53, 46, 53, 47, 48, 54, 55, 48, 55, 49, 49, 55, 56, 49, 56, 50, 50, 56, 57, 50, 57, 51, 51, 57, 58, 51, 58, 52, 52, 58, 59, 52, 59, 53, 54, 60, 61, 54, 61, 55, 55, 61, 62, 55, 62, 56, 56, 62, 63, 56, 63, 57, 57, 63, 64, 57, 64, 58, 58, 64, 65, 58, 65, 59, 60, 66, 67, 60, 67, 61, 61, 67, 68, 61, 68, 62, 62, 68, 69, 62, 69, 63, 63, 69, 70, 63, 70, 64, 64, 70, 71, 64, 71, 65, 73, 79, 78, 73, 78, 72, 74, 80, 79, 74, 79, 73, 75, 81, 80, 75, 80, 74, 76, 82, 81, 76, 81, 75, 77, 83, 82, 77, 82, 76, 79, 85, 84, 79, 84, 78, 80, 86, 85, 80, 85, 79, 81, 87, 86, 81, 86, 80, 82, 88, 87, 82, 87, 81, 83, 89, 88, 83, 88, 82, 85, 91, 90, 85, 90, 84, 86, 92, 91, 86, 91, 85, 87, 93, 92, 87, 92, 86, 88, 94, 93, 88, 93, 87, 89, 95, 94, 89, 94, 88, 91, 97, 96, 91, 96, 90, 92, 98, 97, 92, 97, 91, 93, 99, 98, 93, 98, 92, 94, 100, 99, 94, 99, 93, 95, 101, 100, 95, 100, 94, 97, 103, 102, 97, 102, 96, 98, 104, 103, 98, 103, 97, 99, 105, 104, 99, 104, 98, 100, 106, 105, 100, 105, 99, 101, 107, 106, 101, 106, 100, 108, 114, 115, 108, 115, 109, 109, 115, 116, 109, 116, 110, 110, 116, 117, 110, 117, 111, 111, 117, 118, 111, 118, 112, 112, 118, 119, 112, 119, 113, 114, 120, 121, 114, 121, 115, 115, 121, 122, 115, 122, 116, 116, 122, 123, 116, 123, 117, 117, 123, 124, 117, 124, 118, 118, 124, 125, 118, 125, 119, 120, 126, 127, 120, 127, 121, 121, 127, 128, 121, 128, 122, 122, 128, 129, 122, 129, 123, 123, 129, 130, 123, 130, 124, 124, 130, 131, 124, 131, 125, 126, 132, 133, 126, 133, 127, 127, 133, 134, 127, 134, 128, 128, 134, 135, 128, 135, 129, 129, 135, 136, 129, 136, 130, 130, 136, 137, 130, 137, 131, 132, 138, 139, 132, 139, 133, 133, 139, 140, 133, 140, 134, 134, 140, 141, 134, 141, 135, 135, 141, 142, 135, 142, 136, 136, 142, 143, 136, 143, 137, 145, 151, 150, 145, 150, 144, 146, 152, 151, 146, 151, 145, 147, 153, 152, 147, 152, 146, 148, 154, 153, 148, 153, 147, 149, 155, 154, 149, 154, 148, 151, 157, 156, 151, 156, 150, 152, 158, 157, 152, 157, 151, 153, 159, 158, 153, 158, 152, 154, 160, 159, 154, 159, 153, 155, 161, 160, 155, 160, 154, 157, 163, 162, 157, 162, 156, 158, 164, 163, 158, 163, 157, 159, 165, 164, 159, 164, 158, 160, 166, 165, 160, 165, 159, 161, 167, 166, 161, 166, 160, 163, 169, 168, 163, 168, 162, 164, 170, 169, 164, 169, 163, 165, 171, 170, 165, 170, 164, 166, 172, 171, 166, 171, 165, 167, 173, 172, 167, 172, 166, 169, 175, 174, 169, 174, 168, 170, 176, 175, 170, 175, 169, 171, 177, 176, 171, 176, 170, 172, 178, 177, 172, 177, 171, 173, 179, 178, 173, 178, 172, 180, 186, 187, 180, 187, 181, 181, 187, 188, 181, 188, 182, 182, 188, 189, 182, 189, 183, 183, 189, 190, 183, 190, 184, 184, 190, 191, 184, 191, 185, 186, 192, 193, 186, 193, 187, 187, 193, 194, 187, 194, 188, 188, 194, 195, 188, 195, 189, 189, 195, 196, 189, 196, 190, 190, 196, 197, 190, 197, 191, 192, 198, 199, 192, 199, 193, 193, 199, 200, 193, 200, 194, 194, 200, 201, 194, 201, 195, 195, 201, 202, 195, 202, 196, 196, 202, 203, 196, 203, 197, 198, 204, 205, 198, 205, 199, 199, 205, 206, 199, 206, 200, 200, 206, 207, 200, 207, 201, 201, 207, 208, 201, 208, 202, 202, 208, 209, 202, 209, 203, 204, 210, 211, 204, 211, 205, 205, 211, 212, 205, 212, 206, 206, 212, 213, 206, 213, 207, 207, 213, 214, 207, 214, 208, 208, 214, 215, 208, 215, 209]
            normal3f[] normals = [(-0.7745967, -0.4472136, -0.4472136), (-0.7668657, -0.5195657, -0.376787), (-0.8115774, -0.5842267, -0.004611214), (-0.8112418, -0.58471, 0.0009640836), (-0.7900625, -0.5555967, 0.2590629), (-0.7071068, -0.5, 0.5), (-0.7668657, -0.376787, -0.5195657), (-0.8559572, -0.3656073, -0.3656073), (-0.8965761, -0.4428765, -0.003433785), (-0.9448834, -0.3273988, 0.002309068), (-0.8844941, -0.3299016, 0.3299016), (-0.7900625, -0.2590629, 0.5555967), (-0.8133397, -0.145112, -0.5634014), (-0.9225416, -0.1473858, -0.3566433), (-0.9827378, -0.1849826, -0.002811366), (-0.9929364, -0.1185813, 0.003965699), (-0.916641, -0.1211306, 0.3809156), (-0.8091137, -0.07239132, 0.5831762), (-0.8091137, 0.07239132, -0.5831762), (-0.916641, 0.1211306, -0.3809156), (-0.9929364, 0.1185813, -0.003965699), (-0.9827378, 0.1849826, 0.002811366), (-0.9225416, 0.1473858, 0.3566433), (-0.8133397, 0.145112, 0.5634014), (-0.7900625, 0.2590629, -0.5555967), (-0.8844941, 0.3299016, -0.3299016), (-0.9448834, 0.3273988, -0.002309068), (-0.8965761, 0.4428765, 0.003433785), (-0.8559572, 0.3656073, 0.3656073), (-0.7668657, 0.376787, 0.5195657), (-0.7071068, 0.5, -0.5), (-0.7900625, 0.5555967, -0.2590629), (-0.8112418, 0.58471, -0.0009640836), (-0.8115774, 0.5842267, 0.004611214), (-0.7668657, 0.5195657, 0.376787), (-0.7745967, 0.4472136, 0.4472136), (0.7071068, -0.5, -0.5), (0.7900625, -0.5555967, -0.2590629), (0.8112418, -0.58471, -0.0009640836), (0.8115774, -0.5842267, 0.004611214), (0.7668657, -0.5195657, 0.376787), (0.7745967, -0.4472136, 0.4472136), (0.7900625, -0.2590629, -0.5555967), (0.8844941, -0.3299016, -0.3299016), (0.9448834, -0.3273988, -0.002309068), (0.8965761, -0.4428765, 0.003433785), (0.8559572, -0.3656073, 0.3656073), (0.7668657, -0.376787, 0.5195657), (0.8091137, -0.07239132, -0.5831762), (0.916641, -0.1211306, -0.3809156), (0.9929364, -0.1185813, -0.003965699), (0.9827378, -0.1849826, 0.002811366), (0.9225416, -0.1473858, 0.3566433), (0.8133397, -0.145112, 0.5634014), (0.8133397, 0.145112, -0.5634014), (0.9225416, 0.1473858, -0.3566433), (0.9827378, 0.1849826, -0.002811366), (0.9929364, 0.1185813, 0.003965699), (0.916641, 0.1211306, 0.3809156), (0.8091137, 0.07239132, 0.5831762), (0.7668657, 0.376787, -0.5195657), (0.8559572, 0.3656073, -0.3656073), (0.8965761, 0.4428765, -0.003433785), (0.9448834, 0.3273988, 0.002309068), (0.8844941, 0.3299016, 0.3299016), (0.7900625, 0.2590629, 0.5555967), (0.7745967, 0.4472136, -0.4472136), (0.7668657, 0.5195657, -0.376787), (0.8115774, 0.5842267, -0.004611214), (0.8112418, 0.58471, 0.0009640836), (0.7900625, 0.5555967, 0.2590629), (0.7071068, 0.5, 0.5), (-0.4472136, -0.7745967, -0.4472136), (-0.376787, -0.7668657, -0.5195657), (-0.00212618, -0.8113989, -0.5844889), (0.0004400799, -0.8112421, -0.5847102), (0.2590629, -0.7900625, -0.5555967), (0.5, -0.7071068, -0.5), (-0.5195657, -0.7668657, -0.376787), (-0.3656073, -0.8559572, -0.3656073), (-0.001575834, -0.8960722, -0.4439056), (0.001057297, -0.9450915, -0.3268041), (0.3299016, -0.8844941, -0.3299016), (0.5555967, -0.7900625, -0.2590629), (-0.5842267, -0.8115774, -0.004611214), (-0.4428765, -0.8965761, -0.003433785), (-0.003183188, -0.9999707, -0.006966059), (0.0008377322, -0.999998, -0.001814842), (0.3273988, -0.9448834, -0.002309068), (0.58471, -0.8112418, -0.0009640836), (-0.58471, -0.8112418, 0.0009640836), (-0.3273988, -0.9448834, 0.002309068), (-0.0008377322, -0.999998, 0.001814842), (0.003183188, -0.9999707, 0.006966059), (0.4428765, -0.8965761, 0.003433785), (0.5842267, -0.8115774, 0.004611214), (-0.5555967, -0.7900625, 0.2590629), (-0.3299016, -0.8844941, 0.3299016), (-0.001057297, -0.9450915, 0.3268041), (0.001575834, -0.8960722, 0.4439056), (0.3656073, -0.8559572, 0.3656073), (0.5195657, -0.7668657, 0.376787), (-0.5, -0.7071068, 0.5), (-0.2590629, -0.7900625, 0.5555967), (-0.0004400799, -0.8112421, 0.5847102), (0.00212618, -0.8113989, 0.5844889), (0.376787, -0.7668657, 0.5195657), (0.4472136, -0.7745967, 0.4472136), (-0.5, 0.7071068, -0.5), (-0.2590629, 0.7900625, -0.5555967), (-0.0004400799, 0.8112421, -0.5847102), (0.00212618, 0.8113989, -0.5844889), (0.376787, 0.7668657, -0.5195657), (0.4472136, 0.7745967, -0.4472136), (-0.5555967, 0.7900625, -0.2590629), (-0.3299016, 0.8844941, -0.3299016), (-0.001057297, 0.9450915, -0.3268041), (0.001575834, 0.8960722, -0.4439056), (0.3656073, 0.8559572, -0.3656073), (0.5195657, 0.7668657, -0.376787), (-0.58471, 0.8112418, -0.0009640836), (-0.3273988, 0.9448834, -0.002309068), (-0.0008377322, 0.999998, -0.001814842), (0.003183188, 0.9999707, -0.006966059), (0.4428765, 0.8965761, -0.003433785), (0.5842267, 0.8115774, -0.004611214), (-0.5842267, 0.8115774, 0.004611214), (-0.4428765, 0.8965761, 0.003433785), (-0.003183188, 0.9999707, 0.006966059), (0.0008377322, 0.999998, 0.001814842), (0.3273988, 0.9448834, 0.002309068), (0.58471, 0.8112418, 0.0009640836), (-0.5195657, 0.7668657, 0.376787), (-0.3656073, 0.8559572, 0.3656073), (-0.001575834, 0.8960722, 0.4439056), (0.001057297, 0.9450915, 0.3268041), (0.3299016, 0.8844941, 0.3299016), (0.5555967, 0.7900625, 0.2590629), (-0.4472136, 0.7745967, 0.4472136), (-0.376787, 0.7668657, 0.5195657), (-0.00212618, 0.8113989, 0.5844889), (0.0004400799, 0.8112421, 0.5847102), (0.2590629, 0.7900625, 0.5555967), (0.5, 0.7071068, 0.5), (-0.4472136, -0.4472136, -0.7745967), (-0.5195657, -0.376787, -0.7668657), (-0.5634014, -0.145112, -0.8133397), (-0.5831762, 0.07239132, -0.8091137), (-0.5555967, 0.2590629, -0.7900625), (-0.5, 0.5, -0.7071068), (-0.376787, -0.5195657, -0.7668657), (-0.3656073, -0.3656073, -0.8559572), (-0.3566433, -0.1473858, -0.9225416), (-0.3809156, 0.1211306, -0.916641), (-0.3299016, 0.3299016, -0.8844941), (-0.2590629, 0.5555967, -0.7900625), (-0.00212618, -0.5844889, -0.8113989), (-0.001575834, -0.4439056, -0.8960722), (-0.001287736, -0.1854237, -0.9826578), (-0.001822212, 0.11804, -0.9930072), (-0.001057297, 0.3268041, -0.9450915), (-0.0004400799, 0.5847102, -0.8112421), (0.0004400799, -0.5847102, -0.8112421), (0.001057297, -0.3268041, -0.9450915), (0.001822212, -0.11804, -0.9930072), (0.001287736, 0.1854237, -0.9826578), (0.001575834, 0.4439056, -0.8960722), (0.00212618, 0.5844889, -0.8113989), (0.2590629, -0.5555967, -0.7900625), (0.3299016, -0.3299016, -0.8844941), (0.3809156, -0.1211306, -0.916641), (0.3566433, 0.1473858, -0.9225416), (0.3656073, 0.3656073, -0.8559572), (0.376787, 0.5195657, -0.7668657), (0.5, -0.5, -0.7071068), (0.5555967, -0.2590629, -0.7900625), (0.5831762, -0.07239132, -0.8091137), (0.5634014, 0.145112, -0.8133397), (0.5195657, 0.376787, -0.7668657), (0.4472136, 0.4472136, -0.7745967), (-0.5, -0.5, 0.7071068), (-0.5555967, -0.2590629, 0.7900625), (-0.5831762, -0.07239132, 0.8091137), (-0.5634014, 0.145112, 0.8133397), (-0.5195657, 0.376787, 0.7668657), (-0.4472136, 0.4472136, 0.7745967), (-0.2590629, -0.5555967, 0.7900625), (-0.3299016, -0.3299016, 0.8844941), (-0.3809156, -0.1211306, 0.916641), (-0.3566433, 0.1473858, 0.9225416), (-0.3656073, 0.3656073, 0.8559572), (-0.376787, 0.5195657, 0.7668657), (-0.0004400799, -0.5847102, 0.8112421), (-0.001057297, -0.3268041, 0.9450915), (-0.001822212, -0.11804, 0.9930072), (-0.001287736, 0.1854237, 0.9826578), (-0.001575834, 0.4439056, 0.8960722), (-0.00212618, 0.5844889, 0.8113989), (0.00212618, -0.5844889, 0.8113989), (0.001575834, -0.4439056, 0.8960722), (0.001287736, -0.1854237, 0.9826578), (0.001822212, 0.11804, 0.9930072), (0.001057297, 0.3268041, 0.9450915), (0.0004400799, 0.5847102, 0.8112421), (0.376787, -0.5195657, 0.7668657), (0.3656073, -0.3656073, 0.8559572), (0.3566433, -0.1473858, 0.9225416), (0.3809156, 0.1211306, 0.916641), (0.3299016, 0.3299016, 0.8844941), (0.2590629, 0.5555967, 0.7900625), (0.4472136, -0.4472136, 0.7745967), (0.5195657, -0.376787, 0.7668657), (0.5634014, -0.145112, 0.8133397), (0.5831762, 0.07239132, 0.8091137), (0.5555967, 0.2590629, 0.7900625), (0.5, 0.5, 0.7071068)] (interpolation = "vertex")
            float3[] extent = [(0.0059375, -0.000436, 0.00648), (0.0083125, -0.000356, 0.0076)]
            rel material:binding = </WorkbenchPart/Materials/gold>
        }
        def Mesh "SMDComponent_04" (prepend apiSchemas = ["MaterialBindingAPI"])
        {
            uniform token subdivisionScheme = "none"
            uniform token orientation = "rightHanded"
            bool doubleSided = false
            point3f[] points = [(0.006202715, -0.0003047846, 0.003175215), (0.0061995, -0.000308, 0.003184), (0.006198044, -0.0003094558, 0.003196), (0.006198044, -0.0003094558, 0.004484), (0.0061995, -0.000308, 0.004496), (0.006202715, -0.0003047846, 0.004504785), (0.0061995, -0.000296, 0.003172), (0.006194106, -0.0002986969, 0.003181303), (0.006191301, -0.0003000997, 0.003196), (0.006191301, -0.0003000997, 0.004484), (0.006194106, -0.0002986969, 0.004498697), (0.0061995, -0.000296, 0.004508), (0.006198044, -0.000284, 0.003170544), (0.006191301, -0.000284, 0.0031799), (0.0061875, -0.000284, 0.003196), (0.0061875, -0.000284, 0.004484), (0.006191301, -0.000284, 0.0045001), (0.006198044, -0.000284, 0.004509456), (0.006198044, 4.4e-05, 0.003170544), (0.006191301, 4.4e-05, 0.0031799), (0.0061875, 4.4e-05, 0.003196), (0.0061875, 4.4e-05, 0.004484), (0.006191301, 4.4e-05, 0.0045001), (0.006198044, 4.4e-05, 0.004509456), (0.0061995, 5.6e-05, 0.003172), (0.006194106, 5.869694e-05, 0.003181303), (0.006191301, 6.009969e-05, 0.003196), (0.006191301, 6.009969e-05, 0.004484), (0.006194106, 5.869694e-05, 0.004498697), (0.0061995, 5.6e-05, 0.004508), (0.006202715, 6.478461e-05, 0.003175215), (0.0061995, 6.8e-05, 0.003184), (0.006198044, 6.945584e-05, 0.003196), (0.006198044, 6.945584e-05, 0.004484), (0.0061995, 6.8e-05, 0.004496), (0.006202715, 6.478461e-05, 0.004504785), (0.008047285, -0.0003047846, 0.003175215), (0.0080505, -0.000308, 0.003184), (0.008051956, -0.0003094558, 0.003196), (0.008051956, -0.0003094558, 0.004484), (0.0080505, -0.000308, 0.004496), (0.008047285, -0.0003047846, 0.004504785), (0.0080505, -0.000296, 0.003172), (0.008055894, -0.0002986969, 0.003181303), (0.008058699, -0.0003000997, 0.003196), (0.008058699, -0.0003000997, 0.004484), (0.008055894, -0.0002986969, 0.004498697), (0.0080505, -0.000296, 0.004508), (0.008051956, -0.000284, 0.003170544), (0.008058699, -0.000284, 0.0031799), (0.0080625, -0.000284, 0.003196), (0.0080625, -0.000284, 0.004484), (0.008058699, -0.000284, 0.0045001), (0.008051956, -0.000284, 0.004509456), (0.008051956, 4.4e-05, 0.003170544), (0.008058699, 4.4e-05, 0.0031799), (0.0080625, 4.4e-05, 0.003196), (0.0080625, 4.4e-05, 0.004484), (0.008058699, 4.4e-05, 0.0045001), (0.008051956, 4.4e-05, 0.004509456), (0.0080505, 5.6e-05, 0.003172), (0.008055894, 5.869694e-05, 0.003181303), (0.008058699, 6.009969e-05, 0.003196), (0.008058699, 6.009969e-05, 0.004484), (0.008055894, 5.869694e-05, 0.004498697), (0.0080505, 5.6e-05, 0.004508), (0.008047285, 6.478461e-05, 0.003175215), (0.0080505, 6.8e-05, 0.003184), (0.008051956, 6.945584e-05, 0.003196), (0.008051956, 6.945584e-05, 0.004484), (0.0080505, 6.8e-05, 0.004496), (0.008047285, 6.478461e-05, 0.004504785), (0.006202715, -0.0003047846, 0.003175215), (0.0062115, -0.000308, 0.003172), (0.0062235, -0.0003094558, 0.003170544), (0.0080265, -0.0003094558, 0.003170544), (0.0080385, -0.000308, 0.003172), (0.008047285, -0.0003047846, 0.003175215), (0.0061995, -0.000308, 0.003184), (0.006208803, -0.0003133939, 0.003181303), (0.0062235, -0.0003161994, 0.0031799), (0.0080265, -0.0003161994, 0.0031799), (0.008041197, -0.0003133939, 0.003181303), (0.0080505, -0.000308, 0.003184), (0.006198044, -0.0003094558, 0.003196), (0.0062074, -0.0003161994, 0.003196), (0.0062235, -0.00032, 0.003196), (0.0080265, -0.00032, 0.003196), (0.0080426, -0.0003161994, 0.003196), (0.008051956, -0.0003094558, 0.003196), (0.006198044, -0.0003094558, 0.004484), (0.0062074, -0.0003161994, 0.004484), (0.0062235, -0.00032, 0.004484), (0.0080265, -0.00032, 0.004484), (0.0080426, -0.0003161994, 0.004484), (0.008051956, -0.0003094558, 0.004484), (0.0061995, -0.000308, 0.004496), (0.006208803, -0.0003133939, 0.004498697), (0.0062235, -0.0003161994, 0.0045001), (0.0080265, -0.0003161994, 0.0045001), (0.008041197, -0.0003133939, 0.004498697), (0.0080505, -0.000308, 0.004496), (0.006202715, -0.0003047846, 0.004504785), (0.0062115, -0.000308, 0.004508), (0.0062235, -0.0003094558, 0.004509456), (0.0080265, -0.0003094558, 0.004509456), (0.0080385, -0.000308, 0.004508), (0.008047285, -0.0003047846, 0.004504785), (0.006202715, 6.478461e-05, 0.003175215), (0.0062115, 6.8e-05, 0.003172), (0.0062235, 6.945584e-05, 0.003170544), (0.0080265, 6.945584e-05, 0.003170544), (0.0080385, 6.8e-05, 0.003172), (0.008047285, 6.478461e-05, 0.003175215), (0.0061995, 6.8e-05, 0.003184), (0.006208803, 7.339388e-05, 0.003181303), (0.0062235, 7.619938e-05, 0.0031799), (0.0080265, 7.619938e-05, 0.0031799), (0.008041197, 7.339388e-05, 0.003181303), (0.0080505, 6.8e-05, 0.003184), (0.006198044, 6.945584e-05, 0.003196), (0.0062074, 7.619938e-05, 0.003196), (0.0062235, 8e-05, 0.003196), (0.0080265, 8e-05, 0.003196), (0.0080426, 7.619938e-05, 0.003196), (0.008051956, 6.945584e-05, 0.003196), (0.006198044, 6.945584e-05, 0.004484), (0.0062074, 7.619938e-05, 0.004484), (0.0062235, 8e-05, 0.004484), (0.0080265, 8e-05, 0.004484), (0.0080426, 7.619938e-05, 0.004484), (0.008051956, 6.945584e-05, 0.004484), (0.0061995, 6.8e-05, 0.004496), (0.006208803, 7.339388e-05, 0.004498697), (0.0062235, 7.619938e-05, 0.0045001), (0.0080265, 7.619938e-05, 0.0045001), (0.008041197, 7.339388e-05, 0.004498697), (0.0080505, 6.8e-05, 0.004496), (0.006202715, 6.478461e-05, 0.004504785), (0.0062115, 6.8e-05, 0.004508), (0.0062235, 6.945584e-05, 0.004509456), (0.0080265, 6.945584e-05, 0.004509456), (0.0080385, 6.8e-05, 0.004508), (0.008047285, 6.478461e-05, 0.004504785), (0.006202715, -0.0003047846, 0.003175215), (0.0061995, -0.000296, 0.003172), (0.006198044, -0.000284, 0.003170544), (0.006198044, 4.4e-05, 0.003170544), (0.0061995, 5.6e-05, 0.003172), (0.006202715, 6.478461e-05, 0.003175215), (0.0062115, -0.000308, 0.003172), (0.006208803, -0.0002986969, 0.003166606), (0.0062074, -0.000284, 0.003163801), (0.0062074, 4.4e-05, 0.003163801), (0.006208803, 5.869694e-05, 0.003166606), (0.0062115, 6.8e-05, 0.003172), (0.0062235, -0.0003094558, 0.003170544), (0.0062235, -0.0003000997, 0.003163801), (0.0062235, -0.000284, 0.00316), (0.0062235, 4.4e-05, 0.00316), (0.0062235, 6.009969e-05, 0.003163801), (0.0062235, 6.945584e-05, 0.003170544), (0.0080265, -0.0003094558, 0.003170544), (0.0080265, -0.0003000997, 0.003163801), (0.0080265, -0.000284, 0.00316), (0.0080265, 4.4e-05, 0.00316), (0.0080265, 6.009969e-05, 0.003163801), (0.0080265, 6.945584e-05, 0.003170544), (0.0080385, -0.000308, 0.003172), (0.008041197, -0.0002986969, 0.003166606), (0.0080426, -0.000284, 0.003163801), (0.0080426, 4.4e-05, 0.003163801), (0.008041197, 5.869694e-05, 0.003166606), (0.0080385, 6.8e-05, 0.003172), (0.008047285, -0.0003047846, 0.003175215), (0.0080505, -0.000296, 0.003172), (0.008051956, -0.000284, 0.003170544), (0.008051956, 4.4e-05, 0.003170544), (0.0080505, 5.6e-05, 0.003172), (0.008047285, 6.478461e-05, 0.003175215), (0.006202715, -0.0003047846, 0.004504785), (0.0061995, -0.000296, 0.004508), (0.006198044, -0.000284, 0.004509456), (0.006198044, 4.4e-05, 0.004509456), (0.0061995, 5.6e-05, 0.004508), (0.006202715, 6.478461e-05, 0.004504785), (0.0062115, -0.000308, 0.004508), (0.006208803, -0.0002986969, 0.004513394), (0.0062074, -0.000284, 0.004516199), (0.0062074, 4.4e-05, 0.004516199), (0.006208803, 5.869694e-05, 0.004513394), (0.0062115, 6.8e-05, 0.004508), (0.0062235, -0.0003094558, 0.004509456), (0.0062235, -0.0003000997, 0.004516199), (0.0062235, -0.000284, 0.00452), (0.0062235, 4.4e-05, 0.00452), (0.0062235, 6.009969e-05, 0.004516199), (0.0062235, 6.945584e-05, 0.004509456), (0.0080265, -0.0003094558, 0.004509456), (0.0080265, -0.0003000997, 0.004516199), (0.0080265, -0.000284, 0.00452), (0.0080265, 4.4e-05, 0.00452), (0.0080265, 6.009969e-05, 0.004516199), (0.0080265, 6.945584e-05, 0.004509456), (0.0080385, -0.000308, 0.004508), (0.008041197, -0.0002986969, 0.004513394), (0.0080426, -0.000284, 0.004516199), (0.0080426, 4.4e-05, 0.004516199), (0.008041197, 5.869694e-05, 0.004513394), (0.0080385, 6.8e-05, 0.004508), (0.008047285, -0.0003047846, 0.004504785), (0.0080505, -0.000296, 0.004508), (0.008051956, -0.000284, 0.004509456), (0.008051956, 4.4e-05, 0.004509456), (0.0080505, 5.6e-05, 0.004508), (0.008047285, 6.478461e-05, 0.004504785)]
            int[] faceVertexCounts = [3, 3, 3, 3, 3, 3, 3, 3, 3, 3, 3, 3, 3, 3, 3, 3, 3, 3, 3, 3, 3, 3, 3, 3, 3, 3, 3, 3, 3, 3, 3, 3, 3, 3, 3, 3, 3, 3, 3, 3, 3, 3, 3, 3, 3, 3, 3, 3, 3, 3, 3, 3, 3, 3, 3, 3, 3, 3, 3, 3, 3, 3, 3, 3, 3, 3, 3, 3, 3, 3, 3, 3, 3, 3, 3, 3, 3, 3, 3, 3, 3, 3, 3, 3, 3, 3, 3, 3, 3, 3, 3, 3, 3, 3, 3, 3, 3, 3, 3, 3, 3, 3, 3, 3, 3, 3, 3, 3, 3, 3, 3, 3, 3, 3, 3, 3, 3, 3, 3, 3, 3, 3, 3, 3, 3, 3, 3, 3, 3, 3, 3, 3, 3, 3, 3, 3, 3, 3, 3, 3, 3, 3, 3, 3, 3, 3, 3, 3, 3, 3, 3, 3, 3, 3, 3, 3, 3, 3, 3, 3, 3, 3, 3, 3, 3, 3, 3, 3, 3, 3, 3, 3, 3, 3, 3, 3, 3, 3, 3, 3, 3, 3, 3, 3, 3, 3, 3, 3, 3, 3, 3, 3, 3, 3, 3, 3, 3, 3, 3, 3, 3, 3, 3, 3, 3, 3, 3, 3, 3, 3, 3, 3, 3, 3, 3, 3, 3, 3, 3, 3, 3, 3, 3, 3, 3, 3, 3, 3, 3, 3, 3, 3, 3, 3, 3, 3, 3, 3, 3, 3, 3, 3, 3, 3, 3, 3, 3, 3, 3, 3, 3, 3, 3, 3, 3, 3, 3, 3, 3, 3, 3, 3, 3, 3, 3, 3, 3, 3, 3, 3, 3, 3, 3, 3, 3, 3, 3, 3, 3, 3, 3, 3, 3, 3, 3, 3, 3, 3, 3, 3, 3, 3, 3, 3, 3, 3, 3, 3, 3, 3]
            int[] faceVertexIndices = [1, 7, 6, 1, 6, 0, 2, 8, 7, 2, 7, 1, 3, 9, 8, 3, 8, 2, 4, 10, 9, 4, 9, 3, 5, 11, 10, 5, 10, 4, 7, 13, 12, 7, 12, 6, 8, 14, 13, 8, 13, 7, 9, 15, 14, 9, 14, 8, 10, 16, 15, 10, 15, 9, 11, 17, 16, 11, 16, 10, 13, 19, 18, 13, 18, 12, 14, 20, 19, 14, 19, 13, 15, 21, 20, 15, 20, 14, 16, 22, 21, 16, 21, 15, 17, 23, 22, 17, 22, 16, 19, 25, 24, 19, 24, 18, 20, 26, 25, 20, 25, 19, 21, 27, 26, 21, 26, 20, 22, 28, 27, 22, 27, 21, 23, 29, 28, 23, 28, 22, 25, 31, 30, 25, 30, 24, 26, 32, 31, 26, 31, 25, 27, 33, 32, 27, 32, 26, 28, 34, 33, 28, 33, 27, 29, 35, 34, 29, 34, 28, 36, 42, 43, 36, 43, 37, 37, 43, 44, 37, 44, 38, 38, 44, 45, 38, 45, 39, 39, 45, 46, 39, 46, 40, 40, 46, 47, 40, 47, 41, 42, 48, 49, 42, 49, 43, 43, 49, 50, 43, 50, 44, 44, 50, 51, 44, 51, 45, 45, 51, 52, 45, 52, 46, 46, 52, 53, 46, 53, 47, 48, 54, 55, 48, 55, 49, 49, 55, 56, 49, 56, 50, 50, 56, 57, 50, 57, 51, 51, 57, 58, 51, 58, 52, 52, 58, 59, 52, 59, 53, 54, 60, 61, 54, 61, 55, 55, 61, 62, 55, 62, 56, 56, 62, 63, 56, 63, 57, 57, 63, 64, 57, 64, 58, 58, 64, 65, 58, 65, 59, 60, 66, 67, 60, 67, 61, 61, 67, 68, 61, 68, 62, 62, 68, 69, 62, 69, 63, 63, 69, 70, 63, 70, 64, 64, 70, 71, 64, 71, 65, 73, 79, 78, 73, 78, 72, 74, 80, 79, 74, 79, 73, 75, 81, 80, 75, 80, 74, 76, 82, 81, 76, 81, 75, 77, 83, 82, 77, 82, 76, 79, 85, 84, 79, 84, 78, 80, 86, 85, 80, 85, 79, 81, 87, 86, 81, 86, 80, 82, 88, 87, 82, 87, 81, 83, 89, 88, 83, 88, 82, 85, 91, 90, 85, 90, 84, 86, 92, 91, 86, 91, 85, 87, 93, 92, 87, 92, 86, 88, 94, 93, 88, 93, 87, 89, 95, 94, 89, 94, 88, 91, 97, 96, 91, 96, 90, 92, 98, 97, 92, 97, 91, 93, 99, 98, 93, 98, 92, 94, 100, 99, 94, 99, 93, 95, 101, 100, 95, 100, 94, 97, 103, 102, 97, 102, 96, 98, 104, 103, 98, 103, 97, 99, 105, 104, 99, 104, 98, 100, 106, 105, 100, 105, 99, 101, 107, 106, 101, 106, 100, 108, 114, 115, 108, 115, 109, 109, 115, 116, 109, 116, 110, 110, 116, 117, 110, 117, 111, 111, 117, 118, 111, 118, 112, 112, 118, 119, 112, 119, 113, 114, 120, 121, 114, 121, 115, 115, 121, 122, 115, 122, 116, 116, 122, 123, 116, 123, 117, 117, 123, 124, 117, 124, 118, 118, 124, 125, 118, 125, 119, 120, 126, 127, 120, 127, 121, 121, 127, 128, 121, 128, 122, 122, 128, 129, 122, 129, 123, 123, 129, 130, 123, 130, 124, 124, 130, 131, 124, 131, 125, 126, 132, 133, 126, 133, 127, 127, 133, 134, 127, 134, 128, 128, 134, 135, 128, 135, 129, 129, 135, 136, 129, 136, 130, 130, 136, 137, 130, 137, 131, 132, 138, 139, 132, 139, 133, 133, 139, 140, 133, 140, 134, 134, 140, 141, 134, 141, 135, 135, 141, 142, 135, 142, 136, 136, 142, 143, 136, 143, 137, 145, 151, 150, 145, 150, 144, 146, 152, 151, 146, 151, 145, 147, 153, 152, 147, 152, 146, 148, 154, 153, 148, 153, 147, 149, 155, 154, 149, 154, 148, 151, 157, 156, 151, 156, 150, 152, 158, 157, 152, 157, 151, 153, 159, 158, 153, 158, 152, 154, 160, 159, 154, 159, 153, 155, 161, 160, 155, 160, 154, 157, 163, 162, 157, 162, 156, 158, 164, 163, 158, 163, 157, 159, 165, 164, 159, 164, 158, 160, 166, 165, 160, 165, 159, 161, 167, 166, 161, 166, 160, 163, 169, 168, 163, 168, 162, 164, 170, 169, 164, 169, 163, 165, 171, 170, 165, 170, 164, 166, 172, 171, 166, 171, 165, 167, 173, 172, 167, 172, 166, 169, 175, 174, 169, 174, 168, 170, 176, 175, 170, 175, 169, 171, 177, 176, 171, 176, 170, 172, 178, 177, 172, 177, 171, 173, 179, 178, 173, 178, 172, 180, 186, 187, 180, 187, 181, 181, 187, 188, 181, 188, 182, 182, 188, 189, 182, 189, 183, 183, 189, 190, 183, 190, 184, 184, 190, 191, 184, 191, 185, 186, 192, 193, 186, 193, 187, 187, 193, 194, 187, 194, 188, 188, 194, 195, 188, 195, 189, 189, 195, 196, 189, 196, 190, 190, 196, 197, 190, 197, 191, 192, 198, 199, 192, 199, 193, 193, 199, 200, 193, 200, 194, 194, 200, 201, 194, 201, 195, 195, 201, 202, 195, 202, 196, 196, 202, 203, 196, 203, 197, 198, 204, 205, 198, 205, 199, 199, 205, 206, 199, 206, 200, 200, 206, 207, 200, 207, 201, 201, 207, 208, 201, 208, 202, 202, 208, 209, 202, 209, 203, 204, 210, 211, 204, 211, 205, 205, 211, 212, 205, 212, 206, 206, 212, 213, 206, 213, 207, 207, 213, 214, 207, 214, 208, 208, 214, 215, 208, 215, 209]
            normal3f[] normals = [(-0.7745967, -0.4472136, -0.4472136), (-0.7668657, -0.5195657, -0.376787), (-0.8115175, -0.584316, -0.003768839), (-0.8112419, -0.5847101, 0.0007852738), (-0.7900625, -0.5555967, 0.2590629), (-0.7071068, -0.5, 0.5), (-0.7668657, -0.376787, -0.5195657), (-0.8559572, -0.3656073, -0.3656073), (-0.8964052, -0.4432267, -0.002802013), (-0.9449545, -0.3271964, 0.001882787), (-0.8844941, -0.3299016, 0.3299016), (-0.7900625, -0.2590629, 0.5555967), (-0.8122054, -0.01399524, -0.5832036), (-0.8984826, -0.01061118, -0.4388808), (-0.9997703, -0.02074602, -0.005379189), (-0.9999823, -0.005739457, 0.001552568), (-0.9440529, -0.007198359, 0.3297154), (-0.8112384, -0.003042335, 0.5847076), (-0.8112384, 0.003042335, -0.5847076), (-0.9440529, 0.007198359, -0.3297154), (-0.9999823, 0.005739457, -0.001552568), (-0.9997703, 0.02074602, 0.005379189), (-0.8984826, 0.01061118, 0.4388808), (-0.8122054, 0.01399524, 0.5832036), (-0.7900625, 0.2590629, -0.5555967), (-0.8844941, 0.3299016, -0.3299016), (-0.9449545, 0.3271964, -0.001882787), (-0.8964052, 0.4432267, 0.002802013), (-0.8559572, 0.3656073, 0.3656073), (-0.7668657, 0.376787, 0.5195657), (-0.7071068, 0.5, -0.5), (-0.7900625, 0.5555967, -0.2590629), (-0.8112419, 0.5847101, -0.0007852738), (-0.8115175, 0.584316, 0.003768839), (-0.7668657, 0.5195657, 0.376787), (-0.7745967, 0.4472136, 0.4472136), (0.7071068, -0.5, -0.5), (0.7900625, -0.5555967, -0.2590629), (0.8112419, -0.5847101, -0.0007852738), (0.8115175, -0.584316, 0.003768839), (0.7668657, -0.5195657, 0.376787), (0.7745967, -0.4472136, 0.4472136), (0.7900625, -0.2590629, -0.5555967), (0.8844941, -0.3299016, -0.3299016), (0.9449545, -0.3271964, -0.001882787), (0.8964052, -0.4432267, 0.002802013), (0.8559572, -0.3656073, 0.3656073), (0.7668657, -0.376787, 0.5195657), (0.8112384, -0.003042335, -0.5847076), (0.9440529, -0.007198359, -0.3297154), (0.9999823, -0.005739457, -0.001552568), (0.9997703, -0.02074602, 0.005379189), (0.8984826, -0.01061118, 0.4388808), (0.8122054, -0.01399524, 0.5832036), (0.8122054, 0.01399524, -0.5832036), (0.8984826, 0.01061118, -0.4388808), (0.9997703, 0.02074602, -0.005379189), (0.9999823, 0.005739457, 0.001552568), (0.9440529, 0.007198359, 0.3297154), (0.8112384, 0.003042335, 0.5847076), (0.7668657, 0.376787, -0.5195657), (0.8559572, 0.3656073, -0.3656073), (0.8964052, 0.4432267, -0.002802013), (0.9449545, 0.3271964, 0.001882787), (0.8844941, 0.3299016, 0.3299016), (0.7900625, 0.2590629, 0.5555967), (0.7745967, 0.4472136, -0.4472136), (0.7668657, 0.5195657, -0.376787), (0.8115175, 0.584316, -0.003768839), (0.8112419, 0.5847101, 0.0007852738), (0.7900625, 0.5555967, 0.2590629), (0.7071068, 0.5, 0.5), (-0.4472136, -0.7745967, -0.4472136), (-0.376787, -0.7668657, -0.5195657), (-0.002707496, -0.8114411, -0.5844279), (0.0005617161, -0.8112421, -0.5847102), (0.2590629, -0.7900625, -0.5555967), (0.5, -0.7071068, -0.5), (-0.5195657, -0.7668657, -0.376787), (-0.3656073, -0.8559572, -0.3656073), (-0.002008891, -0.89619, -0.4436659), (0.00134856, -0.9450432, -0.3269426), (0.3299016, -0.8844941, -0.3299016), (0.5555967, -0.7900625, -0.2590629), (-0.584316, -0.8115175, -0.003768839), (-0.4432267, -0.8964052, -0.002802013), (-0.004067357, -0.9999756, -0.005683567), (0.001065346, -0.9999983, -0.00148226), (0.3271964, -0.9449545, -0.001882787), (0.5847101, -0.8112419, -0.0007852738), (-0.5847101, -0.8112419, 0.0007852738), (-0.3271964, -0.9449545, 0.001882787), (-0.001065346, -0.9999983, 0.00148226), (0.004067357, -0.9999756, 0.005683567), (0.4432267, -0.8964052, 0.002802013), (0.584316, -0.8115175, 0.003768839), (-0.5555967, -0.7900625, 0.2590629), (-0.3299016, -0.8844941, 0.3299016), (-0.00134856, -0.9450432, 0.3269426), (0.002008891, -0.89619, 0.4436659), (0.3656073, -0.8559572, 0.3656073), (0.5195657, -0.7668657, 0.376787), (-0.5, -0.7071068, 0.5), (-0.2590629, -0.7900625, 0.5555967), (-0.0005617161, -0.8112421, 0.5847102), (0.002707496, -0.8114411, 0.5844279), (0.376787, -0.7668657, 0.5195657), (0.4472136, -0.7745967, 0.4472136), (-0.5, 0.7071068, -0.5), (-0.2590629, 0.7900625, -0.5555967), (-0.0005617161, 0.8112421, -0.5847102), (0.002707496, 0.8114411, -0.5844279), (0.376787, 0.7668657, -0.5195657), (0.4472136, 0.7745967, -0.4472136), (-0.5555967, 0.7900625, -0.2590629), (-0.3299016, 0.8844941, -0.3299016), (-0.00134856, 0.9450432, -0.3269426), (0.002008891, 0.89619, -0.4436659), (0.3656073, 0.8559572, -0.3656073), (0.5195657, 0.7668657, -0.376787), (-0.5847101, 0.8112419, -0.0007852738), (-0.3271964, 0.9449545, -0.001882787), (-0.001065346, 0.9999983, -0.00148226), (0.004067357, 0.9999756, -0.005683567), (0.4432267, 0.8964052, -0.002802013), (0.584316, 0.8115175, -0.003768839), (-0.584316, 0.8115175, 0.003768839), (-0.4432267, 0.8964052, 0.002802013), (-0.004067357, 0.9999756, 0.005683567), (0.001065346, 0.9999983, 0.00148226), (0.3271964, 0.9449545, 0.001882787), (0.5847101, 0.8112419, 0.0007852738), (-0.5195657, 0.7668657, 0.376787), (-0.3656073, 0.8559572, 0.3656073), (-0.002008891, 0.89619, 0.4436659), (0.00134856, 0.9450432, 0.3269426), (0.3299016, 0.8844941, 0.3299016), (0.5555967, 0.7900625, 0.2590629), (-0.4472136, 0.7745967, 0.4472136), (-0.376787, 0.7668657, 0.5195657), (-0.002707496, 0.8114411, 0.5844279), (0.0005617161, 0.8112421, 0.5847102), (0.2590629, 0.7900625, 0.5555967), (0.5, 0.7071068, 0.5), (-0.4472136, -0.4472136, -0.7745967), (-0.5195657, -0.376787, -0.7668657), (-0.5832036, -0.01399524, -0.8122054), (-0.5847076, 0.003042335, -0.8112384), (-0.5555967, 0.2590629, -0.7900625), (-0.5, 0.5, -0.7071068), (-0.376787, -0.5195657, -0.7668657), (-0.3656073, -0.3656073, -0.8559572), (-0.4388808, -0.01061118, -0.8984826), (-0.3297154, 0.007198359, -0.9440529), (-0.3299016, 0.3299016, -0.8844941), (-0.2590629, 0.5555967, -0.7900625), (-0.002707496, -0.5844279, -0.8114411), (-0.002008891, -0.4436659, -0.89619), (-0.003867903, -0.02084502, -0.9997752), (-0.001111197, 0.00571538, -0.999983), (-0.00134856, 0.3269426, -0.9450432), (-0.0005617161, 0.5847102, -0.8112421), (0.0005617161, -0.5847102, -0.8112421), (0.00134856, -0.3269426, -0.9450432), (0.001111197, -0.00571538, -0.999983), (0.003867903, 0.02084502, -0.9997752), (0.002008891, 0.4436659, -0.89619), (0.002707496, 0.5844279, -0.8114411), (0.2590629, -0.5555967, -0.7900625), (0.3299016, -0.3299016, -0.8844941), (0.3297154, -0.007198359, -0.9440529), (0.4388808, 0.01061118, -0.8984826), (0.3656073, 0.3656073, -0.8559572), (0.376787, 0.5195657, -0.7668657), (0.5, -0.5, -0.7071068), (0.5555967, -0.2590629, -0.7900625), (0.5847076, -0.003042335, -0.8112384), (0.5832036, 0.01399524, -0.8122054), (0.5195657, 0.376787, -0.7668657), (0.4472136, 0.4472136, -0.7745967), (-0.5, -0.5, 0.7071068), (-0.5555967, -0.2590629, 0.7900625), (-0.5847076, -0.003042335, 0.8112384), (-0.5832036, 0.01399524, 0.8122054), (-0.5195657, 0.376787, 0.7668657), (-0.4472136, 0.4472136, 0.7745967), (-0.2590629, -0.5555967, 0.7900625), (-0.3299016, -0.3299016, 0.8844941), (-0.3297154, -0.007198359, 0.9440529), (-0.4388808, 0.01061118, 0.8984826), (-0.3656073, 0.3656073, 0.8559572), (-0.376787, 0.5195657, 0.7668657), (-0.0005617161, -0.5847102, 0.8112421), (-0.00134856, -0.3269426, 0.9450432), (-0.001111197, -0.00571538, 0.999983), (-0.003867903, 0.02084502, 0.9997752), (-0.002008891, 0.4436659, 0.89619), (-0.002707496, 0.5844279, 0.8114411), (0.002707496, -0.5844279, 0.8114411), (0.002008891, -0.4436659, 0.89619), (0.003867903, -0.02084502, 0.9997752), (0.001111197, 0.00571538, 0.999983), (0.00134856, 0.3269426, 0.9450432), (0.0005617161, 0.5847102, 0.8112421), (0.376787, -0.5195657, 0.7668657), (0.3656073, -0.3656073, 0.8559572), (0.4388808, -0.01061118, 0.8984826), (0.3297154, 0.007198359, 0.9440529), (0.3299016, 0.3299016, 0.8844941), (0.2590629, 0.5555967, 0.7900625), (0.4472136, -0.4472136, 0.7745967), (0.5195657, -0.376787, 0.7668657), (0.5832036, -0.01399524, 0.8122054), (0.5847076, 0.003042335, 0.8112384), (0.5555967, 0.2590629, 0.7900625), (0.5, 0.5, 0.7071068)] (interpolation = "vertex")
            float3[] extent = [(0.0061875, -0.00032, 0.00316), (0.0080625, 8e-05, 0.00452)]
            rel material:binding = </WorkbenchPart/Materials/silicon>
        }
        def Mesh "SMDEndTermination_07" (prepend apiSchemas = ["MaterialBindingAPI"])
        {
            uniform token subdivisionScheme = "none"
            uniform token orientation = "rightHanded"
            bool doubleSided = false
            point3f[] points = [(0.006188269, -0.0003258564, 0.003156544), (0.006186125, -0.000328, 0.0031624), (0.006185154, -0.0003289706, 0.0031704), (0.006185154, -0.0003289706, 0.0045096), (0.006186125, -0.000328, 0.0045176), (0.006188269, -0.0003258564, 0.004523456), (0.006186125, -0.00032, 0.0031544), (0.006182529, -0.000321798, 0.003160602), (0.006180659, -0.0003227331, 0.0031704), (0.006180659, -0.0003227331, 0.0045096), (0.006182529, -0.000321798, 0.004519398), (0.006186125, -0.00032, 0.0045256), (0.006185154, -0.000312, 0.003153429), (0.006180659, -0.000312, 0.003159667), (0.006178125, -0.000312, 0.0031704), (0.006178125, -0.000312, 0.0045096), (0.006180659, -0.000312, 0.004520333), (0.006185154, -0.000312, 0.004526571), (0.006185154, 7.2e-05, 0.003153429), (0.006180659, 7.2e-05, 0.003159667), (0.006178125, 7.2e-05, 0.0031704), (0.006178125, 7.2e-05, 0.0045096), (0.006180659, 7.2e-05, 0.004520333), (0.006185154, 7.2e-05, 0.004526571), (0.006186125, 8e-05, 0.0031544), (0.006182529, 8.179796e-05, 0.003160602), (0.006180659, 8.273313e-05, 0.0031704), (0.006180659, 8.273313e-05, 0.0045096), (0.006182529, 8.179796e-05, 0.004519398), (0.006186125, 8e-05, 0.0045256), (0.006188269, 8.585641e-05, 0.003156544), (0.006186125, 8.8e-05, 0.0031624), (0.006185154, 8.897056e-05, 0.0031704), (0.006185154, 8.897056e-05, 0.0045096), (0.006186125, 8.8e-05, 0.0045176), (0.006188269, 8.585641e-05, 0.004523456), (0.006486731, -0.0003258564, 0.003156544), (0.006488875, -0.000328, 0.0031624), (0.006489846, -0.0003289706, 0.0031704), (0.006489846, -0.0003289706, 0.0045096), (0.006488875, -0.000328, 0.0045176), (0.006486731, -0.0003258564, 0.004523456), (0.006488875, -0.00032, 0.0031544), (0.006492471, -0.000321798, 0.003160602), (0.006494341, -0.0003227331, 0.0031704), (0.006494341, -0.0003227331, 0.0045096), (0.006492471, -0.000321798, 0.004519398), (0.006488875, -0.00032, 0.0045256), (0.006489846, -0.000312, 0.003153429), (0.006494341, -0.000312, 0.003159667), (0.006496875, -0.000312, 0.0031704), (0.006496875, -0.000312, 0.0045096), (0.006494341, -0.000312, 0.004520333), (0.006489846, -0.000312, 0.004526571), (0.006489846, 7.2e-05, 0.003153429), (0.006494341, 7.2e-05, 0.003159667), (0.006496875, 7.2e-05, 0.0031704), (0.006496875, 7.2e-05, 0.0045096), (0.006494341, 7.2e-05, 0.004520333), (0.006489846, 7.2e-05, 0.004526571), (0.006488875, 8e-05, 0.0031544), (0.006492471, 8.179796e-05, 0.003160602), (0.006494341, 8.273313e-05, 0.0031704), (0.006494341, 8.273313e-05, 0.0045096), (0.006492471, 8.179796e-05, 0.004519398), (0.006488875, 8e-05, 0.0045256), (0.006486731, 8.585641e-05, 0.003156544), (0.006488875, 8.8e-05, 0.0031624), (0.006489846, 8.897056e-05, 0.0031704), (0.006489846, 8.897056e-05, 0.0045096), (0.006488875, 8.8e-05, 0.0045176), (0.006486731, 8.585641e-05, 0.004523456), (0.006188269, -0.0003258564, 0.003156544), (0.006194125, -0.000328, 0.0031544), (0.006202125, -0.0003289706, 0.003153429), (0.006472875, -0.0003289706, 0.003153429), (0.006480875, -0.000328, 0.0031544), (0.006486731, -0.0003258564, 0.003156544), (0.006186125, -0.000328, 0.0031624), (0.006192327, -0.0003315959, 0.003160602), (0.006202125, -0.0003334663, 0.003159667), (0.006472875, -0.0003334663, 0.003159667), (0.006482673, -0.0003315959, 0.003160602), (0.006488875, -0.000328, 0.0031624), (0.006185154, -0.0003289706, 0.0031704), (0.006191392, -0.0003334663, 0.0031704), (0.006202125, -0.000336, 0.0031704), (0.006472875, -0.000336, 0.0031704), (0.006483608, -0.0003334663, 0.0031704), (0.006489846, -0.0003289706, 0.0031704), (0.006185154, -0.0003289706, 0.0045096), (0.006191392, -0.0003334663, 0.0045096), (0.006202125, -0.000336, 0.0045096), (0.006472875, -0.000336, 0.0045096), (0.006483608, -0.0003334663, 0.0045096), (0.006489846, -0.0003289706, 0.0045096), (0.006186125, -0.000328, 0.0045176), (0.006192327, -0.0003315959, 0.004519398), (0.006202125, -0.0003334663, 0.004520333), (0.006472875, -0.0003334663, 0.004520333), (0.006482673, -0.0003315959, 0.004519398), (0.006488875, -0.000328, 0.0045176), (0.006188269, -0.0003258564, 0.004523456), (0.006194125, -0.000328, 0.0045256), (0.006202125, -0.0003289706, 0.004526571), (0.006472875, -0.0003289706, 0.004526571), (0.006480875, -0.000328, 0.0045256), (0.006486731, -0.0003258564, 0.004523456), (0.006188269, 8.585641e-05, 0.003156544), (0.006194125, 8.8e-05, 0.0031544), (0.006202125, 8.897056e-05, 0.003153429), (0.006472875, 8.897056e-05, 0.003153429), (0.006480875, 8.8e-05, 0.0031544), (0.006486731, 8.585641e-05, 0.003156544), (0.006186125, 8.8e-05, 0.0031624), (0.006192327, 9.159592e-05, 0.003160602), (0.006202125, 9.346625e-05, 0.003159667), (0.006472875, 9.346625e-05, 0.003159667), (0.006482673, 9.159592e-05, 0.003160602), (0.006488875, 8.8e-05, 0.0031624), (0.006185154, 8.897056e-05, 0.0031704), (0.006191392, 9.346625e-05, 0.0031704), (0.006202125, 9.6e-05, 0.0031704), (0.006472875, 9.6e-05, 0.0031704), (0.006483608, 9.346625e-05, 0.0031704), (0.006489846, 8.897056e-05, 0.0031704), (0.006185154, 8.897056e-05, 0.0045096), (0.006191392, 9.346625e-05, 0.0045096), (0.006202125, 9.6e-05, 0.0045096), (0.006472875, 9.6e-05, 0.0045096), (0.006483608, 9.346625e-05, 0.0045096), (0.006489846, 8.897056e-05, 0.0045096), (0.006186125, 8.8e-05, 0.0045176), (0.006192327, 9.159592e-05, 0.004519398), (0.006202125, 9.346625e-05, 0.004520333), (0.006472875, 9.346625e-05, 0.004520333), (0.006482673, 9.159592e-05, 0.004519398), (0.006488875, 8.8e-05, 0.0045176), (0.006188269, 8.585641e-05, 0.004523456), (0.006194125, 8.8e-05, 0.0045256), (0.006202125, 8.897056e-05, 0.004526571), (0.006472875, 8.897056e-05, 0.004526571), (0.006480875, 8.8e-05, 0.0045256), (0.006486731, 8.585641e-05, 0.004523456), (0.006188269, -0.0003258564, 0.003156544), (0.006186125, -0.00032, 0.0031544), (0.006185154, -0.000312, 0.003153429), (0.006185154, 7.2e-05, 0.003153429), (0.006186125, 8e-05, 0.0031544), (0.006188269, 8.585641e-05, 0.003156544), (0.006194125, -0.000328, 0.0031544), (0.006192327, -0.000321798, 0.003150804), (0.006191392, -0.000312, 0.003148934), (0.006191392, 7.2e-05, 0.003148934), (0.006192327, 8.179796e-05, 0.003150804), (0.006194125, 8.8e-05, 0.0031544), (0.006202125, -0.0003289706, 0.003153429), (0.006202125, -0.0003227331, 0.003148934), (0.006202125, -0.000312, 0.0031464), (0.006202125, 7.2e-05, 0.0031464), (0.006202125, 8.273313e-05, 0.003148934), (0.006202125, 8.897056e-05, 0.003153429), (0.006472875, -0.0003289706, 0.003153429), (0.006472875, -0.0003227331, 0.003148934), (0.006472875, -0.000312, 0.0031464), (0.006472875, 7.2e-05, 0.0031464), (0.006472875, 8.273313e-05, 0.003148934), (0.006472875, 8.897056e-05, 0.003153429), (0.006480875, -0.000328, 0.0031544), (0.006482673, -0.000321798, 0.003150804), (0.006483608, -0.000312, 0.003148934), (0.006483608, 7.2e-05, 0.003148934), (0.006482673, 8.179796e-05, 0.003150804), (0.006480875, 8.8e-05, 0.0031544), (0.006486731, -0.0003258564, 0.003156544), (0.006488875, -0.00032, 0.0031544), (0.006489846, -0.000312, 0.003153429), (0.006489846, 7.2e-05, 0.003153429), (0.006488875, 8e-05, 0.0031544), (0.006486731, 8.585641e-05, 0.003156544), (0.006188269, -0.0003258564, 0.004523456), (0.006186125, -0.00032, 0.0045256), (0.006185154, -0.000312, 0.004526571), (0.006185154, 7.2e-05, 0.004526571), (0.006186125, 8e-05, 0.0045256), (0.006188269, 8.585641e-05, 0.004523456), (0.006194125, -0.000328, 0.0045256), (0.006192327, -0.000321798, 0.004529196), (0.006191392, -0.000312, 0.004531066), (0.006191392, 7.2e-05, 0.004531066), (0.006192327, 8.179796e-05, 0.004529196), (0.006194125, 8.8e-05, 0.0045256), (0.006202125, -0.0003289706, 0.004526571), (0.006202125, -0.0003227331, 0.004531066), (0.006202125, -0.000312, 0.0045336), (0.006202125, 7.2e-05, 0.0045336), (0.006202125, 8.273313e-05, 0.004531066), (0.006202125, 8.897056e-05, 0.004526571), (0.006472875, -0.0003289706, 0.004526571), (0.006472875, -0.0003227331, 0.004531066), (0.006472875, -0.000312, 0.0045336), (0.006472875, 7.2e-05, 0.0045336), (0.006472875, 8.273313e-05, 0.004531066), (0.006472875, 8.897056e-05, 0.004526571), (0.006480875, -0.000328, 0.0045256), (0.006482673, -0.000321798, 0.004529196), (0.006483608, -0.000312, 0.004531066), (0.006483608, 7.2e-05, 0.004531066), (0.006482673, 8.179796e-05, 0.004529196), (0.006480875, 8.8e-05, 0.0045256), (0.006486731, -0.0003258564, 0.004523456), (0.006488875, -0.00032, 0.0045256), (0.006489846, -0.000312, 0.004526571), (0.006489846, 7.2e-05, 0.004526571), (0.006488875, 8e-05, 0.0045256), (0.006486731, 8.585641e-05, 0.004523456)]
            int[] faceVertexCounts = [3, 3, 3, 3, 3, 3, 3, 3, 3, 3, 3, 3, 3, 3, 3, 3, 3, 3, 3, 3, 3, 3, 3, 3, 3, 3, 3, 3, 3, 3, 3, 3, 3, 3, 3, 3, 3, 3, 3, 3, 3, 3, 3, 3, 3, 3, 3, 3, 3, 3, 3, 3, 3, 3, 3, 3, 3, 3, 3, 3, 3, 3, 3, 3, 3, 3, 3, 3, 3, 3, 3, 3, 3, 3, 3, 3, 3, 3, 3, 3, 3, 3, 3, 3, 3, 3, 3, 3, 3, 3, 3, 3, 3, 3, 3, 3, 3, 3, 3, 3, 3, 3, 3, 3, 3, 3, 3, 3, 3, 3, 3, 3, 3, 3, 3, 3, 3, 3, 3, 3, 3, 3, 3, 3, 3, 3, 3, 3, 3, 3, 3, 3, 3, 3, 3, 3, 3, 3, 3, 3, 3, 3, 3, 3, 3, 3, 3, 3, 3, 3, 3, 3, 3, 3, 3, 3, 3, 3, 3, 3, 3, 3, 3, 3, 3, 3, 3, 3, 3, 3, 3, 3, 3, 3, 3, 3, 3, 3, 3, 3, 3, 3, 3, 3, 3, 3, 3, 3, 3, 3, 3, 3, 3, 3, 3, 3, 3, 3, 3, 3, 3, 3, 3, 3, 3, 3, 3, 3, 3, 3, 3, 3, 3, 3, 3, 3, 3, 3, 3, 3, 3, 3, 3, 3, 3, 3, 3, 3, 3, 3, 3, 3, 3, 3, 3, 3, 3, 3, 3, 3, 3, 3, 3, 3, 3, 3, 3, 3, 3, 3, 3, 3, 3, 3, 3, 3, 3, 3, 3, 3, 3, 3, 3, 3, 3, 3, 3, 3, 3, 3, 3, 3, 3, 3, 3, 3, 3, 3, 3, 3, 3, 3, 3, 3, 3, 3, 3, 3, 3, 3, 3, 3, 3, 3, 3, 3, 3, 3, 3, 3]
            int[] faceVertexIndices = [1, 7, 6, 1, 6, 0, 2, 8, 7, 2, 7, 1, 3, 9, 8, 3, 8, 2, 4, 10, 9, 4, 9, 3, 5, 11, 10, 5, 10, 4, 7, 13, 12, 7, 12, 6, 8, 14, 13, 8, 13, 7, 9, 15, 14, 9, 14, 8, 10, 16, 15, 10, 15, 9, 11, 17, 16, 11, 16, 10, 13, 19, 18, 13, 18, 12, 14, 20, 19, 14, 19, 13, 15, 21, 20, 15, 20, 14, 16, 22, 21, 16, 21, 15, 17, 23, 22, 17, 22, 16, 19, 25, 24, 19, 24, 18, 20, 26, 25, 20, 25, 19, 21, 27, 26, 21, 26, 20, 22, 28, 27, 22, 27, 21, 23, 29, 28, 23, 28, 22, 25, 31, 30, 25, 30, 24, 26, 32, 31, 26, 31, 25, 27, 33, 32, 27, 32, 26, 28, 34, 33, 28, 33, 27, 29, 35, 34, 29, 34, 28, 36, 42, 43, 36, 43, 37, 37, 43, 44, 37, 44, 38, 38, 44, 45, 38, 45, 39, 39, 45, 46, 39, 46, 40, 40, 46, 47, 40, 47, 41, 42, 48, 49, 42, 49, 43, 43, 49, 50, 43, 50, 44, 44, 50, 51, 44, 51, 45, 45, 51, 52, 45, 52, 46, 46, 52, 53, 46, 53, 47, 48, 54, 55, 48, 55, 49, 49, 55, 56, 49, 56, 50, 50, 56, 57, 50, 57, 51, 51, 57, 58, 51, 58, 52, 52, 58, 59, 52, 59, 53, 54, 60, 61, 54, 61, 55, 55, 61, 62, 55, 62, 56, 56, 62, 63, 56, 63, 57, 57, 63, 64, 57, 64, 58, 58, 64, 65, 58, 65, 59, 60, 66, 67, 60, 67, 61, 61, 67, 68, 61, 68, 62, 62, 68, 69, 62, 69, 63, 63, 69, 70, 63, 70, 64, 64, 70, 71, 64, 71, 65, 73, 79, 78, 73, 78, 72, 74, 80, 79, 74, 79, 73, 75, 81, 80, 75, 80, 74, 76, 82, 81, 76, 81, 75, 77, 83, 82, 77, 82, 76, 79, 85, 84, 79, 84, 78, 80, 86, 85, 80, 85, 79, 81, 87, 86, 81, 86, 80, 82, 88, 87, 82, 87, 81, 83, 89, 88, 83, 88, 82, 85, 91, 90, 85, 90, 84, 86, 92, 91, 86, 91, 85, 87, 93, 92, 87, 92, 86, 88, 94, 93, 88, 93, 87, 89, 95, 94, 89, 94, 88, 91, 97, 96, 91, 96, 90, 92, 98, 97, 92, 97, 91, 93, 99, 98, 93, 98, 92, 94, 100, 99, 94, 99, 93, 95, 101, 100, 95, 100, 94, 97, 103, 102, 97, 102, 96, 98, 104, 103, 98, 103, 97, 99, 105, 104, 99, 104, 98, 100, 106, 105, 100, 105, 99, 101, 107, 106, 101, 106, 100, 108, 114, 115, 108, 115, 109, 109, 115, 116, 109, 116, 110, 110, 116, 117, 110, 117, 111, 111, 117, 118, 111, 118, 112, 112, 118, 119, 112, 119, 113, 114, 120, 121, 114, 121, 115, 115, 121, 122, 115, 122, 116, 116, 122, 123, 116, 123, 117, 117, 123, 124, 117, 124, 118, 118, 124, 125, 118, 125, 119, 120, 126, 127, 120, 127, 121, 121, 127, 128, 121, 128, 122, 122, 128, 129, 122, 129, 123, 123, 129, 130, 123, 130, 124, 124, 130, 131, 124, 131, 125, 126, 132, 133, 126, 133, 127, 127, 133, 134, 127, 134, 128, 128, 134, 135, 128, 135, 129, 129, 135, 136, 129, 136, 130, 130, 136, 137, 130, 137, 131, 132, 138, 139, 132, 139, 133, 133, 139, 140, 133, 140, 134, 134, 140, 141, 134, 141, 135, 135, 141, 142, 135, 142, 136, 136, 142, 143, 136, 143, 137, 145, 151, 150, 145, 150, 144, 146, 152, 151, 146, 151, 145, 147, 153, 152, 147, 152, 146, 148, 154, 153, 148, 153, 147, 149, 155, 154, 149, 154, 148, 151, 157, 156, 151, 156, 150, 152, 158, 157, 152, 157, 151, 153, 159, 158, 153, 158, 152, 154, 160, 159, 154, 159, 153, 155, 161, 160, 155, 160, 154, 157, 163, 162, 157, 162, 156, 158, 164, 163, 158, 163, 157, 159, 165, 164, 159, 164, 158, 160, 166, 165, 160, 165, 159, 161, 167, 166, 161, 166, 160, 163, 169, 168, 163, 168, 162, 164, 170, 169, 164, 169, 163, 165, 171, 170, 165, 170, 164, 166, 172, 171, 166, 171, 165, 167, 173, 172, 167, 172, 166, 169, 175, 174, 169, 174, 168, 170, 176, 175, 170, 175, 169, 171, 177, 176, 171, 176, 170, 172, 178, 177, 172, 177, 171, 173, 179, 178, 173, 178, 172, 180, 186, 187, 180, 187, 181, 181, 187, 188, 181, 188, 182, 182, 188, 189, 182, 189, 183, 183, 189, 190, 183, 190, 184, 184, 190, 191, 184, 191, 185, 186, 192, 193, 186, 193, 187, 187, 193, 194, 187, 194, 188, 188, 194, 195, 188, 195, 189, 189, 195, 196, 189, 196, 190, 190, 196, 197, 190, 197, 191, 192, 198, 199, 192, 199, 193, 193, 199, 200, 193, 200, 194, 194, 200, 201, 194, 201, 195, 195, 201, 202, 195, 202, 196, 196, 202, 203, 196, 203, 197, 198, 204, 205, 198, 205, 199, 199, 205, 206, 199, 206, 200, 200, 206, 207, 200, 207, 201, 201, 207, 208, 201, 208, 202, 202, 208, 209, 202, 209, 203, 204, 210, 211, 204, 211, 205, 205, 211, 212, 205, 212, 206, 206, 212, 213, 206, 213, 207, 207, 213, 214, 207, 214, 208, 208, 214, 215, 208, 215, 209]
            normal3f[] normals = [(-0.7745967, -0.4472136, -0.4472136), (-0.7668657, -0.5195657, -0.376787), (-0.8114213, -0.5844567, -0.002433628), (-0.8112421, -0.5847102, 0.0005043401), (-0.7900625, -0.5555967, 0.2590629), (-0.7071068, -0.5, 0.5), (-0.7668657, -0.376787, -0.5195657), (-0.8559572, -0.3656073, -0.3656073), (-0.8961345, -0.4437789, -0.001804751), (-0.945066, -0.3268773, 0.001211223), (-0.8844941, -0.3299016, 0.3299016), (-0.7900625, -0.2590629, 0.5555967), (-0.8118281, -0.008227935, -0.5838386), (-0.8973103, -0.00616946, -0.4413572), (-0.9999172, -0.01235679, -0.003578342), (-0.9999941, -0.003285339, 0.0009742281), (-0.9445719, -0.00416251, 0.3282781), (-0.8112409, -0.00174595, 0.5847094), (-0.8112409, 0.00174595, -0.5847094), (-0.9445719, 0.00416251, -0.3282781), (-0.9999941, 0.003285339, -0.0009742281), (-0.9999172, 0.01235679, 0.003578342), (-0.8973103, 0.00616946, 0.4413572), (-0.8118281, 0.008227935, 0.5838386), (-0.7900625, 0.2590629, -0.5555967), (-0.8844941, 0.3299016, -0.3299016), (-0.945066, 0.3268773, -0.001211223), (-0.8961345, 0.4437789, 0.001804751), (-0.8559572, 0.3656073, 0.3656073), (-0.7668657, 0.376787, 0.5195657), (-0.7071068, 0.5, -0.5), (-0.7900625, 0.5555967, -0.2590629), (-0.8112421, 0.5847102, -0.0005043401), (-0.8114213, 0.5844567, 0.002433628), (-0.7668657, 0.5195657, 0.376787), (-0.7745967, 0.4472136, 0.4472136), (0.7071068, -0.5, -0.5), (0.7900625, -0.5555967, -0.2590629), (0.8112421, -0.5847102, -0.0005043401), (0.8114213, -0.5844567, 0.002433628), (0.7668657, -0.5195657, 0.376787), (0.7745967, -0.4472136, 0.4472136), (0.7900625, -0.2590629, -0.5555967), (0.8844941, -0.3299016, -0.3299016), (0.945066, -0.3268773, -0.001211223), (0.8961345, -0.4437789, 0.001804751), (0.8559572, -0.3656073, 0.3656073), (0.7668657, -0.376787, 0.5195657), (0.8112409, -0.00174595, -0.5847094), (0.9445719, -0.00416251, -0.3282781), (0.9999941, -0.003285339, -0.0009742281), (0.9999172, -0.01235679, 0.003578342), (0.8973103, -0.00616946, 0.4413572), (0.8118281, -0.008227935, 0.5838386), (0.8118281, 0.008227935, -0.5838386), (0.8973103, 0.00616946, -0.4413572), (0.9999172, 0.01235679, -0.003578342), (0.9999941, 0.003285339, 0.0009742281), (0.9445719, 0.00416251, 0.3282781), (0.8112409, 0.00174595, 0.5847094), (0.7668657, 0.376787, -0.5195657), (0.8559572, 0.3656073, -0.3656073), (0.8961345, 0.4437789, -0.001804751), (0.945066, 0.3268773, 0.001211223), (0.8844941, 0.3299016, 0.3299016), (0.7900625, 0.2590629, 0.5555967), (0.7745967, 0.4472136, -0.4472136), (0.7668657, 0.5195657, -0.376787), (0.8114213, 0.5844567, -0.002433628), (0.8112421, 0.5847102, 0.0005043401), (0.7900625, 0.5555967, 0.2590629), (0.7071068, 0.5, 0.5), (-0.4472136, -0.7745967, -0.4472136), (-0.376787, -0.7668657, -0.5195657), (-0.01146393, -0.8120432, -0.5834848), (0.002465615, -0.8112397, -0.5847085), (0.2590629, -0.7900625, -0.5555967), (0.5, -0.7071068, -0.5), (-0.5195657, -0.7668657, -0.376787), (-0.3656073, -0.8559572, -0.3656073), (-0.008649511, -0.8979679, -0.439976), (0.005853503, -0.9442842, -0.3290792), (0.3299016, -0.8844941, -0.3299016), (0.5555967, -0.7900625, -0.2590629), (-0.5844567, -0.8114213, -0.002433628), (-0.4437789, -0.8961345, -0.001804751), (-0.01714868, -0.9998467, -0.003521607), (0.004632528, -0.9999888, -0.0009873517), (0.3268773, -0.945066, -0.001211223), (0.5847102, -0.8112421, -0.0005043401), (-0.5847102, -0.8112421, 0.0005043401), (-0.3268773, -0.945066, 0.001211223), (-0.004632528, -0.9999888, 0.0009873517), (0.01714868, -0.9998467, 0.003521607), (0.4437789, -0.8961345, 0.001804751), (0.5844567, -0.8114213, 0.002433628), (-0.5555967, -0.7900625, 0.2590629), (-0.3299016, -0.8844941, 0.3299016), (-0.005853503, -0.9442842, 0.3290792), (0.008649511, -0.8979679, 0.439976), (0.3656073, -0.8559572, 0.3656073), (0.5195657, -0.7668657, 0.376787), (-0.5, -0.7071068, 0.5), (-0.2590629, -0.7900625, 0.5555967), (-0.002465615, -0.8112397, 0.5847085), (0.01146393, -0.8120432, 0.5834848), (0.376787, -0.7668657, 0.5195657), (0.4472136, -0.7745967, 0.4472136), (-0.5, 0.7071068, -0.5), (-0.2590629, 0.7900625, -0.5555967), (-0.002465615, 0.8112397, -0.5847085), (0.01146393, 0.8120432, -0.5834848), (0.376787, 0.7668657, -0.5195657), (0.4472136, 0.7745967, -0.4472136), (-0.5555967, 0.7900625, -0.2590629), (-0.3299016, 0.8844941, -0.3299016), (-0.005853503, 0.9442842, -0.3290792), (0.008649511, 0.8979679, -0.439976), (0.3656073, 0.8559572, -0.3656073), (0.5195657, 0.7668657, -0.376787), (-0.5847102, 0.8112421, -0.0005043401), (-0.3268773, 0.945066, -0.001211223), (-0.004632528, 0.9999888, -0.0009873517), (0.01714868, 0.9998467, -0.003521607), (0.4437789, 0.8961345, -0.001804751), (0.5844567, 0.8114213, -0.002433628), (-0.5844567, 0.8114213, 0.002433628), (-0.4437789, 0.8961345, 0.001804751), (-0.01714868, 0.9998467, 0.003521607), (0.004632528, 0.9999888, 0.0009873517), (0.3268773, 0.945066, 0.001211223), (0.5847102, 0.8112421, 0.0005043401), (-0.5195657, 0.7668657, 0.376787), (-0.3656073, 0.8559572, 0.3656073), (-0.008649511, 0.8979679, 0.439976), (0.005853503, 0.9442842, 0.3290792), (0.3299016, 0.8844941, 0.3299016), (0.5555967, 0.7900625, 0.2590629), (-0.4472136, 0.7745967, 0.4472136), (-0.376787, 0.7668657, 0.5195657), (-0.01146393, 0.8120432, 0.5834848), (0.002465615, 0.8112397, 0.5847085), (0.2590629, 0.7900625, 0.5555967), (0.5, 0.7071068, 0.5), (-0.4472136, -0.4472136, -0.7745967), (-0.5195657, -0.376787, -0.7668657), (-0.5838386, -0.008227935, -0.8118281), (-0.5847094, 0.00174595, -0.8112409), (-0.5555967, 0.2590629, -0.7900625), (-0.5, 0.5, -0.7071068), (-0.376787, -0.5195657, -0.7668657), (-0.3656073, -0.3656073, -0.8559572), (-0.4413572, -0.00616946, -0.8973103), (-0.3282781, 0.00416251, -0.9445719), (-0.3299016, 0.3299016, -0.8844941), (-0.2590629, 0.5555967, -0.7900625), (-0.01146393, -0.5834848, -0.8120432), (-0.008649511, -0.439976, -0.8979679), (-0.01669823, -0.01184143, -0.9997905), (-0.004741335, 0.003407799, -0.999983), (-0.005853503, 0.3290792, -0.9442842), (-0.002465615, 0.5847085, -0.8112397), (0.002465615, -0.5847085, -0.8112397), (0.005853503, -0.3290792, -0.9442842), (0.004741335, -0.003407799, -0.999983), (0.01669823, 0.01184143, -0.9997905), (0.008649511, 0.439976, -0.8979679), (0.01146393, 0.5834848, -0.8120432), (0.2590629, -0.5555967, -0.7900625), (0.3299016, -0.3299016, -0.8844941), (0.3282781, -0.00416251, -0.9445719), (0.4413572, 0.00616946, -0.8973103), (0.3656073, 0.3656073, -0.8559572), (0.376787, 0.5195657, -0.7668657), (0.5, -0.5, -0.7071068), (0.5555967, -0.2590629, -0.7900625), (0.5847094, -0.00174595, -0.8112409), (0.5838386, 0.008227935, -0.8118281), (0.5195657, 0.376787, -0.7668657), (0.4472136, 0.4472136, -0.7745967), (-0.5, -0.5, 0.7071068), (-0.5555967, -0.2590629, 0.7900625), (-0.5847094, -0.00174595, 0.8112409), (-0.5838386, 0.008227935, 0.8118281), (-0.5195657, 0.376787, 0.7668657), (-0.4472136, 0.4472136, 0.7745967), (-0.2590629, -0.5555967, 0.7900625), (-0.3299016, -0.3299016, 0.8844941), (-0.3282781, -0.00416251, 0.9445719), (-0.4413572, 0.00616946, 0.8973103), (-0.3656073, 0.3656073, 0.8559572), (-0.376787, 0.5195657, 0.7668657), (-0.002465615, -0.5847085, 0.8112397), (-0.005853503, -0.3290792, 0.9442842), (-0.004741335, -0.003407799, 0.999983), (-0.01669823, 0.01184143, 0.9997905), (-0.008649511, 0.439976, 0.8979679), (-0.01146393, 0.5834848, 0.8120432), (0.01146393, -0.5834848, 0.8120432), (0.008649511, -0.439976, 0.8979679), (0.01669823, -0.01184143, 0.9997905), (0.004741335, 0.003407799, 0.999983), (0.005853503, 0.3290792, 0.9442842), (0.002465615, 0.5847085, 0.8112397), (0.376787, -0.5195657, 0.7668657), (0.3656073, -0.3656073, 0.8559572), (0.4413572, -0.00616946, 0.8973103), (0.3282781, 0.00416251, 0.9445719), (0.3299016, 0.3299016, 0.8844941), (0.2590629, 0.5555967, 0.7900625), (0.4472136, -0.4472136, 0.7745967), (0.5195657, -0.376787, 0.7668657), (0.5838386, -0.008227935, 0.8118281), (0.5847094, 0.00174595, 0.8112409), (0.5555967, 0.2590629, 0.7900625), (0.5, 0.5, 0.7071068)] (interpolation = "vertex")
            float3[] extent = [(0.006178125, -0.000336, 0.0031464), (0.006496875, 9.6e-05, 0.0045336)]
            rel material:binding = </WorkbenchPart/Materials/solder>
        }
        def Mesh "SMDEndTermination_08" (prepend apiSchemas = ["MaterialBindingAPI"])
        {
            uniform token subdivisionScheme = "none"
            uniform token orientation = "rightHanded"
            bool doubleSided = false
            point3f[] points = [(0.007763269, -0.0003258564, 0.003156544), (0.007761125, -0.000328, 0.0031624), (0.007760154, -0.0003289706, 0.0031704), (0.007760154, -0.0003289706, 0.0045096), (0.007761125, -0.000328, 0.0045176), (0.007763269, -0.0003258564, 0.004523456), (0.007761125, -0.00032, 0.0031544), (0.007757529, -0.000321798, 0.003160602), (0.007755659, -0.0003227331, 0.0031704), (0.007755659, -0.0003227331, 0.0045096), (0.007757529, -0.000321798, 0.004519398), (0.007761125, -0.00032, 0.0045256), (0.007760154, -0.000312, 0.003153429), (0.007755659, -0.000312, 0.003159667), (0.007753125, -0.000312, 0.0031704), (0.007753125, -0.000312, 0.0045096), (0.007755659, -0.000312, 0.004520333), (0.007760154, -0.000312, 0.004526571), (0.007760154, 7.2e-05, 0.003153429), (0.007755659, 7.2e-05, 0.003159667), (0.007753125, 7.2e-05, 0.0031704), (0.007753125, 7.2e-05, 0.0045096), (0.007755659, 7.2e-05, 0.004520333), (0.007760154, 7.2e-05, 0.004526571), (0.007761125, 8e-05, 0.0031544), (0.007757529, 8.179796e-05, 0.003160602), (0.007755659, 8.273313e-05, 0.0031704), (0.007755659, 8.273313e-05, 0.0045096), (0.007757529, 8.179796e-05, 0.004519398), (0.007761125, 8e-05, 0.0045256), (0.007763269, 8.585641e-05, 0.003156544), (0.007761125, 8.8e-05, 0.0031624), (0.007760154, 8.897056e-05, 0.0031704), (0.007760154, 8.897056e-05, 0.0045096), (0.007761125, 8.8e-05, 0.0045176), (0.007763269, 8.585641e-05, 0.004523456), (0.008061731, -0.0003258564, 0.003156544), (0.008063875, -0.000328, 0.0031624), (0.008064846, -0.0003289706, 0.0031704), (0.008064846, -0.0003289706, 0.0045096), (0.008063875, -0.000328, 0.0045176), (0.008061731, -0.0003258564, 0.004523456), (0.008063875, -0.00032, 0.0031544), (0.008067471, -0.000321798, 0.003160602), (0.008069341, -0.0003227331, 0.0031704), (0.008069341, -0.0003227331, 0.0045096), (0.008067471, -0.000321798, 0.004519398), (0.008063875, -0.00032, 0.0045256), (0.008064846, -0.000312, 0.003153429), (0.008069341, -0.000312, 0.003159667), (0.008071875, -0.000312, 0.0031704), (0.008071875, -0.000312, 0.0045096), (0.008069341, -0.000312, 0.004520333), (0.008064846, -0.000312, 0.004526571), (0.008064846, 7.2e-05, 0.003153429), (0.008069341, 7.2e-05, 0.003159667), (0.008071875, 7.2e-05, 0.0031704), (0.008071875, 7.2e-05, 0.0045096), (0.008069341, 7.2e-05, 0.004520333), (0.008064846, 7.2e-05, 0.004526571), (0.008063875, 8e-05, 0.0031544), (0.008067471, 8.179796e-05, 0.003160602), (0.008069341, 8.273313e-05, 0.0031704), (0.008069341, 8.273313e-05, 0.0045096), (0.008067471, 8.179796e-05, 0.004519398), (0.008063875, 8e-05, 0.0045256), (0.008061731, 8.585641e-05, 0.003156544), (0.008063875, 8.8e-05, 0.0031624), (0.008064846, 8.897056e-05, 0.0031704), (0.008064846, 8.897056e-05, 0.0045096), (0.008063875, 8.8e-05, 0.0045176), (0.008061731, 8.585641e-05, 0.004523456), (0.007763269, -0.0003258564, 0.003156544), (0.007769125, -0.000328, 0.0031544), (0.007777125, -0.0003289706, 0.003153429), (0.008047875, -0.0003289706, 0.003153429), (0.008055875, -0.000328, 0.0031544), (0.008061731, -0.0003258564, 0.003156544), (0.007761125, -0.000328, 0.0031624), (0.007767327, -0.0003315959, 0.003160602), (0.007777125, -0.0003334663, 0.003159667), (0.008047875, -0.0003334663, 0.003159667), (0.008057673, -0.0003315959, 0.003160602), (0.008063875, -0.000328, 0.0031624), (0.007760154, -0.0003289706, 0.0031704), (0.007766392, -0.0003334663, 0.0031704), (0.007777125, -0.000336, 0.0031704), (0.008047875, -0.000336, 0.0031704), (0.008058608, -0.0003334663, 0.0031704), (0.008064846, -0.0003289706, 0.0031704), (0.007760154, -0.0003289706, 0.0045096), (0.007766392, -0.0003334663, 0.0045096), (0.007777125, -0.000336, 0.0045096), (0.008047875, -0.000336, 0.0045096), (0.008058608, -0.0003334663, 0.0045096), (0.008064846, -0.0003289706, 0.0045096), (0.007761125, -0.000328, 0.0045176), (0.007767327, -0.0003315959, 0.004519398), (0.007777125, -0.0003334663, 0.004520333), (0.008047875, -0.0003334663, 0.004520333), (0.008057673, -0.0003315959, 0.004519398), (0.008063875, -0.000328, 0.0045176), (0.007763269, -0.0003258564, 0.004523456), (0.007769125, -0.000328, 0.0045256), (0.007777125, -0.0003289706, 0.004526571), (0.008047875, -0.0003289706, 0.004526571), (0.008055875, -0.000328, 0.0045256), (0.008061731, -0.0003258564, 0.004523456), (0.007763269, 8.585641e-05, 0.003156544), (0.007769125, 8.8e-05, 0.0031544), (0.007777125, 8.897056e-05, 0.003153429), (0.008047875, 8.897056e-05, 0.003153429), (0.008055875, 8.8e-05, 0.0031544), (0.008061731, 8.585641e-05, 0.003156544), (0.007761125, 8.8e-05, 0.0031624), (0.007767327, 9.159592e-05, 0.003160602), (0.007777125, 9.346625e-05, 0.003159667), (0.008047875, 9.346625e-05, 0.003159667), (0.008057673, 9.159592e-05, 0.003160602), (0.008063875, 8.8e-05, 0.0031624), (0.007760154, 8.897056e-05, 0.0031704), (0.007766392, 9.346625e-05, 0.0031704), (0.007777125, 9.6e-05, 0.0031704), (0.008047875, 9.6e-05, 0.0031704), (0.008058608, 9.346625e-05, 0.0031704), (0.008064846, 8.897056e-05, 0.0031704), (0.007760154, 8.897056e-05, 0.0045096), (0.007766392, 9.346625e-05, 0.0045096), (0.007777125, 9.6e-05, 0.0045096), (0.008047875, 9.6e-05, 0.0045096), (0.008058608, 9.346625e-05, 0.0045096), (0.008064846, 8.897056e-05, 0.0045096), (0.007761125, 8.8e-05, 0.0045176), (0.007767327, 9.159592e-05, 0.004519398), (0.007777125, 9.346625e-05, 0.004520333), (0.008047875, 9.346625e-05, 0.004520333), (0.008057673, 9.159592e-05, 0.004519398), (0.008063875, 8.8e-05, 0.0045176), (0.007763269, 8.585641e-05, 0.004523456), (0.007769125, 8.8e-05, 0.0045256), (0.007777125, 8.897056e-05, 0.004526571), (0.008047875, 8.897056e-05, 0.004526571), (0.008055875, 8.8e-05, 0.0045256), (0.008061731, 8.585641e-05, 0.004523456), (0.007763269, -0.0003258564, 0.003156544), (0.007761125, -0.00032, 0.0031544), (0.007760154, -0.000312, 0.003153429), (0.007760154, 7.2e-05, 0.003153429), (0.007761125, 8e-05, 0.0031544), (0.007763269, 8.585641e-05, 0.003156544), (0.007769125, -0.000328, 0.0031544), (0.007767327, -0.000321798, 0.003150804), (0.007766392, -0.000312, 0.003148934), (0.007766392, 7.2e-05, 0.003148934), (0.007767327, 8.179796e-05, 0.003150804), (0.007769125, 8.8e-05, 0.0031544), (0.007777125, -0.0003289706, 0.003153429), (0.007777125, -0.0003227331, 0.003148934), (0.007777125, -0.000312, 0.0031464), (0.007777125, 7.2e-05, 0.0031464), (0.007777125, 8.273313e-05, 0.003148934), (0.007777125, 8.897056e-05, 0.003153429), (0.008047875, -0.0003289706, 0.003153429), (0.008047875, -0.0003227331, 0.003148934), (0.008047875, -0.000312, 0.0031464), (0.008047875, 7.2e-05, 0.0031464), (0.008047875, 8.273313e-05, 0.003148934), (0.008047875, 8.897056e-05, 0.003153429), (0.008055875, -0.000328, 0.0031544), (0.008057673, -0.000321798, 0.003150804), (0.008058608, -0.000312, 0.003148934), (0.008058608, 7.2e-05, 0.003148934), (0.008057673, 8.179796e-05, 0.003150804), (0.008055875, 8.8e-05, 0.0031544), (0.008061731, -0.0003258564, 0.003156544), (0.008063875, -0.00032, 0.0031544), (0.008064846, -0.000312, 0.003153429), (0.008064846, 7.2e-05, 0.003153429), (0.008063875, 8e-05, 0.0031544), (0.008061731, 8.585641e-05, 0.003156544), (0.007763269, -0.0003258564, 0.004523456), (0.007761125, -0.00032, 0.0045256), (0.007760154, -0.000312, 0.004526571), (0.007760154, 7.2e-05, 0.004526571), (0.007761125, 8e-05, 0.0045256), (0.007763269, 8.585641e-05, 0.004523456), (0.007769125, -0.000328, 0.0045256), (0.007767327, -0.000321798, 0.004529196), (0.007766392, -0.000312, 0.004531066), (0.007766392, 7.2e-05, 0.004531066), (0.007767327, 8.179796e-05, 0.004529196), (0.007769125, 8.8e-05, 0.0045256), (0.007777125, -0.0003289706, 0.004526571), (0.007777125, -0.0003227331, 0.004531066), (0.007777125, -0.000312, 0.0045336), (0.007777125, 7.2e-05, 0.0045336), (0.007777125, 8.273313e-05, 0.004531066), (0.007777125, 8.897056e-05, 0.004526571), (0.008047875, -0.0003289706, 0.004526571), (0.008047875, -0.0003227331, 0.004531066), (0.008047875, -0.000312, 0.0045336), (0.008047875, 7.2e-05, 0.0045336), (0.008047875, 8.273313e-05, 0.004531066), (0.008047875, 8.897056e-05, 0.004526571), (0.008055875, -0.000328, 0.0045256), (0.008057673, -0.000321798, 0.004529196), (0.008058608, -0.000312, 0.004531066), (0.008058608, 7.2e-05, 0.004531066), (0.008057673, 8.179796e-05, 0.004529196), (0.008055875, 8.8e-05, 0.0045256), (0.008061731, -0.0003258564, 0.004523456), (0.008063875, -0.00032, 0.0045256), (0.008064846, -0.000312, 0.004526571), (0.008064846, 7.2e-05, 0.004526571), (0.008063875, 8e-05, 0.0045256), (0.008061731, 8.585641e-05, 0.004523456)]
            int[] faceVertexCounts = [3, 3, 3, 3, 3, 3, 3, 3, 3, 3, 3, 3, 3, 3, 3, 3, 3, 3, 3, 3, 3, 3, 3, 3, 3, 3, 3, 3, 3, 3, 3, 3, 3, 3, 3, 3, 3, 3, 3, 3, 3, 3, 3, 3, 3, 3, 3, 3, 3, 3, 3, 3, 3, 3, 3, 3, 3, 3, 3, 3, 3, 3, 3, 3, 3, 3, 3, 3, 3, 3, 3, 3, 3, 3, 3, 3, 3, 3, 3, 3, 3, 3, 3, 3, 3, 3, 3, 3, 3, 3, 3, 3, 3, 3, 3, 3, 3, 3, 3, 3, 3, 3, 3, 3, 3, 3, 3, 3, 3, 3, 3, 3, 3, 3, 3, 3, 3, 3, 3, 3, 3, 3, 3, 3, 3, 3, 3, 3, 3, 3, 3, 3, 3, 3, 3, 3, 3, 3, 3, 3, 3, 3, 3, 3, 3, 3, 3, 3, 3, 3, 3, 3, 3, 3, 3, 3, 3, 3, 3, 3, 3, 3, 3, 3, 3, 3, 3, 3, 3, 3, 3, 3, 3, 3, 3, 3, 3, 3, 3, 3, 3, 3, 3, 3, 3, 3, 3, 3, 3, 3, 3, 3, 3, 3, 3, 3, 3, 3, 3, 3, 3, 3, 3, 3, 3, 3, 3, 3, 3, 3, 3, 3, 3, 3, 3, 3, 3, 3, 3, 3, 3, 3, 3, 3, 3, 3, 3, 3, 3, 3, 3, 3, 3, 3, 3, 3, 3, 3, 3, 3, 3, 3, 3, 3, 3, 3, 3, 3, 3, 3, 3, 3, 3, 3, 3, 3, 3, 3, 3, 3, 3, 3, 3, 3, 3, 3, 3, 3, 3, 3, 3, 3, 3, 3, 3, 3, 3, 3, 3, 3, 3, 3, 3, 3, 3, 3, 3, 3, 3, 3, 3, 3, 3, 3, 3, 3, 3, 3, 3, 3]
            int[] faceVertexIndices = [1, 7, 6, 1, 6, 0, 2, 8, 7, 2, 7, 1, 3, 9, 8, 3, 8, 2, 4, 10, 9, 4, 9, 3, 5, 11, 10, 5, 10, 4, 7, 13, 12, 7, 12, 6, 8, 14, 13, 8, 13, 7, 9, 15, 14, 9, 14, 8, 10, 16, 15, 10, 15, 9, 11, 17, 16, 11, 16, 10, 13, 19, 18, 13, 18, 12, 14, 20, 19, 14, 19, 13, 15, 21, 20, 15, 20, 14, 16, 22, 21, 16, 21, 15, 17, 23, 22, 17, 22, 16, 19, 25, 24, 19, 24, 18, 20, 26, 25, 20, 25, 19, 21, 27, 26, 21, 26, 20, 22, 28, 27, 22, 27, 21, 23, 29, 28, 23, 28, 22, 25, 31, 30, 25, 30, 24, 26, 32, 31, 26, 31, 25, 27, 33, 32, 27, 32, 26, 28, 34, 33, 28, 33, 27, 29, 35, 34, 29, 34, 28, 36, 42, 43, 36, 43, 37, 37, 43, 44, 37, 44, 38, 38, 44, 45, 38, 45, 39, 39, 45, 46, 39, 46, 40, 40, 46, 47, 40, 47, 41, 42, 48, 49, 42, 49, 43, 43, 49, 50, 43, 50, 44, 44, 50, 51, 44, 51, 45, 45, 51, 52, 45, 52, 46, 46, 52, 53, 46, 53, 47, 48, 54, 55, 48, 55, 49, 49, 55, 56, 49, 56, 50, 50, 56, 57, 50, 57, 51, 51, 57, 58, 51, 58, 52, 52, 58, 59, 52, 59, 53, 54, 60, 61, 54, 61, 55, 55, 61, 62, 55, 62, 56, 56, 62, 63, 56, 63, 57, 57, 63, 64, 57, 64, 58, 58, 64, 65, 58, 65, 59, 60, 66, 67, 60, 67, 61, 61, 67, 68, 61, 68, 62, 62, 68, 69, 62, 69, 63, 63, 69, 70, 63, 70, 64, 64, 70, 71, 64, 71, 65, 73, 79, 78, 73, 78, 72, 74, 80, 79, 74, 79, 73, 75, 81, 80, 75, 80, 74, 76, 82, 81, 76, 81, 75, 77, 83, 82, 77, 82, 76, 79, 85, 84, 79, 84, 78, 80, 86, 85, 80, 85, 79, 81, 87, 86, 81, 86, 80, 82, 88, 87, 82, 87, 81, 83, 89, 88, 83, 88, 82, 85, 91, 90, 85, 90, 84, 86, 92, 91, 86, 91, 85, 87, 93, 92, 87, 92, 86, 88, 94, 93, 88, 93, 87, 89, 95, 94, 89, 94, 88, 91, 97, 96, 91, 96, 90, 92, 98, 97, 92, 97, 91, 93, 99, 98, 93, 98, 92, 94, 100, 99, 94, 99, 93, 95, 101, 100, 95, 100, 94, 97, 103, 102, 97, 102, 96, 98, 104, 103, 98, 103, 97, 99, 105, 104, 99, 104, 98, 100, 106, 105, 100, 105, 99, 101, 107, 106, 101, 106, 100, 108, 114, 115, 108, 115, 109, 109, 115, 116, 109, 116, 110, 110, 116, 117, 110, 117, 111, 111, 117, 118, 111, 118, 112, 112, 118, 119, 112, 119, 113, 114, 120, 121, 114, 121, 115, 115, 121, 122, 115, 122, 116, 116, 122, 123, 116, 123, 117, 117, 123, 124, 117, 124, 118, 118, 124, 125, 118, 125, 119, 120, 126, 127, 120, 127, 121, 121, 127, 128, 121, 128, 122, 122, 128, 129, 122, 129, 123, 123, 129, 130, 123, 130, 124, 124, 130, 131, 124, 131, 125, 126, 132, 133, 126, 133, 127, 127, 133, 134, 127, 134, 128, 128, 134, 135, 128, 135, 129, 129, 135, 136, 129, 136, 130, 130, 136, 137, 130, 137, 131, 132, 138, 139, 132, 139, 133, 133, 139, 140, 133, 140, 134, 134, 140, 141, 134, 141, 135, 135, 141, 142, 135, 142, 136, 136, 142, 143, 136, 143, 137, 145, 151, 150, 145, 150, 144, 146, 152, 151, 146, 151, 145, 147, 153, 152, 147, 152, 146, 148, 154, 153, 148, 153, 147, 149, 155, 154, 149, 154, 148, 151, 157, 156, 151, 156, 150, 152, 158, 157, 152, 157, 151, 153, 159, 158, 153, 158, 152, 154, 160, 159, 154, 159, 153, 155, 161, 160, 155, 160, 154, 157, 163, 162, 157, 162, 156, 158, 164, 163, 158, 163, 157, 159, 165, 164, 159, 164, 158, 160, 166, 165, 160, 165, 159, 161, 167, 166, 161, 166, 160, 163, 169, 168, 163, 168, 162, 164, 170, 169, 164, 169, 163, 165, 171, 170, 165, 170, 164, 166, 172, 171, 166, 171, 165, 167, 173, 172, 167, 172, 166, 169, 175, 174, 169, 174, 168, 170, 176, 175, 170, 175, 169, 171, 177, 176, 171, 176, 170, 172, 178, 177, 172, 177, 171, 173, 179, 178, 173, 178, 172, 180, 186, 187, 180, 187, 181, 181, 187, 188, 181, 188, 182, 182, 188, 189, 182, 189, 183, 183, 189, 190, 183, 190, 184, 184, 190, 191, 184, 191, 185, 186, 192, 193, 186, 193, 187, 187, 193, 194, 187, 194, 188, 188, 194, 195, 188, 195, 189, 189, 195, 196, 189, 196, 190, 190, 196, 197, 190, 197, 191, 192, 198, 199, 192, 199, 193, 193, 199, 200, 193, 200, 194, 194, 200, 201, 194, 201, 195, 195, 201, 202, 195, 202, 196, 196, 202, 203, 196, 203, 197, 198, 204, 205, 198, 205, 199, 199, 205, 206, 199, 206, 200, 200, 206, 207, 200, 207, 201, 201, 207, 208, 201, 208, 202, 202, 208, 209, 202, 209, 203, 204, 210, 211, 204, 211, 205, 205, 211, 212, 205, 212, 206, 206, 212, 213, 206, 213, 207, 207, 213, 214, 207, 214, 208, 208, 214, 215, 208, 215, 209]
            normal3f[] normals = [(-0.7745967, -0.4472136, -0.4472136), (-0.7668657, -0.5195657, -0.376787), (-0.8114213, -0.5844567, -0.002433628), (-0.8112421, -0.5847102, 0.0005043401), (-0.7900625, -0.5555967, 0.2590629), (-0.7071068, -0.5, 0.5), (-0.7668657, -0.376787, -0.5195657), (-0.8559572, -0.3656073, -0.3656073), (-0.8961345, -0.4437789, -0.001804751), (-0.945066, -0.3268773, 0.001211223), (-0.8844941, -0.3299016, 0.3299016), (-0.7900625, -0.2590629, 0.5555967), (-0.8118281, -0.008227935, -0.5838386), (-0.8973103, -0.00616946, -0.4413572), (-0.9999172, -0.01235679, -0.003578342), (-0.9999941, -0.003285339, 0.0009742281), (-0.9445719, -0.00416251, 0.3282781), (-0.8112409, -0.00174595, 0.5847094), (-0.8112409, 0.00174595, -0.5847094), (-0.9445719, 0.00416251, -0.3282781), (-0.9999941, 0.003285339, -0.0009742281), (-0.9999172, 0.01235679, 0.003578342), (-0.8973103, 0.00616946, 0.4413572), (-0.8118281, 0.008227935, 0.5838386), (-0.7900625, 0.2590629, -0.5555967), (-0.8844941, 0.3299016, -0.3299016), (-0.945066, 0.3268773, -0.001211223), (-0.8961345, 0.4437789, 0.001804751), (-0.8559572, 0.3656073, 0.3656073), (-0.7668657, 0.376787, 0.5195657), (-0.7071068, 0.5, -0.5), (-0.7900625, 0.5555967, -0.2590629), (-0.8112421, 0.5847102, -0.0005043401), (-0.8114213, 0.5844567, 0.002433628), (-0.7668657, 0.5195657, 0.376787), (-0.7745967, 0.4472136, 0.4472136), (0.7071068, -0.5, -0.5), (0.7900625, -0.5555967, -0.2590629), (0.8112421, -0.5847102, -0.0005043401), (0.8114213, -0.5844567, 0.002433628), (0.7668657, -0.5195657, 0.376787), (0.7745967, -0.4472136, 0.4472136), (0.7900625, -0.2590629, -0.5555967), (0.8844941, -0.3299016, -0.3299016), (0.945066, -0.3268773, -0.001211223), (0.8961345, -0.4437789, 0.001804751), (0.8559572, -0.3656073, 0.3656073), (0.7668657, -0.376787, 0.5195657), (0.8112409, -0.00174595, -0.5847094), (0.9445719, -0.00416251, -0.3282781), (0.9999941, -0.003285339, -0.0009742281), (0.9999172, -0.01235679, 0.003578342), (0.8973103, -0.00616946, 0.4413572), (0.8118281, -0.008227935, 0.5838386), (0.8118281, 0.008227935, -0.5838386), (0.8973103, 0.00616946, -0.4413572), (0.9999172, 0.01235679, -0.003578342), (0.9999941, 0.003285339, 0.0009742281), (0.9445719, 0.00416251, 0.3282781), (0.8112409, 0.00174595, 0.5847094), (0.7668657, 0.376787, -0.5195657), (0.8559572, 0.3656073, -0.3656073), (0.8961345, 0.4437789, -0.001804751), (0.945066, 0.3268773, 0.001211223), (0.8844941, 0.3299016, 0.3299016), (0.7900625, 0.2590629, 0.5555967), (0.7745967, 0.4472136, -0.4472136), (0.7668657, 0.5195657, -0.376787), (0.8114213, 0.5844567, -0.002433628), (0.8112421, 0.5847102, 0.0005043401), (0.7900625, 0.5555967, 0.2590629), (0.7071068, 0.5, 0.5), (-0.4472136, -0.7745967, -0.4472136), (-0.376787, -0.7668657, -0.5195657), (-0.01146393, -0.8120432, -0.5834848), (0.002465615, -0.8112397, -0.5847085), (0.2590629, -0.7900625, -0.5555967), (0.5, -0.7071068, -0.5), (-0.5195657, -0.7668657, -0.376787), (-0.3656073, -0.8559572, -0.3656073), (-0.008649511, -0.8979679, -0.439976), (0.005853503, -0.9442842, -0.3290792), (0.3299016, -0.8844941, -0.3299016), (0.5555967, -0.7900625, -0.2590629), (-0.5844567, -0.8114213, -0.002433628), (-0.4437789, -0.8961345, -0.001804751), (-0.01714868, -0.9998467, -0.003521607), (0.004632528, -0.9999888, -0.0009873517), (0.3268773, -0.945066, -0.001211223), (0.5847102, -0.8112421, -0.0005043401), (-0.5847102, -0.8112421, 0.0005043401), (-0.3268773, -0.945066, 0.001211223), (-0.004632528, -0.9999888, 0.0009873517), (0.01714868, -0.9998467, 0.003521607), (0.4437789, -0.8961345, 0.001804751), (0.5844567, -0.8114213, 0.002433628), (-0.5555967, -0.7900625, 0.2590629), (-0.3299016, -0.8844941, 0.3299016), (-0.005853503, -0.9442842, 0.3290792), (0.008649511, -0.8979679, 0.439976), (0.3656073, -0.8559572, 0.3656073), (0.5195657, -0.7668657, 0.376787), (-0.5, -0.7071068, 0.5), (-0.2590629, -0.7900625, 0.5555967), (-0.002465615, -0.8112397, 0.5847085), (0.01146393, -0.8120432, 0.5834848), (0.376787, -0.7668657, 0.5195657), (0.4472136, -0.7745967, 0.4472136), (-0.5, 0.7071068, -0.5), (-0.2590629, 0.7900625, -0.5555967), (-0.002465615, 0.8112397, -0.5847085), (0.01146393, 0.8120432, -0.5834848), (0.376787, 0.7668657, -0.5195657), (0.4472136, 0.7745967, -0.4472136), (-0.5555967, 0.7900625, -0.2590629), (-0.3299016, 0.8844941, -0.3299016), (-0.005853503, 0.9442842, -0.3290792), (0.008649511, 0.8979679, -0.439976), (0.3656073, 0.8559572, -0.3656073), (0.5195657, 0.7668657, -0.376787), (-0.5847102, 0.8112421, -0.0005043401), (-0.3268773, 0.945066, -0.001211223), (-0.004632528, 0.9999888, -0.0009873517), (0.01714868, 0.9998467, -0.003521607), (0.4437789, 0.8961345, -0.001804751), (0.5844567, 0.8114213, -0.002433628), (-0.5844567, 0.8114213, 0.002433628), (-0.4437789, 0.8961345, 0.001804751), (-0.01714868, 0.9998467, 0.003521607), (0.004632528, 0.9999888, 0.0009873517), (0.3268773, 0.945066, 0.001211223), (0.5847102, 0.8112421, 0.0005043401), (-0.5195657, 0.7668657, 0.376787), (-0.3656073, 0.8559572, 0.3656073), (-0.008649511, 0.8979679, 0.439976), (0.005853503, 0.9442842, 0.3290792), (0.3299016, 0.8844941, 0.3299016), (0.5555967, 0.7900625, 0.2590629), (-0.4472136, 0.7745967, 0.4472136), (-0.376787, 0.7668657, 0.5195657), (-0.01146393, 0.8120432, 0.5834848), (0.002465615, 0.8112397, 0.5847085), (0.2590629, 0.7900625, 0.5555967), (0.5, 0.7071068, 0.5), (-0.4472136, -0.4472136, -0.7745967), (-0.5195657, -0.376787, -0.7668657), (-0.5838386, -0.008227935, -0.8118281), (-0.5847094, 0.00174595, -0.8112409), (-0.5555967, 0.2590629, -0.7900625), (-0.5, 0.5, -0.7071068), (-0.376787, -0.5195657, -0.7668657), (-0.3656073, -0.3656073, -0.8559572), (-0.4413572, -0.00616946, -0.8973103), (-0.3282781, 0.00416251, -0.9445719), (-0.3299016, 0.3299016, -0.8844941), (-0.2590629, 0.5555967, -0.7900625), (-0.01146393, -0.5834848, -0.8120432), (-0.008649511, -0.439976, -0.8979679), (-0.01669823, -0.01184143, -0.9997905), (-0.004741335, 0.003407799, -0.999983), (-0.005853503, 0.3290792, -0.9442842), (-0.002465615, 0.5847085, -0.8112397), (0.002465615, -0.5847085, -0.8112397), (0.005853503, -0.3290792, -0.9442842), (0.004741335, -0.003407799, -0.999983), (0.01669823, 0.01184143, -0.9997905), (0.008649511, 0.439976, -0.8979679), (0.01146393, 0.5834848, -0.8120432), (0.2590629, -0.5555967, -0.7900625), (0.3299016, -0.3299016, -0.8844941), (0.3282781, -0.00416251, -0.9445719), (0.4413572, 0.00616946, -0.8973103), (0.3656073, 0.3656073, -0.8559572), (0.376787, 0.5195657, -0.7668657), (0.5, -0.5, -0.7071068), (0.5555967, -0.2590629, -0.7900625), (0.5847094, -0.00174595, -0.8112409), (0.5838386, 0.008227935, -0.8118281), (0.5195657, 0.376787, -0.7668657), (0.4472136, 0.4472136, -0.7745967), (-0.5, -0.5, 0.7071068), (-0.5555967, -0.2590629, 0.7900625), (-0.5847094, -0.00174595, 0.8112409), (-0.5838386, 0.008227935, 0.8118281), (-0.5195657, 0.376787, 0.7668657), (-0.4472136, 0.4472136, 0.7745967), (-0.2590629, -0.5555967, 0.7900625), (-0.3299016, -0.3299016, 0.8844941), (-0.3282781, -0.00416251, 0.9445719), (-0.4413572, 0.00616946, 0.8973103), (-0.3656073, 0.3656073, 0.8559572), (-0.376787, 0.5195657, 0.7668657), (-0.002465615, -0.5847085, 0.8112397), (-0.005853503, -0.3290792, 0.9442842), (-0.004741335, -0.003407799, 0.999983), (-0.01669823, 0.01184143, 0.9997905), (-0.008649511, 0.439976, 0.8979679), (-0.01146393, 0.5834848, 0.8120432), (0.01146393, -0.5834848, 0.8120432), (0.008649511, -0.439976, 0.8979679), (0.01669823, -0.01184143, 0.9997905), (0.004741335, 0.003407799, 0.999983), (0.005853503, 0.3290792, 0.9442842), (0.002465615, 0.5847085, 0.8112397), (0.376787, -0.5195657, 0.7668657), (0.3656073, -0.3656073, 0.8559572), (0.4413572, -0.00616946, 0.8973103), (0.3282781, 0.00416251, 0.9445719), (0.3299016, 0.3299016, 0.8844941), (0.2590629, 0.5555967, 0.7900625), (0.4472136, -0.4472136, 0.7745967), (0.5195657, -0.376787, 0.7668657), (0.5838386, -0.008227935, 0.8118281), (0.5847094, 0.00174595, 0.8112409), (0.5555967, 0.2590629, 0.7900625), (0.5, 0.5, 0.7071068)] (interpolation = "vertex")
            float3[] extent = [(0.007753125, -0.000336, 0.0031464), (0.008071875, 9.6e-05, 0.0045336)]
            rel material:binding = </WorkbenchPart/Materials/solder>
        }
        def Mesh "ShieldSolderTab_01" (prepend apiSchemas = ["MaterialBindingAPI"])
        {
            uniform token subdivisionScheme = "none"
            uniform token orientation = "rightHanded"
            bool doubleSided = false
            point3f[] points = [(-0.009890829, -0.000180829, -0.005060829), (-0.009903333, -0.0001933333, -0.005026667), (-0.009908995, -0.0001989949, -0.00498), (-0.009908995, -0.0001989949, -0.00462), (-0.009903333, -0.0001933333, -0.004573333), (-0.009890829, -0.000180829, -0.004539171), (-0.009903333, -0.0001466667, -0.005073333), (-0.00992431, -0.0001571548, -0.005037155), (-0.00993522, -0.0001626099, -0.00498), (-0.00993522, -0.0001626099, -0.00462), (-0.00992431, -0.0001571548, -0.004562845), (-0.009903333, -0.0001466667, -0.004526667), (-0.009908995, -0.0001, -0.005078995), (-0.00993522, -0.0001, -0.00504261), (-0.00995, -0.0001, -0.00498), (-0.00995, -0.0001, -0.00462), (-0.00993522, -0.0001, -0.00455739), (-0.009908995, -0.0001, -0.004521005), (-0.009908995, 0.00026, -0.005078995), (-0.00993522, 0.00026, -0.00504261), (-0.00995, 0.00026, -0.00498), (-0.00995, 0.00026, -0.00462), (-0.00993522, 0.00026, -0.00455739), (-0.009908995, 0.00026, -0.004521005), (-0.009903333, 0.0003066667, -0.005073333), (-0.00992431, 0.0003171548, -0.005037155), (-0.00993522, 0.0003226099, -0.00498), (-0.00993522, 0.0003226099, -0.00462), (-0.00992431, 0.0003171548, -0.004562845), (-0.009903333, 0.0003066667, -0.004526667), (-0.009890829, 0.000340829, -0.005060829), (-0.009903333, 0.0003533333, -0.005026667), (-0.009908995, 0.0003589949, -0.00498), (-0.009908995, 0.0003589949, -0.00462), (-0.009903333, 0.0003533333, -0.004573333), (-0.009890829, 0.000340829, -0.004539171), (-0.008809171, -0.000180829, -0.005060829), (-0.008796667, -0.0001933333, -0.005026667), (-0.008791005, -0.0001989949, -0.00498), (-0.008791005, -0.0001989949, -0.00462), (-0.008796667, -0.0001933333, -0.004573333), (-0.008809171, -0.000180829, -0.004539171), (-0.008796667, -0.0001466667, -0.005073333), (-0.00877569, -0.0001571548, -0.005037155), (-0.00876478, -0.0001626099, -0.00498), (-0.00876478, -0.0001626099, -0.00462), (-0.00877569, -0.0001571548, -0.004562845), (-0.008796667, -0.0001466667, -0.004526667), (-0.008791005, -0.0001, -0.005078995), (-0.00876478, -0.0001, -0.00504261), (-0.00875, -0.0001, -0.00498), (-0.00875, -0.0001, -0.00462), (-0.00876478, -0.0001, -0.00455739), (-0.008791005, -0.0001, -0.004521005), (-0.008791005, 0.00026, -0.005078995), (-0.00876478, 0.00026, -0.00504261), (-0.00875, 0.00026, -0.00498), (-0.00875, 0.00026, -0.00462), (-0.00876478, 0.00026, -0.00455739), (-0.008791005, 0.00026, -0.004521005), (-0.008796667, 0.0003066667, -0.005073333), (-0.00877569, 0.0003171548, -0.005037155), (-0.00876478, 0.0003226099, -0.00498), (-0.00876478, 0.0003226099, -0.00462), (-0.00877569, 0.0003171548, -0.004562845), (-0.008796667, 0.0003066667, -0.004526667), (-0.008809171, 0.000340829, -0.005060829), (-0.008796667, 0.0003533333, -0.005026667), (-0.008791005, 0.0003589949, -0.00498), (-0.008791005, 0.0003589949, -0.00462), (-0.008796667, 0.0003533333, -0.004573333), (-0.008809171, 0.000340829, -0.004539171), (-0.009890829, -0.000180829, -0.005060829), (-0.009856667, -0.0001933333, -0.005073333), (-0.00981, -0.0001989949, -0.005078995), (-0.00889, -0.0001989949, -0.005078995), (-0.008843333, -0.0001933333, -0.005073333), (-0.008809171, -0.000180829, -0.005060829), (-0.009903333, -0.0001933333, -0.005026667), (-0.009867155, -0.0002143095, -0.005037155), (-0.00981, -0.0002252198, -0.00504261), (-0.00889, -0.0002252198, -0.00504261), (-0.008832845, -0.0002143095, -0.005037155), (-0.008796667, -0.0001933333, -0.005026667), (-0.009908995, -0.0001989949, -0.00498), (-0.00987261, -0.0002252198, -0.00498), (-0.00981, -0.00024, -0.00498), (-0.00889, -0.00024, -0.00498), (-0.00882739, -0.0002252198, -0.00498), (-0.008791005, -0.0001989949, -0.00498), (-0.009908995, -0.0001989949, -0.00462), (-0.00987261, -0.0002252198, -0.00462), (-0.00981, -0.00024, -0.00462), (-0.00889, -0.00024, -0.00462), (-0.00882739, -0.0002252198, -0.00462), (-0.008791005, -0.0001989949, -0.00462), (-0.009903333, -0.0001933333, -0.004573333), (-0.009867155, -0.0002143095, -0.004562845), (-0.00981, -0.0002252198, -0.00455739), (-0.00889, -0.0002252198, -0.00455739), (-0.008832845, -0.0002143095, -0.004562845), (-0.008796667, -0.0001933333, -0.004573333), (-0.009890829, -0.000180829, -0.004539171), (-0.009856667, -0.0001933333, -0.004526667), (-0.00981, -0.0001989949, -0.004521005), (-0.00889, -0.0001989949, -0.004521005), (-0.008843333, -0.0001933333, -0.004526667), (-0.008809171, -0.000180829, -0.004539171), (-0.009890829, 0.000340829, -0.005060829), (-0.009856667, 0.0003533333, -0.005073333), (-0.00981, 0.0003589949, -0.005078995), (-0.00889, 0.0003589949, -0.005078995), (-0.008843333, 0.0003533333, -0.005073333), (-0.008809171, 0.000340829, -0.005060829), (-0.009903333, 0.0003533333, -0.005026667), (-0.009867155, 0.0003743095, -0.005037155), (-0.00981, 0.0003852198, -0.00504261), (-0.00889, 0.0003852198, -0.00504261), (-0.008832845, 0.0003743095, -0.005037155), (-0.008796667, 0.0003533333, -0.005026667), (-0.009908995, 0.0003589949, -0.00498), (-0.00987261, 0.0003852198, -0.00498), (-0.00981, 0.0004, -0.00498), (-0.00889, 0.0004, -0.00498), (-0.00882739, 0.0003852198, -0.00498), (-0.008791005, 0.0003589949, -0.00498), (-0.009908995, 0.0003589949, -0.00462), (-0.00987261, 0.0003852198, -0.00462), (-0.00981, 0.0004, -0.00462), (-0.00889, 0.0004, -0.00462), (-0.00882739, 0.0003852198, -0.00462), (-0.008791005, 0.0003589949, -0.00462), (-0.009903333, 0.0003533333, -0.004573333), (-0.009867155, 0.0003743095, -0.004562845), (-0.00981, 0.0003852198, -0.00455739), (-0.00889, 0.0003852198, -0.00455739), (-0.008832845, 0.0003743095, -0.004562845), (-0.008796667, 0.0003533333, -0.004573333), (-0.009890829, 0.000340829, -0.004539171), (-0.009856667, 0.0003533333, -0.004526667), (-0.00981, 0.0003589949, -0.004521005), (-0.00889, 0.0003589949, -0.004521005), (-0.008843333, 0.0003533333, -0.004526667), (-0.008809171, 0.000340829, -0.004539171), (-0.009890829, -0.000180829, -0.005060829), (-0.009903333, -0.0001466667, -0.005073333), (-0.009908995, -0.0001, -0.005078995), (-0.009908995, 0.00026, -0.005078995), (-0.009903333, 0.0003066667, -0.005073333), (-0.009890829, 0.000340829, -0.005060829), (-0.009856667, -0.0001933333, -0.005073333), (-0.009867155, -0.0001571548, -0.00509431), (-0.00987261, -0.0001, -0.00510522), (-0.00987261, 0.00026, -0.00510522), (-0.009867155, 0.0003171548, -0.00509431), (-0.009856667, 0.0003533333, -0.005073333), (-0.00981, -0.0001989949, -0.005078995), (-0.00981, -0.0001626099, -0.00510522), (-0.00981, -0.0001, -0.00512), (-0.00981, 0.00026, -0.00512), (-0.00981, 0.0003226099, -0.00510522), (-0.00981, 0.0003589949, -0.005078995), (-0.00889, -0.0001989949, -0.005078995), (-0.00889, -0.0001626099, -0.00510522), (-0.00889, -0.0001, -0.00512), (-0.00889, 0.00026, -0.00512), (-0.00889, 0.0003226099, -0.00510522), (-0.00889, 0.0003589949, -0.005078995), (-0.008843333, -0.0001933333, -0.005073333), (-0.008832845, -0.0001571548, -0.00509431), (-0.00882739, -0.0001, -0.00510522), (-0.00882739, 0.00026, -0.00510522), (-0.008832845, 0.0003171548, -0.00509431), (-0.008843333, 0.0003533333, -0.005073333), (-0.008809171, -0.000180829, -0.005060829), (-0.008796667, -0.0001466667, -0.005073333), (-0.008791005, -0.0001, -0.005078995), (-0.008791005, 0.00026, -0.005078995), (-0.008796667, 0.0003066667, -0.005073333), (-0.008809171, 0.000340829, -0.005060829), (-0.009890829, -0.000180829, -0.004539171), (-0.009903333, -0.0001466667, -0.004526667), (-0.009908995, -0.0001, -0.004521005), (-0.009908995, 0.00026, -0.004521005), (-0.009903333, 0.0003066667, -0.004526667), (-0.009890829, 0.000340829, -0.004539171), (-0.009856667, -0.0001933333, -0.004526667), (-0.009867155, -0.0001571548, -0.00450569), (-0.00987261, -0.0001, -0.00449478), (-0.00987261, 0.00026, -0.00449478), (-0.009867155, 0.0003171548, -0.00450569), (-0.009856667, 0.0003533333, -0.004526667), (-0.00981, -0.0001989949, -0.004521005), (-0.00981, -0.0001626099, -0.00449478), (-0.00981, -0.0001, -0.00448), (-0.00981, 0.00026, -0.00448), (-0.00981, 0.0003226099, -0.00449478), (-0.00981, 0.0003589949, -0.004521005), (-0.00889, -0.0001989949, -0.004521005), (-0.00889, -0.0001626099, -0.00449478), (-0.00889, -0.0001, -0.00448), (-0.00889, 0.00026, -0.00448), (-0.00889, 0.0003226099, -0.00449478), (-0.00889, 0.0003589949, -0.004521005), (-0.008843333, -0.0001933333, -0.004526667), (-0.008832845, -0.0001571548, -0.00450569), (-0.00882739, -0.0001, -0.00449478), (-0.00882739, 0.00026, -0.00449478), (-0.008832845, 0.0003171548, -0.00450569), (-0.008843333, 0.0003533333, -0.004526667), (-0.008809171, -0.000180829, -0.004539171), (-0.008796667, -0.0001466667, -0.004526667), (-0.008791005, -0.0001, -0.004521005), (-0.008791005, 0.00026, -0.004521005), (-0.008796667, 0.0003066667, -0.004526667), (-0.008809171, 0.000340829, -0.004539171)]
            int[] faceVertexCounts = [3, 3, 3, 3, 3, 3, 3, 3, 3, 3, 3, 3, 3, 3, 3, 3, 3, 3, 3, 3, 3, 3, 3, 3, 3, 3, 3, 3, 3, 3, 3, 3, 3, 3, 3, 3, 3, 3, 3, 3, 3, 3, 3, 3, 3, 3, 3, 3, 3, 3, 3, 3, 3, 3, 3, 3, 3, 3, 3, 3, 3, 3, 3, 3, 3, 3, 3, 3, 3, 3, 3, 3, 3, 3, 3, 3, 3, 3, 3, 3, 3, 3, 3, 3, 3, 3, 3, 3, 3, 3, 3, 3, 3, 3, 3, 3, 3, 3, 3, 3, 3, 3, 3, 3, 3, 3, 3, 3, 3, 3, 3, 3, 3, 3, 3, 3, 3, 3, 3, 3, 3, 3, 3, 3, 3, 3, 3, 3, 3, 3, 3, 3, 3, 3, 3, 3, 3, 3, 3, 3, 3, 3, 3, 3, 3, 3, 3, 3, 3, 3, 3, 3, 3, 3, 3, 3, 3, 3, 3, 3, 3, 3, 3, 3, 3, 3, 3, 3, 3, 3, 3, 3, 3, 3, 3, 3, 3, 3, 3, 3, 3, 3, 3, 3, 3, 3, 3, 3, 3, 3, 3, 3, 3, 3, 3, 3, 3, 3, 3, 3, 3, 3, 3, 3, 3, 3, 3, 3, 3, 3, 3, 3, 3, 3, 3, 3, 3, 3, 3, 3, 3, 3, 3, 3, 3, 3, 3, 3, 3, 3, 3, 3, 3, 3, 3, 3, 3, 3, 3, 3, 3, 3, 3, 3, 3, 3, 3, 3, 3, 3, 3, 3, 3, 3, 3, 3, 3, 3, 3, 3, 3, 3, 3, 3, 3, 3, 3, 3, 3, 3, 3, 3, 3, 3, 3, 3, 3, 3, 3, 3, 3, 3, 3, 3, 3, 3, 3, 3, 3, 3, 3, 3, 3, 3, 3, 3, 3, 3, 3, 3]
            int[] faceVertexIndices = [1, 7, 6, 1, 6, 0, 2, 8, 7, 2, 7, 1, 3, 9, 8, 3, 8, 2, 4, 10, 9, 4, 9, 3, 5, 11, 10, 5, 10, 4, 7, 13, 12, 7, 12, 6, 8, 14, 13, 8, 13, 7, 9, 15, 14, 9, 14, 8, 10, 16, 15, 10, 15, 9, 11, 17, 16, 11, 16, 10, 13, 19, 18, 13, 18, 12, 14, 20, 19, 14, 19, 13, 15, 21, 20, 15, 20, 14, 16, 22, 21, 16, 21, 15, 17, 23, 22, 17, 22, 16, 19, 25, 24, 19, 24, 18, 20, 26, 25, 20, 25, 19, 21, 27, 26, 21, 26, 20, 22, 28, 27, 22, 27, 21, 23, 29, 28, 23, 28, 22, 25, 31, 30, 25, 30, 24, 26, 32, 31, 26, 31, 25, 27, 33, 32, 27, 32, 26, 28, 34, 33, 28, 33, 27, 29, 35, 34, 29, 34, 28, 36, 42, 43, 36, 43, 37, 37, 43, 44, 37, 44, 38, 38, 44, 45, 38, 45, 39, 39, 45, 46, 39, 46, 40, 40, 46, 47, 40, 47, 41, 42, 48, 49, 42, 49, 43, 43, 49, 50, 43, 50, 44, 44, 50, 51, 44, 51, 45, 45, 51, 52, 45, 52, 46, 46, 52, 53, 46, 53, 47, 48, 54, 55, 48, 55, 49, 49, 55, 56, 49, 56, 50, 50, 56, 57, 50, 57, 51, 51, 57, 58, 51, 58, 52, 52, 58, 59, 52, 59, 53, 54, 60, 61, 54, 61, 55, 55, 61, 62, 55, 62, 56, 56, 62, 63, 56, 63, 57, 57, 63, 64, 57, 64, 58, 58, 64, 65, 58, 65, 59, 60, 66, 67, 60, 67, 61, 61, 67, 68, 61, 68, 62, 62, 68, 69, 62, 69, 63, 63, 69, 70, 63, 70, 64, 64, 70, 71, 64, 71, 65, 73, 79, 78, 73, 78, 72, 74, 80, 79, 74, 79, 73, 75, 81, 80, 75, 80, 74, 76, 82, 81, 76, 81, 75, 77, 83, 82, 77, 82, 76, 79, 85, 84, 79, 84, 78, 80, 86, 85, 80, 85, 79, 81, 87, 86, 81, 86, 80, 82, 88, 87, 82, 87, 81, 83, 89, 88, 83, 88, 82, 85, 91, 90, 85, 90, 84, 86, 92, 91, 86, 91, 85, 87, 93, 92, 87, 92, 86, 88, 94, 93, 88, 93, 87, 89, 95, 94, 89, 94, 88, 91, 97, 96, 91, 96, 90, 92, 98, 97, 92, 97, 91, 93, 99, 98, 93, 98, 92, 94, 100, 99, 94, 99, 93, 95, 101, 100, 95, 100, 94, 97, 103, 102, 97, 102, 96, 98, 104, 103, 98, 103, 97, 99, 105, 104, 99, 104, 98, 100, 106, 105, 100, 105, 99, 101, 107, 106, 101, 106, 100, 108, 114, 115, 108, 115, 109, 109, 115, 116, 109, 116, 110, 110, 116, 117, 110, 117, 111, 111, 117, 118, 111, 118, 112, 112, 118, 119, 112, 119, 113, 114, 120, 121, 114, 121, 115, 115, 121, 122, 115, 122, 116, 116, 122, 123, 116, 123, 117, 117, 123, 124, 117, 124, 118, 118, 124, 125, 118, 125, 119, 120, 126, 127, 120, 127, 121, 121, 127, 128, 121, 128, 122, 122, 128, 129, 122, 129, 123, 123, 129, 130, 123, 130, 124, 124, 130, 131, 124, 131, 125, 126, 132, 133, 126, 133, 127, 127, 133, 134, 127, 134, 128, 128, 134, 135, 128, 135, 129, 129, 135, 136, 129, 136, 130, 130, 136, 137, 130, 137, 131, 132, 138, 139, 132, 139, 133, 133, 139, 140, 133, 140, 134, 134, 140, 141, 134, 141, 135, 135, 141, 142, 135, 142, 136, 136, 142, 143, 136, 143, 137, 145, 151, 150, 145, 150, 144, 146, 152, 151, 146, 151, 145, 147, 153, 152, 147, 152, 146, 148, 154, 153, 148, 153, 147, 149, 155, 154, 149, 154, 148, 151, 157, 156, 151, 156, 150, 152, 158, 157, 152, 157, 151, 153, 159, 158, 153, 158, 152, 154, 160, 159, 154, 159, 153, 155, 161, 160, 155, 160, 154, 157, 163, 162, 157, 162, 156, 158, 164, 163, 158, 163, 157, 159, 165, 164, 159, 164, 158, 160, 166, 165, 160, 165, 159, 161, 167, 166, 161, 166, 160, 163, 169, 168, 163, 168, 162, 164, 170, 169, 164, 169, 163, 165, 171, 170, 165, 170, 164, 166, 172, 171, 166, 171, 165, 167, 173, 172, 167, 172, 166, 169, 175, 174, 169, 174, 168, 170, 176, 175, 170, 175, 169, 171, 177, 176, 171, 176, 170, 172, 178, 177, 172, 177, 171, 173, 179, 178, 173, 178, 172, 180, 186, 187, 180, 187, 181, 181, 187, 188, 181, 188, 182, 182, 188, 189, 182, 189, 183, 183, 189, 190, 183, 190, 184, 184, 190, 191, 184, 191, 185, 186, 192, 193, 186, 193, 187, 187, 193, 194, 187, 194, 188, 188, 194, 195, 188, 195, 189, 189, 195, 196, 189, 196, 190, 190, 196, 197, 190, 197, 191, 192, 198, 199, 192, 199, 193, 193, 199, 200, 193, 200, 194, 194, 200, 201, 194, 201, 195, 195, 201, 202, 195, 202, 196, 196, 202, 203, 196, 203, 197, 198, 204, 205, 198, 205, 199, 199, 205, 206, 199, 206, 200, 200, 206, 207, 200, 207, 201, 201, 207, 208, 201, 208, 202, 202, 208, 209, 202, 209, 203, 204, 210, 211, 204, 211, 205, 205, 211, 212, 205, 212, 206, 206, 212, 213, 206, 213, 207, 207, 213, 214, 207, 214, 208, 208, 214, 215, 208, 215, 209]
            normal3f[] normals = [(-0.7745967, -0.4472136, -0.4472136), (-0.7668657, -0.5195657, -0.376787), (-0.8136401, -0.5798637, -0.04180815), (-0.8111991, -0.5846792, 0.01030817), (-0.7900625, -0.5555967, 0.2590629), (-0.7071068, -0.5, 0.5), (-0.7668657, -0.376787, -0.5195657), (-0.8559572, -0.3656073, -0.3656073), (-0.9041388, -0.4259227, -0.0335077), (-0.9410996, -0.3373193, 0.02339411), (-0.8844941, -0.3299016, 0.3299016), (-0.7900625, -0.2590629, 0.5555967), (-0.8136401, -0.04180815, -0.5798637), (-0.9041388, -0.0335077, -0.4259227), (-0.9973364, -0.05157549, -0.05157549), (-0.9995053, -0.02223866, 0.02223866), (-0.9410996, -0.02339411, 0.3373193), (-0.8111991, -0.01030817, 0.5846792), (-0.8111991, 0.01030817, -0.5846792), (-0.9410996, 0.02339411, -0.3373193), (-0.9995053, 0.02223866, -0.02223866), (-0.9973364, 0.05157549, 0.05157549), (-0.9041388, 0.0335077, 0.4259227), (-0.8136401, 0.04180815, 0.5798637), (-0.7900625, 0.2590629, -0.5555967), (-0.8844941, 0.3299016, -0.3299016), (-0.9410996, 0.3373193, -0.02339411), (-0.9041388, 0.4259227, 0.0335077), (-0.8559572, 0.3656073, 0.3656073), (-0.7668657, 0.376787, 0.5195657), (-0.7071068, 0.5, -0.5), (-0.7900625, 0.5555967, -0.2590629), (-0.8111991, 0.5846792, -0.01030817), (-0.8136401, 0.5798637, 0.04180815), (-0.7668657, 0.5195657, 0.376787), (-0.7745967, 0.4472136, 0.4472136), (0.7071068, -0.5, -0.5), (0.7900625, -0.5555967, -0.2590629), (0.8111991, -0.5846792, -0.01030817), (0.8136401, -0.5798637, 0.04180815), (0.7668657, -0.5195657, 0.376787), (0.7745967, -0.4472136, 0.4472136), (0.7900625, -0.2590629, -0.5555967), (0.8844941, -0.3299016, -0.3299016), (0.9410996, -0.3373193, -0.02339411), (0.9041388, -0.4259227, 0.0335077), (0.8559572, -0.3656073, 0.3656073), (0.7668657, -0.376787, 0.5195657), (0.8111991, -0.01030817, -0.5846792), (0.9410996, -0.02339411, -0.3373193), (0.9995053, -0.02223866, -0.02223866), (0.9973364, -0.05157549, 0.05157549), (0.9041388, -0.0335077, 0.4259227), (0.8136401, -0.04180815, 0.5798637), (0.8136401, 0.04180815, -0.5798637), (0.9041388, 0.0335077, -0.4259227), (0.9973364, 0.05157549, -0.05157549), (0.9995053, 0.02223866, 0.02223866), (0.9410996, 0.02339411, 0.3373193), (0.8111991, 0.01030817, 0.5846792), (0.7668657, 0.376787, -0.5195657), (0.8559572, 0.3656073, -0.3656073), (0.9041388, 0.4259227, -0.0335077), (0.9410996, 0.3373193, 0.02339411), (0.8844941, 0.3299016, 0.3299016), (0.7900625, 0.2590629, 0.5555967), (0.7745967, 0.4472136, -0.4472136), (0.7668657, 0.5195657, -0.376787), (0.8136401, 0.5798637, -0.04180815), (0.8111991, 0.5846792, 0.01030817), (0.7900625, 0.5555967, 0.2590629), (0.7071068, 0.5, 0.5), (-0.4472136, -0.7745967, -0.4472136), (-0.376787, -0.7668657, -0.5195657), (-0.01887148, -0.8125031, -0.5826513), (0.004189016, -0.8112351, -0.5847052), (0.2590629, -0.7900625, -0.5555967), (0.5, -0.7071068, -0.5), (-0.5195657, -0.7668657, -0.376787), (-0.3656073, -0.8559572, -0.3656073), (-0.01444493, -0.8994749, -0.4367336), (0.009845537, -0.9435915, -0.3309656), (0.3299016, -0.8844941, -0.3299016), (0.5555967, -0.7900625, -0.2590629), (-0.5798637, -0.8136401, -0.04180815), (-0.4259227, -0.9041388, -0.0335077), (-0.02330514, -0.9981216, -0.05665734), (0.009240562, -0.9997517, -0.02027815), (0.3373193, -0.9410996, -0.02339411), (0.5846792, -0.8111991, -0.01030817), (-0.5846792, -0.8111991, 0.01030817), (-0.3373193, -0.9410996, 0.02339411), (-0.009240562, -0.9997517, 0.02027815), (0.02330514, -0.9981216, 0.05665734), (0.4259227, -0.9041388, 0.0335077), (0.5798637, -0.8136401, 0.04180815), (-0.5555967, -0.7900625, 0.2590629), (-0.3299016, -0.8844941, 0.3299016), (-0.009845537, -0.9435915, 0.3309656), (0.01444493, -0.8994749, 0.4367336), (0.3656073, -0.8559572, 0.3656073), (0.5195657, -0.7668657, 0.376787), (-0.5, -0.7071068, 0.5), (-0.2590629, -0.7900625, 0.5555967), (-0.004189016, -0.8112351, 0.5847052), (0.01887148, -0.8125031, 0.5826513), (0.376787, -0.7668657, 0.5195657), (0.4472136, -0.7745967, 0.4472136), (-0.5, 0.7071068, -0.5), (-0.2590629, 0.7900625, -0.5555967), (-0.004189016, 0.8112351, -0.5847052), (0.01887148, 0.8125031, -0.5826513), (0.376787, 0.7668657, -0.5195657), (0.4472136, 0.7745967, -0.4472136), (-0.5555967, 0.7900625, -0.2590629), (-0.3299016, 0.8844941, -0.3299016), (-0.009845537, 0.9435915, -0.3309656), (0.01444493, 0.8994749, -0.4367336), (0.3656073, 0.8559572, -0.3656073), (0.5195657, 0.7668657, -0.376787), (-0.5846792, 0.8111991, -0.01030817), (-0.3373193, 0.9410996, -0.02339411), (-0.009240562, 0.9997517, -0.02027815), (0.02330514, 0.9981216, -0.05665734), (0.4259227, 0.9041388, -0.0335077), (0.5798637, 0.8136401, -0.04180815), (-0.5798637, 0.8136401, 0.04180815), (-0.4259227, 0.9041388, 0.0335077), (-0.02330514, 0.9981216, 0.05665734), (0.009240562, 0.9997517, 0.02027815), (0.3373193, 0.9410996, 0.02339411), (0.5846792, 0.8111991, 0.01030817), (-0.5195657, 0.7668657, 0.376787), (-0.3656073, 0.8559572, 0.3656073), (-0.01444493, 0.8994749, 0.4367336), (0.009845537, 0.9435915, 0.3309656), (0.3299016, 0.8844941, 0.3299016), (0.5555967, 0.7900625, 0.2590629), (-0.4472136, 0.7745967, 0.4472136), (-0.376787, 0.7668657, 0.5195657), (-0.01887148, 0.8125031, 0.5826513), (0.004189016, 0.8112351, 0.5847052), (0.2590629, 0.7900625, 0.5555967), (0.5, 0.7071068, 0.5), (-0.4472136, -0.4472136, -0.7745967), (-0.5195657, -0.376787, -0.7668657), (-0.5798637, -0.04180815, -0.8136401), (-0.5846792, 0.01030817, -0.8111991), (-0.5555967, 0.2590629, -0.7900625), (-0.5, 0.5, -0.7071068), (-0.376787, -0.5195657, -0.7668657), (-0.3656073, -0.3656073, -0.8559572), (-0.4259227, -0.0335077, -0.9041388), (-0.3373193, 0.02339411, -0.9410996), (-0.3299016, 0.3299016, -0.8844941), (-0.2590629, 0.5555967, -0.7900625), (-0.01887148, -0.5826513, -0.8125031), (-0.01444493, -0.4367336, -0.8994749), (-0.02330514, -0.05665734, -0.9981216), (-0.009240562, 0.02027815, -0.9997517), (-0.009845537, 0.3309656, -0.9435915), (-0.004189016, 0.5847052, -0.8112351), (0.004189016, -0.5847052, -0.8112351), (0.009845537, -0.3309656, -0.9435915), (0.009240562, -0.02027815, -0.9997517), (0.02330514, 0.05665734, -0.9981216), (0.01444493, 0.4367336, -0.8994749), (0.01887148, 0.5826513, -0.8125031), (0.2590629, -0.5555967, -0.7900625), (0.3299016, -0.3299016, -0.8844941), (0.3373193, -0.02339411, -0.9410996), (0.4259227, 0.0335077, -0.9041388), (0.3656073, 0.3656073, -0.8559572), (0.376787, 0.5195657, -0.7668657), (0.5, -0.5, -0.7071068), (0.5555967, -0.2590629, -0.7900625), (0.5846792, -0.01030817, -0.8111991), (0.5798637, 0.04180815, -0.8136401), (0.5195657, 0.376787, -0.7668657), (0.4472136, 0.4472136, -0.7745967), (-0.5, -0.5, 0.7071068), (-0.5555967, -0.2590629, 0.7900625), (-0.5846792, -0.01030817, 0.8111991), (-0.5798637, 0.04180815, 0.8136401), (-0.5195657, 0.376787, 0.7668657), (-0.4472136, 0.4472136, 0.7745967), (-0.2590629, -0.5555967, 0.7900625), (-0.3299016, -0.3299016, 0.8844941), (-0.3373193, -0.02339411, 0.9410996), (-0.4259227, 0.0335077, 0.9041388), (-0.3656073, 0.3656073, 0.8559572), (-0.376787, 0.5195657, 0.7668657), (-0.004189016, -0.5847052, 0.8112351), (-0.009845537, -0.3309656, 0.9435915), (-0.009240562, -0.02027815, 0.9997517), (-0.02330514, 0.05665734, 0.9981216), (-0.01444493, 0.4367336, 0.8994749), (-0.01887148, 0.5826513, 0.8125031), (0.01887148, -0.5826513, 0.8125031), (0.01444493, -0.4367336, 0.8994749), (0.02330514, -0.05665734, 0.9981216), (0.009240562, 0.02027815, 0.9997517), (0.009845537, 0.3309656, 0.9435915), (0.004189016, 0.5847052, 0.8112351), (0.376787, -0.5195657, 0.7668657), (0.3656073, -0.3656073, 0.8559572), (0.4259227, -0.0335077, 0.9041388), (0.3373193, 0.02339411, 0.9410996), (0.3299016, 0.3299016, 0.8844941), (0.2590629, 0.5555967, 0.7900625), (0.4472136, -0.4472136, 0.7745967), (0.5195657, -0.376787, 0.7668657), (0.5798637, -0.04180815, 0.8136401), (0.5846792, 0.01030817, 0.8111991), (0.5555967, 0.2590629, 0.7900625), (0.5, 0.5, 0.7071068)] (interpolation = "vertex")
            float3[] extent = [(-0.00995, -0.00024, -0.00512), (-0.00875, 0.0004, -0.00448)]
            rel material:binding = </WorkbenchPart/Materials/solder>
        }
        def Mesh "ShieldSolderTab_02" (prepend apiSchemas = ["MaterialBindingAPI"])
        {
            uniform token subdivisionScheme = "none"
            uniform token orientation = "rightHanded"
            bool doubleSided = false
            point3f[] points = [(-0.009890829, -0.000180829, -0.003140829), (-0.009903333, -0.0001933333, -0.003106667), (-0.009908995, -0.0001989949, -0.00306), (-0.009908995, -0.0001989949, -0.0027), (-0.009903333, -0.0001933333, -0.002653333), (-0.009890829, -0.000180829, -0.002619171), (-0.009903333, -0.0001466667, -0.003153333), (-0.00992431, -0.0001571548, -0.003117155), (-0.00993522, -0.0001626099, -0.00306), (-0.00993522, -0.0001626099, -0.0027), (-0.00992431, -0.0001571548, -0.002642845), (-0.009903333, -0.0001466667, -0.002606667), (-0.009908995, -0.0001, -0.003158995), (-0.00993522, -0.0001, -0.00312261), (-0.00995, -0.0001, -0.00306), (-0.00995, -0.0001, -0.0027), (-0.00993522, -0.0001, -0.00263739), (-0.009908995, -0.0001, -0.002601005), (-0.009908995, 0.00026, -0.003158995), (-0.00993522, 0.00026, -0.00312261), (-0.00995, 0.00026, -0.00306), (-0.00995, 0.00026, -0.0027), (-0.00993522, 0.00026, -0.00263739), (-0.009908995, 0.00026, -0.002601005), (-0.009903333, 0.0003066667, -0.003153333), (-0.00992431, 0.0003171548, -0.003117155), (-0.00993522, 0.0003226099, -0.00306), (-0.00993522, 0.0003226099, -0.0027), (-0.00992431, 0.0003171548, -0.002642845), (-0.009903333, 0.0003066667, -0.002606667), (-0.009890829, 0.000340829, -0.003140829), (-0.009903333, 0.0003533333, -0.003106667), (-0.009908995, 0.0003589949, -0.00306), (-0.009908995, 0.0003589949, -0.0027), (-0.009903333, 0.0003533333, -0.002653333), (-0.009890829, 0.000340829, -0.002619171), (-0.008809171, -0.000180829, -0.003140829), (-0.008796667, -0.0001933333, -0.003106667), (-0.008791005, -0.0001989949, -0.00306), (-0.008791005, -0.0001989949, -0.0027), (-0.008796667, -0.0001933333, -0.002653333), (-0.008809171, -0.000180829, -0.002619171), (-0.008796667, -0.0001466667, -0.003153333), (-0.00877569, -0.0001571548, -0.003117155), (-0.00876478, -0.0001626099, -0.00306), (-0.00876478, -0.0001626099, -0.0027), (-0.00877569, -0.0001571548, -0.002642845), (-0.008796667, -0.0001466667, -0.002606667), (-0.008791005, -0.0001, -0.003158995), (-0.00876478, -0.0001, -0.00312261), (-0.00875, -0.0001, -0.00306), (-0.00875, -0.0001, -0.0027), (-0.00876478, -0.0001, -0.00263739), (-0.008791005, -0.0001, -0.002601005), (-0.008791005, 0.00026, -0.003158995), (-0.00876478, 0.00026, -0.00312261), (-0.00875, 0.00026, -0.00306), (-0.00875, 0.00026, -0.0027), (-0.00876478, 0.00026, -0.00263739), (-0.008791005, 0.00026, -0.002601005), (-0.008796667, 0.0003066667, -0.003153333), (-0.00877569, 0.0003171548, -0.003117155), (-0.00876478, 0.0003226099, -0.00306), (-0.00876478, 0.0003226099, -0.0027), (-0.00877569, 0.0003171548, -0.002642845), (-0.008796667, 0.0003066667, -0.002606667), (-0.008809171, 0.000340829, -0.003140829), (-0.008796667, 0.0003533333, -0.003106667), (-0.008791005, 0.0003589949, -0.00306), (-0.008791005, 0.0003589949, -0.0027), (-0.008796667, 0.0003533333, -0.002653333), (-0.008809171, 0.000340829, -0.002619171), (-0.009890829, -0.000180829, -0.003140829), (-0.009856667, -0.0001933333, -0.003153333), (-0.00981, -0.0001989949, -0.003158995), (-0.00889, -0.0001989949, -0.003158995), (-0.008843333, -0.0001933333, -0.003153333), (-0.008809171, -0.000180829, -0.003140829), (-0.009903333, -0.0001933333, -0.003106667), (-0.009867155, -0.0002143095, -0.003117155), (-0.00981, -0.0002252198, -0.00312261), (-0.00889, -0.0002252198, -0.00312261), (-0.008832845, -0.0002143095, -0.003117155), (-0.008796667, -0.0001933333, -0.003106667), (-0.009908995, -0.0001989949, -0.00306), (-0.00987261, -0.0002252198, -0.00306), (-0.00981, -0.00024, -0.00306), (-0.00889, -0.00024, -0.00306), (-0.00882739, -0.0002252198, -0.00306), (-0.008791005, -0.0001989949, -0.00306), (-0.009908995, -0.0001989949, -0.0027), (-0.00987261, -0.0002252198, -0.0027), (-0.00981, -0.00024, -0.0027), (-0.00889, -0.00024, -0.0027), (-0.00882739, -0.0002252198, -0.0027), (-0.008791005, -0.0001989949, -0.0027), (-0.009903333, -0.0001933333, -0.002653333), (-0.009867155, -0.0002143095, -0.002642845), (-0.00981, -0.0002252198, -0.00263739), (-0.00889, -0.0002252198, -0.00263739), (-0.008832845, -0.0002143095, -0.002642845), (-0.008796667, -0.0001933333, -0.002653333), (-0.009890829, -0.000180829, -0.002619171), (-0.009856667, -0.0001933333, -0.002606667), (-0.00981, -0.0001989949, -0.002601005), (-0.00889, -0.0001989949, -0.002601005), (-0.008843333, -0.0001933333, -0.002606667), (-0.008809171, -0.000180829, -0.002619171), (-0.009890829, 0.000340829, -0.003140829), (-0.009856667, 0.0003533333, -0.003153333), (-0.00981, 0.0003589949, -0.003158995), (-0.00889, 0.0003589949, -0.003158995), (-0.008843333, 0.0003533333, -0.003153333), (-0.008809171, 0.000340829, -0.003140829), (-0.009903333, 0.0003533333, -0.003106667), (-0.009867155, 0.0003743095, -0.003117155), (-0.00981, 0.0003852198, -0.00312261), (-0.00889, 0.0003852198, -0.00312261), (-0.008832845, 0.0003743095, -0.003117155), (-0.008796667, 0.0003533333, -0.003106667), (-0.009908995, 0.0003589949, -0.00306), (-0.00987261, 0.0003852198, -0.00306), (-0.00981, 0.0004, -0.00306), (-0.00889, 0.0004, -0.00306), (-0.00882739, 0.0003852198, -0.00306), (-0.008791005, 0.0003589949, -0.00306), (-0.009908995, 0.0003589949, -0.0027), (-0.00987261, 0.0003852198, -0.0027), (-0.00981, 0.0004, -0.0027), (-0.00889, 0.0004, -0.0027), (-0.00882739, 0.0003852198, -0.0027), (-0.008791005, 0.0003589949, -0.0027), (-0.009903333, 0.0003533333, -0.002653333), (-0.009867155, 0.0003743095, -0.002642845), (-0.00981, 0.0003852198, -0.00263739), (-0.00889, 0.0003852198, -0.00263739), (-0.008832845, 0.0003743095, -0.002642845), (-0.008796667, 0.0003533333, -0.002653333), (-0.009890829, 0.000340829, -0.002619171), (-0.009856667, 0.0003533333, -0.002606667), (-0.00981, 0.0003589949, -0.002601005), (-0.00889, 0.0003589949, -0.002601005), (-0.008843333, 0.0003533333, -0.002606667), (-0.008809171, 0.000340829, -0.002619171), (-0.009890829, -0.000180829, -0.003140829), (-0.009903333, -0.0001466667, -0.003153333), (-0.009908995, -0.0001, -0.003158995), (-0.009908995, 0.00026, -0.003158995), (-0.009903333, 0.0003066667, -0.003153333), (-0.009890829, 0.000340829, -0.003140829), (-0.009856667, -0.0001933333, -0.003153333), (-0.009867155, -0.0001571548, -0.00317431), (-0.00987261, -0.0001, -0.00318522), (-0.00987261, 0.00026, -0.00318522), (-0.009867155, 0.0003171548, -0.00317431), (-0.009856667, 0.0003533333, -0.003153333), (-0.00981, -0.0001989949, -0.003158995), (-0.00981, -0.0001626099, -0.00318522), (-0.00981, -0.0001, -0.0032), (-0.00981, 0.00026, -0.0032), (-0.00981, 0.0003226099, -0.00318522), (-0.00981, 0.0003589949, -0.003158995), (-0.00889, -0.0001989949, -0.003158995), (-0.00889, -0.0001626099, -0.00318522), (-0.00889, -0.0001, -0.0032), (-0.00889, 0.00026, -0.0032), (-0.00889, 0.0003226099, -0.00318522), (-0.00889, 0.0003589949, -0.003158995), (-0.008843333, -0.0001933333, -0.003153333), (-0.008832845, -0.0001571548, -0.00317431), (-0.00882739, -0.0001, -0.00318522), (-0.00882739, 0.00026, -0.00318522), (-0.008832845, 0.0003171548, -0.00317431), (-0.008843333, 0.0003533333, -0.003153333), (-0.008809171, -0.000180829, -0.003140829), (-0.008796667, -0.0001466667, -0.003153333), (-0.008791005, -0.0001, -0.003158995), (-0.008791005, 0.00026, -0.003158995), (-0.008796667, 0.0003066667, -0.003153333), (-0.008809171, 0.000340829, -0.003140829), (-0.009890829, -0.000180829, -0.002619171), (-0.009903333, -0.0001466667, -0.002606667), (-0.009908995, -0.0001, -0.002601005), (-0.009908995, 0.00026, -0.002601005), (-0.009903333, 0.0003066667, -0.002606667), (-0.009890829, 0.000340829, -0.002619171), (-0.009856667, -0.0001933333, -0.002606667), (-0.009867155, -0.0001571548, -0.00258569), (-0.00987261, -0.0001, -0.00257478), (-0.00987261, 0.00026, -0.00257478), (-0.009867155, 0.0003171548, -0.00258569), (-0.009856667, 0.0003533333, -0.002606667), (-0.00981, -0.0001989949, -0.002601005), (-0.00981, -0.0001626099, -0.00257478), (-0.00981, -0.0001, -0.00256), (-0.00981, 0.00026, -0.00256), (-0.00981, 0.0003226099, -0.00257478), (-0.00981, 0.0003589949, -0.002601005), (-0.00889, -0.0001989949, -0.002601005), (-0.00889, -0.0001626099, -0.00257478), (-0.00889, -0.0001, -0.00256), (-0.00889, 0.00026, -0.00256), (-0.00889, 0.0003226099, -0.00257478), (-0.00889, 0.0003589949, -0.002601005), (-0.008843333, -0.0001933333, -0.002606667), (-0.008832845, -0.0001571548, -0.00258569), (-0.00882739, -0.0001, -0.00257478), (-0.00882739, 0.00026, -0.00257478), (-0.008832845, 0.0003171548, -0.00258569), (-0.008843333, 0.0003533333, -0.002606667), (-0.008809171, -0.000180829, -0.002619171), (-0.008796667, -0.0001466667, -0.002606667), (-0.008791005, -0.0001, -0.002601005), (-0.008791005, 0.00026, -0.002601005), (-0.008796667, 0.0003066667, -0.002606667), (-0.008809171, 0.000340829, -0.002619171)]
            int[] faceVertexCounts = [3, 3, 3, 3, 3, 3, 3, 3, 3, 3, 3, 3, 3, 3, 3, 3, 3, 3, 3, 3, 3, 3, 3, 3, 3, 3, 3, 3, 3, 3, 3, 3, 3, 3, 3, 3, 3, 3, 3, 3, 3, 3, 3, 3, 3, 3, 3, 3, 3, 3, 3, 3, 3, 3, 3, 3, 3, 3, 3, 3, 3, 3, 3, 3, 3, 3, 3, 3, 3, 3, 3, 3, 3, 3, 3, 3, 3, 3, 3, 3, 3, 3, 3, 3, 3, 3, 3, 3, 3, 3, 3, 3, 3, 3, 3, 3, 3, 3, 3, 3, 3, 3, 3, 3, 3, 3, 3, 3, 3, 3, 3, 3, 3, 3, 3, 3, 3, 3, 3, 3, 3, 3, 3, 3, 3, 3, 3, 3, 3, 3, 3, 3, 3, 3, 3, 3, 3, 3, 3, 3, 3, 3, 3, 3, 3, 3, 3, 3, 3, 3, 3, 3, 3, 3, 3, 3, 3, 3, 3, 3, 3, 3, 3, 3, 3, 3, 3, 3, 3, 3, 3, 3, 3, 3, 3, 3, 3, 3, 3, 3, 3, 3, 3, 3, 3, 3, 3, 3, 3, 3, 3, 3, 3, 3, 3, 3, 3, 3, 3, 3, 3, 3, 3, 3, 3, 3, 3, 3, 3, 3, 3, 3, 3, 3, 3, 3, 3, 3, 3, 3, 3, 3, 3, 3, 3, 3, 3, 3, 3, 3, 3, 3, 3, 3, 3, 3, 3, 3, 3, 3, 3, 3, 3, 3, 3, 3, 3, 3, 3, 3, 3, 3, 3, 3, 3, 3, 3, 3, 3, 3, 3, 3, 3, 3, 3, 3, 3, 3, 3, 3, 3, 3, 3, 3, 3, 3, 3, 3, 3, 3, 3, 3, 3, 3, 3, 3, 3, 3, 3, 3, 3, 3, 3, 3, 3, 3, 3, 3, 3, 3]
            int[] faceVertexIndices = [1, 7, 6, 1, 6, 0, 2, 8, 7, 2, 7, 1, 3, 9, 8, 3, 8, 2, 4, 10, 9, 4, 9, 3, 5, 11, 10, 5, 10, 4, 7, 13, 12, 7, 12, 6, 8, 14, 13, 8, 13, 7, 9, 15, 14, 9, 14, 8, 10, 16, 15, 10, 15, 9, 11, 17, 16, 11, 16, 10, 13, 19, 18, 13, 18, 12, 14, 20, 19, 14, 19, 13, 15, 21, 20, 15, 20, 14, 16, 22, 21, 16, 21, 15, 17, 23, 22, 17, 22, 16, 19, 25, 24, 19, 24, 18, 20, 26, 25, 20, 25, 19, 21, 27, 26, 21, 26, 20, 22, 28, 27, 22, 27, 21, 23, 29, 28, 23, 28, 22, 25, 31, 30, 25, 30, 24, 26, 32, 31, 26, 31, 25, 27, 33, 32, 27, 32, 26, 28, 34, 33, 28, 33, 27, 29, 35, 34, 29, 34, 28, 36, 42, 43, 36, 43, 37, 37, 43, 44, 37, 44, 38, 38, 44, 45, 38, 45, 39, 39, 45, 46, 39, 46, 40, 40, 46, 47, 40, 47, 41, 42, 48, 49, 42, 49, 43, 43, 49, 50, 43, 50, 44, 44, 50, 51, 44, 51, 45, 45, 51, 52, 45, 52, 46, 46, 52, 53, 46, 53, 47, 48, 54, 55, 48, 55, 49, 49, 55, 56, 49, 56, 50, 50, 56, 57, 50, 57, 51, 51, 57, 58, 51, 58, 52, 52, 58, 59, 52, 59, 53, 54, 60, 61, 54, 61, 55, 55, 61, 62, 55, 62, 56, 56, 62, 63, 56, 63, 57, 57, 63, 64, 57, 64, 58, 58, 64, 65, 58, 65, 59, 60, 66, 67, 60, 67, 61, 61, 67, 68, 61, 68, 62, 62, 68, 69, 62, 69, 63, 63, 69, 70, 63, 70, 64, 64, 70, 71, 64, 71, 65, 73, 79, 78, 73, 78, 72, 74, 80, 79, 74, 79, 73, 75, 81, 80, 75, 80, 74, 76, 82, 81, 76, 81, 75, 77, 83, 82, 77, 82, 76, 79, 85, 84, 79, 84, 78, 80, 86, 85, 80, 85, 79, 81, 87, 86, 81, 86, 80, 82, 88, 87, 82, 87, 81, 83, 89, 88, 83, 88, 82, 85, 91, 90, 85, 90, 84, 86, 92, 91, 86, 91, 85, 87, 93, 92, 87, 92, 86, 88, 94, 93, 88, 93, 87, 89, 95, 94, 89, 94, 88, 91, 97, 96, 91, 96, 90, 92, 98, 97, 92, 97, 91, 93, 99, 98, 93, 98, 92, 94, 100, 99, 94, 99, 93, 95, 101, 100, 95, 100, 94, 97, 103, 102, 97, 102, 96, 98, 104, 103, 98, 103, 97, 99, 105, 104, 99, 104, 98, 100, 106, 105, 100, 105, 99, 101, 107, 106, 101, 106, 100, 108, 114, 115, 108, 115, 109, 109, 115, 116, 109, 116, 110, 110, 116, 117, 110, 117, 111, 111, 117, 118, 111, 118, 112, 112, 118, 119, 112, 119, 113, 114, 120, 121, 114, 121, 115, 115, 121, 122, 115, 122, 116, 116, 122, 123, 116, 123, 117, 117, 123, 124, 117, 124, 118, 118, 124, 125, 118, 125, 119, 120, 126, 127, 120, 127, 121, 121, 127, 128, 121, 128, 122, 122, 128, 129, 122, 129, 123, 123, 129, 130, 123, 130, 124, 124, 130, 131, 124, 131, 125, 126, 132, 133, 126, 133, 127, 127, 133, 134, 127, 134, 128, 128, 134, 135, 128, 135, 129, 129, 135, 136, 129, 136, 130, 130, 136, 137, 130, 137, 131, 132, 138, 139, 132, 139, 133, 133, 139, 140, 133, 140, 134, 134, 140, 141, 134, 141, 135, 135, 141, 142, 135, 142, 136, 136, 142, 143, 136, 143, 137, 145, 151, 150, 145, 150, 144, 146, 152, 151, 146, 151, 145, 147, 153, 152, 147, 152, 146, 148, 154, 153, 148, 153, 147, 149, 155, 154, 149, 154, 148, 151, 157, 156, 151, 156, 150, 152, 158, 157, 152, 157, 151, 153, 159, 158, 153, 158, 152, 154, 160, 159, 154, 159, 153, 155, 161, 160, 155, 160, 154, 157, 163, 162, 157, 162, 156, 158, 164, 163, 158, 163, 157, 159, 165, 164, 159, 164, 158, 160, 166, 165, 160, 165, 159, 161, 167, 166, 161, 166, 160, 163, 169, 168, 163, 168, 162, 164, 170, 169, 164, 169, 163, 165, 171, 170, 165, 170, 164, 166, 172, 171, 166, 171, 165, 167, 173, 172, 167, 172, 166, 169, 175, 174, 169, 174, 168, 170, 176, 175, 170, 175, 169, 171, 177, 176, 171, 176, 170, 172, 178, 177, 172, 177, 171, 173, 179, 178, 173, 178, 172, 180, 186, 187, 180, 187, 181, 181, 187, 188, 181, 188, 182, 182, 188, 189, 182, 189, 183, 183, 189, 190, 183, 190, 184, 184, 190, 191, 184, 191, 185, 186, 192, 193, 186, 193, 187, 187, 193, 194, 187, 194, 188, 188, 194, 195, 188, 195, 189, 189, 195, 196, 189, 196, 190, 190, 196, 197, 190, 197, 191, 192, 198, 199, 192, 199, 193, 193, 199, 200, 193, 200, 194, 194, 200, 201, 194, 201, 195, 195, 201, 202, 195, 202, 196, 196, 202, 203, 196, 203, 197, 198, 204, 205, 198, 205, 199, 199, 205, 206, 199, 206, 200, 200, 206, 207, 200, 207, 201, 201, 207, 208, 201, 208, 202, 202, 208, 209, 202, 209, 203, 204, 210, 211, 204, 211, 205, 205, 211, 212, 205, 212, 206, 206, 212, 213, 206, 213, 207, 207, 213, 214, 207, 214, 208, 208, 214, 215, 208, 215, 209]
            normal3f[] normals = [(-0.7745967, -0.4472136, -0.4472136), (-0.7668657, -0.5195657, -0.376787), (-0.8136401, -0.5798637, -0.04180815), (-0.8111991, -0.5846792, 0.01030817), (-0.7900625, -0.5555967, 0.2590629), (-0.7071068, -0.5, 0.5), (-0.7668657, -0.376787, -0.5195657), (-0.8559572, -0.3656073, -0.3656073), (-0.9041388, -0.4259227, -0.0335077), (-0.9410996, -0.3373193, 0.02339411), (-0.8844941, -0.3299016, 0.3299016), (-0.7900625, -0.2590629, 0.5555967), (-0.8136401, -0.04180815, -0.5798637), (-0.9041388, -0.0335077, -0.4259227), (-0.9973364, -0.05157549, -0.05157549), (-0.9995053, -0.02223866, 0.02223866), (-0.9410996, -0.02339411, 0.3373193), (-0.8111991, -0.01030817, 0.5846792), (-0.8111991, 0.01030817, -0.5846792), (-0.9410996, 0.02339411, -0.3373193), (-0.9995053, 0.02223866, -0.02223866), (-0.9973364, 0.05157549, 0.05157549), (-0.9041388, 0.0335077, 0.4259227), (-0.8136401, 0.04180815, 0.5798637), (-0.7900625, 0.2590629, -0.5555967), (-0.8844941, 0.3299016, -0.3299016), (-0.9410996, 0.3373193, -0.02339411), (-0.9041388, 0.4259227, 0.0335077), (-0.8559572, 0.3656073, 0.3656073), (-0.7668657, 0.376787, 0.5195657), (-0.7071068, 0.5, -0.5), (-0.7900625, 0.5555967, -0.2590629), (-0.8111991, 0.5846792, -0.01030817), (-0.8136401, 0.5798637, 0.04180815), (-0.7668657, 0.5195657, 0.376787), (-0.7745967, 0.4472136, 0.4472136), (0.7071068, -0.5, -0.5), (0.7900625, -0.5555967, -0.2590629), (0.8111991, -0.5846792, -0.01030817), (0.8136401, -0.5798637, 0.04180815), (0.7668657, -0.5195657, 0.376787), (0.7745967, -0.4472136, 0.4472136), (0.7900625, -0.2590629, -0.5555967), (0.8844941, -0.3299016, -0.3299016), (0.9410996, -0.3373193, -0.02339411), (0.9041388, -0.4259227, 0.0335077), (0.8559572, -0.3656073, 0.3656073), (0.7668657, -0.376787, 0.5195657), (0.8111991, -0.01030817, -0.5846792), (0.9410996, -0.02339411, -0.3373193), (0.9995053, -0.02223866, -0.02223866), (0.9973364, -0.05157549, 0.05157549), (0.9041388, -0.0335077, 0.4259227), (0.8136401, -0.04180815, 0.5798637), (0.8136401, 0.04180815, -0.5798637), (0.9041388, 0.0335077, -0.4259227), (0.9973364, 0.05157549, -0.05157549), (0.9995053, 0.02223866, 0.02223866), (0.9410996, 0.02339411, 0.3373193), (0.8111991, 0.01030817, 0.5846792), (0.7668657, 0.376787, -0.5195657), (0.8559572, 0.3656073, -0.3656073), (0.9041388, 0.4259227, -0.0335077), (0.9410996, 0.3373193, 0.02339411), (0.8844941, 0.3299016, 0.3299016), (0.7900625, 0.2590629, 0.5555967), (0.7745967, 0.4472136, -0.4472136), (0.7668657, 0.5195657, -0.376787), (0.8136401, 0.5798637, -0.04180815), (0.8111991, 0.5846792, 0.01030817), (0.7900625, 0.5555967, 0.2590629), (0.7071068, 0.5, 0.5), (-0.4472136, -0.7745967, -0.4472136), (-0.376787, -0.7668657, -0.5195657), (-0.01887148, -0.8125031, -0.5826513), (0.004189016, -0.8112351, -0.5847052), (0.2590629, -0.7900625, -0.5555967), (0.5, -0.7071068, -0.5), (-0.5195657, -0.7668657, -0.376787), (-0.3656073, -0.8559572, -0.3656073), (-0.01444493, -0.8994749, -0.4367336), (0.009845537, -0.9435915, -0.3309656), (0.3299016, -0.8844941, -0.3299016), (0.5555967, -0.7900625, -0.2590629), (-0.5798637, -0.8136401, -0.04180815), (-0.4259227, -0.9041388, -0.0335077), (-0.02330514, -0.9981216, -0.05665734), (0.009240562, -0.9997517, -0.02027815), (0.3373193, -0.9410996, -0.02339411), (0.5846792, -0.8111991, -0.01030817), (-0.5846792, -0.8111991, 0.01030817), (-0.3373193, -0.9410996, 0.02339411), (-0.009240562, -0.9997517, 0.02027815), (0.02330514, -0.9981216, 0.05665734), (0.4259227, -0.9041388, 0.0335077), (0.5798637, -0.8136401, 0.04180815), (-0.5555967, -0.7900625, 0.2590629), (-0.3299016, -0.8844941, 0.3299016), (-0.009845537, -0.9435915, 0.3309656), (0.01444493, -0.8994749, 0.4367336), (0.3656073, -0.8559572, 0.3656073), (0.5195657, -0.7668657, 0.376787), (-0.5, -0.7071068, 0.5), (-0.2590629, -0.7900625, 0.5555967), (-0.004189016, -0.8112351, 0.5847052), (0.01887148, -0.8125031, 0.5826513), (0.376787, -0.7668657, 0.5195657), (0.4472136, -0.7745967, 0.4472136), (-0.5, 0.7071068, -0.5), (-0.2590629, 0.7900625, -0.5555967), (-0.004189016, 0.8112351, -0.5847052), (0.01887148, 0.8125031, -0.5826513), (0.376787, 0.7668657, -0.5195657), (0.4472136, 0.7745967, -0.4472136), (-0.5555967, 0.7900625, -0.2590629), (-0.3299016, 0.8844941, -0.3299016), (-0.009845537, 0.9435915, -0.3309656), (0.01444493, 0.8994749, -0.4367336), (0.3656073, 0.8559572, -0.3656073), (0.5195657, 0.7668657, -0.376787), (-0.5846792, 0.8111991, -0.01030817), (-0.3373193, 0.9410996, -0.02339411), (-0.009240562, 0.9997517, -0.02027815), (0.02330514, 0.9981216, -0.05665734), (0.4259227, 0.9041388, -0.0335077), (0.5798637, 0.8136401, -0.04180815), (-0.5798637, 0.8136401, 0.04180815), (-0.4259227, 0.9041388, 0.0335077), (-0.02330514, 0.9981216, 0.05665734), (0.009240562, 0.9997517, 0.02027815), (0.3373193, 0.9410996, 0.02339411), (0.5846792, 0.8111991, 0.01030817), (-0.5195657, 0.7668657, 0.376787), (-0.3656073, 0.8559572, 0.3656073), (-0.01444493, 0.8994749, 0.4367336), (0.009845537, 0.9435915, 0.3309656), (0.3299016, 0.8844941, 0.3299016), (0.5555967, 0.7900625, 0.2590629), (-0.4472136, 0.7745967, 0.4472136), (-0.376787, 0.7668657, 0.5195657), (-0.01887148, 0.8125031, 0.5826513), (0.004189016, 0.8112351, 0.5847052), (0.2590629, 0.7900625, 0.5555967), (0.5, 0.7071068, 0.5), (-0.4472136, -0.4472136, -0.7745967), (-0.5195657, -0.376787, -0.7668657), (-0.5798637, -0.04180815, -0.8136401), (-0.5846792, 0.01030817, -0.8111991), (-0.5555967, 0.2590629, -0.7900625), (-0.5, 0.5, -0.7071068), (-0.376787, -0.5195657, -0.7668657), (-0.3656073, -0.3656073, -0.8559572), (-0.4259227, -0.0335077, -0.9041388), (-0.3373193, 0.02339411, -0.9410996), (-0.3299016, 0.3299016, -0.8844941), (-0.2590629, 0.5555967, -0.7900625), (-0.01887148, -0.5826513, -0.8125031), (-0.01444493, -0.4367336, -0.8994749), (-0.02330514, -0.05665734, -0.9981216), (-0.009240562, 0.02027815, -0.9997517), (-0.009845537, 0.3309656, -0.9435915), (-0.004189016, 0.5847052, -0.8112351), (0.004189016, -0.5847052, -0.8112351), (0.009845537, -0.3309656, -0.9435915), (0.009240562, -0.02027815, -0.9997517), (0.02330514, 0.05665734, -0.9981216), (0.01444493, 0.4367336, -0.8994749), (0.01887148, 0.5826513, -0.8125031), (0.2590629, -0.5555967, -0.7900625), (0.3299016, -0.3299016, -0.8844941), (0.3373193, -0.02339411, -0.9410996), (0.4259227, 0.0335077, -0.9041388), (0.3656073, 0.3656073, -0.8559572), (0.376787, 0.5195657, -0.7668657), (0.5, -0.5, -0.7071068), (0.5555967, -0.2590629, -0.7900625), (0.5846792, -0.01030817, -0.8111991), (0.5798637, 0.04180815, -0.8136401), (0.5195657, 0.376787, -0.7668657), (0.4472136, 0.4472136, -0.7745967), (-0.5, -0.5, 0.7071068), (-0.5555967, -0.2590629, 0.7900625), (-0.5846792, -0.01030817, 0.8111991), (-0.5798637, 0.04180815, 0.8136401), (-0.5195657, 0.376787, 0.7668657), (-0.4472136, 0.4472136, 0.7745967), (-0.2590629, -0.5555967, 0.7900625), (-0.3299016, -0.3299016, 0.8844941), (-0.3373193, -0.02339411, 0.9410996), (-0.4259227, 0.0335077, 0.9041388), (-0.3656073, 0.3656073, 0.8559572), (-0.376787, 0.5195657, 0.7668657), (-0.004189016, -0.5847052, 0.8112351), (-0.009845537, -0.3309656, 0.9435915), (-0.009240562, -0.02027815, 0.9997517), (-0.02330514, 0.05665734, 0.9981216), (-0.01444493, 0.4367336, 0.8994749), (-0.01887148, 0.5826513, 0.8125031), (0.01887148, -0.5826513, 0.8125031), (0.01444493, -0.4367336, 0.8994749), (0.02330514, -0.05665734, 0.9981216), (0.009240562, 0.02027815, 0.9997517), (0.009845537, 0.3309656, 0.9435915), (0.004189016, 0.5847052, 0.8112351), (0.376787, -0.5195657, 0.7668657), (0.3656073, -0.3656073, 0.8559572), (0.4259227, -0.0335077, 0.9041388), (0.3373193, 0.02339411, 0.9410996), (0.3299016, 0.3299016, 0.8844941), (0.2590629, 0.5555967, 0.7900625), (0.4472136, -0.4472136, 0.7745967), (0.5195657, -0.376787, 0.7668657), (0.5798637, -0.04180815, 0.8136401), (0.5846792, 0.01030817, 0.8111991), (0.5555967, 0.2590629, 0.7900625), (0.5, 0.5, 0.7071068)] (interpolation = "vertex")
            float3[] extent = [(-0.00995, -0.00024, -0.0032), (-0.00875, 0.0004, -0.00256)]
            rel material:binding = </WorkbenchPart/Materials/solder>
        }
        def Mesh "ShieldSolderTab_03" (prepend apiSchemas = ["MaterialBindingAPI"])
        {
            uniform token subdivisionScheme = "none"
            uniform token orientation = "rightHanded"
            bool doubleSided = false
            point3f[] points = [(-0.009890829, -0.000180829, -0.001220829), (-0.009903333, -0.0001933333, -0.001186667), (-0.009908995, -0.0001989949, -0.00114), (-0.009908995, -0.0001989949, -0.00078), (-0.009903333, -0.0001933333, -0.0007333333), (-0.009890829, -0.000180829, -0.000699171), (-0.009903333, -0.0001466667, -0.001233333), (-0.00992431, -0.0001571548, -0.001197155), (-0.00993522, -0.0001626099, -0.00114), (-0.00993522, -0.0001626099, -0.00078), (-0.00992431, -0.0001571548, -0.0007228452), (-0.009903333, -0.0001466667, -0.0006866667), (-0.009908995, -0.0001, -0.001238995), (-0.00993522, -0.0001, -0.00120261), (-0.00995, -0.0001, -0.00114), (-0.00995, -0.0001, -0.00078), (-0.00993522, -0.0001, -0.0007173901), (-0.009908995, -0.0001, -0.0006810051), (-0.009908995, 0.00026, -0.001238995), (-0.00993522, 0.00026, -0.00120261), (-0.00995, 0.00026, -0.00114), (-0.00995, 0.00026, -0.00078), (-0.00993522, 0.00026, -0.0007173901), (-0.009908995, 0.00026, -0.0006810051), (-0.009903333, 0.0003066667, -0.001233333), (-0.00992431, 0.0003171548, -0.001197155), (-0.00993522, 0.0003226099, -0.00114), (-0.00993522, 0.0003226099, -0.00078), (-0.00992431, 0.0003171548, -0.0007228452), (-0.009903333, 0.0003066667, -0.0006866667), (-0.009890829, 0.000340829, -0.001220829), (-0.009903333, 0.0003533333, -0.001186667), (-0.009908995, 0.0003589949, -0.00114), (-0.009908995, 0.0003589949, -0.00078), (-0.009903333, 0.0003533333, -0.0007333333), (-0.009890829, 0.000340829, -0.000699171), (-0.008809171, -0.000180829, -0.001220829), (-0.008796667, -0.0001933333, -0.001186667), (-0.008791005, -0.0001989949, -0.00114), (-0.008791005, -0.0001989949, -0.00078), (-0.008796667, -0.0001933333, -0.0007333333), (-0.008809171, -0.000180829, -0.000699171), (-0.008796667, -0.0001466667, -0.001233333), (-0.00877569, -0.0001571548, -0.001197155), (-0.00876478, -0.0001626099, -0.00114), (-0.00876478, -0.0001626099, -0.00078), (-0.00877569, -0.0001571548, -0.0007228452), (-0.008796667, -0.0001466667, -0.0006866667), (-0.008791005, -0.0001, -0.001238995), (-0.00876478, -0.0001, -0.00120261), (-0.00875, -0.0001, -0.00114), (-0.00875, -0.0001, -0.00078), (-0.00876478, -0.0001, -0.0007173901), (-0.008791005, -0.0001, -0.0006810051), (-0.008791005, 0.00026, -0.001238995), (-0.00876478, 0.00026, -0.00120261), (-0.00875, 0.00026, -0.00114), (-0.00875, 0.00026, -0.00078), (-0.00876478, 0.00026, -0.0007173901), (-0.008791005, 0.00026, -0.0006810051), (-0.008796667, 0.0003066667, -0.001233333), (-0.00877569, 0.0003171548, -0.001197155), (-0.00876478, 0.0003226099, -0.00114), (-0.00876478, 0.0003226099, -0.00078), (-0.00877569, 0.0003171548, -0.0007228452), (-0.008796667, 0.0003066667, -0.0006866667), (-0.008809171, 0.000340829, -0.001220829), (-0.008796667, 0.0003533333, -0.001186667), (-0.008791005, 0.0003589949, -0.00114), (-0.008791005, 0.0003589949, -0.00078), (-0.008796667, 0.0003533333, -0.0007333333), (-0.008809171, 0.000340829, -0.000699171), (-0.009890829, -0.000180829, -0.001220829), (-0.009856667, -0.0001933333, -0.001233333), (-0.00981, -0.0001989949, -0.001238995), (-0.00889, -0.0001989949, -0.001238995), (-0.008843333, -0.0001933333, -0.001233333), (-0.008809171, -0.000180829, -0.001220829), (-0.009903333, -0.0001933333, -0.001186667), (-0.009867155, -0.0002143095, -0.001197155), (-0.00981, -0.0002252198, -0.00120261), (-0.00889, -0.0002252198, -0.00120261), (-0.008832845, -0.0002143095, -0.001197155), (-0.008796667, -0.0001933333, -0.001186667), (-0.009908995, -0.0001989949, -0.00114), (-0.00987261, -0.0002252198, -0.00114), (-0.00981, -0.00024, -0.00114), (-0.00889, -0.00024, -0.00114), (-0.00882739, -0.0002252198, -0.00114), (-0.008791005, -0.0001989949, -0.00114), (-0.009908995, -0.0001989949, -0.00078), (-0.00987261, -0.0002252198, -0.00078), (-0.00981, -0.00024, -0.00078), (-0.00889, -0.00024, -0.00078), (-0.00882739, -0.0002252198, -0.00078), (-0.008791005, -0.0001989949, -0.00078), (-0.009903333, -0.0001933333, -0.0007333333), (-0.009867155, -0.0002143095, -0.0007228452), (-0.00981, -0.0002252198, -0.0007173901), (-0.00889, -0.0002252198, -0.0007173901), (-0.008832845, -0.0002143095, -0.0007228452), (-0.008796667, -0.0001933333, -0.0007333333), (-0.009890829, -0.000180829, -0.000699171), (-0.009856667, -0.0001933333, -0.0006866667), (-0.00981, -0.0001989949, -0.0006810051), (-0.00889, -0.0001989949, -0.0006810051), (-0.008843333, -0.0001933333, -0.0006866667), (-0.008809171, -0.000180829, -0.000699171), (-0.009890829, 0.000340829, -0.001220829), (-0.009856667, 0.0003533333, -0.001233333), (-0.00981, 0.0003589949, -0.001238995), (-0.00889, 0.0003589949, -0.001238995), (-0.008843333, 0.0003533333, -0.001233333), (-0.008809171, 0.000340829, -0.001220829), (-0.009903333, 0.0003533333, -0.001186667), (-0.009867155, 0.0003743095, -0.001197155), (-0.00981, 0.0003852198, -0.00120261), (-0.00889, 0.0003852198, -0.00120261), (-0.008832845, 0.0003743095, -0.001197155), (-0.008796667, 0.0003533333, -0.001186667), (-0.009908995, 0.0003589949, -0.00114), (-0.00987261, 0.0003852198, -0.00114), (-0.00981, 0.0004, -0.00114), (-0.00889, 0.0004, -0.00114), (-0.00882739, 0.0003852198, -0.00114), (-0.008791005, 0.0003589949, -0.00114), (-0.009908995, 0.0003589949, -0.00078), (-0.00987261, 0.0003852198, -0.00078), (-0.00981, 0.0004, -0.00078), (-0.00889, 0.0004, -0.00078), (-0.00882739, 0.0003852198, -0.00078), (-0.008791005, 0.0003589949, -0.00078), (-0.009903333, 0.0003533333, -0.0007333333), (-0.009867155, 0.0003743095, -0.0007228452), (-0.00981, 0.0003852198, -0.0007173901), (-0.00889, 0.0003852198, -0.0007173901), (-0.008832845, 0.0003743095, -0.0007228452), (-0.008796667, 0.0003533333, -0.0007333333), (-0.009890829, 0.000340829, -0.000699171), (-0.009856667, 0.0003533333, -0.0006866667), (-0.00981, 0.0003589949, -0.0006810051), (-0.00889, 0.0003589949, -0.0006810051), (-0.008843333, 0.0003533333, -0.0006866667), (-0.008809171, 0.000340829, -0.000699171), (-0.009890829, -0.000180829, -0.001220829), (-0.009903333, -0.0001466667, -0.001233333), (-0.009908995, -0.0001, -0.001238995), (-0.009908995, 0.00026, -0.001238995), (-0.009903333, 0.0003066667, -0.001233333), (-0.009890829, 0.000340829, -0.001220829), (-0.009856667, -0.0001933333, -0.001233333), (-0.009867155, -0.0001571548, -0.00125431), (-0.00987261, -0.0001, -0.00126522), (-0.00987261, 0.00026, -0.00126522), (-0.009867155, 0.0003171548, -0.00125431), (-0.009856667, 0.0003533333, -0.001233333), (-0.00981, -0.0001989949, -0.001238995), (-0.00981, -0.0001626099, -0.00126522), (-0.00981, -0.0001, -0.00128), (-0.00981, 0.00026, -0.00128), (-0.00981, 0.0003226099, -0.00126522), (-0.00981, 0.0003589949, -0.001238995), (-0.00889, -0.0001989949, -0.001238995), (-0.00889, -0.0001626099, -0.00126522), (-0.00889, -0.0001, -0.00128), (-0.00889, 0.00026, -0.00128), (-0.00889, 0.0003226099, -0.00126522), (-0.00889, 0.0003589949, -0.001238995), (-0.008843333, -0.0001933333, -0.001233333), (-0.008832845, -0.0001571548, -0.00125431), (-0.00882739, -0.0001, -0.00126522), (-0.00882739, 0.00026, -0.00126522), (-0.008832845, 0.0003171548, -0.00125431), (-0.008843333, 0.0003533333, -0.001233333), (-0.008809171, -0.000180829, -0.001220829), (-0.008796667, -0.0001466667, -0.001233333), (-0.008791005, -0.0001, -0.001238995), (-0.008791005, 0.00026, -0.001238995), (-0.008796667, 0.0003066667, -0.001233333), (-0.008809171, 0.000340829, -0.001220829), (-0.009890829, -0.000180829, -0.000699171), (-0.009903333, -0.0001466667, -0.0006866667), (-0.009908995, -0.0001, -0.0006810051), (-0.009908995, 0.00026, -0.0006810051), (-0.009903333, 0.0003066667, -0.0006866667), (-0.009890829, 0.000340829, -0.000699171), (-0.009856667, -0.0001933333, -0.0006866667), (-0.009867155, -0.0001571548, -0.0006656905), (-0.00987261, -0.0001, -0.0006547802), (-0.00987261, 0.00026, -0.0006547802), (-0.009867155, 0.0003171548, -0.0006656905), (-0.009856667, 0.0003533333, -0.0006866667), (-0.00981, -0.0001989949, -0.0006810051), (-0.00981, -0.0001626099, -0.0006547802), (-0.00981, -0.0001, -0.00064), (-0.00981, 0.00026, -0.00064), (-0.00981, 0.0003226099, -0.0006547802), (-0.00981, 0.0003589949, -0.0006810051), (-0.00889, -0.0001989949, -0.0006810051), (-0.00889, -0.0001626099, -0.0006547802), (-0.00889, -0.0001, -0.00064), (-0.00889, 0.00026, -0.00064), (-0.00889, 0.0003226099, -0.0006547802), (-0.00889, 0.0003589949, -0.0006810051), (-0.008843333, -0.0001933333, -0.0006866667), (-0.008832845, -0.0001571548, -0.0006656905), (-0.00882739, -0.0001, -0.0006547802), (-0.00882739, 0.00026, -0.0006547802), (-0.008832845, 0.0003171548, -0.0006656905), (-0.008843333, 0.0003533333, -0.0006866667), (-0.008809171, -0.000180829, -0.000699171), (-0.008796667, -0.0001466667, -0.0006866667), (-0.008791005, -0.0001, -0.0006810051), (-0.008791005, 0.00026, -0.0006810051), (-0.008796667, 0.0003066667, -0.0006866667), (-0.008809171, 0.000340829, -0.000699171)]
            int[] faceVertexCounts = [3, 3, 3, 3, 3, 3, 3, 3, 3, 3, 3, 3, 3, 3, 3, 3, 3, 3, 3, 3, 3, 3, 3, 3, 3, 3, 3, 3, 3, 3, 3, 3, 3, 3, 3, 3, 3, 3, 3, 3, 3, 3, 3, 3, 3, 3, 3, 3, 3, 3, 3, 3, 3, 3, 3, 3, 3, 3, 3, 3, 3, 3, 3, 3, 3, 3, 3, 3, 3, 3, 3, 3, 3, 3, 3, 3, 3, 3, 3, 3, 3, 3, 3, 3, 3, 3, 3, 3, 3, 3, 3, 3, 3, 3, 3, 3, 3, 3, 3, 3, 3, 3, 3, 3, 3, 3, 3, 3, 3, 3, 3, 3, 3, 3, 3, 3, 3, 3, 3, 3, 3, 3, 3, 3, 3, 3, 3, 3, 3, 3, 3, 3, 3, 3, 3, 3, 3, 3, 3, 3, 3, 3, 3, 3, 3, 3, 3, 3, 3, 3, 3, 3, 3, 3, 3, 3, 3, 3, 3, 3, 3, 3, 3, 3, 3, 3, 3, 3, 3, 3, 3, 3, 3, 3, 3, 3, 3, 3, 3, 3, 3, 3, 3, 3, 3, 3, 3, 3, 3, 3, 3, 3, 3, 3, 3, 3, 3, 3, 3, 3, 3, 3, 3, 3, 3, 3, 3, 3, 3, 3, 3, 3, 3, 3, 3, 3, 3, 3, 3, 3, 3, 3, 3, 3, 3, 3, 3, 3, 3, 3, 3, 3, 3, 3, 3, 3, 3, 3, 3, 3, 3, 3, 3, 3, 3, 3, 3, 3, 3, 3, 3, 3, 3, 3, 3, 3, 3, 3, 3, 3, 3, 3, 3, 3, 3, 3, 3, 3, 3, 3, 3, 3, 3, 3, 3, 3, 3, 3, 3, 3, 3, 3, 3, 3, 3, 3, 3, 3, 3, 3, 3, 3, 3, 3, 3, 3, 3, 3, 3, 3]
            int[] faceVertexIndices = [1, 7, 6, 1, 6, 0, 2, 8, 7, 2, 7, 1, 3, 9, 8, 3, 8, 2, 4, 10, 9, 4, 9, 3, 5, 11, 10, 5, 10, 4, 7, 13, 12, 7, 12, 6, 8, 14, 13, 8, 13, 7, 9, 15, 14, 9, 14, 8, 10, 16, 15, 10, 15, 9, 11, 17, 16, 11, 16, 10, 13, 19, 18, 13, 18, 12, 14, 20, 19, 14, 19, 13, 15, 21, 20, 15, 20, 14, 16, 22, 21, 16, 21, 15, 17, 23, 22, 17, 22, 16, 19, 25, 24, 19, 24, 18, 20, 26, 25, 20, 25, 19, 21, 27, 26, 21, 26, 20, 22, 28, 27, 22, 27, 21, 23, 29, 28, 23, 28, 22, 25, 31, 30, 25, 30, 24, 26, 32, 31, 26, 31, 25, 27, 33, 32, 27, 32, 26, 28, 34, 33, 28, 33, 27, 29, 35, 34, 29, 34, 28, 36, 42, 43, 36, 43, 37, 37, 43, 44, 37, 44, 38, 38, 44, 45, 38, 45, 39, 39, 45, 46, 39, 46, 40, 40, 46, 47, 40, 47, 41, 42, 48, 49, 42, 49, 43, 43, 49, 50, 43, 50, 44, 44, 50, 51, 44, 51, 45, 45, 51, 52, 45, 52, 46, 46, 52, 53, 46, 53, 47, 48, 54, 55, 48, 55, 49, 49, 55, 56, 49, 56, 50, 50, 56, 57, 50, 57, 51, 51, 57, 58, 51, 58, 52, 52, 58, 59, 52, 59, 53, 54, 60, 61, 54, 61, 55, 55, 61, 62, 55, 62, 56, 56, 62, 63, 56, 63, 57, 57, 63, 64, 57, 64, 58, 58, 64, 65, 58, 65, 59, 60, 66, 67, 60, 67, 61, 61, 67, 68, 61, 68, 62, 62, 68, 69, 62, 69, 63, 63, 69, 70, 63, 70, 64, 64, 70, 71, 64, 71, 65, 73, 79, 78, 73, 78, 72, 74, 80, 79, 74, 79, 73, 75, 81, 80, 75, 80, 74, 76, 82, 81, 76, 81, 75, 77, 83, 82, 77, 82, 76, 79, 85, 84, 79, 84, 78, 80, 86, 85, 80, 85, 79, 81, 87, 86, 81, 86, 80, 82, 88, 87, 82, 87, 81, 83, 89, 88, 83, 88, 82, 85, 91, 90, 85, 90, 84, 86, 92, 91, 86, 91, 85, 87, 93, 92, 87, 92, 86, 88, 94, 93, 88, 93, 87, 89, 95, 94, 89, 94, 88, 91, 97, 96, 91, 96, 90, 92, 98, 97, 92, 97, 91, 93, 99, 98, 93, 98, 92, 94, 100, 99, 94, 99, 93, 95, 101, 100, 95, 100, 94, 97, 103, 102, 97, 102, 96, 98, 104, 103, 98, 103, 97, 99, 105, 104, 99, 104, 98, 100, 106, 105, 100, 105, 99, 101, 107, 106, 101, 106, 100, 108, 114, 115, 108, 115, 109, 109, 115, 116, 109, 116, 110, 110, 116, 117, 110, 117, 111, 111, 117, 118, 111, 118, 112, 112, 118, 119, 112, 119, 113, 114, 120, 121, 114, 121, 115, 115, 121, 122, 115, 122, 116, 116, 122, 123, 116, 123, 117, 117, 123, 124, 117, 124, 118, 118, 124, 125, 118, 125, 119, 120, 126, 127, 120, 127, 121, 121, 127, 128, 121, 128, 122, 122, 128, 129, 122, 129, 123, 123, 129, 130, 123, 130, 124, 124, 130, 131, 124, 131, 125, 126, 132, 133, 126, 133, 127, 127, 133, 134, 127, 134, 128, 128, 134, 135, 128, 135, 129, 129, 135, 136, 129, 136, 130, 130, 136, 137, 130, 137, 131, 132, 138, 139, 132, 139, 133, 133, 139, 140, 133, 140, 134, 134, 140, 141, 134, 141, 135, 135, 141, 142, 135, 142, 136, 136, 142, 143, 136, 143, 137, 145, 151, 150, 145, 150, 144, 146, 152, 151, 146, 151, 145, 147, 153, 152, 147, 152, 146, 148, 154, 153, 148, 153, 147, 149, 155, 154, 149, 154, 148, 151, 157, 156, 151, 156, 150, 152, 158, 157, 152, 157, 151, 153, 159, 158, 153, 158, 152, 154, 160, 159, 154, 159, 153, 155, 161, 160, 155, 160, 154, 157, 163, 162, 157, 162, 156, 158, 164, 163, 158, 163, 157, 159, 165, 164, 159, 164, 158, 160, 166, 165, 160, 165, 159, 161, 167, 166, 161, 166, 160, 163, 169, 168, 163, 168, 162, 164, 170, 169, 164, 169, 163, 165, 171, 170, 165, 170, 164, 166, 172, 171, 166, 171, 165, 167, 173, 172, 167, 172, 166, 169, 175, 174, 169, 174, 168, 170, 176, 175, 170, 175, 169, 171, 177, 176, 171, 176, 170, 172, 178, 177, 172, 177, 171, 173, 179, 178, 173, 178, 172, 180, 186, 187, 180, 187, 181, 181, 187, 188, 181, 188, 182, 182, 188, 189, 182, 189, 183, 183, 189, 190, 183, 190, 184, 184, 190, 191, 184, 191, 185, 186, 192, 193, 186, 193, 187, 187, 193, 194, 187, 194, 188, 188, 194, 195, 188, 195, 189, 189, 195, 196, 189, 196, 190, 190, 196, 197, 190, 197, 191, 192, 198, 199, 192, 199, 193, 193, 199, 200, 193, 200, 194, 194, 200, 201, 194, 201, 195, 195, 201, 202, 195, 202, 196, 196, 202, 203, 196, 203, 197, 198, 204, 205, 198, 205, 199, 199, 205, 206, 199, 206, 200, 200, 206, 207, 200, 207, 201, 201, 207, 208, 201, 208, 202, 202, 208, 209, 202, 209, 203, 204, 210, 211, 204, 211, 205, 205, 211, 212, 205, 212, 206, 206, 212, 213, 206, 213, 207, 207, 213, 214, 207, 214, 208, 208, 214, 215, 208, 215, 209]
            normal3f[] normals = [(-0.7745967, -0.4472136, -0.4472136), (-0.7668657, -0.5195657, -0.376787), (-0.8136401, -0.5798637, -0.04180815), (-0.8111991, -0.5846792, 0.01030817), (-0.7900625, -0.5555967, 0.2590629), (-0.7071068, -0.5, 0.5), (-0.7668657, -0.376787, -0.5195657), (-0.8559572, -0.3656073, -0.3656073), (-0.9041388, -0.4259227, -0.0335077), (-0.9410996, -0.3373193, 0.02339411), (-0.8844941, -0.3299016, 0.3299016), (-0.7900625, -0.2590629, 0.5555967), (-0.8136401, -0.04180815, -0.5798637), (-0.9041388, -0.0335077, -0.4259227), (-0.9973364, -0.05157549, -0.05157549), (-0.9995053, -0.02223866, 0.02223866), (-0.9410996, -0.02339411, 0.3373193), (-0.8111991, -0.01030817, 0.5846792), (-0.8111991, 0.01030817, -0.5846792), (-0.9410996, 0.02339411, -0.3373193), (-0.9995053, 0.02223866, -0.02223866), (-0.9973364, 0.05157549, 0.05157549), (-0.9041388, 0.0335077, 0.4259227), (-0.8136401, 0.04180815, 0.5798637), (-0.7900625, 0.2590629, -0.5555967), (-0.8844941, 0.3299016, -0.3299016), (-0.9410996, 0.3373193, -0.02339411), (-0.9041388, 0.4259227, 0.0335077), (-0.8559572, 0.3656073, 0.3656073), (-0.7668657, 0.376787, 0.5195657), (-0.7071068, 0.5, -0.5), (-0.7900625, 0.5555967, -0.2590629), (-0.8111991, 0.5846792, -0.01030817), (-0.8136401, 0.5798637, 0.04180815), (-0.7668657, 0.5195657, 0.376787), (-0.7745967, 0.4472136, 0.4472136), (0.7071068, -0.5, -0.5), (0.7900625, -0.5555967, -0.2590629), (0.8111991, -0.5846792, -0.01030817), (0.8136401, -0.5798637, 0.04180815), (0.7668657, -0.5195657, 0.376787), (0.7745967, -0.4472136, 0.4472136), (0.7900625, -0.2590629, -0.5555967), (0.8844941, -0.3299016, -0.3299016), (0.9410996, -0.3373193, -0.02339411), (0.9041388, -0.4259227, 0.0335077), (0.8559572, -0.3656073, 0.3656073), (0.7668657, -0.376787, 0.5195657), (0.8111991, -0.01030817, -0.5846792), (0.9410996, -0.02339411, -0.3373193), (0.9995053, -0.02223866, -0.02223866), (0.9973364, -0.05157549, 0.05157549), (0.9041388, -0.0335077, 0.4259227), (0.8136401, -0.04180815, 0.5798637), (0.8136401, 0.04180815, -0.5798637), (0.9041388, 0.0335077, -0.4259227), (0.9973364, 0.05157549, -0.05157549), (0.9995053, 0.02223866, 0.02223866), (0.9410996, 0.02339411, 0.3373193), (0.8111991, 0.01030817, 0.5846792), (0.7668657, 0.376787, -0.5195657), (0.8559572, 0.3656073, -0.3656073), (0.9041388, 0.4259227, -0.0335077), (0.9410996, 0.3373193, 0.02339411), (0.8844941, 0.3299016, 0.3299016), (0.7900625, 0.2590629, 0.5555967), (0.7745967, 0.4472136, -0.4472136), (0.7668657, 0.5195657, -0.376787), (0.8136401, 0.5798637, -0.04180815), (0.8111991, 0.5846792, 0.01030817), (0.7900625, 0.5555967, 0.2590629), (0.7071068, 0.5, 0.5), (-0.4472136, -0.7745967, -0.4472136), (-0.376787, -0.7668657, -0.5195657), (-0.01887148, -0.8125031, -0.5826513), (0.004189016, -0.8112351, -0.5847052), (0.2590629, -0.7900625, -0.5555967), (0.5, -0.7071068, -0.5), (-0.5195657, -0.7668657, -0.376787), (-0.3656073, -0.8559572, -0.3656073), (-0.01444493, -0.8994749, -0.4367336), (0.009845537, -0.9435915, -0.3309656), (0.3299016, -0.8844941, -0.3299016), (0.5555967, -0.7900625, -0.2590629), (-0.5798637, -0.8136401, -0.04180815), (-0.4259227, -0.9041388, -0.0335077), (-0.02330514, -0.9981216, -0.05665734), (0.009240562, -0.9997517, -0.02027815), (0.3373193, -0.9410996, -0.02339411), (0.5846792, -0.8111991, -0.01030817), (-0.5846792, -0.8111991, 0.01030817), (-0.3373193, -0.9410996, 0.02339411), (-0.009240562, -0.9997517, 0.02027815), (0.02330514, -0.9981216, 0.05665734), (0.4259227, -0.9041388, 0.0335077), (0.5798637, -0.8136401, 0.04180815), (-0.5555967, -0.7900625, 0.2590629), (-0.3299016, -0.8844941, 0.3299016), (-0.009845537, -0.9435915, 0.3309656), (0.01444493, -0.8994749, 0.4367336), (0.3656073, -0.8559572, 0.3656073), (0.5195657, -0.7668657, 0.376787), (-0.5, -0.7071068, 0.5), (-0.2590629, -0.7900625, 0.5555967), (-0.004189016, -0.8112351, 0.5847052), (0.01887148, -0.8125031, 0.5826513), (0.376787, -0.7668657, 0.5195657), (0.4472136, -0.7745967, 0.4472136), (-0.5, 0.7071068, -0.5), (-0.2590629, 0.7900625, -0.5555967), (-0.004189016, 0.8112351, -0.5847052), (0.01887148, 0.8125031, -0.5826513), (0.376787, 0.7668657, -0.5195657), (0.4472136, 0.7745967, -0.4472136), (-0.5555967, 0.7900625, -0.2590629), (-0.3299016, 0.8844941, -0.3299016), (-0.009845537, 0.9435915, -0.3309656), (0.01444493, 0.8994749, -0.4367336), (0.3656073, 0.8559572, -0.3656073), (0.5195657, 0.7668657, -0.376787), (-0.5846792, 0.8111991, -0.01030817), (-0.3373193, 0.9410996, -0.02339411), (-0.009240562, 0.9997517, -0.02027815), (0.02330514, 0.9981216, -0.05665734), (0.4259227, 0.9041388, -0.0335077), (0.5798637, 0.8136401, -0.04180815), (-0.5798637, 0.8136401, 0.04180815), (-0.4259227, 0.9041388, 0.0335077), (-0.02330514, 0.9981216, 0.05665734), (0.009240562, 0.9997517, 0.02027815), (0.3373193, 0.9410996, 0.02339411), (0.5846792, 0.8111991, 0.01030817), (-0.5195657, 0.7668657, 0.376787), (-0.3656073, 0.8559572, 0.3656073), (-0.01444493, 0.8994749, 0.4367336), (0.009845537, 0.9435915, 0.3309656), (0.3299016, 0.8844941, 0.3299016), (0.5555967, 0.7900625, 0.2590629), (-0.4472136, 0.7745967, 0.4472136), (-0.376787, 0.7668657, 0.5195657), (-0.01887148, 0.8125031, 0.5826513), (0.004189016, 0.8112351, 0.5847052), (0.2590629, 0.7900625, 0.5555967), (0.5, 0.7071068, 0.5), (-0.4472136, -0.4472136, -0.7745967), (-0.5195657, -0.376787, -0.7668657), (-0.5798637, -0.04180815, -0.8136401), (-0.5846792, 0.01030817, -0.8111991), (-0.5555967, 0.2590629, -0.7900625), (-0.5, 0.5, -0.7071068), (-0.376787, -0.5195657, -0.7668657), (-0.3656073, -0.3656073, -0.8559572), (-0.4259227, -0.0335077, -0.9041388), (-0.3373193, 0.02339411, -0.9410996), (-0.3299016, 0.3299016, -0.8844941), (-0.2590629, 0.5555967, -0.7900625), (-0.01887148, -0.5826513, -0.8125031), (-0.01444493, -0.4367336, -0.8994749), (-0.02330514, -0.05665734, -0.9981216), (-0.009240562, 0.02027815, -0.9997517), (-0.009845537, 0.3309656, -0.9435915), (-0.004189016, 0.5847052, -0.8112351), (0.004189016, -0.5847052, -0.8112351), (0.009845537, -0.3309656, -0.9435915), (0.009240562, -0.02027815, -0.9997517), (0.02330514, 0.05665734, -0.9981216), (0.01444493, 0.4367336, -0.8994749), (0.01887148, 0.5826513, -0.8125031), (0.2590629, -0.5555967, -0.7900625), (0.3299016, -0.3299016, -0.8844941), (0.3373193, -0.02339411, -0.9410996), (0.4259227, 0.0335077, -0.9041388), (0.3656073, 0.3656073, -0.8559572), (0.376787, 0.5195657, -0.7668657), (0.5, -0.5, -0.7071068), (0.5555967, -0.2590629, -0.7900625), (0.5846792, -0.01030817, -0.8111991), (0.5798637, 0.04180815, -0.8136401), (0.5195657, 0.376787, -0.7668657), (0.4472136, 0.4472136, -0.7745967), (-0.5, -0.5, 0.7071068), (-0.5555967, -0.2590629, 0.7900625), (-0.5846792, -0.01030817, 0.8111991), (-0.5798637, 0.04180815, 0.8136401), (-0.5195657, 0.376787, 0.7668657), (-0.4472136, 0.4472136, 0.7745967), (-0.2590629, -0.5555967, 0.7900625), (-0.3299016, -0.3299016, 0.8844941), (-0.3373193, -0.02339411, 0.9410996), (-0.4259227, 0.0335077, 0.9041388), (-0.3656073, 0.3656073, 0.8559572), (-0.376787, 0.5195657, 0.7668657), (-0.004189016, -0.5847052, 0.8112351), (-0.009845537, -0.3309656, 0.9435915), (-0.009240562, -0.02027815, 0.9997517), (-0.02330514, 0.05665734, 0.9981216), (-0.01444493, 0.4367336, 0.8994749), (-0.01887148, 0.5826513, 0.8125031), (0.01887148, -0.5826513, 0.8125031), (0.01444493, -0.4367336, 0.8994749), (0.02330514, -0.05665734, 0.9981216), (0.009240562, 0.02027815, 0.9997517), (0.009845537, 0.3309656, 0.9435915), (0.004189016, 0.5847052, 0.8112351), (0.376787, -0.5195657, 0.7668657), (0.3656073, -0.3656073, 0.8559572), (0.4259227, -0.0335077, 0.9041388), (0.3373193, 0.02339411, 0.9410996), (0.3299016, 0.3299016, 0.8844941), (0.2590629, 0.5555967, 0.7900625), (0.4472136, -0.4472136, 0.7745967), (0.5195657, -0.376787, 0.7668657), (0.5798637, -0.04180815, 0.8136401), (0.5846792, 0.01030817, 0.8111991), (0.5555967, 0.2590629, 0.7900625), (0.5, 0.5, 0.7071068)] (interpolation = "vertex")
            float3[] extent = [(-0.00995, -0.00024, -0.00128), (-0.00875, 0.0004, -0.00064)]
            rel material:binding = </WorkbenchPart/Materials/solder>
        }
        def Mesh "ShieldSolderTab_04" (prepend apiSchemas = ["MaterialBindingAPI"])
        {
            uniform token subdivisionScheme = "none"
            uniform token orientation = "rightHanded"
            bool doubleSided = false
            point3f[] points = [(-0.009890829, -0.000180829, 0.000699171), (-0.009903333, -0.0001933333, 0.0007333333), (-0.009908995, -0.0001989949, 0.00078), (-0.009908995, -0.0001989949, 0.00114), (-0.009903333, -0.0001933333, 0.001186667), (-0.009890829, -0.000180829, 0.001220829), (-0.009903333, -0.0001466667, 0.0006866667), (-0.00992431, -0.0001571548, 0.0007228452), (-0.00993522, -0.0001626099, 0.00078), (-0.00993522, -0.0001626099, 0.00114), (-0.00992431, -0.0001571548, 0.001197155), (-0.009903333, -0.0001466667, 0.001233333), (-0.009908995, -0.0001, 0.0006810051), (-0.00993522, -0.0001, 0.0007173901), (-0.00995, -0.0001, 0.00078), (-0.00995, -0.0001, 0.00114), (-0.00993522, -0.0001, 0.00120261), (-0.009908995, -0.0001, 0.001238995), (-0.009908995, 0.00026, 0.0006810051), (-0.00993522, 0.00026, 0.0007173901), (-0.00995, 0.00026, 0.00078), (-0.00995, 0.00026, 0.00114), (-0.00993522, 0.00026, 0.00120261), (-0.009908995, 0.00026, 0.001238995), (-0.009903333, 0.0003066667, 0.0006866667), (-0.00992431, 0.0003171548, 0.0007228452), (-0.00993522, 0.0003226099, 0.00078), (-0.00993522, 0.0003226099, 0.00114), (-0.00992431, 0.0003171548, 0.001197155), (-0.009903333, 0.0003066667, 0.001233333), (-0.009890829, 0.000340829, 0.000699171), (-0.009903333, 0.0003533333, 0.0007333333), (-0.009908995, 0.0003589949, 0.00078), (-0.009908995, 0.0003589949, 0.00114), (-0.009903333, 0.0003533333, 0.001186667), (-0.009890829, 0.000340829, 0.001220829), (-0.008809171, -0.000180829, 0.000699171), (-0.008796667, -0.0001933333, 0.0007333333), (-0.008791005, -0.0001989949, 0.00078), (-0.008791005, -0.0001989949, 0.00114), (-0.008796667, -0.0001933333, 0.001186667), (-0.008809171, -0.000180829, 0.001220829), (-0.008796667, -0.0001466667, 0.0006866667), (-0.00877569, -0.0001571548, 0.0007228452), (-0.00876478, -0.0001626099, 0.00078), (-0.00876478, -0.0001626099, 0.00114), (-0.00877569, -0.0001571548, 0.001197155), (-0.008796667, -0.0001466667, 0.001233333), (-0.008791005, -0.0001, 0.0006810051), (-0.00876478, -0.0001, 0.0007173901), (-0.00875, -0.0001, 0.00078), (-0.00875, -0.0001, 0.00114), (-0.00876478, -0.0001, 0.00120261), (-0.008791005, -0.0001, 0.001238995), (-0.008791005, 0.00026, 0.0006810051), (-0.00876478, 0.00026, 0.0007173901), (-0.00875, 0.00026, 0.00078), (-0.00875, 0.00026, 0.00114), (-0.00876478, 0.00026, 0.00120261), (-0.008791005, 0.00026, 0.001238995), (-0.008796667, 0.0003066667, 0.0006866667), (-0.00877569, 0.0003171548, 0.0007228452), (-0.00876478, 0.0003226099, 0.00078), (-0.00876478, 0.0003226099, 0.00114), (-0.00877569, 0.0003171548, 0.001197155), (-0.008796667, 0.0003066667, 0.001233333), (-0.008809171, 0.000340829, 0.000699171), (-0.008796667, 0.0003533333, 0.0007333333), (-0.008791005, 0.0003589949, 0.00078), (-0.008791005, 0.0003589949, 0.00114), (-0.008796667, 0.0003533333, 0.001186667), (-0.008809171, 0.000340829, 0.001220829), (-0.009890829, -0.000180829, 0.000699171), (-0.009856667, -0.0001933333, 0.0006866667), (-0.00981, -0.0001989949, 0.0006810051), (-0.00889, -0.0001989949, 0.0006810051), (-0.008843333, -0.0001933333, 0.0006866667), (-0.008809171, -0.000180829, 0.000699171), (-0.009903333, -0.0001933333, 0.0007333333), (-0.009867155, -0.0002143095, 0.0007228452), (-0.00981, -0.0002252198, 0.0007173901), (-0.00889, -0.0002252198, 0.0007173901), (-0.008832845, -0.0002143095, 0.0007228452), (-0.008796667, -0.0001933333, 0.0007333333), (-0.009908995, -0.0001989949, 0.00078), (-0.00987261, -0.0002252198, 0.00078), (-0.00981, -0.00024, 0.00078), (-0.00889, -0.00024, 0.00078), (-0.00882739, -0.0002252198, 0.00078), (-0.008791005, -0.0001989949, 0.00078), (-0.009908995, -0.0001989949, 0.00114), (-0.00987261, -0.0002252198, 0.00114), (-0.00981, -0.00024, 0.00114), (-0.00889, -0.00024, 0.00114), (-0.00882739, -0.0002252198, 0.00114), (-0.008791005, -0.0001989949, 0.00114), (-0.009903333, -0.0001933333, 0.001186667), (-0.009867155, -0.0002143095, 0.001197155), (-0.00981, -0.0002252198, 0.00120261), (-0.00889, -0.0002252198, 0.00120261), (-0.008832845, -0.0002143095, 0.001197155), (-0.008796667, -0.0001933333, 0.001186667), (-0.009890829, -0.000180829, 0.001220829), (-0.009856667, -0.0001933333, 0.001233333), (-0.00981, -0.0001989949, 0.001238995), (-0.00889, -0.0001989949, 0.001238995), (-0.008843333, -0.0001933333, 0.001233333), (-0.008809171, -0.000180829, 0.001220829), (-0.009890829, 0.000340829, 0.000699171), (-0.009856667, 0.0003533333, 0.0006866667), (-0.00981, 0.0003589949, 0.0006810051), (-0.00889, 0.0003589949, 0.0006810051), (-0.008843333, 0.0003533333, 0.0006866667), (-0.008809171, 0.000340829, 0.000699171), (-0.009903333, 0.0003533333, 0.0007333333), (-0.009867155, 0.0003743095, 0.0007228452), (-0.00981, 0.0003852198, 0.0007173901), (-0.00889, 0.0003852198, 0.0007173901), (-0.008832845, 0.0003743095, 0.0007228452), (-0.008796667, 0.0003533333, 0.0007333333), (-0.009908995, 0.0003589949, 0.00078), (-0.00987261, 0.0003852198, 0.00078), (-0.00981, 0.0004, 0.00078), (-0.00889, 0.0004, 0.00078), (-0.00882739, 0.0003852198, 0.00078), (-0.008791005, 0.0003589949, 0.00078), (-0.009908995, 0.0003589949, 0.00114), (-0.00987261, 0.0003852198, 0.00114), (-0.00981, 0.0004, 0.00114), (-0.00889, 0.0004, 0.00114), (-0.00882739, 0.0003852198, 0.00114), (-0.008791005, 0.0003589949, 0.00114), (-0.009903333, 0.0003533333, 0.001186667), (-0.009867155, 0.0003743095, 0.001197155), (-0.00981, 0.0003852198, 0.00120261), (-0.00889, 0.0003852198, 0.00120261), (-0.008832845, 0.0003743095, 0.001197155), (-0.008796667, 0.0003533333, 0.001186667), (-0.009890829, 0.000340829, 0.001220829), (-0.009856667, 0.0003533333, 0.001233333), (-0.00981, 0.0003589949, 0.001238995), (-0.00889, 0.0003589949, 0.001238995), (-0.008843333, 0.0003533333, 0.001233333), (-0.008809171, 0.000340829, 0.001220829), (-0.009890829, -0.000180829, 0.000699171), (-0.009903333, -0.0001466667, 0.0006866667), (-0.009908995, -0.0001, 0.0006810051), (-0.009908995, 0.00026, 0.0006810051), (-0.009903333, 0.0003066667, 0.0006866667), (-0.009890829, 0.000340829, 0.000699171), (-0.009856667, -0.0001933333, 0.0006866667), (-0.009867155, -0.0001571548, 0.0006656905), (-0.00987261, -0.0001, 0.0006547802), (-0.00987261, 0.00026, 0.0006547802), (-0.009867155, 0.0003171548, 0.0006656905), (-0.009856667, 0.0003533333, 0.0006866667), (-0.00981, -0.0001989949, 0.0006810051), (-0.00981, -0.0001626099, 0.0006547802), (-0.00981, -0.0001, 0.00064), (-0.00981, 0.00026, 0.00064), (-0.00981, 0.0003226099, 0.0006547802), (-0.00981, 0.0003589949, 0.0006810051), (-0.00889, -0.0001989949, 0.0006810051), (-0.00889, -0.0001626099, 0.0006547802), (-0.00889, -0.0001, 0.00064), (-0.00889, 0.00026, 0.00064), (-0.00889, 0.0003226099, 0.0006547802), (-0.00889, 0.0003589949, 0.0006810051), (-0.008843333, -0.0001933333, 0.0006866667), (-0.008832845, -0.0001571548, 0.0006656905), (-0.00882739, -0.0001, 0.0006547802), (-0.00882739, 0.00026, 0.0006547802), (-0.008832845, 0.0003171548, 0.0006656905), (-0.008843333, 0.0003533333, 0.0006866667), (-0.008809171, -0.000180829, 0.000699171), (-0.008796667, -0.0001466667, 0.0006866667), (-0.008791005, -0.0001, 0.0006810051), (-0.008791005, 0.00026, 0.0006810051), (-0.008796667, 0.0003066667, 0.0006866667), (-0.008809171, 0.000340829, 0.000699171), (-0.009890829, -0.000180829, 0.001220829), (-0.009903333, -0.0001466667, 0.001233333), (-0.009908995, -0.0001, 0.001238995), (-0.009908995, 0.00026, 0.001238995), (-0.009903333, 0.0003066667, 0.001233333), (-0.009890829, 0.000340829, 0.001220829), (-0.009856667, -0.0001933333, 0.001233333), (-0.009867155, -0.0001571548, 0.00125431), (-0.00987261, -0.0001, 0.00126522), (-0.00987261, 0.00026, 0.00126522), (-0.009867155, 0.0003171548, 0.00125431), (-0.009856667, 0.0003533333, 0.001233333), (-0.00981, -0.0001989949, 0.001238995), (-0.00981, -0.0001626099, 0.00126522), (-0.00981, -0.0001, 0.00128), (-0.00981, 0.00026, 0.00128), (-0.00981, 0.0003226099, 0.00126522), (-0.00981, 0.0003589949, 0.001238995), (-0.00889, -0.0001989949, 0.001238995), (-0.00889, -0.0001626099, 0.00126522), (-0.00889, -0.0001, 0.00128), (-0.00889, 0.00026, 0.00128), (-0.00889, 0.0003226099, 0.00126522), (-0.00889, 0.0003589949, 0.001238995), (-0.008843333, -0.0001933333, 0.001233333), (-0.008832845, -0.0001571548, 0.00125431), (-0.00882739, -0.0001, 0.00126522), (-0.00882739, 0.00026, 0.00126522), (-0.008832845, 0.0003171548, 0.00125431), (-0.008843333, 0.0003533333, 0.001233333), (-0.008809171, -0.000180829, 0.001220829), (-0.008796667, -0.0001466667, 0.001233333), (-0.008791005, -0.0001, 0.001238995), (-0.008791005, 0.00026, 0.001238995), (-0.008796667, 0.0003066667, 0.001233333), (-0.008809171, 0.000340829, 0.001220829)]
            int[] faceVertexCounts = [3, 3, 3, 3, 3, 3, 3, 3, 3, 3, 3, 3, 3, 3, 3, 3, 3, 3, 3, 3, 3, 3, 3, 3, 3, 3, 3, 3, 3, 3, 3, 3, 3, 3, 3, 3, 3, 3, 3, 3, 3, 3, 3, 3, 3, 3, 3, 3, 3, 3, 3, 3, 3, 3, 3, 3, 3, 3, 3, 3, 3, 3, 3, 3, 3, 3, 3, 3, 3, 3, 3, 3, 3, 3, 3, 3, 3, 3, 3, 3, 3, 3, 3, 3, 3, 3, 3, 3, 3, 3, 3, 3, 3, 3, 3, 3, 3, 3, 3, 3, 3, 3, 3, 3, 3, 3, 3, 3, 3, 3, 3, 3, 3, 3, 3, 3, 3, 3, 3, 3, 3, 3, 3, 3, 3, 3, 3, 3, 3, 3, 3, 3, 3, 3, 3, 3, 3, 3, 3, 3, 3, 3, 3, 3, 3, 3, 3, 3, 3, 3, 3, 3, 3, 3, 3, 3, 3, 3, 3, 3, 3, 3, 3, 3, 3, 3, 3, 3, 3, 3, 3, 3, 3, 3, 3, 3, 3, 3, 3, 3, 3, 3, 3, 3, 3, 3, 3, 3, 3, 3, 3, 3, 3, 3, 3, 3, 3, 3, 3, 3, 3, 3, 3, 3, 3, 3, 3, 3, 3, 3, 3, 3, 3, 3, 3, 3, 3, 3, 3, 3, 3, 3, 3, 3, 3, 3, 3, 3, 3, 3, 3, 3, 3, 3, 3, 3, 3, 3, 3, 3, 3, 3, 3, 3, 3, 3, 3, 3, 3, 3, 3, 3, 3, 3, 3, 3, 3, 3, 3, 3, 3, 3, 3, 3, 3, 3, 3, 3, 3, 3, 3, 3, 3, 3, 3, 3, 3, 3, 3, 3, 3, 3, 3, 3, 3, 3, 3, 3, 3, 3, 3, 3, 3, 3, 3, 3, 3, 3, 3, 3]
            int[] faceVertexIndices = [1, 7, 6, 1, 6, 0, 2, 8, 7, 2, 7, 1, 3, 9, 8, 3, 8, 2, 4, 10, 9, 4, 9, 3, 5, 11, 10, 5, 10, 4, 7, 13, 12, 7, 12, 6, 8, 14, 13, 8, 13, 7, 9, 15, 14, 9, 14, 8, 10, 16, 15, 10, 15, 9, 11, 17, 16, 11, 16, 10, 13, 19, 18, 13, 18, 12, 14, 20, 19, 14, 19, 13, 15, 21, 20, 15, 20, 14, 16, 22, 21, 16, 21, 15, 17, 23, 22, 17, 22, 16, 19, 25, 24, 19, 24, 18, 20, 26, 25, 20, 25, 19, 21, 27, 26, 21, 26, 20, 22, 28, 27, 22, 27, 21, 23, 29, 28, 23, 28, 22, 25, 31, 30, 25, 30, 24, 26, 32, 31, 26, 31, 25, 27, 33, 32, 27, 32, 26, 28, 34, 33, 28, 33, 27, 29, 35, 34, 29, 34, 28, 36, 42, 43, 36, 43, 37, 37, 43, 44, 37, 44, 38, 38, 44, 45, 38, 45, 39, 39, 45, 46, 39, 46, 40, 40, 46, 47, 40, 47, 41, 42, 48, 49, 42, 49, 43, 43, 49, 50, 43, 50, 44, 44, 50, 51, 44, 51, 45, 45, 51, 52, 45, 52, 46, 46, 52, 53, 46, 53, 47, 48, 54, 55, 48, 55, 49, 49, 55, 56, 49, 56, 50, 50, 56, 57, 50, 57, 51, 51, 57, 58, 51, 58, 52, 52, 58, 59, 52, 59, 53, 54, 60, 61, 54, 61, 55, 55, 61, 62, 55, 62, 56, 56, 62, 63, 56, 63, 57, 57, 63, 64, 57, 64, 58, 58, 64, 65, 58, 65, 59, 60, 66, 67, 60, 67, 61, 61, 67, 68, 61, 68, 62, 62, 68, 69, 62, 69, 63, 63, 69, 70, 63, 70, 64, 64, 70, 71, 64, 71, 65, 73, 79, 78, 73, 78, 72, 74, 80, 79, 74, 79, 73, 75, 81, 80, 75, 80, 74, 76, 82, 81, 76, 81, 75, 77, 83, 82, 77, 82, 76, 79, 85, 84, 79, 84, 78, 80, 86, 85, 80, 85, 79, 81, 87, 86, 81, 86, 80, 82, 88, 87, 82, 87, 81, 83, 89, 88, 83, 88, 82, 85, 91, 90, 85, 90, 84, 86, 92, 91, 86, 91, 85, 87, 93, 92, 87, 92, 86, 88, 94, 93, 88, 93, 87, 89, 95, 94, 89, 94, 88, 91, 97, 96, 91, 96, 90, 92, 98, 97, 92, 97, 91, 93, 99, 98, 93, 98, 92, 94, 100, 99, 94, 99, 93, 95, 101, 100, 95, 100, 94, 97, 103, 102, 97, 102, 96, 98, 104, 103, 98, 103, 97, 99, 105, 104, 99, 104, 98, 100, 106, 105, 100, 105, 99, 101, 107, 106, 101, 106, 100, 108, 114, 115, 108, 115, 109, 109, 115, 116, 109, 116, 110, 110, 116, 117, 110, 117, 111, 111, 117, 118, 111, 118, 112, 112, 118, 119, 112, 119, 113, 114, 120, 121, 114, 121, 115, 115, 121, 122, 115, 122, 116, 116, 122, 123, 116, 123, 117, 117, 123, 124, 117, 124, 118, 118, 124, 125, 118, 125, 119, 120, 126, 127, 120, 127, 121, 121, 127, 128, 121, 128, 122, 122, 128, 129, 122, 129, 123, 123, 129, 130, 123, 130, 124, 124, 130, 131, 124, 131, 125, 126, 132, 133, 126, 133, 127, 127, 133, 134, 127, 134, 128, 128, 134, 135, 128, 135, 129, 129, 135, 136, 129, 136, 130, 130, 136, 137, 130, 137, 131, 132, 138, 139, 132, 139, 133, 133, 139, 140, 133, 140, 134, 134, 140, 141, 134, 141, 135, 135, 141, 142, 135, 142, 136, 136, 142, 143, 136, 143, 137, 145, 151, 150, 145, 150, 144, 146, 152, 151, 146, 151, 145, 147, 153, 152, 147, 152, 146, 148, 154, 153, 148, 153, 147, 149, 155, 154, 149, 154, 148, 151, 157, 156, 151, 156, 150, 152, 158, 157, 152, 157, 151, 153, 159, 158, 153, 158, 152, 154, 160, 159, 154, 159, 153, 155, 161, 160, 155, 160, 154, 157, 163, 162, 157, 162, 156, 158, 164, 163, 158, 163, 157, 159, 165, 164, 159, 164, 158, 160, 166, 165, 160, 165, 159, 161, 167, 166, 161, 166, 160, 163, 169, 168, 163, 168, 162, 164, 170, 169, 164, 169, 163, 165, 171, 170, 165, 170, 164, 166, 172, 171, 166, 171, 165, 167, 173, 172, 167, 172, 166, 169, 175, 174, 169, 174, 168, 170, 176, 175, 170, 175, 169, 171, 177, 176, 171, 176, 170, 172, 178, 177, 172, 177, 171, 173, 179, 178, 173, 178, 172, 180, 186, 187, 180, 187, 181, 181, 187, 188, 181, 188, 182, 182, 188, 189, 182, 189, 183, 183, 189, 190, 183, 190, 184, 184, 190, 191, 184, 191, 185, 186, 192, 193, 186, 193, 187, 187, 193, 194, 187, 194, 188, 188, 194, 195, 188, 195, 189, 189, 195, 196, 189, 196, 190, 190, 196, 197, 190, 197, 191, 192, 198, 199, 192, 199, 193, 193, 199, 200, 193, 200, 194, 194, 200, 201, 194, 201, 195, 195, 201, 202, 195, 202, 196, 196, 202, 203, 196, 203, 197, 198, 204, 205, 198, 205, 199, 199, 205, 206, 199, 206, 200, 200, 206, 207, 200, 207, 201, 201, 207, 208, 201, 208, 202, 202, 208, 209, 202, 209, 203, 204, 210, 211, 204, 211, 205, 205, 211, 212, 205, 212, 206, 206, 212, 213, 206, 213, 207, 207, 213, 214, 207, 214, 208, 208, 214, 215, 208, 215, 209]
            normal3f[] normals = [(-0.7745967, -0.4472136, -0.4472136), (-0.7668657, -0.5195657, -0.376787), (-0.8136401, -0.5798637, -0.04180815), (-0.8111991, -0.5846792, 0.01030817), (-0.7900625, -0.5555967, 0.2590629), (-0.7071068, -0.5, 0.5), (-0.7668657, -0.376787, -0.5195657), (-0.8559572, -0.3656073, -0.3656073), (-0.9041388, -0.4259227, -0.0335077), (-0.9410996, -0.3373193, 0.02339411), (-0.8844941, -0.3299016, 0.3299016), (-0.7900625, -0.2590629, 0.5555967), (-0.8136401, -0.04180815, -0.5798637), (-0.9041388, -0.0335077, -0.4259227), (-0.9973364, -0.05157549, -0.05157549), (-0.9995053, -0.02223866, 0.02223866), (-0.9410996, -0.02339411, 0.3373193), (-0.8111991, -0.01030817, 0.5846792), (-0.8111991, 0.01030817, -0.5846792), (-0.9410996, 0.02339411, -0.3373193), (-0.9995053, 0.02223866, -0.02223866), (-0.9973364, 0.05157549, 0.05157549), (-0.9041388, 0.0335077, 0.4259227), (-0.8136401, 0.04180815, 0.5798637), (-0.7900625, 0.2590629, -0.5555967), (-0.8844941, 0.3299016, -0.3299016), (-0.9410996, 0.3373193, -0.02339411), (-0.9041388, 0.4259227, 0.0335077), (-0.8559572, 0.3656073, 0.3656073), (-0.7668657, 0.376787, 0.5195657), (-0.7071068, 0.5, -0.5), (-0.7900625, 0.5555967, -0.2590629), (-0.8111991, 0.5846792, -0.01030817), (-0.8136401, 0.5798637, 0.04180815), (-0.7668657, 0.5195657, 0.376787), (-0.7745967, 0.4472136, 0.4472136), (0.7071068, -0.5, -0.5), (0.7900625, -0.5555967, -0.2590629), (0.8111991, -0.5846792, -0.01030817), (0.8136401, -0.5798637, 0.04180815), (0.7668657, -0.5195657, 0.376787), (0.7745967, -0.4472136, 0.4472136), (0.7900625, -0.2590629, -0.5555967), (0.8844941, -0.3299016, -0.3299016), (0.9410996, -0.3373193, -0.02339411), (0.9041388, -0.4259227, 0.0335077), (0.8559572, -0.3656073, 0.3656073), (0.7668657, -0.376787, 0.5195657), (0.8111991, -0.01030817, -0.5846792), (0.9410996, -0.02339411, -0.3373193), (0.9995053, -0.02223866, -0.02223866), (0.9973364, -0.05157549, 0.05157549), (0.9041388, -0.0335077, 0.4259227), (0.8136401, -0.04180815, 0.5798637), (0.8136401, 0.04180815, -0.5798637), (0.9041388, 0.0335077, -0.4259227), (0.9973364, 0.05157549, -0.05157549), (0.9995053, 0.02223866, 0.02223866), (0.9410996, 0.02339411, 0.3373193), (0.8111991, 0.01030817, 0.5846792), (0.7668657, 0.376787, -0.5195657), (0.8559572, 0.3656073, -0.3656073), (0.9041388, 0.4259227, -0.0335077), (0.9410996, 0.3373193, 0.02339411), (0.8844941, 0.3299016, 0.3299016), (0.7900625, 0.2590629, 0.5555967), (0.7745967, 0.4472136, -0.4472136), (0.7668657, 0.5195657, -0.376787), (0.8136401, 0.5798637, -0.04180815), (0.8111991, 0.5846792, 0.01030817), (0.7900625, 0.5555967, 0.2590629), (0.7071068, 0.5, 0.5), (-0.4472136, -0.7745967, -0.4472136), (-0.376787, -0.7668657, -0.5195657), (-0.01887148, -0.8125031, -0.5826513), (0.004189016, -0.8112351, -0.5847052), (0.2590629, -0.7900625, -0.5555967), (0.5, -0.7071068, -0.5), (-0.5195657, -0.7668657, -0.376787), (-0.3656073, -0.8559572, -0.3656073), (-0.01444493, -0.8994749, -0.4367336), (0.009845537, -0.9435915, -0.3309656), (0.3299016, -0.8844941, -0.3299016), (0.5555967, -0.7900625, -0.2590629), (-0.5798637, -0.8136401, -0.04180815), (-0.4259227, -0.9041388, -0.0335077), (-0.02330514, -0.9981216, -0.05665734), (0.009240562, -0.9997517, -0.02027815), (0.3373193, -0.9410996, -0.02339411), (0.5846792, -0.8111991, -0.01030817), (-0.5846792, -0.8111991, 0.01030817), (-0.3373193, -0.9410996, 0.02339411), (-0.009240562, -0.9997517, 0.02027815), (0.02330514, -0.9981216, 0.05665734), (0.4259227, -0.9041388, 0.0335077), (0.5798637, -0.8136401, 0.04180815), (-0.5555967, -0.7900625, 0.2590629), (-0.3299016, -0.8844941, 0.3299016), (-0.009845537, -0.9435915, 0.3309656), (0.01444493, -0.8994749, 0.4367336), (0.3656073, -0.8559572, 0.3656073), (0.5195657, -0.7668657, 0.376787), (-0.5, -0.7071068, 0.5), (-0.2590629, -0.7900625, 0.5555967), (-0.004189016, -0.8112351, 0.5847052), (0.01887148, -0.8125031, 0.5826513), (0.376787, -0.7668657, 0.5195657), (0.4472136, -0.7745967, 0.4472136), (-0.5, 0.7071068, -0.5), (-0.2590629, 0.7900625, -0.5555967), (-0.004189016, 0.8112351, -0.5847052), (0.01887148, 0.8125031, -0.5826513), (0.376787, 0.7668657, -0.5195657), (0.4472136, 0.7745967, -0.4472136), (-0.5555967, 0.7900625, -0.2590629), (-0.3299016, 0.8844941, -0.3299016), (-0.009845537, 0.9435915, -0.3309656), (0.01444493, 0.8994749, -0.4367336), (0.3656073, 0.8559572, -0.3656073), (0.5195657, 0.7668657, -0.376787), (-0.5846792, 0.8111991, -0.01030817), (-0.3373193, 0.9410996, -0.02339411), (-0.009240562, 0.9997517, -0.02027815), (0.02330514, 0.9981216, -0.05665734), (0.4259227, 0.9041388, -0.0335077), (0.5798637, 0.8136401, -0.04180815), (-0.5798637, 0.8136401, 0.04180815), (-0.4259227, 0.9041388, 0.0335077), (-0.02330514, 0.9981216, 0.05665734), (0.009240562, 0.9997517, 0.02027815), (0.3373193, 0.9410996, 0.02339411), (0.5846792, 0.8111991, 0.01030817), (-0.5195657, 0.7668657, 0.376787), (-0.3656073, 0.8559572, 0.3656073), (-0.01444493, 0.8994749, 0.4367336), (0.009845537, 0.9435915, 0.3309656), (0.3299016, 0.8844941, 0.3299016), (0.5555967, 0.7900625, 0.2590629), (-0.4472136, 0.7745967, 0.4472136), (-0.376787, 0.7668657, 0.5195657), (-0.01887148, 0.8125031, 0.5826513), (0.004189016, 0.8112351, 0.5847052), (0.2590629, 0.7900625, 0.5555967), (0.5, 0.7071068, 0.5), (-0.4472136, -0.4472136, -0.7745967), (-0.5195657, -0.376787, -0.7668657), (-0.5798637, -0.04180815, -0.8136401), (-0.5846792, 0.01030817, -0.8111991), (-0.5555967, 0.2590629, -0.7900625), (-0.5, 0.5, -0.7071068), (-0.376787, -0.5195657, -0.7668657), (-0.3656073, -0.3656073, -0.8559572), (-0.4259227, -0.0335077, -0.9041388), (-0.3373193, 0.02339411, -0.9410996), (-0.3299016, 0.3299016, -0.8844941), (-0.2590629, 0.5555967, -0.7900625), (-0.01887148, -0.5826513, -0.8125031), (-0.01444493, -0.4367336, -0.8994749), (-0.02330514, -0.05665734, -0.9981216), (-0.009240562, 0.02027815, -0.9997517), (-0.009845537, 0.3309656, -0.9435915), (-0.004189016, 0.5847052, -0.8112351), (0.004189016, -0.5847052, -0.8112351), (0.009845537, -0.3309656, -0.9435915), (0.009240562, -0.02027815, -0.9997517), (0.02330514, 0.05665734, -0.9981216), (0.01444493, 0.4367336, -0.8994749), (0.01887148, 0.5826513, -0.8125031), (0.2590629, -0.5555967, -0.7900625), (0.3299016, -0.3299016, -0.8844941), (0.3373193, -0.02339411, -0.9410996), (0.4259227, 0.0335077, -0.9041388), (0.3656073, 0.3656073, -0.8559572), (0.376787, 0.5195657, -0.7668657), (0.5, -0.5, -0.7071068), (0.5555967, -0.2590629, -0.7900625), (0.5846792, -0.01030817, -0.8111991), (0.5798637, 0.04180815, -0.8136401), (0.5195657, 0.376787, -0.7668657), (0.4472136, 0.4472136, -0.7745967), (-0.5, -0.5, 0.7071068), (-0.5555967, -0.2590629, 0.7900625), (-0.5846792, -0.01030817, 0.8111991), (-0.5798637, 0.04180815, 0.8136401), (-0.5195657, 0.376787, 0.7668657), (-0.4472136, 0.4472136, 0.7745967), (-0.2590629, -0.5555967, 0.7900625), (-0.3299016, -0.3299016, 0.8844941), (-0.3373193, -0.02339411, 0.9410996), (-0.4259227, 0.0335077, 0.9041388), (-0.3656073, 0.3656073, 0.8559572), (-0.376787, 0.5195657, 0.7668657), (-0.004189016, -0.5847052, 0.8112351), (-0.009845537, -0.3309656, 0.9435915), (-0.009240562, -0.02027815, 0.9997517), (-0.02330514, 0.05665734, 0.9981216), (-0.01444493, 0.4367336, 0.8994749), (-0.01887148, 0.5826513, 0.8125031), (0.01887148, -0.5826513, 0.8125031), (0.01444493, -0.4367336, 0.8994749), (0.02330514, -0.05665734, 0.9981216), (0.009240562, 0.02027815, 0.9997517), (0.009845537, 0.3309656, 0.9435915), (0.004189016, 0.5847052, 0.8112351), (0.376787, -0.5195657, 0.7668657), (0.3656073, -0.3656073, 0.8559572), (0.4259227, -0.0335077, 0.9041388), (0.3373193, 0.02339411, 0.9410996), (0.3299016, 0.3299016, 0.8844941), (0.2590629, 0.5555967, 0.7900625), (0.4472136, -0.4472136, 0.7745967), (0.5195657, -0.376787, 0.7668657), (0.5798637, -0.04180815, 0.8136401), (0.5846792, 0.01030817, 0.8111991), (0.5555967, 0.2590629, 0.7900625), (0.5, 0.5, 0.7071068)] (interpolation = "vertex")
            float3[] extent = [(-0.00995, -0.00024, 0.00064), (-0.00875, 0.0004, 0.00128)]
            rel material:binding = </WorkbenchPart/Materials/solder>
        }
        def Mesh "ShieldSolderTab_05" (prepend apiSchemas = ["MaterialBindingAPI"])
        {
            uniform token subdivisionScheme = "none"
            uniform token orientation = "rightHanded"
            bool doubleSided = false
            point3f[] points = [(-0.009890829, -0.000180829, 0.002619171), (-0.009903333, -0.0001933333, 0.002653333), (-0.009908995, -0.0001989949, 0.0027), (-0.009908995, -0.0001989949, 0.00306), (-0.009903333, -0.0001933333, 0.003106667), (-0.009890829, -0.000180829, 0.003140829), (-0.009903333, -0.0001466667, 0.002606667), (-0.00992431, -0.0001571548, 0.002642845), (-0.00993522, -0.0001626099, 0.0027), (-0.00993522, -0.0001626099, 0.00306), (-0.00992431, -0.0001571548, 0.003117155), (-0.009903333, -0.0001466667, 0.003153333), (-0.009908995, -0.0001, 0.002601005), (-0.00993522, -0.0001, 0.00263739), (-0.00995, -0.0001, 0.0027), (-0.00995, -0.0001, 0.00306), (-0.00993522, -0.0001, 0.00312261), (-0.009908995, -0.0001, 0.003158995), (-0.009908995, 0.00026, 0.002601005), (-0.00993522, 0.00026, 0.00263739), (-0.00995, 0.00026, 0.0027), (-0.00995, 0.00026, 0.00306), (-0.00993522, 0.00026, 0.00312261), (-0.009908995, 0.00026, 0.003158995), (-0.009903333, 0.0003066667, 0.002606667), (-0.00992431, 0.0003171548, 0.002642845), (-0.00993522, 0.0003226099, 0.0027), (-0.00993522, 0.0003226099, 0.00306), (-0.00992431, 0.0003171548, 0.003117155), (-0.009903333, 0.0003066667, 0.003153333), (-0.009890829, 0.000340829, 0.002619171), (-0.009903333, 0.0003533333, 0.002653333), (-0.009908995, 0.0003589949, 0.0027), (-0.009908995, 0.0003589949, 0.00306), (-0.009903333, 0.0003533333, 0.003106667), (-0.009890829, 0.000340829, 0.003140829), (-0.008809171, -0.000180829, 0.002619171), (-0.008796667, -0.0001933333, 0.002653333), (-0.008791005, -0.0001989949, 0.0027), (-0.008791005, -0.0001989949, 0.00306), (-0.008796667, -0.0001933333, 0.003106667), (-0.008809171, -0.000180829, 0.003140829), (-0.008796667, -0.0001466667, 0.002606667), (-0.00877569, -0.0001571548, 0.002642845), (-0.00876478, -0.0001626099, 0.0027), (-0.00876478, -0.0001626099, 0.00306), (-0.00877569, -0.0001571548, 0.003117155), (-0.008796667, -0.0001466667, 0.003153333), (-0.008791005, -0.0001, 0.002601005), (-0.00876478, -0.0001, 0.00263739), (-0.00875, -0.0001, 0.0027), (-0.00875, -0.0001, 0.00306), (-0.00876478, -0.0001, 0.00312261), (-0.008791005, -0.0001, 0.003158995), (-0.008791005, 0.00026, 0.002601005), (-0.00876478, 0.00026, 0.00263739), (-0.00875, 0.00026, 0.0027), (-0.00875, 0.00026, 0.00306), (-0.00876478, 0.00026, 0.00312261), (-0.008791005, 0.00026, 0.003158995), (-0.008796667, 0.0003066667, 0.002606667), (-0.00877569, 0.0003171548, 0.002642845), (-0.00876478, 0.0003226099, 0.0027), (-0.00876478, 0.0003226099, 0.00306), (-0.00877569, 0.0003171548, 0.003117155), (-0.008796667, 0.0003066667, 0.003153333), (-0.008809171, 0.000340829, 0.002619171), (-0.008796667, 0.0003533333, 0.002653333), (-0.008791005, 0.0003589949, 0.0027), (-0.008791005, 0.0003589949, 0.00306), (-0.008796667, 0.0003533333, 0.003106667), (-0.008809171, 0.000340829, 0.003140829), (-0.009890829, -0.000180829, 0.002619171), (-0.009856667, -0.0001933333, 0.002606667), (-0.00981, -0.0001989949, 0.002601005), (-0.00889, -0.0001989949, 0.002601005), (-0.008843333, -0.0001933333, 0.002606667), (-0.008809171, -0.000180829, 0.002619171), (-0.009903333, -0.0001933333, 0.002653333), (-0.009867155, -0.0002143095, 0.002642845), (-0.00981, -0.0002252198, 0.00263739), (-0.00889, -0.0002252198, 0.00263739), (-0.008832845, -0.0002143095, 0.002642845), (-0.008796667, -0.0001933333, 0.002653333), (-0.009908995, -0.0001989949, 0.0027), (-0.00987261, -0.0002252198, 0.0027), (-0.00981, -0.00024, 0.0027), (-0.00889, -0.00024, 0.0027), (-0.00882739, -0.0002252198, 0.0027), (-0.008791005, -0.0001989949, 0.0027), (-0.009908995, -0.0001989949, 0.00306), (-0.00987261, -0.0002252198, 0.00306), (-0.00981, -0.00024, 0.00306), (-0.00889, -0.00024, 0.00306), (-0.00882739, -0.0002252198, 0.00306), (-0.008791005, -0.0001989949, 0.00306), (-0.009903333, -0.0001933333, 0.003106667), (-0.009867155, -0.0002143095, 0.003117155), (-0.00981, -0.0002252198, 0.00312261), (-0.00889, -0.0002252198, 0.00312261), (-0.008832845, -0.0002143095, 0.003117155), (-0.008796667, -0.0001933333, 0.003106667), (-0.009890829, -0.000180829, 0.003140829), (-0.009856667, -0.0001933333, 0.003153333), (-0.00981, -0.0001989949, 0.003158995), (-0.00889, -0.0001989949, 0.003158995), (-0.008843333, -0.0001933333, 0.003153333), (-0.008809171, -0.000180829, 0.003140829), (-0.009890829, 0.000340829, 0.002619171), (-0.009856667, 0.0003533333, 0.002606667), (-0.00981, 0.0003589949, 0.002601005), (-0.00889, 0.0003589949, 0.002601005), (-0.008843333, 0.0003533333, 0.002606667), (-0.008809171, 0.000340829, 0.002619171), (-0.009903333, 0.0003533333, 0.002653333), (-0.009867155, 0.0003743095, 0.002642845), (-0.00981, 0.0003852198, 0.00263739), (-0.00889, 0.0003852198, 0.00263739), (-0.008832845, 0.0003743095, 0.002642845), (-0.008796667, 0.0003533333, 0.002653333), (-0.009908995, 0.0003589949, 0.0027), (-0.00987261, 0.0003852198, 0.0027), (-0.00981, 0.0004, 0.0027), (-0.00889, 0.0004, 0.0027), (-0.00882739, 0.0003852198, 0.0027), (-0.008791005, 0.0003589949, 0.0027), (-0.009908995, 0.0003589949, 0.00306), (-0.00987261, 0.0003852198, 0.00306), (-0.00981, 0.0004, 0.00306), (-0.00889, 0.0004, 0.00306), (-0.00882739, 0.0003852198, 0.00306), (-0.008791005, 0.0003589949, 0.00306), (-0.009903333, 0.0003533333, 0.003106667), (-0.009867155, 0.0003743095, 0.003117155), (-0.00981, 0.0003852198, 0.00312261), (-0.00889, 0.0003852198, 0.00312261), (-0.008832845, 0.0003743095, 0.003117155), (-0.008796667, 0.0003533333, 0.003106667), (-0.009890829, 0.000340829, 0.003140829), (-0.009856667, 0.0003533333, 0.003153333), (-0.00981, 0.0003589949, 0.003158995), (-0.00889, 0.0003589949, 0.003158995), (-0.008843333, 0.0003533333, 0.003153333), (-0.008809171, 0.000340829, 0.003140829), (-0.009890829, -0.000180829, 0.002619171), (-0.009903333, -0.0001466667, 0.002606667), (-0.009908995, -0.0001, 0.002601005), (-0.009908995, 0.00026, 0.002601005), (-0.009903333, 0.0003066667, 0.002606667), (-0.009890829, 0.000340829, 0.002619171), (-0.009856667, -0.0001933333, 0.002606667), (-0.009867155, -0.0001571548, 0.00258569), (-0.00987261, -0.0001, 0.00257478), (-0.00987261, 0.00026, 0.00257478), (-0.009867155, 0.0003171548, 0.00258569), (-0.009856667, 0.0003533333, 0.002606667), (-0.00981, -0.0001989949, 0.002601005), (-0.00981, -0.0001626099, 0.00257478), (-0.00981, -0.0001, 0.00256), (-0.00981, 0.00026, 0.00256), (-0.00981, 0.0003226099, 0.00257478), (-0.00981, 0.0003589949, 0.002601005), (-0.00889, -0.0001989949, 0.002601005), (-0.00889, -0.0001626099, 0.00257478), (-0.00889, -0.0001, 0.00256), (-0.00889, 0.00026, 0.00256), (-0.00889, 0.0003226099, 0.00257478), (-0.00889, 0.0003589949, 0.002601005), (-0.008843333, -0.0001933333, 0.002606667), (-0.008832845, -0.0001571548, 0.00258569), (-0.00882739, -0.0001, 0.00257478), (-0.00882739, 0.00026, 0.00257478), (-0.008832845, 0.0003171548, 0.00258569), (-0.008843333, 0.0003533333, 0.002606667), (-0.008809171, -0.000180829, 0.002619171), (-0.008796667, -0.0001466667, 0.002606667), (-0.008791005, -0.0001, 0.002601005), (-0.008791005, 0.00026, 0.002601005), (-0.008796667, 0.0003066667, 0.002606667), (-0.008809171, 0.000340829, 0.002619171), (-0.009890829, -0.000180829, 0.003140829), (-0.009903333, -0.0001466667, 0.003153333), (-0.009908995, -0.0001, 0.003158995), (-0.009908995, 0.00026, 0.003158995), (-0.009903333, 0.0003066667, 0.003153333), (-0.009890829, 0.000340829, 0.003140829), (-0.009856667, -0.0001933333, 0.003153333), (-0.009867155, -0.0001571548, 0.00317431), (-0.00987261, -0.0001, 0.00318522), (-0.00987261, 0.00026, 0.00318522), (-0.009867155, 0.0003171548, 0.00317431), (-0.009856667, 0.0003533333, 0.003153333), (-0.00981, -0.0001989949, 0.003158995), (-0.00981, -0.0001626099, 0.00318522), (-0.00981, -0.0001, 0.0032), (-0.00981, 0.00026, 0.0032), (-0.00981, 0.0003226099, 0.00318522), (-0.00981, 0.0003589949, 0.003158995), (-0.00889, -0.0001989949, 0.003158995), (-0.00889, -0.0001626099, 0.00318522), (-0.00889, -0.0001, 0.0032), (-0.00889, 0.00026, 0.0032), (-0.00889, 0.0003226099, 0.00318522), (-0.00889, 0.0003589949, 0.003158995), (-0.008843333, -0.0001933333, 0.003153333), (-0.008832845, -0.0001571548, 0.00317431), (-0.00882739, -0.0001, 0.00318522), (-0.00882739, 0.00026, 0.00318522), (-0.008832845, 0.0003171548, 0.00317431), (-0.008843333, 0.0003533333, 0.003153333), (-0.008809171, -0.000180829, 0.003140829), (-0.008796667, -0.0001466667, 0.003153333), (-0.008791005, -0.0001, 0.003158995), (-0.008791005, 0.00026, 0.003158995), (-0.008796667, 0.0003066667, 0.003153333), (-0.008809171, 0.000340829, 0.003140829)]
            int[] faceVertexCounts = [3, 3, 3, 3, 3, 3, 3, 3, 3, 3, 3, 3, 3, 3, 3, 3, 3, 3, 3, 3, 3, 3, 3, 3, 3, 3, 3, 3, 3, 3, 3, 3, 3, 3, 3, 3, 3, 3, 3, 3, 3, 3, 3, 3, 3, 3, 3, 3, 3, 3, 3, 3, 3, 3, 3, 3, 3, 3, 3, 3, 3, 3, 3, 3, 3, 3, 3, 3, 3, 3, 3, 3, 3, 3, 3, 3, 3, 3, 3, 3, 3, 3, 3, 3, 3, 3, 3, 3, 3, 3, 3, 3, 3, 3, 3, 3, 3, 3, 3, 3, 3, 3, 3, 3, 3, 3, 3, 3, 3, 3, 3, 3, 3, 3, 3, 3, 3, 3, 3, 3, 3, 3, 3, 3, 3, 3, 3, 3, 3, 3, 3, 3, 3, 3, 3, 3, 3, 3, 3, 3, 3, 3, 3, 3, 3, 3, 3, 3, 3, 3, 3, 3, 3, 3, 3, 3, 3, 3, 3, 3, 3, 3, 3, 3, 3, 3, 3, 3, 3, 3, 3, 3, 3, 3, 3, 3, 3, 3, 3, 3, 3, 3, 3, 3, 3, 3, 3, 3, 3, 3, 3, 3, 3, 3, 3, 3, 3, 3, 3, 3, 3, 3, 3, 3, 3, 3, 3, 3, 3, 3, 3, 3, 3, 3, 3, 3, 3, 3, 3, 3, 3, 3, 3, 3, 3, 3, 3, 3, 3, 3, 3, 3, 3, 3, 3, 3, 3, 3, 3, 3, 3, 3, 3, 3, 3, 3, 3, 3, 3, 3, 3, 3, 3, 3, 3, 3, 3, 3, 3, 3, 3, 3, 3, 3, 3, 3, 3, 3, 3, 3, 3, 3, 3, 3, 3, 3, 3, 3, 3, 3, 3, 3, 3, 3, 3, 3, 3, 3, 3, 3, 3, 3, 3, 3, 3, 3, 3, 3, 3, 3]
            int[] faceVertexIndices = [1, 7, 6, 1, 6, 0, 2, 8, 7, 2, 7, 1, 3, 9, 8, 3, 8, 2, 4, 10, 9, 4, 9, 3, 5, 11, 10, 5, 10, 4, 7, 13, 12, 7, 12, 6, 8, 14, 13, 8, 13, 7, 9, 15, 14, 9, 14, 8, 10, 16, 15, 10, 15, 9, 11, 17, 16, 11, 16, 10, 13, 19, 18, 13, 18, 12, 14, 20, 19, 14, 19, 13, 15, 21, 20, 15, 20, 14, 16, 22, 21, 16, 21, 15, 17, 23, 22, 17, 22, 16, 19, 25, 24, 19, 24, 18, 20, 26, 25, 20, 25, 19, 21, 27, 26, 21, 26, 20, 22, 28, 27, 22, 27, 21, 23, 29, 28, 23, 28, 22, 25, 31, 30, 25, 30, 24, 26, 32, 31, 26, 31, 25, 27, 33, 32, 27, 32, 26, 28, 34, 33, 28, 33, 27, 29, 35, 34, 29, 34, 28, 36, 42, 43, 36, 43, 37, 37, 43, 44, 37, 44, 38, 38, 44, 45, 38, 45, 39, 39, 45, 46, 39, 46, 40, 40, 46, 47, 40, 47, 41, 42, 48, 49, 42, 49, 43, 43, 49, 50, 43, 50, 44, 44, 50, 51, 44, 51, 45, 45, 51, 52, 45, 52, 46, 46, 52, 53, 46, 53, 47, 48, 54, 55, 48, 55, 49, 49, 55, 56, 49, 56, 50, 50, 56, 57, 50, 57, 51, 51, 57, 58, 51, 58, 52, 52, 58, 59, 52, 59, 53, 54, 60, 61, 54, 61, 55, 55, 61, 62, 55, 62, 56, 56, 62, 63, 56, 63, 57, 57, 63, 64, 57, 64, 58, 58, 64, 65, 58, 65, 59, 60, 66, 67, 60, 67, 61, 61, 67, 68, 61, 68, 62, 62, 68, 69, 62, 69, 63, 63, 69, 70, 63, 70, 64, 64, 70, 71, 64, 71, 65, 73, 79, 78, 73, 78, 72, 74, 80, 79, 74, 79, 73, 75, 81, 80, 75, 80, 74, 76, 82, 81, 76, 81, 75, 77, 83, 82, 77, 82, 76, 79, 85, 84, 79, 84, 78, 80, 86, 85, 80, 85, 79, 81, 87, 86, 81, 86, 80, 82, 88, 87, 82, 87, 81, 83, 89, 88, 83, 88, 82, 85, 91, 90, 85, 90, 84, 86, 92, 91, 86, 91, 85, 87, 93, 92, 87, 92, 86, 88, 94, 93, 88, 93, 87, 89, 95, 94, 89, 94, 88, 91, 97, 96, 91, 96, 90, 92, 98, 97, 92, 97, 91, 93, 99, 98, 93, 98, 92, 94, 100, 99, 94, 99, 93, 95, 101, 100, 95, 100, 94, 97, 103, 102, 97, 102, 96, 98, 104, 103, 98, 103, 97, 99, 105, 104, 99, 104, 98, 100, 106, 105, 100, 105, 99, 101, 107, 106, 101, 106, 100, 108, 114, 115, 108, 115, 109, 109, 115, 116, 109, 116, 110, 110, 116, 117, 110, 117, 111, 111, 117, 118, 111, 118, 112, 112, 118, 119, 112, 119, 113, 114, 120, 121, 114, 121, 115, 115, 121, 122, 115, 122, 116, 116, 122, 123, 116, 123, 117, 117, 123, 124, 117, 124, 118, 118, 124, 125, 118, 125, 119, 120, 126, 127, 120, 127, 121, 121, 127, 128, 121, 128, 122, 122, 128, 129, 122, 129, 123, 123, 129, 130, 123, 130, 124, 124, 130, 131, 124, 131, 125, 126, 132, 133, 126, 133, 127, 127, 133, 134, 127, 134, 128, 128, 134, 135, 128, 135, 129, 129, 135, 136, 129, 136, 130, 130, 136, 137, 130, 137, 131, 132, 138, 139, 132, 139, 133, 133, 139, 140, 133, 140, 134, 134, 140, 141, 134, 141, 135, 135, 141, 142, 135, 142, 136, 136, 142, 143, 136, 143, 137, 145, 151, 150, 145, 150, 144, 146, 152, 151, 146, 151, 145, 147, 153, 152, 147, 152, 146, 148, 154, 153, 148, 153, 147, 149, 155, 154, 149, 154, 148, 151, 157, 156, 151, 156, 150, 152, 158, 157, 152, 157, 151, 153, 159, 158, 153, 158, 152, 154, 160, 159, 154, 159, 153, 155, 161, 160, 155, 160, 154, 157, 163, 162, 157, 162, 156, 158, 164, 163, 158, 163, 157, 159, 165, 164, 159, 164, 158, 160, 166, 165, 160, 165, 159, 161, 167, 166, 161, 166, 160, 163, 169, 168, 163, 168, 162, 164, 170, 169, 164, 169, 163, 165, 171, 170, 165, 170, 164, 166, 172, 171, 166, 171, 165, 167, 173, 172, 167, 172, 166, 169, 175, 174, 169, 174, 168, 170, 176, 175, 170, 175, 169, 171, 177, 176, 171, 176, 170, 172, 178, 177, 172, 177, 171, 173, 179, 178, 173, 178, 172, 180, 186, 187, 180, 187, 181, 181, 187, 188, 181, 188, 182, 182, 188, 189, 182, 189, 183, 183, 189, 190, 183, 190, 184, 184, 190, 191, 184, 191, 185, 186, 192, 193, 186, 193, 187, 187, 193, 194, 187, 194, 188, 188, 194, 195, 188, 195, 189, 189, 195, 196, 189, 196, 190, 190, 196, 197, 190, 197, 191, 192, 198, 199, 192, 199, 193, 193, 199, 200, 193, 200, 194, 194, 200, 201, 194, 201, 195, 195, 201, 202, 195, 202, 196, 196, 202, 203, 196, 203, 197, 198, 204, 205, 198, 205, 199, 199, 205, 206, 199, 206, 200, 200, 206, 207, 200, 207, 201, 201, 207, 208, 201, 208, 202, 202, 208, 209, 202, 209, 203, 204, 210, 211, 204, 211, 205, 205, 211, 212, 205, 212, 206, 206, 212, 213, 206, 213, 207, 207, 213, 214, 207, 214, 208, 208, 214, 215, 208, 215, 209]
            normal3f[] normals = [(-0.7745967, -0.4472136, -0.4472136), (-0.7668657, -0.5195657, -0.376787), (-0.8136401, -0.5798637, -0.04180815), (-0.8111991, -0.5846792, 0.01030817), (-0.7900625, -0.5555967, 0.2590629), (-0.7071068, -0.5, 0.5), (-0.7668657, -0.376787, -0.5195657), (-0.8559572, -0.3656073, -0.3656073), (-0.9041388, -0.4259227, -0.0335077), (-0.9410996, -0.3373193, 0.02339411), (-0.8844941, -0.3299016, 0.3299016), (-0.7900625, -0.2590629, 0.5555967), (-0.8136401, -0.04180815, -0.5798637), (-0.9041388, -0.0335077, -0.4259227), (-0.9973364, -0.05157549, -0.05157549), (-0.9995053, -0.02223866, 0.02223866), (-0.9410996, -0.02339411, 0.3373193), (-0.8111991, -0.01030817, 0.5846792), (-0.8111991, 0.01030817, -0.5846792), (-0.9410996, 0.02339411, -0.3373193), (-0.9995053, 0.02223866, -0.02223866), (-0.9973364, 0.05157549, 0.05157549), (-0.9041388, 0.0335077, 0.4259227), (-0.8136401, 0.04180815, 0.5798637), (-0.7900625, 0.2590629, -0.5555967), (-0.8844941, 0.3299016, -0.3299016), (-0.9410996, 0.3373193, -0.02339411), (-0.9041388, 0.4259227, 0.0335077), (-0.8559572, 0.3656073, 0.3656073), (-0.7668657, 0.376787, 0.5195657), (-0.7071068, 0.5, -0.5), (-0.7900625, 0.5555967, -0.2590629), (-0.8111991, 0.5846792, -0.01030817), (-0.8136401, 0.5798637, 0.04180815), (-0.7668657, 0.5195657, 0.376787), (-0.7745967, 0.4472136, 0.4472136), (0.7071068, -0.5, -0.5), (0.7900625, -0.5555967, -0.2590629), (0.8111991, -0.5846792, -0.01030817), (0.8136401, -0.5798637, 0.04180815), (0.7668657, -0.5195657, 0.376787), (0.7745967, -0.4472136, 0.4472136), (0.7900625, -0.2590629, -0.5555967), (0.8844941, -0.3299016, -0.3299016), (0.9410996, -0.3373193, -0.02339411), (0.9041388, -0.4259227, 0.0335077), (0.8559572, -0.3656073, 0.3656073), (0.7668657, -0.376787, 0.5195657), (0.8111991, -0.01030817, -0.5846792), (0.9410996, -0.02339411, -0.3373193), (0.9995053, -0.02223866, -0.02223866), (0.9973364, -0.05157549, 0.05157549), (0.9041388, -0.0335077, 0.4259227), (0.8136401, -0.04180815, 0.5798637), (0.8136401, 0.04180815, -0.5798637), (0.9041388, 0.0335077, -0.4259227), (0.9973364, 0.05157549, -0.05157549), (0.9995053, 0.02223866, 0.02223866), (0.9410996, 0.02339411, 0.3373193), (0.8111991, 0.01030817, 0.5846792), (0.7668657, 0.376787, -0.5195657), (0.8559572, 0.3656073, -0.3656073), (0.9041388, 0.4259227, -0.0335077), (0.9410996, 0.3373193, 0.02339411), (0.8844941, 0.3299016, 0.3299016), (0.7900625, 0.2590629, 0.5555967), (0.7745967, 0.4472136, -0.4472136), (0.7668657, 0.5195657, -0.376787), (0.8136401, 0.5798637, -0.04180815), (0.8111991, 0.5846792, 0.01030817), (0.7900625, 0.5555967, 0.2590629), (0.7071068, 0.5, 0.5), (-0.4472136, -0.7745967, -0.4472136), (-0.376787, -0.7668657, -0.5195657), (-0.01887148, -0.8125031, -0.5826513), (0.004189016, -0.8112351, -0.5847052), (0.2590629, -0.7900625, -0.5555967), (0.5, -0.7071068, -0.5), (-0.5195657, -0.7668657, -0.376787), (-0.3656073, -0.8559572, -0.3656073), (-0.01444493, -0.8994749, -0.4367336), (0.009845537, -0.9435915, -0.3309656), (0.3299016, -0.8844941, -0.3299016), (0.5555967, -0.7900625, -0.2590629), (-0.5798637, -0.8136401, -0.04180815), (-0.4259227, -0.9041388, -0.0335077), (-0.02330514, -0.9981216, -0.05665734), (0.009240562, -0.9997517, -0.02027815), (0.3373193, -0.9410996, -0.02339411), (0.5846792, -0.8111991, -0.01030817), (-0.5846792, -0.8111991, 0.01030817), (-0.3373193, -0.9410996, 0.02339411), (-0.009240562, -0.9997517, 0.02027815), (0.02330514, -0.9981216, 0.05665734), (0.4259227, -0.9041388, 0.0335077), (0.5798637, -0.8136401, 0.04180815), (-0.5555967, -0.7900625, 0.2590629), (-0.3299016, -0.8844941, 0.3299016), (-0.009845537, -0.9435915, 0.3309656), (0.01444493, -0.8994749, 0.4367336), (0.3656073, -0.8559572, 0.3656073), (0.5195657, -0.7668657, 0.376787), (-0.5, -0.7071068, 0.5), (-0.2590629, -0.7900625, 0.5555967), (-0.004189016, -0.8112351, 0.5847052), (0.01887148, -0.8125031, 0.5826513), (0.376787, -0.7668657, 0.5195657), (0.4472136, -0.7745967, 0.4472136), (-0.5, 0.7071068, -0.5), (-0.2590629, 0.7900625, -0.5555967), (-0.004189016, 0.8112351, -0.5847052), (0.01887148, 0.8125031, -0.5826513), (0.376787, 0.7668657, -0.5195657), (0.4472136, 0.7745967, -0.4472136), (-0.5555967, 0.7900625, -0.2590629), (-0.3299016, 0.8844941, -0.3299016), (-0.009845537, 0.9435915, -0.3309656), (0.01444493, 0.8994749, -0.4367336), (0.3656073, 0.8559572, -0.3656073), (0.5195657, 0.7668657, -0.376787), (-0.5846792, 0.8111991, -0.01030817), (-0.3373193, 0.9410996, -0.02339411), (-0.009240562, 0.9997517, -0.02027815), (0.02330514, 0.9981216, -0.05665734), (0.4259227, 0.9041388, -0.0335077), (0.5798637, 0.8136401, -0.04180815), (-0.5798637, 0.8136401, 0.04180815), (-0.4259227, 0.9041388, 0.0335077), (-0.02330514, 0.9981216, 0.05665734), (0.009240562, 0.9997517, 0.02027815), (0.3373193, 0.9410996, 0.02339411), (0.5846792, 0.8111991, 0.01030817), (-0.5195657, 0.7668657, 0.376787), (-0.3656073, 0.8559572, 0.3656073), (-0.01444493, 0.8994749, 0.4367336), (0.009845537, 0.9435915, 0.3309656), (0.3299016, 0.8844941, 0.3299016), (0.5555967, 0.7900625, 0.2590629), (-0.4472136, 0.7745967, 0.4472136), (-0.376787, 0.7668657, 0.5195657), (-0.01887148, 0.8125031, 0.5826513), (0.004189016, 0.8112351, 0.5847052), (0.2590629, 0.7900625, 0.5555967), (0.5, 0.7071068, 0.5), (-0.4472136, -0.4472136, -0.7745967), (-0.5195657, -0.376787, -0.7668657), (-0.5798637, -0.04180815, -0.8136401), (-0.5846792, 0.01030817, -0.8111991), (-0.5555967, 0.2590629, -0.7900625), (-0.5, 0.5, -0.7071068), (-0.376787, -0.5195657, -0.7668657), (-0.3656073, -0.3656073, -0.8559572), (-0.4259227, -0.0335077, -0.9041388), (-0.3373193, 0.02339411, -0.9410996), (-0.3299016, 0.3299016, -0.8844941), (-0.2590629, 0.5555967, -0.7900625), (-0.01887148, -0.5826513, -0.8125031), (-0.01444493, -0.4367336, -0.8994749), (-0.02330514, -0.05665734, -0.9981216), (-0.009240562, 0.02027815, -0.9997517), (-0.009845537, 0.3309656, -0.9435915), (-0.004189016, 0.5847052, -0.8112351), (0.004189016, -0.5847052, -0.8112351), (0.009845537, -0.3309656, -0.9435915), (0.009240562, -0.02027815, -0.9997517), (0.02330514, 0.05665734, -0.9981216), (0.01444493, 0.4367336, -0.8994749), (0.01887148, 0.5826513, -0.8125031), (0.2590629, -0.5555967, -0.7900625), (0.3299016, -0.3299016, -0.8844941), (0.3373193, -0.02339411, -0.9410996), (0.4259227, 0.0335077, -0.9041388), (0.3656073, 0.3656073, -0.8559572), (0.376787, 0.5195657, -0.7668657), (0.5, -0.5, -0.7071068), (0.5555967, -0.2590629, -0.7900625), (0.5846792, -0.01030817, -0.8111991), (0.5798637, 0.04180815, -0.8136401), (0.5195657, 0.376787, -0.7668657), (0.4472136, 0.4472136, -0.7745967), (-0.5, -0.5, 0.7071068), (-0.5555967, -0.2590629, 0.7900625), (-0.5846792, -0.01030817, 0.8111991), (-0.5798637, 0.04180815, 0.8136401), (-0.5195657, 0.376787, 0.7668657), (-0.4472136, 0.4472136, 0.7745967), (-0.2590629, -0.5555967, 0.7900625), (-0.3299016, -0.3299016, 0.8844941), (-0.3373193, -0.02339411, 0.9410996), (-0.4259227, 0.0335077, 0.9041388), (-0.3656073, 0.3656073, 0.8559572), (-0.376787, 0.5195657, 0.7668657), (-0.004189016, -0.5847052, 0.8112351), (-0.009845537, -0.3309656, 0.9435915), (-0.009240562, -0.02027815, 0.9997517), (-0.02330514, 0.05665734, 0.9981216), (-0.01444493, 0.4367336, 0.8994749), (-0.01887148, 0.5826513, 0.8125031), (0.01887148, -0.5826513, 0.8125031), (0.01444493, -0.4367336, 0.8994749), (0.02330514, -0.05665734, 0.9981216), (0.009240562, 0.02027815, 0.9997517), (0.009845537, 0.3309656, 0.9435915), (0.004189016, 0.5847052, 0.8112351), (0.376787, -0.5195657, 0.7668657), (0.3656073, -0.3656073, 0.8559572), (0.4259227, -0.0335077, 0.9041388), (0.3373193, 0.02339411, 0.9410996), (0.3299016, 0.3299016, 0.8844941), (0.2590629, 0.5555967, 0.7900625), (0.4472136, -0.4472136, 0.7745967), (0.5195657, -0.376787, 0.7668657), (0.5798637, -0.04180815, 0.8136401), (0.5846792, 0.01030817, 0.8111991), (0.5555967, 0.2590629, 0.7900625), (0.5, 0.5, 0.7071068)] (interpolation = "vertex")
            float3[] extent = [(-0.00995, -0.00024, 0.00256), (-0.00875, 0.0004, 0.0032)]
            rel material:binding = </WorkbenchPart/Materials/solder>
        }
        def Mesh "ShieldSolderTab_06" (prepend apiSchemas = ["MaterialBindingAPI"])
        {
            uniform token subdivisionScheme = "none"
            uniform token orientation = "rightHanded"
            bool doubleSided = false
            point3f[] points = [(0.008809171, -0.000180829, -0.005060829), (0.008796667, -0.0001933333, -0.005026667), (0.008791005, -0.0001989949, -0.00498), (0.008791005, -0.0001989949, -0.00462), (0.008796667, -0.0001933333, -0.004573333), (0.008809171, -0.000180829, -0.004539171), (0.008796667, -0.0001466667, -0.005073333), (0.00877569, -0.0001571548, -0.005037155), (0.00876478, -0.0001626099, -0.00498), (0.00876478, -0.0001626099, -0.00462), (0.00877569, -0.0001571548, -0.004562845), (0.008796667, -0.0001466667, -0.004526667), (0.008791005, -0.0001, -0.005078995), (0.00876478, -0.0001, -0.00504261), (0.00875, -0.0001, -0.00498), (0.00875, -0.0001, -0.00462), (0.00876478, -0.0001, -0.00455739), (0.008791005, -0.0001, -0.004521005), (0.008791005, 0.00026, -0.005078995), (0.00876478, 0.00026, -0.00504261), (0.00875, 0.00026, -0.00498), (0.00875, 0.00026, -0.00462), (0.00876478, 0.00026, -0.00455739), (0.008791005, 0.00026, -0.004521005), (0.008796667, 0.0003066667, -0.005073333), (0.00877569, 0.0003171548, -0.005037155), (0.00876478, 0.0003226099, -0.00498), (0.00876478, 0.0003226099, -0.00462), (0.00877569, 0.0003171548, -0.004562845), (0.008796667, 0.0003066667, -0.004526667), (0.008809171, 0.000340829, -0.005060829), (0.008796667, 0.0003533333, -0.005026667), (0.008791005, 0.0003589949, -0.00498), (0.008791005, 0.0003589949, -0.00462), (0.008796667, 0.0003533333, -0.004573333), (0.008809171, 0.000340829, -0.004539171), (0.009890829, -0.000180829, -0.005060829), (0.009903333, -0.0001933333, -0.005026667), (0.009908995, -0.0001989949, -0.00498), (0.009908995, -0.0001989949, -0.00462), (0.009903333, -0.0001933333, -0.004573333), (0.009890829, -0.000180829, -0.004539171), (0.009903333, -0.0001466667, -0.005073333), (0.00992431, -0.0001571548, -0.005037155), (0.00993522, -0.0001626099, -0.00498), (0.00993522, -0.0001626099, -0.00462), (0.00992431, -0.0001571548, -0.004562845), (0.009903333, -0.0001466667, -0.004526667), (0.009908995, -0.0001, -0.005078995), (0.00993522, -0.0001, -0.00504261), (0.00995, -0.0001, -0.00498), (0.00995, -0.0001, -0.00462), (0.00993522, -0.0001, -0.00455739), (0.009908995, -0.0001, -0.004521005), (0.009908995, 0.00026, -0.005078995), (0.00993522, 0.00026, -0.00504261), (0.00995, 0.00026, -0.00498), (0.00995, 0.00026, -0.00462), (0.00993522, 0.00026, -0.00455739), (0.009908995, 0.00026, -0.004521005), (0.009903333, 0.0003066667, -0.005073333), (0.00992431, 0.0003171548, -0.005037155), (0.00993522, 0.0003226099, -0.00498), (0.00993522, 0.0003226099, -0.00462), (0.00992431, 0.0003171548, -0.004562845), (0.009903333, 0.0003066667, -0.004526667), (0.009890829, 0.000340829, -0.005060829), (0.009903333, 0.0003533333, -0.005026667), (0.009908995, 0.0003589949, -0.00498), (0.009908995, 0.0003589949, -0.00462), (0.009903333, 0.0003533333, -0.004573333), (0.009890829, 0.000340829, -0.004539171), (0.008809171, -0.000180829, -0.005060829), (0.008843333, -0.0001933333, -0.005073333), (0.00889, -0.0001989949, -0.005078995), (0.00981, -0.0001989949, -0.005078995), (0.009856667, -0.0001933333, -0.005073333), (0.009890829, -0.000180829, -0.005060829), (0.008796667, -0.0001933333, -0.005026667), (0.008832845, -0.0002143095, -0.005037155), (0.00889, -0.0002252198, -0.00504261), (0.00981, -0.0002252198, -0.00504261), (0.009867155, -0.0002143095, -0.005037155), (0.009903333, -0.0001933333, -0.005026667), (0.008791005, -0.0001989949, -0.00498), (0.00882739, -0.0002252198, -0.00498), (0.00889, -0.00024, -0.00498), (0.00981, -0.00024, -0.00498), (0.00987261, -0.0002252198, -0.00498), (0.009908995, -0.0001989949, -0.00498), (0.008791005, -0.0001989949, -0.00462), (0.00882739, -0.0002252198, -0.00462), (0.00889, -0.00024, -0.00462), (0.00981, -0.00024, -0.00462), (0.00987261, -0.0002252198, -0.00462), (0.009908995, -0.0001989949, -0.00462), (0.008796667, -0.0001933333, -0.004573333), (0.008832845, -0.0002143095, -0.004562845), (0.00889, -0.0002252198, -0.00455739), (0.00981, -0.0002252198, -0.00455739), (0.009867155, -0.0002143095, -0.004562845), (0.009903333, -0.0001933333, -0.004573333), (0.008809171, -0.000180829, -0.004539171), (0.008843333, -0.0001933333, -0.004526667), (0.00889, -0.0001989949, -0.004521005), (0.00981, -0.0001989949, -0.004521005), (0.009856667, -0.0001933333, -0.004526667), (0.009890829, -0.000180829, -0.004539171), (0.008809171, 0.000340829, -0.005060829), (0.008843333, 0.0003533333, -0.005073333), (0.00889, 0.0003589949, -0.005078995), (0.00981, 0.0003589949, -0.005078995), (0.009856667, 0.0003533333, -0.005073333), (0.009890829, 0.000340829, -0.005060829), (0.008796667, 0.0003533333, -0.005026667), (0.008832845, 0.0003743095, -0.005037155), (0.00889, 0.0003852198, -0.00504261), (0.00981, 0.0003852198, -0.00504261), (0.009867155, 0.0003743095, -0.005037155), (0.009903333, 0.0003533333, -0.005026667), (0.008791005, 0.0003589949, -0.00498), (0.00882739, 0.0003852198, -0.00498), (0.00889, 0.0004, -0.00498), (0.00981, 0.0004, -0.00498), (0.00987261, 0.0003852198, -0.00498), (0.009908995, 0.0003589949, -0.00498), (0.008791005, 0.0003589949, -0.00462), (0.00882739, 0.0003852198, -0.00462), (0.00889, 0.0004, -0.00462), (0.00981, 0.0004, -0.00462), (0.00987261, 0.0003852198, -0.00462), (0.009908995, 0.0003589949, -0.00462), (0.008796667, 0.0003533333, -0.004573333), (0.008832845, 0.0003743095, -0.004562845), (0.00889, 0.0003852198, -0.00455739), (0.00981, 0.0003852198, -0.00455739), (0.009867155, 0.0003743095, -0.004562845), (0.009903333, 0.0003533333, -0.004573333), (0.008809171, 0.000340829, -0.004539171), (0.008843333, 0.0003533333, -0.004526667), (0.00889, 0.0003589949, -0.004521005), (0.00981, 0.0003589949, -0.004521005), (0.009856667, 0.0003533333, -0.004526667), (0.009890829, 0.000340829, -0.004539171), (0.008809171, -0.000180829, -0.005060829), (0.008796667, -0.0001466667, -0.005073333), (0.008791005, -0.0001, -0.005078995), (0.008791005, 0.00026, -0.005078995), (0.008796667, 0.0003066667, -0.005073333), (0.008809171, 0.000340829, -0.005060829), (0.008843333, -0.0001933333, -0.005073333), (0.008832845, -0.0001571548, -0.00509431), (0.00882739, -0.0001, -0.00510522), (0.00882739, 0.00026, -0.00510522), (0.008832845, 0.0003171548, -0.00509431), (0.008843333, 0.0003533333, -0.005073333), (0.00889, -0.0001989949, -0.005078995), (0.00889, -0.0001626099, -0.00510522), (0.00889, -0.0001, -0.00512), (0.00889, 0.00026, -0.00512), (0.00889, 0.0003226099, -0.00510522), (0.00889, 0.0003589949, -0.005078995), (0.00981, -0.0001989949, -0.005078995), (0.00981, -0.0001626099, -0.00510522), (0.00981, -0.0001, -0.00512), (0.00981, 0.00026, -0.00512), (0.00981, 0.0003226099, -0.00510522), (0.00981, 0.0003589949, -0.005078995), (0.009856667, -0.0001933333, -0.005073333), (0.009867155, -0.0001571548, -0.00509431), (0.00987261, -0.0001, -0.00510522), (0.00987261, 0.00026, -0.00510522), (0.009867155, 0.0003171548, -0.00509431), (0.009856667, 0.0003533333, -0.005073333), (0.009890829, -0.000180829, -0.005060829), (0.009903333, -0.0001466667, -0.005073333), (0.009908995, -0.0001, -0.005078995), (0.009908995, 0.00026, -0.005078995), (0.009903333, 0.0003066667, -0.005073333), (0.009890829, 0.000340829, -0.005060829), (0.008809171, -0.000180829, -0.004539171), (0.008796667, -0.0001466667, -0.004526667), (0.008791005, -0.0001, -0.004521005), (0.008791005, 0.00026, -0.004521005), (0.008796667, 0.0003066667, -0.004526667), (0.008809171, 0.000340829, -0.004539171), (0.008843333, -0.0001933333, -0.004526667), (0.008832845, -0.0001571548, -0.00450569), (0.00882739, -0.0001, -0.00449478), (0.00882739, 0.00026, -0.00449478), (0.008832845, 0.0003171548, -0.00450569), (0.008843333, 0.0003533333, -0.004526667), (0.00889, -0.0001989949, -0.004521005), (0.00889, -0.0001626099, -0.00449478), (0.00889, -0.0001, -0.00448), (0.00889, 0.00026, -0.00448), (0.00889, 0.0003226099, -0.00449478), (0.00889, 0.0003589949, -0.004521005), (0.00981, -0.0001989949, -0.004521005), (0.00981, -0.0001626099, -0.00449478), (0.00981, -0.0001, -0.00448), (0.00981, 0.00026, -0.00448), (0.00981, 0.0003226099, -0.00449478), (0.00981, 0.0003589949, -0.004521005), (0.009856667, -0.0001933333, -0.004526667), (0.009867155, -0.0001571548, -0.00450569), (0.00987261, -0.0001, -0.00449478), (0.00987261, 0.00026, -0.00449478), (0.009867155, 0.0003171548, -0.00450569), (0.009856667, 0.0003533333, -0.004526667), (0.009890829, -0.000180829, -0.004539171), (0.009903333, -0.0001466667, -0.004526667), (0.009908995, -0.0001, -0.004521005), (0.009908995, 0.00026, -0.004521005), (0.009903333, 0.0003066667, -0.004526667), (0.009890829, 0.000340829, -0.004539171)]
            int[] faceVertexCounts = [3, 3, 3, 3, 3, 3, 3, 3, 3, 3, 3, 3, 3, 3, 3, 3, 3, 3, 3, 3, 3, 3, 3, 3, 3, 3, 3, 3, 3, 3, 3, 3, 3, 3, 3, 3, 3, 3, 3, 3, 3, 3, 3, 3, 3, 3, 3, 3, 3, 3, 3, 3, 3, 3, 3, 3, 3, 3, 3, 3, 3, 3, 3, 3, 3, 3, 3, 3, 3, 3, 3, 3, 3, 3, 3, 3, 3, 3, 3, 3, 3, 3, 3, 3, 3, 3, 3, 3, 3, 3, 3, 3, 3, 3, 3, 3, 3, 3, 3, 3, 3, 3, 3, 3, 3, 3, 3, 3, 3, 3, 3, 3, 3, 3, 3, 3, 3, 3, 3, 3, 3, 3, 3, 3, 3, 3, 3, 3, 3, 3, 3, 3, 3, 3, 3, 3, 3, 3, 3, 3, 3, 3, 3, 3, 3, 3, 3, 3, 3, 3, 3, 3, 3, 3, 3, 3, 3, 3, 3, 3, 3, 3, 3, 3, 3, 3, 3, 3, 3, 3, 3, 3, 3, 3, 3, 3, 3, 3, 3, 3, 3, 3, 3, 3, 3, 3, 3, 3, 3, 3, 3, 3, 3, 3, 3, 3, 3, 3, 3, 3, 3, 3, 3, 3, 3, 3, 3, 3, 3, 3, 3, 3, 3, 3, 3, 3, 3, 3, 3, 3, 3, 3, 3, 3, 3, 3, 3, 3, 3, 3, 3, 3, 3, 3, 3, 3, 3, 3, 3, 3, 3, 3, 3, 3, 3, 3, 3, 3, 3, 3, 3, 3, 3, 3, 3, 3, 3, 3, 3, 3, 3, 3, 3, 3, 3, 3, 3, 3, 3, 3, 3, 3, 3, 3, 3, 3, 3, 3, 3, 3, 3, 3, 3, 3, 3, 3, 3, 3, 3, 3, 3, 3, 3, 3, 3, 3, 3, 3, 3, 3]
            int[] faceVertexIndices = [1, 7, 6, 1, 6, 0, 2, 8, 7, 2, 7, 1, 3, 9, 8, 3, 8, 2, 4, 10, 9, 4, 9, 3, 5, 11, 10, 5, 10, 4, 7, 13, 12, 7, 12, 6, 8, 14, 13, 8, 13, 7, 9, 15, 14, 9, 14, 8, 10, 16, 15, 10, 15, 9, 11, 17, 16, 11, 16, 10, 13, 19, 18, 13, 18, 12, 14, 20, 19, 14, 19, 13, 15, 21, 20, 15, 20, 14, 16, 22, 21, 16, 21, 15, 17, 23, 22, 17, 22, 16, 19, 25, 24, 19, 24, 18, 20, 26, 25, 20, 25, 19, 21, 27, 26, 21, 26, 20, 22, 28, 27, 22, 27, 21, 23, 29, 28, 23, 28, 22, 25, 31, 30, 25, 30, 24, 26, 32, 31, 26, 31, 25, 27, 33, 32, 27, 32, 26, 28, 34, 33, 28, 33, 27, 29, 35, 34, 29, 34, 28, 36, 42, 43, 36, 43, 37, 37, 43, 44, 37, 44, 38, 38, 44, 45, 38, 45, 39, 39, 45, 46, 39, 46, 40, 40, 46, 47, 40, 47, 41, 42, 48, 49, 42, 49, 43, 43, 49, 50, 43, 50, 44, 44, 50, 51, 44, 51, 45, 45, 51, 52, 45, 52, 46, 46, 52, 53, 46, 53, 47, 48, 54, 55, 48, 55, 49, 49, 55, 56, 49, 56, 50, 50, 56, 57, 50, 57, 51, 51, 57, 58, 51, 58, 52, 52, 58, 59, 52, 59, 53, 54, 60, 61, 54, 61, 55, 55, 61, 62, 55, 62, 56, 56, 62, 63, 56, 63, 57, 57, 63, 64, 57, 64, 58, 58, 64, 65, 58, 65, 59, 60, 66, 67, 60, 67, 61, 61, 67, 68, 61, 68, 62, 62, 68, 69, 62, 69, 63, 63, 69, 70, 63, 70, 64, 64, 70, 71, 64, 71, 65, 73, 79, 78, 73, 78, 72, 74, 80, 79, 74, 79, 73, 75, 81, 80, 75, 80, 74, 76, 82, 81, 76, 81, 75, 77, 83, 82, 77, 82, 76, 79, 85, 84, 79, 84, 78, 80, 86, 85, 80, 85, 79, 81, 87, 86, 81, 86, 80, 82, 88, 87, 82, 87, 81, 83, 89, 88, 83, 88, 82, 85, 91, 90, 85, 90, 84, 86, 92, 91, 86, 91, 85, 87, 93, 92, 87, 92, 86, 88, 94, 93, 88, 93, 87, 89, 95, 94, 89, 94, 88, 91, 97, 96, 91, 96, 90, 92, 98, 97, 92, 97, 91, 93, 99, 98, 93, 98, 92, 94, 100, 99, 94, 99, 93, 95, 101, 100, 95, 100, 94, 97, 103, 102, 97, 102, 96, 98, 104, 103, 98, 103, 97, 99, 105, 104, 99, 104, 98, 100, 106, 105, 100, 105, 99, 101, 107, 106, 101, 106, 100, 108, 114, 115, 108, 115, 109, 109, 115, 116, 109, 116, 110, 110, 116, 117, 110, 117, 111, 111, 117, 118, 111, 118, 112, 112, 118, 119, 112, 119, 113, 114, 120, 121, 114, 121, 115, 115, 121, 122, 115, 122, 116, 116, 122, 123, 116, 123, 117, 117, 123, 124, 117, 124, 118, 118, 124, 125, 118, 125, 119, 120, 126, 127, 120, 127, 121, 121, 127, 128, 121, 128, 122, 122, 128, 129, 122, 129, 123, 123, 129, 130, 123, 130, 124, 124, 130, 131, 124, 131, 125, 126, 132, 133, 126, 133, 127, 127, 133, 134, 127, 134, 128, 128, 134, 135, 128, 135, 129, 129, 135, 136, 129, 136, 130, 130, 136, 137, 130, 137, 131, 132, 138, 139, 132, 139, 133, 133, 139, 140, 133, 140, 134, 134, 140, 141, 134, 141, 135, 135, 141, 142, 135, 142, 136, 136, 142, 143, 136, 143, 137, 145, 151, 150, 145, 150, 144, 146, 152, 151, 146, 151, 145, 147, 153, 152, 147, 152, 146, 148, 154, 153, 148, 153, 147, 149, 155, 154, 149, 154, 148, 151, 157, 156, 151, 156, 150, 152, 158, 157, 152, 157, 151, 153, 159, 158, 153, 158, 152, 154, 160, 159, 154, 159, 153, 155, 161, 160, 155, 160, 154, 157, 163, 162, 157, 162, 156, 158, 164, 163, 158, 163, 157, 159, 165, 164, 159, 164, 158, 160, 166, 165, 160, 165, 159, 161, 167, 166, 161, 166, 160, 163, 169, 168, 163, 168, 162, 164, 170, 169, 164, 169, 163, 165, 171, 170, 165, 170, 164, 166, 172, 171, 166, 171, 165, 167, 173, 172, 167, 172, 166, 169, 175, 174, 169, 174, 168, 170, 176, 175, 170, 175, 169, 171, 177, 176, 171, 176, 170, 172, 178, 177, 172, 177, 171, 173, 179, 178, 173, 178, 172, 180, 186, 187, 180, 187, 181, 181, 187, 188, 181, 188, 182, 182, 188, 189, 182, 189, 183, 183, 189, 190, 183, 190, 184, 184, 190, 191, 184, 191, 185, 186, 192, 193, 186, 193, 187, 187, 193, 194, 187, 194, 188, 188, 194, 195, 188, 195, 189, 189, 195, 196, 189, 196, 190, 190, 196, 197, 190, 197, 191, 192, 198, 199, 192, 199, 193, 193, 199, 200, 193, 200, 194, 194, 200, 201, 194, 201, 195, 195, 201, 202, 195, 202, 196, 196, 202, 203, 196, 203, 197, 198, 204, 205, 198, 205, 199, 199, 205, 206, 199, 206, 200, 200, 206, 207, 200, 207, 201, 201, 207, 208, 201, 208, 202, 202, 208, 209, 202, 209, 203, 204, 210, 211, 204, 211, 205, 205, 211, 212, 205, 212, 206, 206, 212, 213, 206, 213, 207, 207, 213, 214, 207, 214, 208, 208, 214, 215, 208, 215, 209]
            normal3f[] normals = [(-0.7745967, -0.4472136, -0.4472136), (-0.7668657, -0.5195657, -0.376787), (-0.8136401, -0.5798637, -0.04180815), (-0.8111991, -0.5846792, 0.01030817), (-0.7900625, -0.5555967, 0.2590629), (-0.7071068, -0.5, 0.5), (-0.7668657, -0.376787, -0.5195657), (-0.8559572, -0.3656073, -0.3656073), (-0.9041388, -0.4259227, -0.0335077), (-0.9410996, -0.3373193, 0.02339411), (-0.8844941, -0.3299016, 0.3299016), (-0.7900625, -0.2590629, 0.5555967), (-0.8136401, -0.04180815, -0.5798637), (-0.9041388, -0.0335077, -0.4259227), (-0.9973364, -0.05157549, -0.05157549), (-0.9995053, -0.02223866, 0.02223866), (-0.9410996, -0.02339411, 0.3373193), (-0.8111991, -0.01030817, 0.5846792), (-0.8111991, 0.01030817, -0.5846792), (-0.9410996, 0.02339411, -0.3373193), (-0.9995053, 0.02223866, -0.02223866), (-0.9973364, 0.05157549, 0.05157549), (-0.9041388, 0.0335077, 0.4259227), (-0.8136401, 0.04180815, 0.5798637), (-0.7900625, 0.2590629, -0.5555967), (-0.8844941, 0.3299016, -0.3299016), (-0.9410996, 0.3373193, -0.02339411), (-0.9041388, 0.4259227, 0.0335077), (-0.8559572, 0.3656073, 0.3656073), (-0.7668657, 0.376787, 0.5195657), (-0.7071068, 0.5, -0.5), (-0.7900625, 0.5555967, -0.2590629), (-0.8111991, 0.5846792, -0.01030817), (-0.8136401, 0.5798637, 0.04180815), (-0.7668657, 0.5195657, 0.376787), (-0.7745967, 0.4472136, 0.4472136), (0.7071068, -0.5, -0.5), (0.7900625, -0.5555967, -0.2590629), (0.8111991, -0.5846792, -0.01030817), (0.8136401, -0.5798637, 0.04180815), (0.7668657, -0.5195657, 0.376787), (0.7745967, -0.4472136, 0.4472136), (0.7900625, -0.2590629, -0.5555967), (0.8844941, -0.3299016, -0.3299016), (0.9410996, -0.3373193, -0.02339411), (0.9041388, -0.4259227, 0.0335077), (0.8559572, -0.3656073, 0.3656073), (0.7668657, -0.376787, 0.5195657), (0.8111991, -0.01030817, -0.5846792), (0.9410996, -0.02339411, -0.3373193), (0.9995053, -0.02223866, -0.02223866), (0.9973364, -0.05157549, 0.05157549), (0.9041388, -0.0335077, 0.4259227), (0.8136401, -0.04180815, 0.5798637), (0.8136401, 0.04180815, -0.5798637), (0.9041388, 0.0335077, -0.4259227), (0.9973364, 0.05157549, -0.05157549), (0.9995053, 0.02223866, 0.02223866), (0.9410996, 0.02339411, 0.3373193), (0.8111991, 0.01030817, 0.5846792), (0.7668657, 0.376787, -0.5195657), (0.8559572, 0.3656073, -0.3656073), (0.9041388, 0.4259227, -0.0335077), (0.9410996, 0.3373193, 0.02339411), (0.8844941, 0.3299016, 0.3299016), (0.7900625, 0.2590629, 0.5555967), (0.7745967, 0.4472136, -0.4472136), (0.7668657, 0.5195657, -0.376787), (0.8136401, 0.5798637, -0.04180815), (0.8111991, 0.5846792, 0.01030817), (0.7900625, 0.5555967, 0.2590629), (0.7071068, 0.5, 0.5), (-0.4472136, -0.7745967, -0.4472136), (-0.376787, -0.7668657, -0.5195657), (-0.01887148, -0.8125031, -0.5826513), (0.004189016, -0.8112351, -0.5847052), (0.2590629, -0.7900625, -0.5555967), (0.5, -0.7071068, -0.5), (-0.5195657, -0.7668657, -0.376787), (-0.3656073, -0.8559572, -0.3656073), (-0.01444493, -0.8994749, -0.4367336), (0.009845537, -0.9435915, -0.3309656), (0.3299016, -0.8844941, -0.3299016), (0.5555967, -0.7900625, -0.2590629), (-0.5798637, -0.8136401, -0.04180815), (-0.4259227, -0.9041388, -0.0335077), (-0.02330514, -0.9981216, -0.05665734), (0.009240562, -0.9997517, -0.02027815), (0.3373193, -0.9410996, -0.02339411), (0.5846792, -0.8111991, -0.01030817), (-0.5846792, -0.8111991, 0.01030817), (-0.3373193, -0.9410996, 0.02339411), (-0.009240562, -0.9997517, 0.02027815), (0.02330514, -0.9981216, 0.05665734), (0.4259227, -0.9041388, 0.0335077), (0.5798637, -0.8136401, 0.04180815), (-0.5555967, -0.7900625, 0.2590629), (-0.3299016, -0.8844941, 0.3299016), (-0.009845537, -0.9435915, 0.3309656), (0.01444493, -0.8994749, 0.4367336), (0.3656073, -0.8559572, 0.3656073), (0.5195657, -0.7668657, 0.376787), (-0.5, -0.7071068, 0.5), (-0.2590629, -0.7900625, 0.5555967), (-0.004189016, -0.8112351, 0.5847052), (0.01887148, -0.8125031, 0.5826513), (0.376787, -0.7668657, 0.5195657), (0.4472136, -0.7745967, 0.4472136), (-0.5, 0.7071068, -0.5), (-0.2590629, 0.7900625, -0.5555967), (-0.004189016, 0.8112351, -0.5847052), (0.01887148, 0.8125031, -0.5826513), (0.376787, 0.7668657, -0.5195657), (0.4472136, 0.7745967, -0.4472136), (-0.5555967, 0.7900625, -0.2590629), (-0.3299016, 0.8844941, -0.3299016), (-0.009845537, 0.9435915, -0.3309656), (0.01444493, 0.8994749, -0.4367336), (0.3656073, 0.8559572, -0.3656073), (0.5195657, 0.7668657, -0.376787), (-0.5846792, 0.8111991, -0.01030817), (-0.3373193, 0.9410996, -0.02339411), (-0.009240562, 0.9997517, -0.02027815), (0.02330514, 0.9981216, -0.05665734), (0.4259227, 0.9041388, -0.0335077), (0.5798637, 0.8136401, -0.04180815), (-0.5798637, 0.8136401, 0.04180815), (-0.4259227, 0.9041388, 0.0335077), (-0.02330514, 0.9981216, 0.05665734), (0.009240562, 0.9997517, 0.02027815), (0.3373193, 0.9410996, 0.02339411), (0.5846792, 0.8111991, 0.01030817), (-0.5195657, 0.7668657, 0.376787), (-0.3656073, 0.8559572, 0.3656073), (-0.01444493, 0.8994749, 0.4367336), (0.009845537, 0.9435915, 0.3309656), (0.3299016, 0.8844941, 0.3299016), (0.5555967, 0.7900625, 0.2590629), (-0.4472136, 0.7745967, 0.4472136), (-0.376787, 0.7668657, 0.5195657), (-0.01887148, 0.8125031, 0.5826513), (0.004189016, 0.8112351, 0.5847052), (0.2590629, 0.7900625, 0.5555967), (0.5, 0.7071068, 0.5), (-0.4472136, -0.4472136, -0.7745967), (-0.5195657, -0.376787, -0.7668657), (-0.5798637, -0.04180815, -0.8136401), (-0.5846792, 0.01030817, -0.8111991), (-0.5555967, 0.2590629, -0.7900625), (-0.5, 0.5, -0.7071068), (-0.376787, -0.5195657, -0.7668657), (-0.3656073, -0.3656073, -0.8559572), (-0.4259227, -0.0335077, -0.9041388), (-0.3373193, 0.02339411, -0.9410996), (-0.3299016, 0.3299016, -0.8844941), (-0.2590629, 0.5555967, -0.7900625), (-0.01887148, -0.5826513, -0.8125031), (-0.01444493, -0.4367336, -0.8994749), (-0.02330514, -0.05665734, -0.9981216), (-0.009240562, 0.02027815, -0.9997517), (-0.009845537, 0.3309656, -0.9435915), (-0.004189016, 0.5847052, -0.8112351), (0.004189016, -0.5847052, -0.8112351), (0.009845537, -0.3309656, -0.9435915), (0.009240562, -0.02027815, -0.9997517), (0.02330514, 0.05665734, -0.9981216), (0.01444493, 0.4367336, -0.8994749), (0.01887148, 0.5826513, -0.8125031), (0.2590629, -0.5555967, -0.7900625), (0.3299016, -0.3299016, -0.8844941), (0.3373193, -0.02339411, -0.9410996), (0.4259227, 0.0335077, -0.9041388), (0.3656073, 0.3656073, -0.8559572), (0.376787, 0.5195657, -0.7668657), (0.5, -0.5, -0.7071068), (0.5555967, -0.2590629, -0.7900625), (0.5846792, -0.01030817, -0.8111991), (0.5798637, 0.04180815, -0.8136401), (0.5195657, 0.376787, -0.7668657), (0.4472136, 0.4472136, -0.7745967), (-0.5, -0.5, 0.7071068), (-0.5555967, -0.2590629, 0.7900625), (-0.5846792, -0.01030817, 0.8111991), (-0.5798637, 0.04180815, 0.8136401), (-0.5195657, 0.376787, 0.7668657), (-0.4472136, 0.4472136, 0.7745967), (-0.2590629, -0.5555967, 0.7900625), (-0.3299016, -0.3299016, 0.8844941), (-0.3373193, -0.02339411, 0.9410996), (-0.4259227, 0.0335077, 0.9041388), (-0.3656073, 0.3656073, 0.8559572), (-0.376787, 0.5195657, 0.7668657), (-0.004189016, -0.5847052, 0.8112351), (-0.009845537, -0.3309656, 0.9435915), (-0.009240562, -0.02027815, 0.9997517), (-0.02330514, 0.05665734, 0.9981216), (-0.01444493, 0.4367336, 0.8994749), (-0.01887148, 0.5826513, 0.8125031), (0.01887148, -0.5826513, 0.8125031), (0.01444493, -0.4367336, 0.8994749), (0.02330514, -0.05665734, 0.9981216), (0.009240562, 0.02027815, 0.9997517), (0.009845537, 0.3309656, 0.9435915), (0.004189016, 0.5847052, 0.8112351), (0.376787, -0.5195657, 0.7668657), (0.3656073, -0.3656073, 0.8559572), (0.4259227, -0.0335077, 0.9041388), (0.3373193, 0.02339411, 0.9410996), (0.3299016, 0.3299016, 0.8844941), (0.2590629, 0.5555967, 0.7900625), (0.4472136, -0.4472136, 0.7745967), (0.5195657, -0.376787, 0.7668657), (0.5798637, -0.04180815, 0.8136401), (0.5846792, 0.01030817, 0.8111991), (0.5555967, 0.2590629, 0.7900625), (0.5, 0.5, 0.7071068)] (interpolation = "vertex")
            float3[] extent = [(0.00875, -0.00024, -0.00512), (0.00995, 0.0004, -0.00448)]
            rel material:binding = </WorkbenchPart/Materials/solder>
        }
        def Mesh "ShieldSolderTab_07" (prepend apiSchemas = ["MaterialBindingAPI"])
        {
            uniform token subdivisionScheme = "none"
            uniform token orientation = "rightHanded"
            bool doubleSided = false
            point3f[] points = [(0.008809171, -0.000180829, -0.003140829), (0.008796667, -0.0001933333, -0.003106667), (0.008791005, -0.0001989949, -0.00306), (0.008791005, -0.0001989949, -0.0027), (0.008796667, -0.0001933333, -0.002653333), (0.008809171, -0.000180829, -0.002619171), (0.008796667, -0.0001466667, -0.003153333), (0.00877569, -0.0001571548, -0.003117155), (0.00876478, -0.0001626099, -0.00306), (0.00876478, -0.0001626099, -0.0027), (0.00877569, -0.0001571548, -0.002642845), (0.008796667, -0.0001466667, -0.002606667), (0.008791005, -0.0001, -0.003158995), (0.00876478, -0.0001, -0.00312261), (0.00875, -0.0001, -0.00306), (0.00875, -0.0001, -0.0027), (0.00876478, -0.0001, -0.00263739), (0.008791005, -0.0001, -0.002601005), (0.008791005, 0.00026, -0.003158995), (0.00876478, 0.00026, -0.00312261), (0.00875, 0.00026, -0.00306), (0.00875, 0.00026, -0.0027), (0.00876478, 0.00026, -0.00263739), (0.008791005, 0.00026, -0.002601005), (0.008796667, 0.0003066667, -0.003153333), (0.00877569, 0.0003171548, -0.003117155), (0.00876478, 0.0003226099, -0.00306), (0.00876478, 0.0003226099, -0.0027), (0.00877569, 0.0003171548, -0.002642845), (0.008796667, 0.0003066667, -0.002606667), (0.008809171, 0.000340829, -0.003140829), (0.008796667, 0.0003533333, -0.003106667), (0.008791005, 0.0003589949, -0.00306), (0.008791005, 0.0003589949, -0.0027), (0.008796667, 0.0003533333, -0.002653333), (0.008809171, 0.000340829, -0.002619171), (0.009890829, -0.000180829, -0.003140829), (0.009903333, -0.0001933333, -0.003106667), (0.009908995, -0.0001989949, -0.00306), (0.009908995, -0.0001989949, -0.0027), (0.009903333, -0.0001933333, -0.002653333), (0.009890829, -0.000180829, -0.002619171), (0.009903333, -0.0001466667, -0.003153333), (0.00992431, -0.0001571548, -0.003117155), (0.00993522, -0.0001626099, -0.00306), (0.00993522, -0.0001626099, -0.0027), (0.00992431, -0.0001571548, -0.002642845), (0.009903333, -0.0001466667, -0.002606667), (0.009908995, -0.0001, -0.003158995), (0.00993522, -0.0001, -0.00312261), (0.00995, -0.0001, -0.00306), (0.00995, -0.0001, -0.0027), (0.00993522, -0.0001, -0.00263739), (0.009908995, -0.0001, -0.002601005), (0.009908995, 0.00026, -0.003158995), (0.00993522, 0.00026, -0.00312261), (0.00995, 0.00026, -0.00306), (0.00995, 0.00026, -0.0027), (0.00993522, 0.00026, -0.00263739), (0.009908995, 0.00026, -0.002601005), (0.009903333, 0.0003066667, -0.003153333), (0.00992431, 0.0003171548, -0.003117155), (0.00993522, 0.0003226099, -0.00306), (0.00993522, 0.0003226099, -0.0027), (0.00992431, 0.0003171548, -0.002642845), (0.009903333, 0.0003066667, -0.002606667), (0.009890829, 0.000340829, -0.003140829), (0.009903333, 0.0003533333, -0.003106667), (0.009908995, 0.0003589949, -0.00306), (0.009908995, 0.0003589949, -0.0027), (0.009903333, 0.0003533333, -0.002653333), (0.009890829, 0.000340829, -0.002619171), (0.008809171, -0.000180829, -0.003140829), (0.008843333, -0.0001933333, -0.003153333), (0.00889, -0.0001989949, -0.003158995), (0.00981, -0.0001989949, -0.003158995), (0.009856667, -0.0001933333, -0.003153333), (0.009890829, -0.000180829, -0.003140829), (0.008796667, -0.0001933333, -0.003106667), (0.008832845, -0.0002143095, -0.003117155), (0.00889, -0.0002252198, -0.00312261), (0.00981, -0.0002252198, -0.00312261), (0.009867155, -0.0002143095, -0.003117155), (0.009903333, -0.0001933333, -0.003106667), (0.008791005, -0.0001989949, -0.00306), (0.00882739, -0.0002252198, -0.00306), (0.00889, -0.00024, -0.00306), (0.00981, -0.00024, -0.00306), (0.00987261, -0.0002252198, -0.00306), (0.009908995, -0.0001989949, -0.00306), (0.008791005, -0.0001989949, -0.0027), (0.00882739, -0.0002252198, -0.0027), (0.00889, -0.00024, -0.0027), (0.00981, -0.00024, -0.0027), (0.00987261, -0.0002252198, -0.0027), (0.009908995, -0.0001989949, -0.0027), (0.008796667, -0.0001933333, -0.002653333), (0.008832845, -0.0002143095, -0.002642845), (0.00889, -0.0002252198, -0.00263739), (0.00981, -0.0002252198, -0.00263739), (0.009867155, -0.0002143095, -0.002642845), (0.009903333, -0.0001933333, -0.002653333), (0.008809171, -0.000180829, -0.002619171), (0.008843333, -0.0001933333, -0.002606667), (0.00889, -0.0001989949, -0.002601005), (0.00981, -0.0001989949, -0.002601005), (0.009856667, -0.0001933333, -0.002606667), (0.009890829, -0.000180829, -0.002619171), (0.008809171, 0.000340829, -0.003140829), (0.008843333, 0.0003533333, -0.003153333), (0.00889, 0.0003589949, -0.003158995), (0.00981, 0.0003589949, -0.003158995), (0.009856667, 0.0003533333, -0.003153333), (0.009890829, 0.000340829, -0.003140829), (0.008796667, 0.0003533333, -0.003106667), (0.008832845, 0.0003743095, -0.003117155), (0.00889, 0.0003852198, -0.00312261), (0.00981, 0.0003852198, -0.00312261), (0.009867155, 0.0003743095, -0.003117155), (0.009903333, 0.0003533333, -0.003106667), (0.008791005, 0.0003589949, -0.00306), (0.00882739, 0.0003852198, -0.00306), (0.00889, 0.0004, -0.00306), (0.00981, 0.0004, -0.00306), (0.00987261, 0.0003852198, -0.00306), (0.009908995, 0.0003589949, -0.00306), (0.008791005, 0.0003589949, -0.0027), (0.00882739, 0.0003852198, -0.0027), (0.00889, 0.0004, -0.0027), (0.00981, 0.0004, -0.0027), (0.00987261, 0.0003852198, -0.0027), (0.009908995, 0.0003589949, -0.0027), (0.008796667, 0.0003533333, -0.002653333), (0.008832845, 0.0003743095, -0.002642845), (0.00889, 0.0003852198, -0.00263739), (0.00981, 0.0003852198, -0.00263739), (0.009867155, 0.0003743095, -0.002642845), (0.009903333, 0.0003533333, -0.002653333), (0.008809171, 0.000340829, -0.002619171), (0.008843333, 0.0003533333, -0.002606667), (0.00889, 0.0003589949, -0.002601005), (0.00981, 0.0003589949, -0.002601005), (0.009856667, 0.0003533333, -0.002606667), (0.009890829, 0.000340829, -0.002619171), (0.008809171, -0.000180829, -0.003140829), (0.008796667, -0.0001466667, -0.003153333), (0.008791005, -0.0001, -0.003158995), (0.008791005, 0.00026, -0.003158995), (0.008796667, 0.0003066667, -0.003153333), (0.008809171, 0.000340829, -0.003140829), (0.008843333, -0.0001933333, -0.003153333), (0.008832845, -0.0001571548, -0.00317431), (0.00882739, -0.0001, -0.00318522), (0.00882739, 0.00026, -0.00318522), (0.008832845, 0.0003171548, -0.00317431), (0.008843333, 0.0003533333, -0.003153333), (0.00889, -0.0001989949, -0.003158995), (0.00889, -0.0001626099, -0.00318522), (0.00889, -0.0001, -0.0032), (0.00889, 0.00026, -0.0032), (0.00889, 0.0003226099, -0.00318522), (0.00889, 0.0003589949, -0.003158995), (0.00981, -0.0001989949, -0.003158995), (0.00981, -0.0001626099, -0.00318522), (0.00981, -0.0001, -0.0032), (0.00981, 0.00026, -0.0032), (0.00981, 0.0003226099, -0.00318522), (0.00981, 0.0003589949, -0.003158995), (0.009856667, -0.0001933333, -0.003153333), (0.009867155, -0.0001571548, -0.00317431), (0.00987261, -0.0001, -0.00318522), (0.00987261, 0.00026, -0.00318522), (0.009867155, 0.0003171548, -0.00317431), (0.009856667, 0.0003533333, -0.003153333), (0.009890829, -0.000180829, -0.003140829), (0.009903333, -0.0001466667, -0.003153333), (0.009908995, -0.0001, -0.003158995), (0.009908995, 0.00026, -0.003158995), (0.009903333, 0.0003066667, -0.003153333), (0.009890829, 0.000340829, -0.003140829), (0.008809171, -0.000180829, -0.002619171), (0.008796667, -0.0001466667, -0.002606667), (0.008791005, -0.0001, -0.002601005), (0.008791005, 0.00026, -0.002601005), (0.008796667, 0.0003066667, -0.002606667), (0.008809171, 0.000340829, -0.002619171), (0.008843333, -0.0001933333, -0.002606667), (0.008832845, -0.0001571548, -0.00258569), (0.00882739, -0.0001, -0.00257478), (0.00882739, 0.00026, -0.00257478), (0.008832845, 0.0003171548, -0.00258569), (0.008843333, 0.0003533333, -0.002606667), (0.00889, -0.0001989949, -0.002601005), (0.00889, -0.0001626099, -0.00257478), (0.00889, -0.0001, -0.00256), (0.00889, 0.00026, -0.00256), (0.00889, 0.0003226099, -0.00257478), (0.00889, 0.0003589949, -0.002601005), (0.00981, -0.0001989949, -0.002601005), (0.00981, -0.0001626099, -0.00257478), (0.00981, -0.0001, -0.00256), (0.00981, 0.00026, -0.00256), (0.00981, 0.0003226099, -0.00257478), (0.00981, 0.0003589949, -0.002601005), (0.009856667, -0.0001933333, -0.002606667), (0.009867155, -0.0001571548, -0.00258569), (0.00987261, -0.0001, -0.00257478), (0.00987261, 0.00026, -0.00257478), (0.009867155, 0.0003171548, -0.00258569), (0.009856667, 0.0003533333, -0.002606667), (0.009890829, -0.000180829, -0.002619171), (0.009903333, -0.0001466667, -0.002606667), (0.009908995, -0.0001, -0.002601005), (0.009908995, 0.00026, -0.002601005), (0.009903333, 0.0003066667, -0.002606667), (0.009890829, 0.000340829, -0.002619171)]
            int[] faceVertexCounts = [3, 3, 3, 3, 3, 3, 3, 3, 3, 3, 3, 3, 3, 3, 3, 3, 3, 3, 3, 3, 3, 3, 3, 3, 3, 3, 3, 3, 3, 3, 3, 3, 3, 3, 3, 3, 3, 3, 3, 3, 3, 3, 3, 3, 3, 3, 3, 3, 3, 3, 3, 3, 3, 3, 3, 3, 3, 3, 3, 3, 3, 3, 3, 3, 3, 3, 3, 3, 3, 3, 3, 3, 3, 3, 3, 3, 3, 3, 3, 3, 3, 3, 3, 3, 3, 3, 3, 3, 3, 3, 3, 3, 3, 3, 3, 3, 3, 3, 3, 3, 3, 3, 3, 3, 3, 3, 3, 3, 3, 3, 3, 3, 3, 3, 3, 3, 3, 3, 3, 3, 3, 3, 3, 3, 3, 3, 3, 3, 3, 3, 3, 3, 3, 3, 3, 3, 3, 3, 3, 3, 3, 3, 3, 3, 3, 3, 3, 3, 3, 3, 3, 3, 3, 3, 3, 3, 3, 3, 3, 3, 3, 3, 3, 3, 3, 3, 3, 3, 3, 3, 3, 3, 3, 3, 3, 3, 3, 3, 3, 3, 3, 3, 3, 3, 3, 3, 3, 3, 3, 3, 3, 3, 3, 3, 3, 3, 3, 3, 3, 3, 3, 3, 3, 3, 3, 3, 3, 3, 3, 3, 3, 3, 3, 3, 3, 3, 3, 3, 3, 3, 3, 3, 3, 3, 3, 3, 3, 3, 3, 3, 3, 3, 3, 3, 3, 3, 3, 3, 3, 3, 3, 3, 3, 3, 3, 3, 3, 3, 3, 3, 3, 3, 3, 3, 3, 3, 3, 3, 3, 3, 3, 3, 3, 3, 3, 3, 3, 3, 3, 3, 3, 3, 3, 3, 3, 3, 3, 3, 3, 3, 3, 3, 3, 3, 3, 3, 3, 3, 3, 3, 3, 3, 3, 3, 3, 3, 3, 3, 3, 3]
            int[] faceVertexIndices = [1, 7, 6, 1, 6, 0, 2, 8, 7, 2, 7, 1, 3, 9, 8, 3, 8, 2, 4, 10, 9, 4, 9, 3, 5, 11, 10, 5, 10, 4, 7, 13, 12, 7, 12, 6, 8, 14, 13, 8, 13, 7, 9, 15, 14, 9, 14, 8, 10, 16, 15, 10, 15, 9, 11, 17, 16, 11, 16, 10, 13, 19, 18, 13, 18, 12, 14, 20, 19, 14, 19, 13, 15, 21, 20, 15, 20, 14, 16, 22, 21, 16, 21, 15, 17, 23, 22, 17, 22, 16, 19, 25, 24, 19, 24, 18, 20, 26, 25, 20, 25, 19, 21, 27, 26, 21, 26, 20, 22, 28, 27, 22, 27, 21, 23, 29, 28, 23, 28, 22, 25, 31, 30, 25, 30, 24, 26, 32, 31, 26, 31, 25, 27, 33, 32, 27, 32, 26, 28, 34, 33, 28, 33, 27, 29, 35, 34, 29, 34, 28, 36, 42, 43, 36, 43, 37, 37, 43, 44, 37, 44, 38, 38, 44, 45, 38, 45, 39, 39, 45, 46, 39, 46, 40, 40, 46, 47, 40, 47, 41, 42, 48, 49, 42, 49, 43, 43, 49, 50, 43, 50, 44, 44, 50, 51, 44, 51, 45, 45, 51, 52, 45, 52, 46, 46, 52, 53, 46, 53, 47, 48, 54, 55, 48, 55, 49, 49, 55, 56, 49, 56, 50, 50, 56, 57, 50, 57, 51, 51, 57, 58, 51, 58, 52, 52, 58, 59, 52, 59, 53, 54, 60, 61, 54, 61, 55, 55, 61, 62, 55, 62, 56, 56, 62, 63, 56, 63, 57, 57, 63, 64, 57, 64, 58, 58, 64, 65, 58, 65, 59, 60, 66, 67, 60, 67, 61, 61, 67, 68, 61, 68, 62, 62, 68, 69, 62, 69, 63, 63, 69, 70, 63, 70, 64, 64, 70, 71, 64, 71, 65, 73, 79, 78, 73, 78, 72, 74, 80, 79, 74, 79, 73, 75, 81, 80, 75, 80, 74, 76, 82, 81, 76, 81, 75, 77, 83, 82, 77, 82, 76, 79, 85, 84, 79, 84, 78, 80, 86, 85, 80, 85, 79, 81, 87, 86, 81, 86, 80, 82, 88, 87, 82, 87, 81, 83, 89, 88, 83, 88, 82, 85, 91, 90, 85, 90, 84, 86, 92, 91, 86, 91, 85, 87, 93, 92, 87, 92, 86, 88, 94, 93, 88, 93, 87, 89, 95, 94, 89, 94, 88, 91, 97, 96, 91, 96, 90, 92, 98, 97, 92, 97, 91, 93, 99, 98, 93, 98, 92, 94, 100, 99, 94, 99, 93, 95, 101, 100, 95, 100, 94, 97, 103, 102, 97, 102, 96, 98, 104, 103, 98, 103, 97, 99, 105, 104, 99, 104, 98, 100, 106, 105, 100, 105, 99, 101, 107, 106, 101, 106, 100, 108, 114, 115, 108, 115, 109, 109, 115, 116, 109, 116, 110, 110, 116, 117, 110, 117, 111, 111, 117, 118, 111, 118, 112, 112, 118, 119, 112, 119, 113, 114, 120, 121, 114, 121, 115, 115, 121, 122, 115, 122, 116, 116, 122, 123, 116, 123, 117, 117, 123, 124, 117, 124, 118, 118, 124, 125, 118, 125, 119, 120, 126, 127, 120, 127, 121, 121, 127, 128, 121, 128, 122, 122, 128, 129, 122, 129, 123, 123, 129, 130, 123, 130, 124, 124, 130, 131, 124, 131, 125, 126, 132, 133, 126, 133, 127, 127, 133, 134, 127, 134, 128, 128, 134, 135, 128, 135, 129, 129, 135, 136, 129, 136, 130, 130, 136, 137, 130, 137, 131, 132, 138, 139, 132, 139, 133, 133, 139, 140, 133, 140, 134, 134, 140, 141, 134, 141, 135, 135, 141, 142, 135, 142, 136, 136, 142, 143, 136, 143, 137, 145, 151, 150, 145, 150, 144, 146, 152, 151, 146, 151, 145, 147, 153, 152, 147, 152, 146, 148, 154, 153, 148, 153, 147, 149, 155, 154, 149, 154, 148, 151, 157, 156, 151, 156, 150, 152, 158, 157, 152, 157, 151, 153, 159, 158, 153, 158, 152, 154, 160, 159, 154, 159, 153, 155, 161, 160, 155, 160, 154, 157, 163, 162, 157, 162, 156, 158, 164, 163, 158, 163, 157, 159, 165, 164, 159, 164, 158, 160, 166, 165, 160, 165, 159, 161, 167, 166, 161, 166, 160, 163, 169, 168, 163, 168, 162, 164, 170, 169, 164, 169, 163, 165, 171, 170, 165, 170, 164, 166, 172, 171, 166, 171, 165, 167, 173, 172, 167, 172, 166, 169, 175, 174, 169, 174, 168, 170, 176, 175, 170, 175, 169, 171, 177, 176, 171, 176, 170, 172, 178, 177, 172, 177, 171, 173, 179, 178, 173, 178, 172, 180, 186, 187, 180, 187, 181, 181, 187, 188, 181, 188, 182, 182, 188, 189, 182, 189, 183, 183, 189, 190, 183, 190, 184, 184, 190, 191, 184, 191, 185, 186, 192, 193, 186, 193, 187, 187, 193, 194, 187, 194, 188, 188, 194, 195, 188, 195, 189, 189, 195, 196, 189, 196, 190, 190, 196, 197, 190, 197, 191, 192, 198, 199, 192, 199, 193, 193, 199, 200, 193, 200, 194, 194, 200, 201, 194, 201, 195, 195, 201, 202, 195, 202, 196, 196, 202, 203, 196, 203, 197, 198, 204, 205, 198, 205, 199, 199, 205, 206, 199, 206, 200, 200, 206, 207, 200, 207, 201, 201, 207, 208, 201, 208, 202, 202, 208, 209, 202, 209, 203, 204, 210, 211, 204, 211, 205, 205, 211, 212, 205, 212, 206, 206, 212, 213, 206, 213, 207, 207, 213, 214, 207, 214, 208, 208, 214, 215, 208, 215, 209]
            normal3f[] normals = [(-0.7745967, -0.4472136, -0.4472136), (-0.7668657, -0.5195657, -0.376787), (-0.8136401, -0.5798637, -0.04180815), (-0.8111991, -0.5846792, 0.01030817), (-0.7900625, -0.5555967, 0.2590629), (-0.7071068, -0.5, 0.5), (-0.7668657, -0.376787, -0.5195657), (-0.8559572, -0.3656073, -0.3656073), (-0.9041388, -0.4259227, -0.0335077), (-0.9410996, -0.3373193, 0.02339411), (-0.8844941, -0.3299016, 0.3299016), (-0.7900625, -0.2590629, 0.5555967), (-0.8136401, -0.04180815, -0.5798637), (-0.9041388, -0.0335077, -0.4259227), (-0.9973364, -0.05157549, -0.05157549), (-0.9995053, -0.02223866, 0.02223866), (-0.9410996, -0.02339411, 0.3373193), (-0.8111991, -0.01030817, 0.5846792), (-0.8111991, 0.01030817, -0.5846792), (-0.9410996, 0.02339411, -0.3373193), (-0.9995053, 0.02223866, -0.02223866), (-0.9973364, 0.05157549, 0.05157549), (-0.9041388, 0.0335077, 0.4259227), (-0.8136401, 0.04180815, 0.5798637), (-0.7900625, 0.2590629, -0.5555967), (-0.8844941, 0.3299016, -0.3299016), (-0.9410996, 0.3373193, -0.02339411), (-0.9041388, 0.4259227, 0.0335077), (-0.8559572, 0.3656073, 0.3656073), (-0.7668657, 0.376787, 0.5195657), (-0.7071068, 0.5, -0.5), (-0.7900625, 0.5555967, -0.2590629), (-0.8111991, 0.5846792, -0.01030817), (-0.8136401, 0.5798637, 0.04180815), (-0.7668657, 0.5195657, 0.376787), (-0.7745967, 0.4472136, 0.4472136), (0.7071068, -0.5, -0.5), (0.7900625, -0.5555967, -0.2590629), (0.8111991, -0.5846792, -0.01030817), (0.8136401, -0.5798637, 0.04180815), (0.7668657, -0.5195657, 0.376787), (0.7745967, -0.4472136, 0.4472136), (0.7900625, -0.2590629, -0.5555967), (0.8844941, -0.3299016, -0.3299016), (0.9410996, -0.3373193, -0.02339411), (0.9041388, -0.4259227, 0.0335077), (0.8559572, -0.3656073, 0.3656073), (0.7668657, -0.376787, 0.5195657), (0.8111991, -0.01030817, -0.5846792), (0.9410996, -0.02339411, -0.3373193), (0.9995053, -0.02223866, -0.02223866), (0.9973364, -0.05157549, 0.05157549), (0.9041388, -0.0335077, 0.4259227), (0.8136401, -0.04180815, 0.5798637), (0.8136401, 0.04180815, -0.5798637), (0.9041388, 0.0335077, -0.4259227), (0.9973364, 0.05157549, -0.05157549), (0.9995053, 0.02223866, 0.02223866), (0.9410996, 0.02339411, 0.3373193), (0.8111991, 0.01030817, 0.5846792), (0.7668657, 0.376787, -0.5195657), (0.8559572, 0.3656073, -0.3656073), (0.9041388, 0.4259227, -0.0335077), (0.9410996, 0.3373193, 0.02339411), (0.8844941, 0.3299016, 0.3299016), (0.7900625, 0.2590629, 0.5555967), (0.7745967, 0.4472136, -0.4472136), (0.7668657, 0.5195657, -0.376787), (0.8136401, 0.5798637, -0.04180815), (0.8111991, 0.5846792, 0.01030817), (0.7900625, 0.5555967, 0.2590629), (0.7071068, 0.5, 0.5), (-0.4472136, -0.7745967, -0.4472136), (-0.376787, -0.7668657, -0.5195657), (-0.01887148, -0.8125031, -0.5826513), (0.004189016, -0.8112351, -0.5847052), (0.2590629, -0.7900625, -0.5555967), (0.5, -0.7071068, -0.5), (-0.5195657, -0.7668657, -0.376787), (-0.3656073, -0.8559572, -0.3656073), (-0.01444493, -0.8994749, -0.4367336), (0.009845537, -0.9435915, -0.3309656), (0.3299016, -0.8844941, -0.3299016), (0.5555967, -0.7900625, -0.2590629), (-0.5798637, -0.8136401, -0.04180815), (-0.4259227, -0.9041388, -0.0335077), (-0.02330514, -0.9981216, -0.05665734), (0.009240562, -0.9997517, -0.02027815), (0.3373193, -0.9410996, -0.02339411), (0.5846792, -0.8111991, -0.01030817), (-0.5846792, -0.8111991, 0.01030817), (-0.3373193, -0.9410996, 0.02339411), (-0.009240562, -0.9997517, 0.02027815), (0.02330514, -0.9981216, 0.05665734), (0.4259227, -0.9041388, 0.0335077), (0.5798637, -0.8136401, 0.04180815), (-0.5555967, -0.7900625, 0.2590629), (-0.3299016, -0.8844941, 0.3299016), (-0.009845537, -0.9435915, 0.3309656), (0.01444493, -0.8994749, 0.4367336), (0.3656073, -0.8559572, 0.3656073), (0.5195657, -0.7668657, 0.376787), (-0.5, -0.7071068, 0.5), (-0.2590629, -0.7900625, 0.5555967), (-0.004189016, -0.8112351, 0.5847052), (0.01887148, -0.8125031, 0.5826513), (0.376787, -0.7668657, 0.5195657), (0.4472136, -0.7745967, 0.4472136), (-0.5, 0.7071068, -0.5), (-0.2590629, 0.7900625, -0.5555967), (-0.004189016, 0.8112351, -0.5847052), (0.01887148, 0.8125031, -0.5826513), (0.376787, 0.7668657, -0.5195657), (0.4472136, 0.7745967, -0.4472136), (-0.5555967, 0.7900625, -0.2590629), (-0.3299016, 0.8844941, -0.3299016), (-0.009845537, 0.9435915, -0.3309656), (0.01444493, 0.8994749, -0.4367336), (0.3656073, 0.8559572, -0.3656073), (0.5195657, 0.7668657, -0.376787), (-0.5846792, 0.8111991, -0.01030817), (-0.3373193, 0.9410996, -0.02339411), (-0.009240562, 0.9997517, -0.02027815), (0.02330514, 0.9981216, -0.05665734), (0.4259227, 0.9041388, -0.0335077), (0.5798637, 0.8136401, -0.04180815), (-0.5798637, 0.8136401, 0.04180815), (-0.4259227, 0.9041388, 0.0335077), (-0.02330514, 0.9981216, 0.05665734), (0.009240562, 0.9997517, 0.02027815), (0.3373193, 0.9410996, 0.02339411), (0.5846792, 0.8111991, 0.01030817), (-0.5195657, 0.7668657, 0.376787), (-0.3656073, 0.8559572, 0.3656073), (-0.01444493, 0.8994749, 0.4367336), (0.009845537, 0.9435915, 0.3309656), (0.3299016, 0.8844941, 0.3299016), (0.5555967, 0.7900625, 0.2590629), (-0.4472136, 0.7745967, 0.4472136), (-0.376787, 0.7668657, 0.5195657), (-0.01887148, 0.8125031, 0.5826513), (0.004189016, 0.8112351, 0.5847052), (0.2590629, 0.7900625, 0.5555967), (0.5, 0.7071068, 0.5), (-0.4472136, -0.4472136, -0.7745967), (-0.5195657, -0.376787, -0.7668657), (-0.5798637, -0.04180815, -0.8136401), (-0.5846792, 0.01030817, -0.8111991), (-0.5555967, 0.2590629, -0.7900625), (-0.5, 0.5, -0.7071068), (-0.376787, -0.5195657, -0.7668657), (-0.3656073, -0.3656073, -0.8559572), (-0.4259227, -0.0335077, -0.9041388), (-0.3373193, 0.02339411, -0.9410996), (-0.3299016, 0.3299016, -0.8844941), (-0.2590629, 0.5555967, -0.7900625), (-0.01887148, -0.5826513, -0.8125031), (-0.01444493, -0.4367336, -0.8994749), (-0.02330514, -0.05665734, -0.9981216), (-0.009240562, 0.02027815, -0.9997517), (-0.009845537, 0.3309656, -0.9435915), (-0.004189016, 0.5847052, -0.8112351), (0.004189016, -0.5847052, -0.8112351), (0.009845537, -0.3309656, -0.9435915), (0.009240562, -0.02027815, -0.9997517), (0.02330514, 0.05665734, -0.9981216), (0.01444493, 0.4367336, -0.8994749), (0.01887148, 0.5826513, -0.8125031), (0.2590629, -0.5555967, -0.7900625), (0.3299016, -0.3299016, -0.8844941), (0.3373193, -0.02339411, -0.9410996), (0.4259227, 0.0335077, -0.9041388), (0.3656073, 0.3656073, -0.8559572), (0.376787, 0.5195657, -0.7668657), (0.5, -0.5, -0.7071068), (0.5555967, -0.2590629, -0.7900625), (0.5846792, -0.01030817, -0.8111991), (0.5798637, 0.04180815, -0.8136401), (0.5195657, 0.376787, -0.7668657), (0.4472136, 0.4472136, -0.7745967), (-0.5, -0.5, 0.7071068), (-0.5555967, -0.2590629, 0.7900625), (-0.5846792, -0.01030817, 0.8111991), (-0.5798637, 0.04180815, 0.8136401), (-0.5195657, 0.376787, 0.7668657), (-0.4472136, 0.4472136, 0.7745967), (-0.2590629, -0.5555967, 0.7900625), (-0.3299016, -0.3299016, 0.8844941), (-0.3373193, -0.02339411, 0.9410996), (-0.4259227, 0.0335077, 0.9041388), (-0.3656073, 0.3656073, 0.8559572), (-0.376787, 0.5195657, 0.7668657), (-0.004189016, -0.5847052, 0.8112351), (-0.009845537, -0.3309656, 0.9435915), (-0.009240562, -0.02027815, 0.9997517), (-0.02330514, 0.05665734, 0.9981216), (-0.01444493, 0.4367336, 0.8994749), (-0.01887148, 0.5826513, 0.8125031), (0.01887148, -0.5826513, 0.8125031), (0.01444493, -0.4367336, 0.8994749), (0.02330514, -0.05665734, 0.9981216), (0.009240562, 0.02027815, 0.9997517), (0.009845537, 0.3309656, 0.9435915), (0.004189016, 0.5847052, 0.8112351), (0.376787, -0.5195657, 0.7668657), (0.3656073, -0.3656073, 0.8559572), (0.4259227, -0.0335077, 0.9041388), (0.3373193, 0.02339411, 0.9410996), (0.3299016, 0.3299016, 0.8844941), (0.2590629, 0.5555967, 0.7900625), (0.4472136, -0.4472136, 0.7745967), (0.5195657, -0.376787, 0.7668657), (0.5798637, -0.04180815, 0.8136401), (0.5846792, 0.01030817, 0.8111991), (0.5555967, 0.2590629, 0.7900625), (0.5, 0.5, 0.7071068)] (interpolation = "vertex")
            float3[] extent = [(0.00875, -0.00024, -0.0032), (0.00995, 0.0004, -0.00256)]
            rel material:binding = </WorkbenchPart/Materials/solder>
        }
        def Mesh "ShieldSolderTab_08" (prepend apiSchemas = ["MaterialBindingAPI"])
        {
            uniform token subdivisionScheme = "none"
            uniform token orientation = "rightHanded"
            bool doubleSided = false
            point3f[] points = [(0.008809171, -0.000180829, -0.001220829), (0.008796667, -0.0001933333, -0.001186667), (0.008791005, -0.0001989949, -0.00114), (0.008791005, -0.0001989949, -0.00078), (0.008796667, -0.0001933333, -0.0007333333), (0.008809171, -0.000180829, -0.000699171), (0.008796667, -0.0001466667, -0.001233333), (0.00877569, -0.0001571548, -0.001197155), (0.00876478, -0.0001626099, -0.00114), (0.00876478, -0.0001626099, -0.00078), (0.00877569, -0.0001571548, -0.0007228452), (0.008796667, -0.0001466667, -0.0006866667), (0.008791005, -0.0001, -0.001238995), (0.00876478, -0.0001, -0.00120261), (0.00875, -0.0001, -0.00114), (0.00875, -0.0001, -0.00078), (0.00876478, -0.0001, -0.0007173901), (0.008791005, -0.0001, -0.0006810051), (0.008791005, 0.00026, -0.001238995), (0.00876478, 0.00026, -0.00120261), (0.00875, 0.00026, -0.00114), (0.00875, 0.00026, -0.00078), (0.00876478, 0.00026, -0.0007173901), (0.008791005, 0.00026, -0.0006810051), (0.008796667, 0.0003066667, -0.001233333), (0.00877569, 0.0003171548, -0.001197155), (0.00876478, 0.0003226099, -0.00114), (0.00876478, 0.0003226099, -0.00078), (0.00877569, 0.0003171548, -0.0007228452), (0.008796667, 0.0003066667, -0.0006866667), (0.008809171, 0.000340829, -0.001220829), (0.008796667, 0.0003533333, -0.001186667), (0.008791005, 0.0003589949, -0.00114), (0.008791005, 0.0003589949, -0.00078), (0.008796667, 0.0003533333, -0.0007333333), (0.008809171, 0.000340829, -0.000699171), (0.009890829, -0.000180829, -0.001220829), (0.009903333, -0.0001933333, -0.001186667), (0.009908995, -0.0001989949, -0.00114), (0.009908995, -0.0001989949, -0.00078), (0.009903333, -0.0001933333, -0.0007333333), (0.009890829, -0.000180829, -0.000699171), (0.009903333, -0.0001466667, -0.001233333), (0.00992431, -0.0001571548, -0.001197155), (0.00993522, -0.0001626099, -0.00114), (0.00993522, -0.0001626099, -0.00078), (0.00992431, -0.0001571548, -0.0007228452), (0.009903333, -0.0001466667, -0.0006866667), (0.009908995, -0.0001, -0.001238995), (0.00993522, -0.0001, -0.00120261), (0.00995, -0.0001, -0.00114), (0.00995, -0.0001, -0.00078), (0.00993522, -0.0001, -0.0007173901), (0.009908995, -0.0001, -0.0006810051), (0.009908995, 0.00026, -0.001238995), (0.00993522, 0.00026, -0.00120261), (0.00995, 0.00026, -0.00114), (0.00995, 0.00026, -0.00078), (0.00993522, 0.00026, -0.0007173901), (0.009908995, 0.00026, -0.0006810051), (0.009903333, 0.0003066667, -0.001233333), (0.00992431, 0.0003171548, -0.001197155), (0.00993522, 0.0003226099, -0.00114), (0.00993522, 0.0003226099, -0.00078), (0.00992431, 0.0003171548, -0.0007228452), (0.009903333, 0.0003066667, -0.0006866667), (0.009890829, 0.000340829, -0.001220829), (0.009903333, 0.0003533333, -0.001186667), (0.009908995, 0.0003589949, -0.00114), (0.009908995, 0.0003589949, -0.00078), (0.009903333, 0.0003533333, -0.0007333333), (0.009890829, 0.000340829, -0.000699171), (0.008809171, -0.000180829, -0.001220829), (0.008843333, -0.0001933333, -0.001233333), (0.00889, -0.0001989949, -0.001238995), (0.00981, -0.0001989949, -0.001238995), (0.009856667, -0.0001933333, -0.001233333), (0.009890829, -0.000180829, -0.001220829), (0.008796667, -0.0001933333, -0.001186667), (0.008832845, -0.0002143095, -0.001197155), (0.00889, -0.0002252198, -0.00120261), (0.00981, -0.0002252198, -0.00120261), (0.009867155, -0.0002143095, -0.001197155), (0.009903333, -0.0001933333, -0.001186667), (0.008791005, -0.0001989949, -0.00114), (0.00882739, -0.0002252198, -0.00114), (0.00889, -0.00024, -0.00114), (0.00981, -0.00024, -0.00114), (0.00987261, -0.0002252198, -0.00114), (0.009908995, -0.0001989949, -0.00114), (0.008791005, -0.0001989949, -0.00078), (0.00882739, -0.0002252198, -0.00078), (0.00889, -0.00024, -0.00078), (0.00981, -0.00024, -0.00078), (0.00987261, -0.0002252198, -0.00078), (0.009908995, -0.0001989949, -0.00078), (0.008796667, -0.0001933333, -0.0007333333), (0.008832845, -0.0002143095, -0.0007228452), (0.00889, -0.0002252198, -0.0007173901), (0.00981, -0.0002252198, -0.0007173901), (0.009867155, -0.0002143095, -0.0007228452), (0.009903333, -0.0001933333, -0.0007333333), (0.008809171, -0.000180829, -0.000699171), (0.008843333, -0.0001933333, -0.0006866667), (0.00889, -0.0001989949, -0.0006810051), (0.00981, -0.0001989949, -0.0006810051), (0.009856667, -0.0001933333, -0.0006866667), (0.009890829, -0.000180829, -0.000699171), (0.008809171, 0.000340829, -0.001220829), (0.008843333, 0.0003533333, -0.001233333), (0.00889, 0.0003589949, -0.001238995), (0.00981, 0.0003589949, -0.001238995), (0.009856667, 0.0003533333, -0.001233333), (0.009890829, 0.000340829, -0.001220829), (0.008796667, 0.0003533333, -0.001186667), (0.008832845, 0.0003743095, -0.001197155), (0.00889, 0.0003852198, -0.00120261), (0.00981, 0.0003852198, -0.00120261), (0.009867155, 0.0003743095, -0.001197155), (0.009903333, 0.0003533333, -0.001186667), (0.008791005, 0.0003589949, -0.00114), (0.00882739, 0.0003852198, -0.00114), (0.00889, 0.0004, -0.00114), (0.00981, 0.0004, -0.00114), (0.00987261, 0.0003852198, -0.00114), (0.009908995, 0.0003589949, -0.00114), (0.008791005, 0.0003589949, -0.00078), (0.00882739, 0.0003852198, -0.00078), (0.00889, 0.0004, -0.00078), (0.00981, 0.0004, -0.00078), (0.00987261, 0.0003852198, -0.00078), (0.009908995, 0.0003589949, -0.00078), (0.008796667, 0.0003533333, -0.0007333333), (0.008832845, 0.0003743095, -0.0007228452), (0.00889, 0.0003852198, -0.0007173901), (0.00981, 0.0003852198, -0.0007173901), (0.009867155, 0.0003743095, -0.0007228452), (0.009903333, 0.0003533333, -0.0007333333), (0.008809171, 0.000340829, -0.000699171), (0.008843333, 0.0003533333, -0.0006866667), (0.00889, 0.0003589949, -0.0006810051), (0.00981, 0.0003589949, -0.0006810051), (0.009856667, 0.0003533333, -0.0006866667), (0.009890829, 0.000340829, -0.000699171), (0.008809171, -0.000180829, -0.001220829), (0.008796667, -0.0001466667, -0.001233333), (0.008791005, -0.0001, -0.001238995), (0.008791005, 0.00026, -0.001238995), (0.008796667, 0.0003066667, -0.001233333), (0.008809171, 0.000340829, -0.001220829), (0.008843333, -0.0001933333, -0.001233333), (0.008832845, -0.0001571548, -0.00125431), (0.00882739, -0.0001, -0.00126522), (0.00882739, 0.00026, -0.00126522), (0.008832845, 0.0003171548, -0.00125431), (0.008843333, 0.0003533333, -0.001233333), (0.00889, -0.0001989949, -0.001238995), (0.00889, -0.0001626099, -0.00126522), (0.00889, -0.0001, -0.00128), (0.00889, 0.00026, -0.00128), (0.00889, 0.0003226099, -0.00126522), (0.00889, 0.0003589949, -0.001238995), (0.00981, -0.0001989949, -0.001238995), (0.00981, -0.0001626099, -0.00126522), (0.00981, -0.0001, -0.00128), (0.00981, 0.00026, -0.00128), (0.00981, 0.0003226099, -0.00126522), (0.00981, 0.0003589949, -0.001238995), (0.009856667, -0.0001933333, -0.001233333), (0.009867155, -0.0001571548, -0.00125431), (0.00987261, -0.0001, -0.00126522), (0.00987261, 0.00026, -0.00126522), (0.009867155, 0.0003171548, -0.00125431), (0.009856667, 0.0003533333, -0.001233333), (0.009890829, -0.000180829, -0.001220829), (0.009903333, -0.0001466667, -0.001233333), (0.009908995, -0.0001, -0.001238995), (0.009908995, 0.00026, -0.001238995), (0.009903333, 0.0003066667, -0.001233333), (0.009890829, 0.000340829, -0.001220829), (0.008809171, -0.000180829, -0.000699171), (0.008796667, -0.0001466667, -0.0006866667), (0.008791005, -0.0001, -0.0006810051), (0.008791005, 0.00026, -0.0006810051), (0.008796667, 0.0003066667, -0.0006866667), (0.008809171, 0.000340829, -0.000699171), (0.008843333, -0.0001933333, -0.0006866667), (0.008832845, -0.0001571548, -0.0006656905), (0.00882739, -0.0001, -0.0006547802), (0.00882739, 0.00026, -0.0006547802), (0.008832845, 0.0003171548, -0.0006656905), (0.008843333, 0.0003533333, -0.0006866667), (0.00889, -0.0001989949, -0.0006810051), (0.00889, -0.0001626099, -0.0006547802), (0.00889, -0.0001, -0.00064), (0.00889, 0.00026, -0.00064), (0.00889, 0.0003226099, -0.0006547802), (0.00889, 0.0003589949, -0.0006810051), (0.00981, -0.0001989949, -0.0006810051), (0.00981, -0.0001626099, -0.0006547802), (0.00981, -0.0001, -0.00064), (0.00981, 0.00026, -0.00064), (0.00981, 0.0003226099, -0.0006547802), (0.00981, 0.0003589949, -0.0006810051), (0.009856667, -0.0001933333, -0.0006866667), (0.009867155, -0.0001571548, -0.0006656905), (0.00987261, -0.0001, -0.0006547802), (0.00987261, 0.00026, -0.0006547802), (0.009867155, 0.0003171548, -0.0006656905), (0.009856667, 0.0003533333, -0.0006866667), (0.009890829, -0.000180829, -0.000699171), (0.009903333, -0.0001466667, -0.0006866667), (0.009908995, -0.0001, -0.0006810051), (0.009908995, 0.00026, -0.0006810051), (0.009903333, 0.0003066667, -0.0006866667), (0.009890829, 0.000340829, -0.000699171)]
            int[] faceVertexCounts = [3, 3, 3, 3, 3, 3, 3, 3, 3, 3, 3, 3, 3, 3, 3, 3, 3, 3, 3, 3, 3, 3, 3, 3, 3, 3, 3, 3, 3, 3, 3, 3, 3, 3, 3, 3, 3, 3, 3, 3, 3, 3, 3, 3, 3, 3, 3, 3, 3, 3, 3, 3, 3, 3, 3, 3, 3, 3, 3, 3, 3, 3, 3, 3, 3, 3, 3, 3, 3, 3, 3, 3, 3, 3, 3, 3, 3, 3, 3, 3, 3, 3, 3, 3, 3, 3, 3, 3, 3, 3, 3, 3, 3, 3, 3, 3, 3, 3, 3, 3, 3, 3, 3, 3, 3, 3, 3, 3, 3, 3, 3, 3, 3, 3, 3, 3, 3, 3, 3, 3, 3, 3, 3, 3, 3, 3, 3, 3, 3, 3, 3, 3, 3, 3, 3, 3, 3, 3, 3, 3, 3, 3, 3, 3, 3, 3, 3, 3, 3, 3, 3, 3, 3, 3, 3, 3, 3, 3, 3, 3, 3, 3, 3, 3, 3, 3, 3, 3, 3, 3, 3, 3, 3, 3, 3, 3, 3, 3, 3, 3, 3, 3, 3, 3, 3, 3, 3, 3, 3, 3, 3, 3, 3, 3, 3, 3, 3, 3, 3, 3, 3, 3, 3, 3, 3, 3, 3, 3, 3, 3, 3, 3, 3, 3, 3, 3, 3, 3, 3, 3, 3, 3, 3, 3, 3, 3, 3, 3, 3, 3, 3, 3, 3, 3, 3, 3, 3, 3, 3, 3, 3, 3, 3, 3, 3, 3, 3, 3, 3, 3, 3, 3, 3, 3, 3, 3, 3, 3, 3, 3, 3, 3, 3, 3, 3, 3, 3, 3, 3, 3, 3, 3, 3, 3, 3, 3, 3, 3, 3, 3, 3, 3, 3, 3, 3, 3, 3, 3, 3, 3, 3, 3, 3, 3, 3, 3, 3, 3, 3, 3]
            int[] faceVertexIndices = [1, 7, 6, 1, 6, 0, 2, 8, 7, 2, 7, 1, 3, 9, 8, 3, 8, 2, 4, 10, 9, 4, 9, 3, 5, 11, 10, 5, 10, 4, 7, 13, 12, 7, 12, 6, 8, 14, 13, 8, 13, 7, 9, 15, 14, 9, 14, 8, 10, 16, 15, 10, 15, 9, 11, 17, 16, 11, 16, 10, 13, 19, 18, 13, 18, 12, 14, 20, 19, 14, 19, 13, 15, 21, 20, 15, 20, 14, 16, 22, 21, 16, 21, 15, 17, 23, 22, 17, 22, 16, 19, 25, 24, 19, 24, 18, 20, 26, 25, 20, 25, 19, 21, 27, 26, 21, 26, 20, 22, 28, 27, 22, 27, 21, 23, 29, 28, 23, 28, 22, 25, 31, 30, 25, 30, 24, 26, 32, 31, 26, 31, 25, 27, 33, 32, 27, 32, 26, 28, 34, 33, 28, 33, 27, 29, 35, 34, 29, 34, 28, 36, 42, 43, 36, 43, 37, 37, 43, 44, 37, 44, 38, 38, 44, 45, 38, 45, 39, 39, 45, 46, 39, 46, 40, 40, 46, 47, 40, 47, 41, 42, 48, 49, 42, 49, 43, 43, 49, 50, 43, 50, 44, 44, 50, 51, 44, 51, 45, 45, 51, 52, 45, 52, 46, 46, 52, 53, 46, 53, 47, 48, 54, 55, 48, 55, 49, 49, 55, 56, 49, 56, 50, 50, 56, 57, 50, 57, 51, 51, 57, 58, 51, 58, 52, 52, 58, 59, 52, 59, 53, 54, 60, 61, 54, 61, 55, 55, 61, 62, 55, 62, 56, 56, 62, 63, 56, 63, 57, 57, 63, 64, 57, 64, 58, 58, 64, 65, 58, 65, 59, 60, 66, 67, 60, 67, 61, 61, 67, 68, 61, 68, 62, 62, 68, 69, 62, 69, 63, 63, 69, 70, 63, 70, 64, 64, 70, 71, 64, 71, 65, 73, 79, 78, 73, 78, 72, 74, 80, 79, 74, 79, 73, 75, 81, 80, 75, 80, 74, 76, 82, 81, 76, 81, 75, 77, 83, 82, 77, 82, 76, 79, 85, 84, 79, 84, 78, 80, 86, 85, 80, 85, 79, 81, 87, 86, 81, 86, 80, 82, 88, 87, 82, 87, 81, 83, 89, 88, 83, 88, 82, 85, 91, 90, 85, 90, 84, 86, 92, 91, 86, 91, 85, 87, 93, 92, 87, 92, 86, 88, 94, 93, 88, 93, 87, 89, 95, 94, 89, 94, 88, 91, 97, 96, 91, 96, 90, 92, 98, 97, 92, 97, 91, 93, 99, 98, 93, 98, 92, 94, 100, 99, 94, 99, 93, 95, 101, 100, 95, 100, 94, 97, 103, 102, 97, 102, 96, 98, 104, 103, 98, 103, 97, 99, 105, 104, 99, 104, 98, 100, 106, 105, 100, 105, 99, 101, 107, 106, 101, 106, 100, 108, 114, 115, 108, 115, 109, 109, 115, 116, 109, 116, 110, 110, 116, 117, 110, 117, 111, 111, 117, 118, 111, 118, 112, 112, 118, 119, 112, 119, 113, 114, 120, 121, 114, 121, 115, 115, 121, 122, 115, 122, 116, 116, 122, 123, 116, 123, 117, 117, 123, 124, 117, 124, 118, 118, 124, 125, 118, 125, 119, 120, 126, 127, 120, 127, 121, 121, 127, 128, 121, 128, 122, 122, 128, 129, 122, 129, 123, 123, 129, 130, 123, 130, 124, 124, 130, 131, 124, 131, 125, 126, 132, 133, 126, 133, 127, 127, 133, 134, 127, 134, 128, 128, 134, 135, 128, 135, 129, 129, 135, 136, 129, 136, 130, 130, 136, 137, 130, 137, 131, 132, 138, 139, 132, 139, 133, 133, 139, 140, 133, 140, 134, 134, 140, 141, 134, 141, 135, 135, 141, 142, 135, 142, 136, 136, 142, 143, 136, 143, 137, 145, 151, 150, 145, 150, 144, 146, 152, 151, 146, 151, 145, 147, 153, 152, 147, 152, 146, 148, 154, 153, 148, 153, 147, 149, 155, 154, 149, 154, 148, 151, 157, 156, 151, 156, 150, 152, 158, 157, 152, 157, 151, 153, 159, 158, 153, 158, 152, 154, 160, 159, 154, 159, 153, 155, 161, 160, 155, 160, 154, 157, 163, 162, 157, 162, 156, 158, 164, 163, 158, 163, 157, 159, 165, 164, 159, 164, 158, 160, 166, 165, 160, 165, 159, 161, 167, 166, 161, 166, 160, 163, 169, 168, 163, 168, 162, 164, 170, 169, 164, 169, 163, 165, 171, 170, 165, 170, 164, 166, 172, 171, 166, 171, 165, 167, 173, 172, 167, 172, 166, 169, 175, 174, 169, 174, 168, 170, 176, 175, 170, 175, 169, 171, 177, 176, 171, 176, 170, 172, 178, 177, 172, 177, 171, 173, 179, 178, 173, 178, 172, 180, 186, 187, 180, 187, 181, 181, 187, 188, 181, 188, 182, 182, 188, 189, 182, 189, 183, 183, 189, 190, 183, 190, 184, 184, 190, 191, 184, 191, 185, 186, 192, 193, 186, 193, 187, 187, 193, 194, 187, 194, 188, 188, 194, 195, 188, 195, 189, 189, 195, 196, 189, 196, 190, 190, 196, 197, 190, 197, 191, 192, 198, 199, 192, 199, 193, 193, 199, 200, 193, 200, 194, 194, 200, 201, 194, 201, 195, 195, 201, 202, 195, 202, 196, 196, 202, 203, 196, 203, 197, 198, 204, 205, 198, 205, 199, 199, 205, 206, 199, 206, 200, 200, 206, 207, 200, 207, 201, 201, 207, 208, 201, 208, 202, 202, 208, 209, 202, 209, 203, 204, 210, 211, 204, 211, 205, 205, 211, 212, 205, 212, 206, 206, 212, 213, 206, 213, 207, 207, 213, 214, 207, 214, 208, 208, 214, 215, 208, 215, 209]
            normal3f[] normals = [(-0.7745967, -0.4472136, -0.4472136), (-0.7668657, -0.5195657, -0.376787), (-0.8136401, -0.5798637, -0.04180815), (-0.8111991, -0.5846792, 0.01030817), (-0.7900625, -0.5555967, 0.2590629), (-0.7071068, -0.5, 0.5), (-0.7668657, -0.376787, -0.5195657), (-0.8559572, -0.3656073, -0.3656073), (-0.9041388, -0.4259227, -0.0335077), (-0.9410996, -0.3373193, 0.02339411), (-0.8844941, -0.3299016, 0.3299016), (-0.7900625, -0.2590629, 0.5555967), (-0.8136401, -0.04180815, -0.5798637), (-0.9041388, -0.0335077, -0.4259227), (-0.9973364, -0.05157549, -0.05157549), (-0.9995053, -0.02223866, 0.02223866), (-0.9410996, -0.02339411, 0.3373193), (-0.8111991, -0.01030817, 0.5846792), (-0.8111991, 0.01030817, -0.5846792), (-0.9410996, 0.02339411, -0.3373193), (-0.9995053, 0.02223866, -0.02223866), (-0.9973364, 0.05157549, 0.05157549), (-0.9041388, 0.0335077, 0.4259227), (-0.8136401, 0.04180815, 0.5798637), (-0.7900625, 0.2590629, -0.5555967), (-0.8844941, 0.3299016, -0.3299016), (-0.9410996, 0.3373193, -0.02339411), (-0.9041388, 0.4259227, 0.0335077), (-0.8559572, 0.3656073, 0.3656073), (-0.7668657, 0.376787, 0.5195657), (-0.7071068, 0.5, -0.5), (-0.7900625, 0.5555967, -0.2590629), (-0.8111991, 0.5846792, -0.01030817), (-0.8136401, 0.5798637, 0.04180815), (-0.7668657, 0.5195657, 0.376787), (-0.7745967, 0.4472136, 0.4472136), (0.7071068, -0.5, -0.5), (0.7900625, -0.5555967, -0.2590629), (0.8111991, -0.5846792, -0.01030817), (0.8136401, -0.5798637, 0.04180815), (0.7668657, -0.5195657, 0.376787), (0.7745967, -0.4472136, 0.4472136), (0.7900625, -0.2590629, -0.5555967), (0.8844941, -0.3299016, -0.3299016), (0.9410996, -0.3373193, -0.02339411), (0.9041388, -0.4259227, 0.0335077), (0.8559572, -0.3656073, 0.3656073), (0.7668657, -0.376787, 0.5195657), (0.8111991, -0.01030817, -0.5846792), (0.9410996, -0.02339411, -0.3373193), (0.9995053, -0.02223866, -0.02223866), (0.9973364, -0.05157549, 0.05157549), (0.9041388, -0.0335077, 0.4259227), (0.8136401, -0.04180815, 0.5798637), (0.8136401, 0.04180815, -0.5798637), (0.9041388, 0.0335077, -0.4259227), (0.9973364, 0.05157549, -0.05157549), (0.9995053, 0.02223866, 0.02223866), (0.9410996, 0.02339411, 0.3373193), (0.8111991, 0.01030817, 0.5846792), (0.7668657, 0.376787, -0.5195657), (0.8559572, 0.3656073, -0.3656073), (0.9041388, 0.4259227, -0.0335077), (0.9410996, 0.3373193, 0.02339411), (0.8844941, 0.3299016, 0.3299016), (0.7900625, 0.2590629, 0.5555967), (0.7745967, 0.4472136, -0.4472136), (0.7668657, 0.5195657, -0.376787), (0.8136401, 0.5798637, -0.04180815), (0.8111991, 0.5846792, 0.01030817), (0.7900625, 0.5555967, 0.2590629), (0.7071068, 0.5, 0.5), (-0.4472136, -0.7745967, -0.4472136), (-0.376787, -0.7668657, -0.5195657), (-0.01887148, -0.8125031, -0.5826513), (0.004189016, -0.8112351, -0.5847052), (0.2590629, -0.7900625, -0.5555967), (0.5, -0.7071068, -0.5), (-0.5195657, -0.7668657, -0.376787), (-0.3656073, -0.8559572, -0.3656073), (-0.01444493, -0.8994749, -0.4367336), (0.009845537, -0.9435915, -0.3309656), (0.3299016, -0.8844941, -0.3299016), (0.5555967, -0.7900625, -0.2590629), (-0.5798637, -0.8136401, -0.04180815), (-0.4259227, -0.9041388, -0.0335077), (-0.02330514, -0.9981216, -0.05665734), (0.009240562, -0.9997517, -0.02027815), (0.3373193, -0.9410996, -0.02339411), (0.5846792, -0.8111991, -0.01030817), (-0.5846792, -0.8111991, 0.01030817), (-0.3373193, -0.9410996, 0.02339411), (-0.009240562, -0.9997517, 0.02027815), (0.02330514, -0.9981216, 0.05665734), (0.4259227, -0.9041388, 0.0335077), (0.5798637, -0.8136401, 0.04180815), (-0.5555967, -0.7900625, 0.2590629), (-0.3299016, -0.8844941, 0.3299016), (-0.009845537, -0.9435915, 0.3309656), (0.01444493, -0.8994749, 0.4367336), (0.3656073, -0.8559572, 0.3656073), (0.5195657, -0.7668657, 0.376787), (-0.5, -0.7071068, 0.5), (-0.2590629, -0.7900625, 0.5555967), (-0.004189016, -0.8112351, 0.5847052), (0.01887148, -0.8125031, 0.5826513), (0.376787, -0.7668657, 0.5195657), (0.4472136, -0.7745967, 0.4472136), (-0.5, 0.7071068, -0.5), (-0.2590629, 0.7900625, -0.5555967), (-0.004189016, 0.8112351, -0.5847052), (0.01887148, 0.8125031, -0.5826513), (0.376787, 0.7668657, -0.5195657), (0.4472136, 0.7745967, -0.4472136), (-0.5555967, 0.7900625, -0.2590629), (-0.3299016, 0.8844941, -0.3299016), (-0.009845537, 0.9435915, -0.3309656), (0.01444493, 0.8994749, -0.4367336), (0.3656073, 0.8559572, -0.3656073), (0.5195657, 0.7668657, -0.376787), (-0.5846792, 0.8111991, -0.01030817), (-0.3373193, 0.9410996, -0.02339411), (-0.009240562, 0.9997517, -0.02027815), (0.02330514, 0.9981216, -0.05665734), (0.4259227, 0.9041388, -0.0335077), (0.5798637, 0.8136401, -0.04180815), (-0.5798637, 0.8136401, 0.04180815), (-0.4259227, 0.9041388, 0.0335077), (-0.02330514, 0.9981216, 0.05665734), (0.009240562, 0.9997517, 0.02027815), (0.3373193, 0.9410996, 0.02339411), (0.5846792, 0.8111991, 0.01030817), (-0.5195657, 0.7668657, 0.376787), (-0.3656073, 0.8559572, 0.3656073), (-0.01444493, 0.8994749, 0.4367336), (0.009845537, 0.9435915, 0.3309656), (0.3299016, 0.8844941, 0.3299016), (0.5555967, 0.7900625, 0.2590629), (-0.4472136, 0.7745967, 0.4472136), (-0.376787, 0.7668657, 0.5195657), (-0.01887148, 0.8125031, 0.5826513), (0.004189016, 0.8112351, 0.5847052), (0.2590629, 0.7900625, 0.5555967), (0.5, 0.7071068, 0.5), (-0.4472136, -0.4472136, -0.7745967), (-0.5195657, -0.376787, -0.7668657), (-0.5798637, -0.04180815, -0.8136401), (-0.5846792, 0.01030817, -0.8111991), (-0.5555967, 0.2590629, -0.7900625), (-0.5, 0.5, -0.7071068), (-0.376787, -0.5195657, -0.7668657), (-0.3656073, -0.3656073, -0.8559572), (-0.4259227, -0.0335077, -0.9041388), (-0.3373193, 0.02339411, -0.9410996), (-0.3299016, 0.3299016, -0.8844941), (-0.2590629, 0.5555967, -0.7900625), (-0.01887148, -0.5826513, -0.8125031), (-0.01444493, -0.4367336, -0.8994749), (-0.02330514, -0.05665734, -0.9981216), (-0.009240562, 0.02027815, -0.9997517), (-0.009845537, 0.3309656, -0.9435915), (-0.004189016, 0.5847052, -0.8112351), (0.004189016, -0.5847052, -0.8112351), (0.009845537, -0.3309656, -0.9435915), (0.009240562, -0.02027815, -0.9997517), (0.02330514, 0.05665734, -0.9981216), (0.01444493, 0.4367336, -0.8994749), (0.01887148, 0.5826513, -0.8125031), (0.2590629, -0.5555967, -0.7900625), (0.3299016, -0.3299016, -0.8844941), (0.3373193, -0.02339411, -0.9410996), (0.4259227, 0.0335077, -0.9041388), (0.3656073, 0.3656073, -0.8559572), (0.376787, 0.5195657, -0.7668657), (0.5, -0.5, -0.7071068), (0.5555967, -0.2590629, -0.7900625), (0.5846792, -0.01030817, -0.8111991), (0.5798637, 0.04180815, -0.8136401), (0.5195657, 0.376787, -0.7668657), (0.4472136, 0.4472136, -0.7745967), (-0.5, -0.5, 0.7071068), (-0.5555967, -0.2590629, 0.7900625), (-0.5846792, -0.01030817, 0.8111991), (-0.5798637, 0.04180815, 0.8136401), (-0.5195657, 0.376787, 0.7668657), (-0.4472136, 0.4472136, 0.7745967), (-0.2590629, -0.5555967, 0.7900625), (-0.3299016, -0.3299016, 0.8844941), (-0.3373193, -0.02339411, 0.9410996), (-0.4259227, 0.0335077, 0.9041388), (-0.3656073, 0.3656073, 0.8559572), (-0.376787, 0.5195657, 0.7668657), (-0.004189016, -0.5847052, 0.8112351), (-0.009845537, -0.3309656, 0.9435915), (-0.009240562, -0.02027815, 0.9997517), (-0.02330514, 0.05665734, 0.9981216), (-0.01444493, 0.4367336, 0.8994749), (-0.01887148, 0.5826513, 0.8125031), (0.01887148, -0.5826513, 0.8125031), (0.01444493, -0.4367336, 0.8994749), (0.02330514, -0.05665734, 0.9981216), (0.009240562, 0.02027815, 0.9997517), (0.009845537, 0.3309656, 0.9435915), (0.004189016, 0.5847052, 0.8112351), (0.376787, -0.5195657, 0.7668657), (0.3656073, -0.3656073, 0.8559572), (0.4259227, -0.0335077, 0.9041388), (0.3373193, 0.02339411, 0.9410996), (0.3299016, 0.3299016, 0.8844941), (0.2590629, 0.5555967, 0.7900625), (0.4472136, -0.4472136, 0.7745967), (0.5195657, -0.376787, 0.7668657), (0.5798637, -0.04180815, 0.8136401), (0.5846792, 0.01030817, 0.8111991), (0.5555967, 0.2590629, 0.7900625), (0.5, 0.5, 0.7071068)] (interpolation = "vertex")
            float3[] extent = [(0.00875, -0.00024, -0.00128), (0.00995, 0.0004, -0.00064)]
            rel material:binding = </WorkbenchPart/Materials/solder>
        }
        def Mesh "ShieldSolderTab_09" (prepend apiSchemas = ["MaterialBindingAPI"])
        {
            uniform token subdivisionScheme = "none"
            uniform token orientation = "rightHanded"
            bool doubleSided = false
            point3f[] points = [(0.008809171, -0.000180829, 0.000699171), (0.008796667, -0.0001933333, 0.0007333333), (0.008791005, -0.0001989949, 0.00078), (0.008791005, -0.0001989949, 0.00114), (0.008796667, -0.0001933333, 0.001186667), (0.008809171, -0.000180829, 0.001220829), (0.008796667, -0.0001466667, 0.0006866667), (0.00877569, -0.0001571548, 0.0007228452), (0.00876478, -0.0001626099, 0.00078), (0.00876478, -0.0001626099, 0.00114), (0.00877569, -0.0001571548, 0.001197155), (0.008796667, -0.0001466667, 0.001233333), (0.008791005, -0.0001, 0.0006810051), (0.00876478, -0.0001, 0.0007173901), (0.00875, -0.0001, 0.00078), (0.00875, -0.0001, 0.00114), (0.00876478, -0.0001, 0.00120261), (0.008791005, -0.0001, 0.001238995), (0.008791005, 0.00026, 0.0006810051), (0.00876478, 0.00026, 0.0007173901), (0.00875, 0.00026, 0.00078), (0.00875, 0.00026, 0.00114), (0.00876478, 0.00026, 0.00120261), (0.008791005, 0.00026, 0.001238995), (0.008796667, 0.0003066667, 0.0006866667), (0.00877569, 0.0003171548, 0.0007228452), (0.00876478, 0.0003226099, 0.00078), (0.00876478, 0.0003226099, 0.00114), (0.00877569, 0.0003171548, 0.001197155), (0.008796667, 0.0003066667, 0.001233333), (0.008809171, 0.000340829, 0.000699171), (0.008796667, 0.0003533333, 0.0007333333), (0.008791005, 0.0003589949, 0.00078), (0.008791005, 0.0003589949, 0.00114), (0.008796667, 0.0003533333, 0.001186667), (0.008809171, 0.000340829, 0.001220829), (0.009890829, -0.000180829, 0.000699171), (0.009903333, -0.0001933333, 0.0007333333), (0.009908995, -0.0001989949, 0.00078), (0.009908995, -0.0001989949, 0.00114), (0.009903333, -0.0001933333, 0.001186667), (0.009890829, -0.000180829, 0.001220829), (0.009903333, -0.0001466667, 0.0006866667), (0.00992431, -0.0001571548, 0.0007228452), (0.00993522, -0.0001626099, 0.00078), (0.00993522, -0.0001626099, 0.00114), (0.00992431, -0.0001571548, 0.001197155), (0.009903333, -0.0001466667, 0.001233333), (0.009908995, -0.0001, 0.0006810051), (0.00993522, -0.0001, 0.0007173901), (0.00995, -0.0001, 0.00078), (0.00995, -0.0001, 0.00114), (0.00993522, -0.0001, 0.00120261), (0.009908995, -0.0001, 0.001238995), (0.009908995, 0.00026, 0.0006810051), (0.00993522, 0.00026, 0.0007173901), (0.00995, 0.00026, 0.00078), (0.00995, 0.00026, 0.00114), (0.00993522, 0.00026, 0.00120261), (0.009908995, 0.00026, 0.001238995), (0.009903333, 0.0003066667, 0.0006866667), (0.00992431, 0.0003171548, 0.0007228452), (0.00993522, 0.0003226099, 0.00078), (0.00993522, 0.0003226099, 0.00114), (0.00992431, 0.0003171548, 0.001197155), (0.009903333, 0.0003066667, 0.001233333), (0.009890829, 0.000340829, 0.000699171), (0.009903333, 0.0003533333, 0.0007333333), (0.009908995, 0.0003589949, 0.00078), (0.009908995, 0.0003589949, 0.00114), (0.009903333, 0.0003533333, 0.001186667), (0.009890829, 0.000340829, 0.001220829), (0.008809171, -0.000180829, 0.000699171), (0.008843333, -0.0001933333, 0.0006866667), (0.00889, -0.0001989949, 0.0006810051), (0.00981, -0.0001989949, 0.0006810051), (0.009856667, -0.0001933333, 0.0006866667), (0.009890829, -0.000180829, 0.000699171), (0.008796667, -0.0001933333, 0.0007333333), (0.008832845, -0.0002143095, 0.0007228452), (0.00889, -0.0002252198, 0.0007173901), (0.00981, -0.0002252198, 0.0007173901), (0.009867155, -0.0002143095, 0.0007228452), (0.009903333, -0.0001933333, 0.0007333333), (0.008791005, -0.0001989949, 0.00078), (0.00882739, -0.0002252198, 0.00078), (0.00889, -0.00024, 0.00078), (0.00981, -0.00024, 0.00078), (0.00987261, -0.0002252198, 0.00078), (0.009908995, -0.0001989949, 0.00078), (0.008791005, -0.0001989949, 0.00114), (0.00882739, -0.0002252198, 0.00114), (0.00889, -0.00024, 0.00114), (0.00981, -0.00024, 0.00114), (0.00987261, -0.0002252198, 0.00114), (0.009908995, -0.0001989949, 0.00114), (0.008796667, -0.0001933333, 0.001186667), (0.008832845, -0.0002143095, 0.001197155), (0.00889, -0.0002252198, 0.00120261), (0.00981, -0.0002252198, 0.00120261), (0.009867155, -0.0002143095, 0.001197155), (0.009903333, -0.0001933333, 0.001186667), (0.008809171, -0.000180829, 0.001220829), (0.008843333, -0.0001933333, 0.001233333), (0.00889, -0.0001989949, 0.001238995), (0.00981, -0.0001989949, 0.001238995), (0.009856667, -0.0001933333, 0.001233333), (0.009890829, -0.000180829, 0.001220829), (0.008809171, 0.000340829, 0.000699171), (0.008843333, 0.0003533333, 0.0006866667), (0.00889, 0.0003589949, 0.0006810051), (0.00981, 0.0003589949, 0.0006810051), (0.009856667, 0.0003533333, 0.0006866667), (0.009890829, 0.000340829, 0.000699171), (0.008796667, 0.0003533333, 0.0007333333), (0.008832845, 0.0003743095, 0.0007228452), (0.00889, 0.0003852198, 0.0007173901), (0.00981, 0.0003852198, 0.0007173901), (0.009867155, 0.0003743095, 0.0007228452), (0.009903333, 0.0003533333, 0.0007333333), (0.008791005, 0.0003589949, 0.00078), (0.00882739, 0.0003852198, 0.00078), (0.00889, 0.0004, 0.00078), (0.00981, 0.0004, 0.00078), (0.00987261, 0.0003852198, 0.00078), (0.009908995, 0.0003589949, 0.00078), (0.008791005, 0.0003589949, 0.00114), (0.00882739, 0.0003852198, 0.00114), (0.00889, 0.0004, 0.00114), (0.00981, 0.0004, 0.00114), (0.00987261, 0.0003852198, 0.00114), (0.009908995, 0.0003589949, 0.00114), (0.008796667, 0.0003533333, 0.001186667), (0.008832845, 0.0003743095, 0.001197155), (0.00889, 0.0003852198, 0.00120261), (0.00981, 0.0003852198, 0.00120261), (0.009867155, 0.0003743095, 0.001197155), (0.009903333, 0.0003533333, 0.001186667), (0.008809171, 0.000340829, 0.001220829), (0.008843333, 0.0003533333, 0.001233333), (0.00889, 0.0003589949, 0.001238995), (0.00981, 0.0003589949, 0.001238995), (0.009856667, 0.0003533333, 0.001233333), (0.009890829, 0.000340829, 0.001220829), (0.008809171, -0.000180829, 0.000699171), (0.008796667, -0.0001466667, 0.0006866667), (0.008791005, -0.0001, 0.0006810051), (0.008791005, 0.00026, 0.0006810051), (0.008796667, 0.0003066667, 0.0006866667), (0.008809171, 0.000340829, 0.000699171), (0.008843333, -0.0001933333, 0.0006866667), (0.008832845, -0.0001571548, 0.0006656905), (0.00882739, -0.0001, 0.0006547802), (0.00882739, 0.00026, 0.0006547802), (0.008832845, 0.0003171548, 0.0006656905), (0.008843333, 0.0003533333, 0.0006866667), (0.00889, -0.0001989949, 0.0006810051), (0.00889, -0.0001626099, 0.0006547802), (0.00889, -0.0001, 0.00064), (0.00889, 0.00026, 0.00064), (0.00889, 0.0003226099, 0.0006547802), (0.00889, 0.0003589949, 0.0006810051), (0.00981, -0.0001989949, 0.0006810051), (0.00981, -0.0001626099, 0.0006547802), (0.00981, -0.0001, 0.00064), (0.00981, 0.00026, 0.00064), (0.00981, 0.0003226099, 0.0006547802), (0.00981, 0.0003589949, 0.0006810051), (0.009856667, -0.0001933333, 0.0006866667), (0.009867155, -0.0001571548, 0.0006656905), (0.00987261, -0.0001, 0.0006547802), (0.00987261, 0.00026, 0.0006547802), (0.009867155, 0.0003171548, 0.0006656905), (0.009856667, 0.0003533333, 0.0006866667), (0.009890829, -0.000180829, 0.000699171), (0.009903333, -0.0001466667, 0.0006866667), (0.009908995, -0.0001, 0.0006810051), (0.009908995, 0.00026, 0.0006810051), (0.009903333, 0.0003066667, 0.0006866667), (0.009890829, 0.000340829, 0.000699171), (0.008809171, -0.000180829, 0.001220829), (0.008796667, -0.0001466667, 0.001233333), (0.008791005, -0.0001, 0.001238995), (0.008791005, 0.00026, 0.001238995), (0.008796667, 0.0003066667, 0.001233333), (0.008809171, 0.000340829, 0.001220829), (0.008843333, -0.0001933333, 0.001233333), (0.008832845, -0.0001571548, 0.00125431), (0.00882739, -0.0001, 0.00126522), (0.00882739, 0.00026, 0.00126522), (0.008832845, 0.0003171548, 0.00125431), (0.008843333, 0.0003533333, 0.001233333), (0.00889, -0.0001989949, 0.001238995), (0.00889, -0.0001626099, 0.00126522), (0.00889, -0.0001, 0.00128), (0.00889, 0.00026, 0.00128), (0.00889, 0.0003226099, 0.00126522), (0.00889, 0.0003589949, 0.001238995), (0.00981, -0.0001989949, 0.001238995), (0.00981, -0.0001626099, 0.00126522), (0.00981, -0.0001, 0.00128), (0.00981, 0.00026, 0.00128), (0.00981, 0.0003226099, 0.00126522), (0.00981, 0.0003589949, 0.001238995), (0.009856667, -0.0001933333, 0.001233333), (0.009867155, -0.0001571548, 0.00125431), (0.00987261, -0.0001, 0.00126522), (0.00987261, 0.00026, 0.00126522), (0.009867155, 0.0003171548, 0.00125431), (0.009856667, 0.0003533333, 0.001233333), (0.009890829, -0.000180829, 0.001220829), (0.009903333, -0.0001466667, 0.001233333), (0.009908995, -0.0001, 0.001238995), (0.009908995, 0.00026, 0.001238995), (0.009903333, 0.0003066667, 0.001233333), (0.009890829, 0.000340829, 0.001220829)]
            int[] faceVertexCounts = [3, 3, 3, 3, 3, 3, 3, 3, 3, 3, 3, 3, 3, 3, 3, 3, 3, 3, 3, 3, 3, 3, 3, 3, 3, 3, 3, 3, 3, 3, 3, 3, 3, 3, 3, 3, 3, 3, 3, 3, 3, 3, 3, 3, 3, 3, 3, 3, 3, 3, 3, 3, 3, 3, 3, 3, 3, 3, 3, 3, 3, 3, 3, 3, 3, 3, 3, 3, 3, 3, 3, 3, 3, 3, 3, 3, 3, 3, 3, 3, 3, 3, 3, 3, 3, 3, 3, 3, 3, 3, 3, 3, 3, 3, 3, 3, 3, 3, 3, 3, 3, 3, 3, 3, 3, 3, 3, 3, 3, 3, 3, 3, 3, 3, 3, 3, 3, 3, 3, 3, 3, 3, 3, 3, 3, 3, 3, 3, 3, 3, 3, 3, 3, 3, 3, 3, 3, 3, 3, 3, 3, 3, 3, 3, 3, 3, 3, 3, 3, 3, 3, 3, 3, 3, 3, 3, 3, 3, 3, 3, 3, 3, 3, 3, 3, 3, 3, 3, 3, 3, 3, 3, 3, 3, 3, 3, 3, 3, 3, 3, 3, 3, 3, 3, 3, 3, 3, 3, 3, 3, 3, 3, 3, 3, 3, 3, 3, 3, 3, 3, 3, 3, 3, 3, 3, 3, 3, 3, 3, 3, 3, 3, 3, 3, 3, 3, 3, 3, 3, 3, 3, 3, 3, 3, 3, 3, 3, 3, 3, 3, 3, 3, 3, 3, 3, 3, 3, 3, 3, 3, 3, 3, 3, 3, 3, 3, 3, 3, 3, 3, 3, 3, 3, 3, 3, 3, 3, 3, 3, 3, 3, 3, 3, 3, 3, 3, 3, 3, 3, 3, 3, 3, 3, 3, 3, 3, 3, 3, 3, 3, 3, 3, 3, 3, 3, 3, 3, 3, 3, 3, 3, 3, 3, 3, 3, 3, 3, 3, 3, 3]
            int[] faceVertexIndices = [1, 7, 6, 1, 6, 0, 2, 8, 7, 2, 7, 1, 3, 9, 8, 3, 8, 2, 4, 10, 9, 4, 9, 3, 5, 11, 10, 5, 10, 4, 7, 13, 12, 7, 12, 6, 8, 14, 13, 8, 13, 7, 9, 15, 14, 9, 14, 8, 10, 16, 15, 10, 15, 9, 11, 17, 16, 11, 16, 10, 13, 19, 18, 13, 18, 12, 14, 20, 19, 14, 19, 13, 15, 21, 20, 15, 20, 14, 16, 22, 21, 16, 21, 15, 17, 23, 22, 17, 22, 16, 19, 25, 24, 19, 24, 18, 20, 26, 25, 20, 25, 19, 21, 27, 26, 21, 26, 20, 22, 28, 27, 22, 27, 21, 23, 29, 28, 23, 28, 22, 25, 31, 30, 25, 30, 24, 26, 32, 31, 26, 31, 25, 27, 33, 32, 27, 32, 26, 28, 34, 33, 28, 33, 27, 29, 35, 34, 29, 34, 28, 36, 42, 43, 36, 43, 37, 37, 43, 44, 37, 44, 38, 38, 44, 45, 38, 45, 39, 39, 45, 46, 39, 46, 40, 40, 46, 47, 40, 47, 41, 42, 48, 49, 42, 49, 43, 43, 49, 50, 43, 50, 44, 44, 50, 51, 44, 51, 45, 45, 51, 52, 45, 52, 46, 46, 52, 53, 46, 53, 47, 48, 54, 55, 48, 55, 49, 49, 55, 56, 49, 56, 50, 50, 56, 57, 50, 57, 51, 51, 57, 58, 51, 58, 52, 52, 58, 59, 52, 59, 53, 54, 60, 61, 54, 61, 55, 55, 61, 62, 55, 62, 56, 56, 62, 63, 56, 63, 57, 57, 63, 64, 57, 64, 58, 58, 64, 65, 58, 65, 59, 60, 66, 67, 60, 67, 61, 61, 67, 68, 61, 68, 62, 62, 68, 69, 62, 69, 63, 63, 69, 70, 63, 70, 64, 64, 70, 71, 64, 71, 65, 73, 79, 78, 73, 78, 72, 74, 80, 79, 74, 79, 73, 75, 81, 80, 75, 80, 74, 76, 82, 81, 76, 81, 75, 77, 83, 82, 77, 82, 76, 79, 85, 84, 79, 84, 78, 80, 86, 85, 80, 85, 79, 81, 87, 86, 81, 86, 80, 82, 88, 87, 82, 87, 81, 83, 89, 88, 83, 88, 82, 85, 91, 90, 85, 90, 84, 86, 92, 91, 86, 91, 85, 87, 93, 92, 87, 92, 86, 88, 94, 93, 88, 93, 87, 89, 95, 94, 89, 94, 88, 91, 97, 96, 91, 96, 90, 92, 98, 97, 92, 97, 91, 93, 99, 98, 93, 98, 92, 94, 100, 99, 94, 99, 93, 95, 101, 100, 95, 100, 94, 97, 103, 102, 97, 102, 96, 98, 104, 103, 98, 103, 97, 99, 105, 104, 99, 104, 98, 100, 106, 105, 100, 105, 99, 101, 107, 106, 101, 106, 100, 108, 114, 115, 108, 115, 109, 109, 115, 116, 109, 116, 110, 110, 116, 117, 110, 117, 111, 111, 117, 118, 111, 118, 112, 112, 118, 119, 112, 119, 113, 114, 120, 121, 114, 121, 115, 115, 121, 122, 115, 122, 116, 116, 122, 123, 116, 123, 117, 117, 123, 124, 117, 124, 118, 118, 124, 125, 118, 125, 119, 120, 126, 127, 120, 127, 121, 121, 127, 128, 121, 128, 122, 122, 128, 129, 122, 129, 123, 123, 129, 130, 123, 130, 124, 124, 130, 131, 124, 131, 125, 126, 132, 133, 126, 133, 127, 127, 133, 134, 127, 134, 128, 128, 134, 135, 128, 135, 129, 129, 135, 136, 129, 136, 130, 130, 136, 137, 130, 137, 131, 132, 138, 139, 132, 139, 133, 133, 139, 140, 133, 140, 134, 134, 140, 141, 134, 141, 135, 135, 141, 142, 135, 142, 136, 136, 142, 143, 136, 143, 137, 145, 151, 150, 145, 150, 144, 146, 152, 151, 146, 151, 145, 147, 153, 152, 147, 152, 146, 148, 154, 153, 148, 153, 147, 149, 155, 154, 149, 154, 148, 151, 157, 156, 151, 156, 150, 152, 158, 157, 152, 157, 151, 153, 159, 158, 153, 158, 152, 154, 160, 159, 154, 159, 153, 155, 161, 160, 155, 160, 154, 157, 163, 162, 157, 162, 156, 158, 164, 163, 158, 163, 157, 159, 165, 164, 159, 164, 158, 160, 166, 165, 160, 165, 159, 161, 167, 166, 161, 166, 160, 163, 169, 168, 163, 168, 162, 164, 170, 169, 164, 169, 163, 165, 171, 170, 165, 170, 164, 166, 172, 171, 166, 171, 165, 167, 173, 172, 167, 172, 166, 169, 175, 174, 169, 174, 168, 170, 176, 175, 170, 175, 169, 171, 177, 176, 171, 176, 170, 172, 178, 177, 172, 177, 171, 173, 179, 178, 173, 178, 172, 180, 186, 187, 180, 187, 181, 181, 187, 188, 181, 188, 182, 182, 188, 189, 182, 189, 183, 183, 189, 190, 183, 190, 184, 184, 190, 191, 184, 191, 185, 186, 192, 193, 186, 193, 187, 187, 193, 194, 187, 194, 188, 188, 194, 195, 188, 195, 189, 189, 195, 196, 189, 196, 190, 190, 196, 197, 190, 197, 191, 192, 198, 199, 192, 199, 193, 193, 199, 200, 193, 200, 194, 194, 200, 201, 194, 201, 195, 195, 201, 202, 195, 202, 196, 196, 202, 203, 196, 203, 197, 198, 204, 205, 198, 205, 199, 199, 205, 206, 199, 206, 200, 200, 206, 207, 200, 207, 201, 201, 207, 208, 201, 208, 202, 202, 208, 209, 202, 209, 203, 204, 210, 211, 204, 211, 205, 205, 211, 212, 205, 212, 206, 206, 212, 213, 206, 213, 207, 207, 213, 214, 207, 214, 208, 208, 214, 215, 208, 215, 209]
            normal3f[] normals = [(-0.7745967, -0.4472136, -0.4472136), (-0.7668657, -0.5195657, -0.376787), (-0.8136401, -0.5798637, -0.04180815), (-0.8111991, -0.5846792, 0.01030817), (-0.7900625, -0.5555967, 0.2590629), (-0.7071068, -0.5, 0.5), (-0.7668657, -0.376787, -0.5195657), (-0.8559572, -0.3656073, -0.3656073), (-0.9041388, -0.4259227, -0.0335077), (-0.9410996, -0.3373193, 0.02339411), (-0.8844941, -0.3299016, 0.3299016), (-0.7900625, -0.2590629, 0.5555967), (-0.8136401, -0.04180815, -0.5798637), (-0.9041388, -0.0335077, -0.4259227), (-0.9973364, -0.05157549, -0.05157549), (-0.9995053, -0.02223866, 0.02223866), (-0.9410996, -0.02339411, 0.3373193), (-0.8111991, -0.01030817, 0.5846792), (-0.8111991, 0.01030817, -0.5846792), (-0.9410996, 0.02339411, -0.3373193), (-0.9995053, 0.02223866, -0.02223866), (-0.9973364, 0.05157549, 0.05157549), (-0.9041388, 0.0335077, 0.4259227), (-0.8136401, 0.04180815, 0.5798637), (-0.7900625, 0.2590629, -0.5555967), (-0.8844941, 0.3299016, -0.3299016), (-0.9410996, 0.3373193, -0.02339411), (-0.9041388, 0.4259227, 0.0335077), (-0.8559572, 0.3656073, 0.3656073), (-0.7668657, 0.376787, 0.5195657), (-0.7071068, 0.5, -0.5), (-0.7900625, 0.5555967, -0.2590629), (-0.8111991, 0.5846792, -0.01030817), (-0.8136401, 0.5798637, 0.04180815), (-0.7668657, 0.5195657, 0.376787), (-0.7745967, 0.4472136, 0.4472136), (0.7071068, -0.5, -0.5), (0.7900625, -0.5555967, -0.2590629), (0.8111991, -0.5846792, -0.01030817), (0.8136401, -0.5798637, 0.04180815), (0.7668657, -0.5195657, 0.376787), (0.7745967, -0.4472136, 0.4472136), (0.7900625, -0.2590629, -0.5555967), (0.8844941, -0.3299016, -0.3299016), (0.9410996, -0.3373193, -0.02339411), (0.9041388, -0.4259227, 0.0335077), (0.8559572, -0.3656073, 0.3656073), (0.7668657, -0.376787, 0.5195657), (0.8111991, -0.01030817, -0.5846792), (0.9410996, -0.02339411, -0.3373193), (0.9995053, -0.02223866, -0.02223866), (0.9973364, -0.05157549, 0.05157549), (0.9041388, -0.0335077, 0.4259227), (0.8136401, -0.04180815, 0.5798637), (0.8136401, 0.04180815, -0.5798637), (0.9041388, 0.0335077, -0.4259227), (0.9973364, 0.05157549, -0.05157549), (0.9995053, 0.02223866, 0.02223866), (0.9410996, 0.02339411, 0.3373193), (0.8111991, 0.01030817, 0.5846792), (0.7668657, 0.376787, -0.5195657), (0.8559572, 0.3656073, -0.3656073), (0.9041388, 0.4259227, -0.0335077), (0.9410996, 0.3373193, 0.02339411), (0.8844941, 0.3299016, 0.3299016), (0.7900625, 0.2590629, 0.5555967), (0.7745967, 0.4472136, -0.4472136), (0.7668657, 0.5195657, -0.376787), (0.8136401, 0.5798637, -0.04180815), (0.8111991, 0.5846792, 0.01030817), (0.7900625, 0.5555967, 0.2590629), (0.7071068, 0.5, 0.5), (-0.4472136, -0.7745967, -0.4472136), (-0.376787, -0.7668657, -0.5195657), (-0.01887148, -0.8125031, -0.5826513), (0.004189016, -0.8112351, -0.5847052), (0.2590629, -0.7900625, -0.5555967), (0.5, -0.7071068, -0.5), (-0.5195657, -0.7668657, -0.376787), (-0.3656073, -0.8559572, -0.3656073), (-0.01444493, -0.8994749, -0.4367336), (0.009845537, -0.9435915, -0.3309656), (0.3299016, -0.8844941, -0.3299016), (0.5555967, -0.7900625, -0.2590629), (-0.5798637, -0.8136401, -0.04180815), (-0.4259227, -0.9041388, -0.0335077), (-0.02330514, -0.9981216, -0.05665734), (0.009240562, -0.9997517, -0.02027815), (0.3373193, -0.9410996, -0.02339411), (0.5846792, -0.8111991, -0.01030817), (-0.5846792, -0.8111991, 0.01030817), (-0.3373193, -0.9410996, 0.02339411), (-0.009240562, -0.9997517, 0.02027815), (0.02330514, -0.9981216, 0.05665734), (0.4259227, -0.9041388, 0.0335077), (0.5798637, -0.8136401, 0.04180815), (-0.5555967, -0.7900625, 0.2590629), (-0.3299016, -0.8844941, 0.3299016), (-0.009845537, -0.9435915, 0.3309656), (0.01444493, -0.8994749, 0.4367336), (0.3656073, -0.8559572, 0.3656073), (0.5195657, -0.7668657, 0.376787), (-0.5, -0.7071068, 0.5), (-0.2590629, -0.7900625, 0.5555967), (-0.004189016, -0.8112351, 0.5847052), (0.01887148, -0.8125031, 0.5826513), (0.376787, -0.7668657, 0.5195657), (0.4472136, -0.7745967, 0.4472136), (-0.5, 0.7071068, -0.5), (-0.2590629, 0.7900625, -0.5555967), (-0.004189016, 0.8112351, -0.5847052), (0.01887148, 0.8125031, -0.5826513), (0.376787, 0.7668657, -0.5195657), (0.4472136, 0.7745967, -0.4472136), (-0.5555967, 0.7900625, -0.2590629), (-0.3299016, 0.8844941, -0.3299016), (-0.009845537, 0.9435915, -0.3309656), (0.01444493, 0.8994749, -0.4367336), (0.3656073, 0.8559572, -0.3656073), (0.5195657, 0.7668657, -0.376787), (-0.5846792, 0.8111991, -0.01030817), (-0.3373193, 0.9410996, -0.02339411), (-0.009240562, 0.9997517, -0.02027815), (0.02330514, 0.9981216, -0.05665734), (0.4259227, 0.9041388, -0.0335077), (0.5798637, 0.8136401, -0.04180815), (-0.5798637, 0.8136401, 0.04180815), (-0.4259227, 0.9041388, 0.0335077), (-0.02330514, 0.9981216, 0.05665734), (0.009240562, 0.9997517, 0.02027815), (0.3373193, 0.9410996, 0.02339411), (0.5846792, 0.8111991, 0.01030817), (-0.5195657, 0.7668657, 0.376787), (-0.3656073, 0.8559572, 0.3656073), (-0.01444493, 0.8994749, 0.4367336), (0.009845537, 0.9435915, 0.3309656), (0.3299016, 0.8844941, 0.3299016), (0.5555967, 0.7900625, 0.2590629), (-0.4472136, 0.7745967, 0.4472136), (-0.376787, 0.7668657, 0.5195657), (-0.01887148, 0.8125031, 0.5826513), (0.004189016, 0.8112351, 0.5847052), (0.2590629, 0.7900625, 0.5555967), (0.5, 0.7071068, 0.5), (-0.4472136, -0.4472136, -0.7745967), (-0.5195657, -0.376787, -0.7668657), (-0.5798637, -0.04180815, -0.8136401), (-0.5846792, 0.01030817, -0.8111991), (-0.5555967, 0.2590629, -0.7900625), (-0.5, 0.5, -0.7071068), (-0.376787, -0.5195657, -0.7668657), (-0.3656073, -0.3656073, -0.8559572), (-0.4259227, -0.0335077, -0.9041388), (-0.3373193, 0.02339411, -0.9410996), (-0.3299016, 0.3299016, -0.8844941), (-0.2590629, 0.5555967, -0.7900625), (-0.01887148, -0.5826513, -0.8125031), (-0.01444493, -0.4367336, -0.8994749), (-0.02330514, -0.05665734, -0.9981216), (-0.009240562, 0.02027815, -0.9997517), (-0.009845537, 0.3309656, -0.9435915), (-0.004189016, 0.5847052, -0.8112351), (0.004189016, -0.5847052, -0.8112351), (0.009845537, -0.3309656, -0.9435915), (0.009240562, -0.02027815, -0.9997517), (0.02330514, 0.05665734, -0.9981216), (0.01444493, 0.4367336, -0.8994749), (0.01887148, 0.5826513, -0.8125031), (0.2590629, -0.5555967, -0.7900625), (0.3299016, -0.3299016, -0.8844941), (0.3373193, -0.02339411, -0.9410996), (0.4259227, 0.0335077, -0.9041388), (0.3656073, 0.3656073, -0.8559572), (0.376787, 0.5195657, -0.7668657), (0.5, -0.5, -0.7071068), (0.5555967, -0.2590629, -0.7900625), (0.5846792, -0.01030817, -0.8111991), (0.5798637, 0.04180815, -0.8136401), (0.5195657, 0.376787, -0.7668657), (0.4472136, 0.4472136, -0.7745967), (-0.5, -0.5, 0.7071068), (-0.5555967, -0.2590629, 0.7900625), (-0.5846792, -0.01030817, 0.8111991), (-0.5798637, 0.04180815, 0.8136401), (-0.5195657, 0.376787, 0.7668657), (-0.4472136, 0.4472136, 0.7745967), (-0.2590629, -0.5555967, 0.7900625), (-0.3299016, -0.3299016, 0.8844941), (-0.3373193, -0.02339411, 0.9410996), (-0.4259227, 0.0335077, 0.9041388), (-0.3656073, 0.3656073, 0.8559572), (-0.376787, 0.5195657, 0.7668657), (-0.004189016, -0.5847052, 0.8112351), (-0.009845537, -0.3309656, 0.9435915), (-0.009240562, -0.02027815, 0.9997517), (-0.02330514, 0.05665734, 0.9981216), (-0.01444493, 0.4367336, 0.8994749), (-0.01887148, 0.5826513, 0.8125031), (0.01887148, -0.5826513, 0.8125031), (0.01444493, -0.4367336, 0.8994749), (0.02330514, -0.05665734, 0.9981216), (0.009240562, 0.02027815, 0.9997517), (0.009845537, 0.3309656, 0.9435915), (0.004189016, 0.5847052, 0.8112351), (0.376787, -0.5195657, 0.7668657), (0.3656073, -0.3656073, 0.8559572), (0.4259227, -0.0335077, 0.9041388), (0.3373193, 0.02339411, 0.9410996), (0.3299016, 0.3299016, 0.8844941), (0.2590629, 0.5555967, 0.7900625), (0.4472136, -0.4472136, 0.7745967), (0.5195657, -0.376787, 0.7668657), (0.5798637, -0.04180815, 0.8136401), (0.5846792, 0.01030817, 0.8111991), (0.5555967, 0.2590629, 0.7900625), (0.5, 0.5, 0.7071068)] (interpolation = "vertex")
            float3[] extent = [(0.00875, -0.00024, 0.00064), (0.00995, 0.0004, 0.00128)]
            rel material:binding = </WorkbenchPart/Materials/solder>
        }
        def Mesh "ShieldSolderTab_10" (prepend apiSchemas = ["MaterialBindingAPI"])
        {
            uniform token subdivisionScheme = "none"
            uniform token orientation = "rightHanded"
            bool doubleSided = false
            point3f[] points = [(0.008809171, -0.000180829, 0.002619171), (0.008796667, -0.0001933333, 0.002653333), (0.008791005, -0.0001989949, 0.0027), (0.008791005, -0.0001989949, 0.00306), (0.008796667, -0.0001933333, 0.003106667), (0.008809171, -0.000180829, 0.003140829), (0.008796667, -0.0001466667, 0.002606667), (0.00877569, -0.0001571548, 0.002642845), (0.00876478, -0.0001626099, 0.0027), (0.00876478, -0.0001626099, 0.00306), (0.00877569, -0.0001571548, 0.003117155), (0.008796667, -0.0001466667, 0.003153333), (0.008791005, -0.0001, 0.002601005), (0.00876478, -0.0001, 0.00263739), (0.00875, -0.0001, 0.0027), (0.00875, -0.0001, 0.00306), (0.00876478, -0.0001, 0.00312261), (0.008791005, -0.0001, 0.003158995), (0.008791005, 0.00026, 0.002601005), (0.00876478, 0.00026, 0.00263739), (0.00875, 0.00026, 0.0027), (0.00875, 0.00026, 0.00306), (0.00876478, 0.00026, 0.00312261), (0.008791005, 0.00026, 0.003158995), (0.008796667, 0.0003066667, 0.002606667), (0.00877569, 0.0003171548, 0.002642845), (0.00876478, 0.0003226099, 0.0027), (0.00876478, 0.0003226099, 0.00306), (0.00877569, 0.0003171548, 0.003117155), (0.008796667, 0.0003066667, 0.003153333), (0.008809171, 0.000340829, 0.002619171), (0.008796667, 0.0003533333, 0.002653333), (0.008791005, 0.0003589949, 0.0027), (0.008791005, 0.0003589949, 0.00306), (0.008796667, 0.0003533333, 0.003106667), (0.008809171, 0.000340829, 0.003140829), (0.009890829, -0.000180829, 0.002619171), (0.009903333, -0.0001933333, 0.002653333), (0.009908995, -0.0001989949, 0.0027), (0.009908995, -0.0001989949, 0.00306), (0.009903333, -0.0001933333, 0.003106667), (0.009890829, -0.000180829, 0.003140829), (0.009903333, -0.0001466667, 0.002606667), (0.00992431, -0.0001571548, 0.002642845), (0.00993522, -0.0001626099, 0.0027), (0.00993522, -0.0001626099, 0.00306), (0.00992431, -0.0001571548, 0.003117155), (0.009903333, -0.0001466667, 0.003153333), (0.009908995, -0.0001, 0.002601005), (0.00993522, -0.0001, 0.00263739), (0.00995, -0.0001, 0.0027), (0.00995, -0.0001, 0.00306), (0.00993522, -0.0001, 0.00312261), (0.009908995, -0.0001, 0.003158995), (0.009908995, 0.00026, 0.002601005), (0.00993522, 0.00026, 0.00263739), (0.00995, 0.00026, 0.0027), (0.00995, 0.00026, 0.00306), (0.00993522, 0.00026, 0.00312261), (0.009908995, 0.00026, 0.003158995), (0.009903333, 0.0003066667, 0.002606667), (0.00992431, 0.0003171548, 0.002642845), (0.00993522, 0.0003226099, 0.0027), (0.00993522, 0.0003226099, 0.00306), (0.00992431, 0.0003171548, 0.003117155), (0.009903333, 0.0003066667, 0.003153333), (0.009890829, 0.000340829, 0.002619171), (0.009903333, 0.0003533333, 0.002653333), (0.009908995, 0.0003589949, 0.0027), (0.009908995, 0.0003589949, 0.00306), (0.009903333, 0.0003533333, 0.003106667), (0.009890829, 0.000340829, 0.003140829), (0.008809171, -0.000180829, 0.002619171), (0.008843333, -0.0001933333, 0.002606667), (0.00889, -0.0001989949, 0.002601005), (0.00981, -0.0001989949, 0.002601005), (0.009856667, -0.0001933333, 0.002606667), (0.009890829, -0.000180829, 0.002619171), (0.008796667, -0.0001933333, 0.002653333), (0.008832845, -0.0002143095, 0.002642845), (0.00889, -0.0002252198, 0.00263739), (0.00981, -0.0002252198, 0.00263739), (0.009867155, -0.0002143095, 0.002642845), (0.009903333, -0.0001933333, 0.002653333), (0.008791005, -0.0001989949, 0.0027), (0.00882739, -0.0002252198, 0.0027), (0.00889, -0.00024, 0.0027), (0.00981, -0.00024, 0.0027), (0.00987261, -0.0002252198, 0.0027), (0.009908995, -0.0001989949, 0.0027), (0.008791005, -0.0001989949, 0.00306), (0.00882739, -0.0002252198, 0.00306), (0.00889, -0.00024, 0.00306), (0.00981, -0.00024, 0.00306), (0.00987261, -0.0002252198, 0.00306), (0.009908995, -0.0001989949, 0.00306), (0.008796667, -0.0001933333, 0.003106667), (0.008832845, -0.0002143095, 0.003117155), (0.00889, -0.0002252198, 0.00312261), (0.00981, -0.0002252198, 0.00312261), (0.009867155, -0.0002143095, 0.003117155), (0.009903333, -0.0001933333, 0.003106667), (0.008809171, -0.000180829, 0.003140829), (0.008843333, -0.0001933333, 0.003153333), (0.00889, -0.0001989949, 0.003158995), (0.00981, -0.0001989949, 0.003158995), (0.009856667, -0.0001933333, 0.003153333), (0.009890829, -0.000180829, 0.003140829), (0.008809171, 0.000340829, 0.002619171), (0.008843333, 0.0003533333, 0.002606667), (0.00889, 0.0003589949, 0.002601005), (0.00981, 0.0003589949, 0.002601005), (0.009856667, 0.0003533333, 0.002606667), (0.009890829, 0.000340829, 0.002619171), (0.008796667, 0.0003533333, 0.002653333), (0.008832845, 0.0003743095, 0.002642845), (0.00889, 0.0003852198, 0.00263739), (0.00981, 0.0003852198, 0.00263739), (0.009867155, 0.0003743095, 0.002642845), (0.009903333, 0.0003533333, 0.002653333), (0.008791005, 0.0003589949, 0.0027), (0.00882739, 0.0003852198, 0.0027), (0.00889, 0.0004, 0.0027), (0.00981, 0.0004, 0.0027), (0.00987261, 0.0003852198, 0.0027), (0.009908995, 0.0003589949, 0.0027), (0.008791005, 0.0003589949, 0.00306), (0.00882739, 0.0003852198, 0.00306), (0.00889, 0.0004, 0.00306), (0.00981, 0.0004, 0.00306), (0.00987261, 0.0003852198, 0.00306), (0.009908995, 0.0003589949, 0.00306), (0.008796667, 0.0003533333, 0.003106667), (0.008832845, 0.0003743095, 0.003117155), (0.00889, 0.0003852198, 0.00312261), (0.00981, 0.0003852198, 0.00312261), (0.009867155, 0.0003743095, 0.003117155), (0.009903333, 0.0003533333, 0.003106667), (0.008809171, 0.000340829, 0.003140829), (0.008843333, 0.0003533333, 0.003153333), (0.00889, 0.0003589949, 0.003158995), (0.00981, 0.0003589949, 0.003158995), (0.009856667, 0.0003533333, 0.003153333), (0.009890829, 0.000340829, 0.003140829), (0.008809171, -0.000180829, 0.002619171), (0.008796667, -0.0001466667, 0.002606667), (0.008791005, -0.0001, 0.002601005), (0.008791005, 0.00026, 0.002601005), (0.008796667, 0.0003066667, 0.002606667), (0.008809171, 0.000340829, 0.002619171), (0.008843333, -0.0001933333, 0.002606667), (0.008832845, -0.0001571548, 0.00258569), (0.00882739, -0.0001, 0.00257478), (0.00882739, 0.00026, 0.00257478), (0.008832845, 0.0003171548, 0.00258569), (0.008843333, 0.0003533333, 0.002606667), (0.00889, -0.0001989949, 0.002601005), (0.00889, -0.0001626099, 0.00257478), (0.00889, -0.0001, 0.00256), (0.00889, 0.00026, 0.00256), (0.00889, 0.0003226099, 0.00257478), (0.00889, 0.0003589949, 0.002601005), (0.00981, -0.0001989949, 0.002601005), (0.00981, -0.0001626099, 0.00257478), (0.00981, -0.0001, 0.00256), (0.00981, 0.00026, 0.00256), (0.00981, 0.0003226099, 0.00257478), (0.00981, 0.0003589949, 0.002601005), (0.009856667, -0.0001933333, 0.002606667), (0.009867155, -0.0001571548, 0.00258569), (0.00987261, -0.0001, 0.00257478), (0.00987261, 0.00026, 0.00257478), (0.009867155, 0.0003171548, 0.00258569), (0.009856667, 0.0003533333, 0.002606667), (0.009890829, -0.000180829, 0.002619171), (0.009903333, -0.0001466667, 0.002606667), (0.009908995, -0.0001, 0.002601005), (0.009908995, 0.00026, 0.002601005), (0.009903333, 0.0003066667, 0.002606667), (0.009890829, 0.000340829, 0.002619171), (0.008809171, -0.000180829, 0.003140829), (0.008796667, -0.0001466667, 0.003153333), (0.008791005, -0.0001, 0.003158995), (0.008791005, 0.00026, 0.003158995), (0.008796667, 0.0003066667, 0.003153333), (0.008809171, 0.000340829, 0.003140829), (0.008843333, -0.0001933333, 0.003153333), (0.008832845, -0.0001571548, 0.00317431), (0.00882739, -0.0001, 0.00318522), (0.00882739, 0.00026, 0.00318522), (0.008832845, 0.0003171548, 0.00317431), (0.008843333, 0.0003533333, 0.003153333), (0.00889, -0.0001989949, 0.003158995), (0.00889, -0.0001626099, 0.00318522), (0.00889, -0.0001, 0.0032), (0.00889, 0.00026, 0.0032), (0.00889, 0.0003226099, 0.00318522), (0.00889, 0.0003589949, 0.003158995), (0.00981, -0.0001989949, 0.003158995), (0.00981, -0.0001626099, 0.00318522), (0.00981, -0.0001, 0.0032), (0.00981, 0.00026, 0.0032), (0.00981, 0.0003226099, 0.00318522), (0.00981, 0.0003589949, 0.003158995), (0.009856667, -0.0001933333, 0.003153333), (0.009867155, -0.0001571548, 0.00317431), (0.00987261, -0.0001, 0.00318522), (0.00987261, 0.00026, 0.00318522), (0.009867155, 0.0003171548, 0.00317431), (0.009856667, 0.0003533333, 0.003153333), (0.009890829, -0.000180829, 0.003140829), (0.009903333, -0.0001466667, 0.003153333), (0.009908995, -0.0001, 0.003158995), (0.009908995, 0.00026, 0.003158995), (0.009903333, 0.0003066667, 0.003153333), (0.009890829, 0.000340829, 0.003140829)]
            int[] faceVertexCounts = [3, 3, 3, 3, 3, 3, 3, 3, 3, 3, 3, 3, 3, 3, 3, 3, 3, 3, 3, 3, 3, 3, 3, 3, 3, 3, 3, 3, 3, 3, 3, 3, 3, 3, 3, 3, 3, 3, 3, 3, 3, 3, 3, 3, 3, 3, 3, 3, 3, 3, 3, 3, 3, 3, 3, 3, 3, 3, 3, 3, 3, 3, 3, 3, 3, 3, 3, 3, 3, 3, 3, 3, 3, 3, 3, 3, 3, 3, 3, 3, 3, 3, 3, 3, 3, 3, 3, 3, 3, 3, 3, 3, 3, 3, 3, 3, 3, 3, 3, 3, 3, 3, 3, 3, 3, 3, 3, 3, 3, 3, 3, 3, 3, 3, 3, 3, 3, 3, 3, 3, 3, 3, 3, 3, 3, 3, 3, 3, 3, 3, 3, 3, 3, 3, 3, 3, 3, 3, 3, 3, 3, 3, 3, 3, 3, 3, 3, 3, 3, 3, 3, 3, 3, 3, 3, 3, 3, 3, 3, 3, 3, 3, 3, 3, 3, 3, 3, 3, 3, 3, 3, 3, 3, 3, 3, 3, 3, 3, 3, 3, 3, 3, 3, 3, 3, 3, 3, 3, 3, 3, 3, 3, 3, 3, 3, 3, 3, 3, 3, 3, 3, 3, 3, 3, 3, 3, 3, 3, 3, 3, 3, 3, 3, 3, 3, 3, 3, 3, 3, 3, 3, 3, 3, 3, 3, 3, 3, 3, 3, 3, 3, 3, 3, 3, 3, 3, 3, 3, 3, 3, 3, 3, 3, 3, 3, 3, 3, 3, 3, 3, 3, 3, 3, 3, 3, 3, 3, 3, 3, 3, 3, 3, 3, 3, 3, 3, 3, 3, 3, 3, 3, 3, 3, 3, 3, 3, 3, 3, 3, 3, 3, 3, 3, 3, 3, 3, 3, 3, 3, 3, 3, 3, 3, 3, 3, 3, 3, 3, 3, 3]
            int[] faceVertexIndices = [1, 7, 6, 1, 6, 0, 2, 8, 7, 2, 7, 1, 3, 9, 8, 3, 8, 2, 4, 10, 9, 4, 9, 3, 5, 11, 10, 5, 10, 4, 7, 13, 12, 7, 12, 6, 8, 14, 13, 8, 13, 7, 9, 15, 14, 9, 14, 8, 10, 16, 15, 10, 15, 9, 11, 17, 16, 11, 16, 10, 13, 19, 18, 13, 18, 12, 14, 20, 19, 14, 19, 13, 15, 21, 20, 15, 20, 14, 16, 22, 21, 16, 21, 15, 17, 23, 22, 17, 22, 16, 19, 25, 24, 19, 24, 18, 20, 26, 25, 20, 25, 19, 21, 27, 26, 21, 26, 20, 22, 28, 27, 22, 27, 21, 23, 29, 28, 23, 28, 22, 25, 31, 30, 25, 30, 24, 26, 32, 31, 26, 31, 25, 27, 33, 32, 27, 32, 26, 28, 34, 33, 28, 33, 27, 29, 35, 34, 29, 34, 28, 36, 42, 43, 36, 43, 37, 37, 43, 44, 37, 44, 38, 38, 44, 45, 38, 45, 39, 39, 45, 46, 39, 46, 40, 40, 46, 47, 40, 47, 41, 42, 48, 49, 42, 49, 43, 43, 49, 50, 43, 50, 44, 44, 50, 51, 44, 51, 45, 45, 51, 52, 45, 52, 46, 46, 52, 53, 46, 53, 47, 48, 54, 55, 48, 55, 49, 49, 55, 56, 49, 56, 50, 50, 56, 57, 50, 57, 51, 51, 57, 58, 51, 58, 52, 52, 58, 59, 52, 59, 53, 54, 60, 61, 54, 61, 55, 55, 61, 62, 55, 62, 56, 56, 62, 63, 56, 63, 57, 57, 63, 64, 57, 64, 58, 58, 64, 65, 58, 65, 59, 60, 66, 67, 60, 67, 61, 61, 67, 68, 61, 68, 62, 62, 68, 69, 62, 69, 63, 63, 69, 70, 63, 70, 64, 64, 70, 71, 64, 71, 65, 73, 79, 78, 73, 78, 72, 74, 80, 79, 74, 79, 73, 75, 81, 80, 75, 80, 74, 76, 82, 81, 76, 81, 75, 77, 83, 82, 77, 82, 76, 79, 85, 84, 79, 84, 78, 80, 86, 85, 80, 85, 79, 81, 87, 86, 81, 86, 80, 82, 88, 87, 82, 87, 81, 83, 89, 88, 83, 88, 82, 85, 91, 90, 85, 90, 84, 86, 92, 91, 86, 91, 85, 87, 93, 92, 87, 92, 86, 88, 94, 93, 88, 93, 87, 89, 95, 94, 89, 94, 88, 91, 97, 96, 91, 96, 90, 92, 98, 97, 92, 97, 91, 93, 99, 98, 93, 98, 92, 94, 100, 99, 94, 99, 93, 95, 101, 100, 95, 100, 94, 97, 103, 102, 97, 102, 96, 98, 104, 103, 98, 103, 97, 99, 105, 104, 99, 104, 98, 100, 106, 105, 100, 105, 99, 101, 107, 106, 101, 106, 100, 108, 114, 115, 108, 115, 109, 109, 115, 116, 109, 116, 110, 110, 116, 117, 110, 117, 111, 111, 117, 118, 111, 118, 112, 112, 118, 119, 112, 119, 113, 114, 120, 121, 114, 121, 115, 115, 121, 122, 115, 122, 116, 116, 122, 123, 116, 123, 117, 117, 123, 124, 117, 124, 118, 118, 124, 125, 118, 125, 119, 120, 126, 127, 120, 127, 121, 121, 127, 128, 121, 128, 122, 122, 128, 129, 122, 129, 123, 123, 129, 130, 123, 130, 124, 124, 130, 131, 124, 131, 125, 126, 132, 133, 126, 133, 127, 127, 133, 134, 127, 134, 128, 128, 134, 135, 128, 135, 129, 129, 135, 136, 129, 136, 130, 130, 136, 137, 130, 137, 131, 132, 138, 139, 132, 139, 133, 133, 139, 140, 133, 140, 134, 134, 140, 141, 134, 141, 135, 135, 141, 142, 135, 142, 136, 136, 142, 143, 136, 143, 137, 145, 151, 150, 145, 150, 144, 146, 152, 151, 146, 151, 145, 147, 153, 152, 147, 152, 146, 148, 154, 153, 148, 153, 147, 149, 155, 154, 149, 154, 148, 151, 157, 156, 151, 156, 150, 152, 158, 157, 152, 157, 151, 153, 159, 158, 153, 158, 152, 154, 160, 159, 154, 159, 153, 155, 161, 160, 155, 160, 154, 157, 163, 162, 157, 162, 156, 158, 164, 163, 158, 163, 157, 159, 165, 164, 159, 164, 158, 160, 166, 165, 160, 165, 159, 161, 167, 166, 161, 166, 160, 163, 169, 168, 163, 168, 162, 164, 170, 169, 164, 169, 163, 165, 171, 170, 165, 170, 164, 166, 172, 171, 166, 171, 165, 167, 173, 172, 167, 172, 166, 169, 175, 174, 169, 174, 168, 170, 176, 175, 170, 175, 169, 171, 177, 176, 171, 176, 170, 172, 178, 177, 172, 177, 171, 173, 179, 178, 173, 178, 172, 180, 186, 187, 180, 187, 181, 181, 187, 188, 181, 188, 182, 182, 188, 189, 182, 189, 183, 183, 189, 190, 183, 190, 184, 184, 190, 191, 184, 191, 185, 186, 192, 193, 186, 193, 187, 187, 193, 194, 187, 194, 188, 188, 194, 195, 188, 195, 189, 189, 195, 196, 189, 196, 190, 190, 196, 197, 190, 197, 191, 192, 198, 199, 192, 199, 193, 193, 199, 200, 193, 200, 194, 194, 200, 201, 194, 201, 195, 195, 201, 202, 195, 202, 196, 196, 202, 203, 196, 203, 197, 198, 204, 205, 198, 205, 199, 199, 205, 206, 199, 206, 200, 200, 206, 207, 200, 207, 201, 201, 207, 208, 201, 208, 202, 202, 208, 209, 202, 209, 203, 204, 210, 211, 204, 211, 205, 205, 211, 212, 205, 212, 206, 206, 212, 213, 206, 213, 207, 207, 213, 214, 207, 214, 208, 208, 214, 215, 208, 215, 209]
            normal3f[] normals = [(-0.7745967, -0.4472136, -0.4472136), (-0.7668657, -0.5195657, -0.376787), (-0.8136401, -0.5798637, -0.04180815), (-0.8111991, -0.5846792, 0.01030817), (-0.7900625, -0.5555967, 0.2590629), (-0.7071068, -0.5, 0.5), (-0.7668657, -0.376787, -0.5195657), (-0.8559572, -0.3656073, -0.3656073), (-0.9041388, -0.4259227, -0.0335077), (-0.9410996, -0.3373193, 0.02339411), (-0.8844941, -0.3299016, 0.3299016), (-0.7900625, -0.2590629, 0.5555967), (-0.8136401, -0.04180815, -0.5798637), (-0.9041388, -0.0335077, -0.4259227), (-0.9973364, -0.05157549, -0.05157549), (-0.9995053, -0.02223866, 0.02223866), (-0.9410996, -0.02339411, 0.3373193), (-0.8111991, -0.01030817, 0.5846792), (-0.8111991, 0.01030817, -0.5846792), (-0.9410996, 0.02339411, -0.3373193), (-0.9995053, 0.02223866, -0.02223866), (-0.9973364, 0.05157549, 0.05157549), (-0.9041388, 0.0335077, 0.4259227), (-0.8136401, 0.04180815, 0.5798637), (-0.7900625, 0.2590629, -0.5555967), (-0.8844941, 0.3299016, -0.3299016), (-0.9410996, 0.3373193, -0.02339411), (-0.9041388, 0.4259227, 0.0335077), (-0.8559572, 0.3656073, 0.3656073), (-0.7668657, 0.376787, 0.5195657), (-0.7071068, 0.5, -0.5), (-0.7900625, 0.5555967, -0.2590629), (-0.8111991, 0.5846792, -0.01030817), (-0.8136401, 0.5798637, 0.04180815), (-0.7668657, 0.5195657, 0.376787), (-0.7745967, 0.4472136, 0.4472136), (0.7071068, -0.5, -0.5), (0.7900625, -0.5555967, -0.2590629), (0.8111991, -0.5846792, -0.01030817), (0.8136401, -0.5798637, 0.04180815), (0.7668657, -0.5195657, 0.376787), (0.7745967, -0.4472136, 0.4472136), (0.7900625, -0.2590629, -0.5555967), (0.8844941, -0.3299016, -0.3299016), (0.9410996, -0.3373193, -0.02339411), (0.9041388, -0.4259227, 0.0335077), (0.8559572, -0.3656073, 0.3656073), (0.7668657, -0.376787, 0.5195657), (0.8111991, -0.01030817, -0.5846792), (0.9410996, -0.02339411, -0.3373193), (0.9995053, -0.02223866, -0.02223866), (0.9973364, -0.05157549, 0.05157549), (0.9041388, -0.0335077, 0.4259227), (0.8136401, -0.04180815, 0.5798637), (0.8136401, 0.04180815, -0.5798637), (0.9041388, 0.0335077, -0.4259227), (0.9973364, 0.05157549, -0.05157549), (0.9995053, 0.02223866, 0.02223866), (0.9410996, 0.02339411, 0.3373193), (0.8111991, 0.01030817, 0.5846792), (0.7668657, 0.376787, -0.5195657), (0.8559572, 0.3656073, -0.3656073), (0.9041388, 0.4259227, -0.0335077), (0.9410996, 0.3373193, 0.02339411), (0.8844941, 0.3299016, 0.3299016), (0.7900625, 0.2590629, 0.5555967), (0.7745967, 0.4472136, -0.4472136), (0.7668657, 0.5195657, -0.376787), (0.8136401, 0.5798637, -0.04180815), (0.8111991, 0.5846792, 0.01030817), (0.7900625, 0.5555967, 0.2590629), (0.7071068, 0.5, 0.5), (-0.4472136, -0.7745967, -0.4472136), (-0.376787, -0.7668657, -0.5195657), (-0.01887148, -0.8125031, -0.5826513), (0.004189016, -0.8112351, -0.5847052), (0.2590629, -0.7900625, -0.5555967), (0.5, -0.7071068, -0.5), (-0.5195657, -0.7668657, -0.376787), (-0.3656073, -0.8559572, -0.3656073), (-0.01444493, -0.8994749, -0.4367336), (0.009845537, -0.9435915, -0.3309656), (0.3299016, -0.8844941, -0.3299016), (0.5555967, -0.7900625, -0.2590629), (-0.5798637, -0.8136401, -0.04180815), (-0.4259227, -0.9041388, -0.0335077), (-0.02330514, -0.9981216, -0.05665734), (0.009240562, -0.9997517, -0.02027815), (0.3373193, -0.9410996, -0.02339411), (0.5846792, -0.8111991, -0.01030817), (-0.5846792, -0.8111991, 0.01030817), (-0.3373193, -0.9410996, 0.02339411), (-0.009240562, -0.9997517, 0.02027815), (0.02330514, -0.9981216, 0.05665734), (0.4259227, -0.9041388, 0.0335077), (0.5798637, -0.8136401, 0.04180815), (-0.5555967, -0.7900625, 0.2590629), (-0.3299016, -0.8844941, 0.3299016), (-0.009845537, -0.9435915, 0.3309656), (0.01444493, -0.8994749, 0.4367336), (0.3656073, -0.8559572, 0.3656073), (0.5195657, -0.7668657, 0.376787), (-0.5, -0.7071068, 0.5), (-0.2590629, -0.7900625, 0.5555967), (-0.004189016, -0.8112351, 0.5847052), (0.01887148, -0.8125031, 0.5826513), (0.376787, -0.7668657, 0.5195657), (0.4472136, -0.7745967, 0.4472136), (-0.5, 0.7071068, -0.5), (-0.2590629, 0.7900625, -0.5555967), (-0.004189016, 0.8112351, -0.5847052), (0.01887148, 0.8125031, -0.5826513), (0.376787, 0.7668657, -0.5195657), (0.4472136, 0.7745967, -0.4472136), (-0.5555967, 0.7900625, -0.2590629), (-0.3299016, 0.8844941, -0.3299016), (-0.009845537, 0.9435915, -0.3309656), (0.01444493, 0.8994749, -0.4367336), (0.3656073, 0.8559572, -0.3656073), (0.5195657, 0.7668657, -0.376787), (-0.5846792, 0.8111991, -0.01030817), (-0.3373193, 0.9410996, -0.02339411), (-0.009240562, 0.9997517, -0.02027815), (0.02330514, 0.9981216, -0.05665734), (0.4259227, 0.9041388, -0.0335077), (0.5798637, 0.8136401, -0.04180815), (-0.5798637, 0.8136401, 0.04180815), (-0.4259227, 0.9041388, 0.0335077), (-0.02330514, 0.9981216, 0.05665734), (0.009240562, 0.9997517, 0.02027815), (0.3373193, 0.9410996, 0.02339411), (0.5846792, 0.8111991, 0.01030817), (-0.5195657, 0.7668657, 0.376787), (-0.3656073, 0.8559572, 0.3656073), (-0.01444493, 0.8994749, 0.4367336), (0.009845537, 0.9435915, 0.3309656), (0.3299016, 0.8844941, 0.3299016), (0.5555967, 0.7900625, 0.2590629), (-0.4472136, 0.7745967, 0.4472136), (-0.376787, 0.7668657, 0.5195657), (-0.01887148, 0.8125031, 0.5826513), (0.004189016, 0.8112351, 0.5847052), (0.2590629, 0.7900625, 0.5555967), (0.5, 0.7071068, 0.5), (-0.4472136, -0.4472136, -0.7745967), (-0.5195657, -0.376787, -0.7668657), (-0.5798637, -0.04180815, -0.8136401), (-0.5846792, 0.01030817, -0.8111991), (-0.5555967, 0.2590629, -0.7900625), (-0.5, 0.5, -0.7071068), (-0.376787, -0.5195657, -0.7668657), (-0.3656073, -0.3656073, -0.8559572), (-0.4259227, -0.0335077, -0.9041388), (-0.3373193, 0.02339411, -0.9410996), (-0.3299016, 0.3299016, -0.8844941), (-0.2590629, 0.5555967, -0.7900625), (-0.01887148, -0.5826513, -0.8125031), (-0.01444493, -0.4367336, -0.8994749), (-0.02330514, -0.05665734, -0.9981216), (-0.009240562, 0.02027815, -0.9997517), (-0.009845537, 0.3309656, -0.9435915), (-0.004189016, 0.5847052, -0.8112351), (0.004189016, -0.5847052, -0.8112351), (0.009845537, -0.3309656, -0.9435915), (0.009240562, -0.02027815, -0.9997517), (0.02330514, 0.05665734, -0.9981216), (0.01444493, 0.4367336, -0.8994749), (0.01887148, 0.5826513, -0.8125031), (0.2590629, -0.5555967, -0.7900625), (0.3299016, -0.3299016, -0.8844941), (0.3373193, -0.02339411, -0.9410996), (0.4259227, 0.0335077, -0.9041388), (0.3656073, 0.3656073, -0.8559572), (0.376787, 0.5195657, -0.7668657), (0.5, -0.5, -0.7071068), (0.5555967, -0.2590629, -0.7900625), (0.5846792, -0.01030817, -0.8111991), (0.5798637, 0.04180815, -0.8136401), (0.5195657, 0.376787, -0.7668657), (0.4472136, 0.4472136, -0.7745967), (-0.5, -0.5, 0.7071068), (-0.5555967, -0.2590629, 0.7900625), (-0.5846792, -0.01030817, 0.8111991), (-0.5798637, 0.04180815, 0.8136401), (-0.5195657, 0.376787, 0.7668657), (-0.4472136, 0.4472136, 0.7745967), (-0.2590629, -0.5555967, 0.7900625), (-0.3299016, -0.3299016, 0.8844941), (-0.3373193, -0.02339411, 0.9410996), (-0.4259227, 0.0335077, 0.9041388), (-0.3656073, 0.3656073, 0.8559572), (-0.376787, 0.5195657, 0.7668657), (-0.004189016, -0.5847052, 0.8112351), (-0.009845537, -0.3309656, 0.9435915), (-0.009240562, -0.02027815, 0.9997517), (-0.02330514, 0.05665734, 0.9981216), (-0.01444493, 0.4367336, 0.8994749), (-0.01887148, 0.5826513, 0.8125031), (0.01887148, -0.5826513, 0.8125031), (0.01444493, -0.4367336, 0.8994749), (0.02330514, -0.05665734, 0.9981216), (0.009240562, 0.02027815, 0.9997517), (0.009845537, 0.3309656, 0.9435915), (0.004189016, 0.5847052, 0.8112351), (0.376787, -0.5195657, 0.7668657), (0.3656073, -0.3656073, 0.8559572), (0.4259227, -0.0335077, 0.9041388), (0.3373193, 0.02339411, 0.9410996), (0.3299016, 0.3299016, 0.8844941), (0.2590629, 0.5555967, 0.7900625), (0.4472136, -0.4472136, 0.7745967), (0.5195657, -0.376787, 0.7668657), (0.5798637, -0.04180815, 0.8136401), (0.5846792, 0.01030817, 0.8111991), (0.5555967, 0.2590629, 0.7900625), (0.5, 0.5, 0.7071068)] (interpolation = "vertex")
            float3[] extent = [(0.00875, -0.00024, 0.00256), (0.00995, 0.0004, 0.0032)]
            rel material:binding = </WorkbenchPart/Materials/solder>
        }
        def Mesh "LinkLED_01" (prepend apiSchemas = ["MaterialBindingAPI"])
        {
            uniform token subdivisionScheme = "none"
            uniform token orientation = "rightHanded"
            bool doubleSided = false
            point3f[] points = [(0.0095, -0.0001, 0.00337), (0.009314664, -0.0001, 0.003388254), (0.009136451, -0.0001, 0.003442314), (0.008972208, -0.0001, 0.003530104), (0.008828249, -0.0001, 0.003648249), (0.008710104, -0.0001, 0.003792208), (0.008622314, -0.0001, 0.003956451), (0.008568254, -0.0001, 0.004134664), (0.00855, -0.0001, 0.00432), (0.008568254, -0.0001, 0.004505336), (0.008622314, -0.0001, 0.004683549), (0.008710104, -0.0001, 0.004847792), (0.008828249, -0.0001, 0.004991751), (0.008972208, -0.0001, 0.005109896), (0.009136451, -0.0001, 0.005197686), (0.009314664, -0.0001, 0.005251746), (0.0095, -0.0001, 0.00527), (0.009685336, -0.0001, 0.005251746), (0.009863549, -0.0001, 0.005197686), (0.01002779, -0.0001, 0.005109896), (0.01017175, -0.0001, 0.004991751), (0.0102899, -0.0001, 0.004847792), (0.01037769, -0.0001, 0.004683549), (0.01043175, -0.0001, 0.004505336), (0.01045, -0.0001, 0.00432), (0.01043175, -0.0001, 0.004134664), (0.01037769, -0.0001, 0.003956451), (0.0102899, -0.0001, 0.003792208), (0.01017175, -0.0001, 0.003648249), (0.01002779, -0.0001, 0.003530104), (0.009863549, -0.0001, 0.003442314), (0.009685336, -0.0001, 0.003388254), (0.0095, 0.00026, 0.00337), (0.009314664, 0.00026, 0.003388254), (0.009136451, 0.00026, 0.003442314), (0.008972208, 0.00026, 0.003530104), (0.008828249, 0.00026, 0.003648249), (0.008710104, 0.00026, 0.003792208), (0.008622314, 0.00026, 0.003956451), (0.008568254, 0.00026, 0.004134664), (0.00855, 0.00026, 0.00432), (0.008568254, 0.00026, 0.004505336), (0.008622314, 0.00026, 0.004683549), (0.008710104, 0.00026, 0.004847792), (0.008828249, 0.00026, 0.004991751), (0.008972208, 0.00026, 0.005109896), (0.009136451, 0.00026, 0.005197686), (0.009314664, 0.00026, 0.005251746), (0.0095, 0.00026, 0.00527), (0.009685336, 0.00026, 0.005251746), (0.009863549, 0.00026, 0.005197686), (0.01002779, 0.00026, 0.005109896), (0.01017175, 0.00026, 0.004991751), (0.0102899, 0.00026, 0.004847792), (0.01037769, 0.00026, 0.004683549), (0.01043175, 0.00026, 0.004505336), (0.01045, 0.00026, 0.00432), (0.01043175, 0.00026, 0.004134664), (0.01037769, 0.00026, 0.003956451), (0.0102899, 0.00026, 0.003792208), (0.01017175, 0.00026, 0.003648249), (0.01002779, 0.00026, 0.003530104), (0.009863549, 0.00026, 0.003442314), (0.009685336, 0.00026, 0.003388254), (0.0095, -0.0001, 0.00337), (0.009314664, -0.0001, 0.003388254), (0.009136451, -0.0001, 0.003442314), (0.008972208, -0.0001, 0.003530104), (0.008828249, -0.0001, 0.003648249), (0.008710104, -0.0001, 0.003792208), (0.008622314, -0.0001, 0.003956451), (0.008568254, -0.0001, 0.004134664), (0.00855, -0.0001, 0.00432), (0.008568254, -0.0001, 0.004505336), (0.008622314, -0.0001, 0.004683549), (0.008710104, -0.0001, 0.004847792), (0.008828249, -0.0001, 0.004991751), (0.008972208, -0.0001, 0.005109896), (0.009136451, -0.0001, 0.005197686), (0.009314664, -0.0001, 0.005251746), (0.0095, -0.0001, 0.00527), (0.009685336, -0.0001, 0.005251746), (0.009863549, -0.0001, 0.005197686), (0.01002779, -0.0001, 0.005109896), (0.01017175, -0.0001, 0.004991751), (0.0102899, -0.0001, 0.004847792), (0.01037769, -0.0001, 0.004683549), (0.01043175, -0.0001, 0.004505336), (0.01045, -0.0001, 0.00432), (0.01043175, -0.0001, 0.004134664), (0.01037769, -0.0001, 0.003956451), (0.0102899, -0.0001, 0.003792208), (0.01017175, -0.0001, 0.003648249), (0.01002779, -0.0001, 0.003530104), (0.009863549, -0.0001, 0.003442314), (0.009685336, -0.0001, 0.003388254), (0.0095, 0.00026, 0.00337), (0.009314664, 0.00026, 0.003388254), (0.009136451, 0.00026, 0.003442314), (0.008972208, 0.00026, 0.003530104), (0.008828249, 0.00026, 0.003648249), (0.008710104, 0.00026, 0.003792208), (0.008622314, 0.00026, 0.003956451), (0.008568254, 0.00026, 0.004134664), (0.00855, 0.00026, 0.00432), (0.008568254, 0.00026, 0.004505336), (0.008622314, 0.00026, 0.004683549), (0.008710104, 0.00026, 0.004847792), (0.008828249, 0.00026, 0.004991751), (0.008972208, 0.00026, 0.005109896), (0.009136451, 0.00026, 0.005197686), (0.009314664, 0.00026, 0.005251746), (0.0095, 0.00026, 0.00527), (0.009685336, 0.00026, 0.005251746), (0.009863549, 0.00026, 0.005197686), (0.01002779, 0.00026, 0.005109896), (0.01017175, 0.00026, 0.004991751), (0.0102899, 0.00026, 0.004847792), (0.01037769, 0.00026, 0.004683549), (0.01043175, 0.00026, 0.004505336), (0.01045, 0.00026, 0.00432), (0.01043175, 0.00026, 0.004134664), (0.01037769, 0.00026, 0.003956451), (0.0102899, 0.00026, 0.003792208), (0.01017175, 0.00026, 0.003648249), (0.01002779, 0.00026, 0.003530104), (0.009863549, 0.00026, 0.003442314), (0.009685336, 0.00026, 0.003388254)]
            int[] faceVertexCounts = [3, 3, 3, 3, 3, 3, 3, 3, 3, 3, 3, 3, 3, 3, 3, 3, 3, 3, 3, 3, 3, 3, 3, 3, 3, 3, 3, 3, 3, 3, 3, 3, 3, 3, 3, 3, 3, 3, 3, 3, 3, 3, 3, 3, 3, 3, 3, 3, 3, 3, 3, 3, 3, 3, 3, 3, 3, 3, 3, 3, 3, 3, 3, 3, 3, 3, 3, 3, 3, 3, 3, 3, 3, 3, 3, 3, 3, 3, 3, 3, 3, 3, 3, 3, 3, 3, 3, 3, 3, 3, 3, 3, 3, 3, 3, 3, 3, 3, 3, 3, 3, 3, 3, 3, 3, 3, 3, 3, 3, 3, 3, 3, 3, 3, 3, 3, 3, 3, 3, 3, 3, 3, 3, 3]
            int[] faceVertexIndices = [95, 94, 93, 95, 93, 92, 95, 92, 91, 95, 91, 90, 95, 90, 89, 95, 89, 88, 95, 88, 87, 95, 87, 86, 95, 86, 85, 95, 85, 84, 95, 84, 83, 95, 83, 82, 95, 82, 81, 95, 81, 80, 95, 80, 79, 95, 79, 78, 95, 78, 77, 95, 77, 76, 95, 76, 75, 95, 75, 74, 95, 74, 73, 95, 73, 72, 95, 72, 71, 95, 71, 70, 95, 70, 69, 95, 69, 68, 95, 68, 67, 95, 67, 66, 95, 66, 65, 95, 65, 64, 96, 97, 98, 96, 98, 99, 96, 99, 100, 96, 100, 101, 96, 101, 102, 96, 102, 103, 96, 103, 104, 96, 104, 105, 96, 105, 106, 96, 106, 107, 96, 107, 108, 96, 108, 109, 96, 109, 110, 96, 110, 111, 96, 111, 112, 96, 112, 113, 96, 113, 114, 96, 114, 115, 96, 115, 116, 96, 116, 117, 96, 117, 118, 96, 118, 119, 96, 119, 120, 96, 120, 121, 96, 121, 122, 96, 122, 123, 96, 123, 124, 96, 124, 125, 96, 125, 126, 96, 126, 127, 0, 1, 33, 0, 33, 32, 1, 2, 34, 1, 34, 33, 2, 3, 35, 2, 35, 34, 3, 4, 36, 3, 36, 35, 4, 5, 37, 4, 37, 36, 5, 6, 38, 5, 38, 37, 6, 7, 39, 6, 39, 38, 7, 8, 40, 7, 40, 39, 8, 9, 41, 8, 41, 40, 9, 10, 42, 9, 42, 41, 10, 11, 43, 10, 43, 42, 11, 12, 44, 11, 44, 43, 12, 13, 45, 12, 45, 44, 13, 14, 46, 13, 46, 45, 14, 15, 47, 14, 47, 46, 15, 16, 48, 15, 48, 47, 16, 17, 49, 16, 49, 48, 17, 18, 50, 17, 50, 49, 18, 19, 51, 18, 51, 50, 19, 20, 52, 19, 52, 51, 20, 21, 53, 20, 53, 52, 21, 22, 54, 21, 54, 53, 22, 23, 55, 22, 55, 54, 23, 24, 56, 23, 56, 55, 24, 25, 57, 24, 57, 56, 25, 26, 58, 25, 58, 57, 26, 27, 59, 26, 59, 58, 27, 28, 60, 27, 60, 59, 28, 29, 61, 28, 61, 60, 29, 30, 62, 29, 62, 61, 30, 31, 63, 30, 63, 62, 31, 0, 32, 31, 32, 63]
            normal3f[] normals = [(-0.03281279, 0, -0.9994615), (-0.2271676, 0, -0.9738557), (-0.4127924, 0, -0.9108251), (-0.5825539, 0, -0.8127921), (-0.7299282, 0, -0.6835239), (-0.8492517, 0, -0.5279882), (-0.9359389, 0, -0.3521623), (-0.9866586, 0, -0.162803), (-0.9994615, 0, 0.03281279), (-0.9738557, 0, 0.2271676), (-0.9108251, 0, 0.4127924), (-0.8127921, 0, 0.5825539), (-0.6835239, 0, 0.7299282), (-0.5279882, 0, 0.8492517), (-0.3521623, 0, 0.9359389), (-0.162803, 0, 0.9866586), (0.03281279, 0, 0.9994615), (0.2271676, 0, 0.9738557), (0.4127924, 0, 0.9108251), (0.5825539, 0, 0.8127921), (0.7299282, 0, 0.6835239), (0.8492517, 0, 0.5279882), (0.9359389, 0, 0.3521623), (0.9866586, 0, 0.162803), (0.9994615, 0, -0.03281279), (0.9738557, 0, -0.2271676), (0.9108251, 0, -0.4127924), (0.8127921, 0, -0.5825539), (0.6835239, 0, -0.7299282), (0.5279882, 0, -0.8492517), (0.3521623, 0, -0.9359389), (0.162803, 0, -0.9866586), (0.03281279, 0, -0.9994615), (-0.162803, 0, -0.9866586), (-0.3521623, 0, -0.9359389), (-0.5279882, 0, -0.8492517), (-0.6835239, 0, -0.7299282), (-0.8127921, 0, -0.5825539), (-0.9108251, 0, -0.4127924), (-0.9738557, 0, -0.2271676), (-0.9994615, 0, -0.03281279), (-0.9866586, 0, 0.162803), (-0.9359389, 0, 0.3521623), (-0.8492517, 0, 0.5279882), (-0.7299282, 0, 0.6835239), (-0.5825539, 0, 0.8127921), (-0.4127924, 0, 0.9108251), (-0.2271676, 0, 0.9738557), (-0.03281279, 0, 0.9994615), (0.162803, 0, 0.9866586), (0.3521623, 0, 0.9359389), (0.5279882, 0, 0.8492517), (0.6835239, 0, 0.7299282), (0.8127921, 0, 0.5825539), (0.9108251, 0, 0.4127924), (0.9738557, 0, 0.2271676), (0.9994615, 0, 0.03281279), (0.9866586, 0, -0.162803), (0.9359389, 0, -0.3521623), (0.8492517, 0, -0.5279882), (0.7299282, 0, -0.6835239), (0.5825539, 0, -0.8127921), (0.4127924, 0, -0.9108251), (0.2271676, 0, -0.9738557), (0, -1, 0), (0, -1, 0), (0, -1, 0), (0, -1, 0), (0, -1, 0), (0, -1, 0), (0, -1, 0), (0, -1, 0), (0, -1, 0), (0, -1, 0), (0, -1, 0), (0, -1, 0), (0, -1, 0), (0, -1, 0), (0, -1, 0), (0, -1, 0), (0, -1, 0), (0, -1, 0), (0, -1, 0), (0, -1, 0), (0, -1, 0), (0, -1, 0), (0, -1, 0), (0, -1, 0), (0, -1, 0), (0, -1, 0), (0, -1, 0), (0, -1, 0), (0, -1, 0), (0, -1, 0), (0, -1, 0), (0, -1, 0), (0, 1, 0), (0, 1, 0), (0, 1, 0), (0, 1, 0), (0, 1, 0), (0, 1, 0), (0, 1, 0), (0, 1, 0), (0, 1, 0), (0, 1, 0), (0, 1, 0), (0, 1, 0), (0, 1, 0), (0, 1, 0), (0, 1, 0), (0, 1, 0), (0, 1, 0), (0, 1, 0), (0, 1, 0), (0, 1, 0), (0, 1, 0), (0, 1, 0), (0, 1, 0), (0, 1, 0), (0, 1, 0), (0, 1, 0), (0, 1, 0), (0, 1, 0), (0, 1, 0), (0, 1, 0), (0, 1, 0), (0, 1, 0)] (interpolation = "vertex")
            float3[] extent = [(0.00855, -0.0001, 0.00337), (0.01045, 0.00026, 0.00527)]
            rel material:binding = </WorkbenchPart/Materials/led>
        }
        def Mesh "BindButton_01" (prepend apiSchemas = ["MaterialBindingAPI"])
        {
            uniform token subdivisionScheme = "none"
            uniform token orientation = "rightHanded"
            bool doubleSided = false
            point3f[] points = [(-0.01068238, -0.000192376, 0.003827624), (-0.01069667, -0.0002066667, 0.003866667), (-0.01070314, -0.0002131371, 0.00392), (-0.01070314, -0.0002131371, 0.00536), (-0.01069667, -0.0002066667, 0.005413333), (-0.01068238, -0.000192376, 0.005452376), (-0.01069667, -0.0001533333, 0.003813333), (-0.01072064, -0.0001653197, 0.00385468), (-0.01073311, -0.0001715542, 0.00392), (-0.01073311, -0.0001715542, 0.00536), (-0.01072064, -0.0001653197, 0.00542532), (-0.01069667, -0.0001533333, 0.005466667), (-0.01070314, -0.0001, 0.003806863), (-0.01073311, -0.0001, 0.003848446), (-0.01075, -0.0001, 0.00392), (-0.01075, -0.0001, 0.00536), (-0.01073311, -0.0001, 0.005431554), (-0.01070314, -0.0001, 0.005473137), (-0.01070314, 0.00038, 0.003806863), (-0.01073311, 0.00038, 0.003848446), (-0.01075, 0.00038, 0.00392), (-0.01075, 0.00038, 0.00536), (-0.01073311, 0.00038, 0.005431554), (-0.01070314, 0.00038, 0.005473137), (-0.01069667, 0.0004333333, 0.003813333), (-0.01072064, 0.0004453197, 0.00385468), (-0.01073311, 0.0004515542, 0.00392), (-0.01073311, 0.0004515542, 0.00536), (-0.01072064, 0.0004453197, 0.00542532), (-0.01069667, 0.0004333333, 0.005466667), (-0.01068238, 0.000472376, 0.003827624), (-0.01069667, 0.0004866667, 0.003866667), (-0.01070314, 0.0004931371, 0.00392), (-0.01070314, 0.0004931371, 0.00536), (-0.01069667, 0.0004866667, 0.005413333), (-0.01068238, 0.000472376, 0.005452376), (-0.007317624, -0.000192376, 0.003827624), (-0.007303333, -0.0002066667, 0.003866667), (-0.007296863, -0.0002131371, 0.00392), (-0.007296863, -0.0002131371, 0.00536), (-0.007303333, -0.0002066667, 0.005413333), (-0.007317624, -0.000192376, 0.005452376), (-0.007303333, -0.0001533333, 0.003813333), (-0.007279361, -0.0001653197, 0.00385468), (-0.007266892, -0.0001715542, 0.00392), (-0.007266892, -0.0001715542, 0.00536), (-0.007279361, -0.0001653197, 0.00542532), (-0.007303333, -0.0001533333, 0.005466667), (-0.007296863, -0.0001, 0.003806863), (-0.007266892, -0.0001, 0.003848446), (-0.00725, -0.0001, 0.00392), (-0.00725, -0.0001, 0.00536), (-0.007266892, -0.0001, 0.005431554), (-0.007296863, -0.0001, 0.005473137), (-0.007296863, 0.00038, 0.003806863), (-0.007266892, 0.00038, 0.003848446), (-0.00725, 0.00038, 0.00392), (-0.00725, 0.00038, 0.00536), (-0.007266892, 0.00038, 0.005431554), (-0.007296863, 0.00038, 0.005473137), (-0.007303333, 0.0004333333, 0.003813333), (-0.007279361, 0.0004453197, 0.00385468), (-0.007266892, 0.0004515542, 0.00392), (-0.007266892, 0.0004515542, 0.00536), (-0.007279361, 0.0004453197, 0.00542532), (-0.007303333, 0.0004333333, 0.005466667), (-0.007317624, 0.000472376, 0.003827624), (-0.007303333, 0.0004866667, 0.003866667), (-0.007296863, 0.0004931371, 0.00392), (-0.007296863, 0.0004931371, 0.00536), (-0.007303333, 0.0004866667, 0.005413333), (-0.007317624, 0.000472376, 0.005452376), (-0.01068238, -0.000192376, 0.003827624), (-0.01064333, -0.0002066667, 0.003813333), (-0.01059, -0.0002131371, 0.003806863), (-0.00741, -0.0002131371, 0.003806863), (-0.007356667, -0.0002066667, 0.003813333), (-0.007317624, -0.000192376, 0.003827624), (-0.01069667, -0.0002066667, 0.003866667), (-0.01065532, -0.0002306395, 0.00385468), (-0.01059, -0.0002431084, 0.003848446), (-0.00741, -0.0002431084, 0.003848446), (-0.00734468, -0.0002306395, 0.00385468), (-0.007303333, -0.0002066667, 0.003866667), (-0.01070314, -0.0002131371, 0.00392), (-0.01066155, -0.0002431084, 0.00392), (-0.01059, -0.00026, 0.00392), (-0.00741, -0.00026, 0.00392), (-0.007338446, -0.0002431084, 0.00392), (-0.007296863, -0.0002131371, 0.00392), (-0.01070314, -0.0002131371, 0.00536), (-0.01066155, -0.0002431084, 0.00536), (-0.01059, -0.00026, 0.00536), (-0.00741, -0.00026, 0.00536), (-0.007338446, -0.0002431084, 0.00536), (-0.007296863, -0.0002131371, 0.00536), (-0.01069667, -0.0002066667, 0.005413333), (-0.01065532, -0.0002306395, 0.00542532), (-0.01059, -0.0002431084, 0.005431554), (-0.00741, -0.0002431084, 0.005431554), (-0.00734468, -0.0002306395, 0.00542532), (-0.007303333, -0.0002066667, 0.005413333), (-0.01068238, -0.000192376, 0.005452376), (-0.01064333, -0.0002066667, 0.005466667), (-0.01059, -0.0002131371, 0.005473137), (-0.00741, -0.0002131371, 0.005473137), (-0.007356667, -0.0002066667, 0.005466667), (-0.007317624, -0.000192376, 0.005452376), (-0.01068238, 0.000472376, 0.003827624), (-0.01064333, 0.0004866667, 0.003813333), (-0.01059, 0.0004931371, 0.003806863), (-0.00741, 0.0004931371, 0.003806863), (-0.007356667, 0.0004866667, 0.003813333), (-0.007317624, 0.000472376, 0.003827624), (-0.01069667, 0.0004866667, 0.003866667), (-0.01065532, 0.0005106395, 0.00385468), (-0.01059, 0.0005231084, 0.003848446), (-0.00741, 0.0005231084, 0.003848446), (-0.00734468, 0.0005106395, 0.00385468), (-0.007303333, 0.0004866667, 0.003866667), (-0.01070314, 0.0004931371, 0.00392), (-0.01066155, 0.0005231084, 0.00392), (-0.01059, 0.00054, 0.00392), (-0.00741, 0.00054, 0.00392), (-0.007338446, 0.0005231084, 0.00392), (-0.007296863, 0.0004931371, 0.00392), (-0.01070314, 0.0004931371, 0.00536), (-0.01066155, 0.0005231084, 0.00536), (-0.01059, 0.00054, 0.00536), (-0.00741, 0.00054, 0.00536), (-0.007338446, 0.0005231084, 0.00536), (-0.007296863, 0.0004931371, 0.00536), (-0.01069667, 0.0004866667, 0.005413333), (-0.01065532, 0.0005106395, 0.00542532), (-0.01059, 0.0005231084, 0.005431554), (-0.00741, 0.0005231084, 0.005431554), (-0.00734468, 0.0005106395, 0.00542532), (-0.007303333, 0.0004866667, 0.005413333), (-0.01068238, 0.000472376, 0.005452376), (-0.01064333, 0.0004866667, 0.005466667), (-0.01059, 0.0004931371, 0.005473137), (-0.00741, 0.0004931371, 0.005473137), (-0.007356667, 0.0004866667, 0.005466667), (-0.007317624, 0.000472376, 0.005452376), (-0.01068238, -0.000192376, 0.003827624), (-0.01069667, -0.0001533333, 0.003813333), (-0.01070314, -0.0001, 0.003806863), (-0.01070314, 0.00038, 0.003806863), (-0.01069667, 0.0004333333, 0.003813333), (-0.01068238, 0.000472376, 0.003827624), (-0.01064333, -0.0002066667, 0.003813333), (-0.01065532, -0.0001653197, 0.003789361), (-0.01066155, -0.0001, 0.003776892), (-0.01066155, 0.00038, 0.003776892), (-0.01065532, 0.0004453197, 0.003789361), (-0.01064333, 0.0004866667, 0.003813333), (-0.01059, -0.0002131371, 0.003806863), (-0.01059, -0.0001715542, 0.003776892), (-0.01059, -0.0001, 0.00376), (-0.01059, 0.00038, 0.00376), (-0.01059, 0.0004515542, 0.003776892), (-0.01059, 0.0004931371, 0.003806863), (-0.00741, -0.0002131371, 0.003806863), (-0.00741, -0.0001715542, 0.003776892), (-0.00741, -0.0001, 0.00376), (-0.00741, 0.00038, 0.00376), (-0.00741, 0.0004515542, 0.003776892), (-0.00741, 0.0004931371, 0.003806863), (-0.007356667, -0.0002066667, 0.003813333), (-0.00734468, -0.0001653197, 0.003789361), (-0.007338446, -0.0001, 0.003776892), (-0.007338446, 0.00038, 0.003776892), (-0.00734468, 0.0004453197, 0.003789361), (-0.007356667, 0.0004866667, 0.003813333), (-0.007317624, -0.000192376, 0.003827624), (-0.007303333, -0.0001533333, 0.003813333), (-0.007296863, -0.0001, 0.003806863), (-0.007296863, 0.00038, 0.003806863), (-0.007303333, 0.0004333333, 0.003813333), (-0.007317624, 0.000472376, 0.003827624), (-0.01068238, -0.000192376, 0.005452376), (-0.01069667, -0.0001533333, 0.005466667), (-0.01070314, -0.0001, 0.005473137), (-0.01070314, 0.00038, 0.005473137), (-0.01069667, 0.0004333333, 0.005466667), (-0.01068238, 0.000472376, 0.005452376), (-0.01064333, -0.0002066667, 0.005466667), (-0.01065532, -0.0001653197, 0.005490639), (-0.01066155, -0.0001, 0.005503108), (-0.01066155, 0.00038, 0.005503108), (-0.01065532, 0.0004453197, 0.005490639), (-0.01064333, 0.0004866667, 0.005466667), (-0.01059, -0.0002131371, 0.005473137), (-0.01059, -0.0001715542, 0.005503108), (-0.01059, -0.0001, 0.00552), (-0.01059, 0.00038, 0.00552), (-0.01059, 0.0004515542, 0.005503108), (-0.01059, 0.0004931371, 0.005473137), (-0.00741, -0.0002131371, 0.005473137), (-0.00741, -0.0001715542, 0.005503108), (-0.00741, -0.0001, 0.00552), (-0.00741, 0.00038, 0.00552), (-0.00741, 0.0004515542, 0.005503108), (-0.00741, 0.0004931371, 0.005473137), (-0.007356667, -0.0002066667, 0.005466667), (-0.00734468, -0.0001653197, 0.005490639), (-0.007338446, -0.0001, 0.005503108), (-0.007338446, 0.00038, 0.005503108), (-0.00734468, 0.0004453197, 0.005490639), (-0.007356667, 0.0004866667, 0.005466667), (-0.007317624, -0.000192376, 0.005452376), (-0.007303333, -0.0001533333, 0.005466667), (-0.007296863, -0.0001, 0.005473137), (-0.007296863, 0.00038, 0.005473137), (-0.007303333, 0.0004333333, 0.005466667), (-0.007317624, 0.000472376, 0.005452376)]
            int[] faceVertexCounts = [3, 3, 3, 3, 3, 3, 3, 3, 3, 3, 3, 3, 3, 3, 3, 3, 3, 3, 3, 3, 3, 3, 3, 3, 3, 3, 3, 3, 3, 3, 3, 3, 3, 3, 3, 3, 3, 3, 3, 3, 3, 3, 3, 3, 3, 3, 3, 3, 3, 3, 3, 3, 3, 3, 3, 3, 3, 3, 3, 3, 3, 3, 3, 3, 3, 3, 3, 3, 3, 3, 3, 3, 3, 3, 3, 3, 3, 3, 3, 3, 3, 3, 3, 3, 3, 3, 3, 3, 3, 3, 3, 3, 3, 3, 3, 3, 3, 3, 3, 3, 3, 3, 3, 3, 3, 3, 3, 3, 3, 3, 3, 3, 3, 3, 3, 3, 3, 3, 3, 3, 3, 3, 3, 3, 3, 3, 3, 3, 3, 3, 3, 3, 3, 3, 3, 3, 3, 3, 3, 3, 3, 3, 3, 3, 3, 3, 3, 3, 3, 3, 3, 3, 3, 3, 3, 3, 3, 3, 3, 3, 3, 3, 3, 3, 3, 3, 3, 3, 3, 3, 3, 3, 3, 3, 3, 3, 3, 3, 3, 3, 3, 3, 3, 3, 3, 3, 3, 3, 3, 3, 3, 3, 3, 3, 3, 3, 3, 3, 3, 3, 3, 3, 3, 3, 3, 3, 3, 3, 3, 3, 3, 3, 3, 3, 3, 3, 3, 3, 3, 3, 3, 3, 3, 3, 3, 3, 3, 3, 3, 3, 3, 3, 3, 3, 3, 3, 3, 3, 3, 3, 3, 3, 3, 3, 3, 3, 3, 3, 3, 3, 3, 3, 3, 3, 3, 3, 3, 3, 3, 3, 3, 3, 3, 3, 3, 3, 3, 3, 3, 3, 3, 3, 3, 3, 3, 3, 3, 3, 3, 3, 3, 3, 3, 3, 3, 3, 3, 3, 3, 3, 3, 3, 3, 3, 3, 3, 3, 3, 3, 3]
            int[] faceVertexIndices = [1, 7, 6, 1, 6, 0, 2, 8, 7, 2, 7, 1, 3, 9, 8, 3, 8, 2, 4, 10, 9, 4, 9, 3, 5, 11, 10, 5, 10, 4, 7, 13, 12, 7, 12, 6, 8, 14, 13, 8, 13, 7, 9, 15, 14, 9, 14, 8, 10, 16, 15, 10, 15, 9, 11, 17, 16, 11, 16, 10, 13, 19, 18, 13, 18, 12, 14, 20, 19, 14, 19, 13, 15, 21, 20, 15, 20, 14, 16, 22, 21, 16, 21, 15, 17, 23, 22, 17, 22, 16, 19, 25, 24, 19, 24, 18, 20, 26, 25, 20, 25, 19, 21, 27, 26, 21, 26, 20, 22, 28, 27, 22, 27, 21, 23, 29, 28, 23, 28, 22, 25, 31, 30, 25, 30, 24, 26, 32, 31, 26, 31, 25, 27, 33, 32, 27, 32, 26, 28, 34, 33, 28, 33, 27, 29, 35, 34, 29, 34, 28, 36, 42, 43, 36, 43, 37, 37, 43, 44, 37, 44, 38, 38, 44, 45, 38, 45, 39, 39, 45, 46, 39, 46, 40, 40, 46, 47, 40, 47, 41, 42, 48, 49, 42, 49, 43, 43, 49, 50, 43, 50, 44, 44, 50, 51, 44, 51, 45, 45, 51, 52, 45, 52, 46, 46, 52, 53, 46, 53, 47, 48, 54, 55, 48, 55, 49, 49, 55, 56, 49, 56, 50, 50, 56, 57, 50, 57, 51, 51, 57, 58, 51, 58, 52, 52, 58, 59, 52, 59, 53, 54, 60, 61, 54, 61, 55, 55, 61, 62, 55, 62, 56, 56, 62, 63, 56, 63, 57, 57, 63, 64, 57, 64, 58, 58, 64, 65, 58, 65, 59, 60, 66, 67, 60, 67, 61, 61, 67, 68, 61, 68, 62, 62, 68, 69, 62, 69, 63, 63, 69, 70, 63, 70, 64, 64, 70, 71, 64, 71, 65, 73, 79, 78, 73, 78, 72, 74, 80, 79, 74, 79, 73, 75, 81, 80, 75, 80, 74, 76, 82, 81, 76, 81, 75, 77, 83, 82, 77, 82, 76, 79, 85, 84, 79, 84, 78, 80, 86, 85, 80, 85, 79, 81, 87, 86, 81, 86, 80, 82, 88, 87, 82, 87, 81, 83, 89, 88, 83, 88, 82, 85, 91, 90, 85, 90, 84, 86, 92, 91, 86, 91, 85, 87, 93, 92, 87, 92, 86, 88, 94, 93, 88, 93, 87, 89, 95, 94, 89, 94, 88, 91, 97, 96, 91, 96, 90, 92, 98, 97, 92, 97, 91, 93, 99, 98, 93, 98, 92, 94, 100, 99, 94, 99, 93, 95, 101, 100, 95, 100, 94, 97, 103, 102, 97, 102, 96, 98, 104, 103, 98, 103, 97, 99, 105, 104, 99, 104, 98, 100, 106, 105, 100, 105, 99, 101, 107, 106, 101, 106, 100, 108, 114, 115, 108, 115, 109, 109, 115, 116, 109, 116, 110, 110, 116, 117, 110, 117, 111, 111, 117, 118, 111, 118, 112, 112, 118, 119, 112, 119, 113, 114, 120, 121, 114, 121, 115, 115, 121, 122, 115, 122, 116, 116, 122, 123, 116, 123, 117, 117, 123, 124, 117, 124, 118, 118, 124, 125, 118, 125, 119, 120, 126, 127, 120, 127, 121, 121, 127, 128, 121, 128, 122, 122, 128, 129, 122, 129, 123, 123, 129, 130, 123, 130, 124, 124, 130, 131, 124, 131, 125, 126, 132, 133, 126, 133, 127, 127, 133, 134, 127, 134, 128, 128, 134, 135, 128, 135, 129, 129, 135, 136, 129, 136, 130, 130, 136, 137, 130, 137, 131, 132, 138, 139, 132, 139, 133, 133, 139, 140, 133, 140, 134, 134, 140, 141, 134, 141, 135, 135, 141, 142, 135, 142, 136, 136, 142, 143, 136, 143, 137, 145, 151, 150, 145, 150, 144, 146, 152, 151, 146, 151, 145, 147, 153, 152, 147, 152, 146, 148, 154, 153, 148, 153, 147, 149, 155, 154, 149, 154, 148, 151, 157, 156, 151, 156, 150, 152, 158, 157, 152, 157, 151, 153, 159, 158, 153, 158, 152, 154, 160, 159, 154, 159, 153, 155, 161, 160, 155, 160, 154, 157, 163, 162, 157, 162, 156, 158, 164, 163, 158, 163, 157, 159, 165, 164, 159, 164, 158, 160, 166, 165, 160, 165, 159, 161, 167, 166, 161, 166, 160, 163, 169, 168, 163, 168, 162, 164, 170, 169, 164, 169, 163, 165, 171, 170, 165, 170, 164, 166, 172, 171, 166, 171, 165, 167, 173, 172, 167, 172, 166, 169, 175, 174, 169, 174, 168, 170, 176, 175, 170, 175, 169, 171, 177, 176, 171, 176, 170, 172, 178, 177, 172, 177, 171, 173, 179, 178, 173, 178, 172, 180, 186, 187, 180, 187, 181, 181, 187, 188, 181, 188, 182, 182, 188, 189, 182, 189, 183, 183, 189, 190, 183, 190, 184, 184, 190, 191, 184, 191, 185, 186, 192, 193, 186, 193, 187, 187, 193, 194, 187, 194, 188, 188, 194, 195, 188, 195, 189, 189, 195, 196, 189, 196, 190, 190, 196, 197, 190, 197, 191, 192, 198, 199, 192, 199, 193, 193, 199, 200, 193, 200, 194, 194, 200, 201, 194, 201, 195, 195, 201, 202, 195, 202, 196, 196, 202, 203, 196, 203, 197, 198, 204, 205, 198, 205, 199, 199, 205, 206, 199, 206, 200, 200, 206, 207, 200, 207, 201, 201, 207, 208, 201, 208, 202, 202, 208, 209, 202, 209, 203, 204, 210, 211, 204, 211, 205, 205, 211, 212, 205, 212, 206, 206, 212, 213, 206, 213, 207, 207, 213, 214, 207, 214, 208, 208, 214, 215, 208, 215, 209]
            normal3f[] normals = [(-0.7745967, -0.4472136, -0.4472136), (-0.7668657, -0.5195657, -0.376787), (-0.8122155, -0.5831857, -0.01415526), (-0.8112383, -0.5847075, 0.003079211), (-0.7900625, -0.5555967, 0.2590629), (-0.7071068, -0.5, 0.5), (-0.7668657, -0.376787, -0.5195657), (-0.8559572, -0.3656073, -0.3656073), (-0.8985152, -0.4388111, -0.01073584), (-0.9440381, -0.3297559, 0.007284043), (-0.8844941, -0.3299016, 0.3299016), (-0.7900625, -0.2590629, 0.5555967), (-0.8134374, -0.0369927, -0.5804749), (-0.9031619, -0.02935805, -0.4282951), (-0.9985243, -0.05126523, -0.01791695), (-0.9998284, -0.01727798, 0.006675101), (-0.9416712, -0.02038848, 0.3359162), (-0.81121, -0.008913195, 0.5846871), (-0.81121, 0.008913195, -0.5846871), (-0.9416712, 0.02038848, -0.3359162), (-0.9998284, 0.01727798, -0.006675101), (-0.9985243, 0.05126523, 0.01791695), (-0.9031619, 0.02935805, 0.4282951), (-0.8134374, 0.0369927, 0.5804749), (-0.7900625, 0.2590629, -0.5555967), (-0.8844941, 0.3299016, -0.3299016), (-0.9440381, 0.3297559, -0.007284043), (-0.8985152, 0.4388111, 0.01073584), (-0.8559572, 0.3656073, 0.3656073), (-0.7668657, 0.376787, 0.5195657), (-0.7071068, 0.5, -0.5), (-0.7900625, 0.5555967, -0.2590629), (-0.8112383, 0.5847075, -0.003079211), (-0.8122155, 0.5831857, 0.01415526), (-0.7668657, 0.5195657, 0.376787), (-0.7745967, 0.4472136, 0.4472136), (0.7071068, -0.5, -0.5), (0.7900625, -0.5555967, -0.2590629), (0.8112383, -0.5847075, -0.003079211), (0.8122155, -0.5831857, 0.01415526), (0.7668657, -0.5195657, 0.376787), (0.7745967, -0.4472136, 0.4472136), (0.7900625, -0.2590629, -0.5555967), (0.8844941, -0.3299016, -0.3299016), (0.9440381, -0.3297559, -0.007284043), (0.8985152, -0.4388111, 0.01073584), (0.8559572, -0.3656073, 0.3656073), (0.7668657, -0.376787, 0.5195657), (0.81121, -0.008913195, -0.5846871), (0.9416712, -0.02038848, -0.3359162), (0.9998284, -0.01727798, -0.006675101), (0.9985243, -0.05126523, 0.01791695), (0.9031619, -0.02935805, 0.4282951), (0.8134374, -0.0369927, 0.5804749), (0.8134374, 0.0369927, -0.5804749), (0.9031619, 0.02935805, -0.4282951), (0.9985243, 0.05126523, -0.01791695), (0.9998284, 0.01727798, 0.006675101), (0.9416712, 0.02038848, 0.3359162), (0.81121, 0.008913195, 0.5846871), (0.7668657, 0.376787, -0.5195657), (0.8559572, 0.3656073, -0.3656073), (0.8985152, 0.4388111, -0.01073584), (0.9440381, 0.3297559, 0.007284043), (0.8844941, 0.3299016, 0.3299016), (0.7900625, 0.2590629, 0.5555967), (0.7745967, 0.4472136, -0.4472136), (0.7668657, 0.5195657, -0.376787), (0.8122155, 0.5831857, -0.01415526), (0.8112383, 0.5847075, 0.003079211), (0.7900625, 0.5555967, 0.2590629), (0.7071068, 0.5, 0.5), (-0.4472136, -0.7745967, -0.4472136), (-0.376787, -0.7668657, -0.5195657), (-0.00667956, -0.8117221, -0.5840057), (0.001408376, -0.8112414, -0.5847097), (0.2590629, -0.7900625, -0.5555967), (0.5, -0.7071068, -0.5), (-0.5195657, -0.7668657, -0.376787), (-0.3656073, -0.8559572, -0.3656073), (-0.004993646, -0.8969958, -0.4420108), (0.003364373, -0.9447066, -0.3278997), (0.3299016, -0.8844941, -0.3299016), (0.5555967, -0.7900625, -0.2590629), (-0.5831857, -0.8122155, -0.01415526), (-0.4388111, -0.8985152, -0.01073584), (-0.009502214, -0.9997405, -0.0207057), (0.002781993, -0.9999789, -0.005876312), (0.3297559, -0.9440381, -0.007284043), (0.5847075, -0.8112383, -0.003079211), (-0.5847075, -0.8112383, 0.003079211), (-0.3297559, -0.9440381, 0.007284043), (-0.002781993, -0.9999789, 0.005876312), (0.009502214, -0.9997405, 0.0207057), (0.4388111, -0.8985152, 0.01073584), (0.5831857, -0.8122155, 0.01415526), (-0.5555967, -0.7900625, 0.2590629), (-0.3299016, -0.8844941, 0.3299016), (-0.003364373, -0.9447066, 0.3278997), (0.004993646, -0.8969958, 0.4420108), (0.3656073, -0.8559572, 0.3656073), (0.5195657, -0.7668657, 0.376787), (-0.5, -0.7071068, 0.5), (-0.2590629, -0.7900625, 0.5555967), (-0.001408376, -0.8112414, 0.5847097), (0.00667956, -0.8117221, 0.5840057), (0.376787, -0.7668657, 0.5195657), (0.4472136, -0.7745967, 0.4472136), (-0.5, 0.7071068, -0.5), (-0.2590629, 0.7900625, -0.5555967), (-0.001408376, 0.8112414, -0.5847097), (0.00667956, 0.8117221, -0.5840057), (0.376787, 0.7668657, -0.5195657), (0.4472136, 0.7745967, -0.4472136), (-0.5555967, 0.7900625, -0.2590629), (-0.3299016, 0.8844941, -0.3299016), (-0.003364373, 0.9447066, -0.3278997), (0.004993646, 0.8969958, -0.4420108), (0.3656073, 0.8559572, -0.3656073), (0.5195657, 0.7668657, -0.376787), (-0.5847075, 0.8112383, -0.003079211), (-0.3297559, 0.9440381, -0.007284043), (-0.002781993, 0.9999789, -0.005876312), (0.009502214, 0.9997405, -0.0207057), (0.4388111, 0.8985152, -0.01073584), (0.5831857, 0.8122155, -0.01415526), (-0.5831857, 0.8122155, 0.01415526), (-0.4388111, 0.8985152, 0.01073584), (-0.009502214, 0.9997405, 0.0207057), (0.002781993, 0.9999789, 0.005876312), (0.3297559, 0.9440381, 0.007284043), (0.5847075, 0.8112383, 0.003079211), (-0.5195657, 0.7668657, 0.376787), (-0.3656073, 0.8559572, 0.3656073), (-0.004993646, 0.8969958, 0.4420108), (0.003364373, 0.9447066, 0.3278997), (0.3299016, 0.8844941, 0.3299016), (0.5555967, 0.7900625, 0.2590629), (-0.4472136, 0.7745967, 0.4472136), (-0.376787, 0.7668657, 0.5195657), (-0.00667956, 0.8117221, 0.5840057), (0.001408376, 0.8112414, 0.5847097), (0.2590629, 0.7900625, 0.5555967), (0.5, 0.7071068, 0.5), (-0.4472136, -0.4472136, -0.7745967), (-0.5195657, -0.376787, -0.7668657), (-0.5804749, -0.0369927, -0.8134374), (-0.5846871, 0.008913195, -0.81121), (-0.5555967, 0.2590629, -0.7900625), (-0.5, 0.5, -0.7071068), (-0.376787, -0.5195657, -0.7668657), (-0.3656073, -0.3656073, -0.8559572), (-0.4282951, -0.02935805, -0.9031619), (-0.3359162, 0.02038848, -0.9416712), (-0.3299016, 0.3299016, -0.8844941), (-0.2590629, 0.5555967, -0.7900625), (-0.00667956, -0.5840057, -0.8117221), (-0.004993646, -0.4420108, -0.8969958), (-0.008465803, -0.05278276, -0.9985701), (-0.003070777, 0.01678928, -0.9998543), (-0.003364373, 0.3278997, -0.9447066), (-0.001408376, 0.5847097, -0.8112414), (0.001408376, -0.5847097, -0.8112414), (0.003364373, -0.3278997, -0.9447066), (0.003070777, -0.01678928, -0.9998543), (0.008465803, 0.05278276, -0.9985701), (0.004993646, 0.4420108, -0.8969958), (0.00667956, 0.5840057, -0.8117221), (0.2590629, -0.5555967, -0.7900625), (0.3299016, -0.3299016, -0.8844941), (0.3359162, -0.02038848, -0.9416712), (0.4282951, 0.02935805, -0.9031619), (0.3656073, 0.3656073, -0.8559572), (0.376787, 0.5195657, -0.7668657), (0.5, -0.5, -0.7071068), (0.5555967, -0.2590629, -0.7900625), (0.5846871, -0.008913195, -0.81121), (0.5804749, 0.0369927, -0.8134374), (0.5195657, 0.376787, -0.7668657), (0.4472136, 0.4472136, -0.7745967), (-0.5, -0.5, 0.7071068), (-0.5555967, -0.2590629, 0.7900625), (-0.5846871, -0.008913195, 0.81121), (-0.5804749, 0.0369927, 0.8134374), (-0.5195657, 0.376787, 0.7668657), (-0.4472136, 0.4472136, 0.7745967), (-0.2590629, -0.5555967, 0.7900625), (-0.3299016, -0.3299016, 0.8844941), (-0.3359162, -0.02038848, 0.9416712), (-0.4282951, 0.02935805, 0.9031619), (-0.3656073, 0.3656073, 0.8559572), (-0.376787, 0.5195657, 0.7668657), (-0.001408376, -0.5847097, 0.8112414), (-0.003364373, -0.3278997, 0.9447066), (-0.003070777, -0.01678928, 0.9998543), (-0.008465803, 0.05278276, 0.9985701), (-0.004993646, 0.4420108, 0.8969958), (-0.00667956, 0.5840057, 0.8117221), (0.00667956, -0.5840057, 0.8117221), (0.004993646, -0.4420108, 0.8969958), (0.008465803, -0.05278276, 0.9985701), (0.003070777, 0.01678928, 0.9998543), (0.003364373, 0.3278997, 0.9447066), (0.001408376, 0.5847097, 0.8112414), (0.376787, -0.5195657, 0.7668657), (0.3656073, -0.3656073, 0.8559572), (0.4282951, -0.02935805, 0.9031619), (0.3359162, 0.02038848, 0.9416712), (0.3299016, 0.3299016, 0.8844941), (0.2590629, 0.5555967, 0.7900625), (0.4472136, -0.4472136, 0.7745967), (0.5195657, -0.376787, 0.7668657), (0.5804749, -0.0369927, 0.8134374), (0.5846871, 0.008913195, 0.81121), (0.5555967, 0.2590629, 0.7900625), (0.5, 0.5, 0.7071068)] (interpolation = "vertex")
            float3[] extent = [(-0.01075, -0.00026, 0.00376), (-0.00725, 0.00054, 0.00552)]
            rel material:binding = </WorkbenchPart/Materials/ceramic>
            texCoord2f[] primvars:st = [(-0.02296296, 0.4296296), (-0.01836886, 0.4282978), (-0.01703704, 0.4237037), (-0.02296296, 0.4296296), (-0.01703704, 0.4237037), (-0.02137512, 0.4252916), (-0.0236819, 0.4355556), (-0.01906158, 0.4355556), (-0.01836886, 0.4282978), (-0.0236819, 0.4355556), (-0.01836886, 0.4282978), (-0.02296296, 0.4296296), (-0.0236819, 0.5955556), (-0.01906158, 0.5955556), (-0.01906158, 0.4355556), (-0.0236819, 0.5955556), (-0.01906158, 0.4355556), (-0.0236819, 0.4355556), (-0.02296296, 0.6014815), (-0.01836886, 0.6028133), (-0.01906158, 0.5955556), (-0.02296296, 0.6014815), (-0.01906158, 0.5955556), (-0.0236819, 0.5955556), (-0.02137512, 0.6058196), (-0.01703704, 0.6074074), (-0.01836886, 0.6028133), (-0.02137512, 0.6058196), (-0.01836886, 0.6028133), (-0.02296296, 0.6014815), (-0.01836886, 0.4282978), (-0.01111111, 0.4276051), (-0.01111111, 0.4229848), (-0.01836886, 0.4282978), (-0.01111111, 0.4229848), (-0.01703704, 0.4237037), (-0.01906158, 0.4355556), (-0.01111111, 0.4355556), (-0.01111111, 0.4276051), (-0.01906158, 0.4355556), (-0.01111111, 0.4276051), (-0.01836886, 0.4282978), (-0.01906158, 0.5955556), (-0.01111111, 0.5955556), (-0.01111111, 0.4355556), (-0.01906158, 0.5955556), (-0.01111111, 0.4355556), (-0.01906158, 0.4355556), (-0.01836886, 0.6028133), (-0.01111111, 0.603506), (-0.01111111, 0.5955556), (-0.01836886, 0.6028133), (-0.01111111, 0.5955556), (-0.01906158, 0.5955556), (-0.01703704, 0.6074074), (-0.01111111, 0.6081263), (-0.01111111, 0.603506), (-0.01703704, 0.6074074), (-0.01111111, 0.603506), (-0.01836886, 0.6028133), (-0.01111111, 0.4276051), (0.04222222, 0.4276051), (0.04222222, 0.4229848), (-0.01111111, 0.4276051), (0.04222222, 0.4229848), (-0.01111111, 0.4229848), (-0.01111111, 0.4355556), (0.04222222, 0.4355556), (0.04222222, 0.4276051), (-0.01111111, 0.4355556), (0.04222222, 0.4276051), (-0.01111111, 0.4276051), (-0.01111111, 0.5955556), (0.04222222, 0.5955556), (0.04222222, 0.4355556), (-0.01111111, 0.5955556), (0.04222222, 0.4355556), (-0.01111111, 0.4355556), (-0.01111111, 0.603506), (0.04222222, 0.603506), (0.04222222, 0.5955556), (-0.01111111, 0.603506), (0.04222222, 0.5955556), (-0.01111111, 0.5955556), (-0.01111111, 0.6081263), (0.04222222, 0.6081263), (0.04222222, 0.603506), (-0.01111111, 0.6081263), (0.04222222, 0.603506), (-0.01111111, 0.603506), (0.04222222, 0.4276051), (0.04947997, 0.4282978), (0.04814815, 0.4237037), (0.04222222, 0.4276051), (0.04814815, 0.4237037), (0.04222222, 0.4229848), (0.04222222, 0.4355556), (0.05017269, 0.4355556), (0.04947997, 0.4282978), (0.04222222, 0.4355556), (0.04947997, 0.4282978), (0.04222222, 0.4276051), (0.04222222, 0.5955556), (0.05017269, 0.5955556), (0.05017269, 0.4355556), (0.04222222, 0.5955556), (0.05017269, 0.4355556), (0.04222222, 0.4355556), (0.04222222, 0.603506), (0.04947997, 0.6028133), (0.05017269, 0.5955556), (0.04222222, 0.603506), (0.05017269, 0.5955556), (0.04222222, 0.5955556), (0.04222222, 0.6081263), (0.04814815, 0.6074074), (0.04947997, 0.6028133), (0.04222222, 0.6081263), (0.04947997, 0.6028133), (0.04222222, 0.603506), (0.04947997, 0.4282978), (0.05407407, 0.4296296), (0.05248623, 0.4252916), (0.04947997, 0.4282978), (0.05248623, 0.4252916), (0.04814815, 0.4237037), (0.05017269, 0.4355556), (0.05479301, 0.4355556), (0.05407407, 0.4296296), (0.05017269, 0.4355556), (0.05407407, 0.4296296), (0.04947997, 0.4282978), (0.05017269, 0.5955556), (0.05479301, 0.5955556), (0.05479301, 0.4355556), (0.05017269, 0.5955556), (0.05479301, 0.4355556), (0.05017269, 0.4355556), (0.04947997, 0.6028133), (0.05407407, 0.6014815), (0.05479301, 0.5955556), (0.04947997, 0.6028133), (0.05479301, 0.5955556), (0.05017269, 0.5955556), (0.04814815, 0.6074074), (0.05248623, 0.6058196), (0.05407407, 0.6014815), (0.04814815, 0.6074074), (0.05407407, 0.6014815), (0.04947997, 0.6028133), (-0.02137512, 0.4252916), (-0.01703704, 0.4237037), (-0.01836886, 0.4282978), (-0.02137512, 0.4252916), (-0.01836886, 0.4282978), (-0.02296296, 0.4296296), (-0.02296296, 0.4296296), (-0.01836886, 0.4282978), (-0.01906158, 0.4355556), (-0.02296296, 0.4296296), (-0.01906158, 0.4355556), (-0.0236819, 0.4355556), (-0.0236819, 0.4355556), (-0.01906158, 0.4355556), (-0.01906158, 0.5955556), (-0.0236819, 0.4355556), (-0.01906158, 0.5955556), (-0.0236819, 0.5955556), (-0.0236819, 0.5955556), (-0.01906158, 0.5955556), (-0.01836886, 0.6028133), (-0.0236819, 0.5955556), (-0.01836886, 0.6028133), (-0.02296296, 0.6014815), (-0.02296296, 0.6014815), (-0.01836886, 0.6028133), (-0.01703704, 0.6074074), (-0.02296296, 0.6014815), (-0.01703704, 0.6074074), (-0.02137512, 0.6058196), (-0.01703704, 0.4237037), (-0.01111111, 0.4229848), (-0.01111111, 0.4276051), (-0.01703704, 0.4237037), (-0.01111111, 0.4276051), (-0.01836886, 0.4282978), (-0.01836886, 0.4282978), (-0.01111111, 0.4276051), (-0.01111111, 0.4355556), (-0.01836886, 0.4282978), (-0.01111111, 0.4355556), (-0.01906158, 0.4355556), (-0.01906158, 0.4355556), (-0.01111111, 0.4355556), (-0.01111111, 0.5955556), (-0.01906158, 0.4355556), (-0.01111111, 0.5955556), (-0.01906158, 0.5955556), (-0.01906158, 0.5955556), (-0.01111111, 0.5955556), (-0.01111111, 0.603506), (-0.01906158, 0.5955556), (-0.01111111, 0.603506), (-0.01836886, 0.6028133), (-0.01836886, 0.6028133), (-0.01111111, 0.603506), (-0.01111111, 0.6081263), (-0.01836886, 0.6028133), (-0.01111111, 0.6081263), (-0.01703704, 0.6074074), (-0.01111111, 0.4229848), (0.04222222, 0.4229848), (0.04222222, 0.4276051), (-0.01111111, 0.4229848), (0.04222222, 0.4276051), (-0.01111111, 0.4276051), (-0.01111111, 0.4276051), (0.04222222, 0.4276051), (0.04222222, 0.4355556), (-0.01111111, 0.4276051), (0.04222222, 0.4355556), (-0.01111111, 0.4355556), (-0.01111111, 0.4355556), (0.04222222, 0.4355556), (0.04222222, 0.5955556), (-0.01111111, 0.4355556), (0.04222222, 0.5955556), (-0.01111111, 0.5955556), (-0.01111111, 0.5955556), (0.04222222, 0.5955556), (0.04222222, 0.603506), (-0.01111111, 0.5955556), (0.04222222, 0.603506), (-0.01111111, 0.603506), (-0.01111111, 0.603506), (0.04222222, 0.603506), (0.04222222, 0.6081263), (-0.01111111, 0.603506), (0.04222222, 0.6081263), (-0.01111111, 0.6081263), (0.04222222, 0.4229848), (0.04814815, 0.4237037), (0.04947997, 0.4282978), (0.04222222, 0.4229848), (0.04947997, 0.4282978), (0.04222222, 0.4276051), (0.04222222, 0.4276051), (0.04947997, 0.4282978), (0.05017269, 0.4355556), (0.04222222, 0.4276051), (0.05017269, 0.4355556), (0.04222222, 0.4355556), (0.04222222, 0.4355556), (0.05017269, 0.4355556), (0.05017269, 0.5955556), (0.04222222, 0.4355556), (0.05017269, 0.5955556), (0.04222222, 0.5955556), (0.04222222, 0.5955556), (0.05017269, 0.5955556), (0.04947997, 0.6028133), (0.04222222, 0.5955556), (0.04947997, 0.6028133), (0.04222222, 0.603506), (0.04222222, 0.603506), (0.04947997, 0.6028133), (0.04814815, 0.6074074), (0.04222222, 0.603506), (0.04814815, 0.6074074), (0.04222222, 0.6081263), (0.04814815, 0.4237037), (0.05248623, 0.4252916), (0.05407407, 0.4296296), (0.04814815, 0.4237037), (0.05407407, 0.4296296), (0.04947997, 0.4282978), (0.04947997, 0.4282978), (0.05407407, 0.4296296), (0.05479301, 0.4355556), (0.04947997, 0.4282978), (0.05479301, 0.4355556), (0.05017269, 0.4355556), (0.05017269, 0.4355556), (0.05479301, 0.4355556), (0.05479301, 0.5955556), (0.05017269, 0.4355556), (0.05479301, 0.5955556), (0.05017269, 0.5955556), (0.05017269, 0.5955556), (0.05479301, 0.5955556), (0.05407407, 0.6014815), (0.05017269, 0.5955556), (0.05407407, 0.6014815), (0.04947997, 0.6028133), (0.04947997, 0.6028133), (0.05407407, 0.6014815), (0.05248623, 0.6058196), (0.04947997, 0.6028133), (0.05248623, 0.6058196), (0.04814815, 0.6074074), (-1.182593, 0.4237037), (-1.183924, 0.4282978), (-1.188519, 0.4296296), (-1.182593, 0.4237037), (-1.188519, 0.4296296), (-1.186931, 0.4252916), (-1.176667, 0.4229848), (-1.176667, 0.4276051), (-1.183924, 0.4282978), (-1.176667, 0.4229848), (-1.183924, 0.4282978), (-1.182593, 0.4237037), (-0.8233333, 0.4229848), (-0.8233333, 0.4276051), (-1.176667, 0.4276051), (-0.8233333, 0.4229848), (-1.176667, 0.4276051), (-1.176667, 0.4229848), (-0.8174074, 0.4237037), (-0.8160756, 0.4282978), (-0.8233333, 0.4276051), (-0.8174074, 0.4237037), (-0.8233333, 0.4276051), (-0.8233333, 0.4229848), (-0.8130693, 0.4252916), (-0.8114815, 0.4296296), (-0.8160756, 0.4282978), (-0.8130693, 0.4252916), (-0.8160756, 0.4282978), (-0.8174074, 0.4237037), (-1.183924, 0.4282978), (-1.184617, 0.4355556), (-1.189237, 0.4355556), (-1.183924, 0.4282978), (-1.189237, 0.4355556), (-1.188519, 0.4296296), (-1.176667, 0.4276051), (-1.176667, 0.4355556), (-1.184617, 0.4355556), (-1.176667, 0.4276051), (-1.184617, 0.4355556), (-1.183924, 0.4282978), (-0.8233333, 0.4276051), (-0.8233333, 0.4355556), (-1.176667, 0.4355556), (-0.8233333, 0.4276051), (-1.176667, 0.4355556), (-1.176667, 0.4276051), (-0.8160756, 0.4282978), (-0.8153829, 0.4355556), (-0.8233333, 0.4355556), (-0.8160756, 0.4282978), (-0.8233333, 0.4355556), (-0.8233333, 0.4276051), (-0.8114815, 0.4296296), (-0.8107625, 0.4355556), (-0.8153829, 0.4355556), (-0.8114815, 0.4296296), (-0.8153829, 0.4355556), (-0.8160756, 0.4282978), (-1.184617, 0.4355556), (-1.184617, 0.5955556), (-1.189237, 0.5955556), (-1.184617, 0.4355556), (-1.189237, 0.5955556), (-1.189237, 0.4355556), (-1.176667, 0.4355556), (-1.176667, 0.5955556), (-1.184617, 0.5955556), (-1.176667, 0.4355556), (-1.184617, 0.5955556), (-1.184617, 0.4355556), (-0.8233333, 0.4355556), (-0.8233333, 0.5955556), (-1.176667, 0.5955556), (-0.8233333, 0.4355556), (-1.176667, 0.5955556), (-1.176667, 0.4355556), (-0.8153829, 0.4355556), (-0.8153829, 0.5955556), (-0.8233333, 0.5955556), (-0.8153829, 0.4355556), (-0.8233333, 0.5955556), (-0.8233333, 0.4355556), (-0.8107625, 0.4355556), (-0.8107625, 0.5955556), (-0.8153829, 0.5955556), (-0.8107625, 0.4355556), (-0.8153829, 0.5955556), (-0.8153829, 0.4355556), (-1.184617, 0.5955556), (-1.183924, 0.6028133), (-1.188519, 0.6014815), (-1.184617, 0.5955556), (-1.188519, 0.6014815), (-1.189237, 0.5955556), (-1.176667, 0.5955556), (-1.176667, 0.603506), (-1.183924, 0.6028133), (-1.176667, 0.5955556), (-1.183924, 0.6028133), (-1.184617, 0.5955556), (-0.8233333, 0.5955556), (-0.8233333, 0.603506), (-1.176667, 0.603506), (-0.8233333, 0.5955556), (-1.176667, 0.603506), (-1.176667, 0.5955556), (-0.8153829, 0.5955556), (-0.8160756, 0.6028133), (-0.8233333, 0.603506), (-0.8153829, 0.5955556), (-0.8233333, 0.603506), (-0.8233333, 0.5955556), (-0.8107625, 0.5955556), (-0.8114815, 0.6014815), (-0.8160756, 0.6028133), (-0.8107625, 0.5955556), (-0.8160756, 0.6028133), (-0.8153829, 0.5955556), (-1.183924, 0.6028133), (-1.182593, 0.6074074), (-1.186931, 0.6058196), (-1.183924, 0.6028133), (-1.186931, 0.6058196), (-1.188519, 0.6014815), (-1.176667, 0.603506), (-1.176667, 0.6081263), (-1.182593, 0.6074074), (-1.176667, 0.603506), (-1.182593, 0.6074074), (-1.183924, 0.6028133), (-0.8233333, 0.603506), (-0.8233333, 0.6081263), (-1.176667, 0.6081263), (-0.8233333, 0.603506), (-1.176667, 0.6081263), (-1.176667, 0.603506), (-0.8160756, 0.6028133), (-0.8174074, 0.6074074), (-0.8233333, 0.6081263), (-0.8160756, 0.6028133), (-0.8233333, 0.6081263), (-0.8233333, 0.603506), (-0.8114815, 0.6014815), (-0.8130693, 0.6058196), (-0.8174074, 0.6074074), (-0.8114815, 0.6014815), (-0.8174074, 0.6074074), (-0.8160756, 0.6028133), (-1.186931, 0.4252916), (-1.188519, 0.4296296), (-1.183924, 0.4282978), (-1.186931, 0.4252916), (-1.183924, 0.4282978), (-1.182593, 0.4237037), (-1.182593, 0.4237037), (-1.183924, 0.4282978), (-1.176667, 0.4276051), (-1.182593, 0.4237037), (-1.176667, 0.4276051), (-1.176667, 0.4229848), (-1.176667, 0.4229848), (-1.176667, 0.4276051), (-0.8233333, 0.4276051), (-1.176667, 0.4229848), (-0.8233333, 0.4276051), (-0.8233333, 0.4229848), (-0.8233333, 0.4229848), (-0.8233333, 0.4276051), (-0.8160756, 0.4282978), (-0.8233333, 0.4229848), (-0.8160756, 0.4282978), (-0.8174074, 0.4237037), (-0.8174074, 0.4237037), (-0.8160756, 0.4282978), (-0.8114815, 0.4296296), (-0.8174074, 0.4237037), (-0.8114815, 0.4296296), (-0.8130693, 0.4252916), (-1.188519, 0.4296296), (-1.189237, 0.4355556), (-1.184617, 0.4355556), (-1.188519, 0.4296296), (-1.184617, 0.4355556), (-1.183924, 0.4282978), (-1.183924, 0.4282978), (-1.184617, 0.4355556), (-1.176667, 0.4355556), (-1.183924, 0.4282978), (-1.176667, 0.4355556), (-1.176667, 0.4276051), (-1.176667, 0.4276051), (-1.176667, 0.4355556), (-0.8233333, 0.4355556), (-1.176667, 0.4276051), (-0.8233333, 0.4355556), (-0.8233333, 0.4276051), (-0.8233333, 0.4276051), (-0.8233333, 0.4355556), (-0.8153829, 0.4355556), (-0.8233333, 0.4276051), (-0.8153829, 0.4355556), (-0.8160756, 0.4282978), (-0.8160756, 0.4282978), (-0.8153829, 0.4355556), (-0.8107625, 0.4355556), (-0.8160756, 0.4282978), (-0.8107625, 0.4355556), (-0.8114815, 0.4296296), (-1.189237, 0.4355556), (-1.189237, 0.5955556), (-1.184617, 0.5955556), (-1.189237, 0.4355556), (-1.184617, 0.5955556), (-1.184617, 0.4355556), (-1.184617, 0.4355556), (-1.184617, 0.5955556), (-1.176667, 0.5955556), (-1.184617, 0.4355556), (-1.176667, 0.5955556), (-1.176667, 0.4355556), (-1.176667, 0.4355556), (-1.176667, 0.5955556), (-0.8233333, 0.5955556), (-1.176667, 0.4355556), (-0.8233333, 0.5955556), (-0.8233333, 0.4355556), (-0.8233333, 0.4355556), (-0.8233333, 0.5955556), (-0.8153829, 0.5955556), (-0.8233333, 0.4355556), (-0.8153829, 0.5955556), (-0.8153829, 0.4355556), (-0.8153829, 0.4355556), (-0.8153829, 0.5955556), (-0.8107625, 0.5955556), (-0.8153829, 0.4355556), (-0.8107625, 0.5955556), (-0.8107625, 0.4355556), (-1.189237, 0.5955556), (-1.188519, 0.6014815), (-1.183924, 0.6028133), (-1.189237, 0.5955556), (-1.183924, 0.6028133), (-1.184617, 0.5955556), (-1.184617, 0.5955556), (-1.183924, 0.6028133), (-1.176667, 0.603506), (-1.184617, 0.5955556), (-1.176667, 0.603506), (-1.176667, 0.5955556), (-1.176667, 0.5955556), (-1.176667, 0.603506), (-0.8233333, 0.603506), (-1.176667, 0.5955556), (-0.8233333, 0.603506), (-0.8233333, 0.5955556), (-0.8233333, 0.5955556), (-0.8233333, 0.603506), (-0.8160756, 0.6028133), (-0.8233333, 0.5955556), (-0.8160756, 0.6028133), (-0.8153829, 0.5955556), (-0.8153829, 0.5955556), (-0.8160756, 0.6028133), (-0.8114815, 0.6014815), (-0.8153829, 0.5955556), (-0.8114815, 0.6014815), (-0.8107625, 0.5955556), (-1.188519, 0.6014815), (-1.186931, 0.6058196), (-1.182593, 0.6074074), (-1.188519, 0.6014815), (-1.182593, 0.6074074), (-1.183924, 0.6028133), (-1.183924, 0.6028133), (-1.182593, 0.6074074), (-1.176667, 0.6081263), (-1.183924, 0.6028133), (-1.176667, 0.6081263), (-1.176667, 0.603506), (-1.176667, 0.603506), (-1.176667, 0.6081263), (-0.8233333, 0.6081263), (-1.176667, 0.603506), (-0.8233333, 0.6081263), (-0.8233333, 0.603506), (-0.8233333, 0.603506), (-0.8233333, 0.6081263), (-0.8174074, 0.6074074), (-0.8233333, 0.603506), (-0.8174074, 0.6074074), (-0.8160756, 0.6028133), (-0.8160756, 0.6028133), (-0.8174074, 0.6074074), (-0.8130693, 0.6058196), (-0.8160756, 0.6028133), (-0.8130693, 0.6058196), (-0.8114815, 0.6014815), (-1.188519, -0.01703704), (-1.183924, -0.01836886), (-1.182593, -0.02296296), (-1.188519, -0.01703704), (-1.182593, -0.02296296), (-1.186931, -0.02137512), (-1.189237, -0.01111111), (-1.184617, -0.01111111), (-1.183924, -0.01836886), (-1.189237, -0.01111111), (-1.183924, -0.01836886), (-1.188519, -0.01703704), (-1.189237, 0.04222222), (-1.184617, 0.04222222), (-1.184617, -0.01111111), (-1.189237, 0.04222222), (-1.184617, -0.01111111), (-1.189237, -0.01111111), (-1.188519, 0.04814815), (-1.183924, 0.04947997), (-1.184617, 0.04222222), (-1.188519, 0.04814815), (-1.184617, 0.04222222), (-1.189237, 0.04222222), (-1.186931, 0.05248623), (-1.182593, 0.05407407), (-1.183924, 0.04947997), (-1.186931, 0.05248623), (-1.183924, 0.04947997), (-1.188519, 0.04814815), (-1.183924, -0.01836886), (-1.176667, -0.01906158), (-1.176667, -0.0236819), (-1.183924, -0.01836886), (-1.176667, -0.0236819), (-1.182593, -0.02296296), (-1.184617, -0.01111111), (-1.176667, -0.01111111), (-1.176667, -0.01906158), (-1.184617, -0.01111111), (-1.176667, -0.01906158), (-1.183924, -0.01836886), (-1.184617, 0.04222222), (-1.176667, 0.04222222), (-1.176667, -0.01111111), (-1.184617, 0.04222222), (-1.176667, -0.01111111), (-1.184617, -0.01111111), (-1.183924, 0.04947997), (-1.176667, 0.05017269), (-1.176667, 0.04222222), (-1.183924, 0.04947997), (-1.176667, 0.04222222), (-1.184617, 0.04222222), (-1.182593, 0.05407407), (-1.176667, 0.05479301), (-1.176667, 0.05017269), (-1.182593, 0.05407407), (-1.176667, 0.05017269), (-1.183924, 0.04947997), (-1.176667, -0.01906158), (-0.8233333, -0.01906158), (-0.8233333, -0.0236819), (-1.176667, -0.01906158), (-0.8233333, -0.0236819), (-1.176667, -0.0236819), (-1.176667, -0.01111111), (-0.8233333, -0.01111111), (-0.8233333, -0.01906158), (-1.176667, -0.01111111), (-0.8233333, -0.01906158), (-1.176667, -0.01906158), (-1.176667, 0.04222222), (-0.8233333, 0.04222222), (-0.8233333, -0.01111111), (-1.176667, 0.04222222), (-0.8233333, -0.01111111), (-1.176667, -0.01111111), (-1.176667, 0.05017269), (-0.8233333, 0.05017269), (-0.8233333, 0.04222222), (-1.176667, 0.05017269), (-0.8233333, 0.04222222), (-1.176667, 0.04222222), (-1.176667, 0.05479301), (-0.8233333, 0.05479301), (-0.8233333, 0.05017269), (-1.176667, 0.05479301), (-0.8233333, 0.05017269), (-1.176667, 0.05017269), (-0.8233333, -0.01906158), (-0.8160756, -0.01836886), (-0.8174074, -0.02296296), (-0.8233333, -0.01906158), (-0.8174074, -0.02296296), (-0.8233333, -0.0236819), (-0.8233333, -0.01111111), (-0.8153829, -0.01111111), (-0.8160756, -0.01836886), (-0.8233333, -0.01111111), (-0.8160756, -0.01836886), (-0.8233333, -0.01906158), (-0.8233333, 0.04222222), (-0.8153829, 0.04222222), (-0.8153829, -0.01111111), (-0.8233333, 0.04222222), (-0.8153829, -0.01111111), (-0.8233333, -0.01111111), (-0.8233333, 0.05017269), (-0.8160756, 0.04947997), (-0.8153829, 0.04222222), (-0.8233333, 0.05017269), (-0.8153829, 0.04222222), (-0.8233333, 0.04222222), (-0.8233333, 0.05479301), (-0.8174074, 0.05407407), (-0.8160756, 0.04947997), (-0.8233333, 0.05479301), (-0.8160756, 0.04947997), (-0.8233333, 0.05017269), (-0.8160756, -0.01836886), (-0.8114815, -0.01703704), (-0.8130693, -0.02137512), (-0.8160756, -0.01836886), (-0.8130693, -0.02137512), (-0.8174074, -0.02296296), (-0.8153829, -0.01111111), (-0.8107625, -0.01111111), (-0.8114815, -0.01703704), (-0.8153829, -0.01111111), (-0.8114815, -0.01703704), (-0.8160756, -0.01836886), (-0.8153829, 0.04222222), (-0.8107625, 0.04222222), (-0.8107625, -0.01111111), (-0.8153829, 0.04222222), (-0.8107625, -0.01111111), (-0.8153829, -0.01111111), (-0.8160756, 0.04947997), (-0.8114815, 0.04814815), (-0.8107625, 0.04222222), (-0.8160756, 0.04947997), (-0.8107625, 0.04222222), (-0.8153829, 0.04222222), (-0.8174074, 0.05407407), (-0.8130693, 0.05248623), (-0.8114815, 0.04814815), (-0.8174074, 0.05407407), (-0.8114815, 0.04814815), (-0.8160756, 0.04947997), (-1.186931, -0.02137512), (-1.182593, -0.02296296), (-1.183924, -0.01836886), (-1.186931, -0.02137512), (-1.183924, -0.01836886), (-1.188519, -0.01703704), (-1.188519, -0.01703704), (-1.183924, -0.01836886), (-1.184617, -0.01111111), (-1.188519, -0.01703704), (-1.184617, -0.01111111), (-1.189237, -0.01111111), (-1.189237, -0.01111111), (-1.184617, -0.01111111), (-1.184617, 0.04222222), (-1.189237, -0.01111111), (-1.184617, 0.04222222), (-1.189237, 0.04222222), (-1.189237, 0.04222222), (-1.184617, 0.04222222), (-1.183924, 0.04947997), (-1.189237, 0.04222222), (-1.183924, 0.04947997), (-1.188519, 0.04814815), (-1.188519, 0.04814815), (-1.183924, 0.04947997), (-1.182593, 0.05407407), (-1.188519, 0.04814815), (-1.182593, 0.05407407), (-1.186931, 0.05248623), (-1.182593, -0.02296296), (-1.176667, -0.0236819), (-1.176667, -0.01906158), (-1.182593, -0.02296296), (-1.176667, -0.01906158), (-1.183924, -0.01836886), (-1.183924, -0.01836886), (-1.176667, -0.01906158), (-1.176667, -0.01111111), (-1.183924, -0.01836886), (-1.176667, -0.01111111), (-1.184617, -0.01111111), (-1.184617, -0.01111111), (-1.176667, -0.01111111), (-1.176667, 0.04222222), (-1.184617, -0.01111111), (-1.176667, 0.04222222), (-1.184617, 0.04222222), (-1.184617, 0.04222222), (-1.176667, 0.04222222), (-1.176667, 0.05017269), (-1.184617, 0.04222222), (-1.176667, 0.05017269), (-1.183924, 0.04947997), (-1.183924, 0.04947997), (-1.176667, 0.05017269), (-1.176667, 0.05479301), (-1.183924, 0.04947997), (-1.176667, 0.05479301), (-1.182593, 0.05407407), (-1.176667, -0.0236819), (-0.8233333, -0.0236819), (-0.8233333, -0.01906158), (-1.176667, -0.0236819), (-0.8233333, -0.01906158), (-1.176667, -0.01906158), (-1.176667, -0.01906158), (-0.8233333, -0.01906158), (-0.8233333, -0.01111111), (-1.176667, -0.01906158), (-0.8233333, -0.01111111), (-1.176667, -0.01111111), (-1.176667, -0.01111111), (-0.8233333, -0.01111111), (-0.8233333, 0.04222222), (-1.176667, -0.01111111), (-0.8233333, 0.04222222), (-1.176667, 0.04222222), (-1.176667, 0.04222222), (-0.8233333, 0.04222222), (-0.8233333, 0.05017269), (-1.176667, 0.04222222), (-0.8233333, 0.05017269), (-1.176667, 0.05017269), (-1.176667, 0.05017269), (-0.8233333, 0.05017269), (-0.8233333, 0.05479301), (-1.176667, 0.05017269), (-0.8233333, 0.05479301), (-1.176667, 0.05479301), (-0.8233333, -0.0236819), (-0.8174074, -0.02296296), (-0.8160756, -0.01836886), (-0.8233333, -0.0236819), (-0.8160756, -0.01836886), (-0.8233333, -0.01906158), (-0.8233333, -0.01906158), (-0.8160756, -0.01836886), (-0.8153829, -0.01111111), (-0.8233333, -0.01906158), (-0.8153829, -0.01111111), (-0.8233333, -0.01111111), (-0.8233333, -0.01111111), (-0.8153829, -0.01111111), (-0.8153829, 0.04222222), (-0.8233333, -0.01111111), (-0.8153829, 0.04222222), (-0.8233333, 0.04222222), (-0.8233333, 0.04222222), (-0.8153829, 0.04222222), (-0.8160756, 0.04947997), (-0.8233333, 0.04222222), (-0.8160756, 0.04947997), (-0.8233333, 0.05017269), (-0.8233333, 0.05017269), (-0.8160756, 0.04947997), (-0.8174074, 0.05407407), (-0.8233333, 0.05017269), (-0.8174074, 0.05407407), (-0.8233333, 0.05479301), (-0.8174074, -0.02296296), (-0.8130693, -0.02137512), (-0.8114815, -0.01703704), (-0.8174074, -0.02296296), (-0.8114815, -0.01703704), (-0.8160756, -0.01836886), (-0.8160756, -0.01836886), (-0.8114815, -0.01703704), (-0.8107625, -0.01111111), (-0.8160756, -0.01836886), (-0.8107625, -0.01111111), (-0.8153829, -0.01111111), (-0.8153829, -0.01111111), (-0.8107625, -0.01111111), (-0.8107625, 0.04222222), (-0.8153829, -0.01111111), (-0.8107625, 0.04222222), (-0.8153829, 0.04222222), (-0.8153829, 0.04222222), (-0.8107625, 0.04222222), (-0.8114815, 0.04814815), (-0.8153829, 0.04222222), (-0.8114815, 0.04814815), (-0.8160756, 0.04947997), (-0.8160756, 0.04947997), (-0.8114815, 0.04814815), (-0.8130693, 0.05248623), (-0.8160756, 0.04947997), (-0.8130693, 0.05248623), (-0.8174074, 0.05407407)] (interpolation = "faceVarying")
        }
        def Mesh "IdentificationLabel_01" (prepend apiSchemas = ["MaterialBindingAPI"])
        {
            uniform token subdivisionScheme = "none"
            uniform token orientation = "rightHanded"
            bool doubleSided = true
            point3f[] points = [(-0.00775, 0.001575, -0.004), (-0.00775, 0.001575, -0.00328), (-0.00775, 0.001575, -0.00256), (-0.00775, 0.001575, -0.00184), (-0.00775, 0.001575, -0.00112), (-0.00775, 0.001575, -0.0004), (-0.00775, 0.001575, 0.00032), (-0.00775, 0.001575, 0.00104), (-0.00775, 0.001575, 0.00176), (-0.0058125, 0.001575, -0.004), (-0.0058125, 0.001575, -0.00328), (-0.0058125, 0.001575, -0.00256), (-0.0058125, 0.001575, -0.00184), (-0.0058125, 0.001575, -0.00112), (-0.0058125, 0.001575, -0.0004), (-0.0058125, 0.001575, 0.00032), (-0.0058125, 0.001575, 0.00104), (-0.0058125, 0.001575, 0.00176), (-0.003875, 0.001575, -0.004), (-0.003875, 0.001575, -0.00328), (-0.003875, 0.001575, -0.00256), (-0.003875, 0.001575, -0.00184), (-0.003875, 0.001575, -0.00112), (-0.003875, 0.001575, -0.0004), (-0.003875, 0.001575, 0.00032), (-0.003875, 0.001575, 0.00104), (-0.003875, 0.001575, 0.00176), (-0.0019375, 0.001575, -0.004), (-0.0019375, 0.001575, -0.00328), (-0.0019375, 0.001575, -0.00256), (-0.0019375, 0.001575, -0.00184), (-0.0019375, 0.001575, -0.00112), (-0.0019375, 0.001575, -0.0004), (-0.0019375, 0.001575, 0.00032), (-0.0019375, 0.001575, 0.00104), (-0.0019375, 0.001575, 0.00176), (0, 0.001575, -0.004), (0, 0.001575, -0.00328), (0, 0.001575, -0.00256), (0, 0.001575, -0.00184), (0, 0.001575, -0.00112), (0, 0.001575, -0.0004), (0, 0.001575, 0.00032), (0, 0.001575, 0.00104), (0, 0.001575, 0.00176), (0.0019375, 0.001575, -0.004), (0.0019375, 0.001575, -0.00328), (0.0019375, 0.001575, -0.00256), (0.0019375, 0.001575, -0.00184), (0.0019375, 0.001575, -0.00112), (0.0019375, 0.001575, -0.0004), (0.0019375, 0.001575, 0.00032), (0.0019375, 0.001575, 0.00104), (0.0019375, 0.001575, 0.00176), (0.003875, 0.001575, -0.004), (0.003875, 0.001575, -0.00328), (0.003875, 0.001575, -0.00256), (0.003875, 0.001575, -0.00184), (0.003875, 0.001575, -0.00112), (0.003875, 0.001575, -0.0004), (0.003875, 0.001575, 0.00032), (0.003875, 0.001575, 0.00104), (0.003875, 0.001575, 0.00176), (0.0058125, 0.001575, -0.004), (0.0058125, 0.001575, -0.00328), (0.0058125, 0.001575, -0.00256), (0.0058125, 0.001575, -0.00184), (0.0058125, 0.001575, -0.00112), (0.0058125, 0.001575, -0.0004), (0.0058125, 0.001575, 0.00032), (0.0058125, 0.001575, 0.00104), (0.0058125, 0.001575, 0.00176), (0.00775, 0.001575, -0.004), (0.00775, 0.001575, -0.00328), (0.00775, 0.001575, -0.00256), (0.00775, 0.001575, -0.00184), (0.00775, 0.001575, -0.00112), (0.00775, 0.001575, -0.0004), (0.00775, 0.001575, 0.00032), (0.00775, 0.001575, 0.00104), (0.00775, 0.001575, 0.00176)]
            int[] faceVertexCounts = [3, 3, 3, 3, 3, 3, 3, 3, 3, 3, 3, 3, 3, 3, 3, 3, 3, 3, 3, 3, 3, 3, 3, 3, 3, 3, 3, 3, 3, 3, 3, 3, 3, 3, 3, 3, 3, 3, 3, 3, 3, 3, 3, 3, 3, 3, 3, 3, 3, 3, 3, 3, 3, 3, 3, 3, 3, 3, 3, 3, 3, 3, 3, 3, 3, 3, 3, 3, 3, 3, 3, 3, 3, 3, 3, 3, 3, 3, 3, 3, 3, 3, 3, 3, 3, 3, 3, 3, 3, 3, 3, 3, 3, 3, 3, 3, 3, 3, 3, 3, 3, 3, 3, 3, 3, 3, 3, 3, 3, 3, 3, 3, 3, 3, 3, 3, 3, 3, 3, 3, 3, 3, 3, 3, 3, 3, 3, 3]
            int[] faceVertexIndices = [0, 1, 10, 0, 10, 9, 1, 2, 11, 1, 11, 10, 2, 3, 12, 2, 12, 11, 3, 4, 13, 3, 13, 12, 4, 5, 14, 4, 14, 13, 5, 6, 15, 5, 15, 14, 6, 7, 16, 6, 16, 15, 7, 8, 17, 7, 17, 16, 9, 10, 19, 9, 19, 18, 10, 11, 20, 10, 20, 19, 11, 12, 21, 11, 21, 20, 12, 13, 22, 12, 22, 21, 13, 14, 23, 13, 23, 22, 14, 15, 24, 14, 24, 23, 15, 16, 25, 15, 25, 24, 16, 17, 26, 16, 26, 25, 18, 19, 28, 18, 28, 27, 19, 20, 29, 19, 29, 28, 20, 21, 30, 20, 30, 29, 21, 22, 31, 21, 31, 30, 22, 23, 32, 22, 32, 31, 23, 24, 33, 23, 33, 32, 24, 25, 34, 24, 34, 33, 25, 26, 35, 25, 35, 34, 27, 28, 37, 27, 37, 36, 28, 29, 38, 28, 38, 37, 29, 30, 39, 29, 39, 38, 30, 31, 40, 30, 40, 39, 31, 32, 41, 31, 41, 40, 32, 33, 42, 32, 42, 41, 33, 34, 43, 33, 43, 42, 34, 35, 44, 34, 44, 43, 36, 37, 46, 36, 46, 45, 37, 38, 47, 37, 47, 46, 38, 39, 48, 38, 48, 47, 39, 40, 49, 39, 49, 48, 40, 41, 50, 40, 50, 49, 41, 42, 51, 41, 51, 50, 42, 43, 52, 42, 52, 51, 43, 44, 53, 43, 53, 52, 45, 46, 55, 45, 55, 54, 46, 47, 56, 46, 56, 55, 47, 48, 57, 47, 57, 56, 48, 49, 58, 48, 58, 57, 49, 50, 59, 49, 59, 58, 50, 51, 60, 50, 60, 59, 51, 52, 61, 51, 61, 60, 52, 53, 62, 52, 62, 61, 54, 55, 64, 54, 64, 63, 55, 56, 65, 55, 65, 64, 56, 57, 66, 56, 66, 65, 57, 58, 67, 57, 67, 66, 58, 59, 68, 58, 68, 67, 59, 60, 69, 59, 69, 68, 60, 61, 70, 60, 70, 69, 61, 62, 71, 61, 71, 70, 63, 64, 73, 63, 73, 72, 64, 65, 74, 64, 74, 73, 65, 66, 75, 65, 75, 74, 66, 67, 76, 66, 76, 75, 67, 68, 77, 67, 77, 76, 68, 69, 78, 68, 78, 77, 69, 70, 79, 69, 79, 78, 70, 71, 80, 70, 80, 79]
            normal3f[] normals = [(0, 1, 0), (0, 1, 0), (0, 1, 0), (0, 1, 0), (0, 1, 0), (0, 1, 0), (0, 1, 0), (0, 1, 0), (0, 1, 0), (0, 1, 0), (0, 1, 0), (0, 1, 0), (0, 1, 0), (0, 1, 0), (0, 1, 0), (0, 1, 0), (0, 1, 0), (0, 1, 0), (0, 1, 0), (0, 1, 0), (0, 1, 0), (0, 1, 0), (0, 1, 0), (0, 1, 0), (0, 1, 0), (0, 1, 0), (0, 1, 0), (0, 1, 0), (0, 1, 0), (0, 1, 0), (0, 1, 0), (0, 1, 0), (0, 1, 0), (0, 1, 0), (0, 1, 0), (0, 1, 0), (0, 1, 0), (0, 1, 0), (0, 1, 0), (0, 1, 0), (0, 1, 0), (0, 1, 0), (0, 1, 0), (0, 1, 0), (0, 1, 0), (0, 1, 0), (0, 1, 0), (0, 1, 0), (0, 1, 0), (0, 1, 0), (0, 1, 0), (0, 1, 0), (0, 1, 0), (0, 1, 0), (0, 1, 0), (0, 1, 0), (0, 1, 0), (0, 1, 0), (0, 1, 0), (0, 1, 0), (0, 1, 0), (0, 1, 0), (0, 1, 0), (0, 1, 0), (0, 1, 0), (0, 1, 0), (0, 1, 0), (0, 1, 0), (0, 1, 0), (0, 1, 0), (0, 1, 0), (0, 1, 0), (0, 1, 0), (0, 1, 0), (0, 1, 0), (0, 1, 0), (0, 1, 0), (0, 1, 0), (0, 1, 0), (0, 1, 0), (0, 1, 0)] (interpolation = "vertex")
            float3[] extent = [(-0.00775, 0.001575, -0.004), (0.00775, 0.001575, 0.00176)]
            rel material:binding = </WorkbenchPart/Materials/label_rx_crossfire_868_MHz>
            texCoord2f[] primvars:st = [(0, 1), (0, 0.875), (0, 0.75), (0, 0.625), (0, 0.5), (0, 0.375), (0, 0.25), (0, 0.125), (0, 0), (0.125, 1), (0.125, 0.875), (0.125, 0.75), (0.125, 0.625), (0.125, 0.5), (0.125, 0.375), (0.125, 0.25), (0.125, 0.125), (0.125, 0), (0.25, 1), (0.25, 0.875), (0.25, 0.75), (0.25, 0.625), (0.25, 0.5), (0.25, 0.375), (0.25, 0.25), (0.25, 0.125), (0.25, 0), (0.375, 1), (0.375, 0.875), (0.375, 0.75), (0.375, 0.625), (0.375, 0.5), (0.375, 0.375), (0.375, 0.25), (0.375, 0.125), (0.375, 0), (0.5, 1), (0.5, 0.875), (0.5, 0.75), (0.5, 0.625), (0.5, 0.5), (0.5, 0.375), (0.5, 0.25), (0.5, 0.125), (0.5, 0), (0.625, 1), (0.625, 0.875), (0.625, 0.75), (0.625, 0.625), (0.625, 0.5), (0.625, 0.375), (0.625, 0.25), (0.625, 0.125), (0.625, 0), (0.75, 1), (0.75, 0.875), (0.75, 0.75), (0.75, 0.625), (0.75, 0.5), (0.75, 0.375), (0.75, 0.25), (0.75, 0.125), (0.75, 0), (0.875, 1), (0.875, 0.875), (0.875, 0.75), (0.875, 0.625), (0.875, 0.5), (0.875, 0.375), (0.875, 0.25), (0.875, 0.125), (0.875, 0), (1, 1), (1, 0.875), (1, 0.75), (1, 0.625), (1, 0.5), (1, 0.375), (1, 0.25), (1, 0.125), (1, 0)] (interpolation = "vertex")
        }
    }
}
