#usda 1.0
(
    defaultPrim = "WorkbenchPart"
    metersPerUnit = 1
    upAxis = "Y"
)
def Xform "WorkbenchPart" (
    kind = "component"
    customData = {
        string catalogID = "rx-elrs"
        string forwardAxis = "+Z"
    }
)
{
    def Scope "Materials"
    {
        def Material "alloy"
        {
            token outputs:surface.connect = </WorkbenchPart/Materials/alloy/Surface.outputs:surface>
            def Shader "Surface"
            {
                uniform token info:id = "UsdPreviewSurface"
                color3f inputs:diffuseColor = (0.2541521, 0.3185468, 0.381326)
                float inputs:roughness = 0.34
                float inputs:metallic = 0.77
                float inputs:ior = 1.46
                color3f inputs:diffuseColor.connect = </WorkbenchPart/Materials/alloy/Color.outputs:rgb>
                normal3f inputs:normal.connect = </WorkbenchPart/Materials/alloy/Normal.outputs:rgb>
                float inputs:roughness.connect = </WorkbenchPart/Materials/alloy/Rough.outputs:r>
                token outputs:surface
            }
            def Shader "UV"
            {
                uniform token info:id = "UsdPrimvarReader_float2"
                string inputs:varname = "st"
                float2 outputs:result
            }
            def Shader "Color"
            {
                uniform token info:id = "UsdUVTexture"
                asset inputs:file = @textures/surface-561f1c5a4b96e8-color.png@
                token inputs:sourceColorSpace = "sRGB"
                token inputs:wrapS = "repeat"
                token inputs:wrapT = "repeat"
                float2 inputs:st.connect = </WorkbenchPart/Materials/alloy/UV.outputs:result>
                float3 outputs:rgb
                float outputs:r
            }
            def Shader "Normal"
            {
                uniform token info:id = "UsdUVTexture"
                asset inputs:file = @textures/brushed-normal.png@
                token inputs:sourceColorSpace = "raw"
                token inputs:wrapS = "repeat"
                token inputs:wrapT = "repeat"
                float2 inputs:st.connect = </WorkbenchPart/Materials/alloy/UV.outputs:result>
                float4 inputs:scale = (2, 2, 2, 1)
                float4 inputs:bias = (-1, -1, -1, 0)
                float3 outputs:rgb
                float outputs:r
            }
            def Shader "Rough"
            {
                uniform token info:id = "UsdUVTexture"
                asset inputs:file = @textures/surface-561f1c5a4b96e8-rough.png@
                token inputs:sourceColorSpace = "raw"
                token inputs:wrapS = "repeat"
                token inputs:wrapT = "repeat"
                float2 inputs:st.connect = </WorkbenchPart/Materials/alloy/UV.outputs:result>
                float3 outputs:rgb
                float outputs:r
            }
        }
        def Material "ceramic"
        {
            token outputs:surface.connect = </WorkbenchPart/Materials/ceramic/Surface.outputs:surface>
            def Shader "Surface"
            {
                uniform token info:id = "UsdPreviewSurface"
                color3f inputs:diffuseColor = (0.6375969, 0.6038273, 0.5394795)
                float inputs:roughness = 0.72
                float inputs:metallic = 0
                float inputs:ior = 1.46
                color3f inputs:diffuseColor.connect = </WorkbenchPart/Materials/ceramic/Color.outputs:rgb>
                normal3f inputs:normal.connect = </WorkbenchPart/Materials/ceramic/Normal.outputs:rgb>
                float inputs:roughness.connect = </WorkbenchPart/Materials/ceramic/Rough.outputs:r>
                token outputs:surface
            }
            def Shader "UV"
            {
                uniform token info:id = "UsdPrimvarReader_float2"
                string inputs:varname = "st"
                float2 outputs:result
            }
            def Shader "Color"
            {
                uniform token info:id = "UsdUVTexture"
                asset inputs:file = @textures/surface-3667d9953be5d4-color.png@
                token inputs:sourceColorSpace = "sRGB"
                token inputs:wrapS = "repeat"
                token inputs:wrapT = "repeat"
                float2 inputs:st.connect = </WorkbenchPart/Materials/ceramic/UV.outputs:result>
                float3 outputs:rgb
                float outputs:r
            }
            def Shader "Normal"
            {
                uniform token info:id = "UsdUVTexture"
                asset inputs:file = @textures/grain-normal.png@
                token inputs:sourceColorSpace = "raw"
                token inputs:wrapS = "repeat"
                token inputs:wrapT = "repeat"
                float2 inputs:st.connect = </WorkbenchPart/Materials/ceramic/UV.outputs:result>
                float4 inputs:scale = (2, 2, 2, 1)
                float4 inputs:bias = (-1, -1, -1, 0)
                float3 outputs:rgb
                float outputs:r
            }
            def Shader "Rough"
            {
                uniform token info:id = "UsdUVTexture"
                asset inputs:file = @textures/surface-3667d9953be5d4-rough.png@
                token inputs:sourceColorSpace = "raw"
                token inputs:wrapS = "repeat"
                token inputs:wrapT = "repeat"
                float2 inputs:st.connect = </WorkbenchPart/Materials/ceramic/UV.outputs:result>
                float3 outputs:rgb
                float outputs:r
            }
        }
        def Material "gold"
        {
            token outputs:surface.connect = </WorkbenchPart/Materials/gold/Surface.outputs:surface>
            def Shader "Surface"
            {
                uniform token info:id = "UsdPreviewSurface"
                color3f inputs:diffuseColor = (0.6444797, 0.4286905, 0.09758735)
                float inputs:roughness = 0.27
                float inputs:metallic = 0.78
                float inputs:ior = 1.46
                token outputs:surface
            }
        }
        def Material "label_rx_elrs_2_4_GHz"
        {
            token outputs:surface.connect = </WorkbenchPart/Materials/label_rx_elrs_2_4_GHz/Surface.outputs:surface>
            def Shader "Surface"
            {
                uniform token info:id = "UsdPreviewSurface"
                color3f inputs:diffuseColor = (1, 1, 1)
                float inputs:roughness = 0.72
                float inputs:metallic = 0
                float inputs:ior = 1.46
                color3f inputs:diffuseColor.connect = </WorkbenchPart/Materials/label_rx_elrs_2_4_GHz/Color.outputs:rgb>
                token outputs:surface
            }
            def Shader "UV"
            {
                uniform token info:id = "UsdPrimvarReader_float2"
                string inputs:varname = "st"
                float2 outputs:result
            }
            def Shader "Color"
            {
                uniform token info:id = "UsdUVTexture"
                asset inputs:file = @textures/rx_elrs_2_4_GHz.png@
                token inputs:sourceColorSpace = "sRGB"
                token inputs:wrapS = "repeat"
                token inputs:wrapT = "repeat"
                float2 inputs:st.connect = </WorkbenchPart/Materials/label_rx_elrs_2_4_GHz/UV.outputs:result>
                float3 outputs:rgb
                float outputs:r
            }
        }
        def Material "led"
        {
            token outputs:surface.connect = </WorkbenchPart/Materials/led/Surface.outputs:surface>
            def Shader "Surface"
            {
                uniform token info:id = "UsdPreviewSurface"
                color3f inputs:diffuseColor = (0.2269659, 0.5906188, 0.4452012)
                float inputs:roughness = 0.26
                float inputs:metallic = 0
                float inputs:ior = 1.46
                token outputs:surface
            }
        }
        def Material "pcb_rx_elrs"
        {
            token outputs:surface.connect = </WorkbenchPart/Materials/pcb_rx_elrs/Surface.outputs:surface>
            def Shader "Surface"
            {
                uniform token info:id = "UsdPreviewSurface"
                color3f inputs:diffuseColor = (0.1946178, 0.07818742, 0.4507858)
                float inputs:roughness = 0.62
                float inputs:metallic = 0.05
                float inputs:ior = 1.46
                color3f inputs:diffuseColor.connect = </WorkbenchPart/Materials/pcb_rx_elrs/Color.outputs:rgb>
                normal3f inputs:normal.connect = </WorkbenchPart/Materials/pcb_rx_elrs/Normal.outputs:rgb>
                float inputs:roughness.connect = </WorkbenchPart/Materials/pcb_rx_elrs/Rough.outputs:r>
                token outputs:surface
            }
            def Shader "UV"
            {
                uniform token info:id = "UsdPrimvarReader_float2"
                string inputs:varname = "st"
                float2 outputs:result
            }
            def Shader "Color"
            {
                uniform token info:id = "UsdUVTexture"
                asset inputs:file = @textures/surface-8da406ea76b23b-color.png@
                token inputs:sourceColorSpace = "sRGB"
                token inputs:wrapS = "repeat"
                token inputs:wrapT = "repeat"
                float2 inputs:st.connect = </WorkbenchPart/Materials/pcb_rx_elrs/UV.outputs:result>
                float3 outputs:rgb
                float outputs:r
            }
            def Shader "Normal"
            {
                uniform token info:id = "UsdUVTexture"
                asset inputs:file = @textures/paint-normal.png@
                token inputs:sourceColorSpace = "raw"
                token inputs:wrapS = "repeat"
                token inputs:wrapT = "repeat"
                float2 inputs:st.connect = </WorkbenchPart/Materials/pcb_rx_elrs/UV.outputs:result>
                float4 inputs:scale = (2, 2, 2, 1)
                float4 inputs:bias = (-1, -1, -1, 0)
                float3 outputs:rgb
                float outputs:r
            }
            def Shader "Rough"
            {
                uniform token info:id = "UsdUVTexture"
                asset inputs:file = @textures/surface-8da406ea76b23b-rough.png@
                token inputs:sourceColorSpace = "raw"
                token inputs:wrapS = "repeat"
                token inputs:wrapT = "repeat"
                float2 inputs:st.connect = </WorkbenchPart/Materials/pcb_rx_elrs/UV.outputs:result>
                float3 outputs:rgb
                float outputs:r
            }
        }
        def Material "silicon"
        {
            token outputs:surface.connect = </WorkbenchPart/Materials/silicon/Surface.outputs:surface>
            def Shader "Surface"
            {
                uniform token info:id = "UsdPreviewSurface"
                color3f inputs:diffuseColor = (0.01096009, 0.01764195, 0.02518686)
                float inputs:roughness = 0.51
                float inputs:metallic = 0.05
                float inputs:ior = 1.46
                token outputs:surface
            }
        }
        def Material "solder"
        {
            token outputs:surface.connect = </WorkbenchPart/Materials/solder/Surface.outputs:surface>
            def Shader "Surface"
            {
                uniform token info:id = "UsdPreviewSurface"
                color3f inputs:diffuseColor = (0.4019778, 0.4793202, 0.5209956)
                float inputs:roughness = 0.28
                float inputs:metallic = 0.82
                float inputs:ior = 1.46
                token outputs:surface
            }
        }
    }
    def Xform "ReceiverModule"
    {
        def Mesh "ReceiverPCB_01" (prepend apiSchemas = ["MaterialBindingAPI"])
        {
            uniform token subdivisionScheme = "none"
            uniform token orientation = "rightHanded"
            bool doubleSided = false
            point3f[] points = [(-0.007374473, -0.000864473, -0.009874473), (-0.007401, -0.000891, -0.009802), (-0.007413011, -0.0009030107, -0.009703), (-0.007413011, -0.0009030107, 0.009703), (-0.007401, -0.000891, 0.009802), (-0.007374473, -0.000864473, 0.009874473), (-0.007401, -0.000792, -0.009901), (-0.007445499, -0.0008142497, -0.00982425), (-0.007468645, -0.0008258224, -0.009703), (-0.007468645, -0.0008258224, 0.009703), (-0.007445499, -0.0008142497, 0.00982425), (-0.007401, -0.000792, 0.009901), (-0.007413011, -0.000693, -0.009913011), (-0.007468645, -0.000693, -0.009835822), (-0.0075, -0.000693, -0.009703), (-0.0075, -0.000693, 0.009703), (-0.007468645, -0.000693, 0.009835822), (-0.007413011, -0.000693, 0.009913011), (-0.007413011, -0.000627, -0.009913011), (-0.007468645, -0.000627, -0.009835822), (-0.0075, -0.000627, -0.009703), (-0.0075, -0.000627, 0.009703), (-0.007468645, -0.000627, 0.009835822), (-0.007413011, -0.000627, 0.009913011), (-0.007401, -0.000528, -0.009901), (-0.007445499, -0.0005057503, -0.00982425), (-0.007468645, -0.0004941776, -0.009703), (-0.007468645, -0.0004941776, 0.009703), (-0.007445499, -0.0005057503, 0.00982425), (-0.007401, -0.000528, 0.009901), (-0.007374473, -0.000455527, -0.009874473), (-0.007401, -0.000429, -0.009802), (-0.007413011, -0.0004169893, -0.009703), (-0.007413011, -0.0004169893, 0.009703), (-0.007401, -0.000429, 0.009802), (-0.007374473, -0.000455527, 0.009874473), (0.007374473, -0.000864473, -0.009874473), (0.007401, -0.000891, -0.009802), (0.007413011, -0.0009030107, -0.009703), (0.007413011, -0.0009030107, 0.009703), (0.007401, -0.000891, 0.009802), (0.007374473, -0.000864473, 0.009874473), (0.007401, -0.000792, -0.009901), (0.007445499, -0.0008142497, -0.00982425), (0.007468645, -0.0008258224, -0.009703), (0.007468645, -0.0008258224, 0.009703), (0.007445499, -0.0008142497, 0.00982425), (0.007401, -0.000792, 0.009901), (0.007413011, -0.000693, -0.009913011), (0.007468645, -0.000693, -0.009835822), (0.0075, -0.000693, -0.009703), (0.0075, -0.000693, 0.009703), (0.007468645, -0.000693, 0.009835822), (0.007413011, -0.000693, 0.009913011), (0.007413011, -0.000627, -0.009913011), (0.007468645, -0.000627, -0.009835822), (0.0075, -0.000627, -0.009703), (0.0075, -0.000627, 0.009703), (0.007468645, -0.000627, 0.009835822), (0.007413011, -0.000627, 0.009913011), (0.007401, -0.000528, -0.009901), (0.007445499, -0.0005057503, -0.00982425), (0.007468645, -0.0004941776, -0.009703), (0.007468645, -0.0004941776, 0.009703), (0.007445499, -0.0005057503, 0.00982425), (0.007401, -0.000528, 0.009901), (0.007374473, -0.000455527, -0.009874473), (0.007401, -0.000429, -0.009802), (0.007413011, -0.0004169893, -0.009703), (0.007413011, -0.0004169893, 0.009703), (0.007401, -0.000429, 0.009802), (0.007374473, -0.000455527, 0.009874473), (-0.007374473, -0.000864473, -0.009874473), (-0.007302, -0.000891, -0.009901), (-0.007203, -0.0009030107, -0.009913011), (0.007203, -0.0009030107, -0.009913011), (0.007302, -0.000891, -0.009901), (0.007374473, -0.000864473, -0.009874473), (-0.007401, -0.000891, -0.009802), (-0.00732425, -0.0009354995, -0.00982425), (-0.007203, -0.0009586449, -0.009835822), (0.007203, -0.0009586449, -0.009835822), (0.00732425, -0.0009354995, -0.00982425), (0.007401, -0.000891, -0.009802), (-0.007413011, -0.0009030107, -0.009703), (-0.007335822, -0.0009586449, -0.009703), (-0.007203, -0.00099, -0.009703), (0.007203, -0.00099, -0.009703), (0.007335822, -0.0009586449, -0.009703), (0.007413011, -0.0009030107, -0.009703), (-0.007413011, -0.0009030107, 0.009703), (-0.007335822, -0.0009586449, 0.009703), (-0.007203, -0.00099, 0.009703), (0.007203, -0.00099, 0.009703), (0.007335822, -0.0009586449, 0.009703), (0.007413011, -0.0009030107, 0.009703), (-0.007401, -0.000891, 0.009802), (-0.00732425, -0.0009354995, 0.00982425), (-0.007203, -0.0009586449, 0.009835822), (0.007203, -0.0009586449, 0.009835822), (0.00732425, -0.0009354995, 0.00982425), (0.007401, -0.000891, 0.009802), (-0.007374473, -0.000864473, 0.009874473), (-0.007302, -0.000891, 0.009901), (-0.007203, -0.0009030107, 0.009913011), (0.007203, -0.0009030107, 0.009913011), (0.007302, -0.000891, 0.009901), (0.007374473, -0.000864473, 0.009874473), (-0.007374473, -0.000455527, -0.009874473), (-0.007302, -0.000429, -0.009901), (-0.007203, -0.0004169893, -0.009913011), (0.007203, -0.0004169893, -0.009913011), (0.007302, -0.000429, -0.009901), (0.007374473, -0.000455527, -0.009874473), (-0.007401, -0.000429, -0.009802), (-0.00732425, -0.0003845005, -0.00982425), (-0.007203, -0.0003613551, -0.009835822), (0.007203, -0.0003613551, -0.009835822), (0.00732425, -0.0003845005, -0.00982425), (0.007401, -0.000429, -0.009802), (-0.007413011, -0.0004169893, -0.009703), (-0.007335822, -0.0003613551, -0.009703), (-0.007203, -0.00033, -0.009703), (0.007203, -0.00033, -0.009703), (0.007335822, -0.0003613551, -0.009703), (0.007413011, -0.0004169893, -0.009703), (-0.007413011, -0.0004169893, 0.009703), (-0.007335822, -0.0003613551, 0.009703), (-0.007203, -0.00033, 0.009703), (0.007203, -0.00033, 0.009703), (0.007335822, -0.0003613551, 0.009703), (0.007413011, -0.0004169893, 0.009703), (-0.007401, -0.000429, 0.009802), (-0.00732425, -0.0003845005, 0.00982425), (-0.007203, -0.0003613551, 0.009835822), (0.007203, -0.0003613551, 0.009835822), (0.00732425, -0.0003845005, 0.00982425), (0.007401, -0.000429, 0.009802), (-0.007374473, -0.000455527, 0.009874473), (-0.007302, -0.000429, 0.009901), (-0.007203, -0.0004169893, 0.009913011), (0.007203, -0.0004169893, 0.009913011), (0.007302, -0.000429, 0.009901), (0.007374473, -0.000455527, 0.009874473), (-0.007374473, -0.000864473, -0.009874473), (-0.007401, -0.000792, -0.009901), (-0.007413011, -0.000693, -0.009913011), (-0.007413011, -0.000627, -0.009913011), (-0.007401, -0.000528, -0.009901), (-0.007374473, -0.000455527, -0.009874473), (-0.007302, -0.000891, -0.009901), (-0.00732425, -0.0008142497, -0.009945499), (-0.007335822, -0.000693, -0.009968645), (-0.007335822, -0.000627, -0.009968645), (-0.00732425, -0.0005057503, -0.009945499), (-0.007302, -0.000429, -0.009901), (-0.007203, -0.0009030107, -0.009913011), (-0.007203, -0.0008258224, -0.009968645), (-0.007203, -0.000693, -0.01), (-0.007203, -0.000627, -0.01), (-0.007203, -0.0004941776, -0.009968645), (-0.007203, -0.0004169893, -0.009913011), (0.007203, -0.0009030107, -0.009913011), (0.007203, -0.0008258224, -0.009968645), (0.007203, -0.000693, -0.01), (0.007203, -0.000627, -0.01), (0.007203, -0.0004941776, -0.009968645), (0.007203, -0.0004169893, -0.009913011), (0.007302, -0.000891, -0.009901), (0.00732425, -0.0008142497, -0.009945499), (0.007335822, -0.000693, -0.009968645), (0.007335822, -0.000627, -0.009968645), (0.00732425, -0.0005057503, -0.009945499), (0.007302, -0.000429, -0.009901), (0.007374473, -0.000864473, -0.009874473), (0.007401, -0.000792, -0.009901), (0.007413011, -0.000693, -0.009913011), (0.007413011, -0.000627, -0.009913011), (0.007401, -0.000528, -0.009901), (0.007374473, -0.000455527, -0.009874473), (-0.007374473, -0.000864473, 0.009874473), (-0.007401, -0.000792, 0.009901), (-0.007413011, -0.000693, 0.009913011), (-0.007413011, -0.000627, 0.009913011), (-0.007401, -0.000528, 0.009901), (-0.007374473, -0.000455527, 0.009874473), (-0.007302, -0.000891, 0.009901), (-0.00732425, -0.0008142497, 0.009945499), (-0.007335822, -0.000693, 0.009968645), (-0.007335822, -0.000627, 0.009968645), (-0.00732425, -0.0005057503, 0.009945499), (-0.007302, -0.000429, 0.009901), (-0.007203, -0.0009030107, 0.009913011), (-0.007203, -0.0008258224, 0.009968645), (-0.007203, -0.000693, 0.01), (-0.007203, -0.000627, 0.01), (-0.007203, -0.0004941776, 0.009968645), (-0.007203, -0.0004169893, 0.009913011), (0.007203, -0.0009030107, 0.009913011), (0.007203, -0.0008258224, 0.009968645), (0.007203, -0.000693, 0.01), (0.007203, -0.000627, 0.01), (0.007203, -0.0004941776, 0.009968645), (0.007203, -0.0004169893, 0.009913011), (0.007302, -0.000891, 0.009901), (0.00732425, -0.0008142497, 0.009945499), (0.007335822, -0.000693, 0.009968645), (0.007335822, -0.000627, 0.009968645), (0.00732425, -0.0005057503, 0.009945499), (0.007302, -0.000429, 0.009901), (0.007374473, -0.000864473, 0.009874473), (0.007401, -0.000792, 0.009901), (0.007413011, -0.000693, 0.009913011), (0.007413011, -0.000627, 0.009913011), (0.007401, -0.000528, 0.009901), (0.007374473, -0.000455527, 0.009874473)]
            int[] faceVertexCounts = [3, 3, 3, 3, 3, 3, 3, 3, 3, 3, 3, 3, 3, 3, 3, 3, 3, 3, 3, 3, 3, 3, 3, 3, 3, 3, 3, 3, 3, 3, 3, 3, 3, 3, 3, 3, 3, 3, 3, 3, 3, 3, 3, 3, 3, 3, 3, 3, 3, 3, 3, 3, 3, 3, 3, 3, 3, 3, 3, 3, 3, 3, 3, 3, 3, 3, 3, 3, 3, 3, 3, 3, 3, 3, 3, 3, 3, 3, 3, 3, 3, 3, 3, 3, 3, 3, 3, 3, 3, 3, 3, 3, 3, 3, 3, 3, 3, 3, 3, 3, 3, 3, 3, 3, 3, 3, 3, 3, 3, 3, 3, 3, 3, 3, 3, 3, 3, 3, 3, 3, 3, 3, 3, 3, 3, 3, 3, 3, 3, 3, 3, 3, 3, 3, 3, 3, 3, 3, 3, 3, 3, 3, 3, 3, 3, 3, 3, 3, 3, 3, 3, 3, 3, 3, 3, 3, 3, 3, 3, 3, 3, 3, 3, 3, 3, 3, 3, 3, 3, 3, 3, 3, 3, 3, 3, 3, 3, 3, 3, 3, 3, 3, 3, 3, 3, 3, 3, 3, 3, 3, 3, 3, 3, 3, 3, 3, 3, 3, 3, 3, 3, 3, 3, 3, 3, 3, 3, 3, 3, 3, 3, 3, 3, 3, 3, 3, 3, 3, 3, 3, 3, 3, 3, 3, 3, 3, 3, 3, 3, 3, 3, 3, 3, 3, 3, 3, 3, 3, 3, 3, 3, 3, 3, 3, 3, 3, 3, 3, 3, 3, 3, 3, 3, 3, 3, 3, 3, 3, 3, 3, 3, 3, 3, 3, 3, 3, 3, 3, 3, 3, 3, 3, 3, 3, 3, 3, 3, 3, 3, 3, 3, 3, 3, 3, 3, 3, 3, 3, 3, 3, 3, 3, 3, 3, 3, 3, 3, 3, 3, 3]
            int[] faceVertexIndices = [1, 7, 6, 1, 6, 0, 2, 8, 7, 2, 7, 1, 3, 9, 8, 3, 8, 2, 4, 10, 9, 4, 9, 3, 5, 11, 10, 5, 10, 4, 7, 13, 12, 7, 12, 6, 8, 14, 13, 8, 13, 7, 9, 15, 14, 9, 14, 8, 10, 16, 15, 10, 15, 9, 11, 17, 16, 11, 16, 10, 13, 19, 18, 13, 18, 12, 14, 20, 19, 14, 19, 13, 15, 21, 20, 15, 20, 14, 16, 22, 21, 16, 21, 15, 17, 23, 22, 17, 22, 16, 19, 25, 24, 19, 24, 18, 20, 26, 25, 20, 25, 19, 21, 27, 26, 21, 26, 20, 22, 28, 27, 22, 27, 21, 23, 29, 28, 23, 28, 22, 25, 31, 30, 25, 30, 24, 26, 32, 31, 26, 31, 25, 27, 33, 32, 27, 32, 26, 28, 34, 33, 28, 33, 27, 29, 35, 34, 29, 34, 28, 36, 42, 43, 36, 43, 37, 37, 43, 44, 37, 44, 38, 38, 44, 45, 38, 45, 39, 39, 45, 46, 39, 46, 40, 40, 46, 47, 40, 47, 41, 42, 48, 49, 42, 49, 43, 43, 49, 50, 43, 50, 44, 44, 50, 51, 44, 51, 45, 45, 51, 52, 45, 52, 46, 46, 52, 53, 46, 53, 47, 48, 54, 55, 48, 55, 49, 49, 55, 56, 49, 56, 50, 50, 56, 57, 50, 57, 51, 51, 57, 58, 51, 58, 52, 52, 58, 59, 52, 59, 53, 54, 60, 61, 54, 61, 55, 55, 61, 62, 55, 62, 56, 56, 62, 63, 56, 63, 57, 57, 63, 64, 57, 64, 58, 58, 64, 65, 58, 65, 59, 60, 66, 67, 60, 67, 61, 61, 67, 68, 61, 68, 62, 62, 68, 69, 62, 69, 63, 63, 69, 70, 63, 70, 64, 64, 70, 71, 64, 71, 65, 73, 79, 78, 73, 78, 72, 74, 80, 79, 74, 79, 73, 75, 81, 80, 75, 80, 74, 76, 82, 81, 76, 81, 75, 77, 83, 82, 77, 82, 76, 79, 85, 84, 79, 84, 78, 80, 86, 85, 80, 85, 79, 81, 87, 86, 81, 86, 80, 82, 88, 87, 82, 87, 81, 83, 89, 88, 83, 88, 82, 85, 91, 90, 85, 90, 84, 86, 92, 91, 86, 91, 85, 87, 93, 92, 87, 92, 86, 88, 94, 93, 88, 93, 87, 89, 95, 94, 89, 94, 88, 91, 97, 96, 91, 96, 90, 92, 98, 97, 92, 97, 91, 93, 99, 98, 93, 98, 92, 94, 100, 99, 94, 99, 93, 95, 101, 100, 95, 100, 94, 97, 103, 102, 97, 102, 96, 98, 104, 103, 98, 103, 97, 99, 105, 104, 99, 104, 98, 100, 106, 105, 100, 105, 99, 101, 107, 106, 101, 106, 100, 108, 114, 115, 108, 115, 109, 109, 115, 116, 109, 116, 110, 110, 116, 117, 110, 117, 111, 111, 117, 118, 111, 118, 112, 112, 118, 119, 112, 119, 113, 114, 120, 121, 114, 121, 115, 115, 121, 122, 115, 122, 116, 116, 122, 123, 116, 123, 117, 117, 123, 124, 117, 124, 118, 118, 124, 125, 118, 125, 119, 120, 126, 127, 120, 127, 121, 121, 127, 128, 121, 128, 122, 122, 128, 129, 122, 129, 123, 123, 129, 130, 123, 130, 124, 124, 130, 131, 124, 131, 125, 126, 132, 133, 126, 133, 127, 127, 133, 134, 127, 134, 128, 128, 134, 135, 128, 135, 129, 129, 135, 136, 129, 136, 130, 130, 136, 137, 130, 137, 131, 132, 138, 139, 132, 139, 133, 133, 139, 140, 133, 140, 134, 134, 140, 141, 134, 141, 135, 135, 141, 142, 135, 142, 136, 136, 142, 143, 136, 143, 137, 145, 151, 150, 145, 150, 144, 146, 152, 151, 146, 151, 145, 147, 153, 152, 147, 152, 146, 148, 154, 153, 148, 153, 147, 149, 155, 154, 149, 154, 148, 151, 157, 156, 151, 156, 150, 152, 158, 157, 152, 157, 151, 153, 159, 158, 153, 158, 152, 154, 160, 159, 154, 159, 153, 155, 161, 160, 155, 160, 154, 157, 163, 162, 157, 162, 156, 158, 164, 163, 158, 163, 157, 159, 165, 164, 159, 164, 158, 160, 166, 165, 160, 165, 159, 161, 167, 166, 161, 166, 160, 163, 169, 168, 163, 168, 162, 164, 170, 169, 164, 169, 163, 165, 171, 170, 165, 170, 164, 166, 172, 171, 166, 171, 165, 167, 173, 172, 167, 172, 166, 169, 175, 174, 169, 174, 168, 170, 176, 175, 170, 175, 169, 171, 177, 176, 171, 176, 170, 172, 178, 177, 172, 177, 171, 173, 179, 178, 173, 178, 172, 180, 186, 187, 180, 187, 181, 181, 187, 188, 181, 188, 182, 182, 188, 189, 182, 189, 183, 183, 189, 190, 183, 190, 184, 184, 190, 191, 184, 191, 185, 186, 192, 193, 186, 193, 187, 187, 193, 194, 187, 194, 188, 188, 194, 195, 188, 195, 189, 189, 195, 196, 189, 196, 190, 190, 196, 197, 190, 197, 191, 192, 198, 199, 192, 199, 193, 193, 199, 200, 193, 200, 194, 194, 200, 201, 194, 201, 195, 195, 201, 202, 195, 202, 196, 196, 202, 203, 196, 203, 197, 198, 204, 205, 198, 205, 199, 199, 205, 206, 199, 206, 200, 200, 206, 207, 200, 207, 201, 201, 207, 208, 201, 208, 202, 202, 208, 209, 202, 209, 203, 204, 210, 211, 204, 211, 205, 205, 211, 212, 205, 212, 206, 206, 212, 213, 206, 213, 207, 207, 213, 214, 207, 214, 208, 208, 214, 215, 208, 215, 209]
            normal3f[] normals = [(-0.7745967, -0.4472136, -0.4472136), (-0.7668657, -0.5195657, -0.376787), (-0.8113957, -0.5844935, -0.002082153), (-0.8112421, -0.5847102, 0.0004308906), (-0.7900625, -0.5555967, 0.2590629), (-0.7071068, -0.5, 0.5), (-0.7668657, -0.376787, -0.5195657), (-0.8559572, -0.3656073, -0.3656073), (-0.8960632, -0.4439238, -0.001543074), (-0.9450951, -0.3267937, 0.001035276), (-0.8844941, -0.3299016, 0.3299016), (-0.7900625, -0.2590629, 0.5555967), (-0.8133397, -0.145112, -0.5634014), (-0.9225416, -0.1473858, -0.3566433), (-0.9826564, -0.1854315, -0.001260923), (-0.9930084, -0.1180304, 0.00178437), (-0.916641, -0.1211306, 0.3809156), (-0.8091137, -0.07239132, 0.5831762), (-0.8091137, 0.07239132, -0.5831762), (-0.916641, 0.1211306, -0.3809156), (-0.9930084, 0.1180304, -0.00178437), (-0.9826564, 0.1854315, 0.001260923), (-0.9225416, 0.1473858, 0.3566433), (-0.8133397, 0.145112, 0.5634014), (-0.7900625, 0.2590629, -0.5555967), (-0.8844941, 0.3299016, -0.3299016), (-0.9450951, 0.3267937, -0.001035276), (-0.8960632, 0.4439238, 0.001543074), (-0.8559572, 0.3656073, 0.3656073), (-0.7668657, 0.376787, 0.5195657), (-0.7071068, 0.5, -0.5), (-0.7900625, 0.5555967, -0.2590629), (-0.8112421, 0.5847102, -0.0004308906), (-0.8113957, 0.5844935, 0.002082153), (-0.7668657, 0.5195657, 0.376787), (-0.7745967, 0.4472136, 0.4472136), (0.7071068, -0.5, -0.5), (0.7900625, -0.5555967, -0.2590629), (0.8112421, -0.5847102, -0.0004308906), (0.8113957, -0.5844935, 0.002082153), (0.7668657, -0.5195657, 0.376787), (0.7745967, -0.4472136, 0.4472136), (0.7900625, -0.2590629, -0.5555967), (0.8844941, -0.3299016, -0.3299016), (0.9450951, -0.3267937, -0.001035276), (0.8960632, -0.4439238, 0.001543074), (0.8559572, -0.3656073, 0.3656073), (0.7668657, -0.376787, 0.5195657), (0.8091137, -0.07239132, -0.5831762), (0.916641, -0.1211306, -0.3809156), (0.9930084, -0.1180304, -0.00178437), (0.9826564, -0.1854315, 0.001260923), (0.9225416, -0.1473858, 0.3566433), (0.8133397, -0.145112, 0.5634014), (0.8133397, 0.145112, -0.5634014), (0.9225416, 0.1473858, -0.3566433), (0.9826564, 0.1854315, -0.001260923), (0.9930084, 0.1180304, 0.00178437), (0.916641, 0.1211306, 0.3809156), (0.8091137, 0.07239132, 0.5831762), (0.7668657, 0.376787, -0.5195657), (0.8559572, 0.3656073, -0.3656073), (0.8960632, 0.4439238, -0.001543074), (0.9450951, 0.3267937, 0.001035276), (0.8844941, 0.3299016, 0.3299016), (0.7900625, 0.2590629, 0.5555967), (0.7745967, 0.4472136, -0.4472136), (0.7668657, 0.5195657, -0.376787), (0.8113957, 0.5844935, -0.002082153), (0.8112421, 0.5847102, 0.0004308906), (0.7900625, 0.5555967, 0.2590629), (0.7071068, 0.5, 0.5), (-0.4472136, -0.7745967, -0.4472136), (-0.376787, -0.7668657, -0.5195657), (-0.002794313, -0.8114474, -0.5844188), (0.0005799309, -0.811242, -0.5847102), (0.2590629, -0.7900625, -0.5555967), (0.5, -0.7071068, -0.5), (-0.5195657, -0.7668657, -0.376787), (-0.3656073, -0.8559572, -0.3656073), (-0.002073647, -0.8962076, -0.4436301), (0.00139214, -0.945036, -0.3269633), (0.3299016, -0.8844941, -0.3299016), (0.5555967, -0.7900625, -0.2590629), (-0.5844935, -0.8113957, -0.002082153), (-0.4439238, -0.8960632, -0.001543074), (-0.004231676, -0.9999861, -0.003145093), (0.001092375, -0.9999991, -0.000814231), (0.3267937, -0.9450951, -0.001035276), (0.5847102, -0.8112421, -0.0004308906), (-0.5847102, -0.8112421, 0.0004308906), (-0.3267937, -0.9450951, 0.001035276), (-0.001092375, -0.9999991, 0.000814231), (0.004231676, -0.9999861, 0.003145093), (0.4439238, -0.8960632, 0.001543074), (0.5844935, -0.8113957, 0.002082153), (-0.5555967, -0.7900625, 0.2590629), (-0.3299016, -0.8844941, 0.3299016), (-0.00139214, -0.945036, 0.3269633), (0.002073647, -0.8962076, 0.4436301), (0.3656073, -0.8559572, 0.3656073), (0.5195657, -0.7668657, 0.376787), (-0.5, -0.7071068, 0.5), (-0.2590629, -0.7900625, 0.5555967), (-0.0005799309, -0.811242, 0.5847102), (0.002794313, -0.8114474, 0.5844188), (0.376787, -0.7668657, 0.5195657), (0.4472136, -0.7745967, 0.4472136), (-0.5, 0.7071068, -0.5), (-0.2590629, 0.7900625, -0.5555967), (-0.0005799309, 0.811242, -0.5847102), (0.002794313, 0.8114474, -0.5844188), (0.376787, 0.7668657, -0.5195657), (0.4472136, 0.7745967, -0.4472136), (-0.5555967, 0.7900625, -0.2590629), (-0.3299016, 0.8844941, -0.3299016), (-0.00139214, 0.945036, -0.3269633), (0.002073647, 0.8962076, -0.4436301), (0.3656073, 0.8559572, -0.3656073), (0.5195657, 0.7668657, -0.376787), (-0.5847102, 0.8112421, -0.0004308906), (-0.3267937, 0.9450951, -0.001035276), (-0.001092375, 0.9999991, -0.000814231), (0.004231676, 0.9999861, -0.003145093), (0.4439238, 0.8960632, -0.001543074), (0.5844935, 0.8113957, -0.002082153), (-0.5844935, 0.8113957, 0.002082153), (-0.4439238, 0.8960632, 0.001543074), (-0.004231676, 0.9999861, 0.003145093), (0.001092375, 0.9999991, 0.000814231), (0.3267937, 0.9450951, 0.001035276), (0.5847102, 0.8112421, 0.0004308906), (-0.5195657, 0.7668657, 0.376787), (-0.3656073, 0.8559572, 0.3656073), (-0.002073647, 0.8962076, 0.4436301), (0.00139214, 0.945036, 0.3269633), (0.3299016, 0.8844941, 0.3299016), (0.5555967, 0.7900625, 0.2590629), (-0.4472136, 0.7745967, 0.4472136), (-0.376787, 0.7668657, 0.5195657), (-0.002794313, 0.8114474, 0.5844188), (0.0005799309, 0.811242, 0.5847102), (0.2590629, 0.7900625, 0.5555967), (0.5, 0.7071068, 0.5), (-0.4472136, -0.4472136, -0.7745967), (-0.5195657, -0.376787, -0.7668657), (-0.5634014, -0.145112, -0.8133397), (-0.5831762, 0.07239132, -0.8091137), (-0.5555967, 0.2590629, -0.7900625), (-0.5, 0.5, -0.7071068), (-0.376787, -0.5195657, -0.7668657), (-0.3656073, -0.3656073, -0.8559572), (-0.3566433, -0.1473858, -0.9225416), (-0.3809156, 0.1211306, -0.916641), (-0.3299016, 0.3299016, -0.8844941), (-0.2590629, 0.5555967, -0.7900625), (-0.002794313, -0.5844188, -0.8114474), (-0.002073647, -0.4436301, -0.8962076), (-0.001695402, -0.1853058, -0.9826794), (-0.002397056, 0.1181852, -0.9929887), (-0.00139214, 0.3269633, -0.945036), (-0.0005799309, 0.5847102, -0.811242), (0.0005799309, -0.5847102, -0.811242), (0.00139214, -0.3269633, -0.945036), (0.002397056, -0.1181852, -0.9929887), (0.001695402, 0.1853058, -0.9826794), (0.002073647, 0.4436301, -0.8962076), (0.002794313, 0.5844188, -0.8114474), (0.2590629, -0.5555967, -0.7900625), (0.3299016, -0.3299016, -0.8844941), (0.3809156, -0.1211306, -0.916641), (0.3566433, 0.1473858, -0.9225416), (0.3656073, 0.3656073, -0.8559572), (0.376787, 0.5195657, -0.7668657), (0.5, -0.5, -0.7071068), (0.5555967, -0.2590629, -0.7900625), (0.5831762, -0.07239132, -0.8091137), (0.5634014, 0.145112, -0.8133397), (0.5195657, 0.376787, -0.7668657), (0.4472136, 0.4472136, -0.7745967), (-0.5, -0.5, 0.7071068), (-0.5555967, -0.2590629, 0.7900625), (-0.5831762, -0.07239132, 0.8091137), (-0.5634014, 0.145112, 0.8133397), (-0.5195657, 0.376787, 0.7668657), (-0.4472136, 0.4472136, 0.7745967), (-0.2590629, -0.5555967, 0.7900625), (-0.3299016, -0.3299016, 0.8844941), (-0.3809156, -0.1211306, 0.916641), (-0.3566433, 0.1473858, 0.9225416), (-0.3656073, 0.3656073, 0.8559572), (-0.376787, 0.5195657, 0.7668657), (-0.0005799309, -0.5847102, 0.811242), (-0.00139214, -0.3269633, 0.945036), (-0.002397056, -0.1181852, 0.9929887), (-0.001695402, 0.1853058, 0.9826794), (-0.002073647, 0.4436301, 0.8962076), (-0.002794313, 0.5844188, 0.8114474), (0.002794313, -0.5844188, 0.8114474), (0.002073647, -0.4436301, 0.8962076), (0.001695402, -0.1853058, 0.9826794), (0.002397056, 0.1181852, 0.9929887), (0.00139214, 0.3269633, 0.945036), (0.0005799309, 0.5847102, 0.811242), (0.376787, -0.5195657, 0.7668657), (0.3656073, -0.3656073, 0.8559572), (0.3566433, -0.1473858, 0.9225416), (0.3809156, 0.1211306, 0.916641), (0.3299016, 0.3299016, 0.8844941), (0.2590629, 0.5555967, 0.7900625), (0.4472136, -0.4472136, 0.7745967), (0.5195657, -0.376787, 0.7668657), (0.5634014, -0.145112, 0.8133397), (0.5831762, 0.07239132, 0.8091137), (0.5555967, 0.2590629, 0.7900625), (0.5, 0.5, 0.7071068)] (interpolation = "vertex")
            float3[] extent = [(-0.0075, -0.00099, -0.01), (0.0075, -0.00033, 0.01)]
            rel material:binding = </WorkbenchPart/Materials/pcb_rx_elrs>
            texCoord2f[] primvars:st = [(-0.099, -1.089111), (-0.09047219, -1.091583), (-0.088, -1.100111), (-0.099, -1.089111), (-0.088, -1.100111), (-0.09605256, -1.097164), (-0.1003345, -1.078111), (-0.09175805, -1.078111), (-0.09047219, -1.091583), (-0.1003345, -1.078111), (-0.09047219, -1.091583), (-0.099, -1.089111), (-0.1003345, 1.078111), (-0.09175805, 1.078111), (-0.09175805, -1.078111), (-0.1003345, 1.078111), (-0.09175805, -1.078111), (-0.1003345, -1.078111), (-0.099, 1.089111), (-0.09047219, 1.091583), (-0.09175805, 1.078111), (-0.099, 1.089111), (-0.09175805, 1.078111), (-0.1003345, 1.078111), (-0.09605256, 1.097164), (-0.088, 1.100111), (-0.09047219, 1.091583), (-0.09605256, 1.097164), (-0.09047219, 1.091583), (-0.099, 1.089111), (-0.09047219, -1.091583), (-0.077, -1.092869), (-0.077, -1.101446), (-0.09047219, -1.091583), (-0.077, -1.101446), (-0.088, -1.100111), (-0.09175805, -1.078111), (-0.077, -1.078111), (-0.077, -1.092869), (-0.09175805, -1.078111), (-0.077, -1.092869), (-0.09047219, -1.091583), (-0.09175805, 1.078111), (-0.077, 1.078111), (-0.077, -1.078111), (-0.09175805, 1.078111), (-0.077, -1.078111), (-0.09175805, -1.078111), (-0.09047219, 1.091583), (-0.077, 1.092869), (-0.077, 1.078111), (-0.09047219, 1.091583), (-0.077, 1.078111), (-0.09175805, 1.078111), (-0.088, 1.100111), (-0.077, 1.101446), (-0.077, 1.092869), (-0.088, 1.100111), (-0.077, 1.092869), (-0.09047219, 1.091583), (-0.077, -1.092869), (-0.06966667, -1.092869), (-0.06966667, -1.101446), (-0.077, -1.092869), (-0.06966667, -1.101446), (-0.077, -1.101446), (-0.077, -1.078111), (-0.06966667, -1.078111), (-0.06966667, -1.092869), (-0.077, -1.078111), (-0.06966667, -1.092869), (-0.077, -1.092869), (-0.077, 1.078111), (-0.06966667, 1.078111), (-0.06966667, -1.078111), (-0.077, 1.078111), (-0.06966667, -1.078111), (-0.077, -1.078111), (-0.077, 1.092869), (-0.06966667, 1.092869), (-0.06966667, 1.078111), (-0.077, 1.092869), (-0.06966667, 1.078111), (-0.077, 1.078111), (-0.077, 1.101446), (-0.06966667, 1.101446), (-0.06966667, 1.092869), (-0.077, 1.101446), (-0.06966667, 1.092869), (-0.077, 1.092869), (-0.06966667, -1.092869), (-0.05619447, -1.091583), (-0.05866667, -1.100111), (-0.06966667, -1.092869), (-0.05866667, -1.100111), (-0.06966667, -1.101446), (-0.06966667, -1.078111), (-0.05490862, -1.078111), (-0.05619447, -1.091583), (-0.06966667, -1.078111), (-0.05619447, -1.091583), (-0.06966667, -1.092869), (-0.06966667, 1.078111), (-0.05490862, 1.078111), (-0.05490862, -1.078111), (-0.06966667, 1.078111), (-0.05490862, -1.078111), (-0.06966667, -1.078111), (-0.06966667, 1.092869), (-0.05619447, 1.091583), (-0.05490862, 1.078111), (-0.06966667, 1.092869), (-0.05490862, 1.078111), (-0.06966667, 1.078111), (-0.06966667, 1.101446), (-0.05866667, 1.100111), (-0.05619447, 1.091583), (-0.06966667, 1.101446), (-0.05619447, 1.091583), (-0.06966667, 1.092869), (-0.05619447, -1.091583), (-0.04766667, -1.089111), (-0.05061411, -1.097164), (-0.05619447, -1.091583), (-0.05061411, -1.097164), (-0.05866667, -1.100111), (-0.05490862, -1.078111), (-0.04633214, -1.078111), (-0.04766667, -1.089111), (-0.05490862, -1.078111), (-0.04766667, -1.089111), (-0.05619447, -1.091583), (-0.05490862, 1.078111), (-0.04633214, 1.078111), (-0.04633214, -1.078111), (-0.05490862, 1.078111), (-0.04633214, -1.078111), (-0.05490862, -1.078111), (-0.05619447, 1.091583), (-0.04766667, 1.089111), (-0.04633214, 1.078111), (-0.05619447, 1.091583), (-0.04633214, 1.078111), (-0.05490862, 1.078111), (-0.05866667, 1.100111), (-0.05061411, 1.097164), (-0.04766667, 1.089111), (-0.05866667, 1.100111), (-0.04766667, 1.089111), (-0.05619447, 1.091583), (-0.09605256, -1.097164), (-0.088, -1.100111), (-0.09047219, -1.091583), (-0.09605256, -1.097164), (-0.09047219, -1.091583), (-0.099, -1.089111), (-0.099, -1.089111), (-0.09047219, -1.091583), (-0.09175805, -1.078111), (-0.099, -1.089111), (-0.09175805, -1.078111), (-0.1003345, -1.078111), (-0.1003345, -1.078111), (-0.09175805, -1.078111), (-0.09175805, 1.078111), (-0.1003345, -1.078111), (-0.09175805, 1.078111), (-0.1003345, 1.078111), (-0.1003345, 1.078111), (-0.09175805, 1.078111), (-0.09047219, 1.091583), (-0.1003345, 1.078111), (-0.09047219, 1.091583), (-0.099, 1.089111), (-0.099, 1.089111), (-0.09047219, 1.091583), (-0.088, 1.100111), (-0.099, 1.089111), (-0.088, 1.100111), (-0.09605256, 1.097164), (-0.088, -1.100111), (-0.077, -1.101446), (-0.077, -1.092869), (-0.088, -1.100111), (-0.077, -1.092869), (-0.09047219, -1.091583), (-0.09047219, -1.091583), (-0.077, -1.092869), (-0.077, -1.078111), (-0.09047219, -1.091583), (-0.077, -1.078111), (-0.09175805, -1.078111), (-0.09175805, -1.078111), (-0.077, -1.078111), (-0.077, 1.078111), (-0.09175805, -1.078111), (-0.077, 1.078111), (-0.09175805, 1.078111), (-0.09175805, 1.078111), (-0.077, 1.078111), (-0.077, 1.092869), (-0.09175805, 1.078111), (-0.077, 1.092869), (-0.09047219, 1.091583), (-0.09047219, 1.091583), (-0.077, 1.092869), (-0.077, 1.101446), (-0.09047219, 1.091583), (-0.077, 1.101446), (-0.088, 1.100111), (-0.077, -1.101446), (-0.06966667, -1.101446), (-0.06966667, -1.092869), (-0.077, -1.101446), (-0.06966667, -1.092869), (-0.077, -1.092869), (-0.077, -1.092869), (-0.06966667, -1.092869), (-0.06966667, -1.078111), (-0.077, -1.092869), (-0.06966667, -1.078111), (-0.077, -1.078111), (-0.077, -1.078111), (-0.06966667, -1.078111), (-0.06966667, 1.078111), (-0.077, -1.078111), (-0.06966667, 1.078111), (-0.077, 1.078111), (-0.077, 1.078111), (-0.06966667, 1.078111), (-0.06966667, 1.092869), (-0.077, 1.078111), (-0.06966667, 1.092869), (-0.077, 1.092869), (-0.077, 1.092869), (-0.06966667, 1.092869), (-0.06966667, 1.101446), (-0.077, 1.092869), (-0.06966667, 1.101446), (-0.077, 1.101446), (-0.06966667, -1.101446), (-0.05866667, -1.100111), (-0.05619447, -1.091583), (-0.06966667, -1.101446), (-0.05619447, -1.091583), (-0.06966667, -1.092869), (-0.06966667, -1.092869), (-0.05619447, -1.091583), (-0.05490862, -1.078111), (-0.06966667, -1.092869), (-0.05490862, -1.078111), (-0.06966667, -1.078111), (-0.06966667, -1.078111), (-0.05490862, -1.078111), (-0.05490862, 1.078111), (-0.06966667, -1.078111), (-0.05490862, 1.078111), (-0.06966667, 1.078111), (-0.06966667, 1.078111), (-0.05490862, 1.078111), (-0.05619447, 1.091583), (-0.06966667, 1.078111), (-0.05619447, 1.091583), (-0.06966667, 1.092869), (-0.06966667, 1.092869), (-0.05619447, 1.091583), (-0.05866667, 1.100111), (-0.06966667, 1.092869), (-0.05866667, 1.100111), (-0.06966667, 1.101446), (-0.05866667, -1.100111), (-0.05061411, -1.097164), (-0.04766667, -1.089111), (-0.05866667, -1.100111), (-0.04766667, -1.089111), (-0.05619447, -1.091583), (-0.05619447, -1.091583), (-0.04766667, -1.089111), (-0.04633214, -1.078111), (-0.05619447, -1.091583), (-0.04633214, -1.078111), (-0.05490862, -1.078111), (-0.05490862, -1.078111), (-0.04633214, -1.078111), (-0.04633214, 1.078111), (-0.05490862, -1.078111), (-0.04633214, 1.078111), (-0.05490862, 1.078111), (-0.05490862, 1.078111), (-0.04633214, 1.078111), (-0.04766667, 1.089111), (-0.05490862, 1.078111), (-0.04766667, 1.089111), (-0.05619447, 1.091583), (-0.05619447, 1.091583), (-0.04766667, 1.089111), (-0.05061411, 1.097164), (-0.05619447, 1.091583), (-0.05061411, 1.097164), (-0.05866667, 1.100111), (-0.8113333, -1.100111), (-0.8138055, -1.091583), (-0.8223333, -1.089111), (-0.8113333, -1.100111), (-0.8223333, -1.089111), (-0.8193859, -1.097164), (-0.8003333, -1.101446), (-0.8003333, -1.092869), (-0.8138055, -1.091583), (-0.8003333, -1.101446), (-0.8138055, -1.091583), (-0.8113333, -1.100111), (0.8003333, -1.101446), (0.8003333, -1.092869), (-0.8003333, -1.092869), (0.8003333, -1.101446), (-0.8003333, -1.092869), (-0.8003333, -1.101446), (0.8113333, -1.100111), (0.8138055, -1.091583), (0.8003333, -1.092869), (0.8113333, -1.100111), (0.8003333, -1.092869), (0.8003333, -1.101446), (0.8193859, -1.097164), (0.8223333, -1.089111), (0.8138055, -1.091583), (0.8193859, -1.097164), (0.8138055, -1.091583), (0.8113333, -1.100111), (-0.8138055, -1.091583), (-0.8150914, -1.078111), (-0.8236679, -1.078111), (-0.8138055, -1.091583), (-0.8236679, -1.078111), (-0.8223333, -1.089111), (-0.8003333, -1.092869), (-0.8003333, -1.078111), (-0.8150914, -1.078111), (-0.8003333, -1.092869), (-0.8150914, -1.078111), (-0.8138055, -1.091583), (0.8003333, -1.092869), (0.8003333, -1.078111), (-0.8003333, -1.078111), (0.8003333, -1.092869), (-0.8003333, -1.078111), (-0.8003333, -1.092869), (0.8138055, -1.091583), (0.8150914, -1.078111), (0.8003333, -1.078111), (0.8138055, -1.091583), (0.8003333, -1.078111), (0.8003333, -1.092869), (0.8223333, -1.089111), (0.8236679, -1.078111), (0.8150914, -1.078111), (0.8223333, -1.089111), (0.8150914, -1.078111), (0.8138055, -1.091583), (-0.8150914, -1.078111), (-0.8150914, 1.078111), (-0.8236679, 1.078111), (-0.8150914, -1.078111), (-0.8236679, 1.078111), (-0.8236679, -1.078111), (-0.8003333, -1.078111), (-0.8003333, 1.078111), (-0.8150914, 1.078111), (-0.8003333, -1.078111), (-0.8150914, 1.078111), (-0.8150914, -1.078111), (0.8003333, -1.078111), (0.8003333, 1.078111), (-0.8003333, 1.078111), (0.8003333, -1.078111), (-0.8003333, 1.078111), (-0.8003333, -1.078111), (0.8150914, -1.078111), (0.8150914, 1.078111), (0.8003333, 1.078111), (0.8150914, -1.078111), (0.8003333, 1.078111), (0.8003333, -1.078111), (0.8236679, -1.078111), (0.8236679, 1.078111), (0.8150914, 1.078111), (0.8236679, -1.078111), (0.8150914, 1.078111), (0.8150914, -1.078111), (-0.8150914, 1.078111), (-0.8138055, 1.091583), (-0.8223333, 1.089111), (-0.8150914, 1.078111), (-0.8223333, 1.089111), (-0.8236679, 1.078111), (-0.8003333, 1.078111), (-0.8003333, 1.092869), (-0.8138055, 1.091583), (-0.8003333, 1.078111), (-0.8138055, 1.091583), (-0.8150914, 1.078111), (0.8003333, 1.078111), (0.8003333, 1.092869), (-0.8003333, 1.092869), (0.8003333, 1.078111), (-0.8003333, 1.092869), (-0.8003333, 1.078111), (0.8150914, 1.078111), (0.8138055, 1.091583), (0.8003333, 1.092869), (0.8150914, 1.078111), (0.8003333, 1.092869), (0.8003333, 1.078111), (0.8236679, 1.078111), (0.8223333, 1.089111), (0.8138055, 1.091583), (0.8236679, 1.078111), (0.8138055, 1.091583), (0.8150914, 1.078111), (-0.8138055, 1.091583), (-0.8113333, 1.100111), (-0.8193859, 1.097164), (-0.8138055, 1.091583), (-0.8193859, 1.097164), (-0.8223333, 1.089111), (-0.8003333, 1.092869), (-0.8003333, 1.101446), (-0.8113333, 1.100111), (-0.8003333, 1.092869), (-0.8113333, 1.100111), (-0.8138055, 1.091583), (0.8003333, 1.092869), (0.8003333, 1.101446), (-0.8003333, 1.101446), (0.8003333, 1.092869), (-0.8003333, 1.101446), (-0.8003333, 1.092869), (0.8138055, 1.091583), (0.8113333, 1.100111), (0.8003333, 1.101446), (0.8138055, 1.091583), (0.8003333, 1.101446), (0.8003333, 1.092869), (0.8223333, 1.089111), (0.8193859, 1.097164), (0.8113333, 1.100111), (0.8223333, 1.089111), (0.8113333, 1.100111), (0.8138055, 1.091583), (-0.8193859, -1.097164), (-0.8223333, -1.089111), (-0.8138055, -1.091583), (-0.8193859, -1.097164), (-0.8138055, -1.091583), (-0.8113333, -1.100111), (-0.8113333, -1.100111), (-0.8138055, -1.091583), (-0.8003333, -1.092869), (-0.8113333, -1.100111), (-0.8003333, -1.092869), (-0.8003333, -1.101446), (-0.8003333, -1.101446), (-0.8003333, -1.092869), (0.8003333, -1.092869), (-0.8003333, -1.101446), (0.8003333, -1.092869), (0.8003333, -1.101446), (0.8003333, -1.101446), (0.8003333, -1.092869), (0.8138055, -1.091583), (0.8003333, -1.101446), (0.8138055, -1.091583), (0.8113333, -1.100111), (0.8113333, -1.100111), (0.8138055, -1.091583), (0.8223333, -1.089111), (0.8113333, -1.100111), (0.8223333, -1.089111), (0.8193859, -1.097164), (-0.8223333, -1.089111), (-0.8236679, -1.078111), (-0.8150914, -1.078111), (-0.8223333, -1.089111), (-0.8150914, -1.078111), (-0.8138055, -1.091583), (-0.8138055, -1.091583), (-0.8150914, -1.078111), (-0.8003333, -1.078111), (-0.8138055, -1.091583), (-0.8003333, -1.078111), (-0.8003333, -1.092869), (-0.8003333, -1.092869), (-0.8003333, -1.078111), (0.8003333, -1.078111), (-0.8003333, -1.092869), (0.8003333, -1.078111), (0.8003333, -1.092869), (0.8003333, -1.092869), (0.8003333, -1.078111), (0.8150914, -1.078111), (0.8003333, -1.092869), (0.8150914, -1.078111), (0.8138055, -1.091583), (0.8138055, -1.091583), (0.8150914, -1.078111), (0.8236679, -1.078111), (0.8138055, -1.091583), (0.8236679, -1.078111), (0.8223333, -1.089111), (-0.8236679, -1.078111), (-0.8236679, 1.078111), (-0.8150914, 1.078111), (-0.8236679, -1.078111), (-0.8150914, 1.078111), (-0.8150914, -1.078111), (-0.8150914, -1.078111), (-0.8150914, 1.078111), (-0.8003333, 1.078111), (-0.8150914, -1.078111), (-0.8003333, 1.078111), (-0.8003333, -1.078111), (-0.8003333, -1.078111), (-0.8003333, 1.078111), (0.8003333, 1.078111), (-0.8003333, -1.078111), (0.8003333, 1.078111), (0.8003333, -1.078111), (0.8003333, -1.078111), (0.8003333, 1.078111), (0.8150914, 1.078111), (0.8003333, -1.078111), (0.8150914, 1.078111), (0.8150914, -1.078111), (0.8150914, -1.078111), (0.8150914, 1.078111), (0.8236679, 1.078111), (0.8150914, -1.078111), (0.8236679, 1.078111), (0.8236679, -1.078111), (-0.8236679, 1.078111), (-0.8223333, 1.089111), (-0.8138055, 1.091583), (-0.8236679, 1.078111), (-0.8138055, 1.091583), (-0.8150914, 1.078111), (-0.8150914, 1.078111), (-0.8138055, 1.091583), (-0.8003333, 1.092869), (-0.8150914, 1.078111), (-0.8003333, 1.092869), (-0.8003333, 1.078111), (-0.8003333, 1.078111), (-0.8003333, 1.092869), (0.8003333, 1.092869), (-0.8003333, 1.078111), (0.8003333, 1.092869), (0.8003333, 1.078111), (0.8003333, 1.078111), (0.8003333, 1.092869), (0.8138055, 1.091583), (0.8003333, 1.078111), (0.8138055, 1.091583), (0.8150914, 1.078111), (0.8150914, 1.078111), (0.8138055, 1.091583), (0.8223333, 1.089111), (0.8150914, 1.078111), (0.8223333, 1.089111), (0.8236679, 1.078111), (-0.8223333, 1.089111), (-0.8193859, 1.097164), (-0.8113333, 1.100111), (-0.8223333, 1.089111), (-0.8113333, 1.100111), (-0.8138055, 1.091583), (-0.8138055, 1.091583), (-0.8113333, 1.100111), (-0.8003333, 1.101446), (-0.8138055, 1.091583), (-0.8003333, 1.101446), (-0.8003333, 1.092869), (-0.8003333, 1.092869), (-0.8003333, 1.101446), (0.8003333, 1.101446), (-0.8003333, 1.092869), (0.8003333, 1.101446), (0.8003333, 1.092869), (0.8003333, 1.092869), (0.8003333, 1.101446), (0.8113333, 1.100111), (0.8003333, 1.092869), (0.8113333, 1.100111), (0.8138055, 1.091583), (0.8138055, 1.091583), (0.8113333, 1.100111), (0.8193859, 1.097164), (0.8138055, 1.091583), (0.8193859, 1.097164), (0.8223333, 1.089111), (-0.8223333, -0.088), (-0.8138055, -0.09047219), (-0.8113333, -0.099), (-0.8223333, -0.088), (-0.8113333, -0.099), (-0.8193859, -0.09605256), (-0.8236679, -0.077), (-0.8150914, -0.077), (-0.8138055, -0.09047219), (-0.8236679, -0.077), (-0.8138055, -0.09047219), (-0.8223333, -0.088), (-0.8236679, -0.06966667), (-0.8150914, -0.06966667), (-0.8150914, -0.077), (-0.8236679, -0.06966667), (-0.8150914, -0.077), (-0.8236679, -0.077), (-0.8223333, -0.05866667), (-0.8138055, -0.05619447), (-0.8150914, -0.06966667), (-0.8223333, -0.05866667), (-0.8150914, -0.06966667), (-0.8236679, -0.06966667), (-0.8193859, -0.05061411), (-0.8113333, -0.04766667), (-0.8138055, -0.05619447), (-0.8193859, -0.05061411), (-0.8138055, -0.05619447), (-0.8223333, -0.05866667), (-0.8138055, -0.09047219), (-0.8003333, -0.09175805), (-0.8003333, -0.1003345), (-0.8138055, -0.09047219), (-0.8003333, -0.1003345), (-0.8113333, -0.099), (-0.8150914, -0.077), (-0.8003333, -0.077), (-0.8003333, -0.09175805), (-0.8150914, -0.077), (-0.8003333, -0.09175805), (-0.8138055, -0.09047219), (-0.8150914, -0.06966667), (-0.8003333, -0.06966667), (-0.8003333, -0.077), (-0.8150914, -0.06966667), (-0.8003333, -0.077), (-0.8150914, -0.077), (-0.8138055, -0.05619447), (-0.8003333, -0.05490862), (-0.8003333, -0.06966667), (-0.8138055, -0.05619447), (-0.8003333, -0.06966667), (-0.8150914, -0.06966667), (-0.8113333, -0.04766667), (-0.8003333, -0.04633214), (-0.8003333, -0.05490862), (-0.8113333, -0.04766667), (-0.8003333, -0.05490862), (-0.8138055, -0.05619447), (-0.8003333, -0.09175805), (0.8003333, -0.09175805), (0.8003333, -0.1003345), (-0.8003333, -0.09175805), (0.8003333, -0.1003345), (-0.8003333, -0.1003345), (-0.8003333, -0.077), (0.8003333, -0.077), (0.8003333, -0.09175805), (-0.8003333, -0.077), (0.8003333, -0.09175805), (-0.8003333, -0.09175805), (-0.8003333, -0.06966667), (0.8003333, -0.06966667), (0.8003333, -0.077), (-0.8003333, -0.06966667), (0.8003333, -0.077), (-0.8003333, -0.077), (-0.8003333, -0.05490862), (0.8003333, -0.05490862), (0.8003333, -0.06966667), (-0.8003333, -0.05490862), (0.8003333, -0.06966667), (-0.8003333, -0.06966667), (-0.8003333, -0.04633214), (0.8003333, -0.04633214), (0.8003333, -0.05490862), (-0.8003333, -0.04633214), (0.8003333, -0.05490862), (-0.8003333, -0.05490862), (0.8003333, -0.09175805), (0.8138055, -0.09047219), (0.8113333, -0.099), (0.8003333, -0.09175805), (0.8113333, -0.099), (0.8003333, -0.1003345), (0.8003333, -0.077), (0.8150914, -0.077), (0.8138055, -0.09047219), (0.8003333, -0.077), (0.8138055, -0.09047219), (0.8003333, -0.09175805), (0.8003333, -0.06966667), (0.8150914, -0.06966667), (0.8150914, -0.077), (0.8003333, -0.06966667), (0.8150914, -0.077), (0.8003333, -0.077), (0.8003333, -0.05490862), (0.8138055, -0.05619447), (0.8150914, -0.06966667), (0.8003333, -0.05490862), (0.8150914, -0.06966667), (0.8003333, -0.06966667), (0.8003333, -0.04633214), (0.8113333, -0.04766667), (0.8138055, -0.05619447), (0.8003333, -0.04633214), (0.8138055, -0.05619447), (0.8003333, -0.05490862), (0.8138055, -0.09047219), (0.8223333, -0.088), (0.8193859, -0.09605256), (0.8138055, -0.09047219), (0.8193859, -0.09605256), (0.8113333, -0.099), (0.8150914, -0.077), (0.8236679, -0.077), (0.8223333, -0.088), (0.8150914, -0.077), (0.8223333, -0.088), (0.8138055, -0.09047219), (0.8150914, -0.06966667), (0.8236679, -0.06966667), (0.8236679, -0.077), (0.8150914, -0.06966667), (0.8236679, -0.077), (0.8150914, -0.077), (0.8138055, -0.05619447), (0.8223333, -0.05866667), (0.8236679, -0.06966667), (0.8138055, -0.05619447), (0.8236679, -0.06966667), (0.8150914, -0.06966667), (0.8113333, -0.04766667), (0.8193859, -0.05061411), (0.8223333, -0.05866667), (0.8113333, -0.04766667), (0.8223333, -0.05866667), (0.8138055, -0.05619447), (-0.8193859, -0.09605256), (-0.8113333, -0.099), (-0.8138055, -0.09047219), (-0.8193859, -0.09605256), (-0.8138055, -0.09047219), (-0.8223333, -0.088), (-0.8223333, -0.088), (-0.8138055, -0.09047219), (-0.8150914, -0.077), (-0.8223333, -0.088), (-0.8150914, -0.077), (-0.8236679, -0.077), (-0.8236679, -0.077), (-0.8150914, -0.077), (-0.8150914, -0.06966667), (-0.8236679, -0.077), (-0.8150914, -0.06966667), (-0.8236679, -0.06966667), (-0.8236679, -0.06966667), (-0.8150914, -0.06966667), (-0.8138055, -0.05619447), (-0.8236679, -0.06966667), (-0.8138055, -0.05619447), (-0.8223333, -0.05866667), (-0.8223333, -0.05866667), (-0.8138055, -0.05619447), (-0.8113333, -0.04766667), (-0.8223333, -0.05866667), (-0.8113333, -0.04766667), (-0.8193859, -0.05061411), (-0.8113333, -0.099), (-0.8003333, -0.1003345), (-0.8003333, -0.09175805), (-0.8113333, -0.099), (-0.8003333, -0.09175805), (-0.8138055, -0.09047219), (-0.8138055, -0.09047219), (-0.8003333, -0.09175805), (-0.8003333, -0.077), (-0.8138055, -0.09047219), (-0.8003333, -0.077), (-0.8150914, -0.077), (-0.8150914, -0.077), (-0.8003333, -0.077), (-0.8003333, -0.06966667), (-0.8150914, -0.077), (-0.8003333, -0.06966667), (-0.8150914, -0.06966667), (-0.8150914, -0.06966667), (-0.8003333, -0.06966667), (-0.8003333, -0.05490862), (-0.8150914, -0.06966667), (-0.8003333, -0.05490862), (-0.8138055, -0.05619447), (-0.8138055, -0.05619447), (-0.8003333, -0.05490862), (-0.8003333, -0.04633214), (-0.8138055, -0.05619447), (-0.8003333, -0.04633214), (-0.8113333, -0.04766667), (-0.8003333, -0.1003345), (0.8003333, -0.1003345), (0.8003333, -0.09175805), (-0.8003333, -0.1003345), (0.8003333, -0.09175805), (-0.8003333, -0.09175805), (-0.8003333, -0.09175805), (0.8003333, -0.09175805), (0.8003333, -0.077), (-0.8003333, -0.09175805), (0.8003333, -0.077), (-0.8003333, -0.077), (-0.8003333, -0.077), (0.8003333, -0.077), (0.8003333, -0.06966667), (-0.8003333, -0.077), (0.8003333, -0.06966667), (-0.8003333, -0.06966667), (-0.8003333, -0.06966667), (0.8003333, -0.06966667), (0.8003333, -0.05490862), (-0.8003333, -0.06966667), (0.8003333, -0.05490862), (-0.8003333, -0.05490862), (-0.8003333, -0.05490862), (0.8003333, -0.05490862), (0.8003333, -0.04633214), (-0.8003333, -0.05490862), (0.8003333, -0.04633214), (-0.8003333, -0.04633214), (0.8003333, -0.1003345), (0.8113333, -0.099), (0.8138055, -0.09047219), (0.8003333, -0.1003345), (0.8138055, -0.09047219), (0.8003333, -0.09175805), (0.8003333, -0.09175805), (0.8138055, -0.09047219), (0.8150914, -0.077), (0.8003333, -0.09175805), (0.8150914, -0.077), (0.8003333, -0.077), (0.8003333, -0.077), (0.8150914, -0.077), (0.8150914, -0.06966667), (0.8003333, -0.077), (0.8150914, -0.06966667), (0.8003333, -0.06966667), (0.8003333, -0.06966667), (0.8150914, -0.06966667), (0.8138055, -0.05619447), (0.8003333, -0.06966667), (0.8138055, -0.05619447), (0.8003333, -0.05490862), (0.8003333, -0.05490862), (0.8138055, -0.05619447), (0.8113333, -0.04766667), (0.8003333, -0.05490862), (0.8113333, -0.04766667), (0.8003333, -0.04633214), (0.8113333, -0.099), (0.8193859, -0.09605256), (0.8223333, -0.088), (0.8113333, -0.099), (0.8223333, -0.088), (0.8138055, -0.09047219), (0.8138055, -0.09047219), (0.8223333, -0.088), (0.8236679, -0.077), (0.8138055, -0.09047219), (0.8236679, -0.077), (0.8150914, -0.077), (0.8150914, -0.077), (0.8236679, -0.077), (0.8236679, -0.06966667), (0.8150914, -0.077), (0.8236679, -0.06966667), (0.8150914, -0.06966667), (0.8150914, -0.06966667), (0.8236679, -0.06966667), (0.8223333, -0.05866667), (0.8150914, -0.06966667), (0.8223333, -0.05866667), (0.8138055, -0.05619447), (0.8138055, -0.05619447), (0.8223333, -0.05866667), (0.8193859, -0.05061411), (0.8138055, -0.05619447), (0.8193859, -0.05061411), (0.8113333, -0.04766667)] (interpolation = "faceVarying")
        }
        def Mesh "RFShield_01" (prepend apiSchemas = ["MaterialBindingAPI"])
        {
            uniform token subdivisionScheme = "none"
            uniform token orientation = "rightHanded"
            bool doubleSided = false
            point3f[] points = [(-0.005373564, -0.0004685641, -0.007698564), (-0.005395, -0.00049, -0.00764), (-0.005404706, -0.0004997056, -0.00756), (-0.005404706, -0.0004997056, 0.00476), (-0.005395, -0.00049, 0.00484), (-0.005373564, -0.0004685641, 0.004898564), (-0.005395, -0.00041, -0.00772), (-0.005430959, -0.0004279796, -0.00765798), (-0.005449663, -0.0004373313, -0.00756), (-0.005449663, -0.0004373313, 0.00476), (-0.005430959, -0.0004279796, 0.00485798), (-0.005395, -0.00041, 0.00492), (-0.005404706, -0.00033, -0.007729706), (-0.005449663, -0.00033, -0.007667331), (-0.005475, -0.00033, -0.00756), (-0.005475, -0.00033, 0.00476), (-0.005449663, -0.00033, 0.004867331), (-0.005404706, -0.00033, 0.004929706), (-0.005404706, 0.00093, -0.007729706), (-0.005449663, 0.00093, -0.007667331), (-0.005475, 0.00093, -0.00756), (-0.005475, 0.00093, 0.00476), (-0.005449663, 0.00093, 0.004867331), (-0.005404706, 0.00093, 0.004929706), (-0.005395, 0.00101, -0.00772), (-0.005430959, 0.00102798, -0.00765798), (-0.005449663, 0.001037331, -0.00756), (-0.005449663, 0.001037331, 0.00476), (-0.005430959, 0.00102798, 0.00485798), (-0.005395, 0.00101, 0.00492), (-0.005373564, 0.001068564, -0.007698564), (-0.005395, 0.00109, -0.00764), (-0.005404706, 0.001099706, -0.00756), (-0.005404706, 0.001099706, 0.00476), (-0.005395, 0.00109, 0.00484), (-0.005373564, 0.001068564, 0.004898564), (0.005373564, -0.0004685641, -0.007698564), (0.005395, -0.00049, -0.00764), (0.005404706, -0.0004997056, -0.00756), (0.005404706, -0.0004997056, 0.00476), (0.005395, -0.00049, 0.00484), (0.005373564, -0.0004685641, 0.004898564), (0.005395, -0.00041, -0.00772), (0.005430959, -0.0004279796, -0.00765798), (0.005449663, -0.0004373313, -0.00756), (0.005449663, -0.0004373313, 0.00476), (0.005430959, -0.0004279796, 0.00485798), (0.005395, -0.00041, 0.00492), (0.005404706, -0.00033, -0.007729706), (0.005449663, -0.00033, -0.007667331), (0.005475, -0.00033, -0.00756), (0.005475, -0.00033, 0.00476), (0.005449663, -0.00033, 0.004867331), (0.005404706, -0.00033, 0.004929706), (0.005404706, 0.00093, -0.007729706), (0.005449663, 0.00093, -0.007667331), (0.005475, 0.00093, -0.00756), (0.005475, 0.00093, 0.00476), (0.005449663, 0.00093, 0.004867331), (0.005404706, 0.00093, 0.004929706), (0.005395, 0.00101, -0.00772), (0.005430959, 0.00102798, -0.00765798), (0.005449663, 0.001037331, -0.00756), (0.005449663, 0.001037331, 0.00476), (0.005430959, 0.00102798, 0.00485798), (0.005395, 0.00101, 0.00492), (0.005373564, 0.001068564, -0.007698564), (0.005395, 0.00109, -0.00764), (0.005404706, 0.001099706, -0.00756), (0.005404706, 0.001099706, 0.00476), (0.005395, 0.00109, 0.00484), (0.005373564, 0.001068564, 0.004898564), (-0.005373564, -0.0004685641, -0.007698564), (-0.005315, -0.00049, -0.00772), (-0.005235, -0.0004997056, -0.007729706), (0.005235, -0.0004997056, -0.007729706), (0.005315, -0.00049, -0.00772), (0.005373564, -0.0004685641, -0.007698564), (-0.005395, -0.00049, -0.00764), (-0.00533298, -0.0005259592, -0.00765798), (-0.005235, -0.0005446625, -0.007667331), (0.005235, -0.0005446625, -0.007667331), (0.00533298, -0.0005259592, -0.00765798), (0.005395, -0.00049, -0.00764), (-0.005404706, -0.0004997056, -0.00756), (-0.005342331, -0.0005446625, -0.00756), (-0.005235, -0.00057, -0.00756), (0.005235, -0.00057, -0.00756), (0.005342331, -0.0005446625, -0.00756), (0.005404706, -0.0004997056, -0.00756), (-0.005404706, -0.0004997056, 0.00476), (-0.005342331, -0.0005446625, 0.00476), (-0.005235, -0.00057, 0.00476), (0.005235, -0.00057, 0.00476), (0.005342331, -0.0005446625, 0.00476), (0.005404706, -0.0004997056, 0.00476), (-0.005395, -0.00049, 0.00484), (-0.00533298, -0.0005259592, 0.00485798), (-0.005235, -0.0005446625, 0.004867331), (0.005235, -0.0005446625, 0.004867331), (0.00533298, -0.0005259592, 0.00485798), (0.005395, -0.00049, 0.00484), (-0.005373564, -0.0004685641, 0.004898564), (-0.005315, -0.00049, 0.00492), (-0.005235, -0.0004997056, 0.004929706), (0.005235, -0.0004997056, 0.004929706), (0.005315, -0.00049, 0.00492), (0.005373564, -0.0004685641, 0.004898564), (-0.005373564, 0.001068564, -0.007698564), (-0.005315, 0.00109, -0.00772), (-0.005235, 0.001099706, -0.007729706), (0.005235, 0.001099706, -0.007729706), (0.005315, 0.00109, -0.00772), (0.005373564, 0.001068564, -0.007698564), (-0.005395, 0.00109, -0.00764), (-0.00533298, 0.001125959, -0.00765798), (-0.005235, 0.001144663, -0.007667331), (0.005235, 0.001144663, -0.007667331), (0.00533298, 0.001125959, -0.00765798), (0.005395, 0.00109, -0.00764), (-0.005404706, 0.001099706, -0.00756), (-0.005342331, 0.001144663, -0.00756), (-0.005235, 0.00117, -0.00756), (0.005235, 0.00117, -0.00756), (0.005342331, 0.001144663, -0.00756), (0.005404706, 0.001099706, -0.00756), (-0.005404706, 0.001099706, 0.00476), (-0.005342331, 0.001144663, 0.00476), (-0.005235, 0.00117, 0.00476), (0.005235, 0.00117, 0.00476), (0.005342331, 0.001144663, 0.00476), (0.005404706, 0.001099706, 0.00476), (-0.005395, 0.00109, 0.00484), (-0.00533298, 0.001125959, 0.00485798), (-0.005235, 0.001144663, 0.004867331), (0.005235, 0.001144663, 0.004867331), (0.00533298, 0.001125959, 0.00485798), (0.005395, 0.00109, 0.00484), (-0.005373564, 0.001068564, 0.004898564), (-0.005315, 0.00109, 0.00492), (-0.005235, 0.001099706, 0.004929706), (0.005235, 0.001099706, 0.004929706), (0.005315, 0.00109, 0.00492), (0.005373564, 0.001068564, 0.004898564), (-0.005373564, -0.0004685641, -0.007698564), (-0.005395, -0.00041, -0.00772), (-0.005404706, -0.00033, -0.007729706), (-0.005404706, 0.00093, -0.007729706), (-0.005395, 0.00101, -0.00772), (-0.005373564, 0.001068564, -0.007698564), (-0.005315, -0.00049, -0.00772), (-0.00533298, -0.0004279796, -0.007755959), (-0.005342331, -0.00033, -0.007774663), (-0.005342331, 0.00093, -0.007774663), (-0.00533298, 0.00102798, -0.007755959), (-0.005315, 0.00109, -0.00772), (-0.005235, -0.0004997056, -0.007729706), (-0.005235, -0.0004373313, -0.007774663), (-0.005235, -0.00033, -0.0078), (-0.005235, 0.00093, -0.0078), (-0.005235, 0.001037331, -0.007774663), (-0.005235, 0.001099706, -0.007729706), (0.005235, -0.0004997056, -0.007729706), (0.005235, -0.0004373313, -0.007774663), (0.005235, -0.00033, -0.0078), (0.005235, 0.00093, -0.0078), (0.005235, 0.001037331, -0.007774663), (0.005235, 0.001099706, -0.007729706), (0.005315, -0.00049, -0.00772), (0.00533298, -0.0004279796, -0.007755959), (0.005342331, -0.00033, -0.007774663), (0.005342331, 0.00093, -0.007774663), (0.00533298, 0.00102798, -0.007755959), (0.005315, 0.00109, -0.00772), (0.005373564, -0.0004685641, -0.007698564), (0.005395, -0.00041, -0.00772), (0.005404706, -0.00033, -0.007729706), (0.005404706, 0.00093, -0.007729706), (0.005395, 0.00101, -0.00772), (0.005373564, 0.001068564, -0.007698564), (-0.005373564, -0.0004685641, 0.004898564), (-0.005395, -0.00041, 0.00492), (-0.005404706, -0.00033, 0.004929706), (-0.005404706, 0.00093, 0.004929706), (-0.005395, 0.00101, 0.00492), (-0.005373564, 0.001068564, 0.004898564), (-0.005315, -0.00049, 0.00492), (-0.00533298, -0.0004279796, 0.004955959), (-0.005342331, -0.00033, 0.004974663), (-0.005342331, 0.00093, 0.004974663), (-0.00533298, 0.00102798, 0.004955959), (-0.005315, 0.00109, 0.00492), (-0.005235, -0.0004997056, 0.004929706), (-0.005235, -0.0004373313, 0.004974663), (-0.005235, -0.00033, 0.005), (-0.005235, 0.00093, 0.005), (-0.005235, 0.001037331, 0.004974663), (-0.005235, 0.001099706, 0.004929706), (0.005235, -0.0004997056, 0.004929706), (0.005235, -0.0004373313, 0.004974663), (0.005235, -0.00033, 0.005), (0.005235, 0.00093, 0.005), (0.005235, 0.001037331, 0.004974663), (0.005235, 0.001099706, 0.004929706), (0.005315, -0.00049, 0.00492), (0.00533298, -0.0004279796, 0.004955959), (0.005342331, -0.00033, 0.004974663), (0.005342331, 0.00093, 0.004974663), (0.00533298, 0.00102798, 0.004955959), (0.005315, 0.00109, 0.00492), (0.005373564, -0.0004685641, 0.004898564), (0.005395, -0.00041, 0.00492), (0.005404706, -0.00033, 0.004929706), (0.005404706, 0.00093, 0.004929706), (0.005395, 0.00101, 0.00492), (0.005373564, 0.001068564, 0.004898564)]
            int[] faceVertexCounts = [3, 3, 3, 3, 3, 3, 3, 3, 3, 3, 3, 3, 3, 3, 3, 3, 3, 3, 3, 3, 3, 3, 3, 3, 3, 3, 3, 3, 3, 3, 3, 3, 3, 3, 3, 3, 3, 3, 3, 3, 3, 3, 3, 3, 3, 3, 3, 3, 3, 3, 3, 3, 3, 3, 3, 3, 3, 3, 3, 3, 3, 3, 3, 3, 3, 3, 3, 3, 3, 3, 3, 3, 3, 3, 3, 3, 3, 3, 3, 3, 3, 3, 3, 3, 3, 3, 3, 3, 3, 3, 3, 3, 3, 3, 3, 3, 3, 3, 3, 3, 3, 3, 3, 3, 3, 3, 3, 3, 3, 3, 3, 3, 3, 3, 3, 3, 3, 3, 3, 3, 3, 3, 3, 3, 3, 3, 3, 3, 3, 3, 3, 3, 3, 3, 3, 3, 3, 3, 3, 3, 3, 3, 3, 3, 3, 3, 3, 3, 3, 3, 3, 3, 3, 3, 3, 3, 3, 3, 3, 3, 3, 3, 3, 3, 3, 3, 3, 3, 3, 3, 3, 3, 3, 3, 3, 3, 3, 3, 3, 3, 3, 3, 3, 3, 3, 3, 3, 3, 3, 3, 3, 3, 3, 3, 3, 3, 3, 3, 3, 3, 3, 3, 3, 3, 3, 3, 3, 3, 3, 3, 3, 3, 3, 3, 3, 3, 3, 3, 3, 3, 3, 3, 3, 3, 3, 3, 3, 3, 3, 3, 3, 3, 3, 3, 3, 3, 3, 3, 3, 3, 3, 3, 3, 3, 3, 3, 3, 3, 3, 3, 3, 3, 3, 3, 3, 3, 3, 3, 3, 3, 3, 3, 3, 3, 3, 3, 3, 3, 3, 3, 3, 3, 3, 3, 3, 3, 3, 3, 3, 3, 3, 3, 3, 3, 3, 3, 3, 3, 3, 3, 3, 3, 3, 3, 3, 3, 3, 3, 3, 3]
            int[] faceVertexIndices = [1, 7, 6, 1, 6, 0, 2, 8, 7, 2, 7, 1, 3, 9, 8, 3, 8, 2, 4, 10, 9, 4, 9, 3, 5, 11, 10, 5, 10, 4, 7, 13, 12, 7, 12, 6, 8, 14, 13, 8, 13, 7, 9, 15, 14, 9, 14, 8, 10, 16, 15, 10, 15, 9, 11, 17, 16, 11, 16, 10, 13, 19, 18, 13, 18, 12, 14, 20, 19, 14, 19, 13, 15, 21, 20, 15, 20, 14, 16, 22, 21, 16, 21, 15, 17, 23, 22, 17, 22, 16, 19, 25, 24, 19, 24, 18, 20, 26, 25, 20, 25, 19, 21, 27, 26, 21, 26, 20, 22, 28, 27, 22, 27, 21, 23, 29, 28, 23, 28, 22, 25, 31, 30, 25, 30, 24, 26, 32, 31, 26, 31, 25, 27, 33, 32, 27, 32, 26, 28, 34, 33, 28, 33, 27, 29, 35, 34, 29, 34, 28, 36, 42, 43, 36, 43, 37, 37, 43, 44, 37, 44, 38, 38, 44, 45, 38, 45, 39, 39, 45, 46, 39, 46, 40, 40, 46, 47, 40, 47, 41, 42, 48, 49, 42, 49, 43, 43, 49, 50, 43, 50, 44, 44, 50, 51, 44, 51, 45, 45, 51, 52, 45, 52, 46, 46, 52, 53, 46, 53, 47, 48, 54, 55, 48, 55, 49, 49, 55, 56, 49, 56, 50, 50, 56, 57, 50, 57, 51, 51, 57, 58, 51, 58, 52, 52, 58, 59, 52, 59, 53, 54, 60, 61, 54, 61, 55, 55, 61, 62, 55, 62, 56, 56, 62, 63, 56, 63, 57, 57, 63, 64, 57, 64, 58, 58, 64, 65, 58, 65, 59, 60, 66, 67, 60, 67, 61, 61, 67, 68, 61, 68, 62, 62, 68, 69, 62, 69, 63, 63, 69, 70, 63, 70, 64, 64, 70, 71, 64, 71, 65, 73, 79, 78, 73, 78, 72, 74, 80, 79, 74, 79, 73, 75, 81, 80, 75, 80, 74, 76, 82, 81, 76, 81, 75, 77, 83, 82, 77, 82, 76, 79, 85, 84, 79, 84, 78, 80, 86, 85, 80, 85, 79, 81, 87, 86, 81, 86, 80, 82, 88, 87, 82, 87, 81, 83, 89, 88, 83, 88, 82, 85, 91, 90, 85, 90, 84, 86, 92, 91, 86, 91, 85, 87, 93, 92, 87, 92, 86, 88, 94, 93, 88, 93, 87, 89, 95, 94, 89, 94, 88, 91, 97, 96, 91, 96, 90, 92, 98, 97, 92, 97, 91, 93, 99, 98, 93, 98, 92, 94, 100, 99, 94, 99, 93, 95, 101, 100, 95, 100, 94, 97, 103, 102, 97, 102, 96, 98, 104, 103, 98, 103, 97, 99, 105, 104, 99, 104, 98, 100, 106, 105, 100, 105, 99, 101, 107, 106, 101, 106, 100, 108, 114, 115, 108, 115, 109, 109, 115, 116, 109, 116, 110, 110, 116, 117, 110, 117, 111, 111, 117, 118, 111, 118, 112, 112, 118, 119, 112, 119, 113, 114, 120, 121, 114, 121, 115, 115, 121, 122, 115, 122, 116, 116, 122, 123, 116, 123, 117, 117, 123, 124, 117, 124, 118, 118, 124, 125, 118, 125, 119, 120, 126, 127, 120, 127, 121, 121, 127, 128, 121, 128, 122, 122, 128, 129, 122, 129, 123, 123, 129, 130, 123, 130, 124, 124, 130, 131, 124, 131, 125, 126, 132, 133, 126, 133, 127, 127, 133, 134, 127, 134, 128, 128, 134, 135, 128, 135, 129, 129, 135, 136, 129, 136, 130, 130, 136, 137, 130, 137, 131, 132, 138, 139, 132, 139, 133, 133, 139, 140, 133, 140, 134, 134, 140, 141, 134, 141, 135, 135, 141, 142, 135, 142, 136, 136, 142, 143, 136, 143, 137, 145, 151, 150, 145, 150, 144, 146, 152, 151, 146, 151, 145, 147, 153, 152, 147, 152, 146, 148, 154, 153, 148, 153, 147, 149, 155, 154, 149, 154, 148, 151, 157, 156, 151, 156, 150, 152, 158, 157, 152, 157, 151, 153, 159, 158, 153, 158, 152, 154, 160, 159, 154, 159, 153, 155, 161, 160, 155, 160, 154, 157, 163, 162, 157, 162, 156, 158, 164, 163, 158, 163, 157, 159, 165, 164, 159, 164, 158, 160, 166, 165, 160, 165, 159, 161, 167, 166, 161, 166, 160, 163, 169, 168, 163, 168, 162, 164, 170, 169, 164, 169, 163, 165, 171, 170, 165, 170, 164, 166, 172, 171, 166, 171, 165, 167, 173, 172, 167, 172, 166, 169, 175, 174, 169, 174, 168, 170, 176, 175, 170, 175, 169, 171, 177, 176, 171, 176, 170, 172, 178, 177, 172, 177, 171, 173, 179, 178, 173, 178, 172, 180, 186, 187, 180, 187, 181, 181, 187, 188, 181, 188, 182, 182, 188, 189, 182, 189, 183, 183, 189, 190, 183, 190, 184, 184, 190, 191, 184, 191, 185, 186, 192, 193, 186, 193, 187, 187, 193, 194, 187, 194, 188, 188, 194, 195, 188, 195, 189, 189, 195, 196, 189, 196, 190, 190, 196, 197, 190, 197, 191, 192, 198, 199, 192, 199, 193, 193, 199, 200, 193, 200, 194, 194, 200, 201, 194, 201, 195, 195, 201, 202, 195, 202, 196, 196, 202, 203, 196, 203, 197, 198, 204, 205, 198, 205, 199, 199, 205, 206, 199, 206, 200, 200, 206, 207, 200, 207, 201, 201, 207, 208, 201, 208, 202, 202, 208, 209, 202, 209, 203, 204, 210, 211, 204, 211, 205, 205, 211, 212, 205, 212, 206, 206, 212, 213, 206, 213, 207, 207, 213, 214, 207, 214, 208, 208, 214, 215, 208, 215, 209]
            normal3f[] normals = [(-0.7745967, -0.4472136, -0.4472136), (-0.7668657, -0.5195657, -0.376787), (-0.8114364, -0.5844347, -0.002642473), (-0.8112421, -0.5847102, 0.0005480822), (-0.7900625, -0.5555967, 0.2590629), (-0.7071068, -0.5, 0.5), (-0.7668657, -0.376787, -0.5195657), (-0.8559572, -0.3656073, -0.3656073), (-0.8961768, -0.4436928, -0.001960404), (-0.9450487, -0.3269271, 0.001315934), (-0.8844941, -0.3299016, 0.3299016), (-0.7900625, -0.2590629, 0.5555967), (-0.8127426, -0.02304976, -0.5821668), (-0.9003255, -0.01778871, -0.4348534), (-0.9994165, -0.0339661, -0.003606053), (-0.9999519, -0.009742336, 0.001126838), (-0.9431785, -0.01217509, 0.3320634), (-0.8112312, -0.005210927, 0.5847023), (-0.8112312, 0.005210927, -0.5847023), (-0.9431785, 0.01217509, -0.3320634), (-0.9999519, 0.009742336, -0.001126838), (-0.9994165, 0.0339661, 0.003606053), (-0.9003255, 0.01778871, 0.4348534), (-0.8127426, 0.02304976, 0.5821668), (-0.7900625, 0.2590629, -0.5555967), (-0.8844941, 0.3299016, -0.3299016), (-0.9450487, 0.3269271, -0.001315934), (-0.8961768, 0.4436928, 0.001960404), (-0.8559572, 0.3656073, 0.3656073), (-0.7668657, 0.376787, 0.5195657), (-0.7071068, 0.5, -0.5), (-0.7900625, 0.5555967, -0.2590629), (-0.8112421, 0.5847102, -0.0005480822), (-0.8114364, 0.5844347, 0.002642473), (-0.7668657, 0.5195657, 0.376787), (-0.7745967, 0.4472136, 0.4472136), (0.7071068, -0.5, -0.5), (0.7900625, -0.5555967, -0.2590629), (0.8112421, -0.5847102, -0.0005480822), (0.8114364, -0.5844347, 0.002642473), (0.7668657, -0.5195657, 0.376787), (0.7745967, -0.4472136, 0.4472136), (0.7900625, -0.2590629, -0.5555967), (0.8844941, -0.3299016, -0.3299016), (0.9450487, -0.3269271, -0.001315934), (0.8961768, -0.4436928, 0.001960404), (0.8559572, -0.3656073, 0.3656073), (0.7668657, -0.376787, 0.5195657), (0.8112312, -0.005210927, -0.5847023), (0.9431785, -0.01217509, -0.3320634), (0.9999519, -0.009742336, -0.001126838), (0.9994165, -0.0339661, 0.003606053), (0.9003255, -0.01778871, 0.4348534), (0.8127426, -0.02304976, 0.5821668), (0.8127426, 0.02304976, -0.5821668), (0.9003255, 0.01778871, -0.4348534), (0.9994165, 0.0339661, -0.003606053), (0.9999519, 0.009742336, 0.001126838), (0.9431785, 0.01217509, 0.3320634), (0.8112312, 0.005210927, 0.5847023), (0.7668657, 0.376787, -0.5195657), (0.8559572, 0.3656073, -0.3656073), (0.8961768, 0.4436928, -0.001960404), (0.9450487, 0.3269271, 0.001315934), (0.8844941, 0.3299016, 0.3299016), (0.7900625, 0.2590629, 0.5555967), (0.7745967, 0.4472136, -0.4472136), (0.7668657, 0.5195657, -0.376787), (0.8114364, 0.5844347, -0.002642473), (0.8112421, 0.5847102, 0.0005480822), (0.7900625, 0.5555967, 0.2590629), (0.7071068, 0.5, 0.5), (-0.4472136, -0.7745967, -0.4472136), (-0.376787, -0.7668657, -0.5195657), (-0.003101849, -0.8114696, -0.5843864), (0.0006445572, -0.811242, -0.5847102), (0.2590629, -0.7900625, -0.5555967), (0.5, -0.7071068, -0.5), (-0.5195657, -0.7668657, -0.376787), (-0.3656073, -0.8559572, -0.3656073), (-0.002303211, -0.8962699, -0.443503), (0.001546687, -0.9450104, -0.3270367), (0.3299016, -0.8844941, -0.3299016), (0.5555967, -0.7900625, -0.2590629), (-0.5844347, -0.8114364, -0.002642473), (-0.4436928, -0.8961768, -0.001960404), (-0.004682978, -0.9999811, -0.003982821), (0.001216689, -0.9999987, -0.001036714), (0.3269271, -0.9450487, -0.001315934), (0.5847102, -0.8112421, -0.0005480822), (-0.5847102, -0.8112421, 0.0005480822), (-0.3269271, -0.9450487, 0.001315934), (-0.001216689, -0.9999987, 0.001036714), (0.004682978, -0.9999811, 0.003982821), (0.4436928, -0.8961768, 0.001960404), (0.5844347, -0.8114364, 0.002642473), (-0.5555967, -0.7900625, 0.2590629), (-0.3299016, -0.8844941, 0.3299016), (-0.001546687, -0.9450104, 0.3270367), (0.002303211, -0.8962699, 0.443503), (0.3656073, -0.8559572, 0.3656073), (0.5195657, -0.7668657, 0.376787), (-0.5, -0.7071068, 0.5), (-0.2590629, -0.7900625, 0.5555967), (-0.0006445572, -0.811242, 0.5847102), (0.003101849, -0.8114696, 0.5843864), (0.376787, -0.7668657, 0.5195657), (0.4472136, -0.7745967, 0.4472136), (-0.5, 0.7071068, -0.5), (-0.2590629, 0.7900625, -0.5555967), (-0.0006445572, 0.811242, -0.5847102), (0.003101849, 0.8114696, -0.5843864), (0.376787, 0.7668657, -0.5195657), (0.4472136, 0.7745967, -0.4472136), (-0.5555967, 0.7900625, -0.2590629), (-0.3299016, 0.8844941, -0.3299016), (-0.001546687, 0.9450104, -0.3270367), (0.002303211, 0.8962699, -0.443503), (0.3656073, 0.8559572, -0.3656073), (0.5195657, 0.7668657, -0.376787), (-0.5847102, 0.8112421, -0.0005480822), (-0.3269271, 0.9450487, -0.001315934), (-0.001216689, 0.9999987, -0.001036714), (0.004682978, 0.9999811, -0.003982821), (0.4436928, 0.8961768, -0.001960404), (0.5844347, 0.8114364, -0.002642473), (-0.5844347, 0.8114364, 0.002642473), (-0.4436928, 0.8961768, 0.001960404), (-0.004682978, 0.9999811, 0.003982821), (0.001216689, 0.9999987, 0.001036714), (0.3269271, 0.9450487, 0.001315934), (0.5847102, 0.8112421, 0.0005480822), (-0.5195657, 0.7668657, 0.376787), (-0.3656073, 0.8559572, 0.3656073), (-0.002303211, 0.8962699, 0.443503), (0.001546687, 0.9450104, 0.3270367), (0.3299016, 0.8844941, 0.3299016), (0.5555967, 0.7900625, 0.2590629), (-0.4472136, 0.7745967, 0.4472136), (-0.376787, 0.7668657, 0.5195657), (-0.003101849, 0.8114696, 0.5843864), (0.0006445572, 0.811242, 0.5847102), (0.2590629, 0.7900625, 0.5555967), (0.5, 0.7071068, 0.5), (-0.4472136, -0.4472136, -0.7745967), (-0.5195657, -0.376787, -0.7668657), (-0.5821668, -0.02304976, -0.8127426), (-0.5847023, 0.005210927, -0.8112312), (-0.5555967, 0.2590629, -0.7900625), (-0.5, 0.5, -0.7071068), (-0.376787, -0.5195657, -0.7668657), (-0.3656073, -0.3656073, -0.8559572), (-0.4348534, -0.01778871, -0.9003255), (-0.3320634, 0.01217509, -0.9431785), (-0.3299016, 0.3299016, -0.8844941), (-0.2590629, 0.5555967, -0.7900625), (-0.003101849, -0.5843864, -0.8114696), (-0.002303211, -0.443503, -0.8962699), (-0.004231796, -0.03390057, -0.9994163), (-0.00132482, 0.009759725, -0.9999515), (-0.001546687, 0.3270367, -0.9450104), (-0.0006445572, 0.5847102, -0.811242), (0.0006445572, -0.5847102, -0.811242), (0.001546687, -0.3270367, -0.9450104), (0.00132482, -0.009759725, -0.9999515), (0.004231796, 0.03390057, -0.9994163), (0.002303211, 0.443503, -0.8962699), (0.003101849, 0.5843864, -0.8114696), (0.2590629, -0.5555967, -0.7900625), (0.3299016, -0.3299016, -0.8844941), (0.3320634, -0.01217509, -0.9431785), (0.4348534, 0.01778871, -0.9003255), (0.3656073, 0.3656073, -0.8559572), (0.376787, 0.5195657, -0.7668657), (0.5, -0.5, -0.7071068), (0.5555967, -0.2590629, -0.7900625), (0.5847023, -0.005210927, -0.8112312), (0.5821668, 0.02304976, -0.8127426), (0.5195657, 0.376787, -0.7668657), (0.4472136, 0.4472136, -0.7745967), (-0.5, -0.5, 0.7071068), (-0.5555967, -0.2590629, 0.7900625), (-0.5847023, -0.005210927, 0.8112312), (-0.5821668, 0.02304976, 0.8127426), (-0.5195657, 0.376787, 0.7668657), (-0.4472136, 0.4472136, 0.7745967), (-0.2590629, -0.5555967, 0.7900625), (-0.3299016, -0.3299016, 0.8844941), (-0.3320634, -0.01217509, 0.9431785), (-0.4348534, 0.01778871, 0.9003255), (-0.3656073, 0.3656073, 0.8559572), (-0.376787, 0.5195657, 0.7668657), (-0.0006445572, -0.5847102, 0.811242), (-0.001546687, -0.3270367, 0.9450104), (-0.00132482, -0.009759725, 0.9999515), (-0.004231796, 0.03390057, 0.9994163), (-0.002303211, 0.443503, 0.8962699), (-0.003101849, 0.5843864, 0.8114696), (0.003101849, -0.5843864, 0.8114696), (0.002303211, -0.443503, 0.8962699), (0.004231796, -0.03390057, 0.9994163), (0.00132482, 0.009759725, 0.9999515), (0.001546687, 0.3270367, 0.9450104), (0.0006445572, 0.5847102, 0.811242), (0.376787, -0.5195657, 0.7668657), (0.3656073, -0.3656073, 0.8559572), (0.4348534, -0.01778871, 0.9003255), (0.3320634, 0.01217509, 0.9431785), (0.3299016, 0.3299016, 0.8844941), (0.2590629, 0.5555967, 0.7900625), (0.4472136, -0.4472136, 0.7745967), (0.5195657, -0.376787, 0.7668657), (0.5821668, -0.02304976, 0.8127426), (0.5847023, 0.005210927, 0.8112312), (0.5555967, 0.2590629, 0.7900625), (0.5, 0.5, 0.7071068)] (interpolation = "vertex")
            float3[] extent = [(-0.005475, -0.00057, -0.0078), (0.005475, 0.00117, 0.005)]
            rel material:binding = </WorkbenchPart/Materials/alloy>
            texCoord2f[] primvars:st = [(-0.05444444, -0.8488889), (-0.04755329, -0.8508866), (-0.04555556, -0.8577778), (-0.05444444, -0.8488889), (-0.04555556, -0.8577778), (-0.05206267, -0.855396), (-0.05552285, -0.84), (-0.04859236, -0.84), (-0.04755329, -0.8508866), (-0.05552285, -0.84), (-0.04755329, -0.8508866), (-0.05444444, -0.8488889), (-0.05552285, 0.5288889), (-0.04859236, 0.5288889), (-0.04859236, -0.84), (-0.05552285, 0.5288889), (-0.04859236, -0.84), (-0.05552285, -0.84), (-0.05444444, 0.5377778), (-0.04755329, 0.5397755), (-0.04859236, 0.5288889), (-0.05444444, 0.5377778), (-0.04859236, 0.5288889), (-0.05552285, 0.5288889), (-0.05206267, 0.5442849), (-0.04555556, 0.5466667), (-0.04755329, 0.5397755), (-0.05206267, 0.5442849), (-0.04755329, 0.5397755), (-0.05444444, 0.5377778), (-0.04755329, -0.8508866), (-0.03666667, -0.8519257), (-0.03666667, -0.8588562), (-0.04755329, -0.8508866), (-0.03666667, -0.8588562), (-0.04555556, -0.8577778), (-0.04859236, -0.84), (-0.03666667, -0.84), (-0.03666667, -0.8519257), (-0.04859236, -0.84), (-0.03666667, -0.8519257), (-0.04755329, -0.8508866), (-0.04859236, 0.5288889), (-0.03666667, 0.5288889), (-0.03666667, -0.84), (-0.04859236, 0.5288889), (-0.03666667, -0.84), (-0.04859236, -0.84), (-0.04755329, 0.5397755), (-0.03666667, 0.5408146), (-0.03666667, 0.5288889), (-0.04755329, 0.5397755), (-0.03666667, 0.5288889), (-0.04859236, 0.5288889), (-0.04555556, 0.5466667), (-0.03666667, 0.5477451), (-0.03666667, 0.5408146), (-0.04555556, 0.5466667), (-0.03666667, 0.5408146), (-0.04755329, 0.5397755), (-0.03666667, -0.8519257), (0.1033333, -0.8519257), (0.1033333, -0.8588562), (-0.03666667, -0.8519257), (0.1033333, -0.8588562), (-0.03666667, -0.8588562), (-0.03666667, -0.84), (0.1033333, -0.84), (0.1033333, -0.8519257), (-0.03666667, -0.84), (0.1033333, -0.8519257), (-0.03666667, -0.8519257), (-0.03666667, 0.5288889), (0.1033333, 0.5288889), (0.1033333, -0.84), (-0.03666667, 0.5288889), (0.1033333, -0.84), (-0.03666667, -0.84), (-0.03666667, 0.5408146), (0.1033333, 0.5408146), (0.1033333, 0.5288889), (-0.03666667, 0.5408146), (0.1033333, 0.5288889), (-0.03666667, 0.5288889), (-0.03666667, 0.5477451), (0.1033333, 0.5477451), (0.1033333, 0.5408146), (-0.03666667, 0.5477451), (0.1033333, 0.5408146), (-0.03666667, 0.5408146), (0.1033333, -0.8519257), (0.11422, -0.8508866), (0.1122222, -0.8577778), (0.1033333, -0.8519257), (0.1122222, -0.8577778), (0.1033333, -0.8588562), (0.1033333, -0.84), (0.115259, -0.84), (0.11422, -0.8508866), (0.1033333, -0.84), (0.11422, -0.8508866), (0.1033333, -0.8519257), (0.1033333, 0.5288889), (0.115259, 0.5288889), (0.115259, -0.84), (0.1033333, 0.5288889), (0.115259, -0.84), (0.1033333, -0.84), (0.1033333, 0.5408146), (0.11422, 0.5397755), (0.115259, 0.5288889), (0.1033333, 0.5408146), (0.115259, 0.5288889), (0.1033333, 0.5288889), (0.1033333, 0.5477451), (0.1122222, 0.5466667), (0.11422, 0.5397755), (0.1033333, 0.5477451), (0.11422, 0.5397755), (0.1033333, 0.5408146), (0.11422, -0.8508866), (0.1211111, -0.8488889), (0.1187293, -0.855396), (0.11422, -0.8508866), (0.1187293, -0.855396), (0.1122222, -0.8577778), (0.115259, -0.84), (0.1221895, -0.84), (0.1211111, -0.8488889), (0.115259, -0.84), (0.1211111, -0.8488889), (0.11422, -0.8508866), (0.115259, 0.5288889), (0.1221895, 0.5288889), (0.1221895, -0.84), (0.115259, 0.5288889), (0.1221895, -0.84), (0.115259, -0.84), (0.11422, 0.5397755), (0.1211111, 0.5377778), (0.1221895, 0.5288889), (0.11422, 0.5397755), (0.1221895, 0.5288889), (0.115259, 0.5288889), (0.1122222, 0.5466667), (0.1187293, 0.5442849), (0.1211111, 0.5377778), (0.1122222, 0.5466667), (0.1211111, 0.5377778), (0.11422, 0.5397755), (-0.05206267, -0.855396), (-0.04555556, -0.8577778), (-0.04755329, -0.8508866), (-0.05206267, -0.855396), (-0.04755329, -0.8508866), (-0.05444444, -0.8488889), (-0.05444444, -0.8488889), (-0.04755329, -0.8508866), (-0.04859236, -0.84), (-0.05444444, -0.8488889), (-0.04859236, -0.84), (-0.05552285, -0.84), (-0.05552285, -0.84), (-0.04859236, -0.84), (-0.04859236, 0.5288889), (-0.05552285, -0.84), (-0.04859236, 0.5288889), (-0.05552285, 0.5288889), (-0.05552285, 0.5288889), (-0.04859236, 0.5288889), (-0.04755329, 0.5397755), (-0.05552285, 0.5288889), (-0.04755329, 0.5397755), (-0.05444444, 0.5377778), (-0.05444444, 0.5377778), (-0.04755329, 0.5397755), (-0.04555556, 0.5466667), (-0.05444444, 0.5377778), (-0.04555556, 0.5466667), (-0.05206267, 0.5442849), (-0.04555556, -0.8577778), (-0.03666667, -0.8588562), (-0.03666667, -0.8519257), (-0.04555556, -0.8577778), (-0.03666667, -0.8519257), (-0.04755329, -0.8508866), (-0.04755329, -0.8508866), (-0.03666667, -0.8519257), (-0.03666667, -0.84), (-0.04755329, -0.8508866), (-0.03666667, -0.84), (-0.04859236, -0.84), (-0.04859236, -0.84), (-0.03666667, -0.84), (-0.03666667, 0.5288889), (-0.04859236, -0.84), (-0.03666667, 0.5288889), (-0.04859236, 0.5288889), (-0.04859236, 0.5288889), (-0.03666667, 0.5288889), (-0.03666667, 0.5408146), (-0.04859236, 0.5288889), (-0.03666667, 0.5408146), (-0.04755329, 0.5397755), (-0.04755329, 0.5397755), (-0.03666667, 0.5408146), (-0.03666667, 0.5477451), (-0.04755329, 0.5397755), (-0.03666667, 0.5477451), (-0.04555556, 0.5466667), (-0.03666667, -0.8588562), (0.1033333, -0.8588562), (0.1033333, -0.8519257), (-0.03666667, -0.8588562), (0.1033333, -0.8519257), (-0.03666667, -0.8519257), (-0.03666667, -0.8519257), (0.1033333, -0.8519257), (0.1033333, -0.84), (-0.03666667, -0.8519257), (0.1033333, -0.84), (-0.03666667, -0.84), (-0.03666667, -0.84), (0.1033333, -0.84), (0.1033333, 0.5288889), (-0.03666667, -0.84), (0.1033333, 0.5288889), (-0.03666667, 0.5288889), (-0.03666667, 0.5288889), (0.1033333, 0.5288889), (0.1033333, 0.5408146), (-0.03666667, 0.5288889), (0.1033333, 0.5408146), (-0.03666667, 0.5408146), (-0.03666667, 0.5408146), (0.1033333, 0.5408146), (0.1033333, 0.5477451), (-0.03666667, 0.5408146), (0.1033333, 0.5477451), (-0.03666667, 0.5477451), (0.1033333, -0.8588562), (0.1122222, -0.8577778), (0.11422, -0.8508866), (0.1033333, -0.8588562), (0.11422, -0.8508866), (0.1033333, -0.8519257), (0.1033333, -0.8519257), (0.11422, -0.8508866), (0.115259, -0.84), (0.1033333, -0.8519257), (0.115259, -0.84), (0.1033333, -0.84), (0.1033333, -0.84), (0.115259, -0.84), (0.115259, 0.5288889), (0.1033333, -0.84), (0.115259, 0.5288889), (0.1033333, 0.5288889), (0.1033333, 0.5288889), (0.115259, 0.5288889), (0.11422, 0.5397755), (0.1033333, 0.5288889), (0.11422, 0.5397755), (0.1033333, 0.5408146), (0.1033333, 0.5408146), (0.11422, 0.5397755), (0.1122222, 0.5466667), (0.1033333, 0.5408146), (0.1122222, 0.5466667), (0.1033333, 0.5477451), (0.1122222, -0.8577778), (0.1187293, -0.855396), (0.1211111, -0.8488889), (0.1122222, -0.8577778), (0.1211111, -0.8488889), (0.11422, -0.8508866), (0.11422, -0.8508866), (0.1211111, -0.8488889), (0.1221895, -0.84), (0.11422, -0.8508866), (0.1221895, -0.84), (0.115259, -0.84), (0.115259, -0.84), (0.1221895, -0.84), (0.1221895, 0.5288889), (0.115259, -0.84), (0.1221895, 0.5288889), (0.115259, 0.5288889), (0.115259, 0.5288889), (0.1221895, 0.5288889), (0.1211111, 0.5377778), (0.115259, 0.5288889), (0.1211111, 0.5377778), (0.11422, 0.5397755), (0.11422, 0.5397755), (0.1211111, 0.5377778), (0.1187293, 0.5442849), (0.11422, 0.5397755), (0.1187293, 0.5442849), (0.1122222, 0.5466667), (-0.5905556, -0.8577778), (-0.5925533, -0.8508866), (-0.5994444, -0.8488889), (-0.5905556, -0.8577778), (-0.5994444, -0.8488889), (-0.5970627, -0.855396), (-0.5816667, -0.8588562), (-0.5816667, -0.8519257), (-0.5925533, -0.8508866), (-0.5816667, -0.8588562), (-0.5925533, -0.8508866), (-0.5905556, -0.8577778), (0.5816667, -0.8588562), (0.5816667, -0.8519257), (-0.5816667, -0.8519257), (0.5816667, -0.8588562), (-0.5816667, -0.8519257), (-0.5816667, -0.8588562), (0.5905556, -0.8577778), (0.5925533, -0.8508866), (0.5816667, -0.8519257), (0.5905556, -0.8577778), (0.5816667, -0.8519257), (0.5816667, -0.8588562), (0.5970627, -0.855396), (0.5994444, -0.8488889), (0.5925533, -0.8508866), (0.5970627, -0.855396), (0.5925533, -0.8508866), (0.5905556, -0.8577778), (-0.5925533, -0.8508866), (-0.5935924, -0.84), (-0.6005228, -0.84), (-0.5925533, -0.8508866), (-0.6005228, -0.84), (-0.5994444, -0.8488889), (-0.5816667, -0.8519257), (-0.5816667, -0.84), (-0.5935924, -0.84), (-0.5816667, -0.8519257), (-0.5935924, -0.84), (-0.5925533, -0.8508866), (0.5816667, -0.8519257), (0.5816667, -0.84), (-0.5816667, -0.84), (0.5816667, -0.8519257), (-0.5816667, -0.84), (-0.5816667, -0.8519257), (0.5925533, -0.8508866), (0.5935924, -0.84), (0.5816667, -0.84), (0.5925533, -0.8508866), (0.5816667, -0.84), (0.5816667, -0.8519257), (0.5994444, -0.8488889), (0.6005228, -0.84), (0.5935924, -0.84), (0.5994444, -0.8488889), (0.5935924, -0.84), (0.5925533, -0.8508866), (-0.5935924, -0.84), (-0.5935924, 0.5288889), (-0.6005228, 0.5288889), (-0.5935924, -0.84), (-0.6005228, 0.5288889), (-0.6005228, -0.84), (-0.5816667, -0.84), (-0.5816667, 0.5288889), (-0.5935924, 0.5288889), (-0.5816667, -0.84), (-0.5935924, 0.5288889), (-0.5935924, -0.84), (0.5816667, -0.84), (0.5816667, 0.5288889), (-0.5816667, 0.5288889), (0.5816667, -0.84), (-0.5816667, 0.5288889), (-0.5816667, -0.84), (0.5935924, -0.84), (0.5935924, 0.5288889), (0.5816667, 0.5288889), (0.5935924, -0.84), (0.5816667, 0.5288889), (0.5816667, -0.84), (0.6005228, -0.84), (0.6005228, 0.5288889), (0.5935924, 0.5288889), (0.6005228, -0.84), (0.5935924, 0.5288889), (0.5935924, -0.84), (-0.5935924, 0.5288889), (-0.5925533, 0.5397755), (-0.5994444, 0.5377778), (-0.5935924, 0.5288889), (-0.5994444, 0.5377778), (-0.6005228, 0.5288889), (-0.5816667, 0.5288889), (-0.5816667, 0.5408146), (-0.5925533, 0.5397755), (-0.5816667, 0.5288889), (-0.5925533, 0.5397755), (-0.5935924, 0.5288889), (0.5816667, 0.5288889), (0.5816667, 0.5408146), (-0.5816667, 0.5408146), (0.5816667, 0.5288889), (-0.5816667, 0.5408146), (-0.5816667, 0.5288889), (0.5935924, 0.5288889), (0.5925533, 0.5397755), (0.5816667, 0.5408146), (0.5935924, 0.5288889), (0.5816667, 0.5408146), (0.5816667, 0.5288889), (0.6005228, 0.5288889), (0.5994444, 0.5377778), (0.5925533, 0.5397755), (0.6005228, 0.5288889), (0.5925533, 0.5397755), (0.5935924, 0.5288889), (-0.5925533, 0.5397755), (-0.5905556, 0.5466667), (-0.5970627, 0.5442849), (-0.5925533, 0.5397755), (-0.5970627, 0.5442849), (-0.5994444, 0.5377778), (-0.5816667, 0.5408146), (-0.5816667, 0.5477451), (-0.5905556, 0.5466667), (-0.5816667, 0.5408146), (-0.5905556, 0.5466667), (-0.5925533, 0.5397755), (0.5816667, 0.5408146), (0.5816667, 0.5477451), (-0.5816667, 0.5477451), (0.5816667, 0.5408146), (-0.5816667, 0.5477451), (-0.5816667, 0.5408146), (0.5925533, 0.5397755), (0.5905556, 0.5466667), (0.5816667, 0.5477451), (0.5925533, 0.5397755), (0.5816667, 0.5477451), (0.5816667, 0.5408146), (0.5994444, 0.5377778), (0.5970627, 0.5442849), (0.5905556, 0.5466667), (0.5994444, 0.5377778), (0.5905556, 0.5466667), (0.5925533, 0.5397755), (-0.5970627, -0.855396), (-0.5994444, -0.8488889), (-0.5925533, -0.8508866), (-0.5970627, -0.855396), (-0.5925533, -0.8508866), (-0.5905556, -0.8577778), (-0.5905556, -0.8577778), (-0.5925533, -0.8508866), (-0.5816667, -0.8519257), (-0.5905556, -0.8577778), (-0.5816667, -0.8519257), (-0.5816667, -0.8588562), (-0.5816667, -0.8588562), (-0.5816667, -0.8519257), (0.5816667, -0.8519257), (-0.5816667, -0.8588562), (0.5816667, -0.8519257), (0.5816667, -0.8588562), (0.5816667, -0.8588562), (0.5816667, -0.8519257), (0.5925533, -0.8508866), (0.5816667, -0.8588562), (0.5925533, -0.8508866), (0.5905556, -0.8577778), (0.5905556, -0.8577778), (0.5925533, -0.8508866), (0.5994444, -0.8488889), (0.5905556, -0.8577778), (0.5994444, -0.8488889), (0.5970627, -0.855396), (-0.5994444, -0.8488889), (-0.6005228, -0.84), (-0.5935924, -0.84), (-0.5994444, -0.8488889), (-0.5935924, -0.84), (-0.5925533, -0.8508866), (-0.5925533, -0.8508866), (-0.5935924, -0.84), (-0.5816667, -0.84), (-0.5925533, -0.8508866), (-0.5816667, -0.84), (-0.5816667, -0.8519257), (-0.5816667, -0.8519257), (-0.5816667, -0.84), (0.5816667, -0.84), (-0.5816667, -0.8519257), (0.5816667, -0.84), (0.5816667, -0.8519257), (0.5816667, -0.8519257), (0.5816667, -0.84), (0.5935924, -0.84), (0.5816667, -0.8519257), (0.5935924, -0.84), (0.5925533, -0.8508866), (0.5925533, -0.8508866), (0.5935924, -0.84), (0.6005228, -0.84), (0.5925533, -0.8508866), (0.6005228, -0.84), (0.5994444, -0.8488889), (-0.6005228, -0.84), (-0.6005228, 0.5288889), (-0.5935924, 0.5288889), (-0.6005228, -0.84), (-0.5935924, 0.5288889), (-0.5935924, -0.84), (-0.5935924, -0.84), (-0.5935924, 0.5288889), (-0.5816667, 0.5288889), (-0.5935924, -0.84), (-0.5816667, 0.5288889), (-0.5816667, -0.84), (-0.5816667, -0.84), (-0.5816667, 0.5288889), (0.5816667, 0.5288889), (-0.5816667, -0.84), (0.5816667, 0.5288889), (0.5816667, -0.84), (0.5816667, -0.84), (0.5816667, 0.5288889), (0.5935924, 0.5288889), (0.5816667, -0.84), (0.5935924, 0.5288889), (0.5935924, -0.84), (0.5935924, -0.84), (0.5935924, 0.5288889), (0.6005228, 0.5288889), (0.5935924, -0.84), (0.6005228, 0.5288889), (0.6005228, -0.84), (-0.6005228, 0.5288889), (-0.5994444, 0.5377778), (-0.5925533, 0.5397755), (-0.6005228, 0.5288889), (-0.5925533, 0.5397755), (-0.5935924, 0.5288889), (-0.5935924, 0.5288889), (-0.5925533, 0.5397755), (-0.5816667, 0.5408146), (-0.5935924, 0.5288889), (-0.5816667, 0.5408146), (-0.5816667, 0.5288889), (-0.5816667, 0.5288889), (-0.5816667, 0.5408146), (0.5816667, 0.5408146), (-0.5816667, 0.5288889), (0.5816667, 0.5408146), (0.5816667, 0.5288889), (0.5816667, 0.5288889), (0.5816667, 0.5408146), (0.5925533, 0.5397755), (0.5816667, 0.5288889), (0.5925533, 0.5397755), (0.5935924, 0.5288889), (0.5935924, 0.5288889), (0.5925533, 0.5397755), (0.5994444, 0.5377778), (0.5935924, 0.5288889), (0.5994444, 0.5377778), (0.6005228, 0.5288889), (-0.5994444, 0.5377778), (-0.5970627, 0.5442849), (-0.5905556, 0.5466667), (-0.5994444, 0.5377778), (-0.5905556, 0.5466667), (-0.5925533, 0.5397755), (-0.5925533, 0.5397755), (-0.5905556, 0.5466667), (-0.5816667, 0.5477451), (-0.5925533, 0.5397755), (-0.5816667, 0.5477451), (-0.5816667, 0.5408146), (-0.5816667, 0.5408146), (-0.5816667, 0.5477451), (0.5816667, 0.5477451), (-0.5816667, 0.5408146), (0.5816667, 0.5477451), (0.5816667, 0.5408146), (0.5816667, 0.5408146), (0.5816667, 0.5477451), (0.5905556, 0.5466667), (0.5816667, 0.5408146), (0.5905556, 0.5466667), (0.5925533, 0.5397755), (0.5925533, 0.5397755), (0.5905556, 0.5466667), (0.5970627, 0.5442849), (0.5925533, 0.5397755), (0.5970627, 0.5442849), (0.5994444, 0.5377778), (-0.5994444, -0.04555556), (-0.5925533, -0.04755329), (-0.5905556, -0.05444444), (-0.5994444, -0.04555556), (-0.5905556, -0.05444444), (-0.5970627, -0.05206267), (-0.6005228, -0.03666667), (-0.5935924, -0.03666667), (-0.5925533, -0.04755329), (-0.6005228, -0.03666667), (-0.5925533, -0.04755329), (-0.5994444, -0.04555556), (-0.6005228, 0.1033333), (-0.5935924, 0.1033333), (-0.5935924, -0.03666667), (-0.6005228, 0.1033333), (-0.5935924, -0.03666667), (-0.6005228, -0.03666667), (-0.5994444, 0.1122222), (-0.5925533, 0.11422), (-0.5935924, 0.1033333), (-0.5994444, 0.1122222), (-0.5935924, 0.1033333), (-0.6005228, 0.1033333), (-0.5970627, 0.1187293), (-0.5905556, 0.1211111), (-0.5925533, 0.11422), (-0.5970627, 0.1187293), (-0.5925533, 0.11422), (-0.5994444, 0.1122222), (-0.5925533, -0.04755329), (-0.5816667, -0.04859236), (-0.5816667, -0.05552285), (-0.5925533, -0.04755329), (-0.5816667, -0.05552285), (-0.5905556, -0.05444444), (-0.5935924, -0.03666667), (-0.5816667, -0.03666667), (-0.5816667, -0.04859236), (-0.5935924, -0.03666667), (-0.5816667, -0.04859236), (-0.5925533, -0.04755329), (-0.5935924, 0.1033333), (-0.5816667, 0.1033333), (-0.5816667, -0.03666667), (-0.5935924, 0.1033333), (-0.5816667, -0.03666667), (-0.5935924, -0.03666667), (-0.5925533, 0.11422), (-0.5816667, 0.115259), (-0.5816667, 0.1033333), (-0.5925533, 0.11422), (-0.5816667, 0.1033333), (-0.5935924, 0.1033333), (-0.5905556, 0.1211111), (-0.5816667, 0.1221895), (-0.5816667, 0.115259), (-0.5905556, 0.1211111), (-0.5816667, 0.115259), (-0.5925533, 0.11422), (-0.5816667, -0.04859236), (0.5816667, -0.04859236), (0.5816667, -0.05552285), (-0.5816667, -0.04859236), (0.5816667, -0.05552285), (-0.5816667, -0.05552285), (-0.5816667, -0.03666667), (0.5816667, -0.03666667), (0.5816667, -0.04859236), (-0.5816667, -0.03666667), (0.5816667, -0.04859236), (-0.5816667, -0.04859236), (-0.5816667, 0.1033333), (0.5816667, 0.1033333), (0.5816667, -0.03666667), (-0.5816667, 0.1033333), (0.5816667, -0.03666667), (-0.5816667, -0.03666667), (-0.5816667, 0.115259), (0.5816667, 0.115259), (0.5816667, 0.1033333), (-0.5816667, 0.115259), (0.5816667, 0.1033333), (-0.5816667, 0.1033333), (-0.5816667, 0.1221895), (0.5816667, 0.1221895), (0.5816667, 0.115259), (-0.5816667, 0.1221895), (0.5816667, 0.115259), (-0.5816667, 0.115259), (0.5816667, -0.04859236), (0.5925533, -0.04755329), (0.5905556, -0.05444444), (0.5816667, -0.04859236), (0.5905556, -0.05444444), (0.5816667, -0.05552285), (0.5816667, -0.03666667), (0.5935924, -0.03666667), (0.5925533, -0.04755329), (0.5816667, -0.03666667), (0.5925533, -0.04755329), (0.5816667, -0.04859236), (0.5816667, 0.1033333), (0.5935924, 0.1033333), (0.5935924, -0.03666667), (0.5816667, 0.1033333), (0.5935924, -0.03666667), (0.5816667, -0.03666667), (0.5816667, 0.115259), (0.5925533, 0.11422), (0.5935924, 0.1033333), (0.5816667, 0.115259), (0.5935924, 0.1033333), (0.5816667, 0.1033333), (0.5816667, 0.1221895), (0.5905556, 0.1211111), (0.5925533, 0.11422), (0.5816667, 0.1221895), (0.5925533, 0.11422), (0.5816667, 0.115259), (0.5925533, -0.04755329), (0.5994444, -0.04555556), (0.5970627, -0.05206267), (0.5925533, -0.04755329), (0.5970627, -0.05206267), (0.5905556, -0.05444444), (0.5935924, -0.03666667), (0.6005228, -0.03666667), (0.5994444, -0.04555556), (0.5935924, -0.03666667), (0.5994444, -0.04555556), (0.5925533, -0.04755329), (0.5935924, 0.1033333), (0.6005228, 0.1033333), (0.6005228, -0.03666667), (0.5935924, 0.1033333), (0.6005228, -0.03666667), (0.5935924, -0.03666667), (0.5925533, 0.11422), (0.5994444, 0.1122222), (0.6005228, 0.1033333), (0.5925533, 0.11422), (0.6005228, 0.1033333), (0.5935924, 0.1033333), (0.5905556, 0.1211111), (0.5970627, 0.1187293), (0.5994444, 0.1122222), (0.5905556, 0.1211111), (0.5994444, 0.1122222), (0.5925533, 0.11422), (-0.5970627, -0.05206267), (-0.5905556, -0.05444444), (-0.5925533, -0.04755329), (-0.5970627, -0.05206267), (-0.5925533, -0.04755329), (-0.5994444, -0.04555556), (-0.5994444, -0.04555556), (-0.5925533, -0.04755329), (-0.5935924, -0.03666667), (-0.5994444, -0.04555556), (-0.5935924, -0.03666667), (-0.6005228, -0.03666667), (-0.6005228, -0.03666667), (-0.5935924, -0.03666667), (-0.5935924, 0.1033333), (-0.6005228, -0.03666667), (-0.5935924, 0.1033333), (-0.6005228, 0.1033333), (-0.6005228, 0.1033333), (-0.5935924, 0.1033333), (-0.5925533, 0.11422), (-0.6005228, 0.1033333), (-0.5925533, 0.11422), (-0.5994444, 0.1122222), (-0.5994444, 0.1122222), (-0.5925533, 0.11422), (-0.5905556, 0.1211111), (-0.5994444, 0.1122222), (-0.5905556, 0.1211111), (-0.5970627, 0.1187293), (-0.5905556, -0.05444444), (-0.5816667, -0.05552285), (-0.5816667, -0.04859236), (-0.5905556, -0.05444444), (-0.5816667, -0.04859236), (-0.5925533, -0.04755329), (-0.5925533, -0.04755329), (-0.5816667, -0.04859236), (-0.5816667, -0.03666667), (-0.5925533, -0.04755329), (-0.5816667, -0.03666667), (-0.5935924, -0.03666667), (-0.5935924, -0.03666667), (-0.5816667, -0.03666667), (-0.5816667, 0.1033333), (-0.5935924, -0.03666667), (-0.5816667, 0.1033333), (-0.5935924, 0.1033333), (-0.5935924, 0.1033333), (-0.5816667, 0.1033333), (-0.5816667, 0.115259), (-0.5935924, 0.1033333), (-0.5816667, 0.115259), (-0.5925533, 0.11422), (-0.5925533, 0.11422), (-0.5816667, 0.115259), (-0.5816667, 0.1221895), (-0.5925533, 0.11422), (-0.5816667, 0.1221895), (-0.5905556, 0.1211111), (-0.5816667, -0.05552285), (0.5816667, -0.05552285), (0.5816667, -0.04859236), (-0.5816667, -0.05552285), (0.5816667, -0.04859236), (-0.5816667, -0.04859236), (-0.5816667, -0.04859236), (0.5816667, -0.04859236), (0.5816667, -0.03666667), (-0.5816667, -0.04859236), (0.5816667, -0.03666667), (-0.5816667, -0.03666667), (-0.5816667, -0.03666667), (0.5816667, -0.03666667), (0.5816667, 0.1033333), (-0.5816667, -0.03666667), (0.5816667, 0.1033333), (-0.5816667, 0.1033333), (-0.5816667, 0.1033333), (0.5816667, 0.1033333), (0.5816667, 0.115259), (-0.5816667, 0.1033333), (0.5816667, 0.115259), (-0.5816667, 0.115259), (-0.5816667, 0.115259), (0.5816667, 0.115259), (0.5816667, 0.1221895), (-0.5816667, 0.115259), (0.5816667, 0.1221895), (-0.5816667, 0.1221895), (0.5816667, -0.05552285), (0.5905556, -0.05444444), (0.5925533, -0.04755329), (0.5816667, -0.05552285), (0.5925533, -0.04755329), (0.5816667, -0.04859236), (0.5816667, -0.04859236), (0.5925533, -0.04755329), (0.5935924, -0.03666667), (0.5816667, -0.04859236), (0.5935924, -0.03666667), (0.5816667, -0.03666667), (0.5816667, -0.03666667), (0.5935924, -0.03666667), (0.5935924, 0.1033333), (0.5816667, -0.03666667), (0.5935924, 0.1033333), (0.5816667, 0.1033333), (0.5816667, 0.1033333), (0.5935924, 0.1033333), (0.5925533, 0.11422), (0.5816667, 0.1033333), (0.5925533, 0.11422), (0.5816667, 0.115259), (0.5816667, 0.115259), (0.5925533, 0.11422), (0.5905556, 0.1211111), (0.5816667, 0.115259), (0.5905556, 0.1211111), (0.5816667, 0.1221895), (0.5905556, -0.05444444), (0.5970627, -0.05206267), (0.5994444, -0.04555556), (0.5905556, -0.05444444), (0.5994444, -0.04555556), (0.5925533, -0.04755329), (0.5925533, -0.04755329), (0.5994444, -0.04555556), (0.6005228, -0.03666667), (0.5925533, -0.04755329), (0.6005228, -0.03666667), (0.5935924, -0.03666667), (0.5935924, -0.03666667), (0.6005228, -0.03666667), (0.6005228, 0.1033333), (0.5935924, -0.03666667), (0.6005228, 0.1033333), (0.5935924, 0.1033333), (0.5935924, 0.1033333), (0.6005228, 0.1033333), (0.5994444, 0.1122222), (0.5935924, 0.1033333), (0.5994444, 0.1122222), (0.5925533, 0.11422), (0.5925533, 0.11422), (0.5994444, 0.1122222), (0.5970627, 0.1187293), (0.5925533, 0.11422), (0.5970627, 0.1187293), (0.5905556, 0.1211111)] (interpolation = "faceVarying")
        }
        def Mesh "UFLShield_01" (prepend apiSchemas = ["MaterialBindingAPI"])
        {
            uniform token subdivisionScheme = "none"
            uniform token orientation = "rightHanded"
            bool doubleSided = false
            point3f[] points = [(-0.00398, -0.000155, -0.0082), (-0.003986402, -0.000155, -0.008118654), (-0.004005451, -0.000155, -0.008039311), (-0.004036677, -0.000155, -0.007963925), (-0.004079311, -0.000155, -0.007894352), (-0.004132304, -0.000155, -0.007832304), (-0.004194352, -0.000155, -0.007779311), (-0.004263925, -0.000155, -0.007736677), (-0.004339311, -0.000155, -0.007705451), (-0.004418654, -0.000155, -0.007686402), (-0.0045, -0.000155, -0.00768), (-0.004581346, -0.000155, -0.007686402), (-0.004660689, -0.000155, -0.007705451), (-0.004736075, -0.000155, -0.007736677), (-0.004805648, -0.000155, -0.007779311), (-0.004867696, -0.000155, -0.007832304), (-0.004920689, -0.000155, -0.007894352), (-0.004963323, -0.000155, -0.007963925), (-0.004994549, -0.000155, -0.008039311), (-0.005013598, -0.000155, -0.008118654), (-0.00502, -0.000155, -0.0082), (-0.005013598, -0.000155, -0.008281346), (-0.004994549, -0.000155, -0.008360689), (-0.004963323, -0.000155, -0.008436075), (-0.004920689, -0.000155, -0.008505648), (-0.004867696, -0.000155, -0.008567696), (-0.004805648, -0.000155, -0.008620689), (-0.004736075, -0.000155, -0.008663323), (-0.004660689, -0.000155, -0.008694549), (-0.004581346, -0.000155, -0.008713598), (-0.0045, -0.000155, -0.00872), (-0.004418654, -0.000155, -0.008713598), (-0.004339311, -0.000155, -0.008694549), (-0.004263925, -0.000155, -0.008663323), (-0.004194352, -0.000155, -0.008620689), (-0.004132304, -0.000155, -0.008567696), (-0.004079311, -0.000155, -0.008505648), (-0.004036677, -0.000155, -0.008436075), (-0.004005451, -0.000155, -0.008360689), (-0.003986402, -0.000155, -0.008281346), (-0.00352, -0.000155, -0.0082), (-0.003532065, -0.000155, -0.008046694), (-0.003567965, -0.000155, -0.007897163), (-0.003626814, -0.000155, -0.007755089), (-0.003707163, -0.000155, -0.00762397), (-0.003807035, -0.000155, -0.007507035), (-0.00392397, -0.000155, -0.007407163), (-0.004055089, -0.000155, -0.007326814), (-0.004197163, -0.000155, -0.007267965), (-0.004346694, -0.000155, -0.007232065), (-0.0045, -0.000155, -0.00722), (-0.004653306, -0.000155, -0.007232065), (-0.004802837, -0.000155, -0.007267965), (-0.004944911, -0.000155, -0.007326814), (-0.00507603, -0.000155, -0.007407163), (-0.005192965, -0.000155, -0.007507035), (-0.005292837, -0.000155, -0.00762397), (-0.005373186, -0.000155, -0.007755089), (-0.005432035, -0.000155, -0.007897163), (-0.005467935, -0.000155, -0.008046694), (-0.00548, -0.000155, -0.0082), (-0.005467935, -0.000155, -0.008353306), (-0.005432035, -0.000155, -0.008502837), (-0.005373186, -0.000155, -0.008644911), (-0.005292837, -0.000155, -0.00877603), (-0.005192965, -0.000155, -0.008892965), (-0.00507603, -0.000155, -0.008992837), (-0.004944911, -0.000155, -0.009073186), (-0.004802837, -0.000155, -0.009132035), (-0.004653306, -0.000155, -0.009167935), (-0.0045, -0.000155, -0.00918), (-0.004346694, -0.000155, -0.009167935), (-0.004197163, -0.000155, -0.009132035), (-0.004055089, -0.000155, -0.009073186), (-0.00392397, -0.000155, -0.008992837), (-0.003807035, -0.000155, -0.008892965), (-0.003707163, -0.000155, -0.00877603), (-0.003626814, -0.000155, -0.008644911), (-0.003567965, -0.000155, -0.008502837), (-0.003532065, -0.000155, -0.008353306), (-0.00352, 0.000545, -0.0082), (-0.003532065, 0.000545, -0.008046694), (-0.003567965, 0.000545, -0.007897163), (-0.003626814, 0.000545, -0.007755089), (-0.003707163, 0.000545, -0.00762397), (-0.003807035, 0.000545, -0.007507035), (-0.00392397, 0.000545, -0.007407163), (-0.004055089, 0.000545, -0.007326814), (-0.004197163, 0.000545, -0.007267965), (-0.004346694, 0.000545, -0.007232065), (-0.0045, 0.000545, -0.00722), (-0.004653306, 0.000545, -0.007232065), (-0.004802837, 0.000545, -0.007267965), (-0.004944911, 0.000545, -0.007326814), (-0.00507603, 0.000545, -0.007407163), (-0.005192965, 0.000545, -0.007507035), (-0.005292837, 0.000545, -0.00762397), (-0.005373186, 0.000545, -0.007755089), (-0.005432035, 0.000545, -0.007897163), (-0.005467935, 0.000545, -0.008046694), (-0.00548, 0.000545, -0.0082), (-0.005467935, 0.000545, -0.008353306), (-0.005432035, 0.000545, -0.008502837), (-0.005373186, 0.000545, -0.008644911), (-0.005292837, 0.000545, -0.00877603), (-0.005192965, 0.000545, -0.008892965), (-0.00507603, 0.000545, -0.008992837), (-0.004944911, 0.000545, -0.009073186), (-0.004802837, 0.000545, -0.009132035), (-0.004653306, 0.000545, -0.009167935), (-0.0045, 0.000545, -0.00918), (-0.004346694, 0.000545, -0.009167935), (-0.004197163, 0.000545, -0.009132035), (-0.004055089, 0.000545, -0.009073186), (-0.00392397, 0.000545, -0.008992837), (-0.003807035, 0.000545, -0.008892965), (-0.003707163, 0.000545, -0.00877603), (-0.003626814, 0.000545, -0.008644911), (-0.003567965, 0.000545, -0.008502837), (-0.003532065, 0.000545, -0.008353306), (-0.00398, 0.000545, -0.0082), (-0.003986402, 0.000545, -0.008118654), (-0.004005451, 0.000545, -0.008039311), (-0.004036677, 0.000545, -0.007963925), (-0.004079311, 0.000545, -0.007894352), (-0.004132304, 0.000545, -0.007832304), (-0.004194352, 0.000545, -0.007779311), (-0.004263925, 0.000545, -0.007736677), (-0.004339311, 0.000545, -0.007705451), (-0.004418654, 0.000545, -0.007686402), (-0.0045, 0.000545, -0.00768), (-0.004581346, 0.000545, -0.007686402), (-0.004660689, 0.000545, -0.007705451), (-0.004736075, 0.000545, -0.007736677), (-0.004805648, 0.000545, -0.007779311), (-0.004867696, 0.000545, -0.007832304), (-0.004920689, 0.000545, -0.007894352), (-0.004963323, 0.000545, -0.007963925), (-0.004994549, 0.000545, -0.008039311), (-0.005013598, 0.000545, -0.008118654), (-0.00502, 0.000545, -0.0082), (-0.005013598, 0.000545, -0.008281346), (-0.004994549, 0.000545, -0.008360689), (-0.004963323, 0.000545, -0.008436075), (-0.004920689, 0.000545, -0.008505648), (-0.004867696, 0.000545, -0.008567696), (-0.004805648, 0.000545, -0.008620689), (-0.004736075, 0.000545, -0.008663323), (-0.004660689, 0.000545, -0.008694549), (-0.004581346, 0.000545, -0.008713598), (-0.0045, 0.000545, -0.00872), (-0.004418654, 0.000545, -0.008713598), (-0.004339311, 0.000545, -0.008694549), (-0.004263925, 0.000545, -0.008663323), (-0.004194352, 0.000545, -0.008620689), (-0.004132304, 0.000545, -0.008567696), (-0.004079311, 0.000545, -0.008505648), (-0.004036677, 0.000545, -0.008436075), (-0.004005451, 0.000545, -0.008360689), (-0.003986402, 0.000545, -0.008281346)]
            int[] faceVertexCounts = [3, 3, 3, 3, 3, 3, 3, 3, 3, 3, 3, 3, 3, 3, 3, 3, 3, 3, 3, 3, 3, 3, 3, 3, 3, 3, 3, 3, 3, 3, 3, 3, 3, 3, 3, 3, 3, 3, 3, 3, 3, 3, 3, 3, 3, 3, 3, 3, 3, 3, 3, 3, 3, 3, 3, 3, 3, 3, 3, 3, 3, 3, 3, 3, 3, 3, 3, 3, 3, 3, 3, 3, 3, 3, 3, 3, 3, 3, 3, 3, 3, 3, 3, 3, 3, 3, 3, 3, 3, 3, 3, 3, 3, 3, 3, 3, 3, 3, 3, 3, 3, 3, 3, 3, 3, 3, 3, 3, 3, 3, 3, 3, 3, 3, 3, 3, 3, 3, 3, 3, 3, 3, 3, 3, 3, 3, 3, 3, 3, 3, 3, 3, 3, 3, 3, 3, 3, 3, 3, 3, 3, 3, 3, 3, 3, 3, 3, 3, 3, 3, 3, 3, 3, 3, 3, 3, 3, 3, 3, 3, 3, 3, 3, 3, 3, 3, 3, 3, 3, 3, 3, 3, 3, 3, 3, 3, 3, 3, 3, 3, 3, 3, 3, 3, 3, 3, 3, 3, 3, 3, 3, 3, 3, 3, 3, 3, 3, 3, 3, 3, 3, 3, 3, 3, 3, 3, 3, 3, 3, 3, 3, 3, 3, 3, 3, 3, 3, 3, 3, 3, 3, 3, 3, 3, 3, 3, 3, 3, 3, 3, 3, 3, 3, 3, 3, 3, 3, 3, 3, 3, 3, 3, 3, 3, 3, 3, 3, 3, 3, 3, 3, 3, 3, 3, 3, 3, 3, 3, 3, 3, 3, 3, 3, 3, 3, 3, 3, 3, 3, 3, 3, 3, 3, 3, 3, 3, 3, 3, 3, 3, 3, 3, 3, 3, 3, 3, 3, 3, 3, 3, 3, 3, 3, 3, 3, 3, 3, 3, 3, 3, 3, 3, 3, 3, 3, 3, 3, 3, 3, 3, 3, 3, 3, 3, 3, 3, 3, 3, 3, 3]
            int[] faceVertexIndices = [0, 41, 1, 0, 40, 41, 1, 42, 2, 1, 41, 42, 2, 43, 3, 2, 42, 43, 3, 44, 4, 3, 43, 44, 4, 45, 5, 4, 44, 45, 5, 46, 6, 5, 45, 46, 6, 47, 7, 6, 46, 47, 7, 48, 8, 7, 47, 48, 8, 49, 9, 8, 48, 49, 9, 50, 10, 9, 49, 50, 10, 51, 11, 10, 50, 51, 11, 52, 12, 11, 51, 52, 12, 53, 13, 12, 52, 53, 13, 54, 14, 13, 53, 54, 14, 55, 15, 14, 54, 55, 15, 56, 16, 15, 55, 56, 16, 57, 17, 16, 56, 57, 17, 58, 18, 17, 57, 58, 18, 59, 19, 18, 58, 59, 19, 60, 20, 19, 59, 60, 20, 61, 21, 20, 60, 61, 21, 62, 22, 21, 61, 62, 22, 63, 23, 22, 62, 63, 23, 64, 24, 23, 63, 64, 24, 65, 25, 24, 64, 65, 25, 66, 26, 25, 65, 66, 26, 67, 27, 26, 66, 67, 27, 68, 28, 27, 67, 68, 28, 69, 29, 28, 68, 69, 29, 70, 30, 29, 69, 70, 30, 71, 31, 30, 70, 71, 31, 72, 32, 31, 71, 72, 32, 73, 33, 32, 72, 73, 33, 74, 34, 33, 73, 74, 34, 75, 35, 34, 74, 75, 35, 76, 36, 35, 75, 76, 36, 77, 37, 36, 76, 77, 37, 78, 38, 37, 77, 78, 38, 79, 39, 38, 78, 79, 39, 40, 0, 39, 79, 40, 40, 81, 41, 40, 80, 81, 41, 82, 42, 41, 81, 82, 42, 83, 43, 42, 82, 83, 43, 84, 44, 43, 83, 84, 44, 85, 45, 44, 84, 85, 45, 86, 46, 45, 85, 86, 46, 87, 47, 46, 86, 87, 47, 88, 48, 47, 87, 88, 48, 89, 49, 48, 88, 89, 49, 90, 50, 49, 89, 90, 50, 91, 51, 50, 90, 91, 51, 92, 52, 51, 91, 92, 52, 93, 53, 52, 92, 93, 53, 94, 54, 53, 93, 94, 54, 95, 55, 54, 94, 95, 55, 96, 56, 55, 95, 96, 56, 97, 57, 56, 96, 97, 57, 98, 58, 57, 97, 98, 58, 99, 59, 58, 98, 99, 59, 100, 60, 59, 99, 100, 60, 101, 61, 60, 100, 101, 61, 102, 62, 61, 101, 102, 62, 103, 63, 62, 102, 103, 63, 104, 64, 63, 103, 104, 64, 105, 65, 64, 104, 105, 65, 106, 66, 65, 105, 106, 66, 107, 67, 66, 106, 107, 67, 108, 68, 67, 107, 108, 68, 109, 69, 68, 108, 109, 69, 110, 70, 69, 109, 110, 70, 111, 71, 70, 110, 111, 71, 112, 72, 71, 111, 112, 72, 113, 73, 72, 112, 113, 73, 114, 74, 73, 113, 114, 74, 115, 75, 74, 114, 115, 75, 116, 76, 75, 115, 116, 76, 117, 77, 76, 116, 117, 77, 118, 78, 77, 117, 118, 78, 119, 79, 78, 118, 119, 79, 80, 40, 79, 119, 80, 80, 121, 81, 80, 120, 121, 81, 122, 82, 81, 121, 122, 82, 123, 83, 82, 122, 123, 83, 124, 84, 83, 123, 124, 84, 125, 85, 84, 124, 125, 85, 126, 86, 85, 125, 126, 86, 127, 87, 86, 126, 127, 87, 128, 88, 87, 127, 128, 88, 129, 89, 88, 128, 129, 89, 130, 90, 89, 129, 130, 90, 131, 91, 90, 130, 131, 91, 132, 92, 91, 131, 132, 92, 133, 93, 92, 132, 133, 93, 134, 94, 93, 133, 134, 94, 135, 95, 94, 134, 135, 95, 136, 96, 95, 135, 136, 96, 137, 97, 96, 136, 137, 97, 138, 98, 97, 137, 138, 98, 139, 99, 98, 138, 139, 99, 140, 100, 99, 139, 140, 100, 141, 101, 100, 140, 141, 101, 142, 102, 101, 141, 142, 102, 143, 103, 102, 142, 143, 103, 144, 104, 103, 143, 144, 104, 145, 105, 104, 144, 145, 105, 146, 106, 105, 145, 146, 106, 147, 107, 106, 146, 147, 107, 148, 108, 107, 147, 148, 108, 149, 109, 108, 148, 149, 109, 150, 110, 109, 149, 150, 110, 151, 111, 110, 150, 151, 111, 152, 112, 111, 151, 152, 112, 153, 113, 112, 152, 153, 113, 154, 114, 113, 153, 154, 114, 155, 115, 114, 154, 155, 115, 156, 116, 115, 155, 156, 116, 157, 117, 116, 156, 157, 117, 158, 118, 117, 157, 158, 118, 159, 119, 118, 158, 159, 119, 120, 80, 119, 159, 120, 120, 1, 121, 120, 0, 1, 121, 2, 122, 121, 1, 2, 122, 3, 123, 122, 2, 3, 123, 4, 124, 123, 3, 4, 124, 5, 125, 124, 4, 5, 125, 6, 126, 125, 5, 6, 126, 7, 127, 126, 6, 7, 127, 8, 128, 127, 7, 8, 128, 9, 129, 128, 8, 9, 129, 10, 130, 129, 9, 10, 130, 11, 131, 130, 10, 11, 131, 12, 132, 131, 11, 12, 132, 13, 133, 132, 12, 13, 133, 14, 134, 133, 13, 14, 134, 15, 135, 134, 14, 15, 135, 16, 136, 135, 15, 16, 136, 17, 137, 136, 16, 17, 137, 18, 138, 137, 17, 18, 138, 19, 139, 138, 18, 19, 139, 20, 140, 139, 19, 20, 140, 21, 141, 140, 20, 21, 141, 22, 142, 141, 21, 22, 142, 23, 143, 142, 22, 23, 143, 24, 144, 143, 23, 24, 144, 25, 145, 144, 24, 25, 145, 26, 146, 145, 25, 26, 146, 27, 147, 146, 26, 27, 147, 28, 148, 147, 27, 28, 148, 29, 149, 148, 28, 29, 149, 30, 150, 149, 29, 30, 150, 31, 151, 150, 30, 31, 151, 32, 152, 151, 31, 32, 152, 33, 153, 152, 32, 33, 153, 34, 154, 153, 33, 34, 154, 35, 155, 154, 34, 35, 155, 36, 156, 155, 35, 36, 156, 37, 157, 156, 36, 37, 157, 38, 158, 157, 37, 38, 158, 39, 159, 158, 38, 39, 159, 0, 120, 159, 39, 0]
            normal3f[] normals = [(-0.7614431, -0.6479239, 0.01997562), (-0.7551933, -0.6479239, -0.09938625), (-0.7303482, -0.6479239, -0.2163009), (-0.6875195, -0.6479239, -0.3278895), (-0.6277618, -0.6479239, -0.4314044), (-0.5525465, -0.6479239, -0.5242967), (-0.4637256, -0.6479239, -0.604279), (-0.3634863, -0.6479239, -0.669382), (-0.2542968, -0.6479239, -0.7180026), (-0.1388456, -0.6479239, -0.7489436), (-0.01997562, -0.6479239, -0.7614431), (0.09938625, -0.6479239, -0.7551933), (0.2163009, -0.6479239, -0.7303482), (0.3278895, -0.6479239, -0.6875195), (0.4314044, -0.6479239, -0.6277618), (0.5242967, -0.6479239, -0.5525465), (0.604279, -0.6479239, -0.4637256), (0.669382, -0.6479239, -0.3634863), (0.7180026, -0.6479239, -0.2542968), (0.7489436, -0.6479239, -0.1388456), (0.7614431, -0.6479239, -0.01997562), (0.7551933, -0.6479239, 0.09938625), (0.7303482, -0.6479239, 0.2163009), (0.6875195, -0.6479239, 0.3278895), (0.6277618, -0.6479239, 0.4314044), (0.5525465, -0.6479239, 0.5242967), (0.4637256, -0.6479239, 0.604279), (0.3634863, -0.6479239, 0.669382), (0.2542968, -0.6479239, 0.7180026), (0.1388456, -0.6479239, 0.7489436), (0.01997562, -0.6479239, 0.7614431), (-0.09938625, -0.6479239, 0.7551933), (-0.2163009, -0.6479239, 0.7303482), (-0.3278895, -0.6479239, 0.6875195), (-0.4314044, -0.6479239, 0.6277618), (-0.5242967, -0.6479239, 0.5525465), (-0.604279, -0.6479239, 0.4637256), (-0.669382, -0.6479239, 0.3634863), (-0.7180026, -0.6479239, 0.2542968), (-0.7489436, -0.6479239, 0.1388456), (0.8743838, -0.4846924, 0.0229385), (0.8600303, -0.4846924, 0.1594399), (0.8245, -0.4846924, 0.2920153), (0.7686678, -0.4846924, 0.4174003), (0.6939085, -0.4846924, 0.5325075), (0.6020628, -0.4846924, 0.6345027), (0.4953923, -0.4846924, 0.7208743), (0.3765236, -0.4846924, 0.7894955), (0.2483836, -0.4846924, 0.8386768), (0.1141277, -0.4846924, 0.8672071), (-0.0229385, -0.4846924, 0.8743838), (-0.1594399, -0.4846924, 0.8600303), (-0.2920153, -0.4846924, 0.8245), (-0.4174003, -0.4846924, 0.7686678), (-0.5325075, -0.4846924, 0.6939085), (-0.6345027, -0.4846924, 0.6020628), (-0.7208743, -0.4846924, 0.4953923), (-0.7894955, -0.4846924, 0.3765236), (-0.8386768, -0.4846924, 0.2483836), (-0.8672071, -0.4846924, 0.1141277), (-0.8743838, -0.4846924, -0.0229385), (-0.8600303, -0.4846924, -0.1594399), (-0.8245, -0.4846924, -0.2920153), (-0.7686678, -0.4846924, -0.4174003), (-0.6939085, -0.4846924, -0.5325075), (-0.6020628, -0.4846924, -0.6345027), (-0.4953923, -0.4846924, -0.7208743), (-0.3765236, -0.4846924, -0.7894955), (-0.2483836, -0.4846924, -0.8386768), (-0.1141277, -0.4846924, -0.8672071), (0.0229385, -0.4846924, -0.8743838), (0.1594399, -0.4846924, -0.8600303), (0.2920153, -0.4846924, -0.8245), (0.4174003, -0.4846924, -0.7686678), (0.5325075, -0.4846924, -0.6939085), (0.6345027, -0.4846924, -0.6020628), (0.7208743, -0.4846924, -0.4953923), (0.7894955, -0.4846924, -0.3765236), (0.8386768, -0.4846924, -0.2483836), (0.8672071, -0.4846924, -0.1141277), (0.8743838, 0.4846924, -0.0229385), (0.8672071, 0.4846924, 0.1141277), (0.8386768, 0.4846924, 0.2483836), (0.7894955, 0.4846924, 0.3765236), (0.7208743, 0.4846924, 0.4953923), (0.6345027, 0.4846924, 0.6020628), (0.5325075, 0.4846924, 0.6939085), (0.4174003, 0.4846924, 0.7686678), (0.2920153, 0.4846924, 0.8245), (0.1594399, 0.4846924, 0.8600303), (0.0229385, 0.4846924, 0.8743838), (-0.1141277, 0.4846924, 0.8672071), (-0.2483836, 0.4846924, 0.8386768), (-0.3765236, 0.4846924, 0.7894955), (-0.4953923, 0.4846924, 0.7208743), (-0.6020628, 0.4846924, 0.6345027), (-0.6939085, 0.4846924, 0.5325075), (-0.7686678, 0.4846924, 0.4174003), (-0.8245, 0.4846924, 0.2920153), (-0.8600303, 0.4846924, 0.1594399), (-0.8743838, 0.4846924, 0.0229385), (-0.8672071, 0.4846924, -0.1141277), (-0.8386768, 0.4846924, -0.2483836), (-0.7894955, 0.4846924, -0.3765236), (-0.7208743, 0.4846924, -0.4953923), (-0.6345027, 0.4846924, -0.6020628), (-0.5325075, 0.4846924, -0.6939085), (-0.4174003, 0.4846924, -0.7686678), (-0.2920153, 0.4846924, -0.8245), (-0.1594399, 0.4846924, -0.8600303), (-0.0229385, 0.4846924, -0.8743838), (0.1141277, 0.4846924, -0.8672071), (0.2483836, 0.4846924, -0.8386768), (0.3765236, 0.4846924, -0.7894955), (0.4953923, 0.4846924, -0.7208743), (0.6020628, 0.4846924, -0.6345027), (0.6939085, 0.4846924, -0.5325075), (0.7686678, 0.4846924, -0.4174003), (0.8245, 0.4846924, -0.2920153), (0.8600303, 0.4846924, -0.1594399), (-0.7614431, 0.6479239, -0.01997562), (-0.7489436, 0.6479239, -0.1388456), (-0.7180026, 0.6479239, -0.2542968), (-0.669382, 0.6479239, -0.3634863), (-0.604279, 0.6479239, -0.4637256), (-0.5242967, 0.6479239, -0.5525465), (-0.4314044, 0.6479239, -0.6277618), (-0.3278895, 0.6479239, -0.6875195), (-0.2163009, 0.6479239, -0.7303482), (-0.09938625, 0.6479239, -0.7551933), (0.01997562, 0.6479239, -0.7614431), (0.1388456, 0.6479239, -0.7489436), (0.2542968, 0.6479239, -0.7180026), (0.3634863, 0.6479239, -0.669382), (0.4637256, 0.6479239, -0.604279), (0.5525465, 0.6479239, -0.5242967), (0.6277618, 0.6479239, -0.4314044), (0.6875195, 0.6479239, -0.3278895), (0.7303482, 0.6479239, -0.2163009), (0.7551933, 0.6479239, -0.09938625), (0.7614431, 0.6479239, 0.01997562), (0.7489436, 0.6479239, 0.1388456), (0.7180026, 0.6479239, 0.2542968), (0.669382, 0.6479239, 0.3634863), (0.604279, 0.6479239, 0.4637256), (0.5242967, 0.6479239, 0.5525465), (0.4314044, 0.6479239, 0.6277618), (0.3278895, 0.6479239, 0.6875195), (0.2163009, 0.6479239, 0.7303482), (0.09938625, 0.6479239, 0.7551933), (-0.01997562, 0.6479239, 0.7614431), (-0.1388456, 0.6479239, 0.7489436), (-0.2542968, 0.6479239, 0.7180026), (-0.3634863, 0.6479239, 0.669382), (-0.4637256, 0.6479239, 0.604279), (-0.5525465, 0.6479239, 0.5242967), (-0.6277618, 0.6479239, 0.4314044), (-0.6875195, 0.6479239, 0.3278895), (-0.7303482, 0.6479239, 0.2163009), (-0.7551933, 0.6479239, 0.09938625)] (interpolation = "vertex")
            float3[] extent = [(-0.00548, -0.000155, -0.00918), (-0.00352, 0.000545, -0.00722)]
            rel material:binding = </WorkbenchPart/Materials/gold>
        }
        def Mesh "UFLInsulator_01" (prepend apiSchemas = ["MaterialBindingAPI"])
        {
            uniform token subdivisionScheme = "none"
            uniform token orientation = "rightHanded"
            bool doubleSided = false
            point3f[] points = [(-0.0045, -0.000159, -0.00868), (-0.004593643, -0.000159, -0.008670777), (-0.004683688, -0.000159, -0.008643462), (-0.004766674, -0.000159, -0.008599105), (-0.004839411, -0.000159, -0.008539411), (-0.004899105, -0.000159, -0.008466674), (-0.004943462, -0.000159, -0.008383688), (-0.004970777, -0.000159, -0.008293643), (-0.00498, -0.000159, -0.0082), (-0.004970777, -0.000159, -0.008106357), (-0.004943462, -0.000159, -0.008016312), (-0.004899105, -0.000159, -0.007933326), (-0.004839411, -0.000159, -0.007860589), (-0.004766674, -0.000159, -0.007800895), (-0.004683688, -0.000159, -0.007756538), (-0.004593643, -0.000159, -0.007729223), (-0.0045, -0.000159, -0.00772), (-0.004406357, -0.000159, -0.007729223), (-0.004316312, -0.000159, -0.007756538), (-0.004233326, -0.000159, -0.007800895), (-0.004160589, -0.000159, -0.007860589), (-0.004100895, -0.000159, -0.007933326), (-0.004056538, -0.000159, -0.008016312), (-0.004029223, -0.000159, -0.008106357), (-0.00402, -0.000159, -0.0082), (-0.004029223, -0.000159, -0.008293643), (-0.004056538, -0.000159, -0.008383688), (-0.004100895, -0.000159, -0.008466674), (-0.004160589, -0.000159, -0.008539411), (-0.004233326, -0.000159, -0.008599105), (-0.004316312, -0.000159, -0.008643462), (-0.004406357, -0.000159, -0.008670777), (-0.0045, 0.000561, -0.00868), (-0.004593643, 0.000561, -0.008670777), (-0.004683688, 0.000561, -0.008643462), (-0.004766674, 0.000561, -0.008599105), (-0.004839411, 0.000561, -0.008539411), (-0.004899105, 0.000561, -0.008466674), (-0.004943462, 0.000561, -0.008383688), (-0.004970777, 0.000561, -0.008293643), (-0.00498, 0.000561, -0.0082), (-0.004970777, 0.000561, -0.008106357), (-0.004943462, 0.000561, -0.008016312), (-0.004899105, 0.000561, -0.007933326), (-0.004839411, 0.000561, -0.007860589), (-0.004766674, 0.000561, -0.007800895), (-0.004683688, 0.000561, -0.007756538), (-0.004593643, 0.000561, -0.007729223), (-0.0045, 0.000561, -0.00772), (-0.004406357, 0.000561, -0.007729223), (-0.004316312, 0.000561, -0.007756538), (-0.004233326, 0.000561, -0.007800895), (-0.004160589, 0.000561, -0.007860589), (-0.004100895, 0.000561, -0.007933326), (-0.004056538, 0.000561, -0.008016312), (-0.004029223, 0.000561, -0.008106357), (-0.00402, 0.000561, -0.0082), (-0.004029223, 0.000561, -0.008293643), (-0.004056538, 0.000561, -0.008383688), (-0.004100895, 0.000561, -0.008466674), (-0.004160589, 0.000561, -0.008539411), (-0.004233326, 0.000561, -0.008599105), (-0.004316312, 0.000561, -0.008643462), (-0.004406357, 0.000561, -0.008670777), (-0.0045, -0.000159, -0.00868), (-0.004593643, -0.000159, -0.008670777), (-0.004683688, -0.000159, -0.008643462), (-0.004766674, -0.000159, -0.008599105), (-0.004839411, -0.000159, -0.008539411), (-0.004899105, -0.000159, -0.008466674), (-0.004943462, -0.000159, -0.008383688), (-0.004970777, -0.000159, -0.008293643), (-0.00498, -0.000159, -0.0082), (-0.004970777, -0.000159, -0.008106357), (-0.004943462, -0.000159, -0.008016312), (-0.004899105, -0.000159, -0.007933326), (-0.004839411, -0.000159, -0.007860589), (-0.004766674, -0.000159, -0.007800895), (-0.004683688, -0.000159, -0.007756538), (-0.004593643, -0.000159, -0.007729223), (-0.0045, -0.000159, -0.00772), (-0.004406357, -0.000159, -0.007729223), (-0.004316312, -0.000159, -0.007756538), (-0.004233326, -0.000159, -0.007800895), (-0.004160589, -0.000159, -0.007860589), (-0.004100895, -0.000159, -0.007933326), (-0.004056538, -0.000159, -0.008016312), (-0.004029223, -0.000159, -0.008106357), (-0.00402, -0.000159, -0.0082), (-0.004029223, -0.000159, -0.008293643), (-0.004056538, -0.000159, -0.008383688), (-0.004100895, -0.000159, -0.008466674), (-0.004160589, -0.000159, -0.008539411), (-0.004233326, -0.000159, -0.008599105), (-0.004316312, -0.000159, -0.008643462), (-0.004406357, -0.000159, -0.008670777), (-0.0045, 0.000561, -0.00868), (-0.004593643, 0.000561, -0.008670777), (-0.004683688, 0.000561, -0.008643462), (-0.004766674, 0.000561, -0.008599105), (-0.004839411, 0.000561, -0.008539411), (-0.004899105, 0.000561, -0.008466674), (-0.004943462, 0.000561, -0.008383688), (-0.004970777, 0.000561, -0.008293643), (-0.00498, 0.000561, -0.0082), (-0.004970777, 0.000561, -0.008106357), (-0.004943462, 0.000561, -0.008016312), (-0.004899105, 0.000561, -0.007933326), (-0.004839411, 0.000561, -0.007860589), (-0.004766674, 0.000561, -0.007800895), (-0.004683688, 0.000561, -0.007756538), (-0.004593643, 0.000561, -0.007729223), (-0.0045, 0.000561, -0.00772), (-0.004406357, 0.000561, -0.007729223), (-0.004316312, 0.000561, -0.007756538), (-0.004233326, 0.000561, -0.007800895), (-0.004160589, 0.000561, -0.007860589), (-0.004100895, 0.000561, -0.007933326), (-0.004056538, 0.000561, -0.008016312), (-0.004029223, 0.000561, -0.008106357), (-0.00402, 0.000561, -0.0082), (-0.004029223, 0.000561, -0.008293643), (-0.004056538, 0.000561, -0.008383688), (-0.004100895, 0.000561, -0.008466674), (-0.004160589, 0.000561, -0.008539411), (-0.004233326, 0.000561, -0.008599105), (-0.004316312, 0.000561, -0.008643462), (-0.004406357, 0.000561, -0.008670777)]
            int[] faceVertexCounts = [3, 3, 3, 3, 3, 3, 3, 3, 3, 3, 3, 3, 3, 3, 3, 3, 3, 3, 3, 3, 3, 3, 3, 3, 3, 3, 3, 3, 3, 3, 3, 3, 3, 3, 3, 3, 3, 3, 3, 3, 3, 3, 3, 3, 3, 3, 3, 3, 3, 3, 3, 3, 3, 3, 3, 3, 3, 3, 3, 3, 3, 3, 3, 3, 3, 3, 3, 3, 3, 3, 3, 3, 3, 3, 3, 3, 3, 3, 3, 3, 3, 3, 3, 3, 3, 3, 3, 3, 3, 3, 3, 3, 3, 3, 3, 3, 3, 3, 3, 3, 3, 3, 3, 3, 3, 3, 3, 3, 3, 3, 3, 3, 3, 3, 3, 3, 3, 3, 3, 3, 3, 3, 3, 3]
            int[] faceVertexIndices = [95, 94, 93, 95, 93, 92, 95, 92, 91, 95, 91, 90, 95, 90, 89, 95, 89, 88, 95, 88, 87, 95, 87, 86, 95, 86, 85, 95, 85, 84, 95, 84, 83, 95, 83, 82, 95, 82, 81, 95, 81, 80, 95, 80, 79, 95, 79, 78, 95, 78, 77, 95, 77, 76, 95, 76, 75, 95, 75, 74, 95, 74, 73, 95, 73, 72, 95, 72, 71, 95, 71, 70, 95, 70, 69, 95, 69, 68, 95, 68, 67, 95, 67, 66, 95, 66, 65, 95, 65, 64, 96, 97, 98, 96, 98, 99, 96, 99, 100, 96, 100, 101, 96, 101, 102, 96, 102, 103, 96, 103, 104, 96, 104, 105, 96, 105, 106, 96, 106, 107, 96, 107, 108, 96, 108, 109, 96, 109, 110, 96, 110, 111, 96, 111, 112, 96, 112, 113, 96, 113, 114, 96, 114, 115, 96, 115, 116, 96, 116, 117, 96, 117, 118, 96, 118, 119, 96, 119, 120, 96, 120, 121, 96, 121, 122, 96, 122, 123, 96, 123, 124, 96, 124, 125, 96, 125, 126, 96, 126, 127, 0, 1, 33, 0, 33, 32, 1, 2, 34, 1, 34, 33, 2, 3, 35, 2, 35, 34, 3, 4, 36, 3, 36, 35, 4, 5, 37, 4, 37, 36, 5, 6, 38, 5, 38, 37, 6, 7, 39, 6, 39, 38, 7, 8, 40, 7, 40, 39, 8, 9, 41, 8, 41, 40, 9, 10, 42, 9, 42, 41, 10, 11, 43, 10, 43, 42, 11, 12, 44, 11, 44, 43, 12, 13, 45, 12, 45, 44, 13, 14, 46, 13, 46, 45, 14, 15, 47, 14, 47, 46, 15, 16, 48, 15, 48, 47, 16, 17, 49, 16, 49, 48, 17, 18, 50, 17, 50, 49, 18, 19, 51, 18, 51, 50, 19, 20, 52, 19, 52, 51, 20, 21, 53, 20, 53, 52, 21, 22, 54, 21, 54, 53, 22, 23, 55, 22, 55, 54, 23, 24, 56, 23, 56, 55, 24, 25, 57, 24, 57, 56, 25, 26, 58, 25, 58, 57, 26, 27, 59, 26, 59, 58, 27, 28, 60, 27, 60, 59, 28, 29, 61, 28, 61, 60, 29, 30, 62, 29, 62, 61, 30, 31, 63, 30, 63, 62, 31, 0, 32, 31, 32, 63]
            normal3f[] normals = [(-0.03281279, 0, -0.9994615), (-0.2271676, 0, -0.9738557), (-0.4127924, 0, -0.9108251), (-0.5825539, 0, -0.8127921), (-0.7299282, 0, -0.6835239), (-0.8492517, 0, -0.5279882), (-0.9359389, 0, -0.3521623), (-0.9866586, 0, -0.162803), (-0.9994615, 0, 0.03281279), (-0.9738557, 0, 0.2271676), (-0.9108251, 0, 0.4127924), (-0.8127921, 0, 0.5825539), (-0.6835239, 0, 0.7299282), (-0.5279882, 0, 0.8492517), (-0.3521623, 0, 0.9359389), (-0.162803, 0, 0.9866586), (0.03281279, 0, 0.9994615), (0.2271676, 0, 0.9738557), (0.4127924, 0, 0.9108251), (0.5825539, 0, 0.8127921), (0.7299282, 0, 0.6835239), (0.8492517, 0, 0.5279882), (0.9359389, 0, 0.3521623), (0.9866586, 0, 0.162803), (0.9994615, 0, -0.03281279), (0.9738557, 0, -0.2271676), (0.9108251, 0, -0.4127924), (0.8127921, 0, -0.5825539), (0.6835239, 0, -0.7299282), (0.5279882, 0, -0.8492517), (0.3521623, 0, -0.9359389), (0.162803, 0, -0.9866586), (0.03281279, 0, -0.9994615), (-0.162803, 0, -0.9866586), (-0.3521623, 0, -0.9359389), (-0.5279882, 0, -0.8492517), (-0.6835239, 0, -0.7299282), (-0.8127921, 0, -0.5825539), (-0.9108251, 0, -0.4127924), (-0.9738557, 0, -0.2271676), (-0.9994615, 0, -0.03281279), (-0.9866586, 0, 0.162803), (-0.9359389, 0, 0.3521623), (-0.8492517, 0, 0.5279882), (-0.7299282, 0, 0.6835239), (-0.5825539, 0, 0.8127921), (-0.4127924, 0, 0.9108251), (-0.2271676, 0, 0.9738557), (-0.03281279, 0, 0.9994615), (0.162803, 0, 0.9866586), (0.3521623, 0, 0.9359389), (0.5279882, 0, 0.8492517), (0.6835239, 0, 0.7299282), (0.8127921, 0, 0.5825539), (0.9108251, 0, 0.4127924), (0.9738557, 0, 0.2271676), (0.9994615, 0, 0.03281279), (0.9866586, 0, -0.162803), (0.9359389, 0, -0.3521623), (0.8492517, 0, -0.5279882), (0.7299282, 0, -0.6835239), (0.5825539, 0, -0.8127921), (0.4127924, 0, -0.9108251), (0.2271676, 0, -0.9738557), (0, -1, 0), (0, -1, 0), (0, -1, 0), (0, -1, 0), (0, -1, 0), (0, -1, 0), (0, -1, 0), (0, -1, 0), (0, -1, 0), (0, -1, 0), (0, -1, 0), (0, -1, 0), (0, -1, 0), (0, -1, 0), (0, -1, 0), (0, -1, 0), (0, -1, 0), (0, -1, 0), (0, -1, 0), (0, -1, 0), (0, -1, 0), (0, -1, 0), (0, -1, 0), (0, -1, 0), (0, -1, 0), (0, -1, 0), (0, -1, 0), (0, -1, 0), (0, -1, 0), (0, -1, 0), (0, -1, 0), (0, -1, 0), (0, 1, 0), (0, 1, 0), (0, 1, 0), (0, 1, 0), (0, 1, 0), (0, 1, 0), (0, 1, 0), (0, 1, 0), (0, 1, 0), (0, 1, 0), (0, 1, 0), (0, 1, 0), (0, 1, 0), (0, 1, 0), (0, 1, 0), (0, 1, 0), (0, 1, 0), (0, 1, 0), (0, 1, 0), (0, 1, 0), (0, 1, 0), (0, 1, 0), (0, 1, 0), (0, 1, 0), (0, 1, 0), (0, 1, 0), (0, 1, 0), (0, 1, 0), (0, 1, 0), (0, 1, 0), (0, 1, 0), (0, 1, 0)] (interpolation = "vertex")
            float3[] extent = [(-0.00498, -0.000159, -0.00868), (-0.00402, 0.000561, -0.00772)]
            rel material:binding = </WorkbenchPart/Materials/ceramic>
            texCoord2f[] primvars:st = [(-0.4895952, -0.9634197), (-0.4795902, -0.9603847), (-0.4703696, -0.9554562), (-0.4895952, -0.9634197), (-0.4703696, -0.9554562), (-0.4622876, -0.9488235), (-0.4895952, -0.9634197), (-0.4622876, -0.9488235), (-0.455655, -0.9407415), (-0.4895952, -0.9634197), (-0.455655, -0.9407415), (-0.4507264, -0.9315209), (-0.4895952, -0.9634197), (-0.4507264, -0.9315209), (-0.4476915, -0.9215159), (-0.4895952, -0.9634197), (-0.4476915, -0.9215159), (-0.4466667, -0.9111111), (-0.4895952, -0.9634197), (-0.4466667, -0.9111111), (-0.4476915, -0.9007063), (-0.4895952, -0.9634197), (-0.4476915, -0.9007063), (-0.4507264, -0.8907013), (-0.4895952, -0.9634197), (-0.4507264, -0.8907013), (-0.455655, -0.8814807), (-0.4895952, -0.9634197), (-0.455655, -0.8814807), (-0.4622876, -0.8733987), (-0.4895952, -0.9634197), (-0.4622876, -0.8733987), (-0.4703696, -0.8667661), (-0.4895952, -0.9634197), (-0.4703696, -0.8667661), (-0.4795902, -0.8618375), (-0.4895952, -0.9634197), (-0.4795902, -0.8618375), (-0.4895952, -0.8588026), (-0.4895952, -0.9634197), (-0.4895952, -0.8588026), (-0.5, -0.8577778), (-0.4895952, -0.9634197), (-0.5, -0.8577778), (-0.5104048, -0.8588026), (-0.4895952, -0.9634197), (-0.5104048, -0.8588026), (-0.5204098, -0.8618375), (-0.4895952, -0.9634197), (-0.5204098, -0.8618375), (-0.5296304, -0.8667661), (-0.4895952, -0.9634197), (-0.5296304, -0.8667661), (-0.5377124, -0.8733987), (-0.4895952, -0.9634197), (-0.5377124, -0.8733987), (-0.544345, -0.8814807), (-0.4895952, -0.9634197), (-0.544345, -0.8814807), (-0.5492736, -0.8907013), (-0.4895952, -0.9634197), (-0.5492736, -0.8907013), (-0.5523085, -0.9007063), (-0.4895952, -0.9634197), (-0.5523085, -0.9007063), (-0.5533333, -0.9111111), (-0.4895952, -0.9634197), (-0.5533333, -0.9111111), (-0.5523085, -0.9215159), (-0.4895952, -0.9634197), (-0.5523085, -0.9215159), (-0.5492736, -0.9315209), (-0.4895952, -0.9634197), (-0.5492736, -0.9315209), (-0.544345, -0.9407415), (-0.4895952, -0.9634197), (-0.544345, -0.9407415), (-0.5377124, -0.9488235), (-0.4895952, -0.9634197), (-0.5377124, -0.9488235), (-0.5296304, -0.9554562), (-0.4895952, -0.9634197), (-0.5296304, -0.9554562), (-0.5204098, -0.9603847), (-0.4895952, -0.9634197), (-0.5204098, -0.9603847), (-0.5104048, -0.9634197), (-0.4895952, -0.9634197), (-0.5104048, -0.9634197), (-0.5, -0.9644444), (-0.5, -0.9644444), (-0.5104048, -0.9634197), (-0.5204098, -0.9603847), (-0.5, -0.9644444), (-0.5204098, -0.9603847), (-0.5296304, -0.9554562), (-0.5, -0.9644444), (-0.5296304, -0.9554562), (-0.5377124, -0.9488235), (-0.5, -0.9644444), (-0.5377124, -0.9488235), (-0.544345, -0.9407415), (-0.5, -0.9644444), (-0.544345, -0.9407415), (-0.5492736, -0.9315209), (-0.5, -0.9644444), (-0.5492736, -0.9315209), (-0.5523085, -0.9215159), (-0.5, -0.9644444), (-0.5523085, -0.9215159), (-0.5533333, -0.9111111), (-0.5, -0.9644444), (-0.5533333, -0.9111111), (-0.5523085, -0.9007063), (-0.5, -0.9644444), (-0.5523085, -0.9007063), (-0.5492736, -0.8907013), (-0.5, -0.9644444), (-0.5492736, -0.8907013), (-0.544345, -0.8814807), (-0.5, -0.9644444), (-0.544345, -0.8814807), (-0.5377124, -0.8733987), (-0.5, -0.9644444), (-0.5377124, -0.8733987), (-0.5296304, -0.8667661), (-0.5, -0.9644444), (-0.5296304, -0.8667661), (-0.5204098, -0.8618375), (-0.5, -0.9644444), (-0.5204098, -0.8618375), (-0.5104048, -0.8588026), (-0.5, -0.9644444), (-0.5104048, -0.8588026), (-0.5, -0.8577778), (-0.5, -0.9644444), (-0.5, -0.8577778), (-0.4895952, -0.8588026), (-0.5, -0.9644444), (-0.4895952, -0.8588026), (-0.4795902, -0.8618375), (-0.5, -0.9644444), (-0.4795902, -0.8618375), (-0.4703696, -0.8667661), (-0.5, -0.9644444), (-0.4703696, -0.8667661), (-0.4622876, -0.8733987), (-0.5, -0.9644444), (-0.4622876, -0.8733987), (-0.455655, -0.8814807), (-0.5, -0.9644444), (-0.455655, -0.8814807), (-0.4507264, -0.8907013), (-0.5, -0.9644444), (-0.4507264, -0.8907013), (-0.4476915, -0.9007063), (-0.5, -0.9644444), (-0.4476915, -0.9007063), (-0.4466667, -0.9111111), (-0.5, -0.9644444), (-0.4466667, -0.9111111), (-0.4476915, -0.9215159), (-0.5, -0.9644444), (-0.4476915, -0.9215159), (-0.4507264, -0.9315209), (-0.5, -0.9644444), (-0.4507264, -0.9315209), (-0.455655, -0.9407415), (-0.5, -0.9644444), (-0.455655, -0.9407415), (-0.4622876, -0.9488235), (-0.5, -0.9644444), (-0.4622876, -0.9488235), (-0.4703696, -0.9554562), (-0.5, -0.9644444), (-0.4703696, -0.9554562), (-0.4795902, -0.9603847), (-0.5, -0.9644444), (-0.4795902, -0.9603847), (-0.4895952, -0.9634197), (-0.5, -0.01766667), (-0.5104048, -0.01766667), (-0.5104048, 0.06233333), (-0.5, -0.01766667), (-0.5104048, 0.06233333), (-0.5, 0.06233333), (-0.5104048, -0.01766667), (-0.5204098, -0.01766667), (-0.5204098, 0.06233333), (-0.5104048, -0.01766667), (-0.5204098, 0.06233333), (-0.5104048, 0.06233333), (-0.5204098, -0.01766667), (-0.5296304, -0.01766667), (-0.5296304, 0.06233333), (-0.5204098, -0.01766667), (-0.5296304, 0.06233333), (-0.5204098, 0.06233333), (-0.5296304, -0.01766667), (-0.5377124, -0.01766667), (-0.5377124, 0.06233333), (-0.5296304, -0.01766667), (-0.5377124, 0.06233333), (-0.5296304, 0.06233333), (-0.01766667, -0.9488235), (-0.01766667, -0.9407415), (0.06233333, -0.9407415), (-0.01766667, -0.9488235), (0.06233333, -0.9407415), (0.06233333, -0.9488235), (-0.01766667, -0.9407415), (-0.01766667, -0.9315209), (0.06233333, -0.9315209), (-0.01766667, -0.9407415), (0.06233333, -0.9315209), (0.06233333, -0.9407415), (-0.01766667, -0.9315209), (-0.01766667, -0.9215159), (0.06233333, -0.9215159), (-0.01766667, -0.9315209), (0.06233333, -0.9215159), (0.06233333, -0.9315209), (-0.01766667, -0.9215159), (-0.01766667, -0.9111111), (0.06233333, -0.9111111), (-0.01766667, -0.9215159), (0.06233333, -0.9111111), (0.06233333, -0.9215159), (-0.01766667, -0.9111111), (-0.01766667, -0.9007063), (0.06233333, -0.9007063), (-0.01766667, -0.9111111), (0.06233333, -0.9007063), (0.06233333, -0.9111111), (-0.01766667, -0.9007063), (-0.01766667, -0.8907013), (0.06233333, -0.8907013), (-0.01766667, -0.9007063), (0.06233333, -0.8907013), (0.06233333, -0.9007063), (-0.01766667, -0.8907013), (-0.01766667, -0.8814807), (0.06233333, -0.8814807), (-0.01766667, -0.8907013), (0.06233333, -0.8814807), (0.06233333, -0.8907013), (-0.01766667, -0.8814807), (-0.01766667, -0.8733987), (0.06233333, -0.8733987), (-0.01766667, -0.8814807), (0.06233333, -0.8733987), (0.06233333, -0.8814807), (-0.5377124, -0.01766667), (-0.5296304, -0.01766667), (-0.5296304, 0.06233333), (-0.5377124, -0.01766667), (-0.5296304, 0.06233333), (-0.5377124, 0.06233333), (-0.5296304, -0.01766667), (-0.5204098, -0.01766667), (-0.5204098, 0.06233333), (-0.5296304, -0.01766667), (-0.5204098, 0.06233333), (-0.5296304, 0.06233333), (-0.5204098, -0.01766667), (-0.5104048, -0.01766667), (-0.5104048, 0.06233333), (-0.5204098, -0.01766667), (-0.5104048, 0.06233333), (-0.5204098, 0.06233333), (-0.5104048, -0.01766667), (-0.5, -0.01766667), (-0.5, 0.06233333), (-0.5104048, -0.01766667), (-0.5, 0.06233333), (-0.5104048, 0.06233333), (-0.5, -0.01766667), (-0.4895952, -0.01766667), (-0.4895952, 0.06233333), (-0.5, -0.01766667), (-0.4895952, 0.06233333), (-0.5, 0.06233333), (-0.4895952, -0.01766667), (-0.4795902, -0.01766667), (-0.4795902, 0.06233333), (-0.4895952, -0.01766667), (-0.4795902, 0.06233333), (-0.4895952, 0.06233333), (-0.4795902, -0.01766667), (-0.4703696, -0.01766667), (-0.4703696, 0.06233333), (-0.4795902, -0.01766667), (-0.4703696, 0.06233333), (-0.4795902, 0.06233333), (-0.4703696, -0.01766667), (-0.4622876, -0.01766667), (-0.4622876, 0.06233333), (-0.4703696, -0.01766667), (-0.4622876, 0.06233333), (-0.4703696, 0.06233333), (-0.01766667, -0.8733987), (-0.01766667, -0.8814807), (0.06233333, -0.8814807), (-0.01766667, -0.8733987), (0.06233333, -0.8814807), (0.06233333, -0.8733987), (-0.01766667, -0.8814807), (-0.01766667, -0.8907013), (0.06233333, -0.8907013), (-0.01766667, -0.8814807), (0.06233333, -0.8907013), (0.06233333, -0.8814807), (-0.01766667, -0.8907013), (-0.01766667, -0.9007063), (0.06233333, -0.9007063), (-0.01766667, -0.8907013), (0.06233333, -0.9007063), (0.06233333, -0.8907013), (-0.01766667, -0.9007063), (-0.01766667, -0.9111111), (0.06233333, -0.9111111), (-0.01766667, -0.9007063), (0.06233333, -0.9111111), (0.06233333, -0.9007063), (-0.01766667, -0.9111111), (-0.01766667, -0.9215159), (0.06233333, -0.9215159), (-0.01766667, -0.9111111), (0.06233333, -0.9215159), (0.06233333, -0.9111111), (-0.01766667, -0.9215159), (-0.01766667, -0.9315209), (0.06233333, -0.9315209), (-0.01766667, -0.9215159), (0.06233333, -0.9315209), (0.06233333, -0.9215159), (-0.01766667, -0.9315209), (-0.01766667, -0.9407415), (0.06233333, -0.9407415), (-0.01766667, -0.9315209), (0.06233333, -0.9407415), (0.06233333, -0.9315209), (-0.01766667, -0.9407415), (-0.01766667, -0.9488235), (0.06233333, -0.9488235), (-0.01766667, -0.9407415), (0.06233333, -0.9488235), (0.06233333, -0.9407415), (-0.4622876, -0.01766667), (-0.4703696, -0.01766667), (-0.4703696, 0.06233333), (-0.4622876, -0.01766667), (-0.4703696, 0.06233333), (-0.4622876, 0.06233333), (-0.4703696, -0.01766667), (-0.4795902, -0.01766667), (-0.4795902, 0.06233333), (-0.4703696, -0.01766667), (-0.4795902, 0.06233333), (-0.4703696, 0.06233333), (-0.4795902, -0.01766667), (-0.4895952, -0.01766667), (-0.4895952, 0.06233333), (-0.4795902, -0.01766667), (-0.4895952, 0.06233333), (-0.4795902, 0.06233333), (-0.4895952, -0.01766667), (-0.5, -0.01766667), (-0.5, 0.06233333), (-0.4895952, -0.01766667), (-0.5, 0.06233333), (-0.4895952, 0.06233333)] (interpolation = "faceVarying")
        }
        def Mesh "UFLPin_01" (prepend apiSchemas = ["MaterialBindingAPI"])
        {
            uniform token subdivisionScheme = "none"
            uniform token orientation = "rightHanded"
            bool doubleSided = false
            point3f[] points = [(-0.0045, -0.000174, -0.00836), (-0.004561229, -0.000174, -0.008347821), (-0.004613137, -0.000174, -0.008313137), (-0.004647821, -0.000174, -0.008261229), (-0.00466, -0.000174, -0.0082), (-0.004647821, -0.000174, -0.008138771), (-0.004613137, -0.000174, -0.008086863), (-0.004561229, -0.000174, -0.008052179), (-0.0045, -0.000174, -0.00804), (-0.004438771, -0.000174, -0.008052179), (-0.004386863, -0.000174, -0.008086863), (-0.004352179, -0.000174, -0.008138771), (-0.00434, -0.000174, -0.0082), (-0.004352179, -0.000174, -0.008261229), (-0.004386863, -0.000174, -0.008313137), (-0.004438771, -0.000174, -0.008347821), (-0.0045, 0.000576, -0.00836), (-0.004561229, 0.000576, -0.008347821), (-0.004613137, 0.000576, -0.008313137), (-0.004647821, 0.000576, -0.008261229), (-0.00466, 0.000576, -0.0082), (-0.004647821, 0.000576, -0.008138771), (-0.004613137, 0.000576, -0.008086863), (-0.004561229, 0.000576, -0.008052179), (-0.0045, 0.000576, -0.00804), (-0.004438771, 0.000576, -0.008052179), (-0.004386863, 0.000576, -0.008086863), (-0.004352179, 0.000576, -0.008138771), (-0.00434, 0.000576, -0.0082), (-0.004352179, 0.000576, -0.008261229), (-0.004386863, 0.000576, -0.008313137), (-0.004438771, 0.000576, -0.008347821), (-0.0045, -0.000174, -0.00836), (-0.004561229, -0.000174, -0.008347821), (-0.004613137, -0.000174, -0.008313137), (-0.004647821, -0.000174, -0.008261229), (-0.00466, -0.000174, -0.0082), (-0.004647821, -0.000174, -0.008138771), (-0.004613137, -0.000174, -0.008086863), (-0.004561229, -0.000174, -0.008052179), (-0.0045, -0.000174, -0.00804), (-0.004438771, -0.000174, -0.008052179), (-0.004386863, -0.000174, -0.008086863), (-0.004352179, -0.000174, -0.008138771), (-0.00434, -0.000174, -0.0082), (-0.004352179, -0.000174, -0.008261229), (-0.004386863, -0.000174, -0.008313137), (-0.004438771, -0.000174, -0.008347821), (-0.0045, 0.000576, -0.00836), (-0.004561229, 0.000576, -0.008347821), (-0.004613137, 0.000576, -0.008313137), (-0.004647821, 0.000576, -0.008261229), (-0.00466, 0.000576, -0.0082), (-0.004647821, 0.000576, -0.008138771), (-0.004613137, 0.000576, -0.008086863), (-0.004561229, 0.000576, -0.008052179), (-0.0045, 0.000576, -0.00804), (-0.004438771, 0.000576, -0.008052179), (-0.004386863, 0.000576, -0.008086863), (-0.004352179, 0.000576, -0.008138771), (-0.00434, 0.000576, -0.0082), (-0.004352179, 0.000576, -0.008261229), (-0.004386863, 0.000576, -0.008313137), (-0.004438771, 0.000576, -0.008347821)]
            int[] faceVertexCounts = [3, 3, 3, 3, 3, 3, 3, 3, 3, 3, 3, 3, 3, 3, 3, 3, 3, 3, 3, 3, 3, 3, 3, 3, 3, 3, 3, 3, 3, 3, 3, 3, 3, 3, 3, 3, 3, 3, 3, 3, 3, 3, 3, 3, 3, 3, 3, 3, 3, 3, 3, 3, 3, 3, 3, 3, 3, 3, 3, 3]
            int[] faceVertexIndices = [47, 46, 45, 47, 45, 44, 47, 44, 43, 47, 43, 42, 47, 42, 41, 47, 41, 40, 47, 40, 39, 47, 39, 38, 47, 38, 37, 47, 37, 36, 47, 36, 35, 47, 35, 34, 47, 34, 33, 47, 33, 32, 48, 49, 50, 48, 50, 51, 48, 51, 52, 48, 52, 53, 48, 53, 54, 48, 54, 55, 48, 55, 56, 48, 56, 57, 48, 57, 58, 48, 58, 59, 48, 59, 60, 48, 60, 61, 48, 61, 62, 48, 62, 63, 0, 1, 17, 0, 17, 16, 1, 2, 18, 1, 18, 17, 2, 3, 19, 2, 19, 18, 3, 4, 20, 3, 20, 19, 4, 5, 21, 4, 21, 20, 5, 6, 22, 5, 22, 21, 6, 7, 23, 6, 23, 22, 7, 8, 24, 7, 24, 23, 8, 9, 25, 8, 25, 24, 9, 10, 26, 9, 26, 25, 10, 11, 27, 10, 27, 26, 11, 12, 28, 11, 28, 27, 12, 13, 29, 12, 29, 28, 13, 14, 30, 13, 30, 29, 14, 15, 31, 14, 31, 30, 15, 0, 16, 15, 16, 31]
            normal3f[] normals = [(-0.06615886, 0, -0.9978091), (-0.4429678, 0, -0.8965375), (-0.752339, 0, -0.6587762), (-0.9471733, 0, -0.3207222), (-0.9978091, 0, 0.06615886), (-0.8965375, 0, 0.4429678), (-0.6587762, 0, 0.752339), (-0.3207222, 0, 0.9471733), (0.06615886, 0, 0.9978091), (0.4429678, 0, 0.8965375), (0.752339, 0, 0.6587762), (0.9471733, 0, 0.3207222), (0.9978091, 0, -0.06615886), (0.8965375, 0, -0.4429678), (0.6587762, 0, -0.752339), (0.3207222, 0, -0.9471733), (0.06615886, 0, -0.9978091), (-0.3207222, 0, -0.9471733), (-0.6587762, 0, -0.752339), (-0.8965375, 0, -0.4429678), (-0.9978091, 0, -0.06615886), (-0.9471733, 0, 0.3207222), (-0.752339, 0, 0.6587762), (-0.4429678, 0, 0.8965375), (-0.06615886, 0, 0.9978091), (0.3207222, 0, 0.9471733), (0.6587762, 0, 0.752339), (0.8965375, 0, 0.4429678), (0.9978091, 0, 0.06615886), (0.9471733, 0, -0.3207222), (0.752339, 0, -0.6587762), (0.4429678, 0, -0.8965375), (0, -1, 0), (0, -1, 0), (0, -1, 0), (0, -1, 0), (0, -1, 0), (0, -1, 0), (0, -1, 0), (0, -1, 0), (0, -1, 0), (0, -1, 0), (0, -1, 0), (0, -1, 0), (0, -1, 0), (0, -1, 0), (0, -1, 0), (0, -1, 0), (0, 1, 0), (0, 1, 0), (0, 1, 0), (0, 1, 0), (0, 1, 0), (0, 1, 0), (0, 1, 0), (0, 1, 0), (0, 1, 0), (0, 1, 0), (0, 1, 0), (0, 1, 0), (0, 1, 0), (0, 1, 0), (0, 1, 0), (0, 1, 0)] (interpolation = "vertex")
            float3[] extent = [(-0.00466, -0.000174, -0.00836), (-0.00434, 0.000576, -0.00804)]
            rel material:binding = </WorkbenchPart/Materials/gold>
        }
        def Mesh "UFLShield_02" (prepend apiSchemas = ["MaterialBindingAPI"])
        {
            uniform token subdivisionScheme = "none"
            uniform token orientation = "rightHanded"
            bool doubleSided = false
            point3f[] points = [(0.00502, -0.000155, -0.0082), (0.005013598, -0.000155, -0.008118654), (0.004994549, -0.000155, -0.008039311), (0.004963323, -0.000155, -0.007963925), (0.004920689, -0.000155, -0.007894352), (0.004867696, -0.000155, -0.007832304), (0.004805648, -0.000155, -0.007779311), (0.004736075, -0.000155, -0.007736677), (0.004660689, -0.000155, -0.007705451), (0.004581346, -0.000155, -0.007686402), (0.0045, -0.000155, -0.00768), (0.004418654, -0.000155, -0.007686402), (0.004339311, -0.000155, -0.007705451), (0.004263925, -0.000155, -0.007736677), (0.004194352, -0.000155, -0.007779311), (0.004132304, -0.000155, -0.007832304), (0.004079311, -0.000155, -0.007894352), (0.004036677, -0.000155, -0.007963925), (0.004005451, -0.000155, -0.008039311), (0.003986402, -0.000155, -0.008118654), (0.00398, -0.000155, -0.0082), (0.003986402, -0.000155, -0.008281346), (0.004005451, -0.000155, -0.008360689), (0.004036677, -0.000155, -0.008436075), (0.004079311, -0.000155, -0.008505648), (0.004132304, -0.000155, -0.008567696), (0.004194352, -0.000155, -0.008620689), (0.004263925, -0.000155, -0.008663323), (0.004339311, -0.000155, -0.008694549), (0.004418654, -0.000155, -0.008713598), (0.0045, -0.000155, -0.00872), (0.004581346, -0.000155, -0.008713598), (0.004660689, -0.000155, -0.008694549), (0.004736075, -0.000155, -0.008663323), (0.004805648, -0.000155, -0.008620689), (0.004867696, -0.000155, -0.008567696), (0.004920689, -0.000155, -0.008505648), (0.004963323, -0.000155, -0.008436075), (0.004994549, -0.000155, -0.008360689), (0.005013598, -0.000155, -0.008281346), (0.00548, -0.000155, -0.0082), (0.005467935, -0.000155, -0.008046694), (0.005432035, -0.000155, -0.007897163), (0.005373186, -0.000155, -0.007755089), (0.005292837, -0.000155, -0.00762397), (0.005192965, -0.000155, -0.007507035), (0.00507603, -0.000155, -0.007407163), (0.004944911, -0.000155, -0.007326814), (0.004802837, -0.000155, -0.007267965), (0.004653306, -0.000155, -0.007232065), (0.0045, -0.000155, -0.00722), (0.004346694, -0.000155, -0.007232065), (0.004197163, -0.000155, -0.007267965), (0.004055089, -0.000155, -0.007326814), (0.00392397, -0.000155, -0.007407163), (0.003807035, -0.000155, -0.007507035), (0.003707163, -0.000155, -0.00762397), (0.003626814, -0.000155, -0.007755089), (0.003567965, -0.000155, -0.007897163), (0.003532065, -0.000155, -0.008046694), (0.00352, -0.000155, -0.0082), (0.003532065, -0.000155, -0.008353306), (0.003567965, -0.000155, -0.008502837), (0.003626814, -0.000155, -0.008644911), (0.003707163, -0.000155, -0.00877603), (0.003807035, -0.000155, -0.008892965), (0.00392397, -0.000155, -0.008992837), (0.004055089, -0.000155, -0.009073186), (0.004197163, -0.000155, -0.009132035), (0.004346694, -0.000155, -0.009167935), (0.0045, -0.000155, -0.00918), (0.004653306, -0.000155, -0.009167935), (0.004802837, -0.000155, -0.009132035), (0.004944911, -0.000155, -0.009073186), (0.00507603, -0.000155, -0.008992837), (0.005192965, -0.000155, -0.008892965), (0.005292837, -0.000155, -0.00877603), (0.005373186, -0.000155, -0.008644911), (0.005432035, -0.000155, -0.008502837), (0.005467935, -0.000155, -0.008353306), (0.00548, 0.000545, -0.0082), (0.005467935, 0.000545, -0.008046694), (0.005432035, 0.000545, -0.007897163), (0.005373186, 0.000545, -0.007755089), (0.005292837, 0.000545, -0.00762397), (0.005192965, 0.000545, -0.007507035), (0.00507603, 0.000545, -0.007407163), (0.004944911, 0.000545, -0.007326814), (0.004802837, 0.000545, -0.007267965), (0.004653306, 0.000545, -0.007232065), (0.0045, 0.000545, -0.00722), (0.004346694, 0.000545, -0.007232065), (0.004197163, 0.000545, -0.007267965), (0.004055089, 0.000545, -0.007326814), (0.00392397, 0.000545, -0.007407163), (0.003807035, 0.000545, -0.007507035), (0.003707163, 0.000545, -0.00762397), (0.003626814, 0.000545, -0.007755089), (0.003567965, 0.000545, -0.007897163), (0.003532065, 0.000545, -0.008046694), (0.00352, 0.000545, -0.0082), (0.003532065, 0.000545, -0.008353306), (0.003567965, 0.000545, -0.008502837), (0.003626814, 0.000545, -0.008644911), (0.003707163, 0.000545, -0.00877603), (0.003807035, 0.000545, -0.008892965), (0.00392397, 0.000545, -0.008992837), (0.004055089, 0.000545, -0.009073186), (0.004197163, 0.000545, -0.009132035), (0.004346694, 0.000545, -0.009167935), (0.0045, 0.000545, -0.00918), (0.004653306, 0.000545, -0.009167935), (0.004802837, 0.000545, -0.009132035), (0.004944911, 0.000545, -0.009073186), (0.00507603, 0.000545, -0.008992837), (0.005192965, 0.000545, -0.008892965), (0.005292837, 0.000545, -0.00877603), (0.005373186, 0.000545, -0.008644911), (0.005432035, 0.000545, -0.008502837), (0.005467935, 0.000545, -0.008353306), (0.00502, 0.000545, -0.0082), (0.005013598, 0.000545, -0.008118654), (0.004994549, 0.000545, -0.008039311), (0.004963323, 0.000545, -0.007963925), (0.004920689, 0.000545, -0.007894352), (0.004867696, 0.000545, -0.007832304), (0.004805648, 0.000545, -0.007779311), (0.004736075, 0.000545, -0.007736677), (0.004660689, 0.000545, -0.007705451), (0.004581346, 0.000545, -0.007686402), (0.0045, 0.000545, -0.00768), (0.004418654, 0.000545, -0.007686402), (0.004339311, 0.000545, -0.007705451), (0.004263925, 0.000545, -0.007736677), (0.004194352, 0.000545, -0.007779311), (0.004132304, 0.000545, -0.007832304), (0.004079311, 0.000545, -0.007894352), (0.004036677, 0.000545, -0.007963925), (0.004005451, 0.000545, -0.008039311), (0.003986402, 0.000545, -0.008118654), (0.00398, 0.000545, -0.0082), (0.003986402, 0.000545, -0.008281346), (0.004005451, 0.000545, -0.008360689), (0.004036677, 0.000545, -0.008436075), (0.004079311, 0.000545, -0.008505648), (0.004132304, 0.000545, -0.008567696), (0.004194352, 0.000545, -0.008620689), (0.004263925, 0.000545, -0.008663323), (0.004339311, 0.000545, -0.008694549), (0.004418654, 0.000545, -0.008713598), (0.0045, 0.000545, -0.00872), (0.004581346, 0.000545, -0.008713598), (0.004660689, 0.000545, -0.008694549), (0.004736075, 0.000545, -0.008663323), (0.004805648, 0.000545, -0.008620689), (0.004867696, 0.000545, -0.008567696), (0.004920689, 0.000545, -0.008505648), (0.004963323, 0.000545, -0.008436075), (0.004994549, 0.000545, -0.008360689), (0.005013598, 0.000545, -0.008281346)]
            int[] faceVertexCounts = [3, 3, 3, 3, 3, 3, 3, 3, 3, 3, 3, 3, 3, 3, 3, 3, 3, 3, 3, 3, 3, 3, 3, 3, 3, 3, 3, 3, 3, 3, 3, 3, 3, 3, 3, 3, 3, 3, 3, 3, 3, 3, 3, 3, 3, 3, 3, 3, 3, 3, 3, 3, 3, 3, 3, 3, 3, 3, 3, 3, 3, 3, 3, 3, 3, 3, 3, 3, 3, 3, 3, 3, 3, 3, 3, 3, 3, 3, 3, 3, 3, 3, 3, 3, 3, 3, 3, 3, 3, 3, 3, 3, 3, 3, 3, 3, 3, 3, 3, 3, 3, 3, 3, 3, 3, 3, 3, 3, 3, 3, 3, 3, 3, 3, 3, 3, 3, 3, 3, 3, 3, 3, 3, 3, 3, 3, 3, 3, 3, 3, 3, 3, 3, 3, 3, 3, 3, 3, 3, 3, 3, 3, 3, 3, 3, 3, 3, 3, 3, 3, 3, 3, 3, 3, 3, 3, 3, 3, 3, 3, 3, 3, 3, 3, 3, 3, 3, 3, 3, 3, 3, 3, 3, 3, 3, 3, 3, 3, 3, 3, 3, 3, 3, 3, 3, 3, 3, 3, 3, 3, 3, 3, 3, 3, 3, 3, 3, 3, 3, 3, 3, 3, 3, 3, 3, 3, 3, 3, 3, 3, 3, 3, 3, 3, 3, 3, 3, 3, 3, 3, 3, 3, 3, 3, 3, 3, 3, 3, 3, 3, 3, 3, 3, 3, 3, 3, 3, 3, 3, 3, 3, 3, 3, 3, 3, 3, 3, 3, 3, 3, 3, 3, 3, 3, 3, 3, 3, 3, 3, 3, 3, 3, 3, 3, 3, 3, 3, 3, 3, 3, 3, 3, 3, 3, 3, 3, 3, 3, 3, 3, 3, 3, 3, 3, 3, 3, 3, 3, 3, 3, 3, 3, 3, 3, 3, 3, 3, 3, 3, 3, 3, 3, 3, 3, 3, 3, 3, 3, 3, 3, 3, 3, 3, 3, 3, 3, 3, 3, 3, 3]
            int[] faceVertexIndices = [0, 41, 1, 0, 40, 41, 1, 42, 2, 1, 41, 42, 2, 43, 3, 2, 42, 43, 3, 44, 4, 3, 43, 44, 4, 45, 5, 4, 44, 45, 5, 46, 6, 5, 45, 46, 6, 47, 7, 6, 46, 47, 7, 48, 8, 7, 47, 48, 8, 49, 9, 8, 48, 49, 9, 50, 10, 9, 49, 50, 10, 51, 11, 10, 50, 51, 11, 52, 12, 11, 51, 52, 12, 53, 13, 12, 52, 53, 13, 54, 14, 13, 53, 54, 14, 55, 15, 14, 54, 55, 15, 56, 16, 15, 55, 56, 16, 57, 17, 16, 56, 57, 17, 58, 18, 17, 57, 58, 18, 59, 19, 18, 58, 59, 19, 60, 20, 19, 59, 60, 20, 61, 21, 20, 60, 61, 21, 62, 22, 21, 61, 62, 22, 63, 23, 22, 62, 63, 23, 64, 24, 23, 63, 64, 24, 65, 25, 24, 64, 65, 25, 66, 26, 25, 65, 66, 26, 67, 27, 26, 66, 67, 27, 68, 28, 27, 67, 68, 28, 69, 29, 28, 68, 69, 29, 70, 30, 29, 69, 70, 30, 71, 31, 30, 70, 71, 31, 72, 32, 31, 71, 72, 32, 73, 33, 32, 72, 73, 33, 74, 34, 33, 73, 74, 34, 75, 35, 34, 74, 75, 35, 76, 36, 35, 75, 76, 36, 77, 37, 36, 76, 77, 37, 78, 38, 37, 77, 78, 38, 79, 39, 38, 78, 79, 39, 40, 0, 39, 79, 40, 40, 81, 41, 40, 80, 81, 41, 82, 42, 41, 81, 82, 42, 83, 43, 42, 82, 83, 43, 84, 44, 43, 83, 84, 44, 85, 45, 44, 84, 85, 45, 86, 46, 45, 85, 86, 46, 87, 47, 46, 86, 87, 47, 88, 48, 47, 87, 88, 48, 89, 49, 48, 88, 89, 49, 90, 50, 49, 89, 90, 50, 91, 51, 50, 90, 91, 51, 92, 52, 51, 91, 92, 52, 93, 53, 52, 92, 93, 53, 94, 54, 53, 93, 94, 54, 95, 55, 54, 94, 95, 55, 96, 56, 55, 95, 96, 56, 97, 57, 56, 96, 97, 57, 98, 58, 57, 97, 98, 58, 99, 59, 58, 98, 99, 59, 100, 60, 59, 99, 100, 60, 101, 61, 60, 100, 101, 61, 102, 62, 61, 101, 102, 62, 103, 63, 62, 102, 103, 63, 104, 64, 63, 103, 104, 64, 105, 65, 64, 104, 105, 65, 106, 66, 65, 105, 106, 66, 107, 67, 66, 106, 107, 67, 108, 68, 67, 107, 108, 68, 109, 69, 68, 108, 109, 69, 110, 70, 69, 109, 110, 70, 111, 71, 70, 110, 111, 71, 112, 72, 71, 111, 112, 72, 113, 73, 72, 112, 113, 73, 114, 74, 73, 113, 114, 74, 115, 75, 74, 114, 115, 75, 116, 76, 75, 115, 116, 76, 117, 77, 76, 116, 117, 77, 118, 78, 77, 117, 118, 78, 119, 79, 78, 118, 119, 79, 80, 40, 79, 119, 80, 80, 121, 81, 80, 120, 121, 81, 122, 82, 81, 121, 122, 82, 123, 83, 82, 122, 123, 83, 124, 84, 83, 123, 124, 84, 125, 85, 84, 124, 125, 85, 126, 86, 85, 125, 126, 86, 127, 87, 86, 126, 127, 87, 128, 88, 87, 127, 128, 88, 129, 89, 88, 128, 129, 89, 130, 90, 89, 129, 130, 90, 131, 91, 90, 130, 131, 91, 132, 92, 91, 131, 132, 92, 133, 93, 92, 132, 133, 93, 134, 94, 93, 133, 134, 94, 135, 95, 94, 134, 135, 95, 136, 96, 95, 135, 136, 96, 137, 97, 96, 136, 137, 97, 138, 98, 97, 137, 138, 98, 139, 99, 98, 138, 139, 99, 140, 100, 99, 139, 140, 100, 141, 101, 100, 140, 141, 101, 142, 102, 101, 141, 142, 102, 143, 103, 102, 142, 143, 103, 144, 104, 103, 143, 144, 104, 145, 105, 104, 144, 145, 105, 146, 106, 105, 145, 146, 106, 147, 107, 106, 146, 147, 107, 148, 108, 107, 147, 148, 108, 149, 109, 108, 148, 149, 109, 150, 110, 109, 149, 150, 110, 151, 111, 110, 150, 151, 111, 152, 112, 111, 151, 152, 112, 153, 113, 112, 152, 153, 113, 154, 114, 113, 153, 154, 114, 155, 115, 114, 154, 155, 115, 156, 116, 115, 155, 156, 116, 157, 117, 116, 156, 157, 117, 158, 118, 117, 157, 158, 118, 159, 119, 118, 158, 159, 119, 120, 80, 119, 159, 120, 120, 1, 121, 120, 0, 1, 121, 2, 122, 121, 1, 2, 122, 3, 123, 122, 2, 3, 123, 4, 124, 123, 3, 4, 124, 5, 125, 124, 4, 5, 125, 6, 126, 125, 5, 6, 126, 7, 127, 126, 6, 7, 127, 8, 128, 127, 7, 8, 128, 9, 129, 128, 8, 9, 129, 10, 130, 129, 9, 10, 130, 11, 131, 130, 10, 11, 131, 12, 132, 131, 11, 12, 132, 13, 133, 132, 12, 13, 133, 14, 134, 133, 13, 14, 134, 15, 135, 134, 14, 15, 135, 16, 136, 135, 15, 16, 136, 17, 137, 136, 16, 17, 137, 18, 138, 137, 17, 18, 138, 19, 139, 138, 18, 19, 139, 20, 140, 139, 19, 20, 140, 21, 141, 140, 20, 21, 141, 22, 142, 141, 21, 22, 142, 23, 143, 142, 22, 23, 143, 24, 144, 143, 23, 24, 144, 25, 145, 144, 24, 25, 145, 26, 146, 145, 25, 26, 146, 27, 147, 146, 26, 27, 147, 28, 148, 147, 27, 28, 148, 29, 149, 148, 28, 29, 149, 30, 150, 149, 29, 30, 150, 31, 151, 150, 30, 31, 151, 32, 152, 151, 31, 32, 152, 33, 153, 152, 32, 33, 153, 34, 154, 153, 33, 34, 154, 35, 155, 154, 34, 35, 155, 36, 156, 155, 35, 36, 156, 37, 157, 156, 36, 37, 157, 38, 158, 157, 37, 38, 158, 39, 159, 158, 38, 39, 159, 0, 120, 159, 39, 0]
            normal3f[] normals = [(-0.7614431, -0.6479239, 0.01997562), (-0.7551933, -0.6479239, -0.09938625), (-0.7303482, -0.6479239, -0.2163009), (-0.6875195, -0.6479239, -0.3278895), (-0.6277618, -0.6479239, -0.4314044), (-0.5525465, -0.6479239, -0.5242967), (-0.4637256, -0.6479239, -0.604279), (-0.3634863, -0.6479239, -0.669382), (-0.2542968, -0.6479239, -0.7180026), (-0.1388456, -0.6479239, -0.7489436), (-0.01997562, -0.6479239, -0.7614431), (0.09938625, -0.6479239, -0.7551933), (0.2163009, -0.6479239, -0.7303482), (0.3278895, -0.6479239, -0.6875195), (0.4314044, -0.6479239, -0.6277618), (0.5242967, -0.6479239, -0.5525465), (0.604279, -0.6479239, -0.4637256), (0.669382, -0.6479239, -0.3634863), (0.7180026, -0.6479239, -0.2542968), (0.7489436, -0.6479239, -0.1388456), (0.7614431, -0.6479239, -0.01997562), (0.7551933, -0.6479239, 0.09938625), (0.7303482, -0.6479239, 0.2163009), (0.6875195, -0.6479239, 0.3278895), (0.6277618, -0.6479239, 0.4314044), (0.5525465, -0.6479239, 0.5242967), (0.4637256, -0.6479239, 0.604279), (0.3634863, -0.6479239, 0.669382), (0.2542968, -0.6479239, 0.7180026), (0.1388456, -0.6479239, 0.7489436), (0.01997562, -0.6479239, 0.7614431), (-0.09938625, -0.6479239, 0.7551933), (-0.2163009, -0.6479239, 0.7303482), (-0.3278895, -0.6479239, 0.6875195), (-0.4314044, -0.6479239, 0.6277618), (-0.5242967, -0.6479239, 0.5525465), (-0.604279, -0.6479239, 0.4637256), (-0.669382, -0.6479239, 0.3634863), (-0.7180026, -0.6479239, 0.2542968), (-0.7489436, -0.6479239, 0.1388456), (0.8743838, -0.4846924, 0.0229385), (0.8600303, -0.4846924, 0.1594399), (0.8245, -0.4846924, 0.2920153), (0.7686678, -0.4846924, 0.4174003), (0.6939085, -0.4846924, 0.5325075), (0.6020628, -0.4846924, 0.6345027), (0.4953923, -0.4846924, 0.7208743), (0.3765236, -0.4846924, 0.7894955), (0.2483836, -0.4846924, 0.8386768), (0.1141277, -0.4846924, 0.8672071), (-0.0229385, -0.4846924, 0.8743838), (-0.1594399, -0.4846924, 0.8600303), (-0.2920153, -0.4846924, 0.8245), (-0.4174003, -0.4846924, 0.7686678), (-0.5325075, -0.4846924, 0.6939085), (-0.6345027, -0.4846924, 0.6020628), (-0.7208743, -0.4846924, 0.4953923), (-0.7894955, -0.4846924, 0.3765236), (-0.8386768, -0.4846924, 0.2483836), (-0.8672071, -0.4846924, 0.1141277), (-0.8743838, -0.4846924, -0.0229385), (-0.8600303, -0.4846924, -0.1594399), (-0.8245, -0.4846924, -0.2920153), (-0.7686678, -0.4846924, -0.4174003), (-0.6939085, -0.4846924, -0.5325075), (-0.6020628, -0.4846924, -0.6345027), (-0.4953923, -0.4846924, -0.7208743), (-0.3765236, -0.4846924, -0.7894955), (-0.2483836, -0.4846924, -0.8386768), (-0.1141277, -0.4846924, -0.8672071), (0.0229385, -0.4846924, -0.8743838), (0.1594399, -0.4846924, -0.8600303), (0.2920153, -0.4846924, -0.8245), (0.4174003, -0.4846924, -0.7686678), (0.5325075, -0.4846924, -0.6939085), (0.6345027, -0.4846924, -0.6020628), (0.7208743, -0.4846924, -0.4953923), (0.7894955, -0.4846924, -0.3765236), (0.8386768, -0.4846924, -0.2483836), (0.8672071, -0.4846924, -0.1141277), (0.8743838, 0.4846924, -0.0229385), (0.8672071, 0.4846924, 0.1141277), (0.8386768, 0.4846924, 0.2483836), (0.7894955, 0.4846924, 0.3765236), (0.7208743, 0.4846924, 0.4953923), (0.6345027, 0.4846924, 0.6020628), (0.5325075, 0.4846924, 0.6939085), (0.4174003, 0.4846924, 0.7686678), (0.2920153, 0.4846924, 0.8245), (0.1594399, 0.4846924, 0.8600303), (0.0229385, 0.4846924, 0.8743838), (-0.1141277, 0.4846924, 0.8672071), (-0.2483836, 0.4846924, 0.8386768), (-0.3765236, 0.4846924, 0.7894955), (-0.4953923, 0.4846924, 0.7208743), (-0.6020628, 0.4846924, 0.6345027), (-0.6939085, 0.4846924, 0.5325075), (-0.7686678, 0.4846924, 0.4174003), (-0.8245, 0.4846924, 0.2920153), (-0.8600303, 0.4846924, 0.1594399), (-0.8743838, 0.4846924, 0.0229385), (-0.8672071, 0.4846924, -0.1141277), (-0.8386768, 0.4846924, -0.2483836), (-0.7894955, 0.4846924, -0.3765236), (-0.7208743, 0.4846924, -0.4953923), (-0.6345027, 0.4846924, -0.6020628), (-0.5325075, 0.4846924, -0.6939085), (-0.4174003, 0.4846924, -0.7686678), (-0.2920153, 0.4846924, -0.8245), (-0.1594399, 0.4846924, -0.8600303), (-0.0229385, 0.4846924, -0.8743838), (0.1141277, 0.4846924, -0.8672071), (0.2483836, 0.4846924, -0.8386768), (0.3765236, 0.4846924, -0.7894955), (0.4953923, 0.4846924, -0.7208743), (0.6020628, 0.4846924, -0.6345027), (0.6939085, 0.4846924, -0.5325075), (0.7686678, 0.4846924, -0.4174003), (0.8245, 0.4846924, -0.2920153), (0.8600303, 0.4846924, -0.1594399), (-0.7614431, 0.6479239, -0.01997562), (-0.7489436, 0.6479239, -0.1388456), (-0.7180026, 0.6479239, -0.2542968), (-0.669382, 0.6479239, -0.3634863), (-0.604279, 0.6479239, -0.4637256), (-0.5242967, 0.6479239, -0.5525465), (-0.4314044, 0.6479239, -0.6277618), (-0.3278895, 0.6479239, -0.6875195), (-0.2163009, 0.6479239, -0.7303482), (-0.09938625, 0.6479239, -0.7551933), (0.01997562, 0.6479239, -0.7614431), (0.1388456, 0.6479239, -0.7489436), (0.2542968, 0.6479239, -0.7180026), (0.3634863, 0.6479239, -0.669382), (0.4637256, 0.6479239, -0.604279), (0.5525465, 0.6479239, -0.5242967), (0.6277618, 0.6479239, -0.4314044), (0.6875195, 0.6479239, -0.3278895), (0.7303482, 0.6479239, -0.2163009), (0.7551933, 0.6479239, -0.09938625), (0.7614431, 0.6479239, 0.01997562), (0.7489436, 0.6479239, 0.1388456), (0.7180026, 0.6479239, 0.2542968), (0.669382, 0.6479239, 0.3634863), (0.604279, 0.6479239, 0.4637256), (0.5242967, 0.6479239, 0.5525465), (0.4314044, 0.6479239, 0.6277618), (0.3278895, 0.6479239, 0.6875195), (0.2163009, 0.6479239, 0.7303482), (0.09938625, 0.6479239, 0.7551933), (-0.01997562, 0.6479239, 0.7614431), (-0.1388456, 0.6479239, 0.7489436), (-0.2542968, 0.6479239, 0.7180026), (-0.3634863, 0.6479239, 0.669382), (-0.4637256, 0.6479239, 0.604279), (-0.5525465, 0.6479239, 0.5242967), (-0.6277618, 0.6479239, 0.4314044), (-0.6875195, 0.6479239, 0.3278895), (-0.7303482, 0.6479239, 0.2163009), (-0.7551933, 0.6479239, 0.09938625)] (interpolation = "vertex")
            float3[] extent = [(0.00352, -0.000155, -0.00918), (0.00548, 0.000545, -0.00722)]
            rel material:binding = </WorkbenchPart/Materials/gold>
        }
        def Mesh "UFLInsulator_02" (prepend apiSchemas = ["MaterialBindingAPI"])
        {
            uniform token subdivisionScheme = "none"
            uniform token orientation = "rightHanded"
            bool doubleSided = false
            point3f[] points = [(0.0045, -0.000159, -0.00868), (0.004406357, -0.000159, -0.008670777), (0.004316312, -0.000159, -0.008643462), (0.004233326, -0.000159, -0.008599105), (0.004160589, -0.000159, -0.008539411), (0.004100895, -0.000159, -0.008466674), (0.004056538, -0.000159, -0.008383688), (0.004029223, -0.000159, -0.008293643), (0.00402, -0.000159, -0.0082), (0.004029223, -0.000159, -0.008106357), (0.004056538, -0.000159, -0.008016312), (0.004100895, -0.000159, -0.007933326), (0.004160589, -0.000159, -0.007860589), (0.004233326, -0.000159, -0.007800895), (0.004316312, -0.000159, -0.007756538), (0.004406357, -0.000159, -0.007729223), (0.0045, -0.000159, -0.00772), (0.004593643, -0.000159, -0.007729223), (0.004683688, -0.000159, -0.007756538), (0.004766674, -0.000159, -0.007800895), (0.004839411, -0.000159, -0.007860589), (0.004899105, -0.000159, -0.007933326), (0.004943462, -0.000159, -0.008016312), (0.004970777, -0.000159, -0.008106357), (0.00498, -0.000159, -0.0082), (0.004970777, -0.000159, -0.008293643), (0.004943462, -0.000159, -0.008383688), (0.004899105, -0.000159, -0.008466674), (0.004839411, -0.000159, -0.008539411), (0.004766674, -0.000159, -0.008599105), (0.004683688, -0.000159, -0.008643462), (0.004593643, -0.000159, -0.008670777), (0.0045, 0.000561, -0.00868), (0.004406357, 0.000561, -0.008670777), (0.004316312, 0.000561, -0.008643462), (0.004233326, 0.000561, -0.008599105), (0.004160589, 0.000561, -0.008539411), (0.004100895, 0.000561, -0.008466674), (0.004056538, 0.000561, -0.008383688), (0.004029223, 0.000561, -0.008293643), (0.00402, 0.000561, -0.0082), (0.004029223, 0.000561, -0.008106357), (0.004056538, 0.000561, -0.008016312), (0.004100895, 0.000561, -0.007933326), (0.004160589, 0.000561, -0.007860589), (0.004233326, 0.000561, -0.007800895), (0.004316312, 0.000561, -0.007756538), (0.004406357, 0.000561, -0.007729223), (0.0045, 0.000561, -0.00772), (0.004593643, 0.000561, -0.007729223), (0.004683688, 0.000561, -0.007756538), (0.004766674, 0.000561, -0.007800895), (0.004839411, 0.000561, -0.007860589), (0.004899105, 0.000561, -0.007933326), (0.004943462, 0.000561, -0.008016312), (0.004970777, 0.000561, -0.008106357), (0.00498, 0.000561, -0.0082), (0.004970777, 0.000561, -0.008293643), (0.004943462, 0.000561, -0.008383688), (0.004899105, 0.000561, -0.008466674), (0.004839411, 0.000561, -0.008539411), (0.004766674, 0.000561, -0.008599105), (0.004683688, 0.000561, -0.008643462), (0.004593643, 0.000561, -0.008670777), (0.0045, -0.000159, -0.00868), (0.004406357, -0.000159, -0.008670777), (0.004316312, -0.000159, -0.008643462), (0.004233326, -0.000159, -0.008599105), (0.004160589, -0.000159, -0.008539411), (0.004100895, -0.000159, -0.008466674), (0.004056538, -0.000159, -0.008383688), (0.004029223, -0.000159, -0.008293643), (0.00402, -0.000159, -0.0082), (0.004029223, -0.000159, -0.008106357), (0.004056538, -0.000159, -0.008016312), (0.004100895, -0.000159, -0.007933326), (0.004160589, -0.000159, -0.007860589), (0.004233326, -0.000159, -0.007800895), (0.004316312, -0.000159, -0.007756538), (0.004406357, -0.000159, -0.007729223), (0.0045, -0.000159, -0.00772), (0.004593643, -0.000159, -0.007729223), (0.004683688, -0.000159, -0.007756538), (0.004766674, -0.000159, -0.007800895), (0.004839411, -0.000159, -0.007860589), (0.004899105, -0.000159, -0.007933326), (0.004943462, -0.000159, -0.008016312), (0.004970777, -0.000159, -0.008106357), (0.00498, -0.000159, -0.0082), (0.004970777, -0.000159, -0.008293643), (0.004943462, -0.000159, -0.008383688), (0.004899105, -0.000159, -0.008466674), (0.004839411, -0.000159, -0.008539411), (0.004766674, -0.000159, -0.008599105), (0.004683688, -0.000159, -0.008643462), (0.004593643, -0.000159, -0.008670777), (0.0045, 0.000561, -0.00868), (0.004406357, 0.000561, -0.008670777), (0.004316312, 0.000561, -0.008643462), (0.004233326, 0.000561, -0.008599105), (0.004160589, 0.000561, -0.008539411), (0.004100895, 0.000561, -0.008466674), (0.004056538, 0.000561, -0.008383688), (0.004029223, 0.000561, -0.008293643), (0.00402, 0.000561, -0.0082), (0.004029223, 0.000561, -0.008106357), (0.004056538, 0.000561, -0.008016312), (0.004100895, 0.000561, -0.007933326), (0.004160589, 0.000561, -0.007860589), (0.004233326, 0.000561, -0.007800895), (0.004316312, 0.000561, -0.007756538), (0.004406357, 0.000561, -0.007729223), (0.0045, 0.000561, -0.00772), (0.004593643, 0.000561, -0.007729223), (0.004683688, 0.000561, -0.007756538), (0.004766674, 0.000561, -0.007800895), (0.004839411, 0.000561, -0.007860589), (0.004899105, 0.000561, -0.007933326), (0.004943462, 0.000561, -0.008016312), (0.004970777, 0.000561, -0.008106357), (0.00498, 0.000561, -0.0082), (0.004970777, 0.000561, -0.008293643), (0.004943462, 0.000561, -0.008383688), (0.004899105, 0.000561, -0.008466674), (0.004839411, 0.000561, -0.008539411), (0.004766674, 0.000561, -0.008599105), (0.004683688, 0.000561, -0.008643462), (0.004593643, 0.000561, -0.008670777)]
            int[] faceVertexCounts = [3, 3, 3, 3, 3, 3, 3, 3, 3, 3, 3, 3, 3, 3, 3, 3, 3, 3, 3, 3, 3, 3, 3, 3, 3, 3, 3, 3, 3, 3, 3, 3, 3, 3, 3, 3, 3, 3, 3, 3, 3, 3, 3, 3, 3, 3, 3, 3, 3, 3, 3, 3, 3, 3, 3, 3, 3, 3, 3, 3, 3, 3, 3, 3, 3, 3, 3, 3, 3, 3, 3, 3, 3, 3, 3, 3, 3, 3, 3, 3, 3, 3, 3, 3, 3, 3, 3, 3, 3, 3, 3, 3, 3, 3, 3, 3, 3, 3, 3, 3, 3, 3, 3, 3, 3, 3, 3, 3, 3, 3, 3, 3, 3, 3, 3, 3, 3, 3, 3, 3, 3, 3, 3, 3]
            int[] faceVertexIndices = [95, 94, 93, 95, 93, 92, 95, 92, 91, 95, 91, 90, 95, 90, 89, 95, 89, 88, 95, 88, 87, 95, 87, 86, 95, 86, 85, 95, 85, 84, 95, 84, 83, 95, 83, 82, 95, 82, 81, 95, 81, 80, 95, 80, 79, 95, 79, 78, 95, 78, 77, 95, 77, 76, 95, 76, 75, 95, 75, 74, 95, 74, 73, 95, 73, 72, 95, 72, 71, 95, 71, 70, 95, 70, 69, 95, 69, 68, 95, 68, 67, 95, 67, 66, 95, 66, 65, 95, 65, 64, 96, 97, 98, 96, 98, 99, 96, 99, 100, 96, 100, 101, 96, 101, 102, 96, 102, 103, 96, 103, 104, 96, 104, 105, 96, 105, 106, 96, 106, 107, 96, 107, 108, 96, 108, 109, 96, 109, 110, 96, 110, 111, 96, 111, 112, 96, 112, 113, 96, 113, 114, 96, 114, 115, 96, 115, 116, 96, 116, 117, 96, 117, 118, 96, 118, 119, 96, 119, 120, 96, 120, 121, 96, 121, 122, 96, 122, 123, 96, 123, 124, 96, 124, 125, 96, 125, 126, 96, 126, 127, 0, 1, 33, 0, 33, 32, 1, 2, 34, 1, 34, 33, 2, 3, 35, 2, 35, 34, 3, 4, 36, 3, 36, 35, 4, 5, 37, 4, 37, 36, 5, 6, 38, 5, 38, 37, 6, 7, 39, 6, 39, 38, 7, 8, 40, 7, 40, 39, 8, 9, 41, 8, 41, 40, 9, 10, 42, 9, 42, 41, 10, 11, 43, 10, 43, 42, 11, 12, 44, 11, 44, 43, 12, 13, 45, 12, 45, 44, 13, 14, 46, 13, 46, 45, 14, 15, 47, 14, 47, 46, 15, 16, 48, 15, 48, 47, 16, 17, 49, 16, 49, 48, 17, 18, 50, 17, 50, 49, 18, 19, 51, 18, 51, 50, 19, 20, 52, 19, 52, 51, 20, 21, 53, 20, 53, 52, 21, 22, 54, 21, 54, 53, 22, 23, 55, 22, 55, 54, 23, 24, 56, 23, 56, 55, 24, 25, 57, 24, 57, 56, 25, 26, 58, 25, 58, 57, 26, 27, 59, 26, 59, 58, 27, 28, 60, 27, 60, 59, 28, 29, 61, 28, 61, 60, 29, 30, 62, 29, 62, 61, 30, 31, 63, 30, 63, 62, 31, 0, 32, 31, 32, 63]
            normal3f[] normals = [(-0.03281279, 0, -0.9994615), (-0.2271676, 0, -0.9738557), (-0.4127924, 0, -0.9108251), (-0.5825539, 0, -0.8127921), (-0.7299282, 0, -0.6835239), (-0.8492517, 0, -0.5279882), (-0.9359389, 0, -0.3521623), (-0.9866586, 0, -0.162803), (-0.9994615, 0, 0.03281279), (-0.9738557, 0, 0.2271676), (-0.9108251, 0, 0.4127924), (-0.8127921, 0, 0.5825539), (-0.6835239, 0, 0.7299282), (-0.5279882, 0, 0.8492517), (-0.3521623, 0, 0.9359389), (-0.162803, 0, 0.9866586), (0.03281279, 0, 0.9994615), (0.2271676, 0, 0.9738557), (0.4127924, 0, 0.9108251), (0.5825539, 0, 0.8127921), (0.7299282, 0, 0.6835239), (0.8492517, 0, 0.5279882), (0.9359389, 0, 0.3521623), (0.9866586, 0, 0.162803), (0.9994615, 0, -0.03281279), (0.9738557, 0, -0.2271676), (0.9108251, 0, -0.4127924), (0.8127921, 0, -0.5825539), (0.6835239, 0, -0.7299282), (0.5279882, 0, -0.8492517), (0.3521623, 0, -0.9359389), (0.162803, 0, -0.9866586), (0.03281279, 0, -0.9994615), (-0.162803, 0, -0.9866586), (-0.3521623, 0, -0.9359389), (-0.5279882, 0, -0.8492517), (-0.6835239, 0, -0.7299282), (-0.8127921, 0, -0.5825539), (-0.9108251, 0, -0.4127924), (-0.9738557, 0, -0.2271676), (-0.9994615, 0, -0.03281279), (-0.9866586, 0, 0.162803), (-0.9359389, 0, 0.3521623), (-0.8492517, 0, 0.5279882), (-0.7299282, 0, 0.6835239), (-0.5825539, 0, 0.8127921), (-0.4127924, 0, 0.9108251), (-0.2271676, 0, 0.9738557), (-0.03281279, 0, 0.9994615), (0.162803, 0, 0.9866586), (0.3521623, 0, 0.9359389), (0.5279882, 0, 0.8492517), (0.6835239, 0, 0.7299282), (0.8127921, 0, 0.5825539), (0.9108251, 0, 0.4127924), (0.9738557, 0, 0.2271676), (0.9994615, 0, 0.03281279), (0.9866586, 0, -0.162803), (0.9359389, 0, -0.3521623), (0.8492517, 0, -0.5279882), (0.7299282, 0, -0.6835239), (0.5825539, 0, -0.8127921), (0.4127924, 0, -0.9108251), (0.2271676, 0, -0.9738557), (0, -1, 0), (0, -1, 0), (0, -1, 0), (0, -1, 0), (0, -1, 0), (0, -1, 0), (0, -1, 0), (0, -1, 0), (0, -1, 0), (0, -1, 0), (0, -1, 0), (0, -1, 0), (0, -1, 0), (0, -1, 0), (0, -1, 0), (0, -1, 0), (0, -1, 0), (0, -1, 0), (0, -1, 0), (0, -1, 0), (0, -1, 0), (0, -1, 0), (0, -1, 0), (0, -1, 0), (0, -1, 0), (0, -1, 0), (0, -1, 0), (0, -1, 0), (0, -1, 0), (0, -1, 0), (0, -1, 0), (0, -1, 0), (0, 1, 0), (0, 1, 0), (0, 1, 0), (0, 1, 0), (0, 1, 0), (0, 1, 0), (0, 1, 0), (0, 1, 0), (0, 1, 0), (0, 1, 0), (0, 1, 0), (0, 1, 0), (0, 1, 0), (0, 1, 0), (0, 1, 0), (0, 1, 0), (0, 1, 0), (0, 1, 0), (0, 1, 0), (0, 1, 0), (0, 1, 0), (0, 1, 0), (0, 1, 0), (0, 1, 0), (0, 1, 0), (0, 1, 0), (0, 1, 0), (0, 1, 0), (0, 1, 0), (0, 1, 0), (0, 1, 0), (0, 1, 0)] (interpolation = "vertex")
            float3[] extent = [(0.00402, -0.000159, -0.00868), (0.00498, 0.000561, -0.00772)]
            rel material:binding = </WorkbenchPart/Materials/ceramic>
            texCoord2f[] primvars:st = [(0.5104048, -0.9634197), (0.5204098, -0.9603847), (0.5296304, -0.9554562), (0.5104048, -0.9634197), (0.5296304, -0.9554562), (0.5377124, -0.9488235), (0.5104048, -0.9634197), (0.5377124, -0.9488235), (0.544345, -0.9407415), (0.5104048, -0.9634197), (0.544345, -0.9407415), (0.5492736, -0.9315209), (0.5104048, -0.9634197), (0.5492736, -0.9315209), (0.5523085, -0.9215159), (0.5104048, -0.9634197), (0.5523085, -0.9215159), (0.5533333, -0.9111111), (0.5104048, -0.9634197), (0.5533333, -0.9111111), (0.5523085, -0.9007063), (0.5104048, -0.9634197), (0.5523085, -0.9007063), (0.5492736, -0.8907013), (0.5104048, -0.9634197), (0.5492736, -0.8907013), (0.544345, -0.8814807), (0.5104048, -0.9634197), (0.544345, -0.8814807), (0.5377124, -0.8733987), (0.5104048, -0.9634197), (0.5377124, -0.8733987), (0.5296304, -0.8667661), (0.5104048, -0.9634197), (0.5296304, -0.8667661), (0.5204098, -0.8618375), (0.5104048, -0.9634197), (0.5204098, -0.8618375), (0.5104048, -0.8588026), (0.5104048, -0.9634197), (0.5104048, -0.8588026), (0.5, -0.8577778), (0.5104048, -0.9634197), (0.5, -0.8577778), (0.4895952, -0.8588026), (0.5104048, -0.9634197), (0.4895952, -0.8588026), (0.4795902, -0.8618375), (0.5104048, -0.9634197), (0.4795902, -0.8618375), (0.4703696, -0.8667661), (0.5104048, -0.9634197), (0.4703696, -0.8667661), (0.4622876, -0.8733987), (0.5104048, -0.9634197), (0.4622876, -0.8733987), (0.455655, -0.8814807), (0.5104048, -0.9634197), (0.455655, -0.8814807), (0.4507264, -0.8907013), (0.5104048, -0.9634197), (0.4507264, -0.8907013), (0.4476915, -0.9007063), (0.5104048, -0.9634197), (0.4476915, -0.9007063), (0.4466667, -0.9111111), (0.5104048, -0.9634197), (0.4466667, -0.9111111), (0.4476915, -0.9215159), (0.5104048, -0.9634197), (0.4476915, -0.9215159), (0.4507264, -0.9315209), (0.5104048, -0.9634197), (0.4507264, -0.9315209), (0.455655, -0.9407415), (0.5104048, -0.9634197), (0.455655, -0.9407415), (0.4622876, -0.9488235), (0.5104048, -0.9634197), (0.4622876, -0.9488235), (0.4703696, -0.9554562), (0.5104048, -0.9634197), (0.4703696, -0.9554562), (0.4795902, -0.9603847), (0.5104048, -0.9634197), (0.4795902, -0.9603847), (0.4895952, -0.9634197), (0.5104048, -0.9634197), (0.4895952, -0.9634197), (0.5, -0.9644444), (0.5, -0.9644444), (0.4895952, -0.9634197), (0.4795902, -0.9603847), (0.5, -0.9644444), (0.4795902, -0.9603847), (0.4703696, -0.9554562), (0.5, -0.9644444), (0.4703696, -0.9554562), (0.4622876, -0.9488235), (0.5, -0.9644444), (0.4622876, -0.9488235), (0.455655, -0.9407415), (0.5, -0.9644444), (0.455655, -0.9407415), (0.4507264, -0.9315209), (0.5, -0.9644444), (0.4507264, -0.9315209), (0.4476915, -0.9215159), (0.5, -0.9644444), (0.4476915, -0.9215159), (0.4466667, -0.9111111), (0.5, -0.9644444), (0.4466667, -0.9111111), (0.4476915, -0.9007063), (0.5, -0.9644444), (0.4476915, -0.9007063), (0.4507264, -0.8907013), (0.5, -0.9644444), (0.4507264, -0.8907013), (0.455655, -0.8814807), (0.5, -0.9644444), (0.455655, -0.8814807), (0.4622876, -0.8733987), (0.5, -0.9644444), (0.4622876, -0.8733987), (0.4703696, -0.8667661), (0.5, -0.9644444), (0.4703696, -0.8667661), (0.4795902, -0.8618375), (0.5, -0.9644444), (0.4795902, -0.8618375), (0.4895952, -0.8588026), (0.5, -0.9644444), (0.4895952, -0.8588026), (0.5, -0.8577778), (0.5, -0.9644444), (0.5, -0.8577778), (0.5104048, -0.8588026), (0.5, -0.9644444), (0.5104048, -0.8588026), (0.5204098, -0.8618375), (0.5, -0.9644444), (0.5204098, -0.8618375), (0.5296304, -0.8667661), (0.5, -0.9644444), (0.5296304, -0.8667661), (0.5377124, -0.8733987), (0.5, -0.9644444), (0.5377124, -0.8733987), (0.544345, -0.8814807), (0.5, -0.9644444), (0.544345, -0.8814807), (0.5492736, -0.8907013), (0.5, -0.9644444), (0.5492736, -0.8907013), (0.5523085, -0.9007063), (0.5, -0.9644444), (0.5523085, -0.9007063), (0.5533333, -0.9111111), (0.5, -0.9644444), (0.5533333, -0.9111111), (0.5523085, -0.9215159), (0.5, -0.9644444), (0.5523085, -0.9215159), (0.5492736, -0.9315209), (0.5, -0.9644444), (0.5492736, -0.9315209), (0.544345, -0.9407415), (0.5, -0.9644444), (0.544345, -0.9407415), (0.5377124, -0.9488235), (0.5, -0.9644444), (0.5377124, -0.9488235), (0.5296304, -0.9554562), (0.5, -0.9644444), (0.5296304, -0.9554562), (0.5204098, -0.9603847), (0.5, -0.9644444), (0.5204098, -0.9603847), (0.5104048, -0.9634197), (0.5, -0.01766667), (0.4895952, -0.01766667), (0.4895952, 0.06233333), (0.5, -0.01766667), (0.4895952, 0.06233333), (0.5, 0.06233333), (0.4895952, -0.01766667), (0.4795902, -0.01766667), (0.4795902, 0.06233333), (0.4895952, -0.01766667), (0.4795902, 0.06233333), (0.4895952, 0.06233333), (0.4795902, -0.01766667), (0.4703696, -0.01766667), (0.4703696, 0.06233333), (0.4795902, -0.01766667), (0.4703696, 0.06233333), (0.4795902, 0.06233333), (0.4703696, -0.01766667), (0.4622876, -0.01766667), (0.4622876, 0.06233333), (0.4703696, -0.01766667), (0.4622876, 0.06233333), (0.4703696, 0.06233333), (-0.01766667, -0.9488235), (-0.01766667, -0.9407415), (0.06233333, -0.9407415), (-0.01766667, -0.9488235), (0.06233333, -0.9407415), (0.06233333, -0.9488235), (-0.01766667, -0.9407415), (-0.01766667, -0.9315209), (0.06233333, -0.9315209), (-0.01766667, -0.9407415), (0.06233333, -0.9315209), (0.06233333, -0.9407415), (-0.01766667, -0.9315209), (-0.01766667, -0.9215159), (0.06233333, -0.9215159), (-0.01766667, -0.9315209), (0.06233333, -0.9215159), (0.06233333, -0.9315209), (-0.01766667, -0.9215159), (-0.01766667, -0.9111111), (0.06233333, -0.9111111), (-0.01766667, -0.9215159), (0.06233333, -0.9111111), (0.06233333, -0.9215159), (-0.01766667, -0.9111111), (-0.01766667, -0.9007063), (0.06233333, -0.9007063), (-0.01766667, -0.9111111), (0.06233333, -0.9007063), (0.06233333, -0.9111111), (-0.01766667, -0.9007063), (-0.01766667, -0.8907013), (0.06233333, -0.8907013), (-0.01766667, -0.9007063), (0.06233333, -0.8907013), (0.06233333, -0.9007063), (-0.01766667, -0.8907013), (-0.01766667, -0.8814807), (0.06233333, -0.8814807), (-0.01766667, -0.8907013), (0.06233333, -0.8814807), (0.06233333, -0.8907013), (-0.01766667, -0.8814807), (-0.01766667, -0.8733987), (0.06233333, -0.8733987), (-0.01766667, -0.8814807), (0.06233333, -0.8733987), (0.06233333, -0.8814807), (0.4622876, -0.01766667), (0.4703696, -0.01766667), (0.4703696, 0.06233333), (0.4622876, -0.01766667), (0.4703696, 0.06233333), (0.4622876, 0.06233333), (0.4703696, -0.01766667), (0.4795902, -0.01766667), (0.4795902, 0.06233333), (0.4703696, -0.01766667), (0.4795902, 0.06233333), (0.4703696, 0.06233333), (0.4795902, -0.01766667), (0.4895952, -0.01766667), (0.4895952, 0.06233333), (0.4795902, -0.01766667), (0.4895952, 0.06233333), (0.4795902, 0.06233333), (0.4895952, -0.01766667), (0.5, -0.01766667), (0.5, 0.06233333), (0.4895952, -0.01766667), (0.5, 0.06233333), (0.4895952, 0.06233333), (0.5, -0.01766667), (0.5104048, -0.01766667), (0.5104048, 0.06233333), (0.5, -0.01766667), (0.5104048, 0.06233333), (0.5, 0.06233333), (0.5104048, -0.01766667), (0.5204098, -0.01766667), (0.5204098, 0.06233333), (0.5104048, -0.01766667), (0.5204098, 0.06233333), (0.5104048, 0.06233333), (0.5204098, -0.01766667), (0.5296304, -0.01766667), (0.5296304, 0.06233333), (0.5204098, -0.01766667), (0.5296304, 0.06233333), (0.5204098, 0.06233333), (0.5296304, -0.01766667), (0.5377124, -0.01766667), (0.5377124, 0.06233333), (0.5296304, -0.01766667), (0.5377124, 0.06233333), (0.5296304, 0.06233333), (-0.01766667, -0.8733987), (-0.01766667, -0.8814807), (0.06233333, -0.8814807), (-0.01766667, -0.8733987), (0.06233333, -0.8814807), (0.06233333, -0.8733987), (-0.01766667, -0.8814807), (-0.01766667, -0.8907013), (0.06233333, -0.8907013), (-0.01766667, -0.8814807), (0.06233333, -0.8907013), (0.06233333, -0.8814807), (-0.01766667, -0.8907013), (-0.01766667, -0.9007063), (0.06233333, -0.9007063), (-0.01766667, -0.8907013), (0.06233333, -0.9007063), (0.06233333, -0.8907013), (-0.01766667, -0.9007063), (-0.01766667, -0.9111111), (0.06233333, -0.9111111), (-0.01766667, -0.9007063), (0.06233333, -0.9111111), (0.06233333, -0.9007063), (-0.01766667, -0.9111111), (-0.01766667, -0.9215159), (0.06233333, -0.9215159), (-0.01766667, -0.9111111), (0.06233333, -0.9215159), (0.06233333, -0.9111111), (-0.01766667, -0.9215159), (-0.01766667, -0.9315209), (0.06233333, -0.9315209), (-0.01766667, -0.9215159), (0.06233333, -0.9315209), (0.06233333, -0.9215159), (-0.01766667, -0.9315209), (-0.01766667, -0.9407415), (0.06233333, -0.9407415), (-0.01766667, -0.9315209), (0.06233333, -0.9407415), (0.06233333, -0.9315209), (-0.01766667, -0.9407415), (-0.01766667, -0.9488235), (0.06233333, -0.9488235), (-0.01766667, -0.9407415), (0.06233333, -0.9488235), (0.06233333, -0.9407415), (0.5377124, -0.01766667), (0.5296304, -0.01766667), (0.5296304, 0.06233333), (0.5377124, -0.01766667), (0.5296304, 0.06233333), (0.5377124, 0.06233333), (0.5296304, -0.01766667), (0.5204098, -0.01766667), (0.5204098, 0.06233333), (0.5296304, -0.01766667), (0.5204098, 0.06233333), (0.5296304, 0.06233333), (0.5204098, -0.01766667), (0.5104048, -0.01766667), (0.5104048, 0.06233333), (0.5204098, -0.01766667), (0.5104048, 0.06233333), (0.5204098, 0.06233333), (0.5104048, -0.01766667), (0.5, -0.01766667), (0.5, 0.06233333), (0.5104048, -0.01766667), (0.5, 0.06233333), (0.5104048, 0.06233333)] (interpolation = "faceVarying")
        }
        def Mesh "UFLPin_02" (prepend apiSchemas = ["MaterialBindingAPI"])
        {
            uniform token subdivisionScheme = "none"
            uniform token orientation = "rightHanded"
            bool doubleSided = false
            point3f[] points = [(0.0045, -0.000174, -0.00836), (0.004438771, -0.000174, -0.008347821), (0.004386863, -0.000174, -0.008313137), (0.004352179, -0.000174, -0.008261229), (0.00434, -0.000174, -0.0082), (0.004352179, -0.000174, -0.008138771), (0.004386863, -0.000174, -0.008086863), (0.004438771, -0.000174, -0.008052179), (0.0045, -0.000174, -0.00804), (0.004561229, -0.000174, -0.008052179), (0.004613137, -0.000174, -0.008086863), (0.004647821, -0.000174, -0.008138771), (0.00466, -0.000174, -0.0082), (0.004647821, -0.000174, -0.008261229), (0.004613137, -0.000174, -0.008313137), (0.004561229, -0.000174, -0.008347821), (0.0045, 0.000576, -0.00836), (0.004438771, 0.000576, -0.008347821), (0.004386863, 0.000576, -0.008313137), (0.004352179, 0.000576, -0.008261229), (0.00434, 0.000576, -0.0082), (0.004352179, 0.000576, -0.008138771), (0.004386863, 0.000576, -0.008086863), (0.004438771, 0.000576, -0.008052179), (0.0045, 0.000576, -0.00804), (0.004561229, 0.000576, -0.008052179), (0.004613137, 0.000576, -0.008086863), (0.004647821, 0.000576, -0.008138771), (0.00466, 0.000576, -0.0082), (0.004647821, 0.000576, -0.008261229), (0.004613137, 0.000576, -0.008313137), (0.004561229, 0.000576, -0.008347821), (0.0045, -0.000174, -0.00836), (0.004438771, -0.000174, -0.008347821), (0.004386863, -0.000174, -0.008313137), (0.004352179, -0.000174, -0.008261229), (0.00434, -0.000174, -0.0082), (0.004352179, -0.000174, -0.008138771), (0.004386863, -0.000174, -0.008086863), (0.004438771, -0.000174, -0.008052179), (0.0045, -0.000174, -0.00804), (0.004561229, -0.000174, -0.008052179), (0.004613137, -0.000174, -0.008086863), (0.004647821, -0.000174, -0.008138771), (0.00466, -0.000174, -0.0082), (0.004647821, -0.000174, -0.008261229), (0.004613137, -0.000174, -0.008313137), (0.004561229, -0.000174, -0.008347821), (0.0045, 0.000576, -0.00836), (0.004438771, 0.000576, -0.008347821), (0.004386863, 0.000576, -0.008313137), (0.004352179, 0.000576, -0.008261229), (0.00434, 0.000576, -0.0082), (0.004352179, 0.000576, -0.008138771), (0.004386863, 0.000576, -0.008086863), (0.004438771, 0.000576, -0.008052179), (0.0045, 0.000576, -0.00804), (0.004561229, 0.000576, -0.008052179), (0.004613137, 0.000576, -0.008086863), (0.004647821, 0.000576, -0.008138771), (0.00466, 0.000576, -0.0082), (0.004647821, 0.000576, -0.008261229), (0.004613137, 0.000576, -0.008313137), (0.004561229, 0.000576, -0.008347821)]
            int[] faceVertexCounts = [3, 3, 3, 3, 3, 3, 3, 3, 3, 3, 3, 3, 3, 3, 3, 3, 3, 3, 3, 3, 3, 3, 3, 3, 3, 3, 3, 3, 3, 3, 3, 3, 3, 3, 3, 3, 3, 3, 3, 3, 3, 3, 3, 3, 3, 3, 3, 3, 3, 3, 3, 3, 3, 3, 3, 3, 3, 3, 3, 3]
            int[] faceVertexIndices = [47, 46, 45, 47, 45, 44, 47, 44, 43, 47, 43, 42, 47, 42, 41, 47, 41, 40, 47, 40, 39, 47, 39, 38, 47, 38, 37, 47, 37, 36, 47, 36, 35, 47, 35, 34, 47, 34, 33, 47, 33, 32, 48, 49, 50, 48, 50, 51, 48, 51, 52, 48, 52, 53, 48, 53, 54, 48, 54, 55, 48, 55, 56, 48, 56, 57, 48, 57, 58, 48, 58, 59, 48, 59, 60, 48, 60, 61, 48, 61, 62, 48, 62, 63, 0, 1, 17, 0, 17, 16, 1, 2, 18, 1, 18, 17, 2, 3, 19, 2, 19, 18, 3, 4, 20, 3, 20, 19, 4, 5, 21, 4, 21, 20, 5, 6, 22, 5, 22, 21, 6, 7, 23, 6, 23, 22, 7, 8, 24, 7, 24, 23, 8, 9, 25, 8, 25, 24, 9, 10, 26, 9, 26, 25, 10, 11, 27, 10, 27, 26, 11, 12, 28, 11, 28, 27, 12, 13, 29, 12, 29, 28, 13, 14, 30, 13, 30, 29, 14, 15, 31, 14, 31, 30, 15, 0, 16, 15, 16, 31]
            normal3f[] normals = [(-0.06615886, 0, -0.9978091), (-0.4429678, 0, -0.8965375), (-0.752339, 0, -0.6587762), (-0.9471733, 0, -0.3207222), (-0.9978091, 0, 0.06615886), (-0.8965375, 0, 0.4429678), (-0.6587762, 0, 0.752339), (-0.3207222, 0, 0.9471733), (0.06615886, 0, 0.9978091), (0.4429678, 0, 0.8965375), (0.752339, 0, 0.6587762), (0.9471733, 0, 0.3207222), (0.9978091, 0, -0.06615886), (0.8965375, 0, -0.4429678), (0.6587762, 0, -0.752339), (0.3207222, 0, -0.9471733), (0.06615886, 0, -0.9978091), (-0.3207222, 0, -0.9471733), (-0.6587762, 0, -0.752339), (-0.8965375, 0, -0.4429678), (-0.9978091, 0, -0.06615886), (-0.9471733, 0, 0.3207222), (-0.752339, 0, 0.6587762), (-0.4429678, 0, 0.8965375), (-0.06615886, 0, 0.9978091), (0.3207222, 0, 0.9471733), (0.6587762, 0, 0.752339), (0.8965375, 0, 0.4429678), (0.9978091, 0, 0.06615886), (0.9471733, 0, -0.3207222), (0.752339, 0, -0.6587762), (0.4429678, 0, -0.8965375), (0, -1, 0), (0, -1, 0), (0, -1, 0), (0, -1, 0), (0, -1, 0), (0, -1, 0), (0, -1, 0), (0, -1, 0), (0, -1, 0), (0, -1, 0), (0, -1, 0), (0, -1, 0), (0, -1, 0), (0, -1, 0), (0, -1, 0), (0, -1, 0), (0, 1, 0), (0, 1, 0), (0, 1, 0), (0, 1, 0), (0, 1, 0), (0, 1, 0), (0, 1, 0), (0, 1, 0), (0, 1, 0), (0, 1, 0), (0, 1, 0), (0, 1, 0), (0, 1, 0), (0, 1, 0), (0, 1, 0), (0, 1, 0)] (interpolation = "vertex")
            float3[] extent = [(0.00434, -0.000174, -0.00836), (0.00466, 0.000576, -0.00804)]
            rel material:binding = </WorkbenchPart/Materials/gold>
        }
        def Mesh "SignalPad_01" (prepend apiSchemas = ["MaterialBindingAPI"])
        {
            uniform token subdivisionScheme = "none"
            uniform token orientation = "rightHanded"
            bool doubleSided = false
            point3f[] points = [(-0.004972285, -0.0003217846, 0.008115215), (-0.0049755, -0.000325, 0.008124), (-0.004976956, -0.0003264558, 0.008136), (-0.004976956, -0.0003264558, 0.009464), (-0.0049755, -0.000325, 0.009476), (-0.004972285, -0.0003217846, 0.009484785), (-0.0049755, -0.000313, 0.008112), (-0.004980894, -0.0003156969, 0.008121303), (-0.004983699, -0.0003170997, 0.008136), (-0.004983699, -0.0003170997, 0.009464), (-0.004980894, -0.0003156969, 0.009478697), (-0.0049755, -0.000313, 0.009488), (-0.004976956, -0.000301, 0.008110544), (-0.004983699, -0.000301, 0.0081199), (-0.0049875, -0.000301, 0.008136), (-0.0049875, -0.000301, 0.009464), (-0.004983699, -0.000301, 0.0094801), (-0.004976956, -0.000301, 0.009489456), (-0.004976956, -0.000293, 0.008110544), (-0.004983699, -0.000293, 0.0081199), (-0.0049875, -0.000293, 0.008136), (-0.0049875, -0.000293, 0.009464), (-0.004983699, -0.000293, 0.0094801), (-0.004976956, -0.000293, 0.009489456), (-0.0049755, -0.000281, 0.008112), (-0.004980894, -0.0002783031, 0.008121303), (-0.004983699, -0.0002769003, 0.008136), (-0.004983699, -0.0002769003, 0.009464), (-0.004980894, -0.0002783031, 0.009478697), (-0.0049755, -0.000281, 0.009488), (-0.004972285, -0.0002722154, 0.008115215), (-0.0049755, -0.000269, 0.008124), (-0.004976956, -0.0002675442, 0.008136), (-0.004976956, -0.0002675442, 0.009464), (-0.0049755, -0.000269, 0.009476), (-0.004972285, -0.0002722154, 0.009484785), (-0.003577715, -0.0003217846, 0.008115215), (-0.0035745, -0.000325, 0.008124), (-0.003573044, -0.0003264558, 0.008136), (-0.003573044, -0.0003264558, 0.009464), (-0.0035745, -0.000325, 0.009476), (-0.003577715, -0.0003217846, 0.009484785), (-0.0035745, -0.000313, 0.008112), (-0.003569106, -0.0003156969, 0.008121303), (-0.003566301, -0.0003170997, 0.008136), (-0.003566301, -0.0003170997, 0.009464), (-0.003569106, -0.0003156969, 0.009478697), (-0.0035745, -0.000313, 0.009488), (-0.003573044, -0.000301, 0.008110544), (-0.003566301, -0.000301, 0.0081199), (-0.0035625, -0.000301, 0.008136), (-0.0035625, -0.000301, 0.009464), (-0.003566301, -0.000301, 0.0094801), (-0.003573044, -0.000301, 0.009489456), (-0.003573044, -0.000293, 0.008110544), (-0.003566301, -0.000293, 0.0081199), (-0.0035625, -0.000293, 0.008136), (-0.0035625, -0.000293, 0.009464), (-0.003566301, -0.000293, 0.0094801), (-0.003573044, -0.000293, 0.009489456), (-0.0035745, -0.000281, 0.008112), (-0.003569106, -0.0002783031, 0.008121303), (-0.003566301, -0.0002769003, 0.008136), (-0.003566301, -0.0002769003, 0.009464), (-0.003569106, -0.0002783031, 0.009478697), (-0.0035745, -0.000281, 0.009488), (-0.003577715, -0.0002722154, 0.008115215), (-0.0035745, -0.000269, 0.008124), (-0.003573044, -0.0002675442, 0.008136), (-0.003573044, -0.0002675442, 0.009464), (-0.0035745, -0.000269, 0.009476), (-0.003577715, -0.0002722154, 0.009484785), (-0.004972285, -0.0003217846, 0.008115215), (-0.0049635, -0.000325, 0.008112), (-0.0049515, -0.0003264558, 0.008110544), (-0.0035985, -0.0003264558, 0.008110544), (-0.0035865, -0.000325, 0.008112), (-0.003577715, -0.0003217846, 0.008115215), (-0.0049755, -0.000325, 0.008124), (-0.004966197, -0.0003303939, 0.008121303), (-0.0049515, -0.0003331994, 0.0081199), (-0.0035985, -0.0003331994, 0.0081199), (-0.003583803, -0.0003303939, 0.008121303), (-0.0035745, -0.000325, 0.008124), (-0.004976956, -0.0003264558, 0.008136), (-0.0049676, -0.0003331994, 0.008136), (-0.0049515, -0.000337, 0.008136), (-0.0035985, -0.000337, 0.008136), (-0.0035824, -0.0003331994, 0.008136), (-0.003573044, -0.0003264558, 0.008136), (-0.004976956, -0.0003264558, 0.009464), (-0.0049676, -0.0003331994, 0.009464), (-0.0049515, -0.000337, 0.009464), (-0.0035985, -0.000337, 0.009464), (-0.0035824, -0.0003331994, 0.009464), (-0.003573044, -0.0003264558, 0.009464), (-0.0049755, -0.000325, 0.009476), (-0.004966197, -0.0003303939, 0.009478697), (-0.0049515, -0.0003331994, 0.0094801), (-0.0035985, -0.0003331994, 0.0094801), (-0.003583803, -0.0003303939, 0.009478697), (-0.0035745, -0.000325, 0.009476), (-0.004972285, -0.0003217846, 0.009484785), (-0.0049635, -0.000325, 0.009488), (-0.0049515, -0.0003264558, 0.009489456), (-0.0035985, -0.0003264558, 0.009489456), (-0.0035865, -0.000325, 0.009488), (-0.003577715, -0.0003217846, 0.009484785), (-0.004972285, -0.0002722154, 0.008115215), (-0.0049635, -0.000269, 0.008112), (-0.0049515, -0.0002675442, 0.008110544), (-0.0035985, -0.0002675442, 0.008110544), (-0.0035865, -0.000269, 0.008112), (-0.003577715, -0.0002722154, 0.008115215), (-0.0049755, -0.000269, 0.008124), (-0.004966197, -0.0002636061, 0.008121303), (-0.0049515, -0.0002608006, 0.0081199), (-0.0035985, -0.0002608006, 0.0081199), (-0.003583803, -0.0002636061, 0.008121303), (-0.0035745, -0.000269, 0.008124), (-0.004976956, -0.0002675442, 0.008136), (-0.0049676, -0.0002608006, 0.008136), (-0.0049515, -0.000257, 0.008136), (-0.0035985, -0.000257, 0.008136), (-0.0035824, -0.0002608006, 0.008136), (-0.003573044, -0.0002675442, 0.008136), (-0.004976956, -0.0002675442, 0.009464), (-0.0049676, -0.0002608006, 0.009464), (-0.0049515, -0.000257, 0.009464), (-0.0035985, -0.000257, 0.009464), (-0.0035824, -0.0002608006, 0.009464), (-0.003573044, -0.0002675442, 0.009464), (-0.0049755, -0.000269, 0.009476), (-0.004966197, -0.0002636061, 0.009478697), (-0.0049515, -0.0002608006, 0.0094801), (-0.0035985, -0.0002608006, 0.0094801), (-0.003583803, -0.0002636061, 0.009478697), (-0.0035745, -0.000269, 0.009476), (-0.004972285, -0.0002722154, 0.009484785), (-0.0049635, -0.000269, 0.009488), (-0.0049515, -0.0002675442, 0.009489456), (-0.0035985, -0.0002675442, 0.009489456), (-0.0035865, -0.000269, 0.009488), (-0.003577715, -0.0002722154, 0.009484785), (-0.004972285, -0.0003217846, 0.008115215), (-0.0049755, -0.000313, 0.008112), (-0.004976956, -0.000301, 0.008110544), (-0.004976956, -0.000293, 0.008110544), (-0.0049755, -0.000281, 0.008112), (-0.004972285, -0.0002722154, 0.008115215), (-0.0049635, -0.000325, 0.008112), (-0.004966197, -0.0003156969, 0.008106606), (-0.0049676, -0.000301, 0.008103801), (-0.0049676, -0.000293, 0.008103801), (-0.004966197, -0.0002783031, 0.008106606), (-0.0049635, -0.000269, 0.008112), (-0.0049515, -0.0003264558, 0.008110544), (-0.0049515, -0.0003170997, 0.008103801), (-0.0049515, -0.000301, 0.0081), (-0.0049515, -0.000293, 0.0081), (-0.0049515, -0.0002769003, 0.008103801), (-0.0049515, -0.0002675442, 0.008110544), (-0.0035985, -0.0003264558, 0.008110544), (-0.0035985, -0.0003170997, 0.008103801), (-0.0035985, -0.000301, 0.0081), (-0.0035985, -0.000293, 0.0081), (-0.0035985, -0.0002769003, 0.008103801), (-0.0035985, -0.0002675442, 0.008110544), (-0.0035865, -0.000325, 0.008112), (-0.003583803, -0.0003156969, 0.008106606), (-0.0035824, -0.000301, 0.008103801), (-0.0035824, -0.000293, 0.008103801), (-0.003583803, -0.0002783031, 0.008106606), (-0.0035865, -0.000269, 0.008112), (-0.003577715, -0.0003217846, 0.008115215), (-0.0035745, -0.000313, 0.008112), (-0.003573044, -0.000301, 0.008110544), (-0.003573044, -0.000293, 0.008110544), (-0.0035745, -0.000281, 0.008112), (-0.003577715, -0.0002722154, 0.008115215), (-0.004972285, -0.0003217846, 0.009484785), (-0.0049755, -0.000313, 0.009488), (-0.004976956, -0.000301, 0.009489456), (-0.004976956, -0.000293, 0.009489456), (-0.0049755, -0.000281, 0.009488), (-0.004972285, -0.0002722154, 0.009484785), (-0.0049635, -0.000325, 0.009488), (-0.004966197, -0.0003156969, 0.009493394), (-0.0049676, -0.000301, 0.009496199), (-0.0049676, -0.000293, 0.009496199), (-0.004966197, -0.0002783031, 0.009493394), (-0.0049635, -0.000269, 0.009488), (-0.0049515, -0.0003264558, 0.009489456), (-0.0049515, -0.0003170997, 0.009496199), (-0.0049515, -0.000301, 0.0095), (-0.0049515, -0.000293, 0.0095), (-0.0049515, -0.0002769003, 0.009496199), (-0.0049515, -0.0002675442, 0.009489456), (-0.0035985, -0.0003264558, 0.009489456), (-0.0035985, -0.0003170997, 0.009496199), (-0.0035985, -0.000301, 0.0095), (-0.0035985, -0.000293, 0.0095), (-0.0035985, -0.0002769003, 0.009496199), (-0.0035985, -0.0002675442, 0.009489456), (-0.0035865, -0.000325, 0.009488), (-0.003583803, -0.0003156969, 0.009493394), (-0.0035824, -0.000301, 0.009496199), (-0.0035824, -0.000293, 0.009496199), (-0.003583803, -0.0002783031, 0.009493394), (-0.0035865, -0.000269, 0.009488), (-0.003577715, -0.0003217846, 0.009484785), (-0.0035745, -0.000313, 0.009488), (-0.003573044, -0.000301, 0.009489456), (-0.003573044, -0.000293, 0.009489456), (-0.0035745, -0.000281, 0.009488), (-0.003577715, -0.0002722154, 0.009484785)]
            int[] faceVertexCounts = [3, 3, 3, 3, 3, 3, 3, 3, 3, 3, 3, 3, 3, 3, 3, 3, 3, 3, 3, 3, 3, 3, 3, 3, 3, 3, 3, 3, 3, 3, 3, 3, 3, 3, 3, 3, 3, 3, 3, 3, 3, 3, 3, 3, 3, 3, 3, 3, 3, 3, 3, 3, 3, 3, 3, 3, 3, 3, 3, 3, 3, 3, 3, 3, 3, 3, 3, 3, 3, 3, 3, 3, 3, 3, 3, 3, 3, 3, 3, 3, 3, 3, 3, 3, 3, 3, 3, 3, 3, 3, 3, 3, 3, 3, 3, 3, 3, 3, 3, 3, 3, 3, 3, 3, 3, 3, 3, 3, 3, 3, 3, 3, 3, 3, 3, 3, 3, 3, 3, 3, 3, 3, 3, 3, 3, 3, 3, 3, 3, 3, 3, 3, 3, 3, 3, 3, 3, 3, 3, 3, 3, 3, 3, 3, 3, 3, 3, 3, 3, 3, 3, 3, 3, 3, 3, 3, 3, 3, 3, 3, 3, 3, 3, 3, 3, 3, 3, 3, 3, 3, 3, 3, 3, 3, 3, 3, 3, 3, 3, 3, 3, 3, 3, 3, 3, 3, 3, 3, 3, 3, 3, 3, 3, 3, 3, 3, 3, 3, 3, 3, 3, 3, 3, 3, 3, 3, 3, 3, 3, 3, 3, 3, 3, 3, 3, 3, 3, 3, 3, 3, 3, 3, 3, 3, 3, 3, 3, 3, 3, 3, 3, 3, 3, 3, 3, 3, 3, 3, 3, 3, 3, 3, 3, 3, 3, 3, 3, 3, 3, 3, 3, 3, 3, 3, 3, 3, 3, 3, 3, 3, 3, 3, 3, 3, 3, 3, 3, 3, 3, 3, 3, 3, 3, 3, 3, 3, 3, 3, 3, 3, 3, 3, 3, 3, 3, 3, 3, 3, 3, 3, 3, 3, 3, 3, 3, 3, 3, 3, 3, 3]
            int[] faceVertexIndices = [1, 7, 6, 1, 6, 0, 2, 8, 7, 2, 7, 1, 3, 9, 8, 3, 8, 2, 4, 10, 9, 4, 9, 3, 5, 11, 10, 5, 10, 4, 7, 13, 12, 7, 12, 6, 8, 14, 13, 8, 13, 7, 9, 15, 14, 9, 14, 8, 10, 16, 15, 10, 15, 9, 11, 17, 16, 11, 16, 10, 13, 19, 18, 13, 18, 12, 14, 20, 19, 14, 19, 13, 15, 21, 20, 15, 20, 14, 16, 22, 21, 16, 21, 15, 17, 23, 22, 17, 22, 16, 19, 25, 24, 19, 24, 18, 20, 26, 25, 20, 25, 19, 21, 27, 26, 21, 26, 20, 22, 28, 27, 22, 27, 21, 23, 29, 28, 23, 28, 22, 25, 31, 30, 25, 30, 24, 26, 32, 31, 26, 31, 25, 27, 33, 32, 27, 32, 26, 28, 34, 33, 28, 33, 27, 29, 35, 34, 29, 34, 28, 36, 42, 43, 36, 43, 37, 37, 43, 44, 37, 44, 38, 38, 44, 45, 38, 45, 39, 39, 45, 46, 39, 46, 40, 40, 46, 47, 40, 47, 41, 42, 48, 49, 42, 49, 43, 43, 49, 50, 43, 50, 44, 44, 50, 51, 44, 51, 45, 45, 51, 52, 45, 52, 46, 46, 52, 53, 46, 53, 47, 48, 54, 55, 48, 55, 49, 49, 55, 56, 49, 56, 50, 50, 56, 57, 50, 57, 51, 51, 57, 58, 51, 58, 52, 52, 58, 59, 52, 59, 53, 54, 60, 61, 54, 61, 55, 55, 61, 62, 55, 62, 56, 56, 62, 63, 56, 63, 57, 57, 63, 64, 57, 64, 58, 58, 64, 65, 58, 65, 59, 60, 66, 67, 60, 67, 61, 61, 67, 68, 61, 68, 62, 62, 68, 69, 62, 69, 63, 63, 69, 70, 63, 70, 64, 64, 70, 71, 64, 71, 65, 73, 79, 78, 73, 78, 72, 74, 80, 79, 74, 79, 73, 75, 81, 80, 75, 80, 74, 76, 82, 81, 76, 81, 75, 77, 83, 82, 77, 82, 76, 79, 85, 84, 79, 84, 78, 80, 86, 85, 80, 85, 79, 81, 87, 86, 81, 86, 80, 82, 88, 87, 82, 87, 81, 83, 89, 88, 83, 88, 82, 85, 91, 90, 85, 90, 84, 86, 92, 91, 86, 91, 85, 87, 93, 92, 87, 92, 86, 88, 94, 93, 88, 93, 87, 89, 95, 94, 89, 94, 88, 91, 97, 96, 91, 96, 90, 92, 98, 97, 92, 97, 91, 93, 99, 98, 93, 98, 92, 94, 100, 99, 94, 99, 93, 95, 101, 100, 95, 100, 94, 97, 103, 102, 97, 102, 96, 98, 104, 103, 98, 103, 97, 99, 105, 104, 99, 104, 98, 100, 106, 105, 100, 105, 99, 101, 107, 106, 101, 106, 100, 108, 114, 115, 108, 115, 109, 109, 115, 116, 109, 116, 110, 110, 116, 117, 110, 117, 111, 111, 117, 118, 111, 118, 112, 112, 118, 119, 112, 119, 113, 114, 120, 121, 114, 121, 115, 115, 121, 122, 115, 122, 116, 116, 122, 123, 116, 123, 117, 117, 123, 124, 117, 124, 118, 118, 124, 125, 118, 125, 119, 120, 126, 127, 120, 127, 121, 121, 127, 128, 121, 128, 122, 122, 128, 129, 122, 129, 123, 123, 129, 130, 123, 130, 124, 124, 130, 131, 124, 131, 125, 126, 132, 133, 126, 133, 127, 127, 133, 134, 127, 134, 128, 128, 134, 135, 128, 135, 129, 129, 135, 136, 129, 136, 130, 130, 136, 137, 130, 137, 131, 132, 138, 139, 132, 139, 133, 133, 139, 140, 133, 140, 134, 134, 140, 141, 134, 141, 135, 135, 141, 142, 135, 142, 136, 136, 142, 143, 136, 143, 137, 145, 151, 150, 145, 150, 144, 146, 152, 151, 146, 151, 145, 147, 153, 152, 147, 152, 146, 148, 154, 153, 148, 153, 147, 149, 155, 154, 149, 154, 148, 151, 157, 156, 151, 156, 150, 152, 158, 157, 152, 157, 151, 153, 159, 158, 153, 158, 152, 154, 160, 159, 154, 159, 153, 155, 161, 160, 155, 160, 154, 157, 163, 162, 157, 162, 156, 158, 164, 163, 158, 163, 157, 159, 165, 164, 159, 164, 158, 160, 166, 165, 160, 165, 159, 161, 167, 166, 161, 166, 160, 163, 169, 168, 163, 168, 162, 164, 170, 169, 164, 169, 163, 165, 171, 170, 165, 170, 164, 166, 172, 171, 166, 171, 165, 167, 173, 172, 167, 172, 166, 169, 175, 174, 169, 174, 168, 170, 176, 175, 170, 175, 169, 171, 177, 176, 171, 176, 170, 172, 178, 177, 172, 177, 171, 173, 179, 178, 173, 178, 172, 180, 186, 187, 180, 187, 181, 181, 187, 188, 181, 188, 182, 182, 188, 189, 182, 189, 183, 183, 189, 190, 183, 190, 184, 184, 190, 191, 184, 191, 185, 186, 192, 193, 186, 193, 187, 187, 193, 194, 187, 194, 188, 188, 194, 195, 188, 195, 189, 189, 195, 196, 189, 196, 190, 190, 196, 197, 190, 197, 191, 192, 198, 199, 192, 199, 193, 193, 199, 200, 193, 200, 194, 194, 200, 201, 194, 201, 195, 195, 201, 202, 195, 202, 196, 196, 202, 203, 196, 203, 197, 198, 204, 205, 198, 205, 199, 199, 205, 206, 199, 206, 200, 200, 206, 207, 200, 207, 201, 201, 207, 208, 201, 208, 202, 202, 208, 209, 202, 209, 203, 204, 210, 211, 204, 211, 205, 205, 211, 212, 205, 212, 206, 206, 212, 213, 206, 213, 207, 207, 213, 214, 207, 214, 208, 208, 214, 215, 208, 215, 209]
            normal3f[] normals = [(-0.7745967, -0.4472136, -0.4472136), (-0.7668657, -0.5195657, -0.376787), (-0.8115095, -0.5843278, -0.003657481), (-0.8112419, -0.5847101, 0.0007617274), (-0.7900625, -0.5555967, 0.2590629), (-0.7071068, -0.5, 0.5), (-0.7668657, -0.376787, -0.5195657), (-0.8559572, -0.3656073, -0.3656073), (-0.8963826, -0.4432728, -0.002718647), (-0.9449638, -0.3271697, 0.001826586), (-0.8844941, -0.3299016, 0.3299016), (-0.7900625, -0.2590629, 0.5555967), (-0.8133397, -0.145112, -0.5634014), (-0.9225416, -0.1473858, -0.3566433), (-0.9827073, -0.1851527, -0.002224222), (-0.9929642, -0.1183732, 0.00314129), (-0.916641, -0.1211306, 0.3809156), (-0.8091137, -0.07239132, 0.5831762), (-0.8091137, 0.07239132, -0.5831762), (-0.916641, 0.1211306, -0.3809156), (-0.9929642, 0.1183732, -0.00314129), (-0.9827073, 0.1851527, 0.002224222), (-0.9225416, 0.1473858, 0.3566433), (-0.8133397, 0.145112, 0.5634014), (-0.7900625, 0.2590629, -0.5555967), (-0.8844941, 0.3299016, -0.3299016), (-0.9449638, 0.3271697, -0.001826586), (-0.8963826, 0.4432728, 0.002718647), (-0.8559572, 0.3656073, 0.3656073), (-0.7668657, 0.376787, 0.5195657), (-0.7071068, 0.5, -0.5), (-0.7900625, 0.5555967, -0.2590629), (-0.8112419, 0.5847101, -0.0007617274), (-0.8115095, 0.5843278, 0.003657481), (-0.7668657, 0.5195657, 0.376787), (-0.7745967, 0.4472136, 0.4472136), (0.7071068, -0.5, -0.5), (0.7900625, -0.5555967, -0.2590629), (0.8112419, -0.5847101, -0.0007617274), (0.8115095, -0.5843278, 0.003657481), (0.7668657, -0.5195657, 0.376787), (0.7745967, -0.4472136, 0.4472136), (0.7900625, -0.2590629, -0.5555967), (0.8844941, -0.3299016, -0.3299016), (0.9449638, -0.3271697, -0.001826586), (0.8963826, -0.4432728, 0.002718647), (0.8559572, -0.3656073, 0.3656073), (0.7668657, -0.376787, 0.5195657), (0.8091137, -0.07239132, -0.5831762), (0.916641, -0.1211306, -0.3809156), (0.9929642, -0.1183732, -0.00314129), (0.9827073, -0.1851527, 0.002224222), (0.9225416, -0.1473858, 0.3566433), (0.8133397, -0.145112, 0.5634014), (0.8133397, 0.145112, -0.5634014), (0.9225416, 0.1473858, -0.3566433), (0.9827073, 0.1851527, -0.002224222), (0.9929642, 0.1183732, 0.00314129), (0.916641, 0.1211306, 0.3809156), (0.8091137, 0.07239132, 0.5831762), (0.7668657, 0.376787, -0.5195657), (0.8559572, 0.3656073, -0.3656073), (0.8963826, 0.4432728, -0.002718647), (0.9449638, 0.3271697, 0.001826586), (0.8844941, 0.3299016, 0.3299016), (0.7900625, 0.2590629, 0.5555967), (0.7745967, 0.4472136, -0.4472136), (0.7668657, 0.5195657, -0.376787), (0.8115095, 0.5843278, -0.003657481), (0.8112419, 0.5847101, 0.0007617274), (0.7900625, 0.5555967, 0.2590629), (0.7071068, 0.5, 0.5), (-0.4472136, -0.7745967, -0.4472136), (-0.376787, -0.7668657, -0.5195657), (-0.003591163, -0.8115048, -0.5843348), (0.0007477147, -0.811242, -0.5847101), (0.2590629, -0.7900625, -0.5555967), (0.5, -0.7071068, -0.5), (-0.5195657, -0.7668657, -0.376787), (-0.3656073, -0.8559572, -0.3656073), (-0.002669017, -0.8963692, -0.4433003), (0.001793132, -0.9449694, -0.3271538), (0.3299016, -0.8844941, -0.3299016), (0.5555967, -0.7900625, -0.2590629), (-0.5843278, -0.8115095, -0.003657481), (-0.4432728, -0.8963826, -0.002718647), (-0.00539211, -0.9999704, -0.005493007), (0.001416904, -0.999998, -0.001443028), (0.3271697, -0.9449638, -0.001826586), (0.5847101, -0.8112419, -0.0007617274), (-0.5847101, -0.8112419, 0.0007617274), (-0.3271697, -0.9449638, 0.001826586), (-0.001416904, -0.999998, 0.001443028), (0.00539211, -0.9999704, 0.005493007), (0.4432728, -0.8963826, 0.002718647), (0.5843278, -0.8115095, 0.003657481), (-0.5555967, -0.7900625, 0.2590629), (-0.3299016, -0.8844941, 0.3299016), (-0.001793132, -0.9449694, 0.3271538), (0.002669017, -0.8963692, 0.4433003), (0.3656073, -0.8559572, 0.3656073), (0.5195657, -0.7668657, 0.376787), (-0.5, -0.7071068, 0.5), (-0.2590629, -0.7900625, 0.5555967), (-0.0007477147, -0.811242, 0.5847101), (0.003591163, -0.8115048, 0.5843348), (0.376787, -0.7668657, 0.5195657), (0.4472136, -0.7745967, 0.4472136), (-0.5, 0.7071068, -0.5), (-0.2590629, 0.7900625, -0.5555967), (-0.0007477147, 0.811242, -0.5847101), (0.003591163, 0.8115048, -0.5843348), (0.376787, 0.7668657, -0.5195657), (0.4472136, 0.7745967, -0.4472136), (-0.5555967, 0.7900625, -0.2590629), (-0.3299016, 0.8844941, -0.3299016), (-0.001793132, 0.9449694, -0.3271538), (0.002669017, 0.8963692, -0.4433003), (0.3656073, 0.8559572, -0.3656073), (0.5195657, 0.7668657, -0.376787), (-0.5847101, 0.8112419, -0.0007617274), (-0.3271697, 0.9449638, -0.001826586), (-0.001416904, 0.999998, -0.001443028), (0.00539211, 0.9999704, -0.005493007), (0.4432728, 0.8963826, -0.002718647), (0.5843278, 0.8115095, -0.003657481), (-0.5843278, 0.8115095, 0.003657481), (-0.4432728, 0.8963826, 0.002718647), (-0.00539211, 0.9999704, 0.005493007), (0.001416904, 0.999998, 0.001443028), (0.3271697, 0.9449638, 0.001826586), (0.5847101, 0.8112419, 0.0007617274), (-0.5195657, 0.7668657, 0.376787), (-0.3656073, 0.8559572, 0.3656073), (-0.002669017, 0.8963692, 0.4433003), (0.001793132, 0.9449694, 0.3271538), (0.3299016, 0.8844941, 0.3299016), (0.5555967, 0.7900625, 0.2590629), (-0.4472136, 0.7745967, 0.4472136), (-0.376787, 0.7668657, 0.5195657), (-0.003591163, 0.8115048, 0.5843348), (0.0007477147, 0.811242, 0.5847101), (0.2590629, 0.7900625, 0.5555967), (0.5, 0.7071068, 0.5), (-0.4472136, -0.4472136, -0.7745967), (-0.5195657, -0.376787, -0.7668657), (-0.5634014, -0.145112, -0.8133397), (-0.5831762, 0.07239132, -0.8091137), (-0.5555967, 0.2590629, -0.7900625), (-0.5, 0.5, -0.7071068), (-0.376787, -0.5195657, -0.7668657), (-0.3656073, -0.3656073, -0.8559572), (-0.3566433, -0.1473858, -0.9225416), (-0.3809156, 0.1211306, -0.916641), (-0.3299016, 0.3299016, -0.8844941), (-0.2590629, 0.5555967, -0.7900625), (-0.003591163, -0.5843348, -0.8115048), (-0.002669017, -0.4433003, -0.8963692), (-0.002183506, -0.1851645, -0.9827051), (-0.003084046, 0.1183587, -0.9929661), (-0.001793132, 0.3271538, -0.9449694), (-0.0007477147, 0.5847101, -0.811242), (0.0007477147, -0.5847101, -0.811242), (0.001793132, -0.3271538, -0.9449694), (0.003084046, -0.1183587, -0.9929661), (0.002183506, 0.1851645, -0.9827051), (0.002669017, 0.4433003, -0.8963692), (0.003591163, 0.5843348, -0.8115048), (0.2590629, -0.5555967, -0.7900625), (0.3299016, -0.3299016, -0.8844941), (0.3809156, -0.1211306, -0.916641), (0.3566433, 0.1473858, -0.9225416), (0.3656073, 0.3656073, -0.8559572), (0.376787, 0.5195657, -0.7668657), (0.5, -0.5, -0.7071068), (0.5555967, -0.2590629, -0.7900625), (0.5831762, -0.07239132, -0.8091137), (0.5634014, 0.145112, -0.8133397), (0.5195657, 0.376787, -0.7668657), (0.4472136, 0.4472136, -0.7745967), (-0.5, -0.5, 0.7071068), (-0.5555967, -0.2590629, 0.7900625), (-0.5831762, -0.07239132, 0.8091137), (-0.5634014, 0.145112, 0.8133397), (-0.5195657, 0.376787, 0.7668657), (-0.4472136, 0.4472136, 0.7745967), (-0.2590629, -0.5555967, 0.7900625), (-0.3299016, -0.3299016, 0.8844941), (-0.3809156, -0.1211306, 0.916641), (-0.3566433, 0.1473858, 0.9225416), (-0.3656073, 0.3656073, 0.8559572), (-0.376787, 0.5195657, 0.7668657), (-0.0007477147, -0.5847101, 0.811242), (-0.001793132, -0.3271538, 0.9449694), (-0.003084046, -0.1183587, 0.9929661), (-0.002183506, 0.1851645, 0.9827051), (-0.002669017, 0.4433003, 0.8963692), (-0.003591163, 0.5843348, 0.8115048), (0.003591163, -0.5843348, 0.8115048), (0.002669017, -0.4433003, 0.8963692), (0.002183506, -0.1851645, 0.9827051), (0.003084046, 0.1183587, 0.9929661), (0.001793132, 0.3271538, 0.9449694), (0.0007477147, 0.5847101, 0.811242), (0.376787, -0.5195657, 0.7668657), (0.3656073, -0.3656073, 0.8559572), (0.3566433, -0.1473858, 0.9225416), (0.3809156, 0.1211306, 0.916641), (0.3299016, 0.3299016, 0.8844941), (0.2590629, 0.5555967, 0.7900625), (0.4472136, -0.4472136, 0.7745967), (0.5195657, -0.376787, 0.7668657), (0.5634014, -0.145112, 0.8133397), (0.5831762, 0.07239132, 0.8091137), (0.5555967, 0.2590629, 0.7900625), (0.5, 0.5, 0.7071068)] (interpolation = "vertex")
            float3[] extent = [(-0.0049875, -0.000337, 0.0081), (-0.0035625, -0.000257, 0.0095)]
            rel material:binding = </WorkbenchPart/Materials/gold>
        }
        def Mesh "SMDComponent_01" (prepend apiSchemas = ["MaterialBindingAPI"])
        {
            uniform token subdivisionScheme = "none"
            uniform token orientation = "rightHanded"
            bool doubleSided = false
            point3f[] points = [(-0.004826088, -0.0002285885, 0.003961412), (-0.0048285, -0.000231, 0.003968), (-0.004829592, -0.0002320919, 0.003977), (-0.004829592, -0.0002320919, 0.005623), (-0.0048285, -0.000231, 0.005632), (-0.004826088, -0.0002285885, 0.005638588), (-0.0048285, -0.000222, 0.003959), (-0.004832545, -0.0002240227, 0.003965977), (-0.00483465, -0.0002250748, 0.003977), (-0.00483465, -0.0002250748, 0.005623), (-0.004832545, -0.0002240227, 0.005634023), (-0.0048285, -0.000222, 0.005641), (-0.004829592, -0.000213, 0.003957908), (-0.00483465, -0.000213, 0.003964925), (-0.0048375, -0.000213, 0.003977), (-0.0048375, -0.000213, 0.005623), (-0.00483465, -0.000213, 0.005635075), (-0.004829592, -0.000213, 0.005642092), (-0.004829592, 3.3e-05, 0.003957908), (-0.00483465, 3.3e-05, 0.003964925), (-0.0048375, 3.3e-05, 0.003977), (-0.0048375, 3.3e-05, 0.005623), (-0.00483465, 3.3e-05, 0.005635075), (-0.004829592, 3.3e-05, 0.005642092), (-0.0048285, 4.2e-05, 0.003959), (-0.004832545, 4.40227e-05, 0.003965977), (-0.00483465, 4.507477e-05, 0.003977), (-0.00483465, 4.507477e-05, 0.005623), (-0.004832545, 4.40227e-05, 0.005634023), (-0.0048285, 4.2e-05, 0.005641), (-0.004826088, 4.858846e-05, 0.003961412), (-0.0048285, 5.1e-05, 0.003968), (-0.004829592, 5.209188e-05, 0.003977), (-0.004829592, 5.209188e-05, 0.005623), (-0.0048285, 5.1e-05, 0.005632), (-0.004826088, 4.858846e-05, 0.005638588), (-0.003723912, -0.0002285885, 0.003961412), (-0.0037215, -0.000231, 0.003968), (-0.003720408, -0.0002320919, 0.003977), (-0.003720408, -0.0002320919, 0.005623), (-0.0037215, -0.000231, 0.005632), (-0.003723912, -0.0002285885, 0.005638588), (-0.0037215, -0.000222, 0.003959), (-0.003717455, -0.0002240227, 0.003965977), (-0.00371535, -0.0002250748, 0.003977), (-0.00371535, -0.0002250748, 0.005623), (-0.003717455, -0.0002240227, 0.005634023), (-0.0037215, -0.000222, 0.005641), (-0.003720408, -0.000213, 0.003957908), (-0.00371535, -0.000213, 0.003964925), (-0.0037125, -0.000213, 0.003977), (-0.0037125, -0.000213, 0.005623), (-0.00371535, -0.000213, 0.005635075), (-0.003720408, -0.000213, 0.005642092), (-0.003720408, 3.3e-05, 0.003957908), (-0.00371535, 3.3e-05, 0.003964925), (-0.0037125, 3.3e-05, 0.003977), (-0.0037125, 3.3e-05, 0.005623), (-0.00371535, 3.3e-05, 0.005635075), (-0.003720408, 3.3e-05, 0.005642092), (-0.0037215, 4.2e-05, 0.003959), (-0.003717455, 4.40227e-05, 0.003965977), (-0.00371535, 4.507477e-05, 0.003977), (-0.00371535, 4.507477e-05, 0.005623), (-0.003717455, 4.40227e-05, 0.005634023), (-0.0037215, 4.2e-05, 0.005641), (-0.003723912, 4.858846e-05, 0.003961412), (-0.0037215, 5.1e-05, 0.003968), (-0.003720408, 5.209188e-05, 0.003977), (-0.003720408, 5.209188e-05, 0.005623), (-0.0037215, 5.1e-05, 0.005632), (-0.003723912, 4.858846e-05, 0.005638588), (-0.004826088, -0.0002285885, 0.003961412), (-0.0048195, -0.000231, 0.003959), (-0.0048105, -0.0002320919, 0.003957908), (-0.0037395, -0.0002320919, 0.003957908), (-0.0037305, -0.000231, 0.003959), (-0.003723912, -0.0002285885, 0.003961412), (-0.0048285, -0.000231, 0.003968), (-0.004821523, -0.0002350454, 0.003965977), (-0.0048105, -0.0002371495, 0.003964925), (-0.0037395, -0.0002371495, 0.003964925), (-0.003728477, -0.0002350454, 0.003965977), (-0.0037215, -0.000231, 0.003968), (-0.004829592, -0.0002320919, 0.003977), (-0.004822575, -0.0002371495, 0.003977), (-0.0048105, -0.00024, 0.003977), (-0.0037395, -0.00024, 0.003977), (-0.003727425, -0.0002371495, 0.003977), (-0.003720408, -0.0002320919, 0.003977), (-0.004829592, -0.0002320919, 0.005623), (-0.004822575, -0.0002371495, 0.005623), (-0.0048105, -0.00024, 0.005623), (-0.0037395, -0.00024, 0.005623), (-0.003727425, -0.0002371495, 0.005623), (-0.003720408, -0.0002320919, 0.005623), (-0.0048285, -0.000231, 0.005632), (-0.004821523, -0.0002350454, 0.005634023), (-0.0048105, -0.0002371495, 0.005635075), (-0.0037395, -0.0002371495, 0.005635075), (-0.003728477, -0.0002350454, 0.005634023), (-0.0037215, -0.000231, 0.005632), (-0.004826088, -0.0002285885, 0.005638588), (-0.0048195, -0.000231, 0.005641), (-0.0048105, -0.0002320919, 0.005642092), (-0.0037395, -0.0002320919, 0.005642092), (-0.0037305, -0.000231, 0.005641), (-0.003723912, -0.0002285885, 0.005638588), (-0.004826088, 4.858846e-05, 0.003961412), (-0.0048195, 5.1e-05, 0.003959), (-0.0048105, 5.209188e-05, 0.003957908), (-0.0037395, 5.209188e-05, 0.003957908), (-0.0037305, 5.1e-05, 0.003959), (-0.003723912, 4.858846e-05, 0.003961412), (-0.0048285, 5.1e-05, 0.003968), (-0.004821523, 5.504541e-05, 0.003965977), (-0.0048105, 5.714953e-05, 0.003964925), (-0.0037395, 5.714953e-05, 0.003964925), (-0.003728477, 5.504541e-05, 0.003965977), (-0.0037215, 5.1e-05, 0.003968), (-0.004829592, 5.209188e-05, 0.003977), (-0.004822575, 5.714953e-05, 0.003977), (-0.0048105, 6e-05, 0.003977), (-0.0037395, 6e-05, 0.003977), (-0.003727425, 5.714953e-05, 0.003977), (-0.003720408, 5.209188e-05, 0.003977), (-0.004829592, 5.209188e-05, 0.005623), (-0.004822575, 5.714953e-05, 0.005623), (-0.0048105, 6e-05, 0.005623), (-0.0037395, 6e-05, 0.005623), (-0.003727425, 5.714953e-05, 0.005623), (-0.003720408, 5.209188e-05, 0.005623), (-0.0048285, 5.1e-05, 0.005632), (-0.004821523, 5.504541e-05, 0.005634023), (-0.0048105, 5.714953e-05, 0.005635075), (-0.0037395, 5.714953e-05, 0.005635075), (-0.003728477, 5.504541e-05, 0.005634023), (-0.0037215, 5.1e-05, 0.005632), (-0.004826088, 4.858846e-05, 0.005638588), (-0.0048195, 5.1e-05, 0.005641), (-0.0048105, 5.209188e-05, 0.005642092), (-0.0037395, 5.209188e-05, 0.005642092), (-0.0037305, 5.1e-05, 0.005641), (-0.003723912, 4.858846e-05, 0.005638588), (-0.004826088, -0.0002285885, 0.003961412), (-0.0048285, -0.000222, 0.003959), (-0.004829592, -0.000213, 0.003957908), (-0.004829592, 3.3e-05, 0.003957908), (-0.0048285, 4.2e-05, 0.003959), (-0.004826088, 4.858846e-05, 0.003961412), (-0.0048195, -0.000231, 0.003959), (-0.004821523, -0.0002240227, 0.003954955), (-0.004822575, -0.000213, 0.00395285), (-0.004822575, 3.3e-05, 0.00395285), (-0.004821523, 4.40227e-05, 0.003954955), (-0.0048195, 5.1e-05, 0.003959), (-0.0048105, -0.0002320919, 0.003957908), (-0.0048105, -0.0002250748, 0.00395285), (-0.0048105, -0.000213, 0.00395), (-0.0048105, 3.3e-05, 0.00395), (-0.0048105, 4.507477e-05, 0.00395285), (-0.0048105, 5.209188e-05, 0.003957908), (-0.0037395, -0.0002320919, 0.003957908), (-0.0037395, -0.0002250748, 0.00395285), (-0.0037395, -0.000213, 0.00395), (-0.0037395, 3.3e-05, 0.00395), (-0.0037395, 4.507477e-05, 0.00395285), (-0.0037395, 5.209188e-05, 0.003957908), (-0.0037305, -0.000231, 0.003959), (-0.003728477, -0.0002240227, 0.003954955), (-0.003727425, -0.000213, 0.00395285), (-0.003727425, 3.3e-05, 0.00395285), (-0.003728477, 4.40227e-05, 0.003954955), (-0.0037305, 5.1e-05, 0.003959), (-0.003723912, -0.0002285885, 0.003961412), (-0.0037215, -0.000222, 0.003959), (-0.003720408, -0.000213, 0.003957908), (-0.003720408, 3.3e-05, 0.003957908), (-0.0037215, 4.2e-05, 0.003959), (-0.003723912, 4.858846e-05, 0.003961412), (-0.004826088, -0.0002285885, 0.005638588), (-0.0048285, -0.000222, 0.005641), (-0.004829592, -0.000213, 0.005642092), (-0.004829592, 3.3e-05, 0.005642092), (-0.0048285, 4.2e-05, 0.005641), (-0.004826088, 4.858846e-05, 0.005638588), (-0.0048195, -0.000231, 0.005641), (-0.004821523, -0.0002240227, 0.005645045), (-0.004822575, -0.000213, 0.00564715), (-0.004822575, 3.3e-05, 0.00564715), (-0.004821523, 4.40227e-05, 0.005645045), (-0.0048195, 5.1e-05, 0.005641), (-0.0048105, -0.0002320919, 0.005642092), (-0.0048105, -0.0002250748, 0.00564715), (-0.0048105, -0.000213, 0.00565), (-0.0048105, 3.3e-05, 0.00565), (-0.0048105, 4.507477e-05, 0.00564715), (-0.0048105, 5.209188e-05, 0.005642092), (-0.0037395, -0.0002320919, 0.005642092), (-0.0037395, -0.0002250748, 0.00564715), (-0.0037395, -0.000213, 0.00565), (-0.0037395, 3.3e-05, 0.00565), (-0.0037395, 4.507477e-05, 0.00564715), (-0.0037395, 5.209188e-05, 0.005642092), (-0.0037305, -0.000231, 0.005641), (-0.003728477, -0.0002240227, 0.005645045), (-0.003727425, -0.000213, 0.00564715), (-0.003727425, 3.3e-05, 0.00564715), (-0.003728477, 4.40227e-05, 0.005645045), (-0.0037305, 5.1e-05, 0.005641), (-0.003723912, -0.0002285885, 0.005638588), (-0.0037215, -0.000222, 0.005641), (-0.003720408, -0.000213, 0.005642092), (-0.003720408, 3.3e-05, 0.005642092), (-0.0037215, 4.2e-05, 0.005641), (-0.003723912, 4.858846e-05, 0.005638588)]
            int[] faceVertexCounts = [3, 3, 3, 3, 3, 3, 3, 3, 3, 3, 3, 3, 3, 3, 3, 3, 3, 3, 3, 3, 3, 3, 3, 3, 3, 3, 3, 3, 3, 3, 3, 3, 3, 3, 3, 3, 3, 3, 3, 3, 3, 3, 3, 3, 3, 3, 3, 3, 3, 3, 3, 3, 3, 3, 3, 3, 3, 3, 3, 3, 3, 3, 3, 3, 3, 3, 3, 3, 3, 3, 3, 3, 3, 3, 3, 3, 3, 3, 3, 3, 3, 3, 3, 3, 3, 3, 3, 3, 3, 3, 3, 3, 3, 3, 3, 3, 3, 3, 3, 3, 3, 3, 3, 3, 3, 3, 3, 3, 3, 3, 3, 3, 3, 3, 3, 3, 3, 3, 3, 3, 3, 3, 3, 3, 3, 3, 3, 3, 3, 3, 3, 3, 3, 3, 3, 3, 3, 3, 3, 3, 3, 3, 3, 3, 3, 3, 3, 3, 3, 3, 3, 3, 3, 3, 3, 3, 3, 3, 3, 3, 3, 3, 3, 3, 3, 3, 3, 3, 3, 3, 3, 3, 3, 3, 3, 3, 3, 3, 3, 3, 3, 3, 3, 3, 3, 3, 3, 3, 3, 3, 3, 3, 3, 3, 3, 3, 3, 3, 3, 3, 3, 3, 3, 3, 3, 3, 3, 3, 3, 3, 3, 3, 3, 3, 3, 3, 3, 3, 3, 3, 3, 3, 3, 3, 3, 3, 3, 3, 3, 3, 3, 3, 3, 3, 3, 3, 3, 3, 3, 3, 3, 3, 3, 3, 3, 3, 3, 3, 3, 3, 3, 3, 3, 3, 3, 3, 3, 3, 3, 3, 3, 3, 3, 3, 3, 3, 3, 3, 3, 3, 3, 3, 3, 3, 3, 3, 3, 3, 3, 3, 3, 3, 3, 3, 3, 3, 3, 3, 3, 3, 3, 3, 3, 3, 3, 3, 3, 3, 3, 3]
            int[] faceVertexIndices = [1, 7, 6, 1, 6, 0, 2, 8, 7, 2, 7, 1, 3, 9, 8, 3, 8, 2, 4, 10, 9, 4, 9, 3, 5, 11, 10, 5, 10, 4, 7, 13, 12, 7, 12, 6, 8, 14, 13, 8, 13, 7, 9, 15, 14, 9, 14, 8, 10, 16, 15, 10, 15, 9, 11, 17, 16, 11, 16, 10, 13, 19, 18, 13, 18, 12, 14, 20, 19, 14, 19, 13, 15, 21, 20, 15, 20, 14, 16, 22, 21, 16, 21, 15, 17, 23, 22, 17, 22, 16, 19, 25, 24, 19, 24, 18, 20, 26, 25, 20, 25, 19, 21, 27, 26, 21, 26, 20, 22, 28, 27, 22, 27, 21, 23, 29, 28, 23, 28, 22, 25, 31, 30, 25, 30, 24, 26, 32, 31, 26, 31, 25, 27, 33, 32, 27, 32, 26, 28, 34, 33, 28, 33, 27, 29, 35, 34, 29, 34, 28, 36, 42, 43, 36, 43, 37, 37, 43, 44, 37, 44, 38, 38, 44, 45, 38, 45, 39, 39, 45, 46, 39, 46, 40, 40, 46, 47, 40, 47, 41, 42, 48, 49, 42, 49, 43, 43, 49, 50, 43, 50, 44, 44, 50, 51, 44, 51, 45, 45, 51, 52, 45, 52, 46, 46, 52, 53, 46, 53, 47, 48, 54, 55, 48, 55, 49, 49, 55, 56, 49, 56, 50, 50, 56, 57, 50, 57, 51, 51, 57, 58, 51, 58, 52, 52, 58, 59, 52, 59, 53, 54, 60, 61, 54, 61, 55, 55, 61, 62, 55, 62, 56, 56, 62, 63, 56, 63, 57, 57, 63, 64, 57, 64, 58, 58, 64, 65, 58, 65, 59, 60, 66, 67, 60, 67, 61, 61, 67, 68, 61, 68, 62, 62, 68, 69, 62, 69, 63, 63, 69, 70, 63, 70, 64, 64, 70, 71, 64, 71, 65, 73, 79, 78, 73, 78, 72, 74, 80, 79, 74, 79, 73, 75, 81, 80, 75, 80, 74, 76, 82, 81, 76, 81, 75, 77, 83, 82, 77, 82, 76, 79, 85, 84, 79, 84, 78, 80, 86, 85, 80, 85, 79, 81, 87, 86, 81, 86, 80, 82, 88, 87, 82, 87, 81, 83, 89, 88, 83, 88, 82, 85, 91, 90, 85, 90, 84, 86, 92, 91, 86, 91, 85, 87, 93, 92, 87, 92, 86, 88, 94, 93, 88, 93, 87, 89, 95, 94, 89, 94, 88, 91, 97, 96, 91, 96, 90, 92, 98, 97, 92, 97, 91, 93, 99, 98, 93, 98, 92, 94, 100, 99, 94, 99, 93, 95, 101, 100, 95, 100, 94, 97, 103, 102, 97, 102, 96, 98, 104, 103, 98, 103, 97, 99, 105, 104, 99, 104, 98, 100, 106, 105, 100, 105, 99, 101, 107, 106, 101, 106, 100, 108, 114, 115, 108, 115, 109, 109, 115, 116, 109, 116, 110, 110, 116, 117, 110, 117, 111, 111, 117, 118, 111, 118, 112, 112, 118, 119, 112, 119, 113, 114, 120, 121, 114, 121, 115, 115, 121, 122, 115, 122, 116, 116, 122, 123, 116, 123, 117, 117, 123, 124, 117, 124, 118, 118, 124, 125, 118, 125, 119, 120, 126, 127, 120, 127, 121, 121, 127, 128, 121, 128, 122, 122, 128, 129, 122, 129, 123, 123, 129, 130, 123, 130, 124, 124, 130, 131, 124, 131, 125, 126, 132, 133, 126, 133, 127, 127, 133, 134, 127, 134, 128, 128, 134, 135, 128, 135, 129, 129, 135, 136, 129, 136, 130, 130, 136, 137, 130, 137, 131, 132, 138, 139, 132, 139, 133, 133, 139, 140, 133, 140, 134, 134, 140, 141, 134, 141, 135, 135, 141, 142, 135, 142, 136, 136, 142, 143, 136, 143, 137, 145, 151, 150, 145, 150, 144, 146, 152, 151, 146, 151, 145, 147, 153, 152, 147, 152, 146, 148, 154, 153, 148, 153, 147, 149, 155, 154, 149, 154, 148, 151, 157, 156, 151, 156, 150, 152, 158, 157, 152, 157, 151, 153, 159, 158, 153, 158, 152, 154, 160, 159, 154, 159, 153, 155, 161, 160, 155, 160, 154, 157, 163, 162, 157, 162, 156, 158, 164, 163, 158, 163, 157, 159, 165, 164, 159, 164, 158, 160, 166, 165, 160, 165, 159, 161, 167, 166, 161, 166, 160, 163, 169, 168, 163, 168, 162, 164, 170, 169, 164, 169, 163, 165, 171, 170, 165, 170, 164, 166, 172, 171, 166, 171, 165, 167, 173, 172, 167, 172, 166, 169, 175, 174, 169, 174, 168, 170, 176, 175, 170, 175, 169, 171, 177, 176, 171, 176, 170, 172, 178, 177, 172, 177, 171, 173, 179, 178, 173, 178, 172, 180, 186, 187, 180, 187, 181, 181, 187, 188, 181, 188, 182, 182, 188, 189, 182, 189, 183, 183, 189, 190, 183, 190, 184, 184, 190, 191, 184, 191, 185, 186, 192, 193, 186, 193, 187, 187, 193, 194, 187, 194, 188, 188, 194, 195, 188, 195, 189, 189, 195, 196, 189, 196, 190, 190, 196, 197, 190, 197, 191, 192, 198, 199, 192, 199, 193, 193, 199, 200, 193, 200, 194, 194, 200, 201, 194, 201, 195, 195, 201, 202, 195, 202, 196, 196, 202, 203, 196, 203, 197, 198, 204, 205, 198, 205, 199, 199, 205, 206, 199, 206, 200, 200, 206, 207, 200, 207, 201, 201, 207, 208, 201, 208, 202, 202, 208, 209, 202, 209, 203, 204, 210, 211, 204, 211, 205, 205, 211, 212, 205, 212, 206, 206, 212, 213, 206, 213, 207, 207, 213, 214, 207, 214, 208, 208, 214, 215, 208, 215, 209]
            normal3f[] normals = [(-0.7745967, -0.4472136, -0.4472136), (-0.7668657, -0.5195657, -0.376787), (-0.8114065, -0.584478, -0.002229915), (-0.8112421, -0.5847102, 0.0004617439), (-0.7900625, -0.5555967, 0.2590629), (-0.7071068, -0.5, 0.5), (-0.7668657, -0.376787, -0.5195657), (-0.8559572, -0.3656073, -0.3656073), (-0.8960932, -0.4438629, -0.001653043), (-0.9450829, -0.3268288, 0.001109204), (-0.8844941, -0.3299016, 0.3299016), (-0.7900625, -0.2590629, 0.5555967), (-0.8122054, -0.01399524, -0.5832036), (-0.8984826, -0.01061118, -0.4388808), (-0.9997767, -0.02088961, -0.003186952), (-0.9999833, -0.005704603, 0.0009136602), (-0.9440529, -0.007198359, 0.3297154), (-0.8112384, -0.003042335, 0.5847076), (-0.8112384, 0.003042335, -0.5847076), (-0.9440529, 0.007198359, -0.3297154), (-0.9999833, 0.005704603, -0.0009136602), (-0.9997767, 0.02088961, 0.003186952), (-0.8984826, 0.01061118, 0.4388808), (-0.8122054, 0.01399524, 0.5832036), (-0.7900625, 0.2590629, -0.5555967), (-0.8844941, 0.3299016, -0.3299016), (-0.9450829, 0.3268288, -0.001109204), (-0.8960932, 0.4438629, 0.001653043), (-0.8559572, 0.3656073, 0.3656073), (-0.7668657, 0.376787, 0.5195657), (-0.7071068, 0.5, -0.5), (-0.7900625, 0.5555967, -0.2590629), (-0.8112421, 0.5847102, -0.0004617439), (-0.8114065, 0.584478, 0.002229915), (-0.7668657, 0.5195657, 0.376787), (-0.7745967, 0.4472136, 0.4472136), (0.7071068, -0.5, -0.5), (0.7900625, -0.5555967, -0.2590629), (0.8112421, -0.5847102, -0.0004617439), (0.8114065, -0.584478, 0.002229915), (0.7668657, -0.5195657, 0.376787), (0.7745967, -0.4472136, 0.4472136), (0.7900625, -0.2590629, -0.5555967), (0.8844941, -0.3299016, -0.3299016), (0.9450829, -0.3268288, -0.001109204), (0.8960932, -0.4438629, 0.001653043), (0.8559572, -0.3656073, 0.3656073), (0.7668657, -0.376787, 0.5195657), (0.8112384, -0.003042335, -0.5847076), (0.9440529, -0.007198359, -0.3297154), (0.9999833, -0.005704603, -0.0009136602), (0.9997767, -0.02088961, 0.003186952), (0.8984826, -0.01061118, 0.4388808), (0.8122054, -0.01399524, 0.5832036), (0.8122054, 0.01399524, -0.5832036), (0.8984826, 0.01061118, -0.4388808), (0.9997767, 0.02088961, -0.003186952), (0.9999833, 0.005704603, 0.0009136602), (0.9440529, 0.007198359, 0.3297154), (0.8112384, 0.003042335, 0.5847076), (0.7668657, 0.376787, -0.5195657), (0.8559572, 0.3656073, -0.3656073), (0.8960932, 0.4438629, -0.001653043), (0.9450829, 0.3268288, 0.001109204), (0.8844941, 0.3299016, 0.3299016), (0.7900625, 0.2590629, 0.5555967), (0.7745967, 0.4472136, -0.4472136), (0.7668657, 0.5195657, -0.376787), (0.8114065, 0.584478, -0.002229915), (0.8112421, 0.5847102, 0.0004617439), (0.7900625, 0.5555967, 0.2590629), (0.7071068, 0.5, 0.5), (-0.4472136, -0.7745967, -0.4472136), (-0.376787, -0.7668657, -0.5195657), (-0.003405895, -0.8114915, -0.5843543), (0.0007086083, -0.811242, -0.5847101), (0.2590629, -0.7900625, -0.5555967), (0.5, -0.7071068, -0.5), (-0.5195657, -0.7668657, -0.376787), (-0.3656073, -0.8559572, -0.3656073), (-0.002530432, -0.8963316, -0.4433771), (0.001699742, -0.9449849, -0.3271094), (0.3299016, -0.8844941, -0.3299016), (0.5555967, -0.7900625, -0.2590629), (-0.584478, -0.8114065, -0.002229915), (-0.4438629, -0.8960932, -0.001653043), (-0.005150301, -0.9999811, -0.003357712), (0.001335191, -0.9999987, -0.0008746392), (0.3268288, -0.9450829, -0.001109204), (0.5847102, -0.8112421, -0.0004617439), (-0.5847102, -0.8112421, 0.0004617439), (-0.3268288, -0.9450829, 0.001109204), (-0.001335191, -0.9999987, 0.0008746392), (0.005150301, -0.9999811, 0.003357712), (0.4438629, -0.8960932, 0.001653043), (0.584478, -0.8114065, 0.002229915), (-0.5555967, -0.7900625, 0.2590629), (-0.3299016, -0.8844941, 0.3299016), (-0.001699742, -0.9449849, 0.3271094), (0.002530432, -0.8963316, 0.4433771), (0.3656073, -0.8559572, 0.3656073), (0.5195657, -0.7668657, 0.376787), (-0.5, -0.7071068, 0.5), (-0.2590629, -0.7900625, 0.5555967), (-0.0007086083, -0.811242, 0.5847101), (0.003405895, -0.8114915, 0.5843543), (0.376787, -0.7668657, 0.5195657), (0.4472136, -0.7745967, 0.4472136), (-0.5, 0.7071068, -0.5), (-0.2590629, 0.7900625, -0.5555967), (-0.0007086083, 0.811242, -0.5847101), (0.003405895, 0.8114915, -0.5843543), (0.376787, 0.7668657, -0.5195657), (0.4472136, 0.7745967, -0.4472136), (-0.5555967, 0.7900625, -0.2590629), (-0.3299016, 0.8844941, -0.3299016), (-0.001699742, 0.9449849, -0.3271094), (0.002530432, 0.8963316, -0.4433771), (0.3656073, 0.8559572, -0.3656073), (0.5195657, 0.7668657, -0.376787), (-0.5847102, 0.8112421, -0.0004617439), (-0.3268288, 0.9450829, -0.001109204), (-0.001335191, 0.9999987, -0.0008746392), (0.005150301, 0.9999811, -0.003357712), (0.4438629, 0.8960932, -0.001653043), (0.584478, 0.8114065, -0.002229915), (-0.584478, 0.8114065, 0.002229915), (-0.4438629, 0.8960932, 0.001653043), (-0.005150301, 0.9999811, 0.003357712), (0.001335191, 0.9999987, 0.0008746392), (0.3268288, 0.9450829, 0.001109204), (0.5847102, 0.8112421, 0.0004617439), (-0.5195657, 0.7668657, 0.376787), (-0.3656073, 0.8559572, 0.3656073), (-0.002530432, 0.8963316, 0.4433771), (0.001699742, 0.9449849, 0.3271094), (0.3299016, 0.8844941, 0.3299016), (0.5555967, 0.7900625, 0.2590629), (-0.4472136, 0.7745967, 0.4472136), (-0.376787, 0.7668657, 0.5195657), (-0.003405895, 0.8114915, 0.5843543), (0.0007086083, 0.811242, 0.5847101), (0.2590629, 0.7900625, 0.5555967), (0.5, 0.7071068, 0.5), (-0.4472136, -0.4472136, -0.7745967), (-0.5195657, -0.376787, -0.7668657), (-0.5832036, -0.01399524, -0.8122054), (-0.5847076, 0.003042335, -0.8112384), (-0.5555967, 0.2590629, -0.7900625), (-0.5, 0.5, -0.7071068), (-0.376787, -0.5195657, -0.7668657), (-0.3656073, -0.3656073, -0.8559572), (-0.4388808, -0.01061118, -0.8984826), (-0.3297154, 0.007198359, -0.9440529), (-0.3299016, 0.3299016, -0.8844941), (-0.2590629, 0.5555967, -0.7900625), (-0.003405895, -0.5843543, -0.8114915), (-0.002530432, -0.4433771, -0.8963316), (-0.004862692, -0.02077986, -0.9997722), (-0.001401263, 0.005731203, -0.9999826), (-0.001699742, 0.3271094, -0.9449849), (-0.0007086083, 0.5847101, -0.811242), (0.0007086083, -0.5847101, -0.811242), (0.001699742, -0.3271094, -0.9449849), (0.001401263, -0.005731203, -0.9999826), (0.004862692, 0.02077986, -0.9997722), (0.002530432, 0.4433771, -0.8963316), (0.003405895, 0.5843543, -0.8114915), (0.2590629, -0.5555967, -0.7900625), (0.3299016, -0.3299016, -0.8844941), (0.3297154, -0.007198359, -0.9440529), (0.4388808, 0.01061118, -0.8984826), (0.3656073, 0.3656073, -0.8559572), (0.376787, 0.5195657, -0.7668657), (0.5, -0.5, -0.7071068), (0.5555967, -0.2590629, -0.7900625), (0.5847076, -0.003042335, -0.8112384), (0.5832036, 0.01399524, -0.8122054), (0.5195657, 0.376787, -0.7668657), (0.4472136, 0.4472136, -0.7745967), (-0.5, -0.5, 0.7071068), (-0.5555967, -0.2590629, 0.7900625), (-0.5847076, -0.003042335, 0.8112384), (-0.5832036, 0.01399524, 0.8122054), (-0.5195657, 0.376787, 0.7668657), (-0.4472136, 0.4472136, 0.7745967), (-0.2590629, -0.5555967, 0.7900625), (-0.3299016, -0.3299016, 0.8844941), (-0.3297154, -0.007198359, 0.9440529), (-0.4388808, 0.01061118, 0.8984826), (-0.3656073, 0.3656073, 0.8559572), (-0.376787, 0.5195657, 0.7668657), (-0.0007086083, -0.5847101, 0.811242), (-0.001699742, -0.3271094, 0.9449849), (-0.001401263, -0.005731203, 0.9999826), (-0.004862692, 0.02077986, 0.9997722), (-0.002530432, 0.4433771, 0.8963316), (-0.003405895, 0.5843543, 0.8114915), (0.003405895, -0.5843543, 0.8114915), (0.002530432, -0.4433771, 0.8963316), (0.004862692, -0.02077986, 0.9997722), (0.001401263, 0.005731203, 0.9999826), (0.001699742, 0.3271094, 0.9449849), (0.0007086083, 0.5847101, 0.811242), (0.376787, -0.5195657, 0.7668657), (0.3656073, -0.3656073, 0.8559572), (0.4388808, -0.01061118, 0.8984826), (0.3297154, 0.007198359, 0.9440529), (0.3299016, 0.3299016, 0.8844941), (0.2590629, 0.5555967, 0.7900625), (0.4472136, -0.4472136, 0.7745967), (0.5195657, -0.376787, 0.7668657), (0.5832036, -0.01399524, 0.8122054), (0.5847076, 0.003042335, 0.8112384), (0.5555967, 0.2590629, 0.7900625), (0.5, 0.5, 0.7071068)] (interpolation = "vertex")
            float3[] extent = [(-0.0048375, -0.00024, 0.00395), (-0.0037125, 6e-05, 0.00565)]
            rel material:binding = </WorkbenchPart/Materials/silicon>
        }
        def Mesh "SMDEndTermination_01" (prepend apiSchemas = ["MaterialBindingAPI"])
        {
            uniform token subdivisionScheme = "none"
            uniform token orientation = "rightHanded"
            bool doubleSided = false
            point3f[] points = [(-0.004835517, -0.0002443923, 0.003940608), (-0.004837125, -0.000246, 0.003945), (-0.004837853, -0.0002467279, 0.003951), (-0.004837853, -0.0002467279, 0.005649), (-0.004837125, -0.000246, 0.005655), (-0.004835517, -0.0002443923, 0.005659392), (-0.004837125, -0.00024, 0.003939), (-0.004839822, -0.0002413485, 0.003943652), (-0.004841225, -0.0002420498, 0.003951), (-0.004841225, -0.0002420498, 0.005649), (-0.004839822, -0.0002413485, 0.005656348), (-0.004837125, -0.00024, 0.005661), (-0.004837853, -0.000234, 0.003938272), (-0.004841225, -0.000234, 0.00394295), (-0.004843125, -0.000234, 0.003951), (-0.004843125, -0.000234, 0.005649), (-0.004841225, -0.000234, 0.00565705), (-0.004837853, -0.000234, 0.005661728), (-0.004837853, 5.4e-05, 0.003938272), (-0.004841225, 5.4e-05, 0.00394295), (-0.004843125, 5.4e-05, 0.003951), (-0.004843125, 5.4e-05, 0.005649), (-0.004841225, 5.4e-05, 0.00565705), (-0.004837853, 5.4e-05, 0.005661728), (-0.004837125, 6e-05, 0.003939), (-0.004839822, 6.134847e-05, 0.003943652), (-0.004841225, 6.204984e-05, 0.003951), (-0.004841225, 6.204984e-05, 0.005649), (-0.004839822, 6.134847e-05, 0.005656348), (-0.004837125, 6e-05, 0.005661), (-0.004835517, 6.43923e-05, 0.003940608), (-0.004837125, 6.6e-05, 0.003945), (-0.004837853, 6.672792e-05, 0.003951), (-0.004837853, 6.672792e-05, 0.005649), (-0.004837125, 6.6e-05, 0.005655), (-0.004835517, 6.43923e-05, 0.005659392), (-0.004659483, -0.0002443923, 0.003940608), (-0.004657875, -0.000246, 0.003945), (-0.004657147, -0.0002467279, 0.003951), (-0.004657147, -0.0002467279, 0.005649), (-0.004657875, -0.000246, 0.005655), (-0.004659483, -0.0002443923, 0.005659392), (-0.004657875, -0.00024, 0.003939), (-0.004655178, -0.0002413485, 0.003943652), (-0.004653775, -0.0002420498, 0.003951), (-0.004653775, -0.0002420498, 0.005649), (-0.004655178, -0.0002413485, 0.005656348), (-0.004657875, -0.00024, 0.005661), (-0.004657147, -0.000234, 0.003938272), (-0.004653775, -0.000234, 0.00394295), (-0.004651875, -0.000234, 0.003951), (-0.004651875, -0.000234, 0.005649), (-0.004653775, -0.000234, 0.00565705), (-0.004657147, -0.000234, 0.005661728), (-0.004657147, 5.4e-05, 0.003938272), (-0.004653775, 5.4e-05, 0.00394295), (-0.004651875, 5.4e-05, 0.003951), (-0.004651875, 5.4e-05, 0.005649), (-0.004653775, 5.4e-05, 0.00565705), (-0.004657147, 5.4e-05, 0.005661728), (-0.004657875, 6e-05, 0.003939), (-0.004655178, 6.134847e-05, 0.003943652), (-0.004653775, 6.204984e-05, 0.003951), (-0.004653775, 6.204984e-05, 0.005649), (-0.004655178, 6.134847e-05, 0.005656348), (-0.004657875, 6e-05, 0.005661), (-0.004659483, 6.43923e-05, 0.003940608), (-0.004657875, 6.6e-05, 0.003945), (-0.004657147, 6.672792e-05, 0.003951), (-0.004657147, 6.672792e-05, 0.005649), (-0.004657875, 6.6e-05, 0.005655), (-0.004659483, 6.43923e-05, 0.005659392), (-0.004835517, -0.0002443923, 0.003940608), (-0.004831125, -0.000246, 0.003939), (-0.004825125, -0.0002467279, 0.003938272), (-0.004669875, -0.0002467279, 0.003938272), (-0.004663875, -0.000246, 0.003939), (-0.004659483, -0.0002443923, 0.003940608), (-0.004837125, -0.000246, 0.003945), (-0.004832473, -0.0002486969, 0.003943652), (-0.004825125, -0.0002500997, 0.00394295), (-0.004669875, -0.0002500997, 0.00394295), (-0.004662527, -0.0002486969, 0.003943652), (-0.004657875, -0.000246, 0.003945), (-0.004837853, -0.0002467279, 0.003951), (-0.004833175, -0.0002500997, 0.003951), (-0.004825125, -0.000252, 0.003951), (-0.004669875, -0.000252, 0.003951), (-0.004661825, -0.0002500997, 0.003951), (-0.004657147, -0.0002467279, 0.003951), (-0.004837853, -0.0002467279, 0.005649), (-0.004833175, -0.0002500997, 0.005649), (-0.004825125, -0.000252, 0.005649), (-0.004669875, -0.000252, 0.005649), (-0.004661825, -0.0002500997, 0.005649), (-0.004657147, -0.0002467279, 0.005649), (-0.004837125, -0.000246, 0.005655), (-0.004832473, -0.0002486969, 0.005656348), (-0.004825125, -0.0002500997, 0.00565705), (-0.004669875, -0.0002500997, 0.00565705), (-0.004662527, -0.0002486969, 0.005656348), (-0.004657875, -0.000246, 0.005655), (-0.004835517, -0.0002443923, 0.005659392), (-0.004831125, -0.000246, 0.005661), (-0.004825125, -0.0002467279, 0.005661728), (-0.004669875, -0.0002467279, 0.005661728), (-0.004663875, -0.000246, 0.005661), (-0.004659483, -0.0002443923, 0.005659392), (-0.004835517, 6.43923e-05, 0.003940608), (-0.004831125, 6.6e-05, 0.003939), (-0.004825125, 6.672792e-05, 0.003938272), (-0.004669875, 6.672792e-05, 0.003938272), (-0.004663875, 6.6e-05, 0.003939), (-0.004659483, 6.43923e-05, 0.003940608), (-0.004837125, 6.6e-05, 0.003945), (-0.004832473, 6.869694e-05, 0.003943652), (-0.004825125, 7.009969e-05, 0.00394295), (-0.004669875, 7.009969e-05, 0.00394295), (-0.004662527, 6.869694e-05, 0.003943652), (-0.004657875, 6.6e-05, 0.003945), (-0.004837853, 6.672792e-05, 0.003951), (-0.004833175, 7.009969e-05, 0.003951), (-0.004825125, 7.2e-05, 0.003951), (-0.004669875, 7.2e-05, 0.003951), (-0.004661825, 7.009969e-05, 0.003951), (-0.004657147, 6.672792e-05, 0.003951), (-0.004837853, 6.672792e-05, 0.005649), (-0.004833175, 7.009969e-05, 0.005649), (-0.004825125, 7.2e-05, 0.005649), (-0.004669875, 7.2e-05, 0.005649), (-0.004661825, 7.009969e-05, 0.005649), (-0.004657147, 6.672792e-05, 0.005649), (-0.004837125, 6.6e-05, 0.005655), (-0.004832473, 6.869694e-05, 0.005656348), (-0.004825125, 7.009969e-05, 0.00565705), (-0.004669875, 7.009969e-05, 0.00565705), (-0.004662527, 6.869694e-05, 0.005656348), (-0.004657875, 6.6e-05, 0.005655), (-0.004835517, 6.43923e-05, 0.005659392), (-0.004831125, 6.6e-05, 0.005661), (-0.004825125, 6.672792e-05, 0.005661728), (-0.004669875, 6.672792e-05, 0.005661728), (-0.004663875, 6.6e-05, 0.005661), (-0.004659483, 6.43923e-05, 0.005659392), (-0.004835517, -0.0002443923, 0.003940608), (-0.004837125, -0.00024, 0.003939), (-0.004837853, -0.000234, 0.003938272), (-0.004837853, 5.4e-05, 0.003938272), (-0.004837125, 6e-05, 0.003939), (-0.004835517, 6.43923e-05, 0.003940608), (-0.004831125, -0.000246, 0.003939), (-0.004832473, -0.0002413485, 0.003936303), (-0.004833175, -0.000234, 0.0039349), (-0.004833175, 5.4e-05, 0.0039349), (-0.004832473, 6.134847e-05, 0.003936303), (-0.004831125, 6.6e-05, 0.003939), (-0.004825125, -0.0002467279, 0.003938272), (-0.004825125, -0.0002420498, 0.0039349), (-0.004825125, -0.000234, 0.003933), (-0.004825125, 5.4e-05, 0.003933), (-0.004825125, 6.204984e-05, 0.0039349), (-0.004825125, 6.672792e-05, 0.003938272), (-0.004669875, -0.0002467279, 0.003938272), (-0.004669875, -0.0002420498, 0.0039349), (-0.004669875, -0.000234, 0.003933), (-0.004669875, 5.4e-05, 0.003933), (-0.004669875, 6.204984e-05, 0.0039349), (-0.004669875, 6.672792e-05, 0.003938272), (-0.004663875, -0.000246, 0.003939), (-0.004662527, -0.0002413485, 0.003936303), (-0.004661825, -0.000234, 0.0039349), (-0.004661825, 5.4e-05, 0.0039349), (-0.004662527, 6.134847e-05, 0.003936303), (-0.004663875, 6.6e-05, 0.003939), (-0.004659483, -0.0002443923, 0.003940608), (-0.004657875, -0.00024, 0.003939), (-0.004657147, -0.000234, 0.003938272), (-0.004657147, 5.4e-05, 0.003938272), (-0.004657875, 6e-05, 0.003939), (-0.004659483, 6.43923e-05, 0.003940608), (-0.004835517, -0.0002443923, 0.005659392), (-0.004837125, -0.00024, 0.005661), (-0.004837853, -0.000234, 0.005661728), (-0.004837853, 5.4e-05, 0.005661728), (-0.004837125, 6e-05, 0.005661), (-0.004835517, 6.43923e-05, 0.005659392), (-0.004831125, -0.000246, 0.005661), (-0.004832473, -0.0002413485, 0.005663697), (-0.004833175, -0.000234, 0.0056651), (-0.004833175, 5.4e-05, 0.0056651), (-0.004832473, 6.134847e-05, 0.005663697), (-0.004831125, 6.6e-05, 0.005661), (-0.004825125, -0.0002467279, 0.005661728), (-0.004825125, -0.0002420498, 0.0056651), (-0.004825125, -0.000234, 0.005667), (-0.004825125, 5.4e-05, 0.005667), (-0.004825125, 6.204984e-05, 0.0056651), (-0.004825125, 6.672792e-05, 0.005661728), (-0.004669875, -0.0002467279, 0.005661728), (-0.004669875, -0.0002420498, 0.0056651), (-0.004669875, -0.000234, 0.005667), (-0.004669875, 5.4e-05, 0.005667), (-0.004669875, 6.204984e-05, 0.0056651), (-0.004669875, 6.672792e-05, 0.005661728), (-0.004663875, -0.000246, 0.005661), (-0.004662527, -0.0002413485, 0.005663697), (-0.004661825, -0.000234, 0.0056651), (-0.004661825, 5.4e-05, 0.0056651), (-0.004662527, 6.134847e-05, 0.005663697), (-0.004663875, 6.6e-05, 0.005661), (-0.004659483, -0.0002443923, 0.005659392), (-0.004657875, -0.00024, 0.005661), (-0.004657147, -0.000234, 0.005661728), (-0.004657147, 5.4e-05, 0.005661728), (-0.004657875, 6e-05, 0.005661), (-0.004659483, 6.43923e-05, 0.005659392)]
            int[] faceVertexCounts = [3, 3, 3, 3, 3, 3, 3, 3, 3, 3, 3, 3, 3, 3, 3, 3, 3, 3, 3, 3, 3, 3, 3, 3, 3, 3, 3, 3, 3, 3, 3, 3, 3, 3, 3, 3, 3, 3, 3, 3, 3, 3, 3, 3, 3, 3, 3, 3, 3, 3, 3, 3, 3, 3, 3, 3, 3, 3, 3, 3, 3, 3, 3, 3, 3, 3, 3, 3, 3, 3, 3, 3, 3, 3, 3, 3, 3, 3, 3, 3, 3, 3, 3, 3, 3, 3, 3, 3, 3, 3, 3, 3, 3, 3, 3, 3, 3, 3, 3, 3, 3, 3, 3, 3, 3, 3, 3, 3, 3, 3, 3, 3, 3, 3, 3, 3, 3, 3, 3, 3, 3, 3, 3, 3, 3, 3, 3, 3, 3, 3, 3, 3, 3, 3, 3, 3, 3, 3, 3, 3, 3, 3, 3, 3, 3, 3, 3, 3, 3, 3, 3, 3, 3, 3, 3, 3, 3, 3, 3, 3, 3, 3, 3, 3, 3, 3, 3, 3, 3, 3, 3, 3, 3, 3, 3, 3, 3, 3, 3, 3, 3, 3, 3, 3, 3, 3, 3, 3, 3, 3, 3, 3, 3, 3, 3, 3, 3, 3, 3, 3, 3, 3, 3, 3, 3, 3, 3, 3, 3, 3, 3, 3, 3, 3, 3, 3, 3, 3, 3, 3, 3, 3, 3, 3, 3, 3, 3, 3, 3, 3, 3, 3, 3, 3, 3, 3, 3, 3, 3, 3, 3, 3, 3, 3, 3, 3, 3, 3, 3, 3, 3, 3, 3, 3, 3, 3, 3, 3, 3, 3, 3, 3, 3, 3, 3, 3, 3, 3, 3, 3, 3, 3, 3, 3, 3, 3, 3, 3, 3, 3, 3, 3, 3, 3, 3, 3, 3, 3, 3, 3, 3, 3, 3, 3, 3, 3, 3, 3, 3, 3]
            int[] faceVertexIndices = [1, 7, 6, 1, 6, 0, 2, 8, 7, 2, 7, 1, 3, 9, 8, 3, 8, 2, 4, 10, 9, 4, 9, 3, 5, 11, 10, 5, 10, 4, 7, 13, 12, 7, 12, 6, 8, 14, 13, 8, 13, 7, 9, 15, 14, 9, 14, 8, 10, 16, 15, 10, 15, 9, 11, 17, 16, 11, 16, 10, 13, 19, 18, 13, 18, 12, 14, 20, 19, 14, 19, 13, 15, 21, 20, 15, 20, 14, 16, 22, 21, 16, 21, 15, 17, 23, 22, 17, 22, 16, 19, 25, 24, 19, 24, 18, 20, 26, 25, 20, 25, 19, 21, 27, 26, 21, 26, 20, 22, 28, 27, 22, 27, 21, 23, 29, 28, 23, 28, 22, 25, 31, 30, 25, 30, 24, 26, 32, 31, 26, 31, 25, 27, 33, 32, 27, 32, 26, 28, 34, 33, 28, 33, 27, 29, 35, 34, 29, 34, 28, 36, 42, 43, 36, 43, 37, 37, 43, 44, 37, 44, 38, 38, 44, 45, 38, 45, 39, 39, 45, 46, 39, 46, 40, 40, 46, 47, 40, 47, 41, 42, 48, 49, 42, 49, 43, 43, 49, 50, 43, 50, 44, 44, 50, 51, 44, 51, 45, 45, 51, 52, 45, 52, 46, 46, 52, 53, 46, 53, 47, 48, 54, 55, 48, 55, 49, 49, 55, 56, 49, 56, 50, 50, 56, 57, 50, 57, 51, 51, 57, 58, 51, 58, 52, 52, 58, 59, 52, 59, 53, 54, 60, 61, 54, 61, 55, 55, 61, 62, 55, 62, 56, 56, 62, 63, 56, 63, 57, 57, 63, 64, 57, 64, 58, 58, 64, 65, 58, 65, 59, 60, 66, 67, 60, 67, 61, 61, 67, 68, 61, 68, 62, 62, 68, 69, 62, 69, 63, 63, 69, 70, 63, 70, 64, 64, 70, 71, 64, 71, 65, 73, 79, 78, 73, 78, 72, 74, 80, 79, 74, 79, 73, 75, 81, 80, 75, 80, 74, 76, 82, 81, 76, 81, 75, 77, 83, 82, 77, 82, 76, 79, 85, 84, 79, 84, 78, 80, 86, 85, 80, 85, 79, 81, 87, 86, 81, 86, 80, 82, 88, 87, 82, 87, 81, 83, 89, 88, 83, 88, 82, 85, 91, 90, 85, 90, 84, 86, 92, 91, 86, 91, 85, 87, 93, 92, 87, 92, 86, 88, 94, 93, 88, 93, 87, 89, 95, 94, 89, 94, 88, 91, 97, 96, 91, 96, 90, 92, 98, 97, 92, 97, 91, 93, 99, 98, 93, 98, 92, 94, 100, 99, 94, 99, 93, 95, 101, 100, 95, 100, 94, 97, 103, 102, 97, 102, 96, 98, 104, 103, 98, 103, 97, 99, 105, 104, 99, 104, 98, 100, 106, 105, 100, 105, 99, 101, 107, 106, 101, 106, 100, 108, 114, 115, 108, 115, 109, 109, 115, 116, 109, 116, 110, 110, 116, 117, 110, 117, 111, 111, 117, 118, 111, 118, 112, 112, 118, 119, 112, 119, 113, 114, 120, 121, 114, 121, 115, 115, 121, 122, 115, 122, 116, 116, 122, 123, 116, 123, 117, 117, 123, 124, 117, 124, 118, 118, 124, 125, 118, 125, 119, 120, 126, 127, 120, 127, 121, 121, 127, 128, 121, 128, 122, 122, 128, 129, 122, 129, 123, 123, 129, 130, 123, 130, 124, 124, 130, 131, 124, 131, 125, 126, 132, 133, 126, 133, 127, 127, 133, 134, 127, 134, 128, 128, 134, 135, 128, 135, 129, 129, 135, 136, 129, 136, 130, 130, 136, 137, 130, 137, 131, 132, 138, 139, 132, 139, 133, 133, 139, 140, 133, 140, 134, 134, 140, 141, 134, 141, 135, 135, 141, 142, 135, 142, 136, 136, 142, 143, 136, 143, 137, 145, 151, 150, 145, 150, 144, 146, 152, 151, 146, 151, 145, 147, 153, 152, 147, 152, 146, 148, 154, 153, 148, 153, 147, 149, 155, 154, 149, 154, 148, 151, 157, 156, 151, 156, 150, 152, 158, 157, 152, 157, 151, 153, 159, 158, 153, 158, 152, 154, 160, 159, 154, 159, 153, 155, 161, 160, 155, 160, 154, 157, 163, 162, 157, 162, 156, 158, 164, 163, 158, 163, 157, 159, 165, 164, 159, 164, 158, 160, 166, 165, 160, 165, 159, 161, 167, 166, 161, 166, 160, 163, 169, 168, 163, 168, 162, 164, 170, 169, 164, 169, 163, 165, 171, 170, 165, 170, 164, 166, 172, 171, 166, 171, 165, 167, 173, 172, 167, 172, 166, 169, 175, 174, 169, 174, 168, 170, 176, 175, 170, 175, 169, 171, 177, 176, 171, 176, 170, 172, 178, 177, 172, 177, 171, 173, 179, 178, 173, 178, 172, 180, 186, 187, 180, 187, 181, 181, 187, 188, 181, 188, 182, 182, 188, 189, 182, 189, 183, 183, 189, 190, 183, 190, 184, 184, 190, 191, 184, 191, 185, 186, 192, 193, 186, 193, 187, 187, 193, 194, 187, 194, 188, 188, 194, 195, 188, 195, 189, 189, 195, 196, 189, 196, 190, 190, 196, 197, 190, 197, 191, 192, 198, 199, 192, 199, 193, 193, 199, 200, 193, 200, 194, 194, 200, 201, 194, 201, 195, 195, 201, 202, 195, 202, 196, 196, 202, 203, 196, 203, 197, 198, 204, 205, 198, 205, 199, 199, 205, 206, 199, 206, 200, 200, 206, 207, 200, 207, 201, 201, 207, 208, 201, 208, 202, 202, 208, 209, 202, 209, 203, 204, 210, 211, 204, 211, 205, 205, 211, 212, 205, 212, 206, 206, 212, 213, 206, 213, 207, 207, 213, 214, 207, 214, 208, 208, 214, 215, 208, 215, 209]
            normal3f[] normals = [(-0.7745967, -0.4472136, -0.4472136), (-0.7668657, -0.5195657, -0.376787), (-0.8113493, -0.5845599, -0.001447023), (-0.8112421, -0.5847103, 0.0002986903), (-0.7900625, -0.5555967, 0.2590629), (-0.7071068, -0.5, 0.5), (-0.7668657, -0.376787, -0.5195657), (-0.8559572, -0.3656073, -0.3656073), (-0.8959345, -0.4441848, -0.001071095), (-0.9451475, -0.3266429, 0.0007182076), (-0.8844941, -0.3299016, 0.3299016), (-0.7900625, -0.2590629, 0.5555967), (-0.8118281, -0.008227935, -0.5838386), (-0.8973103, -0.00616946, -0.4413572), (-0.9999207, -0.01241355, -0.002129855), (-0.9999945, -0.003272431, 0.0005772504), (-0.9445719, -0.00416251, 0.3282781), (-0.8112409, -0.00174595, 0.5847094), (-0.8112409, 0.00174595, -0.5847094), (-0.9445719, 0.00416251, -0.3282781), (-0.9999945, 0.003272431, -0.0005772504), (-0.9999207, 0.01241355, 0.002129855), (-0.8973103, 0.00616946, 0.4413572), (-0.8118281, 0.008227935, 0.5838386), (-0.7900625, 0.2590629, -0.5555967), (-0.8844941, 0.3299016, -0.3299016), (-0.9451475, 0.3266429, -0.0007182076), (-0.8959345, 0.4441848, 0.001071095), (-0.8559572, 0.3656073, 0.3656073), (-0.7668657, 0.376787, 0.5195657), (-0.7071068, 0.5, -0.5), (-0.7900625, 0.5555967, -0.2590629), (-0.8112421, 0.5847103, -0.0002986903), (-0.8113493, 0.5845599, 0.001447023), (-0.7668657, 0.5195657, 0.376787), (-0.7745967, 0.4472136, 0.4472136), (0.7071068, -0.5, -0.5), (0.7900625, -0.5555967, -0.2590629), (0.8112421, -0.5847103, -0.0002986903), (0.8113493, -0.5845599, 0.001447023), (0.7668657, -0.5195657, 0.376787), (0.7745967, -0.4472136, 0.4472136), (0.7900625, -0.2590629, -0.5555967), (0.8844941, -0.3299016, -0.3299016), (0.9451475, -0.3266429, -0.0007182076), (0.8959345, -0.4441848, 0.001071095), (0.8559572, -0.3656073, 0.3656073), (0.7668657, -0.376787, 0.5195657), (0.8112409, -0.00174595, -0.5847094), (0.9445719, -0.00416251, -0.3282781), (0.9999945, -0.003272431, -0.0005772504), (0.9999207, -0.01241355, 0.002129855), (0.8973103, -0.00616946, 0.4413572), (0.8118281, -0.008227935, 0.5838386), (0.8118281, 0.008227935, -0.5838386), (0.8973103, 0.00616946, -0.4413572), (0.9999207, 0.01241355, -0.002129855), (0.9999945, 0.003272431, 0.0005772504), (0.9445719, 0.00416251, 0.3282781), (0.8112409, 0.00174595, 0.5847094), (0.7668657, 0.376787, -0.5195657), (0.8559572, 0.3656073, -0.3656073), (0.8959345, 0.4441848, -0.001071095), (0.9451475, 0.3266429, 0.0007182076), (0.8844941, 0.3299016, 0.3299016), (0.7900625, 0.2590629, 0.5555967), (0.7745967, 0.4472136, -0.4472136), (0.7668657, 0.5195657, -0.376787), (0.8113493, 0.5845599, -0.001447023), (0.8112421, 0.5847103, 0.0002986903), (0.7900625, 0.5555967, 0.2590629), (0.7071068, 0.5, 0.5), (-0.4472136, -0.7745967, -0.4472136), (-0.376787, -0.7668657, -0.5195657), (-0.01472345, -0.8122511, -0.583122), (0.003210551, -0.811238, -0.5847073), (0.2590629, -0.7900625, -0.5555967), (0.5, -0.7071068, -0.5), (-0.5195657, -0.7668657, -0.376787), (-0.3656073, -0.8559572, -0.3656073), (-0.01117909, -0.8986308, -0.4385633), (0.007588915, -0.9439854, -0.3299), (0.3299016, -0.8844941, -0.3299016), (0.5555967, -0.7900625, -0.2590629), (-0.5845599, -0.8113493, -0.001447023), (-0.4441848, -0.8959345, -0.001071095), (-0.02203344, -0.9997551, -0.002061882), (0.005999379, -0.9999818, -0.0005930792), (0.3266429, -0.9451475, -0.0007182076), (0.5847103, -0.8112421, -0.0002986903), (-0.5847103, -0.8112421, 0.0002986903), (-0.3266429, -0.9451475, 0.0007182076), (-0.005999379, -0.9999818, 0.0005930792), (0.02203344, -0.9997551, 0.002061882), (0.4441848, -0.8959345, 0.001071095), (0.5845599, -0.8113493, 0.001447023), (-0.5555967, -0.7900625, 0.2590629), (-0.3299016, -0.8844941, 0.3299016), (-0.007588915, -0.9439854, 0.3299), (0.01117909, -0.8986308, 0.4385633), (0.3656073, -0.8559572, 0.3656073), (0.5195657, -0.7668657, 0.376787), (-0.5, -0.7071068, 0.5), (-0.2590629, -0.7900625, 0.5555967), (-0.003210551, -0.811238, 0.5847073), (0.01472345, -0.8122511, 0.583122), (0.376787, -0.7668657, 0.5195657), (0.4472136, -0.7745967, 0.4472136), (-0.5, 0.7071068, -0.5), (-0.2590629, 0.7900625, -0.5555967), (-0.003210551, 0.811238, -0.5847073), (0.01472345, 0.8122511, -0.583122), (0.376787, 0.7668657, -0.5195657), (0.4472136, 0.7745967, -0.4472136), (-0.5555967, 0.7900625, -0.2590629), (-0.3299016, 0.8844941, -0.3299016), (-0.007588915, 0.9439854, -0.3299), (0.01117909, 0.8986308, -0.4385633), (0.3656073, 0.8559572, -0.3656073), (0.5195657, 0.7668657, -0.376787), (-0.5847103, 0.8112421, -0.0002986903), (-0.3266429, 0.9451475, -0.0007182076), (-0.005999379, 0.9999818, -0.0005930792), (0.02203344, 0.9997551, -0.002061882), (0.4441848, 0.8959345, -0.001071095), (0.5845599, 0.8113493, -0.001447023), (-0.5845599, 0.8113493, 0.001447023), (-0.4441848, 0.8959345, 0.001071095), (-0.02203344, 0.9997551, 0.002061882), (0.005999379, 0.9999818, 0.0005930792), (0.3266429, 0.9451475, 0.0007182076), (0.5847103, 0.8112421, 0.0002986903), (-0.5195657, 0.7668657, 0.376787), (-0.3656073, 0.8559572, 0.3656073), (-0.01117909, 0.8986308, 0.4385633), (0.007588915, 0.9439854, 0.3299), (0.3299016, 0.8844941, 0.3299016), (0.5555967, 0.7900625, 0.2590629), (-0.4472136, 0.7745967, 0.4472136), (-0.376787, 0.7668657, 0.5195657), (-0.01472345, 0.8122511, 0.583122), (0.003210551, 0.811238, 0.5847073), (0.2590629, 0.7900625, 0.5555967), (0.5, 0.7071068, 0.5), (-0.4472136, -0.4472136, -0.7745967), (-0.5195657, -0.376787, -0.7668657), (-0.5838386, -0.008227935, -0.8118281), (-0.5847094, 0.00174595, -0.8112409), (-0.5555967, 0.2590629, -0.7900625), (-0.5, 0.5, -0.7071068), (-0.376787, -0.5195657, -0.7668657), (-0.3656073, -0.3656073, -0.8559572), (-0.4413572, -0.00616946, -0.8973103), (-0.3282781, 0.00416251, -0.9445719), (-0.3299016, 0.3299016, -0.8844941), (-0.2590629, 0.5555967, -0.7900625), (-0.01472345, -0.583122, -0.8122511), (-0.01117909, -0.4385633, -0.8986308), (-0.02137321, -0.01165728, -0.9997036), (-0.006163267, 0.003454011, -0.999975), (-0.007588915, 0.3299, -0.9439854), (-0.003210551, 0.5847073, -0.811238), (0.003210551, -0.5847073, -0.811238), (0.007588915, -0.3299, -0.9439854), (0.006163267, -0.003454011, -0.999975), (0.02137321, 0.01165728, -0.9997036), (0.01117909, 0.4385633, -0.8986308), (0.01472345, 0.583122, -0.8122511), (0.2590629, -0.5555967, -0.7900625), (0.3299016, -0.3299016, -0.8844941), (0.3282781, -0.00416251, -0.9445719), (0.4413572, 0.00616946, -0.8973103), (0.3656073, 0.3656073, -0.8559572), (0.376787, 0.5195657, -0.7668657), (0.5, -0.5, -0.7071068), (0.5555967, -0.2590629, -0.7900625), (0.5847094, -0.00174595, -0.8112409), (0.5838386, 0.008227935, -0.8118281), (0.5195657, 0.376787, -0.7668657), (0.4472136, 0.4472136, -0.7745967), (-0.5, -0.5, 0.7071068), (-0.5555967, -0.2590629, 0.7900625), (-0.5847094, -0.00174595, 0.8112409), (-0.5838386, 0.008227935, 0.8118281), (-0.5195657, 0.376787, 0.7668657), (-0.4472136, 0.4472136, 0.7745967), (-0.2590629, -0.5555967, 0.7900625), (-0.3299016, -0.3299016, 0.8844941), (-0.3282781, -0.00416251, 0.9445719), (-0.4413572, 0.00616946, 0.8973103), (-0.3656073, 0.3656073, 0.8559572), (-0.376787, 0.5195657, 0.7668657), (-0.003210551, -0.5847073, 0.811238), (-0.007588915, -0.3299, 0.9439854), (-0.006163267, -0.003454011, 0.999975), (-0.02137321, 0.01165728, 0.9997036), (-0.01117909, 0.4385633, 0.8986308), (-0.01472345, 0.583122, 0.8122511), (0.01472345, -0.583122, 0.8122511), (0.01117909, -0.4385633, 0.8986308), (0.02137321, -0.01165728, 0.9997036), (0.006163267, 0.003454011, 0.999975), (0.007588915, 0.3299, 0.9439854), (0.003210551, 0.5847073, 0.811238), (0.376787, -0.5195657, 0.7668657), (0.3656073, -0.3656073, 0.8559572), (0.4413572, -0.00616946, 0.8973103), (0.3282781, 0.00416251, 0.9445719), (0.3299016, 0.3299016, 0.8844941), (0.2590629, 0.5555967, 0.7900625), (0.4472136, -0.4472136, 0.7745967), (0.5195657, -0.376787, 0.7668657), (0.5838386, -0.008227935, 0.8118281), (0.5847094, 0.00174595, 0.8112409), (0.5555967, 0.2590629, 0.7900625), (0.5, 0.5, 0.7071068)] (interpolation = "vertex")
            float3[] extent = [(-0.004843125, -0.000252, 0.003933), (-0.004651875, 7.2e-05, 0.005667)]
            rel material:binding = </WorkbenchPart/Materials/solder>
        }
        def Mesh "SMDEndTermination_02" (prepend apiSchemas = ["MaterialBindingAPI"])
        {
            uniform token subdivisionScheme = "none"
            uniform token orientation = "rightHanded"
            bool doubleSided = false
            point3f[] points = [(-0.003890517, -0.0002443923, 0.003940608), (-0.003892125, -0.000246, 0.003945), (-0.003892853, -0.0002467279, 0.003951), (-0.003892853, -0.0002467279, 0.005649), (-0.003892125, -0.000246, 0.005655), (-0.003890517, -0.0002443923, 0.005659392), (-0.003892125, -0.00024, 0.003939), (-0.003894822, -0.0002413485, 0.003943652), (-0.003896225, -0.0002420498, 0.003951), (-0.003896225, -0.0002420498, 0.005649), (-0.003894822, -0.0002413485, 0.005656348), (-0.003892125, -0.00024, 0.005661), (-0.003892853, -0.000234, 0.003938272), (-0.003896225, -0.000234, 0.00394295), (-0.003898125, -0.000234, 0.003951), (-0.003898125, -0.000234, 0.005649), (-0.003896225, -0.000234, 0.00565705), (-0.003892853, -0.000234, 0.005661728), (-0.003892853, 5.4e-05, 0.003938272), (-0.003896225, 5.4e-05, 0.00394295), (-0.003898125, 5.4e-05, 0.003951), (-0.003898125, 5.4e-05, 0.005649), (-0.003896225, 5.4e-05, 0.00565705), (-0.003892853, 5.4e-05, 0.005661728), (-0.003892125, 6e-05, 0.003939), (-0.003894822, 6.134847e-05, 0.003943652), (-0.003896225, 6.204984e-05, 0.003951), (-0.003896225, 6.204984e-05, 0.005649), (-0.003894822, 6.134847e-05, 0.005656348), (-0.003892125, 6e-05, 0.005661), (-0.003890517, 6.43923e-05, 0.003940608), (-0.003892125, 6.6e-05, 0.003945), (-0.003892853, 6.672792e-05, 0.003951), (-0.003892853, 6.672792e-05, 0.005649), (-0.003892125, 6.6e-05, 0.005655), (-0.003890517, 6.43923e-05, 0.005659392), (-0.003714483, -0.0002443923, 0.003940608), (-0.003712875, -0.000246, 0.003945), (-0.003712147, -0.0002467279, 0.003951), (-0.003712147, -0.0002467279, 0.005649), (-0.003712875, -0.000246, 0.005655), (-0.003714483, -0.0002443923, 0.005659392), (-0.003712875, -0.00024, 0.003939), (-0.003710178, -0.0002413485, 0.003943652), (-0.003708775, -0.0002420498, 0.003951), (-0.003708775, -0.0002420498, 0.005649), (-0.003710178, -0.0002413485, 0.005656348), (-0.003712875, -0.00024, 0.005661), (-0.003712147, -0.000234, 0.003938272), (-0.003708775, -0.000234, 0.00394295), (-0.003706875, -0.000234, 0.003951), (-0.003706875, -0.000234, 0.005649), (-0.003708775, -0.000234, 0.00565705), (-0.003712147, -0.000234, 0.005661728), (-0.003712147, 5.4e-05, 0.003938272), (-0.003708775, 5.4e-05, 0.00394295), (-0.003706875, 5.4e-05, 0.003951), (-0.003706875, 5.4e-05, 0.005649), (-0.003708775, 5.4e-05, 0.00565705), (-0.003712147, 5.4e-05, 0.005661728), (-0.003712875, 6e-05, 0.003939), (-0.003710178, 6.134847e-05, 0.003943652), (-0.003708775, 6.204984e-05, 0.003951), (-0.003708775, 6.204984e-05, 0.005649), (-0.003710178, 6.134847e-05, 0.005656348), (-0.003712875, 6e-05, 0.005661), (-0.003714483, 6.43923e-05, 0.003940608), (-0.003712875, 6.6e-05, 0.003945), (-0.003712147, 6.672792e-05, 0.003951), (-0.003712147, 6.672792e-05, 0.005649), (-0.003712875, 6.6e-05, 0.005655), (-0.003714483, 6.43923e-05, 0.005659392), (-0.003890517, -0.0002443923, 0.003940608), (-0.003886125, -0.000246, 0.003939), (-0.003880125, -0.0002467279, 0.003938272), (-0.003724875, -0.0002467279, 0.003938272), (-0.003718875, -0.000246, 0.003939), (-0.003714483, -0.0002443923, 0.003940608), (-0.003892125, -0.000246, 0.003945), (-0.003887473, -0.0002486969, 0.003943652), (-0.003880125, -0.0002500997, 0.00394295), (-0.003724875, -0.0002500997, 0.00394295), (-0.003717527, -0.0002486969, 0.003943652), (-0.003712875, -0.000246, 0.003945), (-0.003892853, -0.0002467279, 0.003951), (-0.003888175, -0.0002500997, 0.003951), (-0.003880125, -0.000252, 0.003951), (-0.003724875, -0.000252, 0.003951), (-0.003716825, -0.0002500997, 0.003951), (-0.003712147, -0.0002467279, 0.003951), (-0.003892853, -0.0002467279, 0.005649), (-0.003888175, -0.0002500997, 0.005649), (-0.003880125, -0.000252, 0.005649), (-0.003724875, -0.000252, 0.005649), (-0.003716825, -0.0002500997, 0.005649), (-0.003712147, -0.0002467279, 0.005649), (-0.003892125, -0.000246, 0.005655), (-0.003887473, -0.0002486969, 0.005656348), (-0.003880125, -0.0002500997, 0.00565705), (-0.003724875, -0.0002500997, 0.00565705), (-0.003717527, -0.0002486969, 0.005656348), (-0.003712875, -0.000246, 0.005655), (-0.003890517, -0.0002443923, 0.005659392), (-0.003886125, -0.000246, 0.005661), (-0.003880125, -0.0002467279, 0.005661728), (-0.003724875, -0.0002467279, 0.005661728), (-0.003718875, -0.000246, 0.005661), (-0.003714483, -0.0002443923, 0.005659392), (-0.003890517, 6.43923e-05, 0.003940608), (-0.003886125, 6.6e-05, 0.003939), (-0.003880125, 6.672792e-05, 0.003938272), (-0.003724875, 6.672792e-05, 0.003938272), (-0.003718875, 6.6e-05, 0.003939), (-0.003714483, 6.43923e-05, 0.003940608), (-0.003892125, 6.6e-05, 0.003945), (-0.003887473, 6.869694e-05, 0.003943652), (-0.003880125, 7.009969e-05, 0.00394295), (-0.003724875, 7.009969e-05, 0.00394295), (-0.003717527, 6.869694e-05, 0.003943652), (-0.003712875, 6.6e-05, 0.003945), (-0.003892853, 6.672792e-05, 0.003951), (-0.003888175, 7.009969e-05, 0.003951), (-0.003880125, 7.2e-05, 0.003951), (-0.003724875, 7.2e-05, 0.003951), (-0.003716825, 7.009969e-05, 0.003951), (-0.003712147, 6.672792e-05, 0.003951), (-0.003892853, 6.672792e-05, 0.005649), (-0.003888175, 7.009969e-05, 0.005649), (-0.003880125, 7.2e-05, 0.005649), (-0.003724875, 7.2e-05, 0.005649), (-0.003716825, 7.009969e-05, 0.005649), (-0.003712147, 6.672792e-05, 0.005649), (-0.003892125, 6.6e-05, 0.005655), (-0.003887473, 6.869694e-05, 0.005656348), (-0.003880125, 7.009969e-05, 0.00565705), (-0.003724875, 7.009969e-05, 0.00565705), (-0.003717527, 6.869694e-05, 0.005656348), (-0.003712875, 6.6e-05, 0.005655), (-0.003890517, 6.43923e-05, 0.005659392), (-0.003886125, 6.6e-05, 0.005661), (-0.003880125, 6.672792e-05, 0.005661728), (-0.003724875, 6.672792e-05, 0.005661728), (-0.003718875, 6.6e-05, 0.005661), (-0.003714483, 6.43923e-05, 0.005659392), (-0.003890517, -0.0002443923, 0.003940608), (-0.003892125, -0.00024, 0.003939), (-0.003892853, -0.000234, 0.003938272), (-0.003892853, 5.4e-05, 0.003938272), (-0.003892125, 6e-05, 0.003939), (-0.003890517, 6.43923e-05, 0.003940608), (-0.003886125, -0.000246, 0.003939), (-0.003887473, -0.0002413485, 0.003936303), (-0.003888175, -0.000234, 0.0039349), (-0.003888175, 5.4e-05, 0.0039349), (-0.003887473, 6.134847e-05, 0.003936303), (-0.003886125, 6.6e-05, 0.003939), (-0.003880125, -0.0002467279, 0.003938272), (-0.003880125, -0.0002420498, 0.0039349), (-0.003880125, -0.000234, 0.003933), (-0.003880125, 5.4e-05, 0.003933), (-0.003880125, 6.204984e-05, 0.0039349), (-0.003880125, 6.672792e-05, 0.003938272), (-0.003724875, -0.0002467279, 0.003938272), (-0.003724875, -0.0002420498, 0.0039349), (-0.003724875, -0.000234, 0.003933), (-0.003724875, 5.4e-05, 0.003933), (-0.003724875, 6.204984e-05, 0.0039349), (-0.003724875, 6.672792e-05, 0.003938272), (-0.003718875, -0.000246, 0.003939), (-0.003717527, -0.0002413485, 0.003936303), (-0.003716825, -0.000234, 0.0039349), (-0.003716825, 5.4e-05, 0.0039349), (-0.003717527, 6.134847e-05, 0.003936303), (-0.003718875, 6.6e-05, 0.003939), (-0.003714483, -0.0002443923, 0.003940608), (-0.003712875, -0.00024, 0.003939), (-0.003712147, -0.000234, 0.003938272), (-0.003712147, 5.4e-05, 0.003938272), (-0.003712875, 6e-05, 0.003939), (-0.003714483, 6.43923e-05, 0.003940608), (-0.003890517, -0.0002443923, 0.005659392), (-0.003892125, -0.00024, 0.005661), (-0.003892853, -0.000234, 0.005661728), (-0.003892853, 5.4e-05, 0.005661728), (-0.003892125, 6e-05, 0.005661), (-0.003890517, 6.43923e-05, 0.005659392), (-0.003886125, -0.000246, 0.005661), (-0.003887473, -0.0002413485, 0.005663697), (-0.003888175, -0.000234, 0.0056651), (-0.003888175, 5.4e-05, 0.0056651), (-0.003887473, 6.134847e-05, 0.005663697), (-0.003886125, 6.6e-05, 0.005661), (-0.003880125, -0.0002467279, 0.005661728), (-0.003880125, -0.0002420498, 0.0056651), (-0.003880125, -0.000234, 0.005667), (-0.003880125, 5.4e-05, 0.005667), (-0.003880125, 6.204984e-05, 0.0056651), (-0.003880125, 6.672792e-05, 0.005661728), (-0.003724875, -0.0002467279, 0.005661728), (-0.003724875, -0.0002420498, 0.0056651), (-0.003724875, -0.000234, 0.005667), (-0.003724875, 5.4e-05, 0.005667), (-0.003724875, 6.204984e-05, 0.0056651), (-0.003724875, 6.672792e-05, 0.005661728), (-0.003718875, -0.000246, 0.005661), (-0.003717527, -0.0002413485, 0.005663697), (-0.003716825, -0.000234, 0.0056651), (-0.003716825, 5.4e-05, 0.0056651), (-0.003717527, 6.134847e-05, 0.005663697), (-0.003718875, 6.6e-05, 0.005661), (-0.003714483, -0.0002443923, 0.005659392), (-0.003712875, -0.00024, 0.005661), (-0.003712147, -0.000234, 0.005661728), (-0.003712147, 5.4e-05, 0.005661728), (-0.003712875, 6e-05, 0.005661), (-0.003714483, 6.43923e-05, 0.005659392)]
            int[] faceVertexCounts = [3, 3, 3, 3, 3, 3, 3, 3, 3, 3, 3, 3, 3, 3, 3, 3, 3, 3, 3, 3, 3, 3, 3, 3, 3, 3, 3, 3, 3, 3, 3, 3, 3, 3, 3, 3, 3, 3, 3, 3, 3, 3, 3, 3, 3, 3, 3, 3, 3, 3, 3, 3, 3, 3, 3, 3, 3, 3, 3, 3, 3, 3, 3, 3, 3, 3, 3, 3, 3, 3, 3, 3, 3, 3, 3, 3, 3, 3, 3, 3, 3, 3, 3, 3, 3, 3, 3, 3, 3, 3, 3, 3, 3, 3, 3, 3, 3, 3, 3, 3, 3, 3, 3, 3, 3, 3, 3, 3, 3, 3, 3, 3, 3, 3, 3, 3, 3, 3, 3, 3, 3, 3, 3, 3, 3, 3, 3, 3, 3, 3, 3, 3, 3, 3, 3, 3, 3, 3, 3, 3, 3, 3, 3, 3, 3, 3, 3, 3, 3, 3, 3, 3, 3, 3, 3, 3, 3, 3, 3, 3, 3, 3, 3, 3, 3, 3, 3, 3, 3, 3, 3, 3, 3, 3, 3, 3, 3, 3, 3, 3, 3, 3, 3, 3, 3, 3, 3, 3, 3, 3, 3, 3, 3, 3, 3, 3, 3, 3, 3, 3, 3, 3, 3, 3, 3, 3, 3, 3, 3, 3, 3, 3, 3, 3, 3, 3, 3, 3, 3, 3, 3, 3, 3, 3, 3, 3, 3, 3, 3, 3, 3, 3, 3, 3, 3, 3, 3, 3, 3, 3, 3, 3, 3, 3, 3, 3, 3, 3, 3, 3, 3, 3, 3, 3, 3, 3, 3, 3, 3, 3, 3, 3, 3, 3, 3, 3, 3, 3, 3, 3, 3, 3, 3, 3, 3, 3, 3, 3, 3, 3, 3, 3, 3, 3, 3, 3, 3, 3, 3, 3, 3, 3, 3, 3, 3, 3, 3, 3, 3, 3]
            int[] faceVertexIndices = [1, 7, 6, 1, 6, 0, 2, 8, 7, 2, 7, 1, 3, 9, 8, 3, 8, 2, 4, 10, 9, 4, 9, 3, 5, 11, 10, 5, 10, 4, 7, 13, 12, 7, 12, 6, 8, 14, 13, 8, 13, 7, 9, 15, 14, 9, 14, 8, 10, 16, 15, 10, 15, 9, 11, 17, 16, 11, 16, 10, 13, 19, 18, 13, 18, 12, 14, 20, 19, 14, 19, 13, 15, 21, 20, 15, 20, 14, 16, 22, 21, 16, 21, 15, 17, 23, 22, 17, 22, 16, 19, 25, 24, 19, 24, 18, 20, 26, 25, 20, 25, 19, 21, 27, 26, 21, 26, 20, 22, 28, 27, 22, 27, 21, 23, 29, 28, 23, 28, 22, 25, 31, 30, 25, 30, 24, 26, 32, 31, 26, 31, 25, 27, 33, 32, 27, 32, 26, 28, 34, 33, 28, 33, 27, 29, 35, 34, 29, 34, 28, 36, 42, 43, 36, 43, 37, 37, 43, 44, 37, 44, 38, 38, 44, 45, 38, 45, 39, 39, 45, 46, 39, 46, 40, 40, 46, 47, 40, 47, 41, 42, 48, 49, 42, 49, 43, 43, 49, 50, 43, 50, 44, 44, 50, 51, 44, 51, 45, 45, 51, 52, 45, 52, 46, 46, 52, 53, 46, 53, 47, 48, 54, 55, 48, 55, 49, 49, 55, 56, 49, 56, 50, 50, 56, 57, 50, 57, 51, 51, 57, 58, 51, 58, 52, 52, 58, 59, 52, 59, 53, 54, 60, 61, 54, 61, 55, 55, 61, 62, 55, 62, 56, 56, 62, 63, 56, 63, 57, 57, 63, 64, 57, 64, 58, 58, 64, 65, 58, 65, 59, 60, 66, 67, 60, 67, 61, 61, 67, 68, 61, 68, 62, 62, 68, 69, 62, 69, 63, 63, 69, 70, 63, 70, 64, 64, 70, 71, 64, 71, 65, 73, 79, 78, 73, 78, 72, 74, 80, 79, 74, 79, 73, 75, 81, 80, 75, 80, 74, 76, 82, 81, 76, 81, 75, 77, 83, 82, 77, 82, 76, 79, 85, 84, 79, 84, 78, 80, 86, 85, 80, 85, 79, 81, 87, 86, 81, 86, 80, 82, 88, 87, 82, 87, 81, 83, 89, 88, 83, 88, 82, 85, 91, 90, 85, 90, 84, 86, 92, 91, 86, 91, 85, 87, 93, 92, 87, 92, 86, 88, 94, 93, 88, 93, 87, 89, 95, 94, 89, 94, 88, 91, 97, 96, 91, 96, 90, 92, 98, 97, 92, 97, 91, 93, 99, 98, 93, 98, 92, 94, 100, 99, 94, 99, 93, 95, 101, 100, 95, 100, 94, 97, 103, 102, 97, 102, 96, 98, 104, 103, 98, 103, 97, 99, 105, 104, 99, 104, 98, 100, 106, 105, 100, 105, 99, 101, 107, 106, 101, 106, 100, 108, 114, 115, 108, 115, 109, 109, 115, 116, 109, 116, 110, 110, 116, 117, 110, 117, 111, 111, 117, 118, 111, 118, 112, 112, 118, 119, 112, 119, 113, 114, 120, 121, 114, 121, 115, 115, 121, 122, 115, 122, 116, 116, 122, 123, 116, 123, 117, 117, 123, 124, 117, 124, 118, 118, 124, 125, 118, 125, 119, 120, 126, 127, 120, 127, 121, 121, 127, 128, 121, 128, 122, 122, 128, 129, 122, 129, 123, 123, 129, 130, 123, 130, 124, 124, 130, 131, 124, 131, 125, 126, 132, 133, 126, 133, 127, 127, 133, 134, 127, 134, 128, 128, 134, 135, 128, 135, 129, 129, 135, 136, 129, 136, 130, 130, 136, 137, 130, 137, 131, 132, 138, 139, 132, 139, 133, 133, 139, 140, 133, 140, 134, 134, 140, 141, 134, 141, 135, 135, 141, 142, 135, 142, 136, 136, 142, 143, 136, 143, 137, 145, 151, 150, 145, 150, 144, 146, 152, 151, 146, 151, 145, 147, 153, 152, 147, 152, 146, 148, 154, 153, 148, 153, 147, 149, 155, 154, 149, 154, 148, 151, 157, 156, 151, 156, 150, 152, 158, 157, 152, 157, 151, 153, 159, 158, 153, 158, 152, 154, 160, 159, 154, 159, 153, 155, 161, 160, 155, 160, 154, 157, 163, 162, 157, 162, 156, 158, 164, 163, 158, 163, 157, 159, 165, 164, 159, 164, 158, 160, 166, 165, 160, 165, 159, 161, 167, 166, 161, 166, 160, 163, 169, 168, 163, 168, 162, 164, 170, 169, 164, 169, 163, 165, 171, 170, 165, 170, 164, 166, 172, 171, 166, 171, 165, 167, 173, 172, 167, 172, 166, 169, 175, 174, 169, 174, 168, 170, 176, 175, 170, 175, 169, 171, 177, 176, 171, 176, 170, 172, 178, 177, 172, 177, 171, 173, 179, 178, 173, 178, 172, 180, 186, 187, 180, 187, 181, 181, 187, 188, 181, 188, 182, 182, 188, 189, 182, 189, 183, 183, 189, 190, 183, 190, 184, 184, 190, 191, 184, 191, 185, 186, 192, 193, 186, 193, 187, 187, 193, 194, 187, 194, 188, 188, 194, 195, 188, 195, 189, 189, 195, 196, 189, 196, 190, 190, 196, 197, 190, 197, 191, 192, 198, 199, 192, 199, 193, 193, 199, 200, 193, 200, 194, 194, 200, 201, 194, 201, 195, 195, 201, 202, 195, 202, 196, 196, 202, 203, 196, 203, 197, 198, 204, 205, 198, 205, 199, 199, 205, 206, 199, 206, 200, 200, 206, 207, 200, 207, 201, 201, 207, 208, 201, 208, 202, 202, 208, 209, 202, 209, 203, 204, 210, 211, 204, 211, 205, 205, 211, 212, 205, 212, 206, 206, 212, 213, 206, 213, 207, 207, 213, 214, 207, 214, 208, 208, 214, 215, 208, 215, 209]
            normal3f[] normals = [(-0.7745967, -0.4472136, -0.4472136), (-0.7668657, -0.5195657, -0.376787), (-0.8113493, -0.5845599, -0.001447023), (-0.8112421, -0.5847103, 0.0002986903), (-0.7900625, -0.5555967, 0.2590629), (-0.7071068, -0.5, 0.5), (-0.7668657, -0.376787, -0.5195657), (-0.8559572, -0.3656073, -0.3656073), (-0.8959345, -0.4441848, -0.001071095), (-0.9451475, -0.3266429, 0.0007182076), (-0.8844941, -0.3299016, 0.3299016), (-0.7900625, -0.2590629, 0.5555967), (-0.8118281, -0.008227935, -0.5838386), (-0.8973103, -0.00616946, -0.4413572), (-0.9999207, -0.01241355, -0.002129855), (-0.9999945, -0.003272431, 0.0005772504), (-0.9445719, -0.00416251, 0.3282781), (-0.8112409, -0.00174595, 0.5847094), (-0.8112409, 0.00174595, -0.5847094), (-0.9445719, 0.00416251, -0.3282781), (-0.9999945, 0.003272431, -0.0005772504), (-0.9999207, 0.01241355, 0.002129855), (-0.8973103, 0.00616946, 0.4413572), (-0.8118281, 0.008227935, 0.5838386), (-0.7900625, 0.2590629, -0.5555967), (-0.8844941, 0.3299016, -0.3299016), (-0.9451475, 0.3266429, -0.0007182076), (-0.8959345, 0.4441848, 0.001071095), (-0.8559572, 0.3656073, 0.3656073), (-0.7668657, 0.376787, 0.5195657), (-0.7071068, 0.5, -0.5), (-0.7900625, 0.5555967, -0.2590629), (-0.8112421, 0.5847103, -0.0002986903), (-0.8113493, 0.5845599, 0.001447023), (-0.7668657, 0.5195657, 0.376787), (-0.7745967, 0.4472136, 0.4472136), (0.7071068, -0.5, -0.5), (0.7900625, -0.5555967, -0.2590629), (0.8112421, -0.5847103, -0.0002986903), (0.8113493, -0.5845599, 0.001447023), (0.7668657, -0.5195657, 0.376787), (0.7745967, -0.4472136, 0.4472136), (0.7900625, -0.2590629, -0.5555967), (0.8844941, -0.3299016, -0.3299016), (0.9451475, -0.3266429, -0.0007182076), (0.8959345, -0.4441848, 0.001071095), (0.8559572, -0.3656073, 0.3656073), (0.7668657, -0.376787, 0.5195657), (0.8112409, -0.00174595, -0.5847094), (0.9445719, -0.00416251, -0.3282781), (0.9999945, -0.003272431, -0.0005772504), (0.9999207, -0.01241355, 0.002129855), (0.8973103, -0.00616946, 0.4413572), (0.8118281, -0.008227935, 0.5838386), (0.8118281, 0.008227935, -0.5838386), (0.8973103, 0.00616946, -0.4413572), (0.9999207, 0.01241355, -0.002129855), (0.9999945, 0.003272431, 0.0005772504), (0.9445719, 0.00416251, 0.3282781), (0.8112409, 0.00174595, 0.5847094), (0.7668657, 0.376787, -0.5195657), (0.8559572, 0.3656073, -0.3656073), (0.8959345, 0.4441848, -0.001071095), (0.9451475, 0.3266429, 0.0007182076), (0.8844941, 0.3299016, 0.3299016), (0.7900625, 0.2590629, 0.5555967), (0.7745967, 0.4472136, -0.4472136), (0.7668657, 0.5195657, -0.376787), (0.8113493, 0.5845599, -0.001447023), (0.8112421, 0.5847103, 0.0002986903), (0.7900625, 0.5555967, 0.2590629), (0.7071068, 0.5, 0.5), (-0.4472136, -0.7745967, -0.4472136), (-0.376787, -0.7668657, -0.5195657), (-0.01472345, -0.8122511, -0.583122), (0.003210551, -0.811238, -0.5847073), (0.2590629, -0.7900625, -0.5555967), (0.5, -0.7071068, -0.5), (-0.5195657, -0.7668657, -0.376787), (-0.3656073, -0.8559572, -0.3656073), (-0.01117909, -0.8986308, -0.4385633), (0.007588915, -0.9439854, -0.3299), (0.3299016, -0.8844941, -0.3299016), (0.5555967, -0.7900625, -0.2590629), (-0.5845599, -0.8113493, -0.001447023), (-0.4441848, -0.8959345, -0.001071095), (-0.02203344, -0.9997551, -0.002061882), (0.005999379, -0.9999818, -0.0005930792), (0.3266429, -0.9451475, -0.0007182076), (0.5847103, -0.8112421, -0.0002986903), (-0.5847103, -0.8112421, 0.0002986903), (-0.3266429, -0.9451475, 0.0007182076), (-0.005999379, -0.9999818, 0.0005930792), (0.02203344, -0.9997551, 0.002061882), (0.4441848, -0.8959345, 0.001071095), (0.5845599, -0.8113493, 0.001447023), (-0.5555967, -0.7900625, 0.2590629), (-0.3299016, -0.8844941, 0.3299016), (-0.007588915, -0.9439854, 0.3299), (0.01117909, -0.8986308, 0.4385633), (0.3656073, -0.8559572, 0.3656073), (0.5195657, -0.7668657, 0.376787), (-0.5, -0.7071068, 0.5), (-0.2590629, -0.7900625, 0.5555967), (-0.003210551, -0.811238, 0.5847073), (0.01472345, -0.8122511, 0.583122), (0.376787, -0.7668657, 0.5195657), (0.4472136, -0.7745967, 0.4472136), (-0.5, 0.7071068, -0.5), (-0.2590629, 0.7900625, -0.5555967), (-0.003210551, 0.811238, -0.5847073), (0.01472345, 0.8122511, -0.583122), (0.376787, 0.7668657, -0.5195657), (0.4472136, 0.7745967, -0.4472136), (-0.5555967, 0.7900625, -0.2590629), (-0.3299016, 0.8844941, -0.3299016), (-0.007588915, 0.9439854, -0.3299), (0.01117909, 0.8986308, -0.4385633), (0.3656073, 0.8559572, -0.3656073), (0.5195657, 0.7668657, -0.376787), (-0.5847103, 0.8112421, -0.0002986903), (-0.3266429, 0.9451475, -0.0007182076), (-0.005999379, 0.9999818, -0.0005930792), (0.02203344, 0.9997551, -0.002061882), (0.4441848, 0.8959345, -0.001071095), (0.5845599, 0.8113493, -0.001447023), (-0.5845599, 0.8113493, 0.001447023), (-0.4441848, 0.8959345, 0.001071095), (-0.02203344, 0.9997551, 0.002061882), (0.005999379, 0.9999818, 0.0005930792), (0.3266429, 0.9451475, 0.0007182076), (0.5847103, 0.8112421, 0.0002986903), (-0.5195657, 0.7668657, 0.376787), (-0.3656073, 0.8559572, 0.3656073), (-0.01117909, 0.8986308, 0.4385633), (0.007588915, 0.9439854, 0.3299), (0.3299016, 0.8844941, 0.3299016), (0.5555967, 0.7900625, 0.2590629), (-0.4472136, 0.7745967, 0.4472136), (-0.376787, 0.7668657, 0.5195657), (-0.01472345, 0.8122511, 0.583122), (0.003210551, 0.811238, 0.5847073), (0.2590629, 0.7900625, 0.5555967), (0.5, 0.7071068, 0.5), (-0.4472136, -0.4472136, -0.7745967), (-0.5195657, -0.376787, -0.7668657), (-0.5838386, -0.008227935, -0.8118281), (-0.5847094, 0.00174595, -0.8112409), (-0.5555967, 0.2590629, -0.7900625), (-0.5, 0.5, -0.7071068), (-0.376787, -0.5195657, -0.7668657), (-0.3656073, -0.3656073, -0.8559572), (-0.4413572, -0.00616946, -0.8973103), (-0.3282781, 0.00416251, -0.9445719), (-0.3299016, 0.3299016, -0.8844941), (-0.2590629, 0.5555967, -0.7900625), (-0.01472345, -0.583122, -0.8122511), (-0.01117909, -0.4385633, -0.8986308), (-0.02137321, -0.01165728, -0.9997036), (-0.006163267, 0.003454011, -0.999975), (-0.007588915, 0.3299, -0.9439854), (-0.003210551, 0.5847073, -0.811238), (0.003210551, -0.5847073, -0.811238), (0.007588915, -0.3299, -0.9439854), (0.006163267, -0.003454011, -0.999975), (0.02137321, 0.01165728, -0.9997036), (0.01117909, 0.4385633, -0.8986308), (0.01472345, 0.583122, -0.8122511), (0.2590629, -0.5555967, -0.7900625), (0.3299016, -0.3299016, -0.8844941), (0.3282781, -0.00416251, -0.9445719), (0.4413572, 0.00616946, -0.8973103), (0.3656073, 0.3656073, -0.8559572), (0.376787, 0.5195657, -0.7668657), (0.5, -0.5, -0.7071068), (0.5555967, -0.2590629, -0.7900625), (0.5847094, -0.00174595, -0.8112409), (0.5838386, 0.008227935, -0.8118281), (0.5195657, 0.376787, -0.7668657), (0.4472136, 0.4472136, -0.7745967), (-0.5, -0.5, 0.7071068), (-0.5555967, -0.2590629, 0.7900625), (-0.5847094, -0.00174595, 0.8112409), (-0.5838386, 0.008227935, 0.8118281), (-0.5195657, 0.376787, 0.7668657), (-0.4472136, 0.4472136, 0.7745967), (-0.2590629, -0.5555967, 0.7900625), (-0.3299016, -0.3299016, 0.8844941), (-0.3282781, -0.00416251, 0.9445719), (-0.4413572, 0.00616946, 0.8973103), (-0.3656073, 0.3656073, 0.8559572), (-0.376787, 0.5195657, 0.7668657), (-0.003210551, -0.5847073, 0.811238), (-0.007588915, -0.3299, 0.9439854), (-0.006163267, -0.003454011, 0.999975), (-0.02137321, 0.01165728, 0.9997036), (-0.01117909, 0.4385633, 0.8986308), (-0.01472345, 0.583122, 0.8122511), (0.01472345, -0.583122, 0.8122511), (0.01117909, -0.4385633, 0.8986308), (0.02137321, -0.01165728, 0.9997036), (0.006163267, 0.003454011, 0.999975), (0.007588915, 0.3299, 0.9439854), (0.003210551, 0.5847073, 0.811238), (0.376787, -0.5195657, 0.7668657), (0.3656073, -0.3656073, 0.8559572), (0.4413572, -0.00616946, 0.8973103), (0.3282781, 0.00416251, 0.9445719), (0.3299016, 0.3299016, 0.8844941), (0.2590629, 0.5555967, 0.7900625), (0.4472136, -0.4472136, 0.7745967), (0.5195657, -0.376787, 0.7668657), (0.5838386, -0.008227935, 0.8118281), (0.5847094, 0.00174595, 0.8112409), (0.5555967, 0.2590629, 0.7900625), (0.5, 0.5, 0.7071068)] (interpolation = "vertex")
            float3[] extent = [(-0.003898125, -0.000252, 0.003933), (-0.003706875, 7.2e-05, 0.005667)]
            rel material:binding = </WorkbenchPart/Materials/solder>
        }
        def Mesh "SignalPad_02" (prepend apiSchemas = ["MaterialBindingAPI"])
        {
            uniform token subdivisionScheme = "none"
            uniform token orientation = "rightHanded"
            bool doubleSided = false
            point3f[] points = [(-0.002122285, -0.0003217846, 0.008115215), (-0.0021255, -0.000325, 0.008124), (-0.002126956, -0.0003264558, 0.008136), (-0.002126956, -0.0003264558, 0.009464), (-0.0021255, -0.000325, 0.009476), (-0.002122285, -0.0003217846, 0.009484785), (-0.0021255, -0.000313, 0.008112), (-0.002130894, -0.0003156969, 0.008121303), (-0.002133699, -0.0003170997, 0.008136), (-0.002133699, -0.0003170997, 0.009464), (-0.002130894, -0.0003156969, 0.009478697), (-0.0021255, -0.000313, 0.009488), (-0.002126956, -0.000301, 0.008110544), (-0.002133699, -0.000301, 0.0081199), (-0.0021375, -0.000301, 0.008136), (-0.0021375, -0.000301, 0.009464), (-0.002133699, -0.000301, 0.0094801), (-0.002126956, -0.000301, 0.009489456), (-0.002126956, -0.000293, 0.008110544), (-0.002133699, -0.000293, 0.0081199), (-0.0021375, -0.000293, 0.008136), (-0.0021375, -0.000293, 0.009464), (-0.002133699, -0.000293, 0.0094801), (-0.002126956, -0.000293, 0.009489456), (-0.0021255, -0.000281, 0.008112), (-0.002130894, -0.0002783031, 0.008121303), (-0.002133699, -0.0002769003, 0.008136), (-0.002133699, -0.0002769003, 0.009464), (-0.002130894, -0.0002783031, 0.009478697), (-0.0021255, -0.000281, 0.009488), (-0.002122285, -0.0002722154, 0.008115215), (-0.0021255, -0.000269, 0.008124), (-0.002126956, -0.0002675442, 0.008136), (-0.002126956, -0.0002675442, 0.009464), (-0.0021255, -0.000269, 0.009476), (-0.002122285, -0.0002722154, 0.009484785), (-0.0007277154, -0.0003217846, 0.008115215), (-0.0007245, -0.000325, 0.008124), (-0.0007230442, -0.0003264558, 0.008136), (-0.0007230442, -0.0003264558, 0.009464), (-0.0007245, -0.000325, 0.009476), (-0.0007277154, -0.0003217846, 0.009484785), (-0.0007245, -0.000313, 0.008112), (-0.0007191061, -0.0003156969, 0.008121303), (-0.0007163006, -0.0003170997, 0.008136), (-0.0007163006, -0.0003170997, 0.009464), (-0.0007191061, -0.0003156969, 0.009478697), (-0.0007245, -0.000313, 0.009488), (-0.0007230442, -0.000301, 0.008110544), (-0.0007163006, -0.000301, 0.0081199), (-0.0007125, -0.000301, 0.008136), (-0.0007125, -0.000301, 0.009464), (-0.0007163006, -0.000301, 0.0094801), (-0.0007230442, -0.000301, 0.009489456), (-0.0007230442, -0.000293, 0.008110544), (-0.0007163006, -0.000293, 0.0081199), (-0.0007125, -0.000293, 0.008136), (-0.0007125, -0.000293, 0.009464), (-0.0007163006, -0.000293, 0.0094801), (-0.0007230442, -0.000293, 0.009489456), (-0.0007245, -0.000281, 0.008112), (-0.0007191061, -0.0002783031, 0.008121303), (-0.0007163006, -0.0002769003, 0.008136), (-0.0007163006, -0.0002769003, 0.009464), (-0.0007191061, -0.0002783031, 0.009478697), (-0.0007245, -0.000281, 0.009488), (-0.0007277154, -0.0002722154, 0.008115215), (-0.0007245, -0.000269, 0.008124), (-0.0007230442, -0.0002675442, 0.008136), (-0.0007230442, -0.0002675442, 0.009464), (-0.0007245, -0.000269, 0.009476), (-0.0007277154, -0.0002722154, 0.009484785), (-0.002122285, -0.0003217846, 0.008115215), (-0.0021135, -0.000325, 0.008112), (-0.0021015, -0.0003264558, 0.008110544), (-0.0007485, -0.0003264558, 0.008110544), (-0.0007365, -0.000325, 0.008112), (-0.0007277154, -0.0003217846, 0.008115215), (-0.0021255, -0.000325, 0.008124), (-0.002116197, -0.0003303939, 0.008121303), (-0.0021015, -0.0003331994, 0.0081199), (-0.0007485, -0.0003331994, 0.0081199), (-0.0007338031, -0.0003303939, 0.008121303), (-0.0007245, -0.000325, 0.008124), (-0.002126956, -0.0003264558, 0.008136), (-0.0021176, -0.0003331994, 0.008136), (-0.0021015, -0.000337, 0.008136), (-0.0007485, -0.000337, 0.008136), (-0.0007324003, -0.0003331994, 0.008136), (-0.0007230442, -0.0003264558, 0.008136), (-0.002126956, -0.0003264558, 0.009464), (-0.0021176, -0.0003331994, 0.009464), (-0.0021015, -0.000337, 0.009464), (-0.0007485, -0.000337, 0.009464), (-0.0007324003, -0.0003331994, 0.009464), (-0.0007230442, -0.0003264558, 0.009464), (-0.0021255, -0.000325, 0.009476), (-0.002116197, -0.0003303939, 0.009478697), (-0.0021015, -0.0003331994, 0.0094801), (-0.0007485, -0.0003331994, 0.0094801), (-0.0007338031, -0.0003303939, 0.009478697), (-0.0007245, -0.000325, 0.009476), (-0.002122285, -0.0003217846, 0.009484785), (-0.0021135, -0.000325, 0.009488), (-0.0021015, -0.0003264558, 0.009489456), (-0.0007485, -0.0003264558, 0.009489456), (-0.0007365, -0.000325, 0.009488), (-0.0007277154, -0.0003217846, 0.009484785), (-0.002122285, -0.0002722154, 0.008115215), (-0.0021135, -0.000269, 0.008112), (-0.0021015, -0.0002675442, 0.008110544), (-0.0007485, -0.0002675442, 0.008110544), (-0.0007365, -0.000269, 0.008112), (-0.0007277154, -0.0002722154, 0.008115215), (-0.0021255, -0.000269, 0.008124), (-0.002116197, -0.0002636061, 0.008121303), (-0.0021015, -0.0002608006, 0.0081199), (-0.0007485, -0.0002608006, 0.0081199), (-0.0007338031, -0.0002636061, 0.008121303), (-0.0007245, -0.000269, 0.008124), (-0.002126956, -0.0002675442, 0.008136), (-0.0021176, -0.0002608006, 0.008136), (-0.0021015, -0.000257, 0.008136), (-0.0007485, -0.000257, 0.008136), (-0.0007324003, -0.0002608006, 0.008136), (-0.0007230442, -0.0002675442, 0.008136), (-0.002126956, -0.0002675442, 0.009464), (-0.0021176, -0.0002608006, 0.009464), (-0.0021015, -0.000257, 0.009464), (-0.0007485, -0.000257, 0.009464), (-0.0007324003, -0.0002608006, 0.009464), (-0.0007230442, -0.0002675442, 0.009464), (-0.0021255, -0.000269, 0.009476), (-0.002116197, -0.0002636061, 0.009478697), (-0.0021015, -0.0002608006, 0.0094801), (-0.0007485, -0.0002608006, 0.0094801), (-0.0007338031, -0.0002636061, 0.009478697), (-0.0007245, -0.000269, 0.009476), (-0.002122285, -0.0002722154, 0.009484785), (-0.0021135, -0.000269, 0.009488), (-0.0021015, -0.0002675442, 0.009489456), (-0.0007485, -0.0002675442, 0.009489456), (-0.0007365, -0.000269, 0.009488), (-0.0007277154, -0.0002722154, 0.009484785), (-0.002122285, -0.0003217846, 0.008115215), (-0.0021255, -0.000313, 0.008112), (-0.002126956, -0.000301, 0.008110544), (-0.002126956, -0.000293, 0.008110544), (-0.0021255, -0.000281, 0.008112), (-0.002122285, -0.0002722154, 0.008115215), (-0.0021135, -0.000325, 0.008112), (-0.002116197, -0.0003156969, 0.008106606), (-0.0021176, -0.000301, 0.008103801), (-0.0021176, -0.000293, 0.008103801), (-0.002116197, -0.0002783031, 0.008106606), (-0.0021135, -0.000269, 0.008112), (-0.0021015, -0.0003264558, 0.008110544), (-0.0021015, -0.0003170997, 0.008103801), (-0.0021015, -0.000301, 0.0081), (-0.0021015, -0.000293, 0.0081), (-0.0021015, -0.0002769003, 0.008103801), (-0.0021015, -0.0002675442, 0.008110544), (-0.0007485, -0.0003264558, 0.008110544), (-0.0007485, -0.0003170997, 0.008103801), (-0.0007485, -0.000301, 0.0081), (-0.0007485, -0.000293, 0.0081), (-0.0007485, -0.0002769003, 0.008103801), (-0.0007485, -0.0002675442, 0.008110544), (-0.0007365, -0.000325, 0.008112), (-0.0007338031, -0.0003156969, 0.008106606), (-0.0007324003, -0.000301, 0.008103801), (-0.0007324003, -0.000293, 0.008103801), (-0.0007338031, -0.0002783031, 0.008106606), (-0.0007365, -0.000269, 0.008112), (-0.0007277154, -0.0003217846, 0.008115215), (-0.0007245, -0.000313, 0.008112), (-0.0007230442, -0.000301, 0.008110544), (-0.0007230442, -0.000293, 0.008110544), (-0.0007245, -0.000281, 0.008112), (-0.0007277154, -0.0002722154, 0.008115215), (-0.002122285, -0.0003217846, 0.009484785), (-0.0021255, -0.000313, 0.009488), (-0.002126956, -0.000301, 0.009489456), (-0.002126956, -0.000293, 0.009489456), (-0.0021255, -0.000281, 0.009488), (-0.002122285, -0.0002722154, 0.009484785), (-0.0021135, -0.000325, 0.009488), (-0.002116197, -0.0003156969, 0.009493394), (-0.0021176, -0.000301, 0.009496199), (-0.0021176, -0.000293, 0.009496199), (-0.002116197, -0.0002783031, 0.009493394), (-0.0021135, -0.000269, 0.009488), (-0.0021015, -0.0003264558, 0.009489456), (-0.0021015, -0.0003170997, 0.009496199), (-0.0021015, -0.000301, 0.0095), (-0.0021015, -0.000293, 0.0095), (-0.0021015, -0.0002769003, 0.009496199), (-0.0021015, -0.0002675442, 0.009489456), (-0.0007485, -0.0003264558, 0.009489456), (-0.0007485, -0.0003170997, 0.009496199), (-0.0007485, -0.000301, 0.0095), (-0.0007485, -0.000293, 0.0095), (-0.0007485, -0.0002769003, 0.009496199), (-0.0007485, -0.0002675442, 0.009489456), (-0.0007365, -0.000325, 0.009488), (-0.0007338031, -0.0003156969, 0.009493394), (-0.0007324003, -0.000301, 0.009496199), (-0.0007324003, -0.000293, 0.009496199), (-0.0007338031, -0.0002783031, 0.009493394), (-0.0007365, -0.000269, 0.009488), (-0.0007277154, -0.0003217846, 0.009484785), (-0.0007245, -0.000313, 0.009488), (-0.0007230442, -0.000301, 0.009489456), (-0.0007230442, -0.000293, 0.009489456), (-0.0007245, -0.000281, 0.009488), (-0.0007277154, -0.0002722154, 0.009484785)]
            int[] faceVertexCounts = [3, 3, 3, 3, 3, 3, 3, 3, 3, 3, 3, 3, 3, 3, 3, 3, 3, 3, 3, 3, 3, 3, 3, 3, 3, 3, 3, 3, 3, 3, 3, 3, 3, 3, 3, 3, 3, 3, 3, 3, 3, 3, 3, 3, 3, 3, 3, 3, 3, 3, 3, 3, 3, 3, 3, 3, 3, 3, 3, 3, 3, 3, 3, 3, 3, 3, 3, 3, 3, 3, 3, 3, 3, 3, 3, 3, 3, 3, 3, 3, 3, 3, 3, 3, 3, 3, 3, 3, 3, 3, 3, 3, 3, 3, 3, 3, 3, 3, 3, 3, 3, 3, 3, 3, 3, 3, 3, 3, 3, 3, 3, 3, 3, 3, 3, 3, 3, 3, 3, 3, 3, 3, 3, 3, 3, 3, 3, 3, 3, 3, 3, 3, 3, 3, 3, 3, 3, 3, 3, 3, 3, 3, 3, 3, 3, 3, 3, 3, 3, 3, 3, 3, 3, 3, 3, 3, 3, 3, 3, 3, 3, 3, 3, 3, 3, 3, 3, 3, 3, 3, 3, 3, 3, 3, 3, 3, 3, 3, 3, 3, 3, 3, 3, 3, 3, 3, 3, 3, 3, 3, 3, 3, 3, 3, 3, 3, 3, 3, 3, 3, 3, 3, 3, 3, 3, 3, 3, 3, 3, 3, 3, 3, 3, 3, 3, 3, 3, 3, 3, 3, 3, 3, 3, 3, 3, 3, 3, 3, 3, 3, 3, 3, 3, 3, 3, 3, 3, 3, 3, 3, 3, 3, 3, 3, 3, 3, 3, 3, 3, 3, 3, 3, 3, 3, 3, 3, 3, 3, 3, 3, 3, 3, 3, 3, 3, 3, 3, 3, 3, 3, 3, 3, 3, 3, 3, 3, 3, 3, 3, 3, 3, 3, 3, 3, 3, 3, 3, 3, 3, 3, 3, 3, 3, 3, 3, 3, 3, 3, 3, 3]
            int[] faceVertexIndices = [1, 7, 6, 1, 6, 0, 2, 8, 7, 2, 7, 1, 3, 9, 8, 3, 8, 2, 4, 10, 9, 4, 9, 3, 5, 11, 10, 5, 10, 4, 7, 13, 12, 7, 12, 6, 8, 14, 13, 8, 13, 7, 9, 15, 14, 9, 14, 8, 10, 16, 15, 10, 15, 9, 11, 17, 16, 11, 16, 10, 13, 19, 18, 13, 18, 12, 14, 20, 19, 14, 19, 13, 15, 21, 20, 15, 20, 14, 16, 22, 21, 16, 21, 15, 17, 23, 22, 17, 22, 16, 19, 25, 24, 19, 24, 18, 20, 26, 25, 20, 25, 19, 21, 27, 26, 21, 26, 20, 22, 28, 27, 22, 27, 21, 23, 29, 28, 23, 28, 22, 25, 31, 30, 25, 30, 24, 26, 32, 31, 26, 31, 25, 27, 33, 32, 27, 32, 26, 28, 34, 33, 28, 33, 27, 29, 35, 34, 29, 34, 28, 36, 42, 43, 36, 43, 37, 37, 43, 44, 37, 44, 38, 38, 44, 45, 38, 45, 39, 39, 45, 46, 39, 46, 40, 40, 46, 47, 40, 47, 41, 42, 48, 49, 42, 49, 43, 43, 49, 50, 43, 50, 44, 44, 50, 51, 44, 51, 45, 45, 51, 52, 45, 52, 46, 46, 52, 53, 46, 53, 47, 48, 54, 55, 48, 55, 49, 49, 55, 56, 49, 56, 50, 50, 56, 57, 50, 57, 51, 51, 57, 58, 51, 58, 52, 52, 58, 59, 52, 59, 53, 54, 60, 61, 54, 61, 55, 55, 61, 62, 55, 62, 56, 56, 62, 63, 56, 63, 57, 57, 63, 64, 57, 64, 58, 58, 64, 65, 58, 65, 59, 60, 66, 67, 60, 67, 61, 61, 67, 68, 61, 68, 62, 62, 68, 69, 62, 69, 63, 63, 69, 70, 63, 70, 64, 64, 70, 71, 64, 71, 65, 73, 79, 78, 73, 78, 72, 74, 80, 79, 74, 79, 73, 75, 81, 80, 75, 80, 74, 76, 82, 81, 76, 81, 75, 77, 83, 82, 77, 82, 76, 79, 85, 84, 79, 84, 78, 80, 86, 85, 80, 85, 79, 81, 87, 86, 81, 86, 80, 82, 88, 87, 82, 87, 81, 83, 89, 88, 83, 88, 82, 85, 91, 90, 85, 90, 84, 86, 92, 91, 86, 91, 85, 87, 93, 92, 87, 92, 86, 88, 94, 93, 88, 93, 87, 89, 95, 94, 89, 94, 88, 91, 97, 96, 91, 96, 90, 92, 98, 97, 92, 97, 91, 93, 99, 98, 93, 98, 92, 94, 100, 99, 94, 99, 93, 95, 101, 100, 95, 100, 94, 97, 103, 102, 97, 102, 96, 98, 104, 103, 98, 103, 97, 99, 105, 104, 99, 104, 98, 100, 106, 105, 100, 105, 99, 101, 107, 106, 101, 106, 100, 108, 114, 115, 108, 115, 109, 109, 115, 116, 109, 116, 110, 110, 116, 117, 110, 117, 111, 111, 117, 118, 111, 118, 112, 112, 118, 119, 112, 119, 113, 114, 120, 121, 114, 121, 115, 115, 121, 122, 115, 122, 116, 116, 122, 123, 116, 123, 117, 117, 123, 124, 117, 124, 118, 118, 124, 125, 118, 125, 119, 120, 126, 127, 120, 127, 121, 121, 127, 128, 121, 128, 122, 122, 128, 129, 122, 129, 123, 123, 129, 130, 123, 130, 124, 124, 130, 131, 124, 131, 125, 126, 132, 133, 126, 133, 127, 127, 133, 134, 127, 134, 128, 128, 134, 135, 128, 135, 129, 129, 135, 136, 129, 136, 130, 130, 136, 137, 130, 137, 131, 132, 138, 139, 132, 139, 133, 133, 139, 140, 133, 140, 134, 134, 140, 141, 134, 141, 135, 135, 141, 142, 135, 142, 136, 136, 142, 143, 136, 143, 137, 145, 151, 150, 145, 150, 144, 146, 152, 151, 146, 151, 145, 147, 153, 152, 147, 152, 146, 148, 154, 153, 148, 153, 147, 149, 155, 154, 149, 154, 148, 151, 157, 156, 151, 156, 150, 152, 158, 157, 152, 157, 151, 153, 159, 158, 153, 158, 152, 154, 160, 159, 154, 159, 153, 155, 161, 160, 155, 160, 154, 157, 163, 162, 157, 162, 156, 158, 164, 163, 158, 163, 157, 159, 165, 164, 159, 164, 158, 160, 166, 165, 160, 165, 159, 161, 167, 166, 161, 166, 160, 163, 169, 168, 163, 168, 162, 164, 170, 169, 164, 169, 163, 165, 171, 170, 165, 170, 164, 166, 172, 171, 166, 171, 165, 167, 173, 172, 167, 172, 166, 169, 175, 174, 169, 174, 168, 170, 176, 175, 170, 175, 169, 171, 177, 176, 171, 176, 170, 172, 178, 177, 172, 177, 171, 173, 179, 178, 173, 178, 172, 180, 186, 187, 180, 187, 181, 181, 187, 188, 181, 188, 182, 182, 188, 189, 182, 189, 183, 183, 189, 190, 183, 190, 184, 184, 190, 191, 184, 191, 185, 186, 192, 193, 186, 193, 187, 187, 193, 194, 187, 194, 188, 188, 194, 195, 188, 195, 189, 189, 195, 196, 189, 196, 190, 190, 196, 197, 190, 197, 191, 192, 198, 199, 192, 199, 193, 193, 199, 200, 193, 200, 194, 194, 200, 201, 194, 201, 195, 195, 201, 202, 195, 202, 196, 196, 202, 203, 196, 203, 197, 198, 204, 205, 198, 205, 199, 199, 205, 206, 199, 206, 200, 200, 206, 207, 200, 207, 201, 201, 207, 208, 201, 208, 202, 202, 208, 209, 202, 209, 203, 204, 210, 211, 204, 211, 205, 205, 211, 212, 205, 212, 206, 206, 212, 213, 206, 213, 207, 207, 213, 214, 207, 214, 208, 208, 214, 215, 208, 215, 209]
            normal3f[] normals = [(-0.7745967, -0.4472136, -0.4472136), (-0.7668657, -0.5195657, -0.376787), (-0.8115095, -0.5843278, -0.003657481), (-0.8112419, -0.5847101, 0.0007617274), (-0.7900625, -0.5555967, 0.2590629), (-0.7071068, -0.5, 0.5), (-0.7668657, -0.376787, -0.5195657), (-0.8559572, -0.3656073, -0.3656073), (-0.8963826, -0.4432728, -0.002718647), (-0.9449638, -0.3271697, 0.001826586), (-0.8844941, -0.3299016, 0.3299016), (-0.7900625, -0.2590629, 0.5555967), (-0.8133397, -0.145112, -0.5634014), (-0.9225416, -0.1473858, -0.3566433), (-0.9827073, -0.1851527, -0.002224222), (-0.9929642, -0.1183732, 0.00314129), (-0.916641, -0.1211306, 0.3809156), (-0.8091137, -0.07239132, 0.5831762), (-0.8091137, 0.07239132, -0.5831762), (-0.916641, 0.1211306, -0.3809156), (-0.9929642, 0.1183732, -0.00314129), (-0.9827073, 0.1851527, 0.002224222), (-0.9225416, 0.1473858, 0.3566433), (-0.8133397, 0.145112, 0.5634014), (-0.7900625, 0.2590629, -0.5555967), (-0.8844941, 0.3299016, -0.3299016), (-0.9449638, 0.3271697, -0.001826586), (-0.8963826, 0.4432728, 0.002718647), (-0.8559572, 0.3656073, 0.3656073), (-0.7668657, 0.376787, 0.5195657), (-0.7071068, 0.5, -0.5), (-0.7900625, 0.5555967, -0.2590629), (-0.8112419, 0.5847101, -0.0007617274), (-0.8115095, 0.5843278, 0.003657481), (-0.7668657, 0.5195657, 0.376787), (-0.7745967, 0.4472136, 0.4472136), (0.7071068, -0.5, -0.5), (0.7900625, -0.5555967, -0.2590629), (0.8112419, -0.5847101, -0.0007617274), (0.8115095, -0.5843278, 0.003657481), (0.7668657, -0.5195657, 0.376787), (0.7745967, -0.4472136, 0.4472136), (0.7900625, -0.2590629, -0.5555967), (0.8844941, -0.3299016, -0.3299016), (0.9449638, -0.3271697, -0.001826586), (0.8963826, -0.4432728, 0.002718647), (0.8559572, -0.3656073, 0.3656073), (0.7668657, -0.376787, 0.5195657), (0.8091137, -0.07239132, -0.5831762), (0.916641, -0.1211306, -0.3809156), (0.9929642, -0.1183732, -0.00314129), (0.9827073, -0.1851527, 0.002224222), (0.9225416, -0.1473858, 0.3566433), (0.8133397, -0.145112, 0.5634014), (0.8133397, 0.145112, -0.5634014), (0.9225416, 0.1473858, -0.3566433), (0.9827073, 0.1851527, -0.002224222), (0.9929642, 0.1183732, 0.00314129), (0.916641, 0.1211306, 0.3809156), (0.8091137, 0.07239132, 0.5831762), (0.7668657, 0.376787, -0.5195657), (0.8559572, 0.3656073, -0.3656073), (0.8963826, 0.4432728, -0.002718647), (0.9449638, 0.3271697, 0.001826586), (0.8844941, 0.3299016, 0.3299016), (0.7900625, 0.2590629, 0.5555967), (0.7745967, 0.4472136, -0.4472136), (0.7668657, 0.5195657, -0.376787), (0.8115095, 0.5843278, -0.003657481), (0.8112419, 0.5847101, 0.0007617274), (0.7900625, 0.5555967, 0.2590629), (0.7071068, 0.5, 0.5), (-0.4472136, -0.7745967, -0.4472136), (-0.376787, -0.7668657, -0.5195657), (-0.003591163, -0.8115048, -0.5843348), (0.0007477147, -0.811242, -0.5847101), (0.2590629, -0.7900625, -0.5555967), (0.5, -0.7071068, -0.5), (-0.5195657, -0.7668657, -0.376787), (-0.3656073, -0.8559572, -0.3656073), (-0.002669017, -0.8963692, -0.4433003), (0.001793132, -0.9449694, -0.3271538), (0.3299016, -0.8844941, -0.3299016), (0.5555967, -0.7900625, -0.2590629), (-0.5843278, -0.8115095, -0.003657481), (-0.4432728, -0.8963826, -0.002718647), (-0.00539211, -0.9999704, -0.005493007), (0.001416904, -0.999998, -0.001443028), (0.3271697, -0.9449638, -0.001826586), (0.5847101, -0.8112419, -0.0007617274), (-0.5847101, -0.8112419, 0.0007617274), (-0.3271697, -0.9449638, 0.001826586), (-0.001416904, -0.999998, 0.001443028), (0.00539211, -0.9999704, 0.005493007), (0.4432728, -0.8963826, 0.002718647), (0.5843278, -0.8115095, 0.003657481), (-0.5555967, -0.7900625, 0.2590629), (-0.3299016, -0.8844941, 0.3299016), (-0.001793132, -0.9449694, 0.3271538), (0.002669017, -0.8963692, 0.4433003), (0.3656073, -0.8559572, 0.3656073), (0.5195657, -0.7668657, 0.376787), (-0.5, -0.7071068, 0.5), (-0.2590629, -0.7900625, 0.5555967), (-0.0007477147, -0.811242, 0.5847101), (0.003591163, -0.8115048, 0.5843348), (0.376787, -0.7668657, 0.5195657), (0.4472136, -0.7745967, 0.4472136), (-0.5, 0.7071068, -0.5), (-0.2590629, 0.7900625, -0.5555967), (-0.0007477147, 0.811242, -0.5847101), (0.003591163, 0.8115048, -0.5843348), (0.376787, 0.7668657, -0.5195657), (0.4472136, 0.7745967, -0.4472136), (-0.5555967, 0.7900625, -0.2590629), (-0.3299016, 0.8844941, -0.3299016), (-0.001793132, 0.9449694, -0.3271538), (0.002669017, 0.8963692, -0.4433003), (0.3656073, 0.8559572, -0.3656073), (0.5195657, 0.7668657, -0.376787), (-0.5847101, 0.8112419, -0.0007617274), (-0.3271697, 0.9449638, -0.001826586), (-0.001416904, 0.999998, -0.001443028), (0.00539211, 0.9999704, -0.005493007), (0.4432728, 0.8963826, -0.002718647), (0.5843278, 0.8115095, -0.003657481), (-0.5843278, 0.8115095, 0.003657481), (-0.4432728, 0.8963826, 0.002718647), (-0.00539211, 0.9999704, 0.005493007), (0.001416904, 0.999998, 0.001443028), (0.3271697, 0.9449638, 0.001826586), (0.5847101, 0.8112419, 0.0007617274), (-0.5195657, 0.7668657, 0.376787), (-0.3656073, 0.8559572, 0.3656073), (-0.002669017, 0.8963692, 0.4433003), (0.001793132, 0.9449694, 0.3271538), (0.3299016, 0.8844941, 0.3299016), (0.5555967, 0.7900625, 0.2590629), (-0.4472136, 0.7745967, 0.4472136), (-0.376787, 0.7668657, 0.5195657), (-0.003591163, 0.8115048, 0.5843348), (0.0007477147, 0.811242, 0.5847101), (0.2590629, 0.7900625, 0.5555967), (0.5, 0.7071068, 0.5), (-0.4472136, -0.4472136, -0.7745967), (-0.5195657, -0.376787, -0.7668657), (-0.5634014, -0.145112, -0.8133397), (-0.5831762, 0.07239132, -0.8091137), (-0.5555967, 0.2590629, -0.7900625), (-0.5, 0.5, -0.7071068), (-0.376787, -0.5195657, -0.7668657), (-0.3656073, -0.3656073, -0.8559572), (-0.3566433, -0.1473858, -0.9225416), (-0.3809156, 0.1211306, -0.916641), (-0.3299016, 0.3299016, -0.8844941), (-0.2590629, 0.5555967, -0.7900625), (-0.003591163, -0.5843348, -0.8115048), (-0.002669017, -0.4433003, -0.8963692), (-0.002183506, -0.1851645, -0.9827051), (-0.003084046, 0.1183587, -0.9929661), (-0.001793132, 0.3271538, -0.9449694), (-0.0007477147, 0.5847101, -0.811242), (0.0007477147, -0.5847101, -0.811242), (0.001793132, -0.3271538, -0.9449694), (0.003084046, -0.1183587, -0.9929661), (0.002183506, 0.1851645, -0.9827051), (0.002669017, 0.4433003, -0.8963692), (0.003591163, 0.5843348, -0.8115048), (0.2590629, -0.5555967, -0.7900625), (0.3299016, -0.3299016, -0.8844941), (0.3809156, -0.1211306, -0.916641), (0.3566433, 0.1473858, -0.9225416), (0.3656073, 0.3656073, -0.8559572), (0.376787, 0.5195657, -0.7668657), (0.5, -0.5, -0.7071068), (0.5555967, -0.2590629, -0.7900625), (0.5831762, -0.07239132, -0.8091137), (0.5634014, 0.145112, -0.8133397), (0.5195657, 0.376787, -0.7668657), (0.4472136, 0.4472136, -0.7745967), (-0.5, -0.5, 0.7071068), (-0.5555967, -0.2590629, 0.7900625), (-0.5831762, -0.07239132, 0.8091137), (-0.5634014, 0.145112, 0.8133397), (-0.5195657, 0.376787, 0.7668657), (-0.4472136, 0.4472136, 0.7745967), (-0.2590629, -0.5555967, 0.7900625), (-0.3299016, -0.3299016, 0.8844941), (-0.3809156, -0.1211306, 0.916641), (-0.3566433, 0.1473858, 0.9225416), (-0.3656073, 0.3656073, 0.8559572), (-0.376787, 0.5195657, 0.7668657), (-0.0007477147, -0.5847101, 0.811242), (-0.001793132, -0.3271538, 0.9449694), (-0.003084046, -0.1183587, 0.9929661), (-0.002183506, 0.1851645, 0.9827051), (-0.002669017, 0.4433003, 0.8963692), (-0.003591163, 0.5843348, 0.8115048), (0.003591163, -0.5843348, 0.8115048), (0.002669017, -0.4433003, 0.8963692), (0.002183506, -0.1851645, 0.9827051), (0.003084046, 0.1183587, 0.9929661), (0.001793132, 0.3271538, 0.9449694), (0.0007477147, 0.5847101, 0.811242), (0.376787, -0.5195657, 0.7668657), (0.3656073, -0.3656073, 0.8559572), (0.3566433, -0.1473858, 0.9225416), (0.3809156, 0.1211306, 0.916641), (0.3299016, 0.3299016, 0.8844941), (0.2590629, 0.5555967, 0.7900625), (0.4472136, -0.4472136, 0.7745967), (0.5195657, -0.376787, 0.7668657), (0.5634014, -0.145112, 0.8133397), (0.5831762, 0.07239132, 0.8091137), (0.5555967, 0.2590629, 0.7900625), (0.5, 0.5, 0.7071068)] (interpolation = "vertex")
            float3[] extent = [(-0.0021375, -0.000337, 0.0081), (-0.0007125, -0.000257, 0.0095)]
            rel material:binding = </WorkbenchPart/Materials/gold>
        }
        def Mesh "SMDComponent_02" (prepend apiSchemas = ["MaterialBindingAPI"])
        {
            uniform token subdivisionScheme = "none"
            uniform token orientation = "rightHanded"
            bool doubleSided = false
            point3f[] points = [(-0.001976088, -0.0002285885, 0.003961412), (-0.0019785, -0.000231, 0.003968), (-0.001979592, -0.0002320919, 0.003977), (-0.001979592, -0.0002320919, 0.005623), (-0.0019785, -0.000231, 0.005632), (-0.001976088, -0.0002285885, 0.005638588), (-0.0019785, -0.000222, 0.003959), (-0.001982545, -0.0002240227, 0.003965977), (-0.00198465, -0.0002250748, 0.003977), (-0.00198465, -0.0002250748, 0.005623), (-0.001982545, -0.0002240227, 0.005634023), (-0.0019785, -0.000222, 0.005641), (-0.001979592, -0.000213, 0.003957908), (-0.00198465, -0.000213, 0.003964925), (-0.0019875, -0.000213, 0.003977), (-0.0019875, -0.000213, 0.005623), (-0.00198465, -0.000213, 0.005635075), (-0.001979592, -0.000213, 0.005642092), (-0.001979592, 3.3e-05, 0.003957908), (-0.00198465, 3.3e-05, 0.003964925), (-0.0019875, 3.3e-05, 0.003977), (-0.0019875, 3.3e-05, 0.005623), (-0.00198465, 3.3e-05, 0.005635075), (-0.001979592, 3.3e-05, 0.005642092), (-0.0019785, 4.2e-05, 0.003959), (-0.001982545, 4.40227e-05, 0.003965977), (-0.00198465, 4.507477e-05, 0.003977), (-0.00198465, 4.507477e-05, 0.005623), (-0.001982545, 4.40227e-05, 0.005634023), (-0.0019785, 4.2e-05, 0.005641), (-0.001976088, 4.858846e-05, 0.003961412), (-0.0019785, 5.1e-05, 0.003968), (-0.001979592, 5.209188e-05, 0.003977), (-0.001979592, 5.209188e-05, 0.005623), (-0.0019785, 5.1e-05, 0.005632), (-0.001976088, 4.858846e-05, 0.005638588), (-0.0008739115, -0.0002285885, 0.003961412), (-0.0008715, -0.000231, 0.003968), (-0.0008704081, -0.0002320919, 0.003977), (-0.0008704081, -0.0002320919, 0.005623), (-0.0008715, -0.000231, 0.005632), (-0.0008739115, -0.0002285885, 0.005638588), (-0.0008715, -0.000222, 0.003959), (-0.0008674546, -0.0002240227, 0.003965977), (-0.0008653505, -0.0002250748, 0.003977), (-0.0008653505, -0.0002250748, 0.005623), (-0.0008674546, -0.0002240227, 0.005634023), (-0.0008715, -0.000222, 0.005641), (-0.0008704081, -0.000213, 0.003957908), (-0.0008653505, -0.000213, 0.003964925), (-0.0008625, -0.000213, 0.003977), (-0.0008625, -0.000213, 0.005623), (-0.0008653505, -0.000213, 0.005635075), (-0.0008704081, -0.000213, 0.005642092), (-0.0008704081, 3.3e-05, 0.003957908), (-0.0008653505, 3.3e-05, 0.003964925), (-0.0008625, 3.3e-05, 0.003977), (-0.0008625, 3.3e-05, 0.005623), (-0.0008653505, 3.3e-05, 0.005635075), (-0.0008704081, 3.3e-05, 0.005642092), (-0.0008715, 4.2e-05, 0.003959), (-0.0008674546, 4.40227e-05, 0.003965977), (-0.0008653505, 4.507477e-05, 0.003977), (-0.0008653505, 4.507477e-05, 0.005623), (-0.0008674546, 4.40227e-05, 0.005634023), (-0.0008715, 4.2e-05, 0.005641), (-0.0008739115, 4.858846e-05, 0.003961412), (-0.0008715, 5.1e-05, 0.003968), (-0.0008704081, 5.209188e-05, 0.003977), (-0.0008704081, 5.209188e-05, 0.005623), (-0.0008715, 5.1e-05, 0.005632), (-0.0008739115, 4.858846e-05, 0.005638588), (-0.001976088, -0.0002285885, 0.003961412), (-0.0019695, -0.000231, 0.003959), (-0.0019605, -0.0002320919, 0.003957908), (-0.0008895, -0.0002320919, 0.003957908), (-0.0008805, -0.000231, 0.003959), (-0.0008739115, -0.0002285885, 0.003961412), (-0.0019785, -0.000231, 0.003968), (-0.001971523, -0.0002350454, 0.003965977), (-0.0019605, -0.0002371495, 0.003964925), (-0.0008895, -0.0002371495, 0.003964925), (-0.0008784773, -0.0002350454, 0.003965977), (-0.0008715, -0.000231, 0.003968), (-0.001979592, -0.0002320919, 0.003977), (-0.001972575, -0.0002371495, 0.003977), (-0.0019605, -0.00024, 0.003977), (-0.0008895, -0.00024, 0.003977), (-0.0008774252, -0.0002371495, 0.003977), (-0.0008704081, -0.0002320919, 0.003977), (-0.001979592, -0.0002320919, 0.005623), (-0.001972575, -0.0002371495, 0.005623), (-0.0019605, -0.00024, 0.005623), (-0.0008895, -0.00024, 0.005623), (-0.0008774252, -0.0002371495, 0.005623), (-0.0008704081, -0.0002320919, 0.005623), (-0.0019785, -0.000231, 0.005632), (-0.001971523, -0.0002350454, 0.005634023), (-0.0019605, -0.0002371495, 0.005635075), (-0.0008895, -0.0002371495, 0.005635075), (-0.0008784773, -0.0002350454, 0.005634023), (-0.0008715, -0.000231, 0.005632), (-0.001976088, -0.0002285885, 0.005638588), (-0.0019695, -0.000231, 0.005641), (-0.0019605, -0.0002320919, 0.005642092), (-0.0008895, -0.0002320919, 0.005642092), (-0.0008805, -0.000231, 0.005641), (-0.0008739115, -0.0002285885, 0.005638588), (-0.001976088, 4.858846e-05, 0.003961412), (-0.0019695, 5.1e-05, 0.003959), (-0.0019605, 5.209188e-05, 0.003957908), (-0.0008895, 5.209188e-05, 0.003957908), (-0.0008805, 5.1e-05, 0.003959), (-0.0008739115, 4.858846e-05, 0.003961412), (-0.0019785, 5.1e-05, 0.003968), (-0.001971523, 5.504541e-05, 0.003965977), (-0.0019605, 5.714953e-05, 0.003964925), (-0.0008895, 5.714953e-05, 0.003964925), (-0.0008784773, 5.504541e-05, 0.003965977), (-0.0008715, 5.1e-05, 0.003968), (-0.001979592, 5.209188e-05, 0.003977), (-0.001972575, 5.714953e-05, 0.003977), (-0.0019605, 6e-05, 0.003977), (-0.0008895, 6e-05, 0.003977), (-0.0008774252, 5.714953e-05, 0.003977), (-0.0008704081, 5.209188e-05, 0.003977), (-0.001979592, 5.209188e-05, 0.005623), (-0.001972575, 5.714953e-05, 0.005623), (-0.0019605, 6e-05, 0.005623), (-0.0008895, 6e-05, 0.005623), (-0.0008774252, 5.714953e-05, 0.005623), (-0.0008704081, 5.209188e-05, 0.005623), (-0.0019785, 5.1e-05, 0.005632), (-0.001971523, 5.504541e-05, 0.005634023), (-0.0019605, 5.714953e-05, 0.005635075), (-0.0008895, 5.714953e-05, 0.005635075), (-0.0008784773, 5.504541e-05, 0.005634023), (-0.0008715, 5.1e-05, 0.005632), (-0.001976088, 4.858846e-05, 0.005638588), (-0.0019695, 5.1e-05, 0.005641), (-0.0019605, 5.209188e-05, 0.005642092), (-0.0008895, 5.209188e-05, 0.005642092), (-0.0008805, 5.1e-05, 0.005641), (-0.0008739115, 4.858846e-05, 0.005638588), (-0.001976088, -0.0002285885, 0.003961412), (-0.0019785, -0.000222, 0.003959), (-0.001979592, -0.000213, 0.003957908), (-0.001979592, 3.3e-05, 0.003957908), (-0.0019785, 4.2e-05, 0.003959), (-0.001976088, 4.858846e-05, 0.003961412), (-0.0019695, -0.000231, 0.003959), (-0.001971523, -0.0002240227, 0.003954955), (-0.001972575, -0.000213, 0.00395285), (-0.001972575, 3.3e-05, 0.00395285), (-0.001971523, 4.40227e-05, 0.003954955), (-0.0019695, 5.1e-05, 0.003959), (-0.0019605, -0.0002320919, 0.003957908), (-0.0019605, -0.0002250748, 0.00395285), (-0.0019605, -0.000213, 0.00395), (-0.0019605, 3.3e-05, 0.00395), (-0.0019605, 4.507477e-05, 0.00395285), (-0.0019605, 5.209188e-05, 0.003957908), (-0.0008895, -0.0002320919, 0.003957908), (-0.0008895, -0.0002250748, 0.00395285), (-0.0008895, -0.000213, 0.00395), (-0.0008895, 3.3e-05, 0.00395), (-0.0008895, 4.507477e-05, 0.00395285), (-0.0008895, 5.209188e-05, 0.003957908), (-0.0008805, -0.000231, 0.003959), (-0.0008784773, -0.0002240227, 0.003954955), (-0.0008774252, -0.000213, 0.00395285), (-0.0008774252, 3.3e-05, 0.00395285), (-0.0008784773, 4.40227e-05, 0.003954955), (-0.0008805, 5.1e-05, 0.003959), (-0.0008739115, -0.0002285885, 0.003961412), (-0.0008715, -0.000222, 0.003959), (-0.0008704081, -0.000213, 0.003957908), (-0.0008704081, 3.3e-05, 0.003957908), (-0.0008715, 4.2e-05, 0.003959), (-0.0008739115, 4.858846e-05, 0.003961412), (-0.001976088, -0.0002285885, 0.005638588), (-0.0019785, -0.000222, 0.005641), (-0.001979592, -0.000213, 0.005642092), (-0.001979592, 3.3e-05, 0.005642092), (-0.0019785, 4.2e-05, 0.005641), (-0.001976088, 4.858846e-05, 0.005638588), (-0.0019695, -0.000231, 0.005641), (-0.001971523, -0.0002240227, 0.005645045), (-0.001972575, -0.000213, 0.00564715), (-0.001972575, 3.3e-05, 0.00564715), (-0.001971523, 4.40227e-05, 0.005645045), (-0.0019695, 5.1e-05, 0.005641), (-0.0019605, -0.0002320919, 0.005642092), (-0.0019605, -0.0002250748, 0.00564715), (-0.0019605, -0.000213, 0.00565), (-0.0019605, 3.3e-05, 0.00565), (-0.0019605, 4.507477e-05, 0.00564715), (-0.0019605, 5.209188e-05, 0.005642092), (-0.0008895, -0.0002320919, 0.005642092), (-0.0008895, -0.0002250748, 0.00564715), (-0.0008895, -0.000213, 0.00565), (-0.0008895, 3.3e-05, 0.00565), (-0.0008895, 4.507477e-05, 0.00564715), (-0.0008895, 5.209188e-05, 0.005642092), (-0.0008805, -0.000231, 0.005641), (-0.0008784773, -0.0002240227, 0.005645045), (-0.0008774252, -0.000213, 0.00564715), (-0.0008774252, 3.3e-05, 0.00564715), (-0.0008784773, 4.40227e-05, 0.005645045), (-0.0008805, 5.1e-05, 0.005641), (-0.0008739115, -0.0002285885, 0.005638588), (-0.0008715, -0.000222, 0.005641), (-0.0008704081, -0.000213, 0.005642092), (-0.0008704081, 3.3e-05, 0.005642092), (-0.0008715, 4.2e-05, 0.005641), (-0.0008739115, 4.858846e-05, 0.005638588)]
            int[] faceVertexCounts = [3, 3, 3, 3, 3, 3, 3, 3, 3, 3, 3, 3, 3, 3, 3, 3, 3, 3, 3, 3, 3, 3, 3, 3, 3, 3, 3, 3, 3, 3, 3, 3, 3, 3, 3, 3, 3, 3, 3, 3, 3, 3, 3, 3, 3, 3, 3, 3, 3, 3, 3, 3, 3, 3, 3, 3, 3, 3, 3, 3, 3, 3, 3, 3, 3, 3, 3, 3, 3, 3, 3, 3, 3, 3, 3, 3, 3, 3, 3, 3, 3, 3, 3, 3, 3, 3, 3, 3, 3, 3, 3, 3, 3, 3, 3, 3, 3, 3, 3, 3, 3, 3, 3, 3, 3, 3, 3, 3, 3, 3, 3, 3, 3, 3, 3, 3, 3, 3, 3, 3, 3, 3, 3, 3, 3, 3, 3, 3, 3, 3, 3, 3, 3, 3, 3, 3, 3, 3, 3, 3, 3, 3, 3, 3, 3, 3, 3, 3, 3, 3, 3, 3, 3, 3, 3, 3, 3, 3, 3, 3, 3, 3, 3, 3, 3, 3, 3, 3, 3, 3, 3, 3, 3, 3, 3, 3, 3, 3, 3, 3, 3, 3, 3, 3, 3, 3, 3, 3, 3, 3, 3, 3, 3, 3, 3, 3, 3, 3, 3, 3, 3, 3, 3, 3, 3, 3, 3, 3, 3, 3, 3, 3, 3, 3, 3, 3, 3, 3, 3, 3, 3, 3, 3, 3, 3, 3, 3, 3, 3, 3, 3, 3, 3, 3, 3, 3, 3, 3, 3, 3, 3, 3, 3, 3, 3, 3, 3, 3, 3, 3, 3, 3, 3, 3, 3, 3, 3, 3, 3, 3, 3, 3, 3, 3, 3, 3, 3, 3, 3, 3, 3, 3, 3, 3, 3, 3, 3, 3, 3, 3, 3, 3, 3, 3, 3, 3, 3, 3, 3, 3, 3, 3, 3, 3, 3, 3, 3, 3, 3, 3]
            int[] faceVertexIndices = [1, 7, 6, 1, 6, 0, 2, 8, 7, 2, 7, 1, 3, 9, 8, 3, 8, 2, 4, 10, 9, 4, 9, 3, 5, 11, 10, 5, 10, 4, 7, 13, 12, 7, 12, 6, 8, 14, 13, 8, 13, 7, 9, 15, 14, 9, 14, 8, 10, 16, 15, 10, 15, 9, 11, 17, 16, 11, 16, 10, 13, 19, 18, 13, 18, 12, 14, 20, 19, 14, 19, 13, 15, 21, 20, 15, 20, 14, 16, 22, 21, 16, 21, 15, 17, 23, 22, 17, 22, 16, 19, 25, 24, 19, 24, 18, 20, 26, 25, 20, 25, 19, 21, 27, 26, 21, 26, 20, 22, 28, 27, 22, 27, 21, 23, 29, 28, 23, 28, 22, 25, 31, 30, 25, 30, 24, 26, 32, 31, 26, 31, 25, 27, 33, 32, 27, 32, 26, 28, 34, 33, 28, 33, 27, 29, 35, 34, 29, 34, 28, 36, 42, 43, 36, 43, 37, 37, 43, 44, 37, 44, 38, 38, 44, 45, 38, 45, 39, 39, 45, 46, 39, 46, 40, 40, 46, 47, 40, 47, 41, 42, 48, 49, 42, 49, 43, 43, 49, 50, 43, 50, 44, 44, 50, 51, 44, 51, 45, 45, 51, 52, 45, 52, 46, 46, 52, 53, 46, 53, 47, 48, 54, 55, 48, 55, 49, 49, 55, 56, 49, 56, 50, 50, 56, 57, 50, 57, 51, 51, 57, 58, 51, 58, 52, 52, 58, 59, 52, 59, 53, 54, 60, 61, 54, 61, 55, 55, 61, 62, 55, 62, 56, 56, 62, 63, 56, 63, 57, 57, 63, 64, 57, 64, 58, 58, 64, 65, 58, 65, 59, 60, 66, 67, 60, 67, 61, 61, 67, 68, 61, 68, 62, 62, 68, 69, 62, 69, 63, 63, 69, 70, 63, 70, 64, 64, 70, 71, 64, 71, 65, 73, 79, 78, 73, 78, 72, 74, 80, 79, 74, 79, 73, 75, 81, 80, 75, 80, 74, 76, 82, 81, 76, 81, 75, 77, 83, 82, 77, 82, 76, 79, 85, 84, 79, 84, 78, 80, 86, 85, 80, 85, 79, 81, 87, 86, 81, 86, 80, 82, 88, 87, 82, 87, 81, 83, 89, 88, 83, 88, 82, 85, 91, 90, 85, 90, 84, 86, 92, 91, 86, 91, 85, 87, 93, 92, 87, 92, 86, 88, 94, 93, 88, 93, 87, 89, 95, 94, 89, 94, 88, 91, 97, 96, 91, 96, 90, 92, 98, 97, 92, 97, 91, 93, 99, 98, 93, 98, 92, 94, 100, 99, 94, 99, 93, 95, 101, 100, 95, 100, 94, 97, 103, 102, 97, 102, 96, 98, 104, 103, 98, 103, 97, 99, 105, 104, 99, 104, 98, 100, 106, 105, 100, 105, 99, 101, 107, 106, 101, 106, 100, 108, 114, 115, 108, 115, 109, 109, 115, 116, 109, 116, 110, 110, 116, 117, 110, 117, 111, 111, 117, 118, 111, 118, 112, 112, 118, 119, 112, 119, 113, 114, 120, 121, 114, 121, 115, 115, 121, 122, 115, 122, 116, 116, 122, 123, 116, 123, 117, 117, 123, 124, 117, 124, 118, 118, 124, 125, 118, 125, 119, 120, 126, 127, 120, 127, 121, 121, 127, 128, 121, 128, 122, 122, 128, 129, 122, 129, 123, 123, 129, 130, 123, 130, 124, 124, 130, 131, 124, 131, 125, 126, 132, 133, 126, 133, 127, 127, 133, 134, 127, 134, 128, 128, 134, 135, 128, 135, 129, 129, 135, 136, 129, 136, 130, 130, 136, 137, 130, 137, 131, 132, 138, 139, 132, 139, 133, 133, 139, 140, 133, 140, 134, 134, 140, 141, 134, 141, 135, 135, 141, 142, 135, 142, 136, 136, 142, 143, 136, 143, 137, 145, 151, 150, 145, 150, 144, 146, 152, 151, 146, 151, 145, 147, 153, 152, 147, 152, 146, 148, 154, 153, 148, 153, 147, 149, 155, 154, 149, 154, 148, 151, 157, 156, 151, 156, 150, 152, 158, 157, 152, 157, 151, 153, 159, 158, 153, 158, 152, 154, 160, 159, 154, 159, 153, 155, 161, 160, 155, 160, 154, 157, 163, 162, 157, 162, 156, 158, 164, 163, 158, 163, 157, 159, 165, 164, 159, 164, 158, 160, 166, 165, 160, 165, 159, 161, 167, 166, 161, 166, 160, 163, 169, 168, 163, 168, 162, 164, 170, 169, 164, 169, 163, 165, 171, 170, 165, 170, 164, 166, 172, 171, 166, 171, 165, 167, 173, 172, 167, 172, 166, 169, 175, 174, 169, 174, 168, 170, 176, 175, 170, 175, 169, 171, 177, 176, 171, 176, 170, 172, 178, 177, 172, 177, 171, 173, 179, 178, 173, 178, 172, 180, 186, 187, 180, 187, 181, 181, 187, 188, 181, 188, 182, 182, 188, 189, 182, 189, 183, 183, 189, 190, 183, 190, 184, 184, 190, 191, 184, 191, 185, 186, 192, 193, 186, 193, 187, 187, 193, 194, 187, 194, 188, 188, 194, 195, 188, 195, 189, 189, 195, 196, 189, 196, 190, 190, 196, 197, 190, 197, 191, 192, 198, 199, 192, 199, 193, 193, 199, 200, 193, 200, 194, 194, 200, 201, 194, 201, 195, 195, 201, 202, 195, 202, 196, 196, 202, 203, 196, 203, 197, 198, 204, 205, 198, 205, 199, 199, 205, 206, 199, 206, 200, 200, 206, 207, 200, 207, 201, 201, 207, 208, 201, 208, 202, 202, 208, 209, 202, 209, 203, 204, 210, 211, 204, 211, 205, 205, 211, 212, 205, 212, 206, 206, 212, 213, 206, 213, 207, 207, 213, 214, 207, 214, 208, 208, 214, 215, 208, 215, 209]
            normal3f[] normals = [(-0.7745967, -0.4472136, -0.4472136), (-0.7668657, -0.5195657, -0.376787), (-0.8114065, -0.584478, -0.002229915), (-0.8112421, -0.5847102, 0.0004617439), (-0.7900625, -0.5555967, 0.2590629), (-0.7071068, -0.5, 0.5), (-0.7668657, -0.376787, -0.5195657), (-0.8559572, -0.3656073, -0.3656073), (-0.8960932, -0.4438629, -0.001653043), (-0.9450829, -0.3268288, 0.001109204), (-0.8844941, -0.3299016, 0.3299016), (-0.7900625, -0.2590629, 0.5555967), (-0.8122054, -0.01399524, -0.5832036), (-0.8984826, -0.01061118, -0.4388808), (-0.9997767, -0.02088961, -0.003186952), (-0.9999833, -0.005704603, 0.0009136602), (-0.9440529, -0.007198359, 0.3297154), (-0.8112384, -0.003042335, 0.5847076), (-0.8112384, 0.003042335, -0.5847076), (-0.9440529, 0.007198359, -0.3297154), (-0.9999833, 0.005704603, -0.0009136602), (-0.9997767, 0.02088961, 0.003186952), (-0.8984826, 0.01061118, 0.4388808), (-0.8122054, 0.01399524, 0.5832036), (-0.7900625, 0.2590629, -0.5555967), (-0.8844941, 0.3299016, -0.3299016), (-0.9450829, 0.3268288, -0.001109204), (-0.8960932, 0.4438629, 0.001653043), (-0.8559572, 0.3656073, 0.3656073), (-0.7668657, 0.376787, 0.5195657), (-0.7071068, 0.5, -0.5), (-0.7900625, 0.5555967, -0.2590629), (-0.8112421, 0.5847102, -0.0004617439), (-0.8114065, 0.584478, 0.002229915), (-0.7668657, 0.5195657, 0.376787), (-0.7745967, 0.4472136, 0.4472136), (0.7071068, -0.5, -0.5), (0.7900625, -0.5555967, -0.2590629), (0.8112421, -0.5847102, -0.0004617439), (0.8114065, -0.584478, 0.002229915), (0.7668657, -0.5195657, 0.376787), (0.7745967, -0.4472136, 0.4472136), (0.7900625, -0.2590629, -0.5555967), (0.8844941, -0.3299016, -0.3299016), (0.9450829, -0.3268288, -0.001109204), (0.8960932, -0.4438629, 0.001653043), (0.8559572, -0.3656073, 0.3656073), (0.7668657, -0.376787, 0.5195657), (0.8112384, -0.003042335, -0.5847076), (0.9440529, -0.007198359, -0.3297154), (0.9999833, -0.005704603, -0.0009136602), (0.9997767, -0.02088961, 0.003186952), (0.8984826, -0.01061118, 0.4388808), (0.8122054, -0.01399524, 0.5832036), (0.8122054, 0.01399524, -0.5832036), (0.8984826, 0.01061118, -0.4388808), (0.9997767, 0.02088961, -0.003186952), (0.9999833, 0.005704603, 0.0009136602), (0.9440529, 0.007198359, 0.3297154), (0.8112384, 0.003042335, 0.5847076), (0.7668657, 0.376787, -0.5195657), (0.8559572, 0.3656073, -0.3656073), (0.8960932, 0.4438629, -0.001653043), (0.9450829, 0.3268288, 0.001109204), (0.8844941, 0.3299016, 0.3299016), (0.7900625, 0.2590629, 0.5555967), (0.7745967, 0.4472136, -0.4472136), (0.7668657, 0.5195657, -0.376787), (0.8114065, 0.584478, -0.002229915), (0.8112421, 0.5847102, 0.0004617439), (0.7900625, 0.5555967, 0.2590629), (0.7071068, 0.5, 0.5), (-0.4472136, -0.7745967, -0.4472136), (-0.376787, -0.7668657, -0.5195657), (-0.003405895, -0.8114915, -0.5843543), (0.0007086083, -0.811242, -0.5847101), (0.2590629, -0.7900625, -0.5555967), (0.5, -0.7071068, -0.5), (-0.5195657, -0.7668657, -0.376787), (-0.3656073, -0.8559572, -0.3656073), (-0.002530432, -0.8963316, -0.4433771), (0.001699742, -0.9449849, -0.3271094), (0.3299016, -0.8844941, -0.3299016), (0.5555967, -0.7900625, -0.2590629), (-0.584478, -0.8114065, -0.002229915), (-0.4438629, -0.8960932, -0.001653043), (-0.005150301, -0.9999811, -0.003357712), (0.001335191, -0.9999987, -0.0008746392), (0.3268288, -0.9450829, -0.001109204), (0.5847102, -0.8112421, -0.0004617439), (-0.5847102, -0.8112421, 0.0004617439), (-0.3268288, -0.9450829, 0.001109204), (-0.001335191, -0.9999987, 0.0008746392), (0.005150301, -0.9999811, 0.003357712), (0.4438629, -0.8960932, 0.001653043), (0.584478, -0.8114065, 0.002229915), (-0.5555967, -0.7900625, 0.2590629), (-0.3299016, -0.8844941, 0.3299016), (-0.001699742, -0.9449849, 0.3271094), (0.002530432, -0.8963316, 0.4433771), (0.3656073, -0.8559572, 0.3656073), (0.5195657, -0.7668657, 0.376787), (-0.5, -0.7071068, 0.5), (-0.2590629, -0.7900625, 0.5555967), (-0.0007086083, -0.811242, 0.5847101), (0.003405895, -0.8114915, 0.5843543), (0.376787, -0.7668657, 0.5195657), (0.4472136, -0.7745967, 0.4472136), (-0.5, 0.7071068, -0.5), (-0.2590629, 0.7900625, -0.5555967), (-0.0007086083, 0.811242, -0.5847101), (0.003405895, 0.8114915, -0.5843543), (0.376787, 0.7668657, -0.5195657), (0.4472136, 0.7745967, -0.4472136), (-0.5555967, 0.7900625, -0.2590629), (-0.3299016, 0.8844941, -0.3299016), (-0.001699742, 0.9449849, -0.3271094), (0.002530432, 0.8963316, -0.4433771), (0.3656073, 0.8559572, -0.3656073), (0.5195657, 0.7668657, -0.376787), (-0.5847102, 0.8112421, -0.0004617439), (-0.3268288, 0.9450829, -0.001109204), (-0.001335191, 0.9999987, -0.0008746392), (0.005150301, 0.9999811, -0.003357712), (0.4438629, 0.8960932, -0.001653043), (0.584478, 0.8114065, -0.002229915), (-0.584478, 0.8114065, 0.002229915), (-0.4438629, 0.8960932, 0.001653043), (-0.005150301, 0.9999811, 0.003357712), (0.001335191, 0.9999987, 0.0008746392), (0.3268288, 0.9450829, 0.001109204), (0.5847102, 0.8112421, 0.0004617439), (-0.5195657, 0.7668657, 0.376787), (-0.3656073, 0.8559572, 0.3656073), (-0.002530432, 0.8963316, 0.4433771), (0.001699742, 0.9449849, 0.3271094), (0.3299016, 0.8844941, 0.3299016), (0.5555967, 0.7900625, 0.2590629), (-0.4472136, 0.7745967, 0.4472136), (-0.376787, 0.7668657, 0.5195657), (-0.003405895, 0.8114915, 0.5843543), (0.0007086083, 0.811242, 0.5847101), (0.2590629, 0.7900625, 0.5555967), (0.5, 0.7071068, 0.5), (-0.4472136, -0.4472136, -0.7745967), (-0.5195657, -0.376787, -0.7668657), (-0.5832036, -0.01399524, -0.8122054), (-0.5847076, 0.003042335, -0.8112384), (-0.5555967, 0.2590629, -0.7900625), (-0.5, 0.5, -0.7071068), (-0.376787, -0.5195657, -0.7668657), (-0.3656073, -0.3656073, -0.8559572), (-0.4388808, -0.01061118, -0.8984826), (-0.3297154, 0.007198359, -0.9440529), (-0.3299016, 0.3299016, -0.8844941), (-0.2590629, 0.5555967, -0.7900625), (-0.003405895, -0.5843543, -0.8114915), (-0.002530432, -0.4433771, -0.8963316), (-0.004862692, -0.02077986, -0.9997722), (-0.001401263, 0.005731203, -0.9999826), (-0.001699742, 0.3271094, -0.9449849), (-0.0007086083, 0.5847101, -0.811242), (0.0007086083, -0.5847101, -0.811242), (0.001699742, -0.3271094, -0.9449849), (0.001401263, -0.005731203, -0.9999826), (0.004862692, 0.02077986, -0.9997722), (0.002530432, 0.4433771, -0.8963316), (0.003405895, 0.5843543, -0.8114915), (0.2590629, -0.5555967, -0.7900625), (0.3299016, -0.3299016, -0.8844941), (0.3297154, -0.007198359, -0.9440529), (0.4388808, 0.01061118, -0.8984826), (0.3656073, 0.3656073, -0.8559572), (0.376787, 0.5195657, -0.7668657), (0.5, -0.5, -0.7071068), (0.5555967, -0.2590629, -0.7900625), (0.5847076, -0.003042335, -0.8112384), (0.5832036, 0.01399524, -0.8122054), (0.5195657, 0.376787, -0.7668657), (0.4472136, 0.4472136, -0.7745967), (-0.5, -0.5, 0.7071068), (-0.5555967, -0.2590629, 0.7900625), (-0.5847076, -0.003042335, 0.8112384), (-0.5832036, 0.01399524, 0.8122054), (-0.5195657, 0.376787, 0.7668657), (-0.4472136, 0.4472136, 0.7745967), (-0.2590629, -0.5555967, 0.7900625), (-0.3299016, -0.3299016, 0.8844941), (-0.3297154, -0.007198359, 0.9440529), (-0.4388808, 0.01061118, 0.8984826), (-0.3656073, 0.3656073, 0.8559572), (-0.376787, 0.5195657, 0.7668657), (-0.0007086083, -0.5847101, 0.811242), (-0.001699742, -0.3271094, 0.9449849), (-0.001401263, -0.005731203, 0.9999826), (-0.004862692, 0.02077986, 0.9997722), (-0.002530432, 0.4433771, 0.8963316), (-0.003405895, 0.5843543, 0.8114915), (0.003405895, -0.5843543, 0.8114915), (0.002530432, -0.4433771, 0.8963316), (0.004862692, -0.02077986, 0.9997722), (0.001401263, 0.005731203, 0.9999826), (0.001699742, 0.3271094, 0.9449849), (0.0007086083, 0.5847101, 0.811242), (0.376787, -0.5195657, 0.7668657), (0.3656073, -0.3656073, 0.8559572), (0.4388808, -0.01061118, 0.8984826), (0.3297154, 0.007198359, 0.9440529), (0.3299016, 0.3299016, 0.8844941), (0.2590629, 0.5555967, 0.7900625), (0.4472136, -0.4472136, 0.7745967), (0.5195657, -0.376787, 0.7668657), (0.5832036, -0.01399524, 0.8122054), (0.5847076, 0.003042335, 0.8112384), (0.5555967, 0.2590629, 0.7900625), (0.5, 0.5, 0.7071068)] (interpolation = "vertex")
            float3[] extent = [(-0.0019875, -0.00024, 0.00395), (-0.0008625, 6e-05, 0.00565)]
            rel material:binding = </WorkbenchPart/Materials/silicon>
        }
        def Mesh "SMDEndTermination_03" (prepend apiSchemas = ["MaterialBindingAPI"])
        {
            uniform token subdivisionScheme = "none"
            uniform token orientation = "rightHanded"
            bool doubleSided = false
            point3f[] points = [(-0.001985517, -0.0002443923, 0.003940608), (-0.001987125, -0.000246, 0.003945), (-0.001987853, -0.0002467279, 0.003951), (-0.001987853, -0.0002467279, 0.005649), (-0.001987125, -0.000246, 0.005655), (-0.001985517, -0.0002443923, 0.005659392), (-0.001987125, -0.00024, 0.003939), (-0.001989822, -0.0002413485, 0.003943652), (-0.001991225, -0.0002420498, 0.003951), (-0.001991225, -0.0002420498, 0.005649), (-0.001989822, -0.0002413485, 0.005656348), (-0.001987125, -0.00024, 0.005661), (-0.001987853, -0.000234, 0.003938272), (-0.001991225, -0.000234, 0.00394295), (-0.001993125, -0.000234, 0.003951), (-0.001993125, -0.000234, 0.005649), (-0.001991225, -0.000234, 0.00565705), (-0.001987853, -0.000234, 0.005661728), (-0.001987853, 5.4e-05, 0.003938272), (-0.001991225, 5.4e-05, 0.00394295), (-0.001993125, 5.4e-05, 0.003951), (-0.001993125, 5.4e-05, 0.005649), (-0.001991225, 5.4e-05, 0.00565705), (-0.001987853, 5.4e-05, 0.005661728), (-0.001987125, 6e-05, 0.003939), (-0.001989822, 6.134847e-05, 0.003943652), (-0.001991225, 6.204984e-05, 0.003951), (-0.001991225, 6.204984e-05, 0.005649), (-0.001989822, 6.134847e-05, 0.005656348), (-0.001987125, 6e-05, 0.005661), (-0.001985517, 6.43923e-05, 0.003940608), (-0.001987125, 6.6e-05, 0.003945), (-0.001987853, 6.672792e-05, 0.003951), (-0.001987853, 6.672792e-05, 0.005649), (-0.001987125, 6.6e-05, 0.005655), (-0.001985517, 6.43923e-05, 0.005659392), (-0.001809483, -0.0002443923, 0.003940608), (-0.001807875, -0.000246, 0.003945), (-0.001807147, -0.0002467279, 0.003951), (-0.001807147, -0.0002467279, 0.005649), (-0.001807875, -0.000246, 0.005655), (-0.001809483, -0.0002443923, 0.005659392), (-0.001807875, -0.00024, 0.003939), (-0.001805178, -0.0002413485, 0.003943652), (-0.001803775, -0.0002420498, 0.003951), (-0.001803775, -0.0002420498, 0.005649), (-0.001805178, -0.0002413485, 0.005656348), (-0.001807875, -0.00024, 0.005661), (-0.001807147, -0.000234, 0.003938272), (-0.001803775, -0.000234, 0.00394295), (-0.001801875, -0.000234, 0.003951), (-0.001801875, -0.000234, 0.005649), (-0.001803775, -0.000234, 0.00565705), (-0.001807147, -0.000234, 0.005661728), (-0.001807147, 5.4e-05, 0.003938272), (-0.001803775, 5.4e-05, 0.00394295), (-0.001801875, 5.4e-05, 0.003951), (-0.001801875, 5.4e-05, 0.005649), (-0.001803775, 5.4e-05, 0.00565705), (-0.001807147, 5.4e-05, 0.005661728), (-0.001807875, 6e-05, 0.003939), (-0.001805178, 6.134847e-05, 0.003943652), (-0.001803775, 6.204984e-05, 0.003951), (-0.001803775, 6.204984e-05, 0.005649), (-0.001805178, 6.134847e-05, 0.005656348), (-0.001807875, 6e-05, 0.005661), (-0.001809483, 6.43923e-05, 0.003940608), (-0.001807875, 6.6e-05, 0.003945), (-0.001807147, 6.672792e-05, 0.003951), (-0.001807147, 6.672792e-05, 0.005649), (-0.001807875, 6.6e-05, 0.005655), (-0.001809483, 6.43923e-05, 0.005659392), (-0.001985517, -0.0002443923, 0.003940608), (-0.001981125, -0.000246, 0.003939), (-0.001975125, -0.0002467279, 0.003938272), (-0.001819875, -0.0002467279, 0.003938272), (-0.001813875, -0.000246, 0.003939), (-0.001809483, -0.0002443923, 0.003940608), (-0.001987125, -0.000246, 0.003945), (-0.001982473, -0.0002486969, 0.003943652), (-0.001975125, -0.0002500997, 0.00394295), (-0.001819875, -0.0002500997, 0.00394295), (-0.001812527, -0.0002486969, 0.003943652), (-0.001807875, -0.000246, 0.003945), (-0.001987853, -0.0002467279, 0.003951), (-0.001983175, -0.0002500997, 0.003951), (-0.001975125, -0.000252, 0.003951), (-0.001819875, -0.000252, 0.003951), (-0.001811825, -0.0002500997, 0.003951), (-0.001807147, -0.0002467279, 0.003951), (-0.001987853, -0.0002467279, 0.005649), (-0.001983175, -0.0002500997, 0.005649), (-0.001975125, -0.000252, 0.005649), (-0.001819875, -0.000252, 0.005649), (-0.001811825, -0.0002500997, 0.005649), (-0.001807147, -0.0002467279, 0.005649), (-0.001987125, -0.000246, 0.005655), (-0.001982473, -0.0002486969, 0.005656348), (-0.001975125, -0.0002500997, 0.00565705), (-0.001819875, -0.0002500997, 0.00565705), (-0.001812527, -0.0002486969, 0.005656348), (-0.001807875, -0.000246, 0.005655), (-0.001985517, -0.0002443923, 0.005659392), (-0.001981125, -0.000246, 0.005661), (-0.001975125, -0.0002467279, 0.005661728), (-0.001819875, -0.0002467279, 0.005661728), (-0.001813875, -0.000246, 0.005661), (-0.001809483, -0.0002443923, 0.005659392), (-0.001985517, 6.43923e-05, 0.003940608), (-0.001981125, 6.6e-05, 0.003939), (-0.001975125, 6.672792e-05, 0.003938272), (-0.001819875, 6.672792e-05, 0.003938272), (-0.001813875, 6.6e-05, 0.003939), (-0.001809483, 6.43923e-05, 0.003940608), (-0.001987125, 6.6e-05, 0.003945), (-0.001982473, 6.869694e-05, 0.003943652), (-0.001975125, 7.009969e-05, 0.00394295), (-0.001819875, 7.009969e-05, 0.00394295), (-0.001812527, 6.869694e-05, 0.003943652), (-0.001807875, 6.6e-05, 0.003945), (-0.001987853, 6.672792e-05, 0.003951), (-0.001983175, 7.009969e-05, 0.003951), (-0.001975125, 7.2e-05, 0.003951), (-0.001819875, 7.2e-05, 0.003951), (-0.001811825, 7.009969e-05, 0.003951), (-0.001807147, 6.672792e-05, 0.003951), (-0.001987853, 6.672792e-05, 0.005649), (-0.001983175, 7.009969e-05, 0.005649), (-0.001975125, 7.2e-05, 0.005649), (-0.001819875, 7.2e-05, 0.005649), (-0.001811825, 7.009969e-05, 0.005649), (-0.001807147, 6.672792e-05, 0.005649), (-0.001987125, 6.6e-05, 0.005655), (-0.001982473, 6.869694e-05, 0.005656348), (-0.001975125, 7.009969e-05, 0.00565705), (-0.001819875, 7.009969e-05, 0.00565705), (-0.001812527, 6.869694e-05, 0.005656348), (-0.001807875, 6.6e-05, 0.005655), (-0.001985517, 6.43923e-05, 0.005659392), (-0.001981125, 6.6e-05, 0.005661), (-0.001975125, 6.672792e-05, 0.005661728), (-0.001819875, 6.672792e-05, 0.005661728), (-0.001813875, 6.6e-05, 0.005661), (-0.001809483, 6.43923e-05, 0.005659392), (-0.001985517, -0.0002443923, 0.003940608), (-0.001987125, -0.00024, 0.003939), (-0.001987853, -0.000234, 0.003938272), (-0.001987853, 5.4e-05, 0.003938272), (-0.001987125, 6e-05, 0.003939), (-0.001985517, 6.43923e-05, 0.003940608), (-0.001981125, -0.000246, 0.003939), (-0.001982473, -0.0002413485, 0.003936303), (-0.001983175, -0.000234, 0.0039349), (-0.001983175, 5.4e-05, 0.0039349), (-0.001982473, 6.134847e-05, 0.003936303), (-0.001981125, 6.6e-05, 0.003939), (-0.001975125, -0.0002467279, 0.003938272), (-0.001975125, -0.0002420498, 0.0039349), (-0.001975125, -0.000234, 0.003933), (-0.001975125, 5.4e-05, 0.003933), (-0.001975125, 6.204984e-05, 0.0039349), (-0.001975125, 6.672792e-05, 0.003938272), (-0.001819875, -0.0002467279, 0.003938272), (-0.001819875, -0.0002420498, 0.0039349), (-0.001819875, -0.000234, 0.003933), (-0.001819875, 5.4e-05, 0.003933), (-0.001819875, 6.204984e-05, 0.0039349), (-0.001819875, 6.672792e-05, 0.003938272), (-0.001813875, -0.000246, 0.003939), (-0.001812527, -0.0002413485, 0.003936303), (-0.001811825, -0.000234, 0.0039349), (-0.001811825, 5.4e-05, 0.0039349), (-0.001812527, 6.134847e-05, 0.003936303), (-0.001813875, 6.6e-05, 0.003939), (-0.001809483, -0.0002443923, 0.003940608), (-0.001807875, -0.00024, 0.003939), (-0.001807147, -0.000234, 0.003938272), (-0.001807147, 5.4e-05, 0.003938272), (-0.001807875, 6e-05, 0.003939), (-0.001809483, 6.43923e-05, 0.003940608), (-0.001985517, -0.0002443923, 0.005659392), (-0.001987125, -0.00024, 0.005661), (-0.001987853, -0.000234, 0.005661728), (-0.001987853, 5.4e-05, 0.005661728), (-0.001987125, 6e-05, 0.005661), (-0.001985517, 6.43923e-05, 0.005659392), (-0.001981125, -0.000246, 0.005661), (-0.001982473, -0.0002413485, 0.005663697), (-0.001983175, -0.000234, 0.0056651), (-0.001983175, 5.4e-05, 0.0056651), (-0.001982473, 6.134847e-05, 0.005663697), (-0.001981125, 6.6e-05, 0.005661), (-0.001975125, -0.0002467279, 0.005661728), (-0.001975125, -0.0002420498, 0.0056651), (-0.001975125, -0.000234, 0.005667), (-0.001975125, 5.4e-05, 0.005667), (-0.001975125, 6.204984e-05, 0.0056651), (-0.001975125, 6.672792e-05, 0.005661728), (-0.001819875, -0.0002467279, 0.005661728), (-0.001819875, -0.0002420498, 0.0056651), (-0.001819875, -0.000234, 0.005667), (-0.001819875, 5.4e-05, 0.005667), (-0.001819875, 6.204984e-05, 0.0056651), (-0.001819875, 6.672792e-05, 0.005661728), (-0.001813875, -0.000246, 0.005661), (-0.001812527, -0.0002413485, 0.005663697), (-0.001811825, -0.000234, 0.0056651), (-0.001811825, 5.4e-05, 0.0056651), (-0.001812527, 6.134847e-05, 0.005663697), (-0.001813875, 6.6e-05, 0.005661), (-0.001809483, -0.0002443923, 0.005659392), (-0.001807875, -0.00024, 0.005661), (-0.001807147, -0.000234, 0.005661728), (-0.001807147, 5.4e-05, 0.005661728), (-0.001807875, 6e-05, 0.005661), (-0.001809483, 6.43923e-05, 0.005659392)]
            int[] faceVertexCounts = [3, 3, 3, 3, 3, 3, 3, 3, 3, 3, 3, 3, 3, 3, 3, 3, 3, 3, 3, 3, 3, 3, 3, 3, 3, 3, 3, 3, 3, 3, 3, 3, 3, 3, 3, 3, 3, 3, 3, 3, 3, 3, 3, 3, 3, 3, 3, 3, 3, 3, 3, 3, 3, 3, 3, 3, 3, 3, 3, 3, 3, 3, 3, 3, 3, 3, 3, 3, 3, 3, 3, 3, 3, 3, 3, 3, 3, 3, 3, 3, 3, 3, 3, 3, 3, 3, 3, 3, 3, 3, 3, 3, 3, 3, 3, 3, 3, 3, 3, 3, 3, 3, 3, 3, 3, 3, 3, 3, 3, 3, 3, 3, 3, 3, 3, 3, 3, 3, 3, 3, 3, 3, 3, 3, 3, 3, 3, 3, 3, 3, 3, 3, 3, 3, 3, 3, 3, 3, 3, 3, 3, 3, 3, 3, 3, 3, 3, 3, 3, 3, 3, 3, 3, 3, 3, 3, 3, 3, 3, 3, 3, 3, 3, 3, 3, 3, 3, 3, 3, 3, 3, 3, 3, 3, 3, 3, 3, 3, 3, 3, 3, 3, 3, 3, 3, 3, 3, 3, 3, 3, 3, 3, 3, 3, 3, 3, 3, 3, 3, 3, 3, 3, 3, 3, 3, 3, 3, 3, 3, 3, 3, 3, 3, 3, 3, 3, 3, 3, 3, 3, 3, 3, 3, 3, 3, 3, 3, 3, 3, 3, 3, 3, 3, 3, 3, 3, 3, 3, 3, 3, 3, 3, 3, 3, 3, 3, 3, 3, 3, 3, 3, 3, 3, 3, 3, 3, 3, 3, 3, 3, 3, 3, 3, 3, 3, 3, 3, 3, 3, 3, 3, 3, 3, 3, 3, 3, 3, 3, 3, 3, 3, 3, 3, 3, 3, 3, 3, 3, 3, 3, 3, 3, 3, 3, 3, 3, 3, 3, 3, 3]
            int[] faceVertexIndices = [1, 7, 6, 1, 6, 0, 2, 8, 7, 2, 7, 1, 3, 9, 8, 3, 8, 2, 4, 10, 9, 4, 9, 3, 5, 11, 10, 5, 10, 4, 7, 13, 12, 7, 12, 6, 8, 14, 13, 8, 13, 7, 9, 15, 14, 9, 14, 8, 10, 16, 15, 10, 15, 9, 11, 17, 16, 11, 16, 10, 13, 19, 18, 13, 18, 12, 14, 20, 19, 14, 19, 13, 15, 21, 20, 15, 20, 14, 16, 22, 21, 16, 21, 15, 17, 23, 22, 17, 22, 16, 19, 25, 24, 19, 24, 18, 20, 26, 25, 20, 25, 19, 21, 27, 26, 21, 26, 20, 22, 28, 27, 22, 27, 21, 23, 29, 28, 23, 28, 22, 25, 31, 30, 25, 30, 24, 26, 32, 31, 26, 31, 25, 27, 33, 32, 27, 32, 26, 28, 34, 33, 28, 33, 27, 29, 35, 34, 29, 34, 28, 36, 42, 43, 36, 43, 37, 37, 43, 44, 37, 44, 38, 38, 44, 45, 38, 45, 39, 39, 45, 46, 39, 46, 40, 40, 46, 47, 40, 47, 41, 42, 48, 49, 42, 49, 43, 43, 49, 50, 43, 50, 44, 44, 50, 51, 44, 51, 45, 45, 51, 52, 45, 52, 46, 46, 52, 53, 46, 53, 47, 48, 54, 55, 48, 55, 49, 49, 55, 56, 49, 56, 50, 50, 56, 57, 50, 57, 51, 51, 57, 58, 51, 58, 52, 52, 58, 59, 52, 59, 53, 54, 60, 61, 54, 61, 55, 55, 61, 62, 55, 62, 56, 56, 62, 63, 56, 63, 57, 57, 63, 64, 57, 64, 58, 58, 64, 65, 58, 65, 59, 60, 66, 67, 60, 67, 61, 61, 67, 68, 61, 68, 62, 62, 68, 69, 62, 69, 63, 63, 69, 70, 63, 70, 64, 64, 70, 71, 64, 71, 65, 73, 79, 78, 73, 78, 72, 74, 80, 79, 74, 79, 73, 75, 81, 80, 75, 80, 74, 76, 82, 81, 76, 81, 75, 77, 83, 82, 77, 82, 76, 79, 85, 84, 79, 84, 78, 80, 86, 85, 80, 85, 79, 81, 87, 86, 81, 86, 80, 82, 88, 87, 82, 87, 81, 83, 89, 88, 83, 88, 82, 85, 91, 90, 85, 90, 84, 86, 92, 91, 86, 91, 85, 87, 93, 92, 87, 92, 86, 88, 94, 93, 88, 93, 87, 89, 95, 94, 89, 94, 88, 91, 97, 96, 91, 96, 90, 92, 98, 97, 92, 97, 91, 93, 99, 98, 93, 98, 92, 94, 100, 99, 94, 99, 93, 95, 101, 100, 95, 100, 94, 97, 103, 102, 97, 102, 96, 98, 104, 103, 98, 103, 97, 99, 105, 104, 99, 104, 98, 100, 106, 105, 100, 105, 99, 101, 107, 106, 101, 106, 100, 108, 114, 115, 108, 115, 109, 109, 115, 116, 109, 116, 110, 110, 116, 117, 110, 117, 111, 111, 117, 118, 111, 118, 112, 112, 118, 119, 112, 119, 113, 114, 120, 121, 114, 121, 115, 115, 121, 122, 115, 122, 116, 116, 122, 123, 116, 123, 117, 117, 123, 124, 117, 124, 118, 118, 124, 125, 118, 125, 119, 120, 126, 127, 120, 127, 121, 121, 127, 128, 121, 128, 122, 122, 128, 129, 122, 129, 123, 123, 129, 130, 123, 130, 124, 124, 130, 131, 124, 131, 125, 126, 132, 133, 126, 133, 127, 127, 133, 134, 127, 134, 128, 128, 134, 135, 128, 135, 129, 129, 135, 136, 129, 136, 130, 130, 136, 137, 130, 137, 131, 132, 138, 139, 132, 139, 133, 133, 139, 140, 133, 140, 134, 134, 140, 141, 134, 141, 135, 135, 141, 142, 135, 142, 136, 136, 142, 143, 136, 143, 137, 145, 151, 150, 145, 150, 144, 146, 152, 151, 146, 151, 145, 147, 153, 152, 147, 152, 146, 148, 154, 153, 148, 153, 147, 149, 155, 154, 149, 154, 148, 151, 157, 156, 151, 156, 150, 152, 158, 157, 152, 157, 151, 153, 159, 158, 153, 158, 152, 154, 160, 159, 154, 159, 153, 155, 161, 160, 155, 160, 154, 157, 163, 162, 157, 162, 156, 158, 164, 163, 158, 163, 157, 159, 165, 164, 159, 164, 158, 160, 166, 165, 160, 165, 159, 161, 167, 166, 161, 166, 160, 163, 169, 168, 163, 168, 162, 164, 170, 169, 164, 169, 163, 165, 171, 170, 165, 170, 164, 166, 172, 171, 166, 171, 165, 167, 173, 172, 167, 172, 166, 169, 175, 174, 169, 174, 168, 170, 176, 175, 170, 175, 169, 171, 177, 176, 171, 176, 170, 172, 178, 177, 172, 177, 171, 173, 179, 178, 173, 178, 172, 180, 186, 187, 180, 187, 181, 181, 187, 188, 181, 188, 182, 182, 188, 189, 182, 189, 183, 183, 189, 190, 183, 190, 184, 184, 190, 191, 184, 191, 185, 186, 192, 193, 186, 193, 187, 187, 193, 194, 187, 194, 188, 188, 194, 195, 188, 195, 189, 189, 195, 196, 189, 196, 190, 190, 196, 197, 190, 197, 191, 192, 198, 199, 192, 199, 193, 193, 199, 200, 193, 200, 194, 194, 200, 201, 194, 201, 195, 195, 201, 202, 195, 202, 196, 196, 202, 203, 196, 203, 197, 198, 204, 205, 198, 205, 199, 199, 205, 206, 199, 206, 200, 200, 206, 207, 200, 207, 201, 201, 207, 208, 201, 208, 202, 202, 208, 209, 202, 209, 203, 204, 210, 211, 204, 211, 205, 205, 211, 212, 205, 212, 206, 206, 212, 213, 206, 213, 207, 207, 213, 214, 207, 214, 208, 208, 214, 215, 208, 215, 209]
            normal3f[] normals = [(-0.7745967, -0.4472136, -0.4472136), (-0.7668657, -0.5195657, -0.376787), (-0.8113493, -0.5845599, -0.001447023), (-0.8112421, -0.5847103, 0.0002986903), (-0.7900625, -0.5555967, 0.2590629), (-0.7071068, -0.5, 0.5), (-0.7668657, -0.376787, -0.5195657), (-0.8559572, -0.3656073, -0.3656073), (-0.8959345, -0.4441848, -0.001071095), (-0.9451475, -0.3266429, 0.0007182076), (-0.8844941, -0.3299016, 0.3299016), (-0.7900625, -0.2590629, 0.5555967), (-0.8118281, -0.008227935, -0.5838386), (-0.8973103, -0.00616946, -0.4413572), (-0.9999207, -0.01241355, -0.002129855), (-0.9999945, -0.003272431, 0.0005772504), (-0.9445719, -0.00416251, 0.3282781), (-0.8112409, -0.00174595, 0.5847094), (-0.8112409, 0.00174595, -0.5847094), (-0.9445719, 0.00416251, -0.3282781), (-0.9999945, 0.003272431, -0.0005772504), (-0.9999207, 0.01241355, 0.002129855), (-0.8973103, 0.00616946, 0.4413572), (-0.8118281, 0.008227935, 0.5838386), (-0.7900625, 0.2590629, -0.5555967), (-0.8844941, 0.3299016, -0.3299016), (-0.9451475, 0.3266429, -0.0007182076), (-0.8959345, 0.4441848, 0.001071095), (-0.8559572, 0.3656073, 0.3656073), (-0.7668657, 0.376787, 0.5195657), (-0.7071068, 0.5, -0.5), (-0.7900625, 0.5555967, -0.2590629), (-0.8112421, 0.5847103, -0.0002986903), (-0.8113493, 0.5845599, 0.001447023), (-0.7668657, 0.5195657, 0.376787), (-0.7745967, 0.4472136, 0.4472136), (0.7071068, -0.5, -0.5), (0.7900625, -0.5555967, -0.2590629), (0.8112421, -0.5847103, -0.0002986903), (0.8113493, -0.5845599, 0.001447023), (0.7668657, -0.5195657, 0.376787), (0.7745967, -0.4472136, 0.4472136), (0.7900625, -0.2590629, -0.5555967), (0.8844941, -0.3299016, -0.3299016), (0.9451475, -0.3266429, -0.0007182076), (0.8959345, -0.4441848, 0.001071095), (0.8559572, -0.3656073, 0.3656073), (0.7668657, -0.376787, 0.5195657), (0.8112409, -0.00174595, -0.5847094), (0.9445719, -0.00416251, -0.3282781), (0.9999945, -0.003272431, -0.0005772504), (0.9999207, -0.01241355, 0.002129855), (0.8973103, -0.00616946, 0.4413572), (0.8118281, -0.008227935, 0.5838386), (0.8118281, 0.008227935, -0.5838386), (0.8973103, 0.00616946, -0.4413572), (0.9999207, 0.01241355, -0.002129855), (0.9999945, 0.003272431, 0.0005772504), (0.9445719, 0.00416251, 0.3282781), (0.8112409, 0.00174595, 0.5847094), (0.7668657, 0.376787, -0.5195657), (0.8559572, 0.3656073, -0.3656073), (0.8959345, 0.4441848, -0.001071095), (0.9451475, 0.3266429, 0.0007182076), (0.8844941, 0.3299016, 0.3299016), (0.7900625, 0.2590629, 0.5555967), (0.7745967, 0.4472136, -0.4472136), (0.7668657, 0.5195657, -0.376787), (0.8113493, 0.5845599, -0.001447023), (0.8112421, 0.5847103, 0.0002986903), (0.7900625, 0.5555967, 0.2590629), (0.7071068, 0.5, 0.5), (-0.4472136, -0.7745967, -0.4472136), (-0.376787, -0.7668657, -0.5195657), (-0.01472345, -0.8122511, -0.583122), (0.003210551, -0.811238, -0.5847073), (0.2590629, -0.7900625, -0.5555967), (0.5, -0.7071068, -0.5), (-0.5195657, -0.7668657, -0.376787), (-0.3656073, -0.8559572, -0.3656073), (-0.01117909, -0.8986308, -0.4385633), (0.007588915, -0.9439854, -0.3299), (0.3299016, -0.8844941, -0.3299016), (0.5555967, -0.7900625, -0.2590629), (-0.5845599, -0.8113493, -0.001447023), (-0.4441848, -0.8959345, -0.001071095), (-0.02203344, -0.9997551, -0.002061882), (0.005999379, -0.9999818, -0.0005930792), (0.3266429, -0.9451475, -0.0007182076), (0.5847103, -0.8112421, -0.0002986903), (-0.5847103, -0.8112421, 0.0002986903), (-0.3266429, -0.9451475, 0.0007182076), (-0.005999379, -0.9999818, 0.0005930792), (0.02203344, -0.9997551, 0.002061882), (0.4441848, -0.8959345, 0.001071095), (0.5845599, -0.8113493, 0.001447023), (-0.5555967, -0.7900625, 0.2590629), (-0.3299016, -0.8844941, 0.3299016), (-0.007588915, -0.9439854, 0.3299), (0.01117909, -0.8986308, 0.4385633), (0.3656073, -0.8559572, 0.3656073), (0.5195657, -0.7668657, 0.376787), (-0.5, -0.7071068, 0.5), (-0.2590629, -0.7900625, 0.5555967), (-0.003210551, -0.811238, 0.5847073), (0.01472345, -0.8122511, 0.583122), (0.376787, -0.7668657, 0.5195657), (0.4472136, -0.7745967, 0.4472136), (-0.5, 0.7071068, -0.5), (-0.2590629, 0.7900625, -0.5555967), (-0.003210551, 0.811238, -0.5847073), (0.01472345, 0.8122511, -0.583122), (0.376787, 0.7668657, -0.5195657), (0.4472136, 0.7745967, -0.4472136), (-0.5555967, 0.7900625, -0.2590629), (-0.3299016, 0.8844941, -0.3299016), (-0.007588915, 0.9439854, -0.3299), (0.01117909, 0.8986308, -0.4385633), (0.3656073, 0.8559572, -0.3656073), (0.5195657, 0.7668657, -0.376787), (-0.5847103, 0.8112421, -0.0002986903), (-0.3266429, 0.9451475, -0.0007182076), (-0.005999379, 0.9999818, -0.0005930792), (0.02203344, 0.9997551, -0.002061882), (0.4441848, 0.8959345, -0.001071095), (0.5845599, 0.8113493, -0.001447023), (-0.5845599, 0.8113493, 0.001447023), (-0.4441848, 0.8959345, 0.001071095), (-0.02203344, 0.9997551, 0.002061882), (0.005999379, 0.9999818, 0.0005930792), (0.3266429, 0.9451475, 0.0007182076), (0.5847103, 0.8112421, 0.0002986903), (-0.5195657, 0.7668657, 0.376787), (-0.3656073, 0.8559572, 0.3656073), (-0.01117909, 0.8986308, 0.4385633), (0.007588915, 0.9439854, 0.3299), (0.3299016, 0.8844941, 0.3299016), (0.5555967, 0.7900625, 0.2590629), (-0.4472136, 0.7745967, 0.4472136), (-0.376787, 0.7668657, 0.5195657), (-0.01472345, 0.8122511, 0.583122), (0.003210551, 0.811238, 0.5847073), (0.2590629, 0.7900625, 0.5555967), (0.5, 0.7071068, 0.5), (-0.4472136, -0.4472136, -0.7745967), (-0.5195657, -0.376787, -0.7668657), (-0.5838386, -0.008227935, -0.8118281), (-0.5847094, 0.00174595, -0.8112409), (-0.5555967, 0.2590629, -0.7900625), (-0.5, 0.5, -0.7071068), (-0.376787, -0.5195657, -0.7668657), (-0.3656073, -0.3656073, -0.8559572), (-0.4413572, -0.00616946, -0.8973103), (-0.3282781, 0.00416251, -0.9445719), (-0.3299016, 0.3299016, -0.8844941), (-0.2590629, 0.5555967, -0.7900625), (-0.01472345, -0.583122, -0.8122511), (-0.01117909, -0.4385633, -0.8986308), (-0.02137321, -0.01165728, -0.9997036), (-0.006163267, 0.003454011, -0.999975), (-0.007588915, 0.3299, -0.9439854), (-0.003210551, 0.5847073, -0.811238), (0.003210551, -0.5847073, -0.811238), (0.007588915, -0.3299, -0.9439854), (0.006163267, -0.003454011, -0.999975), (0.02137321, 0.01165728, -0.9997036), (0.01117909, 0.4385633, -0.8986308), (0.01472345, 0.583122, -0.8122511), (0.2590629, -0.5555967, -0.7900625), (0.3299016, -0.3299016, -0.8844941), (0.3282781, -0.00416251, -0.9445719), (0.4413572, 0.00616946, -0.8973103), (0.3656073, 0.3656073, -0.8559572), (0.376787, 0.5195657, -0.7668657), (0.5, -0.5, -0.7071068), (0.5555967, -0.2590629, -0.7900625), (0.5847094, -0.00174595, -0.8112409), (0.5838386, 0.008227935, -0.8118281), (0.5195657, 0.376787, -0.7668657), (0.4472136, 0.4472136, -0.7745967), (-0.5, -0.5, 0.7071068), (-0.5555967, -0.2590629, 0.7900625), (-0.5847094, -0.00174595, 0.8112409), (-0.5838386, 0.008227935, 0.8118281), (-0.5195657, 0.376787, 0.7668657), (-0.4472136, 0.4472136, 0.7745967), (-0.2590629, -0.5555967, 0.7900625), (-0.3299016, -0.3299016, 0.8844941), (-0.3282781, -0.00416251, 0.9445719), (-0.4413572, 0.00616946, 0.8973103), (-0.3656073, 0.3656073, 0.8559572), (-0.376787, 0.5195657, 0.7668657), (-0.003210551, -0.5847073, 0.811238), (-0.007588915, -0.3299, 0.9439854), (-0.006163267, -0.003454011, 0.999975), (-0.02137321, 0.01165728, 0.9997036), (-0.01117909, 0.4385633, 0.8986308), (-0.01472345, 0.583122, 0.8122511), (0.01472345, -0.583122, 0.8122511), (0.01117909, -0.4385633, 0.8986308), (0.02137321, -0.01165728, 0.9997036), (0.006163267, 0.003454011, 0.999975), (0.007588915, 0.3299, 0.9439854), (0.003210551, 0.5847073, 0.811238), (0.376787, -0.5195657, 0.7668657), (0.3656073, -0.3656073, 0.8559572), (0.4413572, -0.00616946, 0.8973103), (0.3282781, 0.00416251, 0.9445719), (0.3299016, 0.3299016, 0.8844941), (0.2590629, 0.5555967, 0.7900625), (0.4472136, -0.4472136, 0.7745967), (0.5195657, -0.376787, 0.7668657), (0.5838386, -0.008227935, 0.8118281), (0.5847094, 0.00174595, 0.8112409), (0.5555967, 0.2590629, 0.7900625), (0.5, 0.5, 0.7071068)] (interpolation = "vertex")
            float3[] extent = [(-0.001993125, -0.000252, 0.003933), (-0.001801875, 7.2e-05, 0.005667)]
            rel material:binding = </WorkbenchPart/Materials/solder>
        }
        def Mesh "SMDEndTermination_04" (prepend apiSchemas = ["MaterialBindingAPI"])
        {
            uniform token subdivisionScheme = "none"
            uniform token orientation = "rightHanded"
            bool doubleSided = false
            point3f[] points = [(-0.001040517, -0.0002443923, 0.003940608), (-0.001042125, -0.000246, 0.003945), (-0.001042853, -0.0002467279, 0.003951), (-0.001042853, -0.0002467279, 0.005649), (-0.001042125, -0.000246, 0.005655), (-0.001040517, -0.0002443923, 0.005659392), (-0.001042125, -0.00024, 0.003939), (-0.001044822, -0.0002413485, 0.003943652), (-0.001046225, -0.0002420498, 0.003951), (-0.001046225, -0.0002420498, 0.005649), (-0.001044822, -0.0002413485, 0.005656348), (-0.001042125, -0.00024, 0.005661), (-0.001042853, -0.000234, 0.003938272), (-0.001046225, -0.000234, 0.00394295), (-0.001048125, -0.000234, 0.003951), (-0.001048125, -0.000234, 0.005649), (-0.001046225, -0.000234, 0.00565705), (-0.001042853, -0.000234, 0.005661728), (-0.001042853, 5.4e-05, 0.003938272), (-0.001046225, 5.4e-05, 0.00394295), (-0.001048125, 5.4e-05, 0.003951), (-0.001048125, 5.4e-05, 0.005649), (-0.001046225, 5.4e-05, 0.00565705), (-0.001042853, 5.4e-05, 0.005661728), (-0.001042125, 6e-05, 0.003939), (-0.001044822, 6.134847e-05, 0.003943652), (-0.001046225, 6.204984e-05, 0.003951), (-0.001046225, 6.204984e-05, 0.005649), (-0.001044822, 6.134847e-05, 0.005656348), (-0.001042125, 6e-05, 0.005661), (-0.001040517, 6.43923e-05, 0.003940608), (-0.001042125, 6.6e-05, 0.003945), (-0.001042853, 6.672792e-05, 0.003951), (-0.001042853, 6.672792e-05, 0.005649), (-0.001042125, 6.6e-05, 0.005655), (-0.001040517, 6.43923e-05, 0.005659392), (-0.0008644827, -0.0002443923, 0.003940608), (-0.000862875, -0.000246, 0.003945), (-0.0008621471, -0.0002467279, 0.003951), (-0.0008621471, -0.0002467279, 0.005649), (-0.000862875, -0.000246, 0.005655), (-0.0008644827, -0.0002443923, 0.005659392), (-0.000862875, -0.00024, 0.003939), (-0.0008601781, -0.0002413485, 0.003943652), (-0.0008587753, -0.0002420498, 0.003951), (-0.0008587753, -0.0002420498, 0.005649), (-0.0008601781, -0.0002413485, 0.005656348), (-0.000862875, -0.00024, 0.005661), (-0.0008621471, -0.000234, 0.003938272), (-0.0008587753, -0.000234, 0.00394295), (-0.000856875, -0.000234, 0.003951), (-0.000856875, -0.000234, 0.005649), (-0.0008587753, -0.000234, 0.00565705), (-0.0008621471, -0.000234, 0.005661728), (-0.0008621471, 5.4e-05, 0.003938272), (-0.0008587753, 5.4e-05, 0.00394295), (-0.000856875, 5.4e-05, 0.003951), (-0.000856875, 5.4e-05, 0.005649), (-0.0008587753, 5.4e-05, 0.00565705), (-0.0008621471, 5.4e-05, 0.005661728), (-0.000862875, 6e-05, 0.003939), (-0.0008601781, 6.134847e-05, 0.003943652), (-0.0008587753, 6.204984e-05, 0.003951), (-0.0008587753, 6.204984e-05, 0.005649), (-0.0008601781, 6.134847e-05, 0.005656348), (-0.000862875, 6e-05, 0.005661), (-0.0008644827, 6.43923e-05, 0.003940608), (-0.000862875, 6.6e-05, 0.003945), (-0.0008621471, 6.672792e-05, 0.003951), (-0.0008621471, 6.672792e-05, 0.005649), (-0.000862875, 6.6e-05, 0.005655), (-0.0008644827, 6.43923e-05, 0.005659392), (-0.001040517, -0.0002443923, 0.003940608), (-0.001036125, -0.000246, 0.003939), (-0.001030125, -0.0002467279, 0.003938272), (-0.000874875, -0.0002467279, 0.003938272), (-0.000868875, -0.000246, 0.003939), (-0.0008644827, -0.0002443923, 0.003940608), (-0.001042125, -0.000246, 0.003945), (-0.001037473, -0.0002486969, 0.003943652), (-0.001030125, -0.0002500997, 0.00394295), (-0.000874875, -0.0002500997, 0.00394295), (-0.0008675265, -0.0002486969, 0.003943652), (-0.000862875, -0.000246, 0.003945), (-0.001042853, -0.0002467279, 0.003951), (-0.001038175, -0.0002500997, 0.003951), (-0.001030125, -0.000252, 0.003951), (-0.000874875, -0.000252, 0.003951), (-0.0008668252, -0.0002500997, 0.003951), (-0.0008621471, -0.0002467279, 0.003951), (-0.001042853, -0.0002467279, 0.005649), (-0.001038175, -0.0002500997, 0.005649), (-0.001030125, -0.000252, 0.005649), (-0.000874875, -0.000252, 0.005649), (-0.0008668252, -0.0002500997, 0.005649), (-0.0008621471, -0.0002467279, 0.005649), (-0.001042125, -0.000246, 0.005655), (-0.001037473, -0.0002486969, 0.005656348), (-0.001030125, -0.0002500997, 0.00565705), (-0.000874875, -0.0002500997, 0.00565705), (-0.0008675265, -0.0002486969, 0.005656348), (-0.000862875, -0.000246, 0.005655), (-0.001040517, -0.0002443923, 0.005659392), (-0.001036125, -0.000246, 0.005661), (-0.001030125, -0.0002467279, 0.005661728), (-0.000874875, -0.0002467279, 0.005661728), (-0.000868875, -0.000246, 0.005661), (-0.0008644827, -0.0002443923, 0.005659392), (-0.001040517, 6.43923e-05, 0.003940608), (-0.001036125, 6.6e-05, 0.003939), (-0.001030125, 6.672792e-05, 0.003938272), (-0.000874875, 6.672792e-05, 0.003938272), (-0.000868875, 6.6e-05, 0.003939), (-0.0008644827, 6.43923e-05, 0.003940608), (-0.001042125, 6.6e-05, 0.003945), (-0.001037473, 6.869694e-05, 0.003943652), (-0.001030125, 7.009969e-05, 0.00394295), (-0.000874875, 7.009969e-05, 0.00394295), (-0.0008675265, 6.869694e-05, 0.003943652), (-0.000862875, 6.6e-05, 0.003945), (-0.001042853, 6.672792e-05, 0.003951), (-0.001038175, 7.009969e-05, 0.003951), (-0.001030125, 7.2e-05, 0.003951), (-0.000874875, 7.2e-05, 0.003951), (-0.0008668252, 7.009969e-05, 0.003951), (-0.0008621471, 6.672792e-05, 0.003951), (-0.001042853, 6.672792e-05, 0.005649), (-0.001038175, 7.009969e-05, 0.005649), (-0.001030125, 7.2e-05, 0.005649), (-0.000874875, 7.2e-05, 0.005649), (-0.0008668252, 7.009969e-05, 0.005649), (-0.0008621471, 6.672792e-05, 0.005649), (-0.001042125, 6.6e-05, 0.005655), (-0.001037473, 6.869694e-05, 0.005656348), (-0.001030125, 7.009969e-05, 0.00565705), (-0.000874875, 7.009969e-05, 0.00565705), (-0.0008675265, 6.869694e-05, 0.005656348), (-0.000862875, 6.6e-05, 0.005655), (-0.001040517, 6.43923e-05, 0.005659392), (-0.001036125, 6.6e-05, 0.005661), (-0.001030125, 6.672792e-05, 0.005661728), (-0.000874875, 6.672792e-05, 0.005661728), (-0.000868875, 6.6e-05, 0.005661), (-0.0008644827, 6.43923e-05, 0.005659392), (-0.001040517, -0.0002443923, 0.003940608), (-0.001042125, -0.00024, 0.003939), (-0.001042853, -0.000234, 0.003938272), (-0.001042853, 5.4e-05, 0.003938272), (-0.001042125, 6e-05, 0.003939), (-0.001040517, 6.43923e-05, 0.003940608), (-0.001036125, -0.000246, 0.003939), (-0.001037473, -0.0002413485, 0.003936303), (-0.001038175, -0.000234, 0.0039349), (-0.001038175, 5.4e-05, 0.0039349), (-0.001037473, 6.134847e-05, 0.003936303), (-0.001036125, 6.6e-05, 0.003939), (-0.001030125, -0.0002467279, 0.003938272), (-0.001030125, -0.0002420498, 0.0039349), (-0.001030125, -0.000234, 0.003933), (-0.001030125, 5.4e-05, 0.003933), (-0.001030125, 6.204984e-05, 0.0039349), (-0.001030125, 6.672792e-05, 0.003938272), (-0.000874875, -0.0002467279, 0.003938272), (-0.000874875, -0.0002420498, 0.0039349), (-0.000874875, -0.000234, 0.003933), (-0.000874875, 5.4e-05, 0.003933), (-0.000874875, 6.204984e-05, 0.0039349), (-0.000874875, 6.672792e-05, 0.003938272), (-0.000868875, -0.000246, 0.003939), (-0.0008675265, -0.0002413485, 0.003936303), (-0.0008668252, -0.000234, 0.0039349), (-0.0008668252, 5.4e-05, 0.0039349), (-0.0008675265, 6.134847e-05, 0.003936303), (-0.000868875, 6.6e-05, 0.003939), (-0.0008644827, -0.0002443923, 0.003940608), (-0.000862875, -0.00024, 0.003939), (-0.0008621471, -0.000234, 0.003938272), (-0.0008621471, 5.4e-05, 0.003938272), (-0.000862875, 6e-05, 0.003939), (-0.0008644827, 6.43923e-05, 0.003940608), (-0.001040517, -0.0002443923, 0.005659392), (-0.001042125, -0.00024, 0.005661), (-0.001042853, -0.000234, 0.005661728), (-0.001042853, 5.4e-05, 0.005661728), (-0.001042125, 6e-05, 0.005661), (-0.001040517, 6.43923e-05, 0.005659392), (-0.001036125, -0.000246, 0.005661), (-0.001037473, -0.0002413485, 0.005663697), (-0.001038175, -0.000234, 0.0056651), (-0.001038175, 5.4e-05, 0.0056651), (-0.001037473, 6.134847e-05, 0.005663697), (-0.001036125, 6.6e-05, 0.005661), (-0.001030125, -0.0002467279, 0.005661728), (-0.001030125, -0.0002420498, 0.0056651), (-0.001030125, -0.000234, 0.005667), (-0.001030125, 5.4e-05, 0.005667), (-0.001030125, 6.204984e-05, 0.0056651), (-0.001030125, 6.672792e-05, 0.005661728), (-0.000874875, -0.0002467279, 0.005661728), (-0.000874875, -0.0002420498, 0.0056651), (-0.000874875, -0.000234, 0.005667), (-0.000874875, 5.4e-05, 0.005667), (-0.000874875, 6.204984e-05, 0.0056651), (-0.000874875, 6.672792e-05, 0.005661728), (-0.000868875, -0.000246, 0.005661), (-0.0008675265, -0.0002413485, 0.005663697), (-0.0008668252, -0.000234, 0.0056651), (-0.0008668252, 5.4e-05, 0.0056651), (-0.0008675265, 6.134847e-05, 0.005663697), (-0.000868875, 6.6e-05, 0.005661), (-0.0008644827, -0.0002443923, 0.005659392), (-0.000862875, -0.00024, 0.005661), (-0.0008621471, -0.000234, 0.005661728), (-0.0008621471, 5.4e-05, 0.005661728), (-0.000862875, 6e-05, 0.005661), (-0.0008644827, 6.43923e-05, 0.005659392)]
            int[] faceVertexCounts = [3, 3, 3, 3, 3, 3, 3, 3, 3, 3, 3, 3, 3, 3, 3, 3, 3, 3, 3, 3, 3, 3, 3, 3, 3, 3, 3, 3, 3, 3, 3, 3, 3, 3, 3, 3, 3, 3, 3, 3, 3, 3, 3, 3, 3, 3, 3, 3, 3, 3, 3, 3, 3, 3, 3, 3, 3, 3, 3, 3, 3, 3, 3, 3, 3, 3, 3, 3, 3, 3, 3, 3, 3, 3, 3, 3, 3, 3, 3, 3, 3, 3, 3, 3, 3, 3, 3, 3, 3, 3, 3, 3, 3, 3, 3, 3, 3, 3, 3, 3, 3, 3, 3, 3, 3, 3, 3, 3, 3, 3, 3, 3, 3, 3, 3, 3, 3, 3, 3, 3, 3, 3, 3, 3, 3, 3, 3, 3, 3, 3, 3, 3, 3, 3, 3, 3, 3, 3, 3, 3, 3, 3, 3, 3, 3, 3, 3, 3, 3, 3, 3, 3, 3, 3, 3, 3, 3, 3, 3, 3, 3, 3, 3, 3, 3, 3, 3, 3, 3, 3, 3, 3, 3, 3, 3, 3, 3, 3, 3, 3, 3, 3, 3, 3, 3, 3, 3, 3, 3, 3, 3, 3, 3, 3, 3, 3, 3, 3, 3, 3, 3, 3, 3, 3, 3, 3, 3, 3, 3, 3, 3, 3, 3, 3, 3, 3, 3, 3, 3, 3, 3, 3, 3, 3, 3, 3, 3, 3, 3, 3, 3, 3, 3, 3, 3, 3, 3, 3, 3, 3, 3, 3, 3, 3, 3, 3, 3, 3, 3, 3, 3, 3, 3, 3, 3, 3, 3, 3, 3, 3, 3, 3, 3, 3, 3, 3, 3, 3, 3, 3, 3, 3, 3, 3, 3, 3, 3, 3, 3, 3, 3, 3, 3, 3, 3, 3, 3, 3, 3, 3, 3, 3, 3, 3, 3, 3, 3, 3, 3, 3]
            int[] faceVertexIndices = [1, 7, 6, 1, 6, 0, 2, 8, 7, 2, 7, 1, 3, 9, 8, 3, 8, 2, 4, 10, 9, 4, 9, 3, 5, 11, 10, 5, 10, 4, 7, 13, 12, 7, 12, 6, 8, 14, 13, 8, 13, 7, 9, 15, 14, 9, 14, 8, 10, 16, 15, 10, 15, 9, 11, 17, 16, 11, 16, 10, 13, 19, 18, 13, 18, 12, 14, 20, 19, 14, 19, 13, 15, 21, 20, 15, 20, 14, 16, 22, 21, 16, 21, 15, 17, 23, 22, 17, 22, 16, 19, 25, 24, 19, 24, 18, 20, 26, 25, 20, 25, 19, 21, 27, 26, 21, 26, 20, 22, 28, 27, 22, 27, 21, 23, 29, 28, 23, 28, 22, 25, 31, 30, 25, 30, 24, 26, 32, 31, 26, 31, 25, 27, 33, 32, 27, 32, 26, 28, 34, 33, 28, 33, 27, 29, 35, 34, 29, 34, 28, 36, 42, 43, 36, 43, 37, 37, 43, 44, 37, 44, 38, 38, 44, 45, 38, 45, 39, 39, 45, 46, 39, 46, 40, 40, 46, 47, 40, 47, 41, 42, 48, 49, 42, 49, 43, 43, 49, 50, 43, 50, 44, 44, 50, 51, 44, 51, 45, 45, 51, 52, 45, 52, 46, 46, 52, 53, 46, 53, 47, 48, 54, 55, 48, 55, 49, 49, 55, 56, 49, 56, 50, 50, 56, 57, 50, 57, 51, 51, 57, 58, 51, 58, 52, 52, 58, 59, 52, 59, 53, 54, 60, 61, 54, 61, 55, 55, 61, 62, 55, 62, 56, 56, 62, 63, 56, 63, 57, 57, 63, 64, 57, 64, 58, 58, 64, 65, 58, 65, 59, 60, 66, 67, 60, 67, 61, 61, 67, 68, 61, 68, 62, 62, 68, 69, 62, 69, 63, 63, 69, 70, 63, 70, 64, 64, 70, 71, 64, 71, 65, 73, 79, 78, 73, 78, 72, 74, 80, 79, 74, 79, 73, 75, 81, 80, 75, 80, 74, 76, 82, 81, 76, 81, 75, 77, 83, 82, 77, 82, 76, 79, 85, 84, 79, 84, 78, 80, 86, 85, 80, 85, 79, 81, 87, 86, 81, 86, 80, 82, 88, 87, 82, 87, 81, 83, 89, 88, 83, 88, 82, 85, 91, 90, 85, 90, 84, 86, 92, 91, 86, 91, 85, 87, 93, 92, 87, 92, 86, 88, 94, 93, 88, 93, 87, 89, 95, 94, 89, 94, 88, 91, 97, 96, 91, 96, 90, 92, 98, 97, 92, 97, 91, 93, 99, 98, 93, 98, 92, 94, 100, 99, 94, 99, 93, 95, 101, 100, 95, 100, 94, 97, 103, 102, 97, 102, 96, 98, 104, 103, 98, 103, 97, 99, 105, 104, 99, 104, 98, 100, 106, 105, 100, 105, 99, 101, 107, 106, 101, 106, 100, 108, 114, 115, 108, 115, 109, 109, 115, 116, 109, 116, 110, 110, 116, 117, 110, 117, 111, 111, 117, 118, 111, 118, 112, 112, 118, 119, 112, 119, 113, 114, 120, 121, 114, 121, 115, 115, 121, 122, 115, 122, 116, 116, 122, 123, 116, 123, 117, 117, 123, 124, 117, 124, 118, 118, 124, 125, 118, 125, 119, 120, 126, 127, 120, 127, 121, 121, 127, 128, 121, 128, 122, 122, 128, 129, 122, 129, 123, 123, 129, 130, 123, 130, 124, 124, 130, 131, 124, 131, 125, 126, 132, 133, 126, 133, 127, 127, 133, 134, 127, 134, 128, 128, 134, 135, 128, 135, 129, 129, 135, 136, 129, 136, 130, 130, 136, 137, 130, 137, 131, 132, 138, 139, 132, 139, 133, 133, 139, 140, 133, 140, 134, 134, 140, 141, 134, 141, 135, 135, 141, 142, 135, 142, 136, 136, 142, 143, 136, 143, 137, 145, 151, 150, 145, 150, 144, 146, 152, 151, 146, 151, 145, 147, 153, 152, 147, 152, 146, 148, 154, 153, 148, 153, 147, 149, 155, 154, 149, 154, 148, 151, 157, 156, 151, 156, 150, 152, 158, 157, 152, 157, 151, 153, 159, 158, 153, 158, 152, 154, 160, 159, 154, 159, 153, 155, 161, 160, 155, 160, 154, 157, 163, 162, 157, 162, 156, 158, 164, 163, 158, 163, 157, 159, 165, 164, 159, 164, 158, 160, 166, 165, 160, 165, 159, 161, 167, 166, 161, 166, 160, 163, 169, 168, 163, 168, 162, 164, 170, 169, 164, 169, 163, 165, 171, 170, 165, 170, 164, 166, 172, 171, 166, 171, 165, 167, 173, 172, 167, 172, 166, 169, 175, 174, 169, 174, 168, 170, 176, 175, 170, 175, 169, 171, 177, 176, 171, 176, 170, 172, 178, 177, 172, 177, 171, 173, 179, 178, 173, 178, 172, 180, 186, 187, 180, 187, 181, 181, 187, 188, 181, 188, 182, 182, 188, 189, 182, 189, 183, 183, 189, 190, 183, 190, 184, 184, 190, 191, 184, 191, 185, 186, 192, 193, 186, 193, 187, 187, 193, 194, 187, 194, 188, 188, 194, 195, 188, 195, 189, 189, 195, 196, 189, 196, 190, 190, 196, 197, 190, 197, 191, 192, 198, 199, 192, 199, 193, 193, 199, 200, 193, 200, 194, 194, 200, 201, 194, 201, 195, 195, 201, 202, 195, 202, 196, 196, 202, 203, 196, 203, 197, 198, 204, 205, 198, 205, 199, 199, 205, 206, 199, 206, 200, 200, 206, 207, 200, 207, 201, 201, 207, 208, 201, 208, 202, 202, 208, 209, 202, 209, 203, 204, 210, 211, 204, 211, 205, 205, 211, 212, 205, 212, 206, 206, 212, 213, 206, 213, 207, 207, 213, 214, 207, 214, 208, 208, 214, 215, 208, 215, 209]
            normal3f[] normals = [(-0.7745967, -0.4472136, -0.4472136), (-0.7668657, -0.5195657, -0.376787), (-0.8113493, -0.5845599, -0.001447023), (-0.8112421, -0.5847103, 0.0002986903), (-0.7900625, -0.5555967, 0.2590629), (-0.7071068, -0.5, 0.5), (-0.7668657, -0.376787, -0.5195657), (-0.8559572, -0.3656073, -0.3656073), (-0.8959345, -0.4441848, -0.001071095), (-0.9451475, -0.3266429, 0.0007182076), (-0.8844941, -0.3299016, 0.3299016), (-0.7900625, -0.2590629, 0.5555967), (-0.8118281, -0.008227935, -0.5838386), (-0.8973103, -0.00616946, -0.4413572), (-0.9999207, -0.01241355, -0.002129855), (-0.9999945, -0.003272431, 0.0005772504), (-0.9445719, -0.00416251, 0.3282781), (-0.8112409, -0.00174595, 0.5847094), (-0.8112409, 0.00174595, -0.5847094), (-0.9445719, 0.00416251, -0.3282781), (-0.9999945, 0.003272431, -0.0005772504), (-0.9999207, 0.01241355, 0.002129855), (-0.8973103, 0.00616946, 0.4413572), (-0.8118281, 0.008227935, 0.5838386), (-0.7900625, 0.2590629, -0.5555967), (-0.8844941, 0.3299016, -0.3299016), (-0.9451475, 0.3266429, -0.0007182076), (-0.8959345, 0.4441848, 0.001071095), (-0.8559572, 0.3656073, 0.3656073), (-0.7668657, 0.376787, 0.5195657), (-0.7071068, 0.5, -0.5), (-0.7900625, 0.5555967, -0.2590629), (-0.8112421, 0.5847103, -0.0002986903), (-0.8113493, 0.5845599, 0.001447023), (-0.7668657, 0.5195657, 0.376787), (-0.7745967, 0.4472136, 0.4472136), (0.7071068, -0.5, -0.5), (0.7900625, -0.5555967, -0.2590629), (0.8112421, -0.5847103, -0.0002986903), (0.8113493, -0.5845599, 0.001447023), (0.7668657, -0.5195657, 0.376787), (0.7745967, -0.4472136, 0.4472136), (0.7900625, -0.2590629, -0.5555967), (0.8844941, -0.3299016, -0.3299016), (0.9451475, -0.3266429, -0.0007182076), (0.8959345, -0.4441848, 0.001071095), (0.8559572, -0.3656073, 0.3656073), (0.7668657, -0.376787, 0.5195657), (0.8112409, -0.00174595, -0.5847094), (0.9445719, -0.00416251, -0.3282781), (0.9999945, -0.003272431, -0.0005772504), (0.9999207, -0.01241355, 0.002129855), (0.8973103, -0.00616946, 0.4413572), (0.8118281, -0.008227935, 0.5838386), (0.8118281, 0.008227935, -0.5838386), (0.8973103, 0.00616946, -0.4413572), (0.9999207, 0.01241355, -0.002129855), (0.9999945, 0.003272431, 0.0005772504), (0.9445719, 0.00416251, 0.3282781), (0.8112409, 0.00174595, 0.5847094), (0.7668657, 0.376787, -0.5195657), (0.8559572, 0.3656073, -0.3656073), (0.8959345, 0.4441848, -0.001071095), (0.9451475, 0.3266429, 0.0007182076), (0.8844941, 0.3299016, 0.3299016), (0.7900625, 0.2590629, 0.5555967), (0.7745967, 0.4472136, -0.4472136), (0.7668657, 0.5195657, -0.376787), (0.8113493, 0.5845599, -0.001447023), (0.8112421, 0.5847103, 0.0002986903), (0.7900625, 0.5555967, 0.2590629), (0.7071068, 0.5, 0.5), (-0.4472136, -0.7745967, -0.4472136), (-0.376787, -0.7668657, -0.5195657), (-0.01472345, -0.8122511, -0.583122), (0.003210551, -0.811238, -0.5847073), (0.2590629, -0.7900625, -0.5555967), (0.5, -0.7071068, -0.5), (-0.5195657, -0.7668657, -0.376787), (-0.3656073, -0.8559572, -0.3656073), (-0.01117909, -0.8986308, -0.4385633), (0.007588915, -0.9439854, -0.3299), (0.3299016, -0.8844941, -0.3299016), (0.5555967, -0.7900625, -0.2590629), (-0.5845599, -0.8113493, -0.001447023), (-0.4441848, -0.8959345, -0.001071095), (-0.02203344, -0.9997551, -0.002061882), (0.005999379, -0.9999818, -0.0005930792), (0.3266429, -0.9451475, -0.0007182076), (0.5847103, -0.8112421, -0.0002986903), (-0.5847103, -0.8112421, 0.0002986903), (-0.3266429, -0.9451475, 0.0007182076), (-0.005999379, -0.9999818, 0.0005930792), (0.02203344, -0.9997551, 0.002061882), (0.4441848, -0.8959345, 0.001071095), (0.5845599, -0.8113493, 0.001447023), (-0.5555967, -0.7900625, 0.2590629), (-0.3299016, -0.8844941, 0.3299016), (-0.007588915, -0.9439854, 0.3299), (0.01117909, -0.8986308, 0.4385633), (0.3656073, -0.8559572, 0.3656073), (0.5195657, -0.7668657, 0.376787), (-0.5, -0.7071068, 0.5), (-0.2590629, -0.7900625, 0.5555967), (-0.003210551, -0.811238, 0.5847073), (0.01472345, -0.8122511, 0.583122), (0.376787, -0.7668657, 0.5195657), (0.4472136, -0.7745967, 0.4472136), (-0.5, 0.7071068, -0.5), (-0.2590629, 0.7900625, -0.5555967), (-0.003210551, 0.811238, -0.5847073), (0.01472345, 0.8122511, -0.583122), (0.376787, 0.7668657, -0.5195657), (0.4472136, 0.7745967, -0.4472136), (-0.5555967, 0.7900625, -0.2590629), (-0.3299016, 0.8844941, -0.3299016), (-0.007588915, 0.9439854, -0.3299), (0.01117909, 0.8986308, -0.4385633), (0.3656073, 0.8559572, -0.3656073), (0.5195657, 0.7668657, -0.376787), (-0.5847103, 0.8112421, -0.0002986903), (-0.3266429, 0.9451475, -0.0007182076), (-0.005999379, 0.9999818, -0.0005930792), (0.02203344, 0.9997551, -0.002061882), (0.4441848, 0.8959345, -0.001071095), (0.5845599, 0.8113493, -0.001447023), (-0.5845599, 0.8113493, 0.001447023), (-0.4441848, 0.8959345, 0.001071095), (-0.02203344, 0.9997551, 0.002061882), (0.005999379, 0.9999818, 0.0005930792), (0.3266429, 0.9451475, 0.0007182076), (0.5847103, 0.8112421, 0.0002986903), (-0.5195657, 0.7668657, 0.376787), (-0.3656073, 0.8559572, 0.3656073), (-0.01117909, 0.8986308, 0.4385633), (0.007588915, 0.9439854, 0.3299), (0.3299016, 0.8844941, 0.3299016), (0.5555967, 0.7900625, 0.2590629), (-0.4472136, 0.7745967, 0.4472136), (-0.376787, 0.7668657, 0.5195657), (-0.01472345, 0.8122511, 0.583122), (0.003210551, 0.811238, 0.5847073), (0.2590629, 0.7900625, 0.5555967), (0.5, 0.7071068, 0.5), (-0.4472136, -0.4472136, -0.7745967), (-0.5195657, -0.376787, -0.7668657), (-0.5838386, -0.008227935, -0.8118281), (-0.5847094, 0.00174595, -0.8112409), (-0.5555967, 0.2590629, -0.7900625), (-0.5, 0.5, -0.7071068), (-0.376787, -0.5195657, -0.7668657), (-0.3656073, -0.3656073, -0.8559572), (-0.4413572, -0.00616946, -0.8973103), (-0.3282781, 0.00416251, -0.9445719), (-0.3299016, 0.3299016, -0.8844941), (-0.2590629, 0.5555967, -0.7900625), (-0.01472345, -0.583122, -0.8122511), (-0.01117909, -0.4385633, -0.8986308), (-0.02137321, -0.01165728, -0.9997036), (-0.006163267, 0.003454011, -0.999975), (-0.007588915, 0.3299, -0.9439854), (-0.003210551, 0.5847073, -0.811238), (0.003210551, -0.5847073, -0.811238), (0.007588915, -0.3299, -0.9439854), (0.006163267, -0.003454011, -0.999975), (0.02137321, 0.01165728, -0.9997036), (0.01117909, 0.4385633, -0.8986308), (0.01472345, 0.583122, -0.8122511), (0.2590629, -0.5555967, -0.7900625), (0.3299016, -0.3299016, -0.8844941), (0.3282781, -0.00416251, -0.9445719), (0.4413572, 0.00616946, -0.8973103), (0.3656073, 0.3656073, -0.8559572), (0.376787, 0.5195657, -0.7668657), (0.5, -0.5, -0.7071068), (0.5555967, -0.2590629, -0.7900625), (0.5847094, -0.00174595, -0.8112409), (0.5838386, 0.008227935, -0.8118281), (0.5195657, 0.376787, -0.7668657), (0.4472136, 0.4472136, -0.7745967), (-0.5, -0.5, 0.7071068), (-0.5555967, -0.2590629, 0.7900625), (-0.5847094, -0.00174595, 0.8112409), (-0.5838386, 0.008227935, 0.8118281), (-0.5195657, 0.376787, 0.7668657), (-0.4472136, 0.4472136, 0.7745967), (-0.2590629, -0.5555967, 0.7900625), (-0.3299016, -0.3299016, 0.8844941), (-0.3282781, -0.00416251, 0.9445719), (-0.4413572, 0.00616946, 0.8973103), (-0.3656073, 0.3656073, 0.8559572), (-0.376787, 0.5195657, 0.7668657), (-0.003210551, -0.5847073, 0.811238), (-0.007588915, -0.3299, 0.9439854), (-0.006163267, -0.003454011, 0.999975), (-0.02137321, 0.01165728, 0.9997036), (-0.01117909, 0.4385633, 0.8986308), (-0.01472345, 0.583122, 0.8122511), (0.01472345, -0.583122, 0.8122511), (0.01117909, -0.4385633, 0.8986308), (0.02137321, -0.01165728, 0.9997036), (0.006163267, 0.003454011, 0.999975), (0.007588915, 0.3299, 0.9439854), (0.003210551, 0.5847073, 0.811238), (0.376787, -0.5195657, 0.7668657), (0.3656073, -0.3656073, 0.8559572), (0.4413572, -0.00616946, 0.8973103), (0.3282781, 0.00416251, 0.9445719), (0.3299016, 0.3299016, 0.8844941), (0.2590629, 0.5555967, 0.7900625), (0.4472136, -0.4472136, 0.7745967), (0.5195657, -0.376787, 0.7668657), (0.5838386, -0.008227935, 0.8118281), (0.5847094, 0.00174595, 0.8112409), (0.5555967, 0.2590629, 0.7900625), (0.5, 0.5, 0.7071068)] (interpolation = "vertex")
            float3[] extent = [(-0.001048125, -0.000252, 0.003933), (-0.000856875, 7.2e-05, 0.005667)]
            rel material:binding = </WorkbenchPart/Materials/solder>
        }
        def Mesh "SignalPad_03" (prepend apiSchemas = ["MaterialBindingAPI"])
        {
            uniform token subdivisionScheme = "none"
            uniform token orientation = "rightHanded"
            bool doubleSided = false
            point3f[] points = [(0.0007277154, -0.0003217846, 0.008115215), (0.0007245, -0.000325, 0.008124), (0.0007230442, -0.0003264558, 0.008136), (0.0007230442, -0.0003264558, 0.009464), (0.0007245, -0.000325, 0.009476), (0.0007277154, -0.0003217846, 0.009484785), (0.0007245, -0.000313, 0.008112), (0.0007191061, -0.0003156969, 0.008121303), (0.0007163006, -0.0003170997, 0.008136), (0.0007163006, -0.0003170997, 0.009464), (0.0007191061, -0.0003156969, 0.009478697), (0.0007245, -0.000313, 0.009488), (0.0007230442, -0.000301, 0.008110544), (0.0007163006, -0.000301, 0.0081199), (0.0007125, -0.000301, 0.008136), (0.0007125, -0.000301, 0.009464), (0.0007163006, -0.000301, 0.0094801), (0.0007230442, -0.000301, 0.009489456), (0.0007230442, -0.000293, 0.008110544), (0.0007163006, -0.000293, 0.0081199), (0.0007125, -0.000293, 0.008136), (0.0007125, -0.000293, 0.009464), (0.0007163006, -0.000293, 0.0094801), (0.0007230442, -0.000293, 0.009489456), (0.0007245, -0.000281, 0.008112), (0.0007191061, -0.0002783031, 0.008121303), (0.0007163006, -0.0002769003, 0.008136), (0.0007163006, -0.0002769003, 0.009464), (0.0007191061, -0.0002783031, 0.009478697), (0.0007245, -0.000281, 0.009488), (0.0007277154, -0.0002722154, 0.008115215), (0.0007245, -0.000269, 0.008124), (0.0007230442, -0.0002675442, 0.008136), (0.0007230442, -0.0002675442, 0.009464), (0.0007245, -0.000269, 0.009476), (0.0007277154, -0.0002722154, 0.009484785), (0.002122285, -0.0003217846, 0.008115215), (0.0021255, -0.000325, 0.008124), (0.002126956, -0.0003264558, 0.008136), (0.002126956, -0.0003264558, 0.009464), (0.0021255, -0.000325, 0.009476), (0.002122285, -0.0003217846, 0.009484785), (0.0021255, -0.000313, 0.008112), (0.002130894, -0.0003156969, 0.008121303), (0.002133699, -0.0003170997, 0.008136), (0.002133699, -0.0003170997, 0.009464), (0.002130894, -0.0003156969, 0.009478697), (0.0021255, -0.000313, 0.009488), (0.002126956, -0.000301, 0.008110544), (0.002133699, -0.000301, 0.0081199), (0.0021375, -0.000301, 0.008136), (0.0021375, -0.000301, 0.009464), (0.002133699, -0.000301, 0.0094801), (0.002126956, -0.000301, 0.009489456), (0.002126956, -0.000293, 0.008110544), (0.002133699, -0.000293, 0.0081199), (0.0021375, -0.000293, 0.008136), (0.0021375, -0.000293, 0.009464), (0.002133699, -0.000293, 0.0094801), (0.002126956, -0.000293, 0.009489456), (0.0021255, -0.000281, 0.008112), (0.002130894, -0.0002783031, 0.008121303), (0.002133699, -0.0002769003, 0.008136), (0.002133699, -0.0002769003, 0.009464), (0.002130894, -0.0002783031, 0.009478697), (0.0021255, -0.000281, 0.009488), (0.002122285, -0.0002722154, 0.008115215), (0.0021255, -0.000269, 0.008124), (0.002126956, -0.0002675442, 0.008136), (0.002126956, -0.0002675442, 0.009464), (0.0021255, -0.000269, 0.009476), (0.002122285, -0.0002722154, 0.009484785), (0.0007277154, -0.0003217846, 0.008115215), (0.0007365, -0.000325, 0.008112), (0.0007485, -0.0003264558, 0.008110544), (0.0021015, -0.0003264558, 0.008110544), (0.0021135, -0.000325, 0.008112), (0.002122285, -0.0003217846, 0.008115215), (0.0007245, -0.000325, 0.008124), (0.0007338031, -0.0003303939, 0.008121303), (0.0007485, -0.0003331994, 0.0081199), (0.0021015, -0.0003331994, 0.0081199), (0.002116197, -0.0003303939, 0.008121303), (0.0021255, -0.000325, 0.008124), (0.0007230442, -0.0003264558, 0.008136), (0.0007324003, -0.0003331994, 0.008136), (0.0007485, -0.000337, 0.008136), (0.0021015, -0.000337, 0.008136), (0.0021176, -0.0003331994, 0.008136), (0.002126956, -0.0003264558, 0.008136), (0.0007230442, -0.0003264558, 0.009464), (0.0007324003, -0.0003331994, 0.009464), (0.0007485, -0.000337, 0.009464), (0.0021015, -0.000337, 0.009464), (0.0021176, -0.0003331994, 0.009464), (0.002126956, -0.0003264558, 0.009464), (0.0007245, -0.000325, 0.009476), (0.0007338031, -0.0003303939, 0.009478697), (0.0007485, -0.0003331994, 0.0094801), (0.0021015, -0.0003331994, 0.0094801), (0.002116197, -0.0003303939, 0.009478697), (0.0021255, -0.000325, 0.009476), (0.0007277154, -0.0003217846, 0.009484785), (0.0007365, -0.000325, 0.009488), (0.0007485, -0.0003264558, 0.009489456), (0.0021015, -0.0003264558, 0.009489456), (0.0021135, -0.000325, 0.009488), (0.002122285, -0.0003217846, 0.009484785), (0.0007277154, -0.0002722154, 0.008115215), (0.0007365, -0.000269, 0.008112), (0.0007485, -0.0002675442, 0.008110544), (0.0021015, -0.0002675442, 0.008110544), (0.0021135, -0.000269, 0.008112), (0.002122285, -0.0002722154, 0.008115215), (0.0007245, -0.000269, 0.008124), (0.0007338031, -0.0002636061, 0.008121303), (0.0007485, -0.0002608006, 0.0081199), (0.0021015, -0.0002608006, 0.0081199), (0.002116197, -0.0002636061, 0.008121303), (0.0021255, -0.000269, 0.008124), (0.0007230442, -0.0002675442, 0.008136), (0.0007324003, -0.0002608006, 0.008136), (0.0007485, -0.000257, 0.008136), (0.0021015, -0.000257, 0.008136), (0.0021176, -0.0002608006, 0.008136), (0.002126956, -0.0002675442, 0.008136), (0.0007230442, -0.0002675442, 0.009464), (0.0007324003, -0.0002608006, 0.009464), (0.0007485, -0.000257, 0.009464), (0.0021015, -0.000257, 0.009464), (0.0021176, -0.0002608006, 0.009464), (0.002126956, -0.0002675442, 0.009464), (0.0007245, -0.000269, 0.009476), (0.0007338031, -0.0002636061, 0.009478697), (0.0007485, -0.0002608006, 0.0094801), (0.0021015, -0.0002608006, 0.0094801), (0.002116197, -0.0002636061, 0.009478697), (0.0021255, -0.000269, 0.009476), (0.0007277154, -0.0002722154, 0.009484785), (0.0007365, -0.000269, 0.009488), (0.0007485, -0.0002675442, 0.009489456), (0.0021015, -0.0002675442, 0.009489456), (0.0021135, -0.000269, 0.009488), (0.002122285, -0.0002722154, 0.009484785), (0.0007277154, -0.0003217846, 0.008115215), (0.0007245, -0.000313, 0.008112), (0.0007230442, -0.000301, 0.008110544), (0.0007230442, -0.000293, 0.008110544), (0.0007245, -0.000281, 0.008112), (0.0007277154, -0.0002722154, 0.008115215), (0.0007365, -0.000325, 0.008112), (0.0007338031, -0.0003156969, 0.008106606), (0.0007324003, -0.000301, 0.008103801), (0.0007324003, -0.000293, 0.008103801), (0.0007338031, -0.0002783031, 0.008106606), (0.0007365, -0.000269, 0.008112), (0.0007485, -0.0003264558, 0.008110544), (0.0007485, -0.0003170997, 0.008103801), (0.0007485, -0.000301, 0.0081), (0.0007485, -0.000293, 0.0081), (0.0007485, -0.0002769003, 0.008103801), (0.0007485, -0.0002675442, 0.008110544), (0.0021015, -0.0003264558, 0.008110544), (0.0021015, -0.0003170997, 0.008103801), (0.0021015, -0.000301, 0.0081), (0.0021015, -0.000293, 0.0081), (0.0021015, -0.0002769003, 0.008103801), (0.0021015, -0.0002675442, 0.008110544), (0.0021135, -0.000325, 0.008112), (0.002116197, -0.0003156969, 0.008106606), (0.0021176, -0.000301, 0.008103801), (0.0021176, -0.000293, 0.008103801), (0.002116197, -0.0002783031, 0.008106606), (0.0021135, -0.000269, 0.008112), (0.002122285, -0.0003217846, 0.008115215), (0.0021255, -0.000313, 0.008112), (0.002126956, -0.000301, 0.008110544), (0.002126956, -0.000293, 0.008110544), (0.0021255, -0.000281, 0.008112), (0.002122285, -0.0002722154, 0.008115215), (0.0007277154, -0.0003217846, 0.009484785), (0.0007245, -0.000313, 0.009488), (0.0007230442, -0.000301, 0.009489456), (0.0007230442, -0.000293, 0.009489456), (0.0007245, -0.000281, 0.009488), (0.0007277154, -0.0002722154, 0.009484785), (0.0007365, -0.000325, 0.009488), (0.0007338031, -0.0003156969, 0.009493394), (0.0007324003, -0.000301, 0.009496199), (0.0007324003, -0.000293, 0.009496199), (0.0007338031, -0.0002783031, 0.009493394), (0.0007365, -0.000269, 0.009488), (0.0007485, -0.0003264558, 0.009489456), (0.0007485, -0.0003170997, 0.009496199), (0.0007485, -0.000301, 0.0095), (0.0007485, -0.000293, 0.0095), (0.0007485, -0.0002769003, 0.009496199), (0.0007485, -0.0002675442, 0.009489456), (0.0021015, -0.0003264558, 0.009489456), (0.0021015, -0.0003170997, 0.009496199), (0.0021015, -0.000301, 0.0095), (0.0021015, -0.000293, 0.0095), (0.0021015, -0.0002769003, 0.009496199), (0.0021015, -0.0002675442, 0.009489456), (0.0021135, -0.000325, 0.009488), (0.002116197, -0.0003156969, 0.009493394), (0.0021176, -0.000301, 0.009496199), (0.0021176, -0.000293, 0.009496199), (0.002116197, -0.0002783031, 0.009493394), (0.0021135, -0.000269, 0.009488), (0.002122285, -0.0003217846, 0.009484785), (0.0021255, -0.000313, 0.009488), (0.002126956, -0.000301, 0.009489456), (0.002126956, -0.000293, 0.009489456), (0.0021255, -0.000281, 0.009488), (0.002122285, -0.0002722154, 0.009484785)]
            int[] faceVertexCounts = [3, 3, 3, 3, 3, 3, 3, 3, 3, 3, 3, 3, 3, 3, 3, 3, 3, 3, 3, 3, 3, 3, 3, 3, 3, 3, 3, 3, 3, 3, 3, 3, 3, 3, 3, 3, 3, 3, 3, 3, 3, 3, 3, 3, 3, 3, 3, 3, 3, 3, 3, 3, 3, 3, 3, 3, 3, 3, 3, 3, 3, 3, 3, 3, 3, 3, 3, 3, 3, 3, 3, 3, 3, 3, 3, 3, 3, 3, 3, 3, 3, 3, 3, 3, 3, 3, 3, 3, 3, 3, 3, 3, 3, 3, 3, 3, 3, 3, 3, 3, 3, 3, 3, 3, 3, 3, 3, 3, 3, 3, 3, 3, 3, 3, 3, 3, 3, 3, 3, 3, 3, 3, 3, 3, 3, 3, 3, 3, 3, 3, 3, 3, 3, 3, 3, 3, 3, 3, 3, 3, 3, 3, 3, 3, 3, 3, 3, 3, 3, 3, 3, 3, 3, 3, 3, 3, 3, 3, 3, 3, 3, 3, 3, 3, 3, 3, 3, 3, 3, 3, 3, 3, 3, 3, 3, 3, 3, 3, 3, 3, 3, 3, 3, 3, 3, 3, 3, 3, 3, 3, 3, 3, 3, 3, 3, 3, 3, 3, 3, 3, 3, 3, 3, 3, 3, 3, 3, 3, 3, 3, 3, 3, 3, 3, 3, 3, 3, 3, 3, 3, 3, 3, 3, 3, 3, 3, 3, 3, 3, 3, 3, 3, 3, 3, 3, 3, 3, 3, 3, 3, 3, 3, 3, 3, 3, 3, 3, 3, 3, 3, 3, 3, 3, 3, 3, 3, 3, 3, 3, 3, 3, 3, 3, 3, 3, 3, 3, 3, 3, 3, 3, 3, 3, 3, 3, 3, 3, 3, 3, 3, 3, 3, 3, 3, 3, 3, 3, 3, 3, 3, 3, 3, 3, 3, 3, 3, 3, 3, 3, 3]
            int[] faceVertexIndices = [1, 7, 6, 1, 6, 0, 2, 8, 7, 2, 7, 1, 3, 9, 8, 3, 8, 2, 4, 10, 9, 4, 9, 3, 5, 11, 10, 5, 10, 4, 7, 13, 12, 7, 12, 6, 8, 14, 13, 8, 13, 7, 9, 15, 14, 9, 14, 8, 10, 16, 15, 10, 15, 9, 11, 17, 16, 11, 16, 10, 13, 19, 18, 13, 18, 12, 14, 20, 19, 14, 19, 13, 15, 21, 20, 15, 20, 14, 16, 22, 21, 16, 21, 15, 17, 23, 22, 17, 22, 16, 19, 25, 24, 19, 24, 18, 20, 26, 25, 20, 25, 19, 21, 27, 26, 21, 26, 20, 22, 28, 27, 22, 27, 21, 23, 29, 28, 23, 28, 22, 25, 31, 30, 25, 30, 24, 26, 32, 31, 26, 31, 25, 27, 33, 32, 27, 32, 26, 28, 34, 33, 28, 33, 27, 29, 35, 34, 29, 34, 28, 36, 42, 43, 36, 43, 37, 37, 43, 44, 37, 44, 38, 38, 44, 45, 38, 45, 39, 39, 45, 46, 39, 46, 40, 40, 46, 47, 40, 47, 41, 42, 48, 49, 42, 49, 43, 43, 49, 50, 43, 50, 44, 44, 50, 51, 44, 51, 45, 45, 51, 52, 45, 52, 46, 46, 52, 53, 46, 53, 47, 48, 54, 55, 48, 55, 49, 49, 55, 56, 49, 56, 50, 50, 56, 57, 50, 57, 51, 51, 57, 58, 51, 58, 52, 52, 58, 59, 52, 59, 53, 54, 60, 61, 54, 61, 55, 55, 61, 62, 55, 62, 56, 56, 62, 63, 56, 63, 57, 57, 63, 64, 57, 64, 58, 58, 64, 65, 58, 65, 59, 60, 66, 67, 60, 67, 61, 61, 67, 68, 61, 68, 62, 62, 68, 69, 62, 69, 63, 63, 69, 70, 63, 70, 64, 64, 70, 71, 64, 71, 65, 73, 79, 78, 73, 78, 72, 74, 80, 79, 74, 79, 73, 75, 81, 80, 75, 80, 74, 76, 82, 81, 76, 81, 75, 77, 83, 82, 77, 82, 76, 79, 85, 84, 79, 84, 78, 80, 86, 85, 80, 85, 79, 81, 87, 86, 81, 86, 80, 82, 88, 87, 82, 87, 81, 83, 89, 88, 83, 88, 82, 85, 91, 90, 85, 90, 84, 86, 92, 91, 86, 91, 85, 87, 93, 92, 87, 92, 86, 88, 94, 93, 88, 93, 87, 89, 95, 94, 89, 94, 88, 91, 97, 96, 91, 96, 90, 92, 98, 97, 92, 97, 91, 93, 99, 98, 93, 98, 92, 94, 100, 99, 94, 99, 93, 95, 101, 100, 95, 100, 94, 97, 103, 102, 97, 102, 96, 98, 104, 103, 98, 103, 97, 99, 105, 104, 99, 104, 98, 100, 106, 105, 100, 105, 99, 101, 107, 106, 101, 106, 100, 108, 114, 115, 108, 115, 109, 109, 115, 116, 109, 116, 110, 110, 116, 117, 110, 117, 111, 111, 117, 118, 111, 118, 112, 112, 118, 119, 112, 119, 113, 114, 120, 121, 114, 121, 115, 115, 121, 122, 115, 122, 116, 116, 122, 123, 116, 123, 117, 117, 123, 124, 117, 124, 118, 118, 124, 125, 118, 125, 119, 120, 126, 127, 120, 127, 121, 121, 127, 128, 121, 128, 122, 122, 128, 129, 122, 129, 123, 123, 129, 130, 123, 130, 124, 124, 130, 131, 124, 131, 125, 126, 132, 133, 126, 133, 127, 127, 133, 134, 127, 134, 128, 128, 134, 135, 128, 135, 129, 129, 135, 136, 129, 136, 130, 130, 136, 137, 130, 137, 131, 132, 138, 139, 132, 139, 133, 133, 139, 140, 133, 140, 134, 134, 140, 141, 134, 141, 135, 135, 141, 142, 135, 142, 136, 136, 142, 143, 136, 143, 137, 145, 151, 150, 145, 150, 144, 146, 152, 151, 146, 151, 145, 147, 153, 152, 147, 152, 146, 148, 154, 153, 148, 153, 147, 149, 155, 154, 149, 154, 148, 151, 157, 156, 151, 156, 150, 152, 158, 157, 152, 157, 151, 153, 159, 158, 153, 158, 152, 154, 160, 159, 154, 159, 153, 155, 161, 160, 155, 160, 154, 157, 163, 162, 157, 162, 156, 158, 164, 163, 158, 163, 157, 159, 165, 164, 159, 164, 158, 160, 166, 165, 160, 165, 159, 161, 167, 166, 161, 166, 160, 163, 169, 168, 163, 168, 162, 164, 170, 169, 164, 169, 163, 165, 171, 170, 165, 170, 164, 166, 172, 171, 166, 171, 165, 167, 173, 172, 167, 172, 166, 169, 175, 174, 169, 174, 168, 170, 176, 175, 170, 175, 169, 171, 177, 176, 171, 176, 170, 172, 178, 177, 172, 177, 171, 173, 179, 178, 173, 178, 172, 180, 186, 187, 180, 187, 181, 181, 187, 188, 181, 188, 182, 182, 188, 189, 182, 189, 183, 183, 189, 190, 183, 190, 184, 184, 190, 191, 184, 191, 185, 186, 192, 193, 186, 193, 187, 187, 193, 194, 187, 194, 188, 188, 194, 195, 188, 195, 189, 189, 195, 196, 189, 196, 190, 190, 196, 197, 190, 197, 191, 192, 198, 199, 192, 199, 193, 193, 199, 200, 193, 200, 194, 194, 200, 201, 194, 201, 195, 195, 201, 202, 195, 202, 196, 196, 202, 203, 196, 203, 197, 198, 204, 205, 198, 205, 199, 199, 205, 206, 199, 206, 200, 200, 206, 207, 200, 207, 201, 201, 207, 208, 201, 208, 202, 202, 208, 209, 202, 209, 203, 204, 210, 211, 204, 211, 205, 205, 211, 212, 205, 212, 206, 206, 212, 213, 206, 213, 207, 207, 213, 214, 207, 214, 208, 208, 214, 215, 208, 215, 209]
            normal3f[] normals = [(-0.7745967, -0.4472136, -0.4472136), (-0.7668657, -0.5195657, -0.376787), (-0.8115095, -0.5843278, -0.003657481), (-0.8112419, -0.5847101, 0.0007617274), (-0.7900625, -0.5555967, 0.2590629), (-0.7071068, -0.5, 0.5), (-0.7668657, -0.376787, -0.5195657), (-0.8559572, -0.3656073, -0.3656073), (-0.8963826, -0.4432728, -0.002718647), (-0.9449638, -0.3271697, 0.001826586), (-0.8844941, -0.3299016, 0.3299016), (-0.7900625, -0.2590629, 0.5555967), (-0.8133397, -0.145112, -0.5634014), (-0.9225416, -0.1473858, -0.3566433), (-0.9827073, -0.1851527, -0.002224222), (-0.9929642, -0.1183732, 0.00314129), (-0.916641, -0.1211306, 0.3809156), (-0.8091137, -0.07239132, 0.5831762), (-0.8091137, 0.07239132, -0.5831762), (-0.916641, 0.1211306, -0.3809156), (-0.9929642, 0.1183732, -0.00314129), (-0.9827073, 0.1851527, 0.002224222), (-0.9225416, 0.1473858, 0.3566433), (-0.8133397, 0.145112, 0.5634014), (-0.7900625, 0.2590629, -0.5555967), (-0.8844941, 0.3299016, -0.3299016), (-0.9449638, 0.3271697, -0.001826586), (-0.8963826, 0.4432728, 0.002718647), (-0.8559572, 0.3656073, 0.3656073), (-0.7668657, 0.376787, 0.5195657), (-0.7071068, 0.5, -0.5), (-0.7900625, 0.5555967, -0.2590629), (-0.8112419, 0.5847101, -0.0007617274), (-0.8115095, 0.5843278, 0.003657481), (-0.7668657, 0.5195657, 0.376787), (-0.7745967, 0.4472136, 0.4472136), (0.7071068, -0.5, -0.5), (0.7900625, -0.5555967, -0.2590629), (0.8112419, -0.5847101, -0.0007617274), (0.8115095, -0.5843278, 0.003657481), (0.7668657, -0.5195657, 0.376787), (0.7745967, -0.4472136, 0.4472136), (0.7900625, -0.2590629, -0.5555967), (0.8844941, -0.3299016, -0.3299016), (0.9449638, -0.3271697, -0.001826586), (0.8963826, -0.4432728, 0.002718647), (0.8559572, -0.3656073, 0.3656073), (0.7668657, -0.376787, 0.5195657), (0.8091137, -0.07239132, -0.5831762), (0.916641, -0.1211306, -0.3809156), (0.9929642, -0.1183732, -0.00314129), (0.9827073, -0.1851527, 0.002224222), (0.9225416, -0.1473858, 0.3566433), (0.8133397, -0.145112, 0.5634014), (0.8133397, 0.145112, -0.5634014), (0.9225416, 0.1473858, -0.3566433), (0.9827073, 0.1851527, -0.002224222), (0.9929642, 0.1183732, 0.00314129), (0.916641, 0.1211306, 0.3809156), (0.8091137, 0.07239132, 0.5831762), (0.7668657, 0.376787, -0.5195657), (0.8559572, 0.3656073, -0.3656073), (0.8963826, 0.4432728, -0.002718647), (0.9449638, 0.3271697, 0.001826586), (0.8844941, 0.3299016, 0.3299016), (0.7900625, 0.2590629, 0.5555967), (0.7745967, 0.4472136, -0.4472136), (0.7668657, 0.5195657, -0.376787), (0.8115095, 0.5843278, -0.003657481), (0.8112419, 0.5847101, 0.0007617274), (0.7900625, 0.5555967, 0.2590629), (0.7071068, 0.5, 0.5), (-0.4472136, -0.7745967, -0.4472136), (-0.376787, -0.7668657, -0.5195657), (-0.003591163, -0.8115048, -0.5843348), (0.0007477147, -0.811242, -0.5847101), (0.2590629, -0.7900625, -0.5555967), (0.5, -0.7071068, -0.5), (-0.5195657, -0.7668657, -0.376787), (-0.3656073, -0.8559572, -0.3656073), (-0.002669017, -0.8963692, -0.4433003), (0.001793132, -0.9449694, -0.3271538), (0.3299016, -0.8844941, -0.3299016), (0.5555967, -0.7900625, -0.2590629), (-0.5843278, -0.8115095, -0.003657481), (-0.4432728, -0.8963826, -0.002718647), (-0.00539211, -0.9999704, -0.005493007), (0.001416904, -0.999998, -0.001443028), (0.3271697, -0.9449638, -0.001826586), (0.5847101, -0.8112419, -0.0007617274), (-0.5847101, -0.8112419, 0.0007617274), (-0.3271697, -0.9449638, 0.001826586), (-0.001416904, -0.999998, 0.001443028), (0.00539211, -0.9999704, 0.005493007), (0.4432728, -0.8963826, 0.002718647), (0.5843278, -0.8115095, 0.003657481), (-0.5555967, -0.7900625, 0.2590629), (-0.3299016, -0.8844941, 0.3299016), (-0.001793132, -0.9449694, 0.3271538), (0.002669017, -0.8963692, 0.4433003), (0.3656073, -0.8559572, 0.3656073), (0.5195657, -0.7668657, 0.376787), (-0.5, -0.7071068, 0.5), (-0.2590629, -0.7900625, 0.5555967), (-0.0007477147, -0.811242, 0.5847101), (0.003591163, -0.8115048, 0.5843348), (0.376787, -0.7668657, 0.5195657), (0.4472136, -0.7745967, 0.4472136), (-0.5, 0.7071068, -0.5), (-0.2590629, 0.7900625, -0.5555967), (-0.0007477147, 0.811242, -0.5847101), (0.003591163, 0.8115048, -0.5843348), (0.376787, 0.7668657, -0.5195657), (0.4472136, 0.7745967, -0.4472136), (-0.5555967, 0.7900625, -0.2590629), (-0.3299016, 0.8844941, -0.3299016), (-0.001793132, 0.9449694, -0.3271538), (0.002669017, 0.8963692, -0.4433003), (0.3656073, 0.8559572, -0.3656073), (0.5195657, 0.7668657, -0.376787), (-0.5847101, 0.8112419, -0.0007617274), (-0.3271697, 0.9449638, -0.001826586), (-0.001416904, 0.999998, -0.001443028), (0.00539211, 0.9999704, -0.005493007), (0.4432728, 0.8963826, -0.002718647), (0.5843278, 0.8115095, -0.003657481), (-0.5843278, 0.8115095, 0.003657481), (-0.4432728, 0.8963826, 0.002718647), (-0.00539211, 0.9999704, 0.005493007), (0.001416904, 0.999998, 0.001443028), (0.3271697, 0.9449638, 0.001826586), (0.5847101, 0.8112419, 0.0007617274), (-0.5195657, 0.7668657, 0.376787), (-0.3656073, 0.8559572, 0.3656073), (-0.002669017, 0.8963692, 0.4433003), (0.001793132, 0.9449694, 0.3271538), (0.3299016, 0.8844941, 0.3299016), (0.5555967, 0.7900625, 0.2590629), (-0.4472136, 0.7745967, 0.4472136), (-0.376787, 0.7668657, 0.5195657), (-0.003591163, 0.8115048, 0.5843348), (0.0007477147, 0.811242, 0.5847101), (0.2590629, 0.7900625, 0.5555967), (0.5, 0.7071068, 0.5), (-0.4472136, -0.4472136, -0.7745967), (-0.5195657, -0.376787, -0.7668657), (-0.5634014, -0.145112, -0.8133397), (-0.5831762, 0.07239132, -0.8091137), (-0.5555967, 0.2590629, -0.7900625), (-0.5, 0.5, -0.7071068), (-0.376787, -0.5195657, -0.7668657), (-0.3656073, -0.3656073, -0.8559572), (-0.3566433, -0.1473858, -0.9225416), (-0.3809156, 0.1211306, -0.916641), (-0.3299016, 0.3299016, -0.8844941), (-0.2590629, 0.5555967, -0.7900625), (-0.003591163, -0.5843348, -0.8115048), (-0.002669017, -0.4433003, -0.8963692), (-0.002183506, -0.1851645, -0.9827051), (-0.003084046, 0.1183587, -0.9929661), (-0.001793132, 0.3271538, -0.9449694), (-0.0007477147, 0.5847101, -0.811242), (0.0007477147, -0.5847101, -0.811242), (0.001793132, -0.3271538, -0.9449694), (0.003084046, -0.1183587, -0.9929661), (0.002183506, 0.1851645, -0.9827051), (0.002669017, 0.4433003, -0.8963692), (0.003591163, 0.5843348, -0.8115048), (0.2590629, -0.5555967, -0.7900625), (0.3299016, -0.3299016, -0.8844941), (0.3809156, -0.1211306, -0.916641), (0.3566433, 0.1473858, -0.9225416), (0.3656073, 0.3656073, -0.8559572), (0.376787, 0.5195657, -0.7668657), (0.5, -0.5, -0.7071068), (0.5555967, -0.2590629, -0.7900625), (0.5831762, -0.07239132, -0.8091137), (0.5634014, 0.145112, -0.8133397), (0.5195657, 0.376787, -0.7668657), (0.4472136, 0.4472136, -0.7745967), (-0.5, -0.5, 0.7071068), (-0.5555967, -0.2590629, 0.7900625), (-0.5831762, -0.07239132, 0.8091137), (-0.5634014, 0.145112, 0.8133397), (-0.5195657, 0.376787, 0.7668657), (-0.4472136, 0.4472136, 0.7745967), (-0.2590629, -0.5555967, 0.7900625), (-0.3299016, -0.3299016, 0.8844941), (-0.3809156, -0.1211306, 0.916641), (-0.3566433, 0.1473858, 0.9225416), (-0.3656073, 0.3656073, 0.8559572), (-0.376787, 0.5195657, 0.7668657), (-0.0007477147, -0.5847101, 0.811242), (-0.001793132, -0.3271538, 0.9449694), (-0.003084046, -0.1183587, 0.9929661), (-0.002183506, 0.1851645, 0.9827051), (-0.002669017, 0.4433003, 0.8963692), (-0.003591163, 0.5843348, 0.8115048), (0.003591163, -0.5843348, 0.8115048), (0.002669017, -0.4433003, 0.8963692), (0.002183506, -0.1851645, 0.9827051), (0.003084046, 0.1183587, 0.9929661), (0.001793132, 0.3271538, 0.9449694), (0.0007477147, 0.5847101, 0.811242), (0.376787, -0.5195657, 0.7668657), (0.3656073, -0.3656073, 0.8559572), (0.3566433, -0.1473858, 0.9225416), (0.3809156, 0.1211306, 0.916641), (0.3299016, 0.3299016, 0.8844941), (0.2590629, 0.5555967, 0.7900625), (0.4472136, -0.4472136, 0.7745967), (0.5195657, -0.376787, 0.7668657), (0.5634014, -0.145112, 0.8133397), (0.5831762, 0.07239132, 0.8091137), (0.5555967, 0.2590629, 0.7900625), (0.5, 0.5, 0.7071068)] (interpolation = "vertex")
            float3[] extent = [(0.0007125, -0.000337, 0.0081), (0.0021375, -0.000257, 0.0095)]
            rel material:binding = </WorkbenchPart/Materials/gold>
        }
        def Mesh "SMDComponent_03" (prepend apiSchemas = ["MaterialBindingAPI"])
        {
            uniform token subdivisionScheme = "none"
            uniform token orientation = "rightHanded"
            bool doubleSided = false
            point3f[] points = [(0.0008739115, -0.0002285885, 0.003961412), (0.0008715, -0.000231, 0.003968), (0.0008704081, -0.0002320919, 0.003977), (0.0008704081, -0.0002320919, 0.005623), (0.0008715, -0.000231, 0.005632), (0.0008739115, -0.0002285885, 0.005638588), (0.0008715, -0.000222, 0.003959), (0.0008674546, -0.0002240227, 0.003965977), (0.0008653505, -0.0002250748, 0.003977), (0.0008653505, -0.0002250748, 0.005623), (0.0008674546, -0.0002240227, 0.005634023), (0.0008715, -0.000222, 0.005641), (0.0008704081, -0.000213, 0.003957908), (0.0008653505, -0.000213, 0.003964925), (0.0008625, -0.000213, 0.003977), (0.0008625, -0.000213, 0.005623), (0.0008653505, -0.000213, 0.005635075), (0.0008704081, -0.000213, 0.005642092), (0.0008704081, 3.3e-05, 0.003957908), (0.0008653505, 3.3e-05, 0.003964925), (0.0008625, 3.3e-05, 0.003977), (0.0008625, 3.3e-05, 0.005623), (0.0008653505, 3.3e-05, 0.005635075), (0.0008704081, 3.3e-05, 0.005642092), (0.0008715, 4.2e-05, 0.003959), (0.0008674546, 4.40227e-05, 0.003965977), (0.0008653505, 4.507477e-05, 0.003977), (0.0008653505, 4.507477e-05, 0.005623), (0.0008674546, 4.40227e-05, 0.005634023), (0.0008715, 4.2e-05, 0.005641), (0.0008739115, 4.858846e-05, 0.003961412), (0.0008715, 5.1e-05, 0.003968), (0.0008704081, 5.209188e-05, 0.003977), (0.0008704081, 5.209188e-05, 0.005623), (0.0008715, 5.1e-05, 0.005632), (0.0008739115, 4.858846e-05, 0.005638588), (0.001976088, -0.0002285885, 0.003961412), (0.0019785, -0.000231, 0.003968), (0.001979592, -0.0002320919, 0.003977), (0.001979592, -0.0002320919, 0.005623), (0.0019785, -0.000231, 0.005632), (0.001976088, -0.0002285885, 0.005638588), (0.0019785, -0.000222, 0.003959), (0.001982545, -0.0002240227, 0.003965977), (0.00198465, -0.0002250748, 0.003977), (0.00198465, -0.0002250748, 0.005623), (0.001982545, -0.0002240227, 0.005634023), (0.0019785, -0.000222, 0.005641), (0.001979592, -0.000213, 0.003957908), (0.00198465, -0.000213, 0.003964925), (0.0019875, -0.000213, 0.003977), (0.0019875, -0.000213, 0.005623), (0.00198465, -0.000213, 0.005635075), (0.001979592, -0.000213, 0.005642092), (0.001979592, 3.3e-05, 0.003957908), (0.00198465, 3.3e-05, 0.003964925), (0.0019875, 3.3e-05, 0.003977), (0.0019875, 3.3e-05, 0.005623), (0.00198465, 3.3e-05, 0.005635075), (0.001979592, 3.3e-05, 0.005642092), (0.0019785, 4.2e-05, 0.003959), (0.001982545, 4.40227e-05, 0.003965977), (0.00198465, 4.507477e-05, 0.003977), (0.00198465, 4.507477e-05, 0.005623), (0.001982545, 4.40227e-05, 0.005634023), (0.0019785, 4.2e-05, 0.005641), (0.001976088, 4.858846e-05, 0.003961412), (0.0019785, 5.1e-05, 0.003968), (0.001979592, 5.209188e-05, 0.003977), (0.001979592, 5.209188e-05, 0.005623), (0.0019785, 5.1e-05, 0.005632), (0.001976088, 4.858846e-05, 0.005638588), (0.0008739115, -0.0002285885, 0.003961412), (0.0008805, -0.000231, 0.003959), (0.0008895, -0.0002320919, 0.003957908), (0.0019605, -0.0002320919, 0.003957908), (0.0019695, -0.000231, 0.003959), (0.001976088, -0.0002285885, 0.003961412), (0.0008715, -0.000231, 0.003968), (0.0008784773, -0.0002350454, 0.003965977), (0.0008895, -0.0002371495, 0.003964925), (0.0019605, -0.0002371495, 0.003964925), (0.001971523, -0.0002350454, 0.003965977), (0.0019785, -0.000231, 0.003968), (0.0008704081, -0.0002320919, 0.003977), (0.0008774252, -0.0002371495, 0.003977), (0.0008895, -0.00024, 0.003977), (0.0019605, -0.00024, 0.003977), (0.001972575, -0.0002371495, 0.003977), (0.001979592, -0.0002320919, 0.003977), (0.0008704081, -0.0002320919, 0.005623), (0.0008774252, -0.0002371495, 0.005623), (0.0008895, -0.00024, 0.005623), (0.0019605, -0.00024, 0.005623), (0.001972575, -0.0002371495, 0.005623), (0.001979592, -0.0002320919, 0.005623), (0.0008715, -0.000231, 0.005632), (0.0008784773, -0.0002350454, 0.005634023), (0.0008895, -0.0002371495, 0.005635075), (0.0019605, -0.0002371495, 0.005635075), (0.001971523, -0.0002350454, 0.005634023), (0.0019785, -0.000231, 0.005632), (0.0008739115, -0.0002285885, 0.005638588), (0.0008805, -0.000231, 0.005641), (0.0008895, -0.0002320919, 0.005642092), (0.0019605, -0.0002320919, 0.005642092), (0.0019695, -0.000231, 0.005641), (0.001976088, -0.0002285885, 0.005638588), (0.0008739115, 4.858846e-05, 0.003961412), (0.0008805, 5.1e-05, 0.003959), (0.0008895, 5.209188e-05, 0.003957908), (0.0019605, 5.209188e-05, 0.003957908), (0.0019695, 5.1e-05, 0.003959), (0.001976088, 4.858846e-05, 0.003961412), (0.0008715, 5.1e-05, 0.003968), (0.0008784773, 5.504541e-05, 0.003965977), (0.0008895, 5.714953e-05, 0.003964925), (0.0019605, 5.714953e-05, 0.003964925), (0.001971523, 5.504541e-05, 0.003965977), (0.0019785, 5.1e-05, 0.003968), (0.0008704081, 5.209188e-05, 0.003977), (0.0008774252, 5.714953e-05, 0.003977), (0.0008895, 6e-05, 0.003977), (0.0019605, 6e-05, 0.003977), (0.001972575, 5.714953e-05, 0.003977), (0.001979592, 5.209188e-05, 0.003977), (0.0008704081, 5.209188e-05, 0.005623), (0.0008774252, 5.714953e-05, 0.005623), (0.0008895, 6e-05, 0.005623), (0.0019605, 6e-05, 0.005623), (0.001972575, 5.714953e-05, 0.005623), (0.001979592, 5.209188e-05, 0.005623), (0.0008715, 5.1e-05, 0.005632), (0.0008784773, 5.504541e-05, 0.005634023), (0.0008895, 5.714953e-05, 0.005635075), (0.0019605, 5.714953e-05, 0.005635075), (0.001971523, 5.504541e-05, 0.005634023), (0.0019785, 5.1e-05, 0.005632), (0.0008739115, 4.858846e-05, 0.005638588), (0.0008805, 5.1e-05, 0.005641), (0.0008895, 5.209188e-05, 0.005642092), (0.0019605, 5.209188e-05, 0.005642092), (0.0019695, 5.1e-05, 0.005641), (0.001976088, 4.858846e-05, 0.005638588), (0.0008739115, -0.0002285885, 0.003961412), (0.0008715, -0.000222, 0.003959), (0.0008704081, -0.000213, 0.003957908), (0.0008704081, 3.3e-05, 0.003957908), (0.0008715, 4.2e-05, 0.003959), (0.0008739115, 4.858846e-05, 0.003961412), (0.0008805, -0.000231, 0.003959), (0.0008784773, -0.0002240227, 0.003954955), (0.0008774252, -0.000213, 0.00395285), (0.0008774252, 3.3e-05, 0.00395285), (0.0008784773, 4.40227e-05, 0.003954955), (0.0008805, 5.1e-05, 0.003959), (0.0008895, -0.0002320919, 0.003957908), (0.0008895, -0.0002250748, 0.00395285), (0.0008895, -0.000213, 0.00395), (0.0008895, 3.3e-05, 0.00395), (0.0008895, 4.507477e-05, 0.00395285), (0.0008895, 5.209188e-05, 0.003957908), (0.0019605, -0.0002320919, 0.003957908), (0.0019605, -0.0002250748, 0.00395285), (0.0019605, -0.000213, 0.00395), (0.0019605, 3.3e-05, 0.00395), (0.0019605, 4.507477e-05, 0.00395285), (0.0019605, 5.209188e-05, 0.003957908), (0.0019695, -0.000231, 0.003959), (0.001971523, -0.0002240227, 0.003954955), (0.001972575, -0.000213, 0.00395285), (0.001972575, 3.3e-05, 0.00395285), (0.001971523, 4.40227e-05, 0.003954955), (0.0019695, 5.1e-05, 0.003959), (0.001976088, -0.0002285885, 0.003961412), (0.0019785, -0.000222, 0.003959), (0.001979592, -0.000213, 0.003957908), (0.001979592, 3.3e-05, 0.003957908), (0.0019785, 4.2e-05, 0.003959), (0.001976088, 4.858846e-05, 0.003961412), (0.0008739115, -0.0002285885, 0.005638588), (0.0008715, -0.000222, 0.005641), (0.0008704081, -0.000213, 0.005642092), (0.0008704081, 3.3e-05, 0.005642092), (0.0008715, 4.2e-05, 0.005641), (0.0008739115, 4.858846e-05, 0.005638588), (0.0008805, -0.000231, 0.005641), (0.0008784773, -0.0002240227, 0.005645045), (0.0008774252, -0.000213, 0.00564715), (0.0008774252, 3.3e-05, 0.00564715), (0.0008784773, 4.40227e-05, 0.005645045), (0.0008805, 5.1e-05, 0.005641), (0.0008895, -0.0002320919, 0.005642092), (0.0008895, -0.0002250748, 0.00564715), (0.0008895, -0.000213, 0.00565), (0.0008895, 3.3e-05, 0.00565), (0.0008895, 4.507477e-05, 0.00564715), (0.0008895, 5.209188e-05, 0.005642092), (0.0019605, -0.0002320919, 0.005642092), (0.0019605, -0.0002250748, 0.00564715), (0.0019605, -0.000213, 0.00565), (0.0019605, 3.3e-05, 0.00565), (0.0019605, 4.507477e-05, 0.00564715), (0.0019605, 5.209188e-05, 0.005642092), (0.0019695, -0.000231, 0.005641), (0.001971523, -0.0002240227, 0.005645045), (0.001972575, -0.000213, 0.00564715), (0.001972575, 3.3e-05, 0.00564715), (0.001971523, 4.40227e-05, 0.005645045), (0.0019695, 5.1e-05, 0.005641), (0.001976088, -0.0002285885, 0.005638588), (0.0019785, -0.000222, 0.005641), (0.001979592, -0.000213, 0.005642092), (0.001979592, 3.3e-05, 0.005642092), (0.0019785, 4.2e-05, 0.005641), (0.001976088, 4.858846e-05, 0.005638588)]
            int[] faceVertexCounts = [3, 3, 3, 3, 3, 3, 3, 3, 3, 3, 3, 3, 3, 3, 3, 3, 3, 3, 3, 3, 3, 3, 3, 3, 3, 3, 3, 3, 3, 3, 3, 3, 3, 3, 3, 3, 3, 3, 3, 3, 3, 3, 3, 3, 3, 3, 3, 3, 3, 3, 3, 3, 3, 3, 3, 3, 3, 3, 3, 3, 3, 3, 3, 3, 3, 3, 3, 3, 3, 3, 3, 3, 3, 3, 3, 3, 3, 3, 3, 3, 3, 3, 3, 3, 3, 3, 3, 3, 3, 3, 3, 3, 3, 3, 3, 3, 3, 3, 3, 3, 3, 3, 3, 3, 3, 3, 3, 3, 3, 3, 3, 3, 3, 3, 3, 3, 3, 3, 3, 3, 3, 3, 3, 3, 3, 3, 3, 3, 3, 3, 3, 3, 3, 3, 3, 3, 3, 3, 3, 3, 3, 3, 3, 3, 3, 3, 3, 3, 3, 3, 3, 3, 3, 3, 3, 3, 3, 3, 3, 3, 3, 3, 3, 3, 3, 3, 3, 3, 3, 3, 3, 3, 3, 3, 3, 3, 3, 3, 3, 3, 3, 3, 3, 3, 3, 3, 3, 3, 3, 3, 3, 3, 3, 3, 3, 3, 3, 3, 3, 3, 3, 3, 3, 3, 3, 3, 3, 3, 3, 3, 3, 3, 3, 3, 3, 3, 3, 3, 3, 3, 3, 3, 3, 3, 3, 3, 3, 3, 3, 3, 3, 3, 3, 3, 3, 3, 3, 3, 3, 3, 3, 3, 3, 3, 3, 3, 3, 3, 3, 3, 3, 3, 3, 3, 3, 3, 3, 3, 3, 3, 3, 3, 3, 3, 3, 3, 3, 3, 3, 3, 3, 3, 3, 3, 3, 3, 3, 3, 3, 3, 3, 3, 3, 3, 3, 3, 3, 3, 3, 3, 3, 3, 3, 3, 3, 3, 3, 3, 3, 3]
            int[] faceVertexIndices = [1, 7, 6, 1, 6, 0, 2, 8, 7, 2, 7, 1, 3, 9, 8, 3, 8, 2, 4, 10, 9, 4, 9, 3, 5, 11, 10, 5, 10, 4, 7, 13, 12, 7, 12, 6, 8, 14, 13, 8, 13, 7, 9, 15, 14, 9, 14, 8, 10, 16, 15, 10, 15, 9, 11, 17, 16, 11, 16, 10, 13, 19, 18, 13, 18, 12, 14, 20, 19, 14, 19, 13, 15, 21, 20, 15, 20, 14, 16, 22, 21, 16, 21, 15, 17, 23, 22, 17, 22, 16, 19, 25, 24, 19, 24, 18, 20, 26, 25, 20, 25, 19, 21, 27, 26, 21, 26, 20, 22, 28, 27, 22, 27, 21, 23, 29, 28, 23, 28, 22, 25, 31, 30, 25, 30, 24, 26, 32, 31, 26, 31, 25, 27, 33, 32, 27, 32, 26, 28, 34, 33, 28, 33, 27, 29, 35, 34, 29, 34, 28, 36, 42, 43, 36, 43, 37, 37, 43, 44, 37, 44, 38, 38, 44, 45, 38, 45, 39, 39, 45, 46, 39, 46, 40, 40, 46, 47, 40, 47, 41, 42, 48, 49, 42, 49, 43, 43, 49, 50, 43, 50, 44, 44, 50, 51, 44, 51, 45, 45, 51, 52, 45, 52, 46, 46, 52, 53, 46, 53, 47, 48, 54, 55, 48, 55, 49, 49, 55, 56, 49, 56, 50, 50, 56, 57, 50, 57, 51, 51, 57, 58, 51, 58, 52, 52, 58, 59, 52, 59, 53, 54, 60, 61, 54, 61, 55, 55, 61, 62, 55, 62, 56, 56, 62, 63, 56, 63, 57, 57, 63, 64, 57, 64, 58, 58, 64, 65, 58, 65, 59, 60, 66, 67, 60, 67, 61, 61, 67, 68, 61, 68, 62, 62, 68, 69, 62, 69, 63, 63, 69, 70, 63, 70, 64, 64, 70, 71, 64, 71, 65, 73, 79, 78, 73, 78, 72, 74, 80, 79, 74, 79, 73, 75, 81, 80, 75, 80, 74, 76, 82, 81, 76, 81, 75, 77, 83, 82, 77, 82, 76, 79, 85, 84, 79, 84, 78, 80, 86, 85, 80, 85, 79, 81, 87, 86, 81, 86, 80, 82, 88, 87, 82, 87, 81, 83, 89, 88, 83, 88, 82, 85, 91, 90, 85, 90, 84, 86, 92, 91, 86, 91, 85, 87, 93, 92, 87, 92, 86, 88, 94, 93, 88, 93, 87, 89, 95, 94, 89, 94, 88, 91, 97, 96, 91, 96, 90, 92, 98, 97, 92, 97, 91, 93, 99, 98, 93, 98, 92, 94, 100, 99, 94, 99, 93, 95, 101, 100, 95, 100, 94, 97, 103, 102, 97, 102, 96, 98, 104, 103, 98, 103, 97, 99, 105, 104, 99, 104, 98, 100, 106, 105, 100, 105, 99, 101, 107, 106, 101, 106, 100, 108, 114, 115, 108, 115, 109, 109, 115, 116, 109, 116, 110, 110, 116, 117, 110, 117, 111, 111, 117, 118, 111, 118, 112, 112, 118, 119, 112, 119, 113, 114, 120, 121, 114, 121, 115, 115, 121, 122, 115, 122, 116, 116, 122, 123, 116, 123, 117, 117, 123, 124, 117, 124, 118, 118, 124, 125, 118, 125, 119, 120, 126, 127, 120, 127, 121, 121, 127, 128, 121, 128, 122, 122, 128, 129, 122, 129, 123, 123, 129, 130, 123, 130, 124, 124, 130, 131, 124, 131, 125, 126, 132, 133, 126, 133, 127, 127, 133, 134, 127, 134, 128, 128, 134, 135, 128, 135, 129, 129, 135, 136, 129, 136, 130, 130, 136, 137, 130, 137, 131, 132, 138, 139, 132, 139, 133, 133, 139, 140, 133, 140, 134, 134, 140, 141, 134, 141, 135, 135, 141, 142, 135, 142, 136, 136, 142, 143, 136, 143, 137, 145, 151, 150, 145, 150, 144, 146, 152, 151, 146, 151, 145, 147, 153, 152, 147, 152, 146, 148, 154, 153, 148, 153, 147, 149, 155, 154, 149, 154, 148, 151, 157, 156, 151, 156, 150, 152, 158, 157, 152, 157, 151, 153, 159, 158, 153, 158, 152, 154, 160, 159, 154, 159, 153, 155, 161, 160, 155, 160, 154, 157, 163, 162, 157, 162, 156, 158, 164, 163, 158, 163, 157, 159, 165, 164, 159, 164, 158, 160, 166, 165, 160, 165, 159, 161, 167, 166, 161, 166, 160, 163, 169, 168, 163, 168, 162, 164, 170, 169, 164, 169, 163, 165, 171, 170, 165, 170, 164, 166, 172, 171, 166, 171, 165, 167, 173, 172, 167, 172, 166, 169, 175, 174, 169, 174, 168, 170, 176, 175, 170, 175, 169, 171, 177, 176, 171, 176, 170, 172, 178, 177, 172, 177, 171, 173, 179, 178, 173, 178, 172, 180, 186, 187, 180, 187, 181, 181, 187, 188, 181, 188, 182, 182, 188, 189, 182, 189, 183, 183, 189, 190, 183, 190, 184, 184, 190, 191, 184, 191, 185, 186, 192, 193, 186, 193, 187, 187, 193, 194, 187, 194, 188, 188, 194, 195, 188, 195, 189, 189, 195, 196, 189, 196, 190, 190, 196, 197, 190, 197, 191, 192, 198, 199, 192, 199, 193, 193, 199, 200, 193, 200, 194, 194, 200, 201, 194, 201, 195, 195, 201, 202, 195, 202, 196, 196, 202, 203, 196, 203, 197, 198, 204, 205, 198, 205, 199, 199, 205, 206, 199, 206, 200, 200, 206, 207, 200, 207, 201, 201, 207, 208, 201, 208, 202, 202, 208, 209, 202, 209, 203, 204, 210, 211, 204, 211, 205, 205, 211, 212, 205, 212, 206, 206, 212, 213, 206, 213, 207, 207, 213, 214, 207, 214, 208, 208, 214, 215, 208, 215, 209]
            normal3f[] normals = [(-0.7745967, -0.4472136, -0.4472136), (-0.7668657, -0.5195657, -0.376787), (-0.8114065, -0.584478, -0.002229915), (-0.8112421, -0.5847102, 0.0004617439), (-0.7900625, -0.5555967, 0.2590629), (-0.7071068, -0.5, 0.5), (-0.7668657, -0.376787, -0.5195657), (-0.8559572, -0.3656073, -0.3656073), (-0.8960932, -0.4438629, -0.001653043), (-0.9450829, -0.3268288, 0.001109204), (-0.8844941, -0.3299016, 0.3299016), (-0.7900625, -0.2590629, 0.5555967), (-0.8122054, -0.01399524, -0.5832036), (-0.8984826, -0.01061118, -0.4388808), (-0.9997767, -0.02088961, -0.003186952), (-0.9999833, -0.005704603, 0.0009136602), (-0.9440529, -0.007198359, 0.3297154), (-0.8112384, -0.003042335, 0.5847076), (-0.8112384, 0.003042335, -0.5847076), (-0.9440529, 0.007198359, -0.3297154), (-0.9999833, 0.005704603, -0.0009136602), (-0.9997767, 0.02088961, 0.003186952), (-0.8984826, 0.01061118, 0.4388808), (-0.8122054, 0.01399524, 0.5832036), (-0.7900625, 0.2590629, -0.5555967), (-0.8844941, 0.3299016, -0.3299016), (-0.9450829, 0.3268288, -0.001109204), (-0.8960932, 0.4438629, 0.001653043), (-0.8559572, 0.3656073, 0.3656073), (-0.7668657, 0.376787, 0.5195657), (-0.7071068, 0.5, -0.5), (-0.7900625, 0.5555967, -0.2590629), (-0.8112421, 0.5847102, -0.0004617439), (-0.8114065, 0.584478, 0.002229915), (-0.7668657, 0.5195657, 0.376787), (-0.7745967, 0.4472136, 0.4472136), (0.7071068, -0.5, -0.5), (0.7900625, -0.5555967, -0.2590629), (0.8112421, -0.5847102, -0.0004617439), (0.8114065, -0.584478, 0.002229915), (0.7668657, -0.5195657, 0.376787), (0.7745967, -0.4472136, 0.4472136), (0.7900625, -0.2590629, -0.5555967), (0.8844941, -0.3299016, -0.3299016), (0.9450829, -0.3268288, -0.001109204), (0.8960932, -0.4438629, 0.001653043), (0.8559572, -0.3656073, 0.3656073), (0.7668657, -0.376787, 0.5195657), (0.8112384, -0.003042335, -0.5847076), (0.9440529, -0.007198359, -0.3297154), (0.9999833, -0.005704603, -0.0009136602), (0.9997767, -0.02088961, 0.003186952), (0.8984826, -0.01061118, 0.4388808), (0.8122054, -0.01399524, 0.5832036), (0.8122054, 0.01399524, -0.5832036), (0.8984826, 0.01061118, -0.4388808), (0.9997767, 0.02088961, -0.003186952), (0.9999833, 0.005704603, 0.0009136602), (0.9440529, 0.007198359, 0.3297154), (0.8112384, 0.003042335, 0.5847076), (0.7668657, 0.376787, -0.5195657), (0.8559572, 0.3656073, -0.3656073), (0.8960932, 0.4438629, -0.001653043), (0.9450829, 0.3268288, 0.001109204), (0.8844941, 0.3299016, 0.3299016), (0.7900625, 0.2590629, 0.5555967), (0.7745967, 0.4472136, -0.4472136), (0.7668657, 0.5195657, -0.376787), (0.8114065, 0.584478, -0.002229915), (0.8112421, 0.5847102, 0.0004617439), (0.7900625, 0.5555967, 0.2590629), (0.7071068, 0.5, 0.5), (-0.4472136, -0.7745967, -0.4472136), (-0.376787, -0.7668657, -0.5195657), (-0.003405895, -0.8114915, -0.5843543), (0.0007086083, -0.811242, -0.5847101), (0.2590629, -0.7900625, -0.5555967), (0.5, -0.7071068, -0.5), (-0.5195657, -0.7668657, -0.376787), (-0.3656073, -0.8559572, -0.3656073), (-0.002530432, -0.8963316, -0.4433771), (0.001699742, -0.9449849, -0.3271094), (0.3299016, -0.8844941, -0.3299016), (0.5555967, -0.7900625, -0.2590629), (-0.584478, -0.8114065, -0.002229915), (-0.4438629, -0.8960932, -0.001653043), (-0.005150301, -0.9999811, -0.003357712), (0.001335191, -0.9999987, -0.0008746392), (0.3268288, -0.9450829, -0.001109204), (0.5847102, -0.8112421, -0.0004617439), (-0.5847102, -0.8112421, 0.0004617439), (-0.3268288, -0.9450829, 0.001109204), (-0.001335191, -0.9999987, 0.0008746392), (0.005150301, -0.9999811, 0.003357712), (0.4438629, -0.8960932, 0.001653043), (0.584478, -0.8114065, 0.002229915), (-0.5555967, -0.7900625, 0.2590629), (-0.3299016, -0.8844941, 0.3299016), (-0.001699742, -0.9449849, 0.3271094), (0.002530432, -0.8963316, 0.4433771), (0.3656073, -0.8559572, 0.3656073), (0.5195657, -0.7668657, 0.376787), (-0.5, -0.7071068, 0.5), (-0.2590629, -0.7900625, 0.5555967), (-0.0007086083, -0.811242, 0.5847101), (0.003405895, -0.8114915, 0.5843543), (0.376787, -0.7668657, 0.5195657), (0.4472136, -0.7745967, 0.4472136), (-0.5, 0.7071068, -0.5), (-0.2590629, 0.7900625, -0.5555967), (-0.0007086083, 0.811242, -0.5847101), (0.003405895, 0.8114915, -0.5843543), (0.376787, 0.7668657, -0.5195657), (0.4472136, 0.7745967, -0.4472136), (-0.5555967, 0.7900625, -0.2590629), (-0.3299016, 0.8844941, -0.3299016), (-0.001699742, 0.9449849, -0.3271094), (0.002530432, 0.8963316, -0.4433771), (0.3656073, 0.8559572, -0.3656073), (0.5195657, 0.7668657, -0.376787), (-0.5847102, 0.8112421, -0.0004617439), (-0.3268288, 0.9450829, -0.001109204), (-0.001335191, 0.9999987, -0.0008746392), (0.005150301, 0.9999811, -0.003357712), (0.4438629, 0.8960932, -0.001653043), (0.584478, 0.8114065, -0.002229915), (-0.584478, 0.8114065, 0.002229915), (-0.4438629, 0.8960932, 0.001653043), (-0.005150301, 0.9999811, 0.003357712), (0.001335191, 0.9999987, 0.0008746392), (0.3268288, 0.9450829, 0.001109204), (0.5847102, 0.8112421, 0.0004617439), (-0.5195657, 0.7668657, 0.376787), (-0.3656073, 0.8559572, 0.3656073), (-0.002530432, 0.8963316, 0.4433771), (0.001699742, 0.9449849, 0.3271094), (0.3299016, 0.8844941, 0.3299016), (0.5555967, 0.7900625, 0.2590629), (-0.4472136, 0.7745967, 0.4472136), (-0.376787, 0.7668657, 0.5195657), (-0.003405895, 0.8114915, 0.5843543), (0.0007086083, 0.811242, 0.5847101), (0.2590629, 0.7900625, 0.5555967), (0.5, 0.7071068, 0.5), (-0.4472136, -0.4472136, -0.7745967), (-0.5195657, -0.376787, -0.7668657), (-0.5832036, -0.01399524, -0.8122054), (-0.5847076, 0.003042335, -0.8112384), (-0.5555967, 0.2590629, -0.7900625), (-0.5, 0.5, -0.7071068), (-0.376787, -0.5195657, -0.7668657), (-0.3656073, -0.3656073, -0.8559572), (-0.4388808, -0.01061118, -0.8984826), (-0.3297154, 0.007198359, -0.9440529), (-0.3299016, 0.3299016, -0.8844941), (-0.2590629, 0.5555967, -0.7900625), (-0.003405895, -0.5843543, -0.8114915), (-0.002530432, -0.4433771, -0.8963316), (-0.004862692, -0.02077986, -0.9997722), (-0.001401263, 0.005731203, -0.9999826), (-0.001699742, 0.3271094, -0.9449849), (-0.0007086083, 0.5847101, -0.811242), (0.0007086083, -0.5847101, -0.811242), (0.001699742, -0.3271094, -0.9449849), (0.001401263, -0.005731203, -0.9999826), (0.004862692, 0.02077986, -0.9997722), (0.002530432, 0.4433771, -0.8963316), (0.003405895, 0.5843543, -0.8114915), (0.2590629, -0.5555967, -0.7900625), (0.3299016, -0.3299016, -0.8844941), (0.3297154, -0.007198359, -0.9440529), (0.4388808, 0.01061118, -0.8984826), (0.3656073, 0.3656073, -0.8559572), (0.376787, 0.5195657, -0.7668657), (0.5, -0.5, -0.7071068), (0.5555967, -0.2590629, -0.7900625), (0.5847076, -0.003042335, -0.8112384), (0.5832036, 0.01399524, -0.8122054), (0.5195657, 0.376787, -0.7668657), (0.4472136, 0.4472136, -0.7745967), (-0.5, -0.5, 0.7071068), (-0.5555967, -0.2590629, 0.7900625), (-0.5847076, -0.003042335, 0.8112384), (-0.5832036, 0.01399524, 0.8122054), (-0.5195657, 0.376787, 0.7668657), (-0.4472136, 0.4472136, 0.7745967), (-0.2590629, -0.5555967, 0.7900625), (-0.3299016, -0.3299016, 0.8844941), (-0.3297154, -0.007198359, 0.9440529), (-0.4388808, 0.01061118, 0.8984826), (-0.3656073, 0.3656073, 0.8559572), (-0.376787, 0.5195657, 0.7668657), (-0.0007086083, -0.5847101, 0.811242), (-0.001699742, -0.3271094, 0.9449849), (-0.001401263, -0.005731203, 0.9999826), (-0.004862692, 0.02077986, 0.9997722), (-0.002530432, 0.4433771, 0.8963316), (-0.003405895, 0.5843543, 0.8114915), (0.003405895, -0.5843543, 0.8114915), (0.002530432, -0.4433771, 0.8963316), (0.004862692, -0.02077986, 0.9997722), (0.001401263, 0.005731203, 0.9999826), (0.001699742, 0.3271094, 0.9449849), (0.0007086083, 0.5847101, 0.811242), (0.376787, -0.5195657, 0.7668657), (0.3656073, -0.3656073, 0.8559572), (0.4388808, -0.01061118, 0.8984826), (0.3297154, 0.007198359, 0.9440529), (0.3299016, 0.3299016, 0.8844941), (0.2590629, 0.5555967, 0.7900625), (0.4472136, -0.4472136, 0.7745967), (0.5195657, -0.376787, 0.7668657), (0.5832036, -0.01399524, 0.8122054), (0.5847076, 0.003042335, 0.8112384), (0.5555967, 0.2590629, 0.7900625), (0.5, 0.5, 0.7071068)] (interpolation = "vertex")
            float3[] extent = [(0.0008625, -0.00024, 0.00395), (0.0019875, 6e-05, 0.00565)]
            rel material:binding = </WorkbenchPart/Materials/silicon>
        }
        def Mesh "SMDEndTermination_05" (prepend apiSchemas = ["MaterialBindingAPI"])
        {
            uniform token subdivisionScheme = "none"
            uniform token orientation = "rightHanded"
            bool doubleSided = false
            point3f[] points = [(0.0008644827, -0.0002443923, 0.003940608), (0.000862875, -0.000246, 0.003945), (0.0008621471, -0.0002467279, 0.003951), (0.0008621471, -0.0002467279, 0.005649), (0.000862875, -0.000246, 0.005655), (0.0008644827, -0.0002443923, 0.005659392), (0.000862875, -0.00024, 0.003939), (0.0008601781, -0.0002413485, 0.003943652), (0.0008587753, -0.0002420498, 0.003951), (0.0008587753, -0.0002420498, 0.005649), (0.0008601781, -0.0002413485, 0.005656348), (0.000862875, -0.00024, 0.005661), (0.0008621471, -0.000234, 0.003938272), (0.0008587753, -0.000234, 0.00394295), (0.000856875, -0.000234, 0.003951), (0.000856875, -0.000234, 0.005649), (0.0008587753, -0.000234, 0.00565705), (0.0008621471, -0.000234, 0.005661728), (0.0008621471, 5.4e-05, 0.003938272), (0.0008587753, 5.4e-05, 0.00394295), (0.000856875, 5.4e-05, 0.003951), (0.000856875, 5.4e-05, 0.005649), (0.0008587753, 5.4e-05, 0.00565705), (0.0008621471, 5.4e-05, 0.005661728), (0.000862875, 6e-05, 0.003939), (0.0008601781, 6.134847e-05, 0.003943652), (0.0008587753, 6.204984e-05, 0.003951), (0.0008587753, 6.204984e-05, 0.005649), (0.0008601781, 6.134847e-05, 0.005656348), (0.000862875, 6e-05, 0.005661), (0.0008644827, 6.43923e-05, 0.003940608), (0.000862875, 6.6e-05, 0.003945), (0.0008621471, 6.672792e-05, 0.003951), (0.0008621471, 6.672792e-05, 0.005649), (0.000862875, 6.6e-05, 0.005655), (0.0008644827, 6.43923e-05, 0.005659392), (0.001040517, -0.0002443923, 0.003940608), (0.001042125, -0.000246, 0.003945), (0.001042853, -0.0002467279, 0.003951), (0.001042853, -0.0002467279, 0.005649), (0.001042125, -0.000246, 0.005655), (0.001040517, -0.0002443923, 0.005659392), (0.001042125, -0.00024, 0.003939), (0.001044822, -0.0002413485, 0.003943652), (0.001046225, -0.0002420498, 0.003951), (0.001046225, -0.0002420498, 0.005649), (0.001044822, -0.0002413485, 0.005656348), (0.001042125, -0.00024, 0.005661), (0.001042853, -0.000234, 0.003938272), (0.001046225, -0.000234, 0.00394295), (0.001048125, -0.000234, 0.003951), (0.001048125, -0.000234, 0.005649), (0.001046225, -0.000234, 0.00565705), (0.001042853, -0.000234, 0.005661728), (0.001042853, 5.4e-05, 0.003938272), (0.001046225, 5.4e-05, 0.00394295), (0.001048125, 5.4e-05, 0.003951), (0.001048125, 5.4e-05, 0.005649), (0.001046225, 5.4e-05, 0.00565705), (0.001042853, 5.4e-05, 0.005661728), (0.001042125, 6e-05, 0.003939), (0.001044822, 6.134847e-05, 0.003943652), (0.001046225, 6.204984e-05, 0.003951), (0.001046225, 6.204984e-05, 0.005649), (0.001044822, 6.134847e-05, 0.005656348), (0.001042125, 6e-05, 0.005661), (0.001040517, 6.43923e-05, 0.003940608), (0.001042125, 6.6e-05, 0.003945), (0.001042853, 6.672792e-05, 0.003951), (0.001042853, 6.672792e-05, 0.005649), (0.001042125, 6.6e-05, 0.005655), (0.001040517, 6.43923e-05, 0.005659392), (0.0008644827, -0.0002443923, 0.003940608), (0.000868875, -0.000246, 0.003939), (0.000874875, -0.0002467279, 0.003938272), (0.001030125, -0.0002467279, 0.003938272), (0.001036125, -0.000246, 0.003939), (0.001040517, -0.0002443923, 0.003940608), (0.000862875, -0.000246, 0.003945), (0.0008675265, -0.0002486969, 0.003943652), (0.000874875, -0.0002500997, 0.00394295), (0.001030125, -0.0002500997, 0.00394295), (0.001037473, -0.0002486969, 0.003943652), (0.001042125, -0.000246, 0.003945), (0.0008621471, -0.0002467279, 0.003951), (0.0008668252, -0.0002500997, 0.003951), (0.000874875, -0.000252, 0.003951), (0.001030125, -0.000252, 0.003951), (0.001038175, -0.0002500997, 0.003951), (0.001042853, -0.0002467279, 0.003951), (0.0008621471, -0.0002467279, 0.005649), (0.0008668252, -0.0002500997, 0.005649), (0.000874875, -0.000252, 0.005649), (0.001030125, -0.000252, 0.005649), (0.001038175, -0.0002500997, 0.005649), (0.001042853, -0.0002467279, 0.005649), (0.000862875, -0.000246, 0.005655), (0.0008675265, -0.0002486969, 0.005656348), (0.000874875, -0.0002500997, 0.00565705), (0.001030125, -0.0002500997, 0.00565705), (0.001037473, -0.0002486969, 0.005656348), (0.001042125, -0.000246, 0.005655), (0.0008644827, -0.0002443923, 0.005659392), (0.000868875, -0.000246, 0.005661), (0.000874875, -0.0002467279, 0.005661728), (0.001030125, -0.0002467279, 0.005661728), (0.001036125, -0.000246, 0.005661), (0.001040517, -0.0002443923, 0.005659392), (0.0008644827, 6.43923e-05, 0.003940608), (0.000868875, 6.6e-05, 0.003939), (0.000874875, 6.672792e-05, 0.003938272), (0.001030125, 6.672792e-05, 0.003938272), (0.001036125, 6.6e-05, 0.003939), (0.001040517, 6.43923e-05, 0.003940608), (0.000862875, 6.6e-05, 0.003945), (0.0008675265, 6.869694e-05, 0.003943652), (0.000874875, 7.009969e-05, 0.00394295), (0.001030125, 7.009969e-05, 0.00394295), (0.001037473, 6.869694e-05, 0.003943652), (0.001042125, 6.6e-05, 0.003945), (0.0008621471, 6.672792e-05, 0.003951), (0.0008668252, 7.009969e-05, 0.003951), (0.000874875, 7.2e-05, 0.003951), (0.001030125, 7.2e-05, 0.003951), (0.001038175, 7.009969e-05, 0.003951), (0.001042853, 6.672792e-05, 0.003951), (0.0008621471, 6.672792e-05, 0.005649), (0.0008668252, 7.009969e-05, 0.005649), (0.000874875, 7.2e-05, 0.005649), (0.001030125, 7.2e-05, 0.005649), (0.001038175, 7.009969e-05, 0.005649), (0.001042853, 6.672792e-05, 0.005649), (0.000862875, 6.6e-05, 0.005655), (0.0008675265, 6.869694e-05, 0.005656348), (0.000874875, 7.009969e-05, 0.00565705), (0.001030125, 7.009969e-05, 0.00565705), (0.001037473, 6.869694e-05, 0.005656348), (0.001042125, 6.6e-05, 0.005655), (0.0008644827, 6.43923e-05, 0.005659392), (0.000868875, 6.6e-05, 0.005661), (0.000874875, 6.672792e-05, 0.005661728), (0.001030125, 6.672792e-05, 0.005661728), (0.001036125, 6.6e-05, 0.005661), (0.001040517, 6.43923e-05, 0.005659392), (0.0008644827, -0.0002443923, 0.003940608), (0.000862875, -0.00024, 0.003939), (0.0008621471, -0.000234, 0.003938272), (0.0008621471, 5.4e-05, 0.003938272), (0.000862875, 6e-05, 0.003939), (0.0008644827, 6.43923e-05, 0.003940608), (0.000868875, -0.000246, 0.003939), (0.0008675265, -0.0002413485, 0.003936303), (0.0008668252, -0.000234, 0.0039349), (0.0008668252, 5.4e-05, 0.0039349), (0.0008675265, 6.134847e-05, 0.003936303), (0.000868875, 6.6e-05, 0.003939), (0.000874875, -0.0002467279, 0.003938272), (0.000874875, -0.0002420498, 0.0039349), (0.000874875, -0.000234, 0.003933), (0.000874875, 5.4e-05, 0.003933), (0.000874875, 6.204984e-05, 0.0039349), (0.000874875, 6.672792e-05, 0.003938272), (0.001030125, -0.0002467279, 0.003938272), (0.001030125, -0.0002420498, 0.0039349), (0.001030125, -0.000234, 0.003933), (0.001030125, 5.4e-05, 0.003933), (0.001030125, 6.204984e-05, 0.0039349), (0.001030125, 6.672792e-05, 0.003938272), (0.001036125, -0.000246, 0.003939), (0.001037473, -0.0002413485, 0.003936303), (0.001038175, -0.000234, 0.0039349), (0.001038175, 5.4e-05, 0.0039349), (0.001037473, 6.134847e-05, 0.003936303), (0.001036125, 6.6e-05, 0.003939), (0.001040517, -0.0002443923, 0.003940608), (0.001042125, -0.00024, 0.003939), (0.001042853, -0.000234, 0.003938272), (0.001042853, 5.4e-05, 0.003938272), (0.001042125, 6e-05, 0.003939), (0.001040517, 6.43923e-05, 0.003940608), (0.0008644827, -0.0002443923, 0.005659392), (0.000862875, -0.00024, 0.005661), (0.0008621471, -0.000234, 0.005661728), (0.0008621471, 5.4e-05, 0.005661728), (0.000862875, 6e-05, 0.005661), (0.0008644827, 6.43923e-05, 0.005659392), (0.000868875, -0.000246, 0.005661), (0.0008675265, -0.0002413485, 0.005663697), (0.0008668252, -0.000234, 0.0056651), (0.0008668252, 5.4e-05, 0.0056651), (0.0008675265, 6.134847e-05, 0.005663697), (0.000868875, 6.6e-05, 0.005661), (0.000874875, -0.0002467279, 0.005661728), (0.000874875, -0.0002420498, 0.0056651), (0.000874875, -0.000234, 0.005667), (0.000874875, 5.4e-05, 0.005667), (0.000874875, 6.204984e-05, 0.0056651), (0.000874875, 6.672792e-05, 0.005661728), (0.001030125, -0.0002467279, 0.005661728), (0.001030125, -0.0002420498, 0.0056651), (0.001030125, -0.000234, 0.005667), (0.001030125, 5.4e-05, 0.005667), (0.001030125, 6.204984e-05, 0.0056651), (0.001030125, 6.672792e-05, 0.005661728), (0.001036125, -0.000246, 0.005661), (0.001037473, -0.0002413485, 0.005663697), (0.001038175, -0.000234, 0.0056651), (0.001038175, 5.4e-05, 0.0056651), (0.001037473, 6.134847e-05, 0.005663697), (0.001036125, 6.6e-05, 0.005661), (0.001040517, -0.0002443923, 0.005659392), (0.001042125, -0.00024, 0.005661), (0.001042853, -0.000234, 0.005661728), (0.001042853, 5.4e-05, 0.005661728), (0.001042125, 6e-05, 0.005661), (0.001040517, 6.43923e-05, 0.005659392)]
            int[] faceVertexCounts = [3, 3, 3, 3, 3, 3, 3, 3, 3, 3, 3, 3, 3, 3, 3, 3, 3, 3, 3, 3, 3, 3, 3, 3, 3, 3, 3, 3, 3, 3, 3, 3, 3, 3, 3, 3, 3, 3, 3, 3, 3, 3, 3, 3, 3, 3, 3, 3, 3, 3, 3, 3, 3, 3, 3, 3, 3, 3, 3, 3, 3, 3, 3, 3, 3, 3, 3, 3, 3, 3, 3, 3, 3, 3, 3, 3, 3, 3, 3, 3, 3, 3, 3, 3, 3, 3, 3, 3, 3, 3, 3, 3, 3, 3, 3, 3, 3, 3, 3, 3, 3, 3, 3, 3, 3, 3, 3, 3, 3, 3, 3, 3, 3, 3, 3, 3, 3, 3, 3, 3, 3, 3, 3, 3, 3, 3, 3, 3, 3, 3, 3, 3, 3, 3, 3, 3, 3, 3, 3, 3, 3, 3, 3, 3, 3, 3, 3, 3, 3, 3, 3, 3, 3, 3, 3, 3, 3, 3, 3, 3, 3, 3, 3, 3, 3, 3, 3, 3, 3, 3, 3, 3, 3, 3, 3, 3, 3, 3, 3, 3, 3, 3, 3, 3, 3, 3, 3, 3, 3, 3, 3, 3, 3, 3, 3, 3, 3, 3, 3, 3, 3, 3, 3, 3, 3, 3, 3, 3, 3, 3, 3, 3, 3, 3, 3, 3, 3, 3, 3, 3, 3, 3, 3, 3, 3, 3, 3, 3, 3, 3, 3, 3, 3, 3, 3, 3, 3, 3, 3, 3, 3, 3, 3, 3, 3, 3, 3, 3, 3, 3, 3, 3, 3, 3, 3, 3, 3, 3, 3, 3, 3, 3, 3, 3, 3, 3, 3, 3, 3, 3, 3, 3, 3, 3, 3, 3, 3, 3, 3, 3, 3, 3, 3, 3, 3, 3, 3, 3, 3, 3, 3, 3, 3, 3, 3, 3, 3, 3, 3, 3]
            int[] faceVertexIndices = [1, 7, 6, 1, 6, 0, 2, 8, 7, 2, 7, 1, 3, 9, 8, 3, 8, 2, 4, 10, 9, 4, 9, 3, 5, 11, 10, 5, 10, 4, 7, 13, 12, 7, 12, 6, 8, 14, 13, 8, 13, 7, 9, 15, 14, 9, 14, 8, 10, 16, 15, 10, 15, 9, 11, 17, 16, 11, 16, 10, 13, 19, 18, 13, 18, 12, 14, 20, 19, 14, 19, 13, 15, 21, 20, 15, 20, 14, 16, 22, 21, 16, 21, 15, 17, 23, 22, 17, 22, 16, 19, 25, 24, 19, 24, 18, 20, 26, 25, 20, 25, 19, 21, 27, 26, 21, 26, 20, 22, 28, 27, 22, 27, 21, 23, 29, 28, 23, 28, 22, 25, 31, 30, 25, 30, 24, 26, 32, 31, 26, 31, 25, 27, 33, 32, 27, 32, 26, 28, 34, 33, 28, 33, 27, 29, 35, 34, 29, 34, 28, 36, 42, 43, 36, 43, 37, 37, 43, 44, 37, 44, 38, 38, 44, 45, 38, 45, 39, 39, 45, 46, 39, 46, 40, 40, 46, 47, 40, 47, 41, 42, 48, 49, 42, 49, 43, 43, 49, 50, 43, 50, 44, 44, 50, 51, 44, 51, 45, 45, 51, 52, 45, 52, 46, 46, 52, 53, 46, 53, 47, 48, 54, 55, 48, 55, 49, 49, 55, 56, 49, 56, 50, 50, 56, 57, 50, 57, 51, 51, 57, 58, 51, 58, 52, 52, 58, 59, 52, 59, 53, 54, 60, 61, 54, 61, 55, 55, 61, 62, 55, 62, 56, 56, 62, 63, 56, 63, 57, 57, 63, 64, 57, 64, 58, 58, 64, 65, 58, 65, 59, 60, 66, 67, 60, 67, 61, 61, 67, 68, 61, 68, 62, 62, 68, 69, 62, 69, 63, 63, 69, 70, 63, 70, 64, 64, 70, 71, 64, 71, 65, 73, 79, 78, 73, 78, 72, 74, 80, 79, 74, 79, 73, 75, 81, 80, 75, 80, 74, 76, 82, 81, 76, 81, 75, 77, 83, 82, 77, 82, 76, 79, 85, 84, 79, 84, 78, 80, 86, 85, 80, 85, 79, 81, 87, 86, 81, 86, 80, 82, 88, 87, 82, 87, 81, 83, 89, 88, 83, 88, 82, 85, 91, 90, 85, 90, 84, 86, 92, 91, 86, 91, 85, 87, 93, 92, 87, 92, 86, 88, 94, 93, 88, 93, 87, 89, 95, 94, 89, 94, 88, 91, 97, 96, 91, 96, 90, 92, 98, 97, 92, 97, 91, 93, 99, 98, 93, 98, 92, 94, 100, 99, 94, 99, 93, 95, 101, 100, 95, 100, 94, 97, 103, 102, 97, 102, 96, 98, 104, 103, 98, 103, 97, 99, 105, 104, 99, 104, 98, 100, 106, 105, 100, 105, 99, 101, 107, 106, 101, 106, 100, 108, 114, 115, 108, 115, 109, 109, 115, 116, 109, 116, 110, 110, 116, 117, 110, 117, 111, 111, 117, 118, 111, 118, 112, 112, 118, 119, 112, 119, 113, 114, 120, 121, 114, 121, 115, 115, 121, 122, 115, 122, 116, 116, 122, 123, 116, 123, 117, 117, 123, 124, 117, 124, 118, 118, 124, 125, 118, 125, 119, 120, 126, 127, 120, 127, 121, 121, 127, 128, 121, 128, 122, 122, 128, 129, 122, 129, 123, 123, 129, 130, 123, 130, 124, 124, 130, 131, 124, 131, 125, 126, 132, 133, 126, 133, 127, 127, 133, 134, 127, 134, 128, 128, 134, 135, 128, 135, 129, 129, 135, 136, 129, 136, 130, 130, 136, 137, 130, 137, 131, 132, 138, 139, 132, 139, 133, 133, 139, 140, 133, 140, 134, 134, 140, 141, 134, 141, 135, 135, 141, 142, 135, 142, 136, 136, 142, 143, 136, 143, 137, 145, 151, 150, 145, 150, 144, 146, 152, 151, 146, 151, 145, 147, 153, 152, 147, 152, 146, 148, 154, 153, 148, 153, 147, 149, 155, 154, 149, 154, 148, 151, 157, 156, 151, 156, 150, 152, 158, 157, 152, 157, 151, 153, 159, 158, 153, 158, 152, 154, 160, 159, 154, 159, 153, 155, 161, 160, 155, 160, 154, 157, 163, 162, 157, 162, 156, 158, 164, 163, 158, 163, 157, 159, 165, 164, 159, 164, 158, 160, 166, 165, 160, 165, 159, 161, 167, 166, 161, 166, 160, 163, 169, 168, 163, 168, 162, 164, 170, 169, 164, 169, 163, 165, 171, 170, 165, 170, 164, 166, 172, 171, 166, 171, 165, 167, 173, 172, 167, 172, 166, 169, 175, 174, 169, 174, 168, 170, 176, 175, 170, 175, 169, 171, 177, 176, 171, 176, 170, 172, 178, 177, 172, 177, 171, 173, 179, 178, 173, 178, 172, 180, 186, 187, 180, 187, 181, 181, 187, 188, 181, 188, 182, 182, 188, 189, 182, 189, 183, 183, 189, 190, 183, 190, 184, 184, 190, 191, 184, 191, 185, 186, 192, 193, 186, 193, 187, 187, 193, 194, 187, 194, 188, 188, 194, 195, 188, 195, 189, 189, 195, 196, 189, 196, 190, 190, 196, 197, 190, 197, 191, 192, 198, 199, 192, 199, 193, 193, 199, 200, 193, 200, 194, 194, 200, 201, 194, 201, 195, 195, 201, 202, 195, 202, 196, 196, 202, 203, 196, 203, 197, 198, 204, 205, 198, 205, 199, 199, 205, 206, 199, 206, 200, 200, 206, 207, 200, 207, 201, 201, 207, 208, 201, 208, 202, 202, 208, 209, 202, 209, 203, 204, 210, 211, 204, 211, 205, 205, 211, 212, 205, 212, 206, 206, 212, 213, 206, 213, 207, 207, 213, 214, 207, 214, 208, 208, 214, 215, 208, 215, 209]
            normal3f[] normals = [(-0.7745967, -0.4472136, -0.4472136), (-0.7668657, -0.5195657, -0.376787), (-0.8113493, -0.5845599, -0.001447023), (-0.8112421, -0.5847103, 0.0002986903), (-0.7900625, -0.5555967, 0.2590629), (-0.7071068, -0.5, 0.5), (-0.7668657, -0.376787, -0.5195657), (-0.8559572, -0.3656073, -0.3656073), (-0.8959345, -0.4441848, -0.001071095), (-0.9451475, -0.3266429, 0.0007182076), (-0.8844941, -0.3299016, 0.3299016), (-0.7900625, -0.2590629, 0.5555967), (-0.8118281, -0.008227935, -0.5838386), (-0.8973103, -0.00616946, -0.4413572), (-0.9999207, -0.01241355, -0.002129855), (-0.9999945, -0.003272431, 0.0005772504), (-0.9445719, -0.00416251, 0.3282781), (-0.8112409, -0.00174595, 0.5847094), (-0.8112409, 0.00174595, -0.5847094), (-0.9445719, 0.00416251, -0.3282781), (-0.9999945, 0.003272431, -0.0005772504), (-0.9999207, 0.01241355, 0.002129855), (-0.8973103, 0.00616946, 0.4413572), (-0.8118281, 0.008227935, 0.5838386), (-0.7900625, 0.2590629, -0.5555967), (-0.8844941, 0.3299016, -0.3299016), (-0.9451475, 0.3266429, -0.0007182076), (-0.8959345, 0.4441848, 0.001071095), (-0.8559572, 0.3656073, 0.3656073), (-0.7668657, 0.376787, 0.5195657), (-0.7071068, 0.5, -0.5), (-0.7900625, 0.5555967, -0.2590629), (-0.8112421, 0.5847103, -0.0002986903), (-0.8113493, 0.5845599, 0.001447023), (-0.7668657, 0.5195657, 0.376787), (-0.7745967, 0.4472136, 0.4472136), (0.7071068, -0.5, -0.5), (0.7900625, -0.5555967, -0.2590629), (0.8112421, -0.5847103, -0.0002986903), (0.8113493, -0.5845599, 0.001447023), (0.7668657, -0.5195657, 0.376787), (0.7745967, -0.4472136, 0.4472136), (0.7900625, -0.2590629, -0.5555967), (0.8844941, -0.3299016, -0.3299016), (0.9451475, -0.3266429, -0.0007182076), (0.8959345, -0.4441848, 0.001071095), (0.8559572, -0.3656073, 0.3656073), (0.7668657, -0.376787, 0.5195657), (0.8112409, -0.00174595, -0.5847094), (0.9445719, -0.00416251, -0.3282781), (0.9999945, -0.003272431, -0.0005772504), (0.9999207, -0.01241355, 0.002129855), (0.8973103, -0.00616946, 0.4413572), (0.8118281, -0.008227935, 0.5838386), (0.8118281, 0.008227935, -0.5838386), (0.8973103, 0.00616946, -0.4413572), (0.9999207, 0.01241355, -0.002129855), (0.9999945, 0.003272431, 0.0005772504), (0.9445719, 0.00416251, 0.3282781), (0.8112409, 0.00174595, 0.5847094), (0.7668657, 0.376787, -0.5195657), (0.8559572, 0.3656073, -0.3656073), (0.8959345, 0.4441848, -0.001071095), (0.9451475, 0.3266429, 0.0007182076), (0.8844941, 0.3299016, 0.3299016), (0.7900625, 0.2590629, 0.5555967), (0.7745967, 0.4472136, -0.4472136), (0.7668657, 0.5195657, -0.376787), (0.8113493, 0.5845599, -0.001447023), (0.8112421, 0.5847103, 0.0002986903), (0.7900625, 0.5555967, 0.2590629), (0.7071068, 0.5, 0.5), (-0.4472136, -0.7745967, -0.4472136), (-0.376787, -0.7668657, -0.5195657), (-0.01472345, -0.8122511, -0.583122), (0.003210551, -0.811238, -0.5847073), (0.2590629, -0.7900625, -0.5555967), (0.5, -0.7071068, -0.5), (-0.5195657, -0.7668657, -0.376787), (-0.3656073, -0.8559572, -0.3656073), (-0.01117909, -0.8986308, -0.4385633), (0.007588915, -0.9439854, -0.3299), (0.3299016, -0.8844941, -0.3299016), (0.5555967, -0.7900625, -0.2590629), (-0.5845599, -0.8113493, -0.001447023), (-0.4441848, -0.8959345, -0.001071095), (-0.02203344, -0.9997551, -0.002061882), (0.005999379, -0.9999818, -0.0005930792), (0.3266429, -0.9451475, -0.0007182076), (0.5847103, -0.8112421, -0.0002986903), (-0.5847103, -0.8112421, 0.0002986903), (-0.3266429, -0.9451475, 0.0007182076), (-0.005999379, -0.9999818, 0.0005930792), (0.02203344, -0.9997551, 0.002061882), (0.4441848, -0.8959345, 0.001071095), (0.5845599, -0.8113493, 0.001447023), (-0.5555967, -0.7900625, 0.2590629), (-0.3299016, -0.8844941, 0.3299016), (-0.007588915, -0.9439854, 0.3299), (0.01117909, -0.8986308, 0.4385633), (0.3656073, -0.8559572, 0.3656073), (0.5195657, -0.7668657, 0.376787), (-0.5, -0.7071068, 0.5), (-0.2590629, -0.7900625, 0.5555967), (-0.003210551, -0.811238, 0.5847073), (0.01472345, -0.8122511, 0.583122), (0.376787, -0.7668657, 0.5195657), (0.4472136, -0.7745967, 0.4472136), (-0.5, 0.7071068, -0.5), (-0.2590629, 0.7900625, -0.5555967), (-0.003210551, 0.811238, -0.5847073), (0.01472345, 0.8122511, -0.583122), (0.376787, 0.7668657, -0.5195657), (0.4472136, 0.7745967, -0.4472136), (-0.5555967, 0.7900625, -0.2590629), (-0.3299016, 0.8844941, -0.3299016), (-0.007588915, 0.9439854, -0.3299), (0.01117909, 0.8986308, -0.4385633), (0.3656073, 0.8559572, -0.3656073), (0.5195657, 0.7668657, -0.376787), (-0.5847103, 0.8112421, -0.0002986903), (-0.3266429, 0.9451475, -0.0007182076), (-0.005999379, 0.9999818, -0.0005930792), (0.02203344, 0.9997551, -0.002061882), (0.4441848, 0.8959345, -0.001071095), (0.5845599, 0.8113493, -0.001447023), (-0.5845599, 0.8113493, 0.001447023), (-0.4441848, 0.8959345, 0.001071095), (-0.02203344, 0.9997551, 0.002061882), (0.005999379, 0.9999818, 0.0005930792), (0.3266429, 0.9451475, 0.0007182076), (0.5847103, 0.8112421, 0.0002986903), (-0.5195657, 0.7668657, 0.376787), (-0.3656073, 0.8559572, 0.3656073), (-0.01117909, 0.8986308, 0.4385633), (0.007588915, 0.9439854, 0.3299), (0.3299016, 0.8844941, 0.3299016), (0.5555967, 0.7900625, 0.2590629), (-0.4472136, 0.7745967, 0.4472136), (-0.376787, 0.7668657, 0.5195657), (-0.01472345, 0.8122511, 0.583122), (0.003210551, 0.811238, 0.5847073), (0.2590629, 0.7900625, 0.5555967), (0.5, 0.7071068, 0.5), (-0.4472136, -0.4472136, -0.7745967), (-0.5195657, -0.376787, -0.7668657), (-0.5838386, -0.008227935, -0.8118281), (-0.5847094, 0.00174595, -0.8112409), (-0.5555967, 0.2590629, -0.7900625), (-0.5, 0.5, -0.7071068), (-0.376787, -0.5195657, -0.7668657), (-0.3656073, -0.3656073, -0.8559572), (-0.4413572, -0.00616946, -0.8973103), (-0.3282781, 0.00416251, -0.9445719), (-0.3299016, 0.3299016, -0.8844941), (-0.2590629, 0.5555967, -0.7900625), (-0.01472345, -0.583122, -0.8122511), (-0.01117909, -0.4385633, -0.8986308), (-0.02137321, -0.01165728, -0.9997036), (-0.006163267, 0.003454011, -0.999975), (-0.007588915, 0.3299, -0.9439854), (-0.003210551, 0.5847073, -0.811238), (0.003210551, -0.5847073, -0.811238), (0.007588915, -0.3299, -0.9439854), (0.006163267, -0.003454011, -0.999975), (0.02137321, 0.01165728, -0.9997036), (0.01117909, 0.4385633, -0.8986308), (0.01472345, 0.583122, -0.8122511), (0.2590629, -0.5555967, -0.7900625), (0.3299016, -0.3299016, -0.8844941), (0.3282781, -0.00416251, -0.9445719), (0.4413572, 0.00616946, -0.8973103), (0.3656073, 0.3656073, -0.8559572), (0.376787, 0.5195657, -0.7668657), (0.5, -0.5, -0.7071068), (0.5555967, -0.2590629, -0.7900625), (0.5847094, -0.00174595, -0.8112409), (0.5838386, 0.008227935, -0.8118281), (0.5195657, 0.376787, -0.7668657), (0.4472136, 0.4472136, -0.7745967), (-0.5, -0.5, 0.7071068), (-0.5555967, -0.2590629, 0.7900625), (-0.5847094, -0.00174595, 0.8112409), (-0.5838386, 0.008227935, 0.8118281), (-0.5195657, 0.376787, 0.7668657), (-0.4472136, 0.4472136, 0.7745967), (-0.2590629, -0.5555967, 0.7900625), (-0.3299016, -0.3299016, 0.8844941), (-0.3282781, -0.00416251, 0.9445719), (-0.4413572, 0.00616946, 0.8973103), (-0.3656073, 0.3656073, 0.8559572), (-0.376787, 0.5195657, 0.7668657), (-0.003210551, -0.5847073, 0.811238), (-0.007588915, -0.3299, 0.9439854), (-0.006163267, -0.003454011, 0.999975), (-0.02137321, 0.01165728, 0.9997036), (-0.01117909, 0.4385633, 0.8986308), (-0.01472345, 0.583122, 0.8122511), (0.01472345, -0.583122, 0.8122511), (0.01117909, -0.4385633, 0.8986308), (0.02137321, -0.01165728, 0.9997036), (0.006163267, 0.003454011, 0.999975), (0.007588915, 0.3299, 0.9439854), (0.003210551, 0.5847073, 0.811238), (0.376787, -0.5195657, 0.7668657), (0.3656073, -0.3656073, 0.8559572), (0.4413572, -0.00616946, 0.8973103), (0.3282781, 0.00416251, 0.9445719), (0.3299016, 0.3299016, 0.8844941), (0.2590629, 0.5555967, 0.7900625), (0.4472136, -0.4472136, 0.7745967), (0.5195657, -0.376787, 0.7668657), (0.5838386, -0.008227935, 0.8118281), (0.5847094, 0.00174595, 0.8112409), (0.5555967, 0.2590629, 0.7900625), (0.5, 0.5, 0.7071068)] (interpolation = "vertex")
            float3[] extent = [(0.000856875, -0.000252, 0.003933), (0.001048125, 7.2e-05, 0.005667)]
            rel material:binding = </WorkbenchPart/Materials/solder>
        }
        def Mesh "SMDEndTermination_06" (prepend apiSchemas = ["MaterialBindingAPI"])
        {
            uniform token subdivisionScheme = "none"
            uniform token orientation = "rightHanded"
            bool doubleSided = false
            point3f[] points = [(0.001809483, -0.0002443923, 0.003940608), (0.001807875, -0.000246, 0.003945), (0.001807147, -0.0002467279, 0.003951), (0.001807147, -0.0002467279, 0.005649), (0.001807875, -0.000246, 0.005655), (0.001809483, -0.0002443923, 0.005659392), (0.001807875, -0.00024, 0.003939), (0.001805178, -0.0002413485, 0.003943652), (0.001803775, -0.0002420498, 0.003951), (0.001803775, -0.0002420498, 0.005649), (0.001805178, -0.0002413485, 0.005656348), (0.001807875, -0.00024, 0.005661), (0.001807147, -0.000234, 0.003938272), (0.001803775, -0.000234, 0.00394295), (0.001801875, -0.000234, 0.003951), (0.001801875, -0.000234, 0.005649), (0.001803775, -0.000234, 0.00565705), (0.001807147, -0.000234, 0.005661728), (0.001807147, 5.4e-05, 0.003938272), (0.001803775, 5.4e-05, 0.00394295), (0.001801875, 5.4e-05, 0.003951), (0.001801875, 5.4e-05, 0.005649), (0.001803775, 5.4e-05, 0.00565705), (0.001807147, 5.4e-05, 0.005661728), (0.001807875, 6e-05, 0.003939), (0.001805178, 6.134847e-05, 0.003943652), (0.001803775, 6.204984e-05, 0.003951), (0.001803775, 6.204984e-05, 0.005649), (0.001805178, 6.134847e-05, 0.005656348), (0.001807875, 6e-05, 0.005661), (0.001809483, 6.43923e-05, 0.003940608), (0.001807875, 6.6e-05, 0.003945), (0.001807147, 6.672792e-05, 0.003951), (0.001807147, 6.672792e-05, 0.005649), (0.001807875, 6.6e-05, 0.005655), (0.001809483, 6.43923e-05, 0.005659392), (0.001985517, -0.0002443923, 0.003940608), (0.001987125, -0.000246, 0.003945), (0.001987853, -0.0002467279, 0.003951), (0.001987853, -0.0002467279, 0.005649), (0.001987125, -0.000246, 0.005655), (0.001985517, -0.0002443923, 0.005659392), (0.001987125, -0.00024, 0.003939), (0.001989822, -0.0002413485, 0.003943652), (0.001991225, -0.0002420498, 0.003951), (0.001991225, -0.0002420498, 0.005649), (0.001989822, -0.0002413485, 0.005656348), (0.001987125, -0.00024, 0.005661), (0.001987853, -0.000234, 0.003938272), (0.001991225, -0.000234, 0.00394295), (0.001993125, -0.000234, 0.003951), (0.001993125, -0.000234, 0.005649), (0.001991225, -0.000234, 0.00565705), (0.001987853, -0.000234, 0.005661728), (0.001987853, 5.4e-05, 0.003938272), (0.001991225, 5.4e-05, 0.00394295), (0.001993125, 5.4e-05, 0.003951), (0.001993125, 5.4e-05, 0.005649), (0.001991225, 5.4e-05, 0.00565705), (0.001987853, 5.4e-05, 0.005661728), (0.001987125, 6e-05, 0.003939), (0.001989822, 6.134847e-05, 0.003943652), (0.001991225, 6.204984e-05, 0.003951), (0.001991225, 6.204984e-05, 0.005649), (0.001989822, 6.134847e-05, 0.005656348), (0.001987125, 6e-05, 0.005661), (0.001985517, 6.43923e-05, 0.003940608), (0.001987125, 6.6e-05, 0.003945), (0.001987853, 6.672792e-05, 0.003951), (0.001987853, 6.672792e-05, 0.005649), (0.001987125, 6.6e-05, 0.005655), (0.001985517, 6.43923e-05, 0.005659392), (0.001809483, -0.0002443923, 0.003940608), (0.001813875, -0.000246, 0.003939), (0.001819875, -0.0002467279, 0.003938272), (0.001975125, -0.0002467279, 0.003938272), (0.001981125, -0.000246, 0.003939), (0.001985517, -0.0002443923, 0.003940608), (0.001807875, -0.000246, 0.003945), (0.001812527, -0.0002486969, 0.003943652), (0.001819875, -0.0002500997, 0.00394295), (0.001975125, -0.0002500997, 0.00394295), (0.001982473, -0.0002486969, 0.003943652), (0.001987125, -0.000246, 0.003945), (0.001807147, -0.0002467279, 0.003951), (0.001811825, -0.0002500997, 0.003951), (0.001819875, -0.000252, 0.003951), (0.001975125, -0.000252, 0.003951), (0.001983175, -0.0002500997, 0.003951), (0.001987853, -0.0002467279, 0.003951), (0.001807147, -0.0002467279, 0.005649), (0.001811825, -0.0002500997, 0.005649), (0.001819875, -0.000252, 0.005649), (0.001975125, -0.000252, 0.005649), (0.001983175, -0.0002500997, 0.005649), (0.001987853, -0.0002467279, 0.005649), (0.001807875, -0.000246, 0.005655), (0.001812527, -0.0002486969, 0.005656348), (0.001819875, -0.0002500997, 0.00565705), (0.001975125, -0.0002500997, 0.00565705), (0.001982473, -0.0002486969, 0.005656348), (0.001987125, -0.000246, 0.005655), (0.001809483, -0.0002443923, 0.005659392), (0.001813875, -0.000246, 0.005661), (0.001819875, -0.0002467279, 0.005661728), (0.001975125, -0.0002467279, 0.005661728), (0.001981125, -0.000246, 0.005661), (0.001985517, -0.0002443923, 0.005659392), (0.001809483, 6.43923e-05, 0.003940608), (0.001813875, 6.6e-05, 0.003939), (0.001819875, 6.672792e-05, 0.003938272), (0.001975125, 6.672792e-05, 0.003938272), (0.001981125, 6.6e-05, 0.003939), (0.001985517, 6.43923e-05, 0.003940608), (0.001807875, 6.6e-05, 0.003945), (0.001812527, 6.869694e-05, 0.003943652), (0.001819875, 7.009969e-05, 0.00394295), (0.001975125, 7.009969e-05, 0.00394295), (0.001982473, 6.869694e-05, 0.003943652), (0.001987125, 6.6e-05, 0.003945), (0.001807147, 6.672792e-05, 0.003951), (0.001811825, 7.009969e-05, 0.003951), (0.001819875, 7.2e-05, 0.003951), (0.001975125, 7.2e-05, 0.003951), (0.001983175, 7.009969e-05, 0.003951), (0.001987853, 6.672792e-05, 0.003951), (0.001807147, 6.672792e-05, 0.005649), (0.001811825, 7.009969e-05, 0.005649), (0.001819875, 7.2e-05, 0.005649), (0.001975125, 7.2e-05, 0.005649), (0.001983175, 7.009969e-05, 0.005649), (0.001987853, 6.672792e-05, 0.005649), (0.001807875, 6.6e-05, 0.005655), (0.001812527, 6.869694e-05, 0.005656348), (0.001819875, 7.009969e-05, 0.00565705), (0.001975125, 7.009969e-05, 0.00565705), (0.001982473, 6.869694e-05, 0.005656348), (0.001987125, 6.6e-05, 0.005655), (0.001809483, 6.43923e-05, 0.005659392), (0.001813875, 6.6e-05, 0.005661), (0.001819875, 6.672792e-05, 0.005661728), (0.001975125, 6.672792e-05, 0.005661728), (0.001981125, 6.6e-05, 0.005661), (0.001985517, 6.43923e-05, 0.005659392), (0.001809483, -0.0002443923, 0.003940608), (0.001807875, -0.00024, 0.003939), (0.001807147, -0.000234, 0.003938272), (0.001807147, 5.4e-05, 0.003938272), (0.001807875, 6e-05, 0.003939), (0.001809483, 6.43923e-05, 0.003940608), (0.001813875, -0.000246, 0.003939), (0.001812527, -0.0002413485, 0.003936303), (0.001811825, -0.000234, 0.0039349), (0.001811825, 5.4e-05, 0.0039349), (0.001812527, 6.134847e-05, 0.003936303), (0.001813875, 6.6e-05, 0.003939), (0.001819875, -0.0002467279, 0.003938272), (0.001819875, -0.0002420498, 0.0039349), (0.001819875, -0.000234, 0.003933), (0.001819875, 5.4e-05, 0.003933), (0.001819875, 6.204984e-05, 0.0039349), (0.001819875, 6.672792e-05, 0.003938272), (0.001975125, -0.0002467279, 0.003938272), (0.001975125, -0.0002420498, 0.0039349), (0.001975125, -0.000234, 0.003933), (0.001975125, 5.4e-05, 0.003933), (0.001975125, 6.204984e-05, 0.0039349), (0.001975125, 6.672792e-05, 0.003938272), (0.001981125, -0.000246, 0.003939), (0.001982473, -0.0002413485, 0.003936303), (0.001983175, -0.000234, 0.0039349), (0.001983175, 5.4e-05, 0.0039349), (0.001982473, 6.134847e-05, 0.003936303), (0.001981125, 6.6e-05, 0.003939), (0.001985517, -0.0002443923, 0.003940608), (0.001987125, -0.00024, 0.003939), (0.001987853, -0.000234, 0.003938272), (0.001987853, 5.4e-05, 0.003938272), (0.001987125, 6e-05, 0.003939), (0.001985517, 6.43923e-05, 0.003940608), (0.001809483, -0.0002443923, 0.005659392), (0.001807875, -0.00024, 0.005661), (0.001807147, -0.000234, 0.005661728), (0.001807147, 5.4e-05, 0.005661728), (0.001807875, 6e-05, 0.005661), (0.001809483, 6.43923e-05, 0.005659392), (0.001813875, -0.000246, 0.005661), (0.001812527, -0.0002413485, 0.005663697), (0.001811825, -0.000234, 0.0056651), (0.001811825, 5.4e-05, 0.0056651), (0.001812527, 6.134847e-05, 0.005663697), (0.001813875, 6.6e-05, 0.005661), (0.001819875, -0.0002467279, 0.005661728), (0.001819875, -0.0002420498, 0.0056651), (0.001819875, -0.000234, 0.005667), (0.001819875, 5.4e-05, 0.005667), (0.001819875, 6.204984e-05, 0.0056651), (0.001819875, 6.672792e-05, 0.005661728), (0.001975125, -0.0002467279, 0.005661728), (0.001975125, -0.0002420498, 0.0056651), (0.001975125, -0.000234, 0.005667), (0.001975125, 5.4e-05, 0.005667), (0.001975125, 6.204984e-05, 0.0056651), (0.001975125, 6.672792e-05, 0.005661728), (0.001981125, -0.000246, 0.005661), (0.001982473, -0.0002413485, 0.005663697), (0.001983175, -0.000234, 0.0056651), (0.001983175, 5.4e-05, 0.0056651), (0.001982473, 6.134847e-05, 0.005663697), (0.001981125, 6.6e-05, 0.005661), (0.001985517, -0.0002443923, 0.005659392), (0.001987125, -0.00024, 0.005661), (0.001987853, -0.000234, 0.005661728), (0.001987853, 5.4e-05, 0.005661728), (0.001987125, 6e-05, 0.005661), (0.001985517, 6.43923e-05, 0.005659392)]
            int[] faceVertexCounts = [3, 3, 3, 3, 3, 3, 3, 3, 3, 3, 3, 3, 3, 3, 3, 3, 3, 3, 3, 3, 3, 3, 3, 3, 3, 3, 3, 3, 3, 3, 3, 3, 3, 3, 3, 3, 3, 3, 3, 3, 3, 3, 3, 3, 3, 3, 3, 3, 3, 3, 3, 3, 3, 3, 3, 3, 3, 3, 3, 3, 3, 3, 3, 3, 3, 3, 3, 3, 3, 3, 3, 3, 3, 3, 3, 3, 3, 3, 3, 3, 3, 3, 3, 3, 3, 3, 3, 3, 3, 3, 3, 3, 3, 3, 3, 3, 3, 3, 3, 3, 3, 3, 3, 3, 3, 3, 3, 3, 3, 3, 3, 3, 3, 3, 3, 3, 3, 3, 3, 3, 3, 3, 3, 3, 3, 3, 3, 3, 3, 3, 3, 3, 3, 3, 3, 3, 3, 3, 3, 3, 3, 3, 3, 3, 3, 3, 3, 3, 3, 3, 3, 3, 3, 3, 3, 3, 3, 3, 3, 3, 3, 3, 3, 3, 3, 3, 3, 3, 3, 3, 3, 3, 3, 3, 3, 3, 3, 3, 3, 3, 3, 3, 3, 3, 3, 3, 3, 3, 3, 3, 3, 3, 3, 3, 3, 3, 3, 3, 3, 3, 3, 3, 3, 3, 3, 3, 3, 3, 3, 3, 3, 3, 3, 3, 3, 3, 3, 3, 3, 3, 3, 3, 3, 3, 3, 3, 3, 3, 3, 3, 3, 3, 3, 3, 3, 3, 3, 3, 3, 3, 3, 3, 3, 3, 3, 3, 3, 3, 3, 3, 3, 3, 3, 3, 3, 3, 3, 3, 3, 3, 3, 3, 3, 3, 3, 3, 3, 3, 3, 3, 3, 3, 3, 3, 3, 3, 3, 3, 3, 3, 3, 3, 3, 3, 3, 3, 3, 3, 3, 3, 3, 3, 3, 3, 3, 3, 3, 3, 3, 3]
            int[] faceVertexIndices = [1, 7, 6, 1, 6, 0, 2, 8, 7, 2, 7, 1, 3, 9, 8, 3, 8, 2, 4, 10, 9, 4, 9, 3, 5, 11, 10, 5, 10, 4, 7, 13, 12, 7, 12, 6, 8, 14, 13, 8, 13, 7, 9, 15, 14, 9, 14, 8, 10, 16, 15, 10, 15, 9, 11, 17, 16, 11, 16, 10, 13, 19, 18, 13, 18, 12, 14, 20, 19, 14, 19, 13, 15, 21, 20, 15, 20, 14, 16, 22, 21, 16, 21, 15, 17, 23, 22, 17, 22, 16, 19, 25, 24, 19, 24, 18, 20, 26, 25, 20, 25, 19, 21, 27, 26, 21, 26, 20, 22, 28, 27, 22, 27, 21, 23, 29, 28, 23, 28, 22, 25, 31, 30, 25, 30, 24, 26, 32, 31, 26, 31, 25, 27, 33, 32, 27, 32, 26, 28, 34, 33, 28, 33, 27, 29, 35, 34, 29, 34, 28, 36, 42, 43, 36, 43, 37, 37, 43, 44, 37, 44, 38, 38, 44, 45, 38, 45, 39, 39, 45, 46, 39, 46, 40, 40, 46, 47, 40, 47, 41, 42, 48, 49, 42, 49, 43, 43, 49, 50, 43, 50, 44, 44, 50, 51, 44, 51, 45, 45, 51, 52, 45, 52, 46, 46, 52, 53, 46, 53, 47, 48, 54, 55, 48, 55, 49, 49, 55, 56, 49, 56, 50, 50, 56, 57, 50, 57, 51, 51, 57, 58, 51, 58, 52, 52, 58, 59, 52, 59, 53, 54, 60, 61, 54, 61, 55, 55, 61, 62, 55, 62, 56, 56, 62, 63, 56, 63, 57, 57, 63, 64, 57, 64, 58, 58, 64, 65, 58, 65, 59, 60, 66, 67, 60, 67, 61, 61, 67, 68, 61, 68, 62, 62, 68, 69, 62, 69, 63, 63, 69, 70, 63, 70, 64, 64, 70, 71, 64, 71, 65, 73, 79, 78, 73, 78, 72, 74, 80, 79, 74, 79, 73, 75, 81, 80, 75, 80, 74, 76, 82, 81, 76, 81, 75, 77, 83, 82, 77, 82, 76, 79, 85, 84, 79, 84, 78, 80, 86, 85, 80, 85, 79, 81, 87, 86, 81, 86, 80, 82, 88, 87, 82, 87, 81, 83, 89, 88, 83, 88, 82, 85, 91, 90, 85, 90, 84, 86, 92, 91, 86, 91, 85, 87, 93, 92, 87, 92, 86, 88, 94, 93, 88, 93, 87, 89, 95, 94, 89, 94, 88, 91, 97, 96, 91, 96, 90, 92, 98, 97, 92, 97, 91, 93, 99, 98, 93, 98, 92, 94, 100, 99, 94, 99, 93, 95, 101, 100, 95, 100, 94, 97, 103, 102, 97, 102, 96, 98, 104, 103, 98, 103, 97, 99, 105, 104, 99, 104, 98, 100, 106, 105, 100, 105, 99, 101, 107, 106, 101, 106, 100, 108, 114, 115, 108, 115, 109, 109, 115, 116, 109, 116, 110, 110, 116, 117, 110, 117, 111, 111, 117, 118, 111, 118, 112, 112, 118, 119, 112, 119, 113, 114, 120, 121, 114, 121, 115, 115, 121, 122, 115, 122, 116, 116, 122, 123, 116, 123, 117, 117, 123, 124, 117, 124, 118, 118, 124, 125, 118, 125, 119, 120, 126, 127, 120, 127, 121, 121, 127, 128, 121, 128, 122, 122, 128, 129, 122, 129, 123, 123, 129, 130, 123, 130, 124, 124, 130, 131, 124, 131, 125, 126, 132, 133, 126, 133, 127, 127, 133, 134, 127, 134, 128, 128, 134, 135, 128, 135, 129, 129, 135, 136, 129, 136, 130, 130, 136, 137, 130, 137, 131, 132, 138, 139, 132, 139, 133, 133, 139, 140, 133, 140, 134, 134, 140, 141, 134, 141, 135, 135, 141, 142, 135, 142, 136, 136, 142, 143, 136, 143, 137, 145, 151, 150, 145, 150, 144, 146, 152, 151, 146, 151, 145, 147, 153, 152, 147, 152, 146, 148, 154, 153, 148, 153, 147, 149, 155, 154, 149, 154, 148, 151, 157, 156, 151, 156, 150, 152, 158, 157, 152, 157, 151, 153, 159, 158, 153, 158, 152, 154, 160, 159, 154, 159, 153, 155, 161, 160, 155, 160, 154, 157, 163, 162, 157, 162, 156, 158, 164, 163, 158, 163, 157, 159, 165, 164, 159, 164, 158, 160, 166, 165, 160, 165, 159, 161, 167, 166, 161, 166, 160, 163, 169, 168, 163, 168, 162, 164, 170, 169, 164, 169, 163, 165, 171, 170, 165, 170, 164, 166, 172, 171, 166, 171, 165, 167, 173, 172, 167, 172, 166, 169, 175, 174, 169, 174, 168, 170, 176, 175, 170, 175, 169, 171, 177, 176, 171, 176, 170, 172, 178, 177, 172, 177, 171, 173, 179, 178, 173, 178, 172, 180, 186, 187, 180, 187, 181, 181, 187, 188, 181, 188, 182, 182, 188, 189, 182, 189, 183, 183, 189, 190, 183, 190, 184, 184, 190, 191, 184, 191, 185, 186, 192, 193, 186, 193, 187, 187, 193, 194, 187, 194, 188, 188, 194, 195, 188, 195, 189, 189, 195, 196, 189, 196, 190, 190, 196, 197, 190, 197, 191, 192, 198, 199, 192, 199, 193, 193, 199, 200, 193, 200, 194, 194, 200, 201, 194, 201, 195, 195, 201, 202, 195, 202, 196, 196, 202, 203, 196, 203, 197, 198, 204, 205, 198, 205, 199, 199, 205, 206, 199, 206, 200, 200, 206, 207, 200, 207, 201, 201, 207, 208, 201, 208, 202, 202, 208, 209, 202, 209, 203, 204, 210, 211, 204, 211, 205, 205, 211, 212, 205, 212, 206, 206, 212, 213, 206, 213, 207, 207, 213, 214, 207, 214, 208, 208, 214, 215, 208, 215, 209]
            normal3f[] normals = [(-0.7745967, -0.4472136, -0.4472136), (-0.7668657, -0.5195657, -0.376787), (-0.8113493, -0.5845599, -0.001447023), (-0.8112421, -0.5847103, 0.0002986903), (-0.7900625, -0.5555967, 0.2590629), (-0.7071068, -0.5, 0.5), (-0.7668657, -0.376787, -0.5195657), (-0.8559572, -0.3656073, -0.3656073), (-0.8959345, -0.4441848, -0.001071095), (-0.9451475, -0.3266429, 0.0007182076), (-0.8844941, -0.3299016, 0.3299016), (-0.7900625, -0.2590629, 0.5555967), (-0.8118281, -0.008227935, -0.5838386), (-0.8973103, -0.00616946, -0.4413572), (-0.9999207, -0.01241355, -0.002129855), (-0.9999945, -0.003272431, 0.0005772504), (-0.9445719, -0.00416251, 0.3282781), (-0.8112409, -0.00174595, 0.5847094), (-0.8112409, 0.00174595, -0.5847094), (-0.9445719, 0.00416251, -0.3282781), (-0.9999945, 0.003272431, -0.0005772504), (-0.9999207, 0.01241355, 0.002129855), (-0.8973103, 0.00616946, 0.4413572), (-0.8118281, 0.008227935, 0.5838386), (-0.7900625, 0.2590629, -0.5555967), (-0.8844941, 0.3299016, -0.3299016), (-0.9451475, 0.3266429, -0.0007182076), (-0.8959345, 0.4441848, 0.001071095), (-0.8559572, 0.3656073, 0.3656073), (-0.7668657, 0.376787, 0.5195657), (-0.7071068, 0.5, -0.5), (-0.7900625, 0.5555967, -0.2590629), (-0.8112421, 0.5847103, -0.0002986903), (-0.8113493, 0.5845599, 0.001447023), (-0.7668657, 0.5195657, 0.376787), (-0.7745967, 0.4472136, 0.4472136), (0.7071068, -0.5, -0.5), (0.7900625, -0.5555967, -0.2590629), (0.8112421, -0.5847103, -0.0002986903), (0.8113493, -0.5845599, 0.001447023), (0.7668657, -0.5195657, 0.376787), (0.7745967, -0.4472136, 0.4472136), (0.7900625, -0.2590629, -0.5555967), (0.8844941, -0.3299016, -0.3299016), (0.9451475, -0.3266429, -0.0007182076), (0.8959345, -0.4441848, 0.001071095), (0.8559572, -0.3656073, 0.3656073), (0.7668657, -0.376787, 0.5195657), (0.8112409, -0.00174595, -0.5847094), (0.9445719, -0.00416251, -0.3282781), (0.9999945, -0.003272431, -0.0005772504), (0.9999207, -0.01241355, 0.002129855), (0.8973103, -0.00616946, 0.4413572), (0.8118281, -0.008227935, 0.5838386), (0.8118281, 0.008227935, -0.5838386), (0.8973103, 0.00616946, -0.4413572), (0.9999207, 0.01241355, -0.002129855), (0.9999945, 0.003272431, 0.0005772504), (0.9445719, 0.00416251, 0.3282781), (0.8112409, 0.00174595, 0.5847094), (0.7668657, 0.376787, -0.5195657), (0.8559572, 0.3656073, -0.3656073), (0.8959345, 0.4441848, -0.001071095), (0.9451475, 0.3266429, 0.0007182076), (0.8844941, 0.3299016, 0.3299016), (0.7900625, 0.2590629, 0.5555967), (0.7745967, 0.4472136, -0.4472136), (0.7668657, 0.5195657, -0.376787), (0.8113493, 0.5845599, -0.001447023), (0.8112421, 0.5847103, 0.0002986903), (0.7900625, 0.5555967, 0.2590629), (0.7071068, 0.5, 0.5), (-0.4472136, -0.7745967, -0.4472136), (-0.376787, -0.7668657, -0.5195657), (-0.01472345, -0.8122511, -0.583122), (0.003210551, -0.811238, -0.5847073), (0.2590629, -0.7900625, -0.5555967), (0.5, -0.7071068, -0.5), (-0.5195657, -0.7668657, -0.376787), (-0.3656073, -0.8559572, -0.3656073), (-0.01117909, -0.8986308, -0.4385633), (0.007588915, -0.9439854, -0.3299), (0.3299016, -0.8844941, -0.3299016), (0.5555967, -0.7900625, -0.2590629), (-0.5845599, -0.8113493, -0.001447023), (-0.4441848, -0.8959345, -0.001071095), (-0.02203344, -0.9997551, -0.002061882), (0.005999379, -0.9999818, -0.0005930792), (0.3266429, -0.9451475, -0.0007182076), (0.5847103, -0.8112421, -0.0002986903), (-0.5847103, -0.8112421, 0.0002986903), (-0.3266429, -0.9451475, 0.0007182076), (-0.005999379, -0.9999818, 0.0005930792), (0.02203344, -0.9997551, 0.002061882), (0.4441848, -0.8959345, 0.001071095), (0.5845599, -0.8113493, 0.001447023), (-0.5555967, -0.7900625, 0.2590629), (-0.3299016, -0.8844941, 0.3299016), (-0.007588915, -0.9439854, 0.3299), (0.01117909, -0.8986308, 0.4385633), (0.3656073, -0.8559572, 0.3656073), (0.5195657, -0.7668657, 0.376787), (-0.5, -0.7071068, 0.5), (-0.2590629, -0.7900625, 0.5555967), (-0.003210551, -0.811238, 0.5847073), (0.01472345, -0.8122511, 0.583122), (0.376787, -0.7668657, 0.5195657), (0.4472136, -0.7745967, 0.4472136), (-0.5, 0.7071068, -0.5), (-0.2590629, 0.7900625, -0.5555967), (-0.003210551, 0.811238, -0.5847073), (0.01472345, 0.8122511, -0.583122), (0.376787, 0.7668657, -0.5195657), (0.4472136, 0.7745967, -0.4472136), (-0.5555967, 0.7900625, -0.2590629), (-0.3299016, 0.8844941, -0.3299016), (-0.007588915, 0.9439854, -0.3299), (0.01117909, 0.8986308, -0.4385633), (0.3656073, 0.8559572, -0.3656073), (0.5195657, 0.7668657, -0.376787), (-0.5847103, 0.8112421, -0.0002986903), (-0.3266429, 0.9451475, -0.0007182076), (-0.005999379, 0.9999818, -0.0005930792), (0.02203344, 0.9997551, -0.002061882), (0.4441848, 0.8959345, -0.001071095), (0.5845599, 0.8113493, -0.001447023), (-0.5845599, 0.8113493, 0.001447023), (-0.4441848, 0.8959345, 0.001071095), (-0.02203344, 0.9997551, 0.002061882), (0.005999379, 0.9999818, 0.0005930792), (0.3266429, 0.9451475, 0.0007182076), (0.5847103, 0.8112421, 0.0002986903), (-0.5195657, 0.7668657, 0.376787), (-0.3656073, 0.8559572, 0.3656073), (-0.01117909, 0.8986308, 0.4385633), (0.007588915, 0.9439854, 0.3299), (0.3299016, 0.8844941, 0.3299016), (0.5555967, 0.7900625, 0.2590629), (-0.4472136, 0.7745967, 0.4472136), (-0.376787, 0.7668657, 0.5195657), (-0.01472345, 0.8122511, 0.583122), (0.003210551, 0.811238, 0.5847073), (0.2590629, 0.7900625, 0.5555967), (0.5, 0.7071068, 0.5), (-0.4472136, -0.4472136, -0.7745967), (-0.5195657, -0.376787, -0.7668657), (-0.5838386, -0.008227935, -0.8118281), (-0.5847094, 0.00174595, -0.8112409), (-0.5555967, 0.2590629, -0.7900625), (-0.5, 0.5, -0.7071068), (-0.376787, -0.5195657, -0.7668657), (-0.3656073, -0.3656073, -0.8559572), (-0.4413572, -0.00616946, -0.8973103), (-0.3282781, 0.00416251, -0.9445719), (-0.3299016, 0.3299016, -0.8844941), (-0.2590629, 0.5555967, -0.7900625), (-0.01472345, -0.583122, -0.8122511), (-0.01117909, -0.4385633, -0.8986308), (-0.02137321, -0.01165728, -0.9997036), (-0.006163267, 0.003454011, -0.999975), (-0.007588915, 0.3299, -0.9439854), (-0.003210551, 0.5847073, -0.811238), (0.003210551, -0.5847073, -0.811238), (0.007588915, -0.3299, -0.9439854), (0.006163267, -0.003454011, -0.999975), (0.02137321, 0.01165728, -0.9997036), (0.01117909, 0.4385633, -0.8986308), (0.01472345, 0.583122, -0.8122511), (0.2590629, -0.5555967, -0.7900625), (0.3299016, -0.3299016, -0.8844941), (0.3282781, -0.00416251, -0.9445719), (0.4413572, 0.00616946, -0.8973103), (0.3656073, 0.3656073, -0.8559572), (0.376787, 0.5195657, -0.7668657), (0.5, -0.5, -0.7071068), (0.5555967, -0.2590629, -0.7900625), (0.5847094, -0.00174595, -0.8112409), (0.5838386, 0.008227935, -0.8118281), (0.5195657, 0.376787, -0.7668657), (0.4472136, 0.4472136, -0.7745967), (-0.5, -0.5, 0.7071068), (-0.5555967, -0.2590629, 0.7900625), (-0.5847094, -0.00174595, 0.8112409), (-0.5838386, 0.008227935, 0.8118281), (-0.5195657, 0.376787, 0.7668657), (-0.4472136, 0.4472136, 0.7745967), (-0.2590629, -0.5555967, 0.7900625), (-0.3299016, -0.3299016, 0.8844941), (-0.3282781, -0.00416251, 0.9445719), (-0.4413572, 0.00616946, 0.8973103), (-0.3656073, 0.3656073, 0.8559572), (-0.376787, 0.5195657, 0.7668657), (-0.003210551, -0.5847073, 0.811238), (-0.007588915, -0.3299, 0.9439854), (-0.006163267, -0.003454011, 0.999975), (-0.02137321, 0.01165728, 0.9997036), (-0.01117909, 0.4385633, 0.8986308), (-0.01472345, 0.583122, 0.8122511), (0.01472345, -0.583122, 0.8122511), (0.01117909, -0.4385633, 0.8986308), (0.02137321, -0.01165728, 0.9997036), (0.006163267, 0.003454011, 0.999975), (0.007588915, 0.3299, 0.9439854), (0.003210551, 0.5847073, 0.811238), (0.376787, -0.5195657, 0.7668657), (0.3656073, -0.3656073, 0.8559572), (0.4413572, -0.00616946, 0.8973103), (0.3282781, 0.00416251, 0.9445719), (0.3299016, 0.3299016, 0.8844941), (0.2590629, 0.5555967, 0.7900625), (0.4472136, -0.4472136, 0.7745967), (0.5195657, -0.376787, 0.7668657), (0.5838386, -0.008227935, 0.8118281), (0.5847094, 0.00174595, 0.8112409), (0.5555967, 0.2590629, 0.7900625), (0.5, 0.5, 0.7071068)] (interpolation = "vertex")
            float3[] extent = [(0.001801875, -0.000252, 0.003933), (0.001993125, 7.2e-05, 0.005667)]
            rel material:binding = </WorkbenchPart/Materials/solder>
        }
        def Mesh "SignalPad_04" (prepend apiSchemas = ["MaterialBindingAPI"])
        {
            uniform token subdivisionScheme = "none"
            uniform token orientation = "rightHanded"
            bool doubleSided = false
            point3f[] points = [(0.003577715, -0.0003217846, 0.008115215), (0.0035745, -0.000325, 0.008124), (0.003573044, -0.0003264558, 0.008136), (0.003573044, -0.0003264558, 0.009464), (0.0035745, -0.000325, 0.009476), (0.003577715, -0.0003217846, 0.009484785), (0.0035745, -0.000313, 0.008112), (0.003569106, -0.0003156969, 0.008121303), (0.003566301, -0.0003170997, 0.008136), (0.003566301, -0.0003170997, 0.009464), (0.003569106, -0.0003156969, 0.009478697), (0.0035745, -0.000313, 0.009488), (0.003573044, -0.000301, 0.008110544), (0.003566301, -0.000301, 0.0081199), (0.0035625, -0.000301, 0.008136), (0.0035625, -0.000301, 0.009464), (0.003566301, -0.000301, 0.0094801), (0.003573044, -0.000301, 0.009489456), (0.003573044, -0.000293, 0.008110544), (0.003566301, -0.000293, 0.0081199), (0.0035625, -0.000293, 0.008136), (0.0035625, -0.000293, 0.009464), (0.003566301, -0.000293, 0.0094801), (0.003573044, -0.000293, 0.009489456), (0.0035745, -0.000281, 0.008112), (0.003569106, -0.0002783031, 0.008121303), (0.003566301, -0.0002769003, 0.008136), (0.003566301, -0.0002769003, 0.009464), (0.003569106, -0.0002783031, 0.009478697), (0.0035745, -0.000281, 0.009488), (0.003577715, -0.0002722154, 0.008115215), (0.0035745, -0.000269, 0.008124), (0.003573044, -0.0002675442, 0.008136), (0.003573044, -0.0002675442, 0.009464), (0.0035745, -0.000269, 0.009476), (0.003577715, -0.0002722154, 0.009484785), (0.004972285, -0.0003217846, 0.008115215), (0.0049755, -0.000325, 0.008124), (0.004976956, -0.0003264558, 0.008136), (0.004976956, -0.0003264558, 0.009464), (0.0049755, -0.000325, 0.009476), (0.004972285, -0.0003217846, 0.009484785), (0.0049755, -0.000313, 0.008112), (0.004980894, -0.0003156969, 0.008121303), (0.004983699, -0.0003170997, 0.008136), (0.004983699, -0.0003170997, 0.009464), (0.004980894, -0.0003156969, 0.009478697), (0.0049755, -0.000313, 0.009488), (0.004976956, -0.000301, 0.008110544), (0.004983699, -0.000301, 0.0081199), (0.0049875, -0.000301, 0.008136), (0.0049875, -0.000301, 0.009464), (0.004983699, -0.000301, 0.0094801), (0.004976956, -0.000301, 0.009489456), (0.004976956, -0.000293, 0.008110544), (0.004983699, -0.000293, 0.0081199), (0.0049875, -0.000293, 0.008136), (0.0049875, -0.000293, 0.009464), (0.004983699, -0.000293, 0.0094801), (0.004976956, -0.000293, 0.009489456), (0.0049755, -0.000281, 0.008112), (0.004980894, -0.0002783031, 0.008121303), (0.004983699, -0.0002769003, 0.008136), (0.004983699, -0.0002769003, 0.009464), (0.004980894, -0.0002783031, 0.009478697), (0.0049755, -0.000281, 0.009488), (0.004972285, -0.0002722154, 0.008115215), (0.0049755, -0.000269, 0.008124), (0.004976956, -0.0002675442, 0.008136), (0.004976956, -0.0002675442, 0.009464), (0.0049755, -0.000269, 0.009476), (0.004972285, -0.0002722154, 0.009484785), (0.003577715, -0.0003217846, 0.008115215), (0.0035865, -0.000325, 0.008112), (0.0035985, -0.0003264558, 0.008110544), (0.0049515, -0.0003264558, 0.008110544), (0.0049635, -0.000325, 0.008112), (0.004972285, -0.0003217846, 0.008115215), (0.0035745, -0.000325, 0.008124), (0.003583803, -0.0003303939, 0.008121303), (0.0035985, -0.0003331994, 0.0081199), (0.0049515, -0.0003331994, 0.0081199), (0.004966197, -0.0003303939, 0.008121303), (0.0049755, -0.000325, 0.008124), (0.003573044, -0.0003264558, 0.008136), (0.0035824, -0.0003331994, 0.008136), (0.0035985, -0.000337, 0.008136), (0.0049515, -0.000337, 0.008136), (0.0049676, -0.0003331994, 0.008136), (0.004976956, -0.0003264558, 0.008136), (0.003573044, -0.0003264558, 0.009464), (0.0035824, -0.0003331994, 0.009464), (0.0035985, -0.000337, 0.009464), (0.0049515, -0.000337, 0.009464), (0.0049676, -0.0003331994, 0.009464), (0.004976956, -0.0003264558, 0.009464), (0.0035745, -0.000325, 0.009476), (0.003583803, -0.0003303939, 0.009478697), (0.0035985, -0.0003331994, 0.0094801), (0.0049515, -0.0003331994, 0.0094801), (0.004966197, -0.0003303939, 0.009478697), (0.0049755, -0.000325, 0.009476), (0.003577715, -0.0003217846, 0.009484785), (0.0035865, -0.000325, 0.009488), (0.0035985, -0.0003264558, 0.009489456), (0.0049515, -0.0003264558, 0.009489456), (0.0049635, -0.000325, 0.009488), (0.004972285, -0.0003217846, 0.009484785), (0.003577715, -0.0002722154, 0.008115215), (0.0035865, -0.000269, 0.008112), (0.0035985, -0.0002675442, 0.008110544), (0.0049515, -0.0002675442, 0.008110544), (0.0049635, -0.000269, 0.008112), (0.004972285, -0.0002722154, 0.008115215), (0.0035745, -0.000269, 0.008124), (0.003583803, -0.0002636061, 0.008121303), (0.0035985, -0.0002608006, 0.0081199), (0.0049515, -0.0002608006, 0.0081199), (0.004966197, -0.0002636061, 0.008121303), (0.0049755, -0.000269, 0.008124), (0.003573044, -0.0002675442, 0.008136), (0.0035824, -0.0002608006, 0.008136), (0.0035985, -0.000257, 0.008136), (0.0049515, -0.000257, 0.008136), (0.0049676, -0.0002608006, 0.008136), (0.004976956, -0.0002675442, 0.008136), (0.003573044, -0.0002675442, 0.009464), (0.0035824, -0.0002608006, 0.009464), (0.0035985, -0.000257, 0.009464), (0.0049515, -0.000257, 0.009464), (0.0049676, -0.0002608006, 0.009464), (0.004976956, -0.0002675442, 0.009464), (0.0035745, -0.000269, 0.009476), (0.003583803, -0.0002636061, 0.009478697), (0.0035985, -0.0002608006, 0.0094801), (0.0049515, -0.0002608006, 0.0094801), (0.004966197, -0.0002636061, 0.009478697), (0.0049755, -0.000269, 0.009476), (0.003577715, -0.0002722154, 0.009484785), (0.0035865, -0.000269, 0.009488), (0.0035985, -0.0002675442, 0.009489456), (0.0049515, -0.0002675442, 0.009489456), (0.0049635, -0.000269, 0.009488), (0.004972285, -0.0002722154, 0.009484785), (0.003577715, -0.0003217846, 0.008115215), (0.0035745, -0.000313, 0.008112), (0.003573044, -0.000301, 0.008110544), (0.003573044, -0.000293, 0.008110544), (0.0035745, -0.000281, 0.008112), (0.003577715, -0.0002722154, 0.008115215), (0.0035865, -0.000325, 0.008112), (0.003583803, -0.0003156969, 0.008106606), (0.0035824, -0.000301, 0.008103801), (0.0035824, -0.000293, 0.008103801), (0.003583803, -0.0002783031, 0.008106606), (0.0035865, -0.000269, 0.008112), (0.0035985, -0.0003264558, 0.008110544), (0.0035985, -0.0003170997, 0.008103801), (0.0035985, -0.000301, 0.0081), (0.0035985, -0.000293, 0.0081), (0.0035985, -0.0002769003, 0.008103801), (0.0035985, -0.0002675442, 0.008110544), (0.0049515, -0.0003264558, 0.008110544), (0.0049515, -0.0003170997, 0.008103801), (0.0049515, -0.000301, 0.0081), (0.0049515, -0.000293, 0.0081), (0.0049515, -0.0002769003, 0.008103801), (0.0049515, -0.0002675442, 0.008110544), (0.0049635, -0.000325, 0.008112), (0.004966197, -0.0003156969, 0.008106606), (0.0049676, -0.000301, 0.008103801), (0.0049676, -0.000293, 0.008103801), (0.004966197, -0.0002783031, 0.008106606), (0.0049635, -0.000269, 0.008112), (0.004972285, -0.0003217846, 0.008115215), (0.0049755, -0.000313, 0.008112), (0.004976956, -0.000301, 0.008110544), (0.004976956, -0.000293, 0.008110544), (0.0049755, -0.000281, 0.008112), (0.004972285, -0.0002722154, 0.008115215), (0.003577715, -0.0003217846, 0.009484785), (0.0035745, -0.000313, 0.009488), (0.003573044, -0.000301, 0.009489456), (0.003573044, -0.000293, 0.009489456), (0.0035745, -0.000281, 0.009488), (0.003577715, -0.0002722154, 0.009484785), (0.0035865, -0.000325, 0.009488), (0.003583803, -0.0003156969, 0.009493394), (0.0035824, -0.000301, 0.009496199), (0.0035824, -0.000293, 0.009496199), (0.003583803, -0.0002783031, 0.009493394), (0.0035865, -0.000269, 0.009488), (0.0035985, -0.0003264558, 0.009489456), (0.0035985, -0.0003170997, 0.009496199), (0.0035985, -0.000301, 0.0095), (0.0035985, -0.000293, 0.0095), (0.0035985, -0.0002769003, 0.009496199), (0.0035985, -0.0002675442, 0.009489456), (0.0049515, -0.0003264558, 0.009489456), (0.0049515, -0.0003170997, 0.009496199), (0.0049515, -0.000301, 0.0095), (0.0049515, -0.000293, 0.0095), (0.0049515, -0.0002769003, 0.009496199), (0.0049515, -0.0002675442, 0.009489456), (0.0049635, -0.000325, 0.009488), (0.004966197, -0.0003156969, 0.009493394), (0.0049676, -0.000301, 0.009496199), (0.0049676, -0.000293, 0.009496199), (0.004966197, -0.0002783031, 0.009493394), (0.0049635, -0.000269, 0.009488), (0.004972285, -0.0003217846, 0.009484785), (0.0049755, -0.000313, 0.009488), (0.004976956, -0.000301, 0.009489456), (0.004976956, -0.000293, 0.009489456), (0.0049755, -0.000281, 0.009488), (0.004972285, -0.0002722154, 0.009484785)]
            int[] faceVertexCounts = [3, 3, 3, 3, 3, 3, 3, 3, 3, 3, 3, 3, 3, 3, 3, 3, 3, 3, 3, 3, 3, 3, 3, 3, 3, 3, 3, 3, 3, 3, 3, 3, 3, 3, 3, 3, 3, 3, 3, 3, 3, 3, 3, 3, 3, 3, 3, 3, 3, 3, 3, 3, 3, 3, 3, 3, 3, 3, 3, 3, 3, 3, 3, 3, 3, 3, 3, 3, 3, 3, 3, 3, 3, 3, 3, 3, 3, 3, 3, 3, 3, 3, 3, 3, 3, 3, 3, 3, 3, 3, 3, 3, 3, 3, 3, 3, 3, 3, 3, 3, 3, 3, 3, 3, 3, 3, 3, 3, 3, 3, 3, 3, 3, 3, 3, 3, 3, 3, 3, 3, 3, 3, 3, 3, 3, 3, 3, 3, 3, 3, 3, 3, 3, 3, 3, 3, 3, 3, 3, 3, 3, 3, 3, 3, 3, 3, 3, 3, 3, 3, 3, 3, 3, 3, 3, 3, 3, 3, 3, 3, 3, 3, 3, 3, 3, 3, 3, 3, 3, 3, 3, 3, 3, 3, 3, 3, 3, 3, 3, 3, 3, 3, 3, 3, 3, 3, 3, 3, 3, 3, 3, 3, 3, 3, 3, 3, 3, 3, 3, 3, 3, 3, 3, 3, 3, 3, 3, 3, 3, 3, 3, 3, 3, 3, 3, 3, 3, 3, 3, 3, 3, 3, 3, 3, 3, 3, 3, 3, 3, 3, 3, 3, 3, 3, 3, 3, 3, 3, 3, 3, 3, 3, 3, 3, 3, 3, 3, 3, 3, 3, 3, 3, 3, 3, 3, 3, 3, 3, 3, 3, 3, 3, 3, 3, 3, 3, 3, 3, 3, 3, 3, 3, 3, 3, 3, 3, 3, 3, 3, 3, 3, 3, 3, 3, 3, 3, 3, 3, 3, 3, 3, 3, 3, 3, 3, 3, 3, 3, 3, 3]
            int[] faceVertexIndices = [1, 7, 6, 1, 6, 0, 2, 8, 7, 2, 7, 1, 3, 9, 8, 3, 8, 2, 4, 10, 9, 4, 9, 3, 5, 11, 10, 5, 10, 4, 7, 13, 12, 7, 12, 6, 8, 14, 13, 8, 13, 7, 9, 15, 14, 9, 14, 8, 10, 16, 15, 10, 15, 9, 11, 17, 16, 11, 16, 10, 13, 19, 18, 13, 18, 12, 14, 20, 19, 14, 19, 13, 15, 21, 20, 15, 20, 14, 16, 22, 21, 16, 21, 15, 17, 23, 22, 17, 22, 16, 19, 25, 24, 19, 24, 18, 20, 26, 25, 20, 25, 19, 21, 27, 26, 21, 26, 20, 22, 28, 27, 22, 27, 21, 23, 29, 28, 23, 28, 22, 25, 31, 30, 25, 30, 24, 26, 32, 31, 26, 31, 25, 27, 33, 32, 27, 32, 26, 28, 34, 33, 28, 33, 27, 29, 35, 34, 29, 34, 28, 36, 42, 43, 36, 43, 37, 37, 43, 44, 37, 44, 38, 38, 44, 45, 38, 45, 39, 39, 45, 46, 39, 46, 40, 40, 46, 47, 40, 47, 41, 42, 48, 49, 42, 49, 43, 43, 49, 50, 43, 50, 44, 44, 50, 51, 44, 51, 45, 45, 51, 52, 45, 52, 46, 46, 52, 53, 46, 53, 47, 48, 54, 55, 48, 55, 49, 49, 55, 56, 49, 56, 50, 50, 56, 57, 50, 57, 51, 51, 57, 58, 51, 58, 52, 52, 58, 59, 52, 59, 53, 54, 60, 61, 54, 61, 55, 55, 61, 62, 55, 62, 56, 56, 62, 63, 56, 63, 57, 57, 63, 64, 57, 64, 58, 58, 64, 65, 58, 65, 59, 60, 66, 67, 60, 67, 61, 61, 67, 68, 61, 68, 62, 62, 68, 69, 62, 69, 63, 63, 69, 70, 63, 70, 64, 64, 70, 71, 64, 71, 65, 73, 79, 78, 73, 78, 72, 74, 80, 79, 74, 79, 73, 75, 81, 80, 75, 80, 74, 76, 82, 81, 76, 81, 75, 77, 83, 82, 77, 82, 76, 79, 85, 84, 79, 84, 78, 80, 86, 85, 80, 85, 79, 81, 87, 86, 81, 86, 80, 82, 88, 87, 82, 87, 81, 83, 89, 88, 83, 88, 82, 85, 91, 90, 85, 90, 84, 86, 92, 91, 86, 91, 85, 87, 93, 92, 87, 92, 86, 88, 94, 93, 88, 93, 87, 89, 95, 94, 89, 94, 88, 91, 97, 96, 91, 96, 90, 92, 98, 97, 92, 97, 91, 93, 99, 98, 93, 98, 92, 94, 100, 99, 94, 99, 93, 95, 101, 100, 95, 100, 94, 97, 103, 102, 97, 102, 96, 98, 104, 103, 98, 103, 97, 99, 105, 104, 99, 104, 98, 100, 106, 105, 100, 105, 99, 101, 107, 106, 101, 106, 100, 108, 114, 115, 108, 115, 109, 109, 115, 116, 109, 116, 110, 110, 116, 117, 110, 117, 111, 111, 117, 118, 111, 118, 112, 112, 118, 119, 112, 119, 113, 114, 120, 121, 114, 121, 115, 115, 121, 122, 115, 122, 116, 116, 122, 123, 116, 123, 117, 117, 123, 124, 117, 124, 118, 118, 124, 125, 118, 125, 119, 120, 126, 127, 120, 127, 121, 121, 127, 128, 121, 128, 122, 122, 128, 129, 122, 129, 123, 123, 129, 130, 123, 130, 124, 124, 130, 131, 124, 131, 125, 126, 132, 133, 126, 133, 127, 127, 133, 134, 127, 134, 128, 128, 134, 135, 128, 135, 129, 129, 135, 136, 129, 136, 130, 130, 136, 137, 130, 137, 131, 132, 138, 139, 132, 139, 133, 133, 139, 140, 133, 140, 134, 134, 140, 141, 134, 141, 135, 135, 141, 142, 135, 142, 136, 136, 142, 143, 136, 143, 137, 145, 151, 150, 145, 150, 144, 146, 152, 151, 146, 151, 145, 147, 153, 152, 147, 152, 146, 148, 154, 153, 148, 153, 147, 149, 155, 154, 149, 154, 148, 151, 157, 156, 151, 156, 150, 152, 158, 157, 152, 157, 151, 153, 159, 158, 153, 158, 152, 154, 160, 159, 154, 159, 153, 155, 161, 160, 155, 160, 154, 157, 163, 162, 157, 162, 156, 158, 164, 163, 158, 163, 157, 159, 165, 164, 159, 164, 158, 160, 166, 165, 160, 165, 159, 161, 167, 166, 161, 166, 160, 163, 169, 168, 163, 168, 162, 164, 170, 169, 164, 169, 163, 165, 171, 170, 165, 170, 164, 166, 172, 171, 166, 171, 165, 167, 173, 172, 167, 172, 166, 169, 175, 174, 169, 174, 168, 170, 176, 175, 170, 175, 169, 171, 177, 176, 171, 176, 170, 172, 178, 177, 172, 177, 171, 173, 179, 178, 173, 178, 172, 180, 186, 187, 180, 187, 181, 181, 187, 188, 181, 188, 182, 182, 188, 189, 182, 189, 183, 183, 189, 190, 183, 190, 184, 184, 190, 191, 184, 191, 185, 186, 192, 193, 186, 193, 187, 187, 193, 194, 187, 194, 188, 188, 194, 195, 188, 195, 189, 189, 195, 196, 189, 196, 190, 190, 196, 197, 190, 197, 191, 192, 198, 199, 192, 199, 193, 193, 199, 200, 193, 200, 194, 194, 200, 201, 194, 201, 195, 195, 201, 202, 195, 202, 196, 196, 202, 203, 196, 203, 197, 198, 204, 205, 198, 205, 199, 199, 205, 206, 199, 206, 200, 200, 206, 207, 200, 207, 201, 201, 207, 208, 201, 208, 202, 202, 208, 209, 202, 209, 203, 204, 210, 211, 204, 211, 205, 205, 211, 212, 205, 212, 206, 206, 212, 213, 206, 213, 207, 207, 213, 214, 207, 214, 208, 208, 214, 215, 208, 215, 209]
            normal3f[] normals = [(-0.7745967, -0.4472136, -0.4472136), (-0.7668657, -0.5195657, -0.376787), (-0.8115095, -0.5843278, -0.003657481), (-0.8112419, -0.5847101, 0.0007617274), (-0.7900625, -0.5555967, 0.2590629), (-0.7071068, -0.5, 0.5), (-0.7668657, -0.376787, -0.5195657), (-0.8559572, -0.3656073, -0.3656073), (-0.8963826, -0.4432728, -0.002718647), (-0.9449638, -0.3271697, 0.001826586), (-0.8844941, -0.3299016, 0.3299016), (-0.7900625, -0.2590629, 0.5555967), (-0.8133397, -0.145112, -0.5634014), (-0.9225416, -0.1473858, -0.3566433), (-0.9827073, -0.1851527, -0.002224222), (-0.9929642, -0.1183732, 0.00314129), (-0.916641, -0.1211306, 0.3809156), (-0.8091137, -0.07239132, 0.5831762), (-0.8091137, 0.07239132, -0.5831762), (-0.916641, 0.1211306, -0.3809156), (-0.9929642, 0.1183732, -0.00314129), (-0.9827073, 0.1851527, 0.002224222), (-0.9225416, 0.1473858, 0.3566433), (-0.8133397, 0.145112, 0.5634014), (-0.7900625, 0.2590629, -0.5555967), (-0.8844941, 0.3299016, -0.3299016), (-0.9449638, 0.3271697, -0.001826586), (-0.8963826, 0.4432728, 0.002718647), (-0.8559572, 0.3656073, 0.3656073), (-0.7668657, 0.376787, 0.5195657), (-0.7071068, 0.5, -0.5), (-0.7900625, 0.5555967, -0.2590629), (-0.8112419, 0.5847101, -0.0007617274), (-0.8115095, 0.5843278, 0.003657481), (-0.7668657, 0.5195657, 0.376787), (-0.7745967, 0.4472136, 0.4472136), (0.7071068, -0.5, -0.5), (0.7900625, -0.5555967, -0.2590629), (0.8112419, -0.5847101, -0.0007617274), (0.8115095, -0.5843278, 0.003657481), (0.7668657, -0.5195657, 0.376787), (0.7745967, -0.4472136, 0.4472136), (0.7900625, -0.2590629, -0.5555967), (0.8844941, -0.3299016, -0.3299016), (0.9449638, -0.3271697, -0.001826586), (0.8963826, -0.4432728, 0.002718647), (0.8559572, -0.3656073, 0.3656073), (0.7668657, -0.376787, 0.5195657), (0.8091137, -0.07239132, -0.5831762), (0.916641, -0.1211306, -0.3809156), (0.9929642, -0.1183732, -0.00314129), (0.9827073, -0.1851527, 0.002224222), (0.9225416, -0.1473858, 0.3566433), (0.8133397, -0.145112, 0.5634014), (0.8133397, 0.145112, -0.5634014), (0.9225416, 0.1473858, -0.3566433), (0.9827073, 0.1851527, -0.002224222), (0.9929642, 0.1183732, 0.00314129), (0.916641, 0.1211306, 0.3809156), (0.8091137, 0.07239132, 0.5831762), (0.7668657, 0.376787, -0.5195657), (0.8559572, 0.3656073, -0.3656073), (0.8963826, 0.4432728, -0.002718647), (0.9449638, 0.3271697, 0.001826586), (0.8844941, 0.3299016, 0.3299016), (0.7900625, 0.2590629, 0.5555967), (0.7745967, 0.4472136, -0.4472136), (0.7668657, 0.5195657, -0.376787), (0.8115095, 0.5843278, -0.003657481), (0.8112419, 0.5847101, 0.0007617274), (0.7900625, 0.5555967, 0.2590629), (0.7071068, 0.5, 0.5), (-0.4472136, -0.7745967, -0.4472136), (-0.376787, -0.7668657, -0.5195657), (-0.003591163, -0.8115048, -0.5843348), (0.0007477147, -0.811242, -0.5847101), (0.2590629, -0.7900625, -0.5555967), (0.5, -0.7071068, -0.5), (-0.5195657, -0.7668657, -0.376787), (-0.3656073, -0.8559572, -0.3656073), (-0.002669017, -0.8963692, -0.4433003), (0.001793132, -0.9449694, -0.3271538), (0.3299016, -0.8844941, -0.3299016), (0.5555967, -0.7900625, -0.2590629), (-0.5843278, -0.8115095, -0.003657481), (-0.4432728, -0.8963826, -0.002718647), (-0.00539211, -0.9999704, -0.005493007), (0.001416904, -0.999998, -0.001443028), (0.3271697, -0.9449638, -0.001826586), (0.5847101, -0.8112419, -0.0007617274), (-0.5847101, -0.8112419, 0.0007617274), (-0.3271697, -0.9449638, 0.001826586), (-0.001416904, -0.999998, 0.001443028), (0.00539211, -0.9999704, 0.005493007), (0.4432728, -0.8963826, 0.002718647), (0.5843278, -0.8115095, 0.003657481), (-0.5555967, -0.7900625, 0.2590629), (-0.3299016, -0.8844941, 0.3299016), (-0.001793132, -0.9449694, 0.3271538), (0.002669017, -0.8963692, 0.4433003), (0.3656073, -0.8559572, 0.3656073), (0.5195657, -0.7668657, 0.376787), (-0.5, -0.7071068, 0.5), (-0.2590629, -0.7900625, 0.5555967), (-0.0007477147, -0.811242, 0.5847101), (0.003591163, -0.8115048, 0.5843348), (0.376787, -0.7668657, 0.5195657), (0.4472136, -0.7745967, 0.4472136), (-0.5, 0.7071068, -0.5), (-0.2590629, 0.7900625, -0.5555967), (-0.0007477147, 0.811242, -0.5847101), (0.003591163, 0.8115048, -0.5843348), (0.376787, 0.7668657, -0.5195657), (0.4472136, 0.7745967, -0.4472136), (-0.5555967, 0.7900625, -0.2590629), (-0.3299016, 0.8844941, -0.3299016), (-0.001793132, 0.9449694, -0.3271538), (0.002669017, 0.8963692, -0.4433003), (0.3656073, 0.8559572, -0.3656073), (0.5195657, 0.7668657, -0.376787), (-0.5847101, 0.8112419, -0.0007617274), (-0.3271697, 0.9449638, -0.001826586), (-0.001416904, 0.999998, -0.001443028), (0.00539211, 0.9999704, -0.005493007), (0.4432728, 0.8963826, -0.002718647), (0.5843278, 0.8115095, -0.003657481), (-0.5843278, 0.8115095, 0.003657481), (-0.4432728, 0.8963826, 0.002718647), (-0.00539211, 0.9999704, 0.005493007), (0.001416904, 0.999998, 0.001443028), (0.3271697, 0.9449638, 0.001826586), (0.5847101, 0.8112419, 0.0007617274), (-0.5195657, 0.7668657, 0.376787), (-0.3656073, 0.8559572, 0.3656073), (-0.002669017, 0.8963692, 0.4433003), (0.001793132, 0.9449694, 0.3271538), (0.3299016, 0.8844941, 0.3299016), (0.5555967, 0.7900625, 0.2590629), (-0.4472136, 0.7745967, 0.4472136), (-0.376787, 0.7668657, 0.5195657), (-0.003591163, 0.8115048, 0.5843348), (0.0007477147, 0.811242, 0.5847101), (0.2590629, 0.7900625, 0.5555967), (0.5, 0.7071068, 0.5), (-0.4472136, -0.4472136, -0.7745967), (-0.5195657, -0.376787, -0.7668657), (-0.5634014, -0.145112, -0.8133397), (-0.5831762, 0.07239132, -0.8091137), (-0.5555967, 0.2590629, -0.7900625), (-0.5, 0.5, -0.7071068), (-0.376787, -0.5195657, -0.7668657), (-0.3656073, -0.3656073, -0.8559572), (-0.3566433, -0.1473858, -0.9225416), (-0.3809156, 0.1211306, -0.916641), (-0.3299016, 0.3299016, -0.8844941), (-0.2590629, 0.5555967, -0.7900625), (-0.003591163, -0.5843348, -0.8115048), (-0.002669017, -0.4433003, -0.8963692), (-0.002183506, -0.1851645, -0.9827051), (-0.003084046, 0.1183587, -0.9929661), (-0.001793132, 0.3271538, -0.9449694), (-0.0007477147, 0.5847101, -0.811242), (0.0007477147, -0.5847101, -0.811242), (0.001793132, -0.3271538, -0.9449694), (0.003084046, -0.1183587, -0.9929661), (0.002183506, 0.1851645, -0.9827051), (0.002669017, 0.4433003, -0.8963692), (0.003591163, 0.5843348, -0.8115048), (0.2590629, -0.5555967, -0.7900625), (0.3299016, -0.3299016, -0.8844941), (0.3809156, -0.1211306, -0.916641), (0.3566433, 0.1473858, -0.9225416), (0.3656073, 0.3656073, -0.8559572), (0.376787, 0.5195657, -0.7668657), (0.5, -0.5, -0.7071068), (0.5555967, -0.2590629, -0.7900625), (0.5831762, -0.07239132, -0.8091137), (0.5634014, 0.145112, -0.8133397), (0.5195657, 0.376787, -0.7668657), (0.4472136, 0.4472136, -0.7745967), (-0.5, -0.5, 0.7071068), (-0.5555967, -0.2590629, 0.7900625), (-0.5831762, -0.07239132, 0.8091137), (-0.5634014, 0.145112, 0.8133397), (-0.5195657, 0.376787, 0.7668657), (-0.4472136, 0.4472136, 0.7745967), (-0.2590629, -0.5555967, 0.7900625), (-0.3299016, -0.3299016, 0.8844941), (-0.3809156, -0.1211306, 0.916641), (-0.3566433, 0.1473858, 0.9225416), (-0.3656073, 0.3656073, 0.8559572), (-0.376787, 0.5195657, 0.7668657), (-0.0007477147, -0.5847101, 0.811242), (-0.001793132, -0.3271538, 0.9449694), (-0.003084046, -0.1183587, 0.9929661), (-0.002183506, 0.1851645, 0.9827051), (-0.002669017, 0.4433003, 0.8963692), (-0.003591163, 0.5843348, 0.8115048), (0.003591163, -0.5843348, 0.8115048), (0.002669017, -0.4433003, 0.8963692), (0.002183506, -0.1851645, 0.9827051), (0.003084046, 0.1183587, 0.9929661), (0.001793132, 0.3271538, 0.9449694), (0.0007477147, 0.5847101, 0.811242), (0.376787, -0.5195657, 0.7668657), (0.3656073, -0.3656073, 0.8559572), (0.3566433, -0.1473858, 0.9225416), (0.3809156, 0.1211306, 0.916641), (0.3299016, 0.3299016, 0.8844941), (0.2590629, 0.5555967, 0.7900625), (0.4472136, -0.4472136, 0.7745967), (0.5195657, -0.376787, 0.7668657), (0.5634014, -0.145112, 0.8133397), (0.5831762, 0.07239132, 0.8091137), (0.5555967, 0.2590629, 0.7900625), (0.5, 0.5, 0.7071068)] (interpolation = "vertex")
            float3[] extent = [(0.0035625, -0.000337, 0.0081), (0.0049875, -0.000257, 0.0095)]
            rel material:binding = </WorkbenchPart/Materials/gold>
        }
        def Mesh "SMDComponent_04" (prepend apiSchemas = ["MaterialBindingAPI"])
        {
            uniform token subdivisionScheme = "none"
            uniform token orientation = "rightHanded"
            bool doubleSided = false
            point3f[] points = [(0.003723912, -0.0002285885, 0.003961412), (0.0037215, -0.000231, 0.003968), (0.003720408, -0.0002320919, 0.003977), (0.003720408, -0.0002320919, 0.005623), (0.0037215, -0.000231, 0.005632), (0.003723912, -0.0002285885, 0.005638588), (0.0037215, -0.000222, 0.003959), (0.003717455, -0.0002240227, 0.003965977), (0.00371535, -0.0002250748, 0.003977), (0.00371535, -0.0002250748, 0.005623), (0.003717455, -0.0002240227, 0.005634023), (0.0037215, -0.000222, 0.005641), (0.003720408, -0.000213, 0.003957908), (0.00371535, -0.000213, 0.003964925), (0.0037125, -0.000213, 0.003977), (0.0037125, -0.000213, 0.005623), (0.00371535, -0.000213, 0.005635075), (0.003720408, -0.000213, 0.005642092), (0.003720408, 3.3e-05, 0.003957908), (0.00371535, 3.3e-05, 0.003964925), (0.0037125, 3.3e-05, 0.003977), (0.0037125, 3.3e-05, 0.005623), (0.00371535, 3.3e-05, 0.005635075), (0.003720408, 3.3e-05, 0.005642092), (0.0037215, 4.2e-05, 0.003959), (0.003717455, 4.40227e-05, 0.003965977), (0.00371535, 4.507477e-05, 0.003977), (0.00371535, 4.507477e-05, 0.005623), (0.003717455, 4.40227e-05, 0.005634023), (0.0037215, 4.2e-05, 0.005641), (0.003723912, 4.858846e-05, 0.003961412), (0.0037215, 5.1e-05, 0.003968), (0.003720408, 5.209188e-05, 0.003977), (0.003720408, 5.209188e-05, 0.005623), (0.0037215, 5.1e-05, 0.005632), (0.003723912, 4.858846e-05, 0.005638588), (0.004826088, -0.0002285885, 0.003961412), (0.0048285, -0.000231, 0.003968), (0.004829592, -0.0002320919, 0.003977), (0.004829592, -0.0002320919, 0.005623), (0.0048285, -0.000231, 0.005632), (0.004826088, -0.0002285885, 0.005638588), (0.0048285, -0.000222, 0.003959), (0.004832545, -0.0002240227, 0.003965977), (0.00483465, -0.0002250748, 0.003977), (0.00483465, -0.0002250748, 0.005623), (0.004832545, -0.0002240227, 0.005634023), (0.0048285, -0.000222, 0.005641), (0.004829592, -0.000213, 0.003957908), (0.00483465, -0.000213, 0.003964925), (0.0048375, -0.000213, 0.003977), (0.0048375, -0.000213, 0.005623), (0.00483465, -0.000213, 0.005635075), (0.004829592, -0.000213, 0.005642092), (0.004829592, 3.3e-05, 0.003957908), (0.00483465, 3.3e-05, 0.003964925), (0.0048375, 3.3e-05, 0.003977), (0.0048375, 3.3e-05, 0.005623), (0.00483465, 3.3e-05, 0.005635075), (0.004829592, 3.3e-05, 0.005642092), (0.0048285, 4.2e-05, 0.003959), (0.004832545, 4.40227e-05, 0.003965977), (0.00483465, 4.507477e-05, 0.003977), (0.00483465, 4.507477e-05, 0.005623), (0.004832545, 4.40227e-05, 0.005634023), (0.0048285, 4.2e-05, 0.005641), (0.004826088, 4.858846e-05, 0.003961412), (0.0048285, 5.1e-05, 0.003968), (0.004829592, 5.209188e-05, 0.003977), (0.004829592, 5.209188e-05, 0.005623), (0.0048285, 5.1e-05, 0.005632), (0.004826088, 4.858846e-05, 0.005638588), (0.003723912, -0.0002285885, 0.003961412), (0.0037305, -0.000231, 0.003959), (0.0037395, -0.0002320919, 0.003957908), (0.0048105, -0.0002320919, 0.003957908), (0.0048195, -0.000231, 0.003959), (0.004826088, -0.0002285885, 0.003961412), (0.0037215, -0.000231, 0.003968), (0.003728477, -0.0002350454, 0.003965977), (0.0037395, -0.0002371495, 0.003964925), (0.0048105, -0.0002371495, 0.003964925), (0.004821523, -0.0002350454, 0.003965977), (0.0048285, -0.000231, 0.003968), (0.003720408, -0.0002320919, 0.003977), (0.003727425, -0.0002371495, 0.003977), (0.0037395, -0.00024, 0.003977), (0.0048105, -0.00024, 0.003977), (0.004822575, -0.0002371495, 0.003977), (0.004829592, -0.0002320919, 0.003977), (0.003720408, -0.0002320919, 0.005623), (0.003727425, -0.0002371495, 0.005623), (0.0037395, -0.00024, 0.005623), (0.0048105, -0.00024, 0.005623), (0.004822575, -0.0002371495, 0.005623), (0.004829592, -0.0002320919, 0.005623), (0.0037215, -0.000231, 0.005632), (0.003728477, -0.0002350454, 0.005634023), (0.0037395, -0.0002371495, 0.005635075), (0.0048105, -0.0002371495, 0.005635075), (0.004821523, -0.0002350454, 0.005634023), (0.0048285, -0.000231, 0.005632), (0.003723912, -0.0002285885, 0.005638588), (0.0037305, -0.000231, 0.005641), (0.0037395, -0.0002320919, 0.005642092), (0.0048105, -0.0002320919, 0.005642092), (0.0048195, -0.000231, 0.005641), (0.004826088, -0.0002285885, 0.005638588), (0.003723912, 4.858846e-05, 0.003961412), (0.0037305, 5.1e-05, 0.003959), (0.0037395, 5.209188e-05, 0.003957908), (0.0048105, 5.209188e-05, 0.003957908), (0.0048195, 5.1e-05, 0.003959), (0.004826088, 4.858846e-05, 0.003961412), (0.0037215, 5.1e-05, 0.003968), (0.003728477, 5.504541e-05, 0.003965977), (0.0037395, 5.714953e-05, 0.003964925), (0.0048105, 5.714953e-05, 0.003964925), (0.004821523, 5.504541e-05, 0.003965977), (0.0048285, 5.1e-05, 0.003968), (0.003720408, 5.209188e-05, 0.003977), (0.003727425, 5.714953e-05, 0.003977), (0.0037395, 6e-05, 0.003977), (0.0048105, 6e-05, 0.003977), (0.004822575, 5.714953e-05, 0.003977), (0.004829592, 5.209188e-05, 0.003977), (0.003720408, 5.209188e-05, 0.005623), (0.003727425, 5.714953e-05, 0.005623), (0.0037395, 6e-05, 0.005623), (0.0048105, 6e-05, 0.005623), (0.004822575, 5.714953e-05, 0.005623), (0.004829592, 5.209188e-05, 0.005623), (0.0037215, 5.1e-05, 0.005632), (0.003728477, 5.504541e-05, 0.005634023), (0.0037395, 5.714953e-05, 0.005635075), (0.0048105, 5.714953e-05, 0.005635075), (0.004821523, 5.504541e-05, 0.005634023), (0.0048285, 5.1e-05, 0.005632), (0.003723912, 4.858846e-05, 0.005638588), (0.0037305, 5.1e-05, 0.005641), (0.0037395, 5.209188e-05, 0.005642092), (0.0048105, 5.209188e-05, 0.005642092), (0.0048195, 5.1e-05, 0.005641), (0.004826088, 4.858846e-05, 0.005638588), (0.003723912, -0.0002285885, 0.003961412), (0.0037215, -0.000222, 0.003959), (0.003720408, -0.000213, 0.003957908), (0.003720408, 3.3e-05, 0.003957908), (0.0037215, 4.2e-05, 0.003959), (0.003723912, 4.858846e-05, 0.003961412), (0.0037305, -0.000231, 0.003959), (0.003728477, -0.0002240227, 0.003954955), (0.003727425, -0.000213, 0.00395285), (0.003727425, 3.3e-05, 0.00395285), (0.003728477, 4.40227e-05, 0.003954955), (0.0037305, 5.1e-05, 0.003959), (0.0037395, -0.0002320919, 0.003957908), (0.0037395, -0.0002250748, 0.00395285), (0.0037395, -0.000213, 0.00395), (0.0037395, 3.3e-05, 0.00395), (0.0037395, 4.507477e-05, 0.00395285), (0.0037395, 5.209188e-05, 0.003957908), (0.0048105, -0.0002320919, 0.003957908), (0.0048105, -0.0002250748, 0.00395285), (0.0048105, -0.000213, 0.00395), (0.0048105, 3.3e-05, 0.00395), (0.0048105, 4.507477e-05, 0.00395285), (0.0048105, 5.209188e-05, 0.003957908), (0.0048195, -0.000231, 0.003959), (0.004821523, -0.0002240227, 0.003954955), (0.004822575, -0.000213, 0.00395285), (0.004822575, 3.3e-05, 0.00395285), (0.004821523, 4.40227e-05, 0.003954955), (0.0048195, 5.1e-05, 0.003959), (0.004826088, -0.0002285885, 0.003961412), (0.0048285, -0.000222, 0.003959), (0.004829592, -0.000213, 0.003957908), (0.004829592, 3.3e-05, 0.003957908), (0.0048285, 4.2e-05, 0.003959), (0.004826088, 4.858846e-05, 0.003961412), (0.003723912, -0.0002285885, 0.005638588), (0.0037215, -0.000222, 0.005641), (0.003720408, -0.000213, 0.005642092), (0.003720408, 3.3e-05, 0.005642092), (0.0037215, 4.2e-05, 0.005641), (0.003723912, 4.858846e-05, 0.005638588), (0.0037305, -0.000231, 0.005641), (0.003728477, -0.0002240227, 0.005645045), (0.003727425, -0.000213, 0.00564715), (0.003727425, 3.3e-05, 0.00564715), (0.003728477, 4.40227e-05, 0.005645045), (0.0037305, 5.1e-05, 0.005641), (0.0037395, -0.0002320919, 0.005642092), (0.0037395, -0.0002250748, 0.00564715), (0.0037395, -0.000213, 0.00565), (0.0037395, 3.3e-05, 0.00565), (0.0037395, 4.507477e-05, 0.00564715), (0.0037395, 5.209188e-05, 0.005642092), (0.0048105, -0.0002320919, 0.005642092), (0.0048105, -0.0002250748, 0.00564715), (0.0048105, -0.000213, 0.00565), (0.0048105, 3.3e-05, 0.00565), (0.0048105, 4.507477e-05, 0.00564715), (0.0048105, 5.209188e-05, 0.005642092), (0.0048195, -0.000231, 0.005641), (0.004821523, -0.0002240227, 0.005645045), (0.004822575, -0.000213, 0.00564715), (0.004822575, 3.3e-05, 0.00564715), (0.004821523, 4.40227e-05, 0.005645045), (0.0048195, 5.1e-05, 0.005641), (0.004826088, -0.0002285885, 0.005638588), (0.0048285, -0.000222, 0.005641), (0.004829592, -0.000213, 0.005642092), (0.004829592, 3.3e-05, 0.005642092), (0.0048285, 4.2e-05, 0.005641), (0.004826088, 4.858846e-05, 0.005638588)]
            int[] faceVertexCounts = [3, 3, 3, 3, 3, 3, 3, 3, 3, 3, 3, 3, 3, 3, 3, 3, 3, 3, 3, 3, 3, 3, 3, 3, 3, 3, 3, 3, 3, 3, 3, 3, 3, 3, 3, 3, 3, 3, 3, 3, 3, 3, 3, 3, 3, 3, 3, 3, 3, 3, 3, 3, 3, 3, 3, 3, 3, 3, 3, 3, 3, 3, 3, 3, 3, 3, 3, 3, 3, 3, 3, 3, 3, 3, 3, 3, 3, 3, 3, 3, 3, 3, 3, 3, 3, 3, 3, 3, 3, 3, 3, 3, 3, 3, 3, 3, 3, 3, 3, 3, 3, 3, 3, 3, 3, 3, 3, 3, 3, 3, 3, 3, 3, 3, 3, 3, 3, 3, 3, 3, 3, 3, 3, 3, 3, 3, 3, 3, 3, 3, 3, 3, 3, 3, 3, 3, 3, 3, 3, 3, 3, 3, 3, 3, 3, 3, 3, 3, 3, 3, 3, 3, 3, 3, 3, 3, 3, 3, 3, 3, 3, 3, 3, 3, 3, 3, 3, 3, 3, 3, 3, 3, 3, 3, 3, 3, 3, 3, 3, 3, 3, 3, 3, 3, 3, 3, 3, 3, 3, 3, 3, 3, 3, 3, 3, 3, 3, 3, 3, 3, 3, 3, 3, 3, 3, 3, 3, 3, 3, 3, 3, 3, 3, 3, 3, 3, 3, 3, 3, 3, 3, 3, 3, 3, 3, 3, 3, 3, 3, 3, 3, 3, 3, 3, 3, 3, 3, 3, 3, 3, 3, 3, 3, 3, 3, 3, 3, 3, 3, 3, 3, 3, 3, 3, 3, 3, 3, 3, 3, 3, 3, 3, 3, 3, 3, 3, 3, 3, 3, 3, 3, 3, 3, 3, 3, 3, 3, 3, 3, 3, 3, 3, 3, 3, 3, 3, 3, 3, 3, 3, 3, 3, 3, 3, 3, 3, 3, 3, 3, 3]
            int[] faceVertexIndices = [1, 7, 6, 1, 6, 0, 2, 8, 7, 2, 7, 1, 3, 9, 8, 3, 8, 2, 4, 10, 9, 4, 9, 3, 5, 11, 10, 5, 10, 4, 7, 13, 12, 7, 12, 6, 8, 14, 13, 8, 13, 7, 9, 15, 14, 9, 14, 8, 10, 16, 15, 10, 15, 9, 11, 17, 16, 11, 16, 10, 13, 19, 18, 13, 18, 12, 14, 20, 19, 14, 19, 13, 15, 21, 20, 15, 20, 14, 16, 22, 21, 16, 21, 15, 17, 23, 22, 17, 22, 16, 19, 25, 24, 19, 24, 18, 20, 26, 25, 20, 25, 19, 21, 27, 26, 21, 26, 20, 22, 28, 27, 22, 27, 21, 23, 29, 28, 23, 28, 22, 25, 31, 30, 25, 30, 24, 26, 32, 31, 26, 31, 25, 27, 33, 32, 27, 32, 26, 28, 34, 33, 28, 33, 27, 29, 35, 34, 29, 34, 28, 36, 42, 43, 36, 43, 37, 37, 43, 44, 37, 44, 38, 38, 44, 45, 38, 45, 39, 39, 45, 46, 39, 46, 40, 40, 46, 47, 40, 47, 41, 42, 48, 49, 42, 49, 43, 43, 49, 50, 43, 50, 44, 44, 50, 51, 44, 51, 45, 45, 51, 52, 45, 52, 46, 46, 52, 53, 46, 53, 47, 48, 54, 55, 48, 55, 49, 49, 55, 56, 49, 56, 50, 50, 56, 57, 50, 57, 51, 51, 57, 58, 51, 58, 52, 52, 58, 59, 52, 59, 53, 54, 60, 61, 54, 61, 55, 55, 61, 62, 55, 62, 56, 56, 62, 63, 56, 63, 57, 57, 63, 64, 57, 64, 58, 58, 64, 65, 58, 65, 59, 60, 66, 67, 60, 67, 61, 61, 67, 68, 61, 68, 62, 62, 68, 69, 62, 69, 63, 63, 69, 70, 63, 70, 64, 64, 70, 71, 64, 71, 65, 73, 79, 78, 73, 78, 72, 74, 80, 79, 74, 79, 73, 75, 81, 80, 75, 80, 74, 76, 82, 81, 76, 81, 75, 77, 83, 82, 77, 82, 76, 79, 85, 84, 79, 84, 78, 80, 86, 85, 80, 85, 79, 81, 87, 86, 81, 86, 80, 82, 88, 87, 82, 87, 81, 83, 89, 88, 83, 88, 82, 85, 91, 90, 85, 90, 84, 86, 92, 91, 86, 91, 85, 87, 93, 92, 87, 92, 86, 88, 94, 93, 88, 93, 87, 89, 95, 94, 89, 94, 88, 91, 97, 96, 91, 96, 90, 92, 98, 97, 92, 97, 91, 93, 99, 98, 93, 98, 92, 94, 100, 99, 94, 99, 93, 95, 101, 100, 95, 100, 94, 97, 103, 102, 97, 102, 96, 98, 104, 103, 98, 103, 97, 99, 105, 104, 99, 104, 98, 100, 106, 105, 100, 105, 99, 101, 107, 106, 101, 106, 100, 108, 114, 115, 108, 115, 109, 109, 115, 116, 109, 116, 110, 110, 116, 117, 110, 117, 111, 111, 117, 118, 111, 118, 112, 112, 118, 119, 112, 119, 113, 114, 120, 121, 114, 121, 115, 115, 121, 122, 115, 122, 116, 116, 122, 123, 116, 123, 117, 117, 123, 124, 117, 124, 118, 118, 124, 125, 118, 125, 119, 120, 126, 127, 120, 127, 121, 121, 127, 128, 121, 128, 122, 122, 128, 129, 122, 129, 123, 123, 129, 130, 123, 130, 124, 124, 130, 131, 124, 131, 125, 126, 132, 133, 126, 133, 127, 127, 133, 134, 127, 134, 128, 128, 134, 135, 128, 135, 129, 129, 135, 136, 129, 136, 130, 130, 136, 137, 130, 137, 131, 132, 138, 139, 132, 139, 133, 133, 139, 140, 133, 140, 134, 134, 140, 141, 134, 141, 135, 135, 141, 142, 135, 142, 136, 136, 142, 143, 136, 143, 137, 145, 151, 150, 145, 150, 144, 146, 152, 151, 146, 151, 145, 147, 153, 152, 147, 152, 146, 148, 154, 153, 148, 153, 147, 149, 155, 154, 149, 154, 148, 151, 157, 156, 151, 156, 150, 152, 158, 157, 152, 157, 151, 153, 159, 158, 153, 158, 152, 154, 160, 159, 154, 159, 153, 155, 161, 160, 155, 160, 154, 157, 163, 162, 157, 162, 156, 158, 164, 163, 158, 163, 157, 159, 165, 164, 159, 164, 158, 160, 166, 165, 160, 165, 159, 161, 167, 166, 161, 166, 160, 163, 169, 168, 163, 168, 162, 164, 170, 169, 164, 169, 163, 165, 171, 170, 165, 170, 164, 166, 172, 171, 166, 171, 165, 167, 173, 172, 167, 172, 166, 169, 175, 174, 169, 174, 168, 170, 176, 175, 170, 175, 169, 171, 177, 176, 171, 176, 170, 172, 178, 177, 172, 177, 171, 173, 179, 178, 173, 178, 172, 180, 186, 187, 180, 187, 181, 181, 187, 188, 181, 188, 182, 182, 188, 189, 182, 189, 183, 183, 189, 190, 183, 190, 184, 184, 190, 191, 184, 191, 185, 186, 192, 193, 186, 193, 187, 187, 193, 194, 187, 194, 188, 188, 194, 195, 188, 195, 189, 189, 195, 196, 189, 196, 190, 190, 196, 197, 190, 197, 191, 192, 198, 199, 192, 199, 193, 193, 199, 200, 193, 200, 194, 194, 200, 201, 194, 201, 195, 195, 201, 202, 195, 202, 196, 196, 202, 203, 196, 203, 197, 198, 204, 205, 198, 205, 199, 199, 205, 206, 199, 206, 200, 200, 206, 207, 200, 207, 201, 201, 207, 208, 201, 208, 202, 202, 208, 209, 202, 209, 203, 204, 210, 211, 204, 211, 205, 205, 211, 212, 205, 212, 206, 206, 212, 213, 206, 213, 207, 207, 213, 214, 207, 214, 208, 208, 214, 215, 208, 215, 209]
            normal3f[] normals = [(-0.7745967, -0.4472136, -0.4472136), (-0.7668657, -0.5195657, -0.376787), (-0.8114065, -0.584478, -0.002229915), (-0.8112421, -0.5847102, 0.0004617439), (-0.7900625, -0.5555967, 0.2590629), (-0.7071068, -0.5, 0.5), (-0.7668657, -0.376787, -0.5195657), (-0.8559572, -0.3656073, -0.3656073), (-0.8960932, -0.4438629, -0.001653043), (-0.9450829, -0.3268288, 0.001109204), (-0.8844941, -0.3299016, 0.3299016), (-0.7900625, -0.2590629, 0.5555967), (-0.8122054, -0.01399524, -0.5832036), (-0.8984826, -0.01061118, -0.4388808), (-0.9997767, -0.02088961, -0.003186952), (-0.9999833, -0.005704603, 0.0009136602), (-0.9440529, -0.007198359, 0.3297154), (-0.8112384, -0.003042335, 0.5847076), (-0.8112384, 0.003042335, -0.5847076), (-0.9440529, 0.007198359, -0.3297154), (-0.9999833, 0.005704603, -0.0009136602), (-0.9997767, 0.02088961, 0.003186952), (-0.8984826, 0.01061118, 0.4388808), (-0.8122054, 0.01399524, 0.5832036), (-0.7900625, 0.2590629, -0.5555967), (-0.8844941, 0.3299016, -0.3299016), (-0.9450829, 0.3268288, -0.001109204), (-0.8960932, 0.4438629, 0.001653043), (-0.8559572, 0.3656073, 0.3656073), (-0.7668657, 0.376787, 0.5195657), (-0.7071068, 0.5, -0.5), (-0.7900625, 0.5555967, -0.2590629), (-0.8112421, 0.5847102, -0.0004617439), (-0.8114065, 0.584478, 0.002229915), (-0.7668657, 0.5195657, 0.376787), (-0.7745967, 0.4472136, 0.4472136), (0.7071068, -0.5, -0.5), (0.7900625, -0.5555967, -0.2590629), (0.8112421, -0.5847102, -0.0004617439), (0.8114065, -0.584478, 0.002229915), (0.7668657, -0.5195657, 0.376787), (0.7745967, -0.4472136, 0.4472136), (0.7900625, -0.2590629, -0.5555967), (0.8844941, -0.3299016, -0.3299016), (0.9450829, -0.3268288, -0.001109204), (0.8960932, -0.4438629, 0.001653043), (0.8559572, -0.3656073, 0.3656073), (0.7668657, -0.376787, 0.5195657), (0.8112384, -0.003042335, -0.5847076), (0.9440529, -0.007198359, -0.3297154), (0.9999833, -0.005704603, -0.0009136602), (0.9997767, -0.02088961, 0.003186952), (0.8984826, -0.01061118, 0.4388808), (0.8122054, -0.01399524, 0.5832036), (0.8122054, 0.01399524, -0.5832036), (0.8984826, 0.01061118, -0.4388808), (0.9997767, 0.02088961, -0.003186952), (0.9999833, 0.005704603, 0.0009136602), (0.9440529, 0.007198359, 0.3297154), (0.8112384, 0.003042335, 0.5847076), (0.7668657, 0.376787, -0.5195657), (0.8559572, 0.3656073, -0.3656073), (0.8960932, 0.4438629, -0.001653043), (0.9450829, 0.3268288, 0.001109204), (0.8844941, 0.3299016, 0.3299016), (0.7900625, 0.2590629, 0.5555967), (0.7745967, 0.4472136, -0.4472136), (0.7668657, 0.5195657, -0.376787), (0.8114065, 0.584478, -0.002229915), (0.8112421, 0.5847102, 0.0004617439), (0.7900625, 0.5555967, 0.2590629), (0.7071068, 0.5, 0.5), (-0.4472136, -0.7745967, -0.4472136), (-0.376787, -0.7668657, -0.5195657), (-0.003405895, -0.8114915, -0.5843543), (0.0007086083, -0.811242, -0.5847101), (0.2590629, -0.7900625, -0.5555967), (0.5, -0.7071068, -0.5), (-0.5195657, -0.7668657, -0.376787), (-0.3656073, -0.8559572, -0.3656073), (-0.002530432, -0.8963316, -0.4433771), (0.001699742, -0.9449849, -0.3271094), (0.3299016, -0.8844941, -0.3299016), (0.5555967, -0.7900625, -0.2590629), (-0.584478, -0.8114065, -0.002229915), (-0.4438629, -0.8960932, -0.001653043), (-0.005150301, -0.9999811, -0.003357712), (0.001335191, -0.9999987, -0.0008746392), (0.3268288, -0.9450829, -0.001109204), (0.5847102, -0.8112421, -0.0004617439), (-0.5847102, -0.8112421, 0.0004617439), (-0.3268288, -0.9450829, 0.001109204), (-0.001335191, -0.9999987, 0.0008746392), (0.005150301, -0.9999811, 0.003357712), (0.4438629, -0.8960932, 0.001653043), (0.584478, -0.8114065, 0.002229915), (-0.5555967, -0.7900625, 0.2590629), (-0.3299016, -0.8844941, 0.3299016), (-0.001699742, -0.9449849, 0.3271094), (0.002530432, -0.8963316, 0.4433771), (0.3656073, -0.8559572, 0.3656073), (0.5195657, -0.7668657, 0.376787), (-0.5, -0.7071068, 0.5), (-0.2590629, -0.7900625, 0.5555967), (-0.0007086083, -0.811242, 0.5847101), (0.003405895, -0.8114915, 0.5843543), (0.376787, -0.7668657, 0.5195657), (0.4472136, -0.7745967, 0.4472136), (-0.5, 0.7071068, -0.5), (-0.2590629, 0.7900625, -0.5555967), (-0.0007086083, 0.811242, -0.5847101), (0.003405895, 0.8114915, -0.5843543), (0.376787, 0.7668657, -0.5195657), (0.4472136, 0.7745967, -0.4472136), (-0.5555967, 0.7900625, -0.2590629), (-0.3299016, 0.8844941, -0.3299016), (-0.001699742, 0.9449849, -0.3271094), (0.002530432, 0.8963316, -0.4433771), (0.3656073, 0.8559572, -0.3656073), (0.5195657, 0.7668657, -0.376787), (-0.5847102, 0.8112421, -0.0004617439), (-0.3268288, 0.9450829, -0.001109204), (-0.001335191, 0.9999987, -0.0008746392), (0.005150301, 0.9999811, -0.003357712), (0.4438629, 0.8960932, -0.001653043), (0.584478, 0.8114065, -0.002229915), (-0.584478, 0.8114065, 0.002229915), (-0.4438629, 0.8960932, 0.001653043), (-0.005150301, 0.9999811, 0.003357712), (0.001335191, 0.9999987, 0.0008746392), (0.3268288, 0.9450829, 0.001109204), (0.5847102, 0.8112421, 0.0004617439), (-0.5195657, 0.7668657, 0.376787), (-0.3656073, 0.8559572, 0.3656073), (-0.002530432, 0.8963316, 0.4433771), (0.001699742, 0.9449849, 0.3271094), (0.3299016, 0.8844941, 0.3299016), (0.5555967, 0.7900625, 0.2590629), (-0.4472136, 0.7745967, 0.4472136), (-0.376787, 0.7668657, 0.5195657), (-0.003405895, 0.8114915, 0.5843543), (0.0007086083, 0.811242, 0.5847101), (0.2590629, 0.7900625, 0.5555967), (0.5, 0.7071068, 0.5), (-0.4472136, -0.4472136, -0.7745967), (-0.5195657, -0.376787, -0.7668657), (-0.5832036, -0.01399524, -0.8122054), (-0.5847076, 0.003042335, -0.8112384), (-0.5555967, 0.2590629, -0.7900625), (-0.5, 0.5, -0.7071068), (-0.376787, -0.5195657, -0.7668657), (-0.3656073, -0.3656073, -0.8559572), (-0.4388808, -0.01061118, -0.8984826), (-0.3297154, 0.007198359, -0.9440529), (-0.3299016, 0.3299016, -0.8844941), (-0.2590629, 0.5555967, -0.7900625), (-0.003405895, -0.5843543, -0.8114915), (-0.002530432, -0.4433771, -0.8963316), (-0.004862692, -0.02077986, -0.9997722), (-0.001401263, 0.005731203, -0.9999826), (-0.001699742, 0.3271094, -0.9449849), (-0.0007086083, 0.5847101, -0.811242), (0.0007086083, -0.5847101, -0.811242), (0.001699742, -0.3271094, -0.9449849), (0.001401263, -0.005731203, -0.9999826), (0.004862692, 0.02077986, -0.9997722), (0.002530432, 0.4433771, -0.8963316), (0.003405895, 0.5843543, -0.8114915), (0.2590629, -0.5555967, -0.7900625), (0.3299016, -0.3299016, -0.8844941), (0.3297154, -0.007198359, -0.9440529), (0.4388808, 0.01061118, -0.8984826), (0.3656073, 0.3656073, -0.8559572), (0.376787, 0.5195657, -0.7668657), (0.5, -0.5, -0.7071068), (0.5555967, -0.2590629, -0.7900625), (0.5847076, -0.003042335, -0.8112384), (0.5832036, 0.01399524, -0.8122054), (0.5195657, 0.376787, -0.7668657), (0.4472136, 0.4472136, -0.7745967), (-0.5, -0.5, 0.7071068), (-0.5555967, -0.2590629, 0.7900625), (-0.5847076, -0.003042335, 0.8112384), (-0.5832036, 0.01399524, 0.8122054), (-0.5195657, 0.376787, 0.7668657), (-0.4472136, 0.4472136, 0.7745967), (-0.2590629, -0.5555967, 0.7900625), (-0.3299016, -0.3299016, 0.8844941), (-0.3297154, -0.007198359, 0.9440529), (-0.4388808, 0.01061118, 0.8984826), (-0.3656073, 0.3656073, 0.8559572), (-0.376787, 0.5195657, 0.7668657), (-0.0007086083, -0.5847101, 0.811242), (-0.001699742, -0.3271094, 0.9449849), (-0.001401263, -0.005731203, 0.9999826), (-0.004862692, 0.02077986, 0.9997722), (-0.002530432, 0.4433771, 0.8963316), (-0.003405895, 0.5843543, 0.8114915), (0.003405895, -0.5843543, 0.8114915), (0.002530432, -0.4433771, 0.8963316), (0.004862692, -0.02077986, 0.9997722), (0.001401263, 0.005731203, 0.9999826), (0.001699742, 0.3271094, 0.9449849), (0.0007086083, 0.5847101, 0.811242), (0.376787, -0.5195657, 0.7668657), (0.3656073, -0.3656073, 0.8559572), (0.4388808, -0.01061118, 0.8984826), (0.3297154, 0.007198359, 0.9440529), (0.3299016, 0.3299016, 0.8844941), (0.2590629, 0.5555967, 0.7900625), (0.4472136, -0.4472136, 0.7745967), (0.5195657, -0.376787, 0.7668657), (0.5832036, -0.01399524, 0.8122054), (0.5847076, 0.003042335, 0.8112384), (0.5555967, 0.2590629, 0.7900625), (0.5, 0.5, 0.7071068)] (interpolation = "vertex")
            float3[] extent = [(0.0037125, -0.00024, 0.00395), (0.0048375, 6e-05, 0.00565)]
            rel material:binding = </WorkbenchPart/Materials/silicon>
        }
        def Mesh "SMDEndTermination_07" (prepend apiSchemas = ["MaterialBindingAPI"])
        {
            uniform token subdivisionScheme = "none"
            uniform token orientation = "rightHanded"
            bool doubleSided = false
            point3f[] points = [(0.003714483, -0.0002443923, 0.003940608), (0.003712875, -0.000246, 0.003945), (0.003712147, -0.0002467279, 0.003951), (0.003712147, -0.0002467279, 0.005649), (0.003712875, -0.000246, 0.005655), (0.003714483, -0.0002443923, 0.005659392), (0.003712875, -0.00024, 0.003939), (0.003710178, -0.0002413485, 0.003943652), (0.003708775, -0.0002420498, 0.003951), (0.003708775, -0.0002420498, 0.005649), (0.003710178, -0.0002413485, 0.005656348), (0.003712875, -0.00024, 0.005661), (0.003712147, -0.000234, 0.003938272), (0.003708775, -0.000234, 0.00394295), (0.003706875, -0.000234, 0.003951), (0.003706875, -0.000234, 0.005649), (0.003708775, -0.000234, 0.00565705), (0.003712147, -0.000234, 0.005661728), (0.003712147, 5.4e-05, 0.003938272), (0.003708775, 5.4e-05, 0.00394295), (0.003706875, 5.4e-05, 0.003951), (0.003706875, 5.4e-05, 0.005649), (0.003708775, 5.4e-05, 0.00565705), (0.003712147, 5.4e-05, 0.005661728), (0.003712875, 6e-05, 0.003939), (0.003710178, 6.134847e-05, 0.003943652), (0.003708775, 6.204984e-05, 0.003951), (0.003708775, 6.204984e-05, 0.005649), (0.003710178, 6.134847e-05, 0.005656348), (0.003712875, 6e-05, 0.005661), (0.003714483, 6.43923e-05, 0.003940608), (0.003712875, 6.6e-05, 0.003945), (0.003712147, 6.672792e-05, 0.003951), (0.003712147, 6.672792e-05, 0.005649), (0.003712875, 6.6e-05, 0.005655), (0.003714483, 6.43923e-05, 0.005659392), (0.003890517, -0.0002443923, 0.003940608), (0.003892125, -0.000246, 0.003945), (0.003892853, -0.0002467279, 0.003951), (0.003892853, -0.0002467279, 0.005649), (0.003892125, -0.000246, 0.005655), (0.003890517, -0.0002443923, 0.005659392), (0.003892125, -0.00024, 0.003939), (0.003894822, -0.0002413485, 0.003943652), (0.003896225, -0.0002420498, 0.003951), (0.003896225, -0.0002420498, 0.005649), (0.003894822, -0.0002413485, 0.005656348), (0.003892125, -0.00024, 0.005661), (0.003892853, -0.000234, 0.003938272), (0.003896225, -0.000234, 0.00394295), (0.003898125, -0.000234, 0.003951), (0.003898125, -0.000234, 0.005649), (0.003896225, -0.000234, 0.00565705), (0.003892853, -0.000234, 0.005661728), (0.003892853, 5.4e-05, 0.003938272), (0.003896225, 5.4e-05, 0.00394295), (0.003898125, 5.4e-05, 0.003951), (0.003898125, 5.4e-05, 0.005649), (0.003896225, 5.4e-05, 0.00565705), (0.003892853, 5.4e-05, 0.005661728), (0.003892125, 6e-05, 0.003939), (0.003894822, 6.134847e-05, 0.003943652), (0.003896225, 6.204984e-05, 0.003951), (0.003896225, 6.204984e-05, 0.005649), (0.003894822, 6.134847e-05, 0.005656348), (0.003892125, 6e-05, 0.005661), (0.003890517, 6.43923e-05, 0.003940608), (0.003892125, 6.6e-05, 0.003945), (0.003892853, 6.672792e-05, 0.003951), (0.003892853, 6.672792e-05, 0.005649), (0.003892125, 6.6e-05, 0.005655), (0.003890517, 6.43923e-05, 0.005659392), (0.003714483, -0.0002443923, 0.003940608), (0.003718875, -0.000246, 0.003939), (0.003724875, -0.0002467279, 0.003938272), (0.003880125, -0.0002467279, 0.003938272), (0.003886125, -0.000246, 0.003939), (0.003890517, -0.0002443923, 0.003940608), (0.003712875, -0.000246, 0.003945), (0.003717527, -0.0002486969, 0.003943652), (0.003724875, -0.0002500997, 0.00394295), (0.003880125, -0.0002500997, 0.00394295), (0.003887473, -0.0002486969, 0.003943652), (0.003892125, -0.000246, 0.003945), (0.003712147, -0.0002467279, 0.003951), (0.003716825, -0.0002500997, 0.003951), (0.003724875, -0.000252, 0.003951), (0.003880125, -0.000252, 0.003951), (0.003888175, -0.0002500997, 0.003951), (0.003892853, -0.0002467279, 0.003951), (0.003712147, -0.0002467279, 0.005649), (0.003716825, -0.0002500997, 0.005649), (0.003724875, -0.000252, 0.005649), (0.003880125, -0.000252, 0.005649), (0.003888175, -0.0002500997, 0.005649), (0.003892853, -0.0002467279, 0.005649), (0.003712875, -0.000246, 0.005655), (0.003717527, -0.0002486969, 0.005656348), (0.003724875, -0.0002500997, 0.00565705), (0.003880125, -0.0002500997, 0.00565705), (0.003887473, -0.0002486969, 0.005656348), (0.003892125, -0.000246, 0.005655), (0.003714483, -0.0002443923, 0.005659392), (0.003718875, -0.000246, 0.005661), (0.003724875, -0.0002467279, 0.005661728), (0.003880125, -0.0002467279, 0.005661728), (0.003886125, -0.000246, 0.005661), (0.003890517, -0.0002443923, 0.005659392), (0.003714483, 6.43923e-05, 0.003940608), (0.003718875, 6.6e-05, 0.003939), (0.003724875, 6.672792e-05, 0.003938272), (0.003880125, 6.672792e-05, 0.003938272), (0.003886125, 6.6e-05, 0.003939), (0.003890517, 6.43923e-05, 0.003940608), (0.003712875, 6.6e-05, 0.003945), (0.003717527, 6.869694e-05, 0.003943652), (0.003724875, 7.009969e-05, 0.00394295), (0.003880125, 7.009969e-05, 0.00394295), (0.003887473, 6.869694e-05, 0.003943652), (0.003892125, 6.6e-05, 0.003945), (0.003712147, 6.672792e-05, 0.003951), (0.003716825, 7.009969e-05, 0.003951), (0.003724875, 7.2e-05, 0.003951), (0.003880125, 7.2e-05, 0.003951), (0.003888175, 7.009969e-05, 0.003951), (0.003892853, 6.672792e-05, 0.003951), (0.003712147, 6.672792e-05, 0.005649), (0.003716825, 7.009969e-05, 0.005649), (0.003724875, 7.2e-05, 0.005649), (0.003880125, 7.2e-05, 0.005649), (0.003888175, 7.009969e-05, 0.005649), (0.003892853, 6.672792e-05, 0.005649), (0.003712875, 6.6e-05, 0.005655), (0.003717527, 6.869694e-05, 0.005656348), (0.003724875, 7.009969e-05, 0.00565705), (0.003880125, 7.009969e-05, 0.00565705), (0.003887473, 6.869694e-05, 0.005656348), (0.003892125, 6.6e-05, 0.005655), (0.003714483, 6.43923e-05, 0.005659392), (0.003718875, 6.6e-05, 0.005661), (0.003724875, 6.672792e-05, 0.005661728), (0.003880125, 6.672792e-05, 0.005661728), (0.003886125, 6.6e-05, 0.005661), (0.003890517, 6.43923e-05, 0.005659392), (0.003714483, -0.0002443923, 0.003940608), (0.003712875, -0.00024, 0.003939), (0.003712147, -0.000234, 0.003938272), (0.003712147, 5.4e-05, 0.003938272), (0.003712875, 6e-05, 0.003939), (0.003714483, 6.43923e-05, 0.003940608), (0.003718875, -0.000246, 0.003939), (0.003717527, -0.0002413485, 0.003936303), (0.003716825, -0.000234, 0.0039349), (0.003716825, 5.4e-05, 0.0039349), (0.003717527, 6.134847e-05, 0.003936303), (0.003718875, 6.6e-05, 0.003939), (0.003724875, -0.0002467279, 0.003938272), (0.003724875, -0.0002420498, 0.0039349), (0.003724875, -0.000234, 0.003933), (0.003724875, 5.4e-05, 0.003933), (0.003724875, 6.204984e-05, 0.0039349), (0.003724875, 6.672792e-05, 0.003938272), (0.003880125, -0.0002467279, 0.003938272), (0.003880125, -0.0002420498, 0.0039349), (0.003880125, -0.000234, 0.003933), (0.003880125, 5.4e-05, 0.003933), (0.003880125, 6.204984e-05, 0.0039349), (0.003880125, 6.672792e-05, 0.003938272), (0.003886125, -0.000246, 0.003939), (0.003887473, -0.0002413485, 0.003936303), (0.003888175, -0.000234, 0.0039349), (0.003888175, 5.4e-05, 0.0039349), (0.003887473, 6.134847e-05, 0.003936303), (0.003886125, 6.6e-05, 0.003939), (0.003890517, -0.0002443923, 0.003940608), (0.003892125, -0.00024, 0.003939), (0.003892853, -0.000234, 0.003938272), (0.003892853, 5.4e-05, 0.003938272), (0.003892125, 6e-05, 0.003939), (0.003890517, 6.43923e-05, 0.003940608), (0.003714483, -0.0002443923, 0.005659392), (0.003712875, -0.00024, 0.005661), (0.003712147, -0.000234, 0.005661728), (0.003712147, 5.4e-05, 0.005661728), (0.003712875, 6e-05, 0.005661), (0.003714483, 6.43923e-05, 0.005659392), (0.003718875, -0.000246, 0.005661), (0.003717527, -0.0002413485, 0.005663697), (0.003716825, -0.000234, 0.0056651), (0.003716825, 5.4e-05, 0.0056651), (0.003717527, 6.134847e-05, 0.005663697), (0.003718875, 6.6e-05, 0.005661), (0.003724875, -0.0002467279, 0.005661728), (0.003724875, -0.0002420498, 0.0056651), (0.003724875, -0.000234, 0.005667), (0.003724875, 5.4e-05, 0.005667), (0.003724875, 6.204984e-05, 0.0056651), (0.003724875, 6.672792e-05, 0.005661728), (0.003880125, -0.0002467279, 0.005661728), (0.003880125, -0.0002420498, 0.0056651), (0.003880125, -0.000234, 0.005667), (0.003880125, 5.4e-05, 0.005667), (0.003880125, 6.204984e-05, 0.0056651), (0.003880125, 6.672792e-05, 0.005661728), (0.003886125, -0.000246, 0.005661), (0.003887473, -0.0002413485, 0.005663697), (0.003888175, -0.000234, 0.0056651), (0.003888175, 5.4e-05, 0.0056651), (0.003887473, 6.134847e-05, 0.005663697), (0.003886125, 6.6e-05, 0.005661), (0.003890517, -0.0002443923, 0.005659392), (0.003892125, -0.00024, 0.005661), (0.003892853, -0.000234, 0.005661728), (0.003892853, 5.4e-05, 0.005661728), (0.003892125, 6e-05, 0.005661), (0.003890517, 6.43923e-05, 0.005659392)]
            int[] faceVertexCounts = [3, 3, 3, 3, 3, 3, 3, 3, 3, 3, 3, 3, 3, 3, 3, 3, 3, 3, 3, 3, 3, 3, 3, 3, 3, 3, 3, 3, 3, 3, 3, 3, 3, 3, 3, 3, 3, 3, 3, 3, 3, 3, 3, 3, 3, 3, 3, 3, 3, 3, 3, 3, 3, 3, 3, 3, 3, 3, 3, 3, 3, 3, 3, 3, 3, 3, 3, 3, 3, 3, 3, 3, 3, 3, 3, 3, 3, 3, 3, 3, 3, 3, 3, 3, 3, 3, 3, 3, 3, 3, 3, 3, 3, 3, 3, 3, 3, 3, 3, 3, 3, 3, 3, 3, 3, 3, 3, 3, 3, 3, 3, 3, 3, 3, 3, 3, 3, 3, 3, 3, 3, 3, 3, 3, 3, 3, 3, 3, 3, 3, 3, 3, 3, 3, 3, 3, 3, 3, 3, 3, 3, 3, 3, 3, 3, 3, 3, 3, 3, 3, 3, 3, 3, 3, 3, 3, 3, 3, 3, 3, 3, 3, 3, 3, 3, 3, 3, 3, 3, 3, 3, 3, 3, 3, 3, 3, 3, 3, 3, 3, 3, 3, 3, 3, 3, 3, 3, 3, 3, 3, 3, 3, 3, 3, 3, 3, 3, 3, 3, 3, 3, 3, 3, 3, 3, 3, 3, 3, 3, 3, 3, 3, 3, 3, 3, 3, 3, 3, 3, 3, 3, 3, 3, 3, 3, 3, 3, 3, 3, 3, 3, 3, 3, 3, 3, 3, 3, 3, 3, 3, 3, 3, 3, 3, 3, 3, 3, 3, 3, 3, 3, 3, 3, 3, 3, 3, 3, 3, 3, 3, 3, 3, 3, 3, 3, 3, 3, 3, 3, 3, 3, 3, 3, 3, 3, 3, 3, 3, 3, 3, 3, 3, 3, 3, 3, 3, 3, 3, 3, 3, 3, 3, 3, 3, 3, 3, 3, 3, 3, 3]
            int[] faceVertexIndices = [1, 7, 6, 1, 6, 0, 2, 8, 7, 2, 7, 1, 3, 9, 8, 3, 8, 2, 4, 10, 9, 4, 9, 3, 5, 11, 10, 5, 10, 4, 7, 13, 12, 7, 12, 6, 8, 14, 13, 8, 13, 7, 9, 15, 14, 9, 14, 8, 10, 16, 15, 10, 15, 9, 11, 17, 16, 11, 16, 10, 13, 19, 18, 13, 18, 12, 14, 20, 19, 14, 19, 13, 15, 21, 20, 15, 20, 14, 16, 22, 21, 16, 21, 15, 17, 23, 22, 17, 22, 16, 19, 25, 24, 19, 24, 18, 20, 26, 25, 20, 25, 19, 21, 27, 26, 21, 26, 20, 22, 28, 27, 22, 27, 21, 23, 29, 28, 23, 28, 22, 25, 31, 30, 25, 30, 24, 26, 32, 31, 26, 31, 25, 27, 33, 32, 27, 32, 26, 28, 34, 33, 28, 33, 27, 29, 35, 34, 29, 34, 28, 36, 42, 43, 36, 43, 37, 37, 43, 44, 37, 44, 38, 38, 44, 45, 38, 45, 39, 39, 45, 46, 39, 46, 40, 40, 46, 47, 40, 47, 41, 42, 48, 49, 42, 49, 43, 43, 49, 50, 43, 50, 44, 44, 50, 51, 44, 51, 45, 45, 51, 52, 45, 52, 46, 46, 52, 53, 46, 53, 47, 48, 54, 55, 48, 55, 49, 49, 55, 56, 49, 56, 50, 50, 56, 57, 50, 57, 51, 51, 57, 58, 51, 58, 52, 52, 58, 59, 52, 59, 53, 54, 60, 61, 54, 61, 55, 55, 61, 62, 55, 62, 56, 56, 62, 63, 56, 63, 57, 57, 63, 64, 57, 64, 58, 58, 64, 65, 58, 65, 59, 60, 66, 67, 60, 67, 61, 61, 67, 68, 61, 68, 62, 62, 68, 69, 62, 69, 63, 63, 69, 70, 63, 70, 64, 64, 70, 71, 64, 71, 65, 73, 79, 78, 73, 78, 72, 74, 80, 79, 74, 79, 73, 75, 81, 80, 75, 80, 74, 76, 82, 81, 76, 81, 75, 77, 83, 82, 77, 82, 76, 79, 85, 84, 79, 84, 78, 80, 86, 85, 80, 85, 79, 81, 87, 86, 81, 86, 80, 82, 88, 87, 82, 87, 81, 83, 89, 88, 83, 88, 82, 85, 91, 90, 85, 90, 84, 86, 92, 91, 86, 91, 85, 87, 93, 92, 87, 92, 86, 88, 94, 93, 88, 93, 87, 89, 95, 94, 89, 94, 88, 91, 97, 96, 91, 96, 90, 92, 98, 97, 92, 97, 91, 93, 99, 98, 93, 98, 92, 94, 100, 99, 94, 99, 93, 95, 101, 100, 95, 100, 94, 97, 103, 102, 97, 102, 96, 98, 104, 103, 98, 103, 97, 99, 105, 104, 99, 104, 98, 100, 106, 105, 100, 105, 99, 101, 107, 106, 101, 106, 100, 108, 114, 115, 108, 115, 109, 109, 115, 116, 109, 116, 110, 110, 116, 117, 110, 117, 111, 111, 117, 118, 111, 118, 112, 112, 118, 119, 112, 119, 113, 114, 120, 121, 114, 121, 115, 115, 121, 122, 115, 122, 116, 116, 122, 123, 116, 123, 117, 117, 123, 124, 117, 124, 118, 118, 124, 125, 118, 125, 119, 120, 126, 127, 120, 127, 121, 121, 127, 128, 121, 128, 122, 122, 128, 129, 122, 129, 123, 123, 129, 130, 123, 130, 124, 124, 130, 131, 124, 131, 125, 126, 132, 133, 126, 133, 127, 127, 133, 134, 127, 134, 128, 128, 134, 135, 128, 135, 129, 129, 135, 136, 129, 136, 130, 130, 136, 137, 130, 137, 131, 132, 138, 139, 132, 139, 133, 133, 139, 140, 133, 140, 134, 134, 140, 141, 134, 141, 135, 135, 141, 142, 135, 142, 136, 136, 142, 143, 136, 143, 137, 145, 151, 150, 145, 150, 144, 146, 152, 151, 146, 151, 145, 147, 153, 152, 147, 152, 146, 148, 154, 153, 148, 153, 147, 149, 155, 154, 149, 154, 148, 151, 157, 156, 151, 156, 150, 152, 158, 157, 152, 157, 151, 153, 159, 158, 153, 158, 152, 154, 160, 159, 154, 159, 153, 155, 161, 160, 155, 160, 154, 157, 163, 162, 157, 162, 156, 158, 164, 163, 158, 163, 157, 159, 165, 164, 159, 164, 158, 160, 166, 165, 160, 165, 159, 161, 167, 166, 161, 166, 160, 163, 169, 168, 163, 168, 162, 164, 170, 169, 164, 169, 163, 165, 171, 170, 165, 170, 164, 166, 172, 171, 166, 171, 165, 167, 173, 172, 167, 172, 166, 169, 175, 174, 169, 174, 168, 170, 176, 175, 170, 175, 169, 171, 177, 176, 171, 176, 170, 172, 178, 177, 172, 177, 171, 173, 179, 178, 173, 178, 172, 180, 186, 187, 180, 187, 181, 181, 187, 188, 181, 188, 182, 182, 188, 189, 182, 189, 183, 183, 189, 190, 183, 190, 184, 184, 190, 191, 184, 191, 185, 186, 192, 193, 186, 193, 187, 187, 193, 194, 187, 194, 188, 188, 194, 195, 188, 195, 189, 189, 195, 196, 189, 196, 190, 190, 196, 197, 190, 197, 191, 192, 198, 199, 192, 199, 193, 193, 199, 200, 193, 200, 194, 194, 200, 201, 194, 201, 195, 195, 201, 202, 195, 202, 196, 196, 202, 203, 196, 203, 197, 198, 204, 205, 198, 205, 199, 199, 205, 206, 199, 206, 200, 200, 206, 207, 200, 207, 201, 201, 207, 208, 201, 208, 202, 202, 208, 209, 202, 209, 203, 204, 210, 211, 204, 211, 205, 205, 211, 212, 205, 212, 206, 206, 212, 213, 206, 213, 207, 207, 213, 214, 207, 214, 208, 208, 214, 215, 208, 215, 209]
            normal3f[] normals = [(-0.7745967, -0.4472136, -0.4472136), (-0.7668657, -0.5195657, -0.376787), (-0.8113493, -0.5845599, -0.001447023), (-0.8112421, -0.5847103, 0.0002986903), (-0.7900625, -0.5555967, 0.2590629), (-0.7071068, -0.5, 0.5), (-0.7668657, -0.376787, -0.5195657), (-0.8559572, -0.3656073, -0.3656073), (-0.8959345, -0.4441848, -0.001071095), (-0.9451475, -0.3266429, 0.0007182076), (-0.8844941, -0.3299016, 0.3299016), (-0.7900625, -0.2590629, 0.5555967), (-0.8118281, -0.008227935, -0.5838386), (-0.8973103, -0.00616946, -0.4413572), (-0.9999207, -0.01241355, -0.002129855), (-0.9999945, -0.003272431, 0.0005772504), (-0.9445719, -0.00416251, 0.3282781), (-0.8112409, -0.00174595, 0.5847094), (-0.8112409, 0.00174595, -0.5847094), (-0.9445719, 0.00416251, -0.3282781), (-0.9999945, 0.003272431, -0.0005772504), (-0.9999207, 0.01241355, 0.002129855), (-0.8973103, 0.00616946, 0.4413572), (-0.8118281, 0.008227935, 0.5838386), (-0.7900625, 0.2590629, -0.5555967), (-0.8844941, 0.3299016, -0.3299016), (-0.9451475, 0.3266429, -0.0007182076), (-0.8959345, 0.4441848, 0.001071095), (-0.8559572, 0.3656073, 0.3656073), (-0.7668657, 0.376787, 0.5195657), (-0.7071068, 0.5, -0.5), (-0.7900625, 0.5555967, -0.2590629), (-0.8112421, 0.5847103, -0.0002986903), (-0.8113493, 0.5845599, 0.001447023), (-0.7668657, 0.5195657, 0.376787), (-0.7745967, 0.4472136, 0.4472136), (0.7071068, -0.5, -0.5), (0.7900625, -0.5555967, -0.2590629), (0.8112421, -0.5847103, -0.0002986903), (0.8113493, -0.5845599, 0.001447023), (0.7668657, -0.5195657, 0.376787), (0.7745967, -0.4472136, 0.4472136), (0.7900625, -0.2590629, -0.5555967), (0.8844941, -0.3299016, -0.3299016), (0.9451475, -0.3266429, -0.0007182076), (0.8959345, -0.4441848, 0.001071095), (0.8559572, -0.3656073, 0.3656073), (0.7668657, -0.376787, 0.5195657), (0.8112409, -0.00174595, -0.5847094), (0.9445719, -0.00416251, -0.3282781), (0.9999945, -0.003272431, -0.0005772504), (0.9999207, -0.01241355, 0.002129855), (0.8973103, -0.00616946, 0.4413572), (0.8118281, -0.008227935, 0.5838386), (0.8118281, 0.008227935, -0.5838386), (0.8973103, 0.00616946, -0.4413572), (0.9999207, 0.01241355, -0.002129855), (0.9999945, 0.003272431, 0.0005772504), (0.9445719, 0.00416251, 0.3282781), (0.8112409, 0.00174595, 0.5847094), (0.7668657, 0.376787, -0.5195657), (0.8559572, 0.3656073, -0.3656073), (0.8959345, 0.4441848, -0.001071095), (0.9451475, 0.3266429, 0.0007182076), (0.8844941, 0.3299016, 0.3299016), (0.7900625, 0.2590629, 0.5555967), (0.7745967, 0.4472136, -0.4472136), (0.7668657, 0.5195657, -0.376787), (0.8113493, 0.5845599, -0.001447023), (0.8112421, 0.5847103, 0.0002986903), (0.7900625, 0.5555967, 0.2590629), (0.7071068, 0.5, 0.5), (-0.4472136, -0.7745967, -0.4472136), (-0.376787, -0.7668657, -0.5195657), (-0.01472345, -0.8122511, -0.583122), (0.003210551, -0.811238, -0.5847073), (0.2590629, -0.7900625, -0.5555967), (0.5, -0.7071068, -0.5), (-0.5195657, -0.7668657, -0.376787), (-0.3656073, -0.8559572, -0.3656073), (-0.01117909, -0.8986308, -0.4385633), (0.007588915, -0.9439854, -0.3299), (0.3299016, -0.8844941, -0.3299016), (0.5555967, -0.7900625, -0.2590629), (-0.5845599, -0.8113493, -0.001447023), (-0.4441848, -0.8959345, -0.001071095), (-0.02203344, -0.9997551, -0.002061882), (0.005999379, -0.9999818, -0.0005930792), (0.3266429, -0.9451475, -0.0007182076), (0.5847103, -0.8112421, -0.0002986903), (-0.5847103, -0.8112421, 0.0002986903), (-0.3266429, -0.9451475, 0.0007182076), (-0.005999379, -0.9999818, 0.0005930792), (0.02203344, -0.9997551, 0.002061882), (0.4441848, -0.8959345, 0.001071095), (0.5845599, -0.8113493, 0.001447023), (-0.5555967, -0.7900625, 0.2590629), (-0.3299016, -0.8844941, 0.3299016), (-0.007588915, -0.9439854, 0.3299), (0.01117909, -0.8986308, 0.4385633), (0.3656073, -0.8559572, 0.3656073), (0.5195657, -0.7668657, 0.376787), (-0.5, -0.7071068, 0.5), (-0.2590629, -0.7900625, 0.5555967), (-0.003210551, -0.811238, 0.5847073), (0.01472345, -0.8122511, 0.583122), (0.376787, -0.7668657, 0.5195657), (0.4472136, -0.7745967, 0.4472136), (-0.5, 0.7071068, -0.5), (-0.2590629, 0.7900625, -0.5555967), (-0.003210551, 0.811238, -0.5847073), (0.01472345, 0.8122511, -0.583122), (0.376787, 0.7668657, -0.5195657), (0.4472136, 0.7745967, -0.4472136), (-0.5555967, 0.7900625, -0.2590629), (-0.3299016, 0.8844941, -0.3299016), (-0.007588915, 0.9439854, -0.3299), (0.01117909, 0.8986308, -0.4385633), (0.3656073, 0.8559572, -0.3656073), (0.5195657, 0.7668657, -0.376787), (-0.5847103, 0.8112421, -0.0002986903), (-0.3266429, 0.9451475, -0.0007182076), (-0.005999379, 0.9999818, -0.0005930792), (0.02203344, 0.9997551, -0.002061882), (0.4441848, 0.8959345, -0.001071095), (0.5845599, 0.8113493, -0.001447023), (-0.5845599, 0.8113493, 0.001447023), (-0.4441848, 0.8959345, 0.001071095), (-0.02203344, 0.9997551, 0.002061882), (0.005999379, 0.9999818, 0.0005930792), (0.3266429, 0.9451475, 0.0007182076), (0.5847103, 0.8112421, 0.0002986903), (-0.5195657, 0.7668657, 0.376787), (-0.3656073, 0.8559572, 0.3656073), (-0.01117909, 0.8986308, 0.4385633), (0.007588915, 0.9439854, 0.3299), (0.3299016, 0.8844941, 0.3299016), (0.5555967, 0.7900625, 0.2590629), (-0.4472136, 0.7745967, 0.4472136), (-0.376787, 0.7668657, 0.5195657), (-0.01472345, 0.8122511, 0.583122), (0.003210551, 0.811238, 0.5847073), (0.2590629, 0.7900625, 0.5555967), (0.5, 0.7071068, 0.5), (-0.4472136, -0.4472136, -0.7745967), (-0.5195657, -0.376787, -0.7668657), (-0.5838386, -0.008227935, -0.8118281), (-0.5847094, 0.00174595, -0.8112409), (-0.5555967, 0.2590629, -0.7900625), (-0.5, 0.5, -0.7071068), (-0.376787, -0.5195657, -0.7668657), (-0.3656073, -0.3656073, -0.8559572), (-0.4413572, -0.00616946, -0.8973103), (-0.3282781, 0.00416251, -0.9445719), (-0.3299016, 0.3299016, -0.8844941), (-0.2590629, 0.5555967, -0.7900625), (-0.01472345, -0.583122, -0.8122511), (-0.01117909, -0.4385633, -0.8986308), (-0.02137321, -0.01165728, -0.9997036), (-0.006163267, 0.003454011, -0.999975), (-0.007588915, 0.3299, -0.9439854), (-0.003210551, 0.5847073, -0.811238), (0.003210551, -0.5847073, -0.811238), (0.007588915, -0.3299, -0.9439854), (0.006163267, -0.003454011, -0.999975), (0.02137321, 0.01165728, -0.9997036), (0.01117909, 0.4385633, -0.8986308), (0.01472345, 0.583122, -0.8122511), (0.2590629, -0.5555967, -0.7900625), (0.3299016, -0.3299016, -0.8844941), (0.3282781, -0.00416251, -0.9445719), (0.4413572, 0.00616946, -0.8973103), (0.3656073, 0.3656073, -0.8559572), (0.376787, 0.5195657, -0.7668657), (0.5, -0.5, -0.7071068), (0.5555967, -0.2590629, -0.7900625), (0.5847094, -0.00174595, -0.8112409), (0.5838386, 0.008227935, -0.8118281), (0.5195657, 0.376787, -0.7668657), (0.4472136, 0.4472136, -0.7745967), (-0.5, -0.5, 0.7071068), (-0.5555967, -0.2590629, 0.7900625), (-0.5847094, -0.00174595, 0.8112409), (-0.5838386, 0.008227935, 0.8118281), (-0.5195657, 0.376787, 0.7668657), (-0.4472136, 0.4472136, 0.7745967), (-0.2590629, -0.5555967, 0.7900625), (-0.3299016, -0.3299016, 0.8844941), (-0.3282781, -0.00416251, 0.9445719), (-0.4413572, 0.00616946, 0.8973103), (-0.3656073, 0.3656073, 0.8559572), (-0.376787, 0.5195657, 0.7668657), (-0.003210551, -0.5847073, 0.811238), (-0.007588915, -0.3299, 0.9439854), (-0.006163267, -0.003454011, 0.999975), (-0.02137321, 0.01165728, 0.9997036), (-0.01117909, 0.4385633, 0.8986308), (-0.01472345, 0.583122, 0.8122511), (0.01472345, -0.583122, 0.8122511), (0.01117909, -0.4385633, 0.8986308), (0.02137321, -0.01165728, 0.9997036), (0.006163267, 0.003454011, 0.999975), (0.007588915, 0.3299, 0.9439854), (0.003210551, 0.5847073, 0.811238), (0.376787, -0.5195657, 0.7668657), (0.3656073, -0.3656073, 0.8559572), (0.4413572, -0.00616946, 0.8973103), (0.3282781, 0.00416251, 0.9445719), (0.3299016, 0.3299016, 0.8844941), (0.2590629, 0.5555967, 0.7900625), (0.4472136, -0.4472136, 0.7745967), (0.5195657, -0.376787, 0.7668657), (0.5838386, -0.008227935, 0.8118281), (0.5847094, 0.00174595, 0.8112409), (0.5555967, 0.2590629, 0.7900625), (0.5, 0.5, 0.7071068)] (interpolation = "vertex")
            float3[] extent = [(0.003706875, -0.000252, 0.003933), (0.003898125, 7.2e-05, 0.005667)]
            rel material:binding = </WorkbenchPart/Materials/solder>
        }
        def Mesh "SMDEndTermination_08" (prepend apiSchemas = ["MaterialBindingAPI"])
        {
            uniform token subdivisionScheme = "none"
            uniform token orientation = "rightHanded"
            bool doubleSided = false
            point3f[] points = [(0.004659483, -0.0002443923, 0.003940608), (0.004657875, -0.000246, 0.003945), (0.004657147, -0.0002467279, 0.003951), (0.004657147, -0.0002467279, 0.005649), (0.004657875, -0.000246, 0.005655), (0.004659483, -0.0002443923, 0.005659392), (0.004657875, -0.00024, 0.003939), (0.004655178, -0.0002413485, 0.003943652), (0.004653775, -0.0002420498, 0.003951), (0.004653775, -0.0002420498, 0.005649), (0.004655178, -0.0002413485, 0.005656348), (0.004657875, -0.00024, 0.005661), (0.004657147, -0.000234, 0.003938272), (0.004653775, -0.000234, 0.00394295), (0.004651875, -0.000234, 0.003951), (0.004651875, -0.000234, 0.005649), (0.004653775, -0.000234, 0.00565705), (0.004657147, -0.000234, 0.005661728), (0.004657147, 5.4e-05, 0.003938272), (0.004653775, 5.4e-05, 0.00394295), (0.004651875, 5.4e-05, 0.003951), (0.004651875, 5.4e-05, 0.005649), (0.004653775, 5.4e-05, 0.00565705), (0.004657147, 5.4e-05, 0.005661728), (0.004657875, 6e-05, 0.003939), (0.004655178, 6.134847e-05, 0.003943652), (0.004653775, 6.204984e-05, 0.003951), (0.004653775, 6.204984e-05, 0.005649), (0.004655178, 6.134847e-05, 0.005656348), (0.004657875, 6e-05, 0.005661), (0.004659483, 6.43923e-05, 0.003940608), (0.004657875, 6.6e-05, 0.003945), (0.004657147, 6.672792e-05, 0.003951), (0.004657147, 6.672792e-05, 0.005649), (0.004657875, 6.6e-05, 0.005655), (0.004659483, 6.43923e-05, 0.005659392), (0.004835517, -0.0002443923, 0.003940608), (0.004837125, -0.000246, 0.003945), (0.004837853, -0.0002467279, 0.003951), (0.004837853, -0.0002467279, 0.005649), (0.004837125, -0.000246, 0.005655), (0.004835517, -0.0002443923, 0.005659392), (0.004837125, -0.00024, 0.003939), (0.004839822, -0.0002413485, 0.003943652), (0.004841225, -0.0002420498, 0.003951), (0.004841225, -0.0002420498, 0.005649), (0.004839822, -0.0002413485, 0.005656348), (0.004837125, -0.00024, 0.005661), (0.004837853, -0.000234, 0.003938272), (0.004841225, -0.000234, 0.00394295), (0.004843125, -0.000234, 0.003951), (0.004843125, -0.000234, 0.005649), (0.004841225, -0.000234, 0.00565705), (0.004837853, -0.000234, 0.005661728), (0.004837853, 5.4e-05, 0.003938272), (0.004841225, 5.4e-05, 0.00394295), (0.004843125, 5.4e-05, 0.003951), (0.004843125, 5.4e-05, 0.005649), (0.004841225, 5.4e-05, 0.00565705), (0.004837853, 5.4e-05, 0.005661728), (0.004837125, 6e-05, 0.003939), (0.004839822, 6.134847e-05, 0.003943652), (0.004841225, 6.204984e-05, 0.003951), (0.004841225, 6.204984e-05, 0.005649), (0.004839822, 6.134847e-05, 0.005656348), (0.004837125, 6e-05, 0.005661), (0.004835517, 6.43923e-05, 0.003940608), (0.004837125, 6.6e-05, 0.003945), (0.004837853, 6.672792e-05, 0.003951), (0.004837853, 6.672792e-05, 0.005649), (0.004837125, 6.6e-05, 0.005655), (0.004835517, 6.43923e-05, 0.005659392), (0.004659483, -0.0002443923, 0.003940608), (0.004663875, -0.000246, 0.003939), (0.004669875, -0.0002467279, 0.003938272), (0.004825125, -0.0002467279, 0.003938272), (0.004831125, -0.000246, 0.003939), (0.004835517, -0.0002443923, 0.003940608), (0.004657875, -0.000246, 0.003945), (0.004662527, -0.0002486969, 0.003943652), (0.004669875, -0.0002500997, 0.00394295), (0.004825125, -0.0002500997, 0.00394295), (0.004832473, -0.0002486969, 0.003943652), (0.004837125, -0.000246, 0.003945), (0.004657147, -0.0002467279, 0.003951), (0.004661825, -0.0002500997, 0.003951), (0.004669875, -0.000252, 0.003951), (0.004825125, -0.000252, 0.003951), (0.004833175, -0.0002500997, 0.003951), (0.004837853, -0.0002467279, 0.003951), (0.004657147, -0.0002467279, 0.005649), (0.004661825, -0.0002500997, 0.005649), (0.004669875, -0.000252, 0.005649), (0.004825125, -0.000252, 0.005649), (0.004833175, -0.0002500997, 0.005649), (0.004837853, -0.0002467279, 0.005649), (0.004657875, -0.000246, 0.005655), (0.004662527, -0.0002486969, 0.005656348), (0.004669875, -0.0002500997, 0.00565705), (0.004825125, -0.0002500997, 0.00565705), (0.004832473, -0.0002486969, 0.005656348), (0.004837125, -0.000246, 0.005655), (0.004659483, -0.0002443923, 0.005659392), (0.004663875, -0.000246, 0.005661), (0.004669875, -0.0002467279, 0.005661728), (0.004825125, -0.0002467279, 0.005661728), (0.004831125, -0.000246, 0.005661), (0.004835517, -0.0002443923, 0.005659392), (0.004659483, 6.43923e-05, 0.003940608), (0.004663875, 6.6e-05, 0.003939), (0.004669875, 6.672792e-05, 0.003938272), (0.004825125, 6.672792e-05, 0.003938272), (0.004831125, 6.6e-05, 0.003939), (0.004835517, 6.43923e-05, 0.003940608), (0.004657875, 6.6e-05, 0.003945), (0.004662527, 6.869694e-05, 0.003943652), (0.004669875, 7.009969e-05, 0.00394295), (0.004825125, 7.009969e-05, 0.00394295), (0.004832473, 6.869694e-05, 0.003943652), (0.004837125, 6.6e-05, 0.003945), (0.004657147, 6.672792e-05, 0.003951), (0.004661825, 7.009969e-05, 0.003951), (0.004669875, 7.2e-05, 0.003951), (0.004825125, 7.2e-05, 0.003951), (0.004833175, 7.009969e-05, 0.003951), (0.004837853, 6.672792e-05, 0.003951), (0.004657147, 6.672792e-05, 0.005649), (0.004661825, 7.009969e-05, 0.005649), (0.004669875, 7.2e-05, 0.005649), (0.004825125, 7.2e-05, 0.005649), (0.004833175, 7.009969e-05, 0.005649), (0.004837853, 6.672792e-05, 0.005649), (0.004657875, 6.6e-05, 0.005655), (0.004662527, 6.869694e-05, 0.005656348), (0.004669875, 7.009969e-05, 0.00565705), (0.004825125, 7.009969e-05, 0.00565705), (0.004832473, 6.869694e-05, 0.005656348), (0.004837125, 6.6e-05, 0.005655), (0.004659483, 6.43923e-05, 0.005659392), (0.004663875, 6.6e-05, 0.005661), (0.004669875, 6.672792e-05, 0.005661728), (0.004825125, 6.672792e-05, 0.005661728), (0.004831125, 6.6e-05, 0.005661), (0.004835517, 6.43923e-05, 0.005659392), (0.004659483, -0.0002443923, 0.003940608), (0.004657875, -0.00024, 0.003939), (0.004657147, -0.000234, 0.003938272), (0.004657147, 5.4e-05, 0.003938272), (0.004657875, 6e-05, 0.003939), (0.004659483, 6.43923e-05, 0.003940608), (0.004663875, -0.000246, 0.003939), (0.004662527, -0.0002413485, 0.003936303), (0.004661825, -0.000234, 0.0039349), (0.004661825, 5.4e-05, 0.0039349), (0.004662527, 6.134847e-05, 0.003936303), (0.004663875, 6.6e-05, 0.003939), (0.004669875, -0.0002467279, 0.003938272), (0.004669875, -0.0002420498, 0.0039349), (0.004669875, -0.000234, 0.003933), (0.004669875, 5.4e-05, 0.003933), (0.004669875, 6.204984e-05, 0.0039349), (0.004669875, 6.672792e-05, 0.003938272), (0.004825125, -0.0002467279, 0.003938272), (0.004825125, -0.0002420498, 0.0039349), (0.004825125, -0.000234, 0.003933), (0.004825125, 5.4e-05, 0.003933), (0.004825125, 6.204984e-05, 0.0039349), (0.004825125, 6.672792e-05, 0.003938272), (0.004831125, -0.000246, 0.003939), (0.004832473, -0.0002413485, 0.003936303), (0.004833175, -0.000234, 0.0039349), (0.004833175, 5.4e-05, 0.0039349), (0.004832473, 6.134847e-05, 0.003936303), (0.004831125, 6.6e-05, 0.003939), (0.004835517, -0.0002443923, 0.003940608), (0.004837125, -0.00024, 0.003939), (0.004837853, -0.000234, 0.003938272), (0.004837853, 5.4e-05, 0.003938272), (0.004837125, 6e-05, 0.003939), (0.004835517, 6.43923e-05, 0.003940608), (0.004659483, -0.0002443923, 0.005659392), (0.004657875, -0.00024, 0.005661), (0.004657147, -0.000234, 0.005661728), (0.004657147, 5.4e-05, 0.005661728), (0.004657875, 6e-05, 0.005661), (0.004659483, 6.43923e-05, 0.005659392), (0.004663875, -0.000246, 0.005661), (0.004662527, -0.0002413485, 0.005663697), (0.004661825, -0.000234, 0.0056651), (0.004661825, 5.4e-05, 0.0056651), (0.004662527, 6.134847e-05, 0.005663697), (0.004663875, 6.6e-05, 0.005661), (0.004669875, -0.0002467279, 0.005661728), (0.004669875, -0.0002420498, 0.0056651), (0.004669875, -0.000234, 0.005667), (0.004669875, 5.4e-05, 0.005667), (0.004669875, 6.204984e-05, 0.0056651), (0.004669875, 6.672792e-05, 0.005661728), (0.004825125, -0.0002467279, 0.005661728), (0.004825125, -0.0002420498, 0.0056651), (0.004825125, -0.000234, 0.005667), (0.004825125, 5.4e-05, 0.005667), (0.004825125, 6.204984e-05, 0.0056651), (0.004825125, 6.672792e-05, 0.005661728), (0.004831125, -0.000246, 0.005661), (0.004832473, -0.0002413485, 0.005663697), (0.004833175, -0.000234, 0.0056651), (0.004833175, 5.4e-05, 0.0056651), (0.004832473, 6.134847e-05, 0.005663697), (0.004831125, 6.6e-05, 0.005661), (0.004835517, -0.0002443923, 0.005659392), (0.004837125, -0.00024, 0.005661), (0.004837853, -0.000234, 0.005661728), (0.004837853, 5.4e-05, 0.005661728), (0.004837125, 6e-05, 0.005661), (0.004835517, 6.43923e-05, 0.005659392)]
            int[] faceVertexCounts = [3, 3, 3, 3, 3, 3, 3, 3, 3, 3, 3, 3, 3, 3, 3, 3, 3, 3, 3, 3, 3, 3, 3, 3, 3, 3, 3, 3, 3, 3, 3, 3, 3, 3, 3, 3, 3, 3, 3, 3, 3, 3, 3, 3, 3, 3, 3, 3, 3, 3, 3, 3, 3, 3, 3, 3, 3, 3, 3, 3, 3, 3, 3, 3, 3, 3, 3, 3, 3, 3, 3, 3, 3, 3, 3, 3, 3, 3, 3, 3, 3, 3, 3, 3, 3, 3, 3, 3, 3, 3, 3, 3, 3, 3, 3, 3, 3, 3, 3, 3, 3, 3, 3, 3, 3, 3, 3, 3, 3, 3, 3, 3, 3, 3, 3, 3, 3, 3, 3, 3, 3, 3, 3, 3, 3, 3, 3, 3, 3, 3, 3, 3, 3, 3, 3, 3, 3, 3, 3, 3, 3, 3, 3, 3, 3, 3, 3, 3, 3, 3, 3, 3, 3, 3, 3, 3, 3, 3, 3, 3, 3, 3, 3, 3, 3, 3, 3, 3, 3, 3, 3, 3, 3, 3, 3, 3, 3, 3, 3, 3, 3, 3, 3, 3, 3, 3, 3, 3, 3, 3, 3, 3, 3, 3, 3, 3, 3, 3, 3, 3, 3, 3, 3, 3, 3, 3, 3, 3, 3, 3, 3, 3, 3, 3, 3, 3, 3, 3, 3, 3, 3, 3, 3, 3, 3, 3, 3, 3, 3, 3, 3, 3, 3, 3, 3, 3, 3, 3, 3, 3, 3, 3, 3, 3, 3, 3, 3, 3, 3, 3, 3, 3, 3, 3, 3, 3, 3, 3, 3, 3, 3, 3, 3, 3, 3, 3, 3, 3, 3, 3, 3, 3, 3, 3, 3, 3, 3, 3, 3, 3, 3, 3, 3, 3, 3, 3, 3, 3, 3, 3, 3, 3, 3, 3, 3, 3, 3, 3, 3, 3]
            int[] faceVertexIndices = [1, 7, 6, 1, 6, 0, 2, 8, 7, 2, 7, 1, 3, 9, 8, 3, 8, 2, 4, 10, 9, 4, 9, 3, 5, 11, 10, 5, 10, 4, 7, 13, 12, 7, 12, 6, 8, 14, 13, 8, 13, 7, 9, 15, 14, 9, 14, 8, 10, 16, 15, 10, 15, 9, 11, 17, 16, 11, 16, 10, 13, 19, 18, 13, 18, 12, 14, 20, 19, 14, 19, 13, 15, 21, 20, 15, 20, 14, 16, 22, 21, 16, 21, 15, 17, 23, 22, 17, 22, 16, 19, 25, 24, 19, 24, 18, 20, 26, 25, 20, 25, 19, 21, 27, 26, 21, 26, 20, 22, 28, 27, 22, 27, 21, 23, 29, 28, 23, 28, 22, 25, 31, 30, 25, 30, 24, 26, 32, 31, 26, 31, 25, 27, 33, 32, 27, 32, 26, 28, 34, 33, 28, 33, 27, 29, 35, 34, 29, 34, 28, 36, 42, 43, 36, 43, 37, 37, 43, 44, 37, 44, 38, 38, 44, 45, 38, 45, 39, 39, 45, 46, 39, 46, 40, 40, 46, 47, 40, 47, 41, 42, 48, 49, 42, 49, 43, 43, 49, 50, 43, 50, 44, 44, 50, 51, 44, 51, 45, 45, 51, 52, 45, 52, 46, 46, 52, 53, 46, 53, 47, 48, 54, 55, 48, 55, 49, 49, 55, 56, 49, 56, 50, 50, 56, 57, 50, 57, 51, 51, 57, 58, 51, 58, 52, 52, 58, 59, 52, 59, 53, 54, 60, 61, 54, 61, 55, 55, 61, 62, 55, 62, 56, 56, 62, 63, 56, 63, 57, 57, 63, 64, 57, 64, 58, 58, 64, 65, 58, 65, 59, 60, 66, 67, 60, 67, 61, 61, 67, 68, 61, 68, 62, 62, 68, 69, 62, 69, 63, 63, 69, 70, 63, 70, 64, 64, 70, 71, 64, 71, 65, 73, 79, 78, 73, 78, 72, 74, 80, 79, 74, 79, 73, 75, 81, 80, 75, 80, 74, 76, 82, 81, 76, 81, 75, 77, 83, 82, 77, 82, 76, 79, 85, 84, 79, 84, 78, 80, 86, 85, 80, 85, 79, 81, 87, 86, 81, 86, 80, 82, 88, 87, 82, 87, 81, 83, 89, 88, 83, 88, 82, 85, 91, 90, 85, 90, 84, 86, 92, 91, 86, 91, 85, 87, 93, 92, 87, 92, 86, 88, 94, 93, 88, 93, 87, 89, 95, 94, 89, 94, 88, 91, 97, 96, 91, 96, 90, 92, 98, 97, 92, 97, 91, 93, 99, 98, 93, 98, 92, 94, 100, 99, 94, 99, 93, 95, 101, 100, 95, 100, 94, 97, 103, 102, 97, 102, 96, 98, 104, 103, 98, 103, 97, 99, 105, 104, 99, 104, 98, 100, 106, 105, 100, 105, 99, 101, 107, 106, 101, 106, 100, 108, 114, 115, 108, 115, 109, 109, 115, 116, 109, 116, 110, 110, 116, 117, 110, 117, 111, 111, 117, 118, 111, 118, 112, 112, 118, 119, 112, 119, 113, 114, 120, 121, 114, 121, 115, 115, 121, 122, 115, 122, 116, 116, 122, 123, 116, 123, 117, 117, 123, 124, 117, 124, 118, 118, 124, 125, 118, 125, 119, 120, 126, 127, 120, 127, 121, 121, 127, 128, 121, 128, 122, 122, 128, 129, 122, 129, 123, 123, 129, 130, 123, 130, 124, 124, 130, 131, 124, 131, 125, 126, 132, 133, 126, 133, 127, 127, 133, 134, 127, 134, 128, 128, 134, 135, 128, 135, 129, 129, 135, 136, 129, 136, 130, 130, 136, 137, 130, 137, 131, 132, 138, 139, 132, 139, 133, 133, 139, 140, 133, 140, 134, 134, 140, 141, 134, 141, 135, 135, 141, 142, 135, 142, 136, 136, 142, 143, 136, 143, 137, 145, 151, 150, 145, 150, 144, 146, 152, 151, 146, 151, 145, 147, 153, 152, 147, 152, 146, 148, 154, 153, 148, 153, 147, 149, 155, 154, 149, 154, 148, 151, 157, 156, 151, 156, 150, 152, 158, 157, 152, 157, 151, 153, 159, 158, 153, 158, 152, 154, 160, 159, 154, 159, 153, 155, 161, 160, 155, 160, 154, 157, 163, 162, 157, 162, 156, 158, 164, 163, 158, 163, 157, 159, 165, 164, 159, 164, 158, 160, 166, 165, 160, 165, 159, 161, 167, 166, 161, 166, 160, 163, 169, 168, 163, 168, 162, 164, 170, 169, 164, 169, 163, 165, 171, 170, 165, 170, 164, 166, 172, 171, 166, 171, 165, 167, 173, 172, 167, 172, 166, 169, 175, 174, 169, 174, 168, 170, 176, 175, 170, 175, 169, 171, 177, 176, 171, 176, 170, 172, 178, 177, 172, 177, 171, 173, 179, 178, 173, 178, 172, 180, 186, 187, 180, 187, 181, 181, 187, 188, 181, 188, 182, 182, 188, 189, 182, 189, 183, 183, 189, 190, 183, 190, 184, 184, 190, 191, 184, 191, 185, 186, 192, 193, 186, 193, 187, 187, 193, 194, 187, 194, 188, 188, 194, 195, 188, 195, 189, 189, 195, 196, 189, 196, 190, 190, 196, 197, 190, 197, 191, 192, 198, 199, 192, 199, 193, 193, 199, 200, 193, 200, 194, 194, 200, 201, 194, 201, 195, 195, 201, 202, 195, 202, 196, 196, 202, 203, 196, 203, 197, 198, 204, 205, 198, 205, 199, 199, 205, 206, 199, 206, 200, 200, 206, 207, 200, 207, 201, 201, 207, 208, 201, 208, 202, 202, 208, 209, 202, 209, 203, 204, 210, 211, 204, 211, 205, 205, 211, 212, 205, 212, 206, 206, 212, 213, 206, 213, 207, 207, 213, 214, 207, 214, 208, 208, 214, 215, 208, 215, 209]
            normal3f[] normals = [(-0.7745967, -0.4472136, -0.4472136), (-0.7668657, -0.5195657, -0.376787), (-0.8113493, -0.5845599, -0.001447023), (-0.8112421, -0.5847103, 0.0002986903), (-0.7900625, -0.5555967, 0.2590629), (-0.7071068, -0.5, 0.5), (-0.7668657, -0.376787, -0.5195657), (-0.8559572, -0.3656073, -0.3656073), (-0.8959345, -0.4441848, -0.001071095), (-0.9451475, -0.3266429, 0.0007182076), (-0.8844941, -0.3299016, 0.3299016), (-0.7900625, -0.2590629, 0.5555967), (-0.8118281, -0.008227935, -0.5838386), (-0.8973103, -0.00616946, -0.4413572), (-0.9999207, -0.01241355, -0.002129855), (-0.9999945, -0.003272431, 0.0005772504), (-0.9445719, -0.00416251, 0.3282781), (-0.8112409, -0.00174595, 0.5847094), (-0.8112409, 0.00174595, -0.5847094), (-0.9445719, 0.00416251, -0.3282781), (-0.9999945, 0.003272431, -0.0005772504), (-0.9999207, 0.01241355, 0.002129855), (-0.8973103, 0.00616946, 0.4413572), (-0.8118281, 0.008227935, 0.5838386), (-0.7900625, 0.2590629, -0.5555967), (-0.8844941, 0.3299016, -0.3299016), (-0.9451475, 0.3266429, -0.0007182076), (-0.8959345, 0.4441848, 0.001071095), (-0.8559572, 0.3656073, 0.3656073), (-0.7668657, 0.376787, 0.5195657), (-0.7071068, 0.5, -0.5), (-0.7900625, 0.5555967, -0.2590629), (-0.8112421, 0.5847103, -0.0002986903), (-0.8113493, 0.5845599, 0.001447023), (-0.7668657, 0.5195657, 0.376787), (-0.7745967, 0.4472136, 0.4472136), (0.7071068, -0.5, -0.5), (0.7900625, -0.5555967, -0.2590629), (0.8112421, -0.5847103, -0.0002986903), (0.8113493, -0.5845599, 0.001447023), (0.7668657, -0.5195657, 0.376787), (0.7745967, -0.4472136, 0.4472136), (0.7900625, -0.2590629, -0.5555967), (0.8844941, -0.3299016, -0.3299016), (0.9451475, -0.3266429, -0.0007182076), (0.8959345, -0.4441848, 0.001071095), (0.8559572, -0.3656073, 0.3656073), (0.7668657, -0.376787, 0.5195657), (0.8112409, -0.00174595, -0.5847094), (0.9445719, -0.00416251, -0.3282781), (0.9999945, -0.003272431, -0.0005772504), (0.9999207, -0.01241355, 0.002129855), (0.8973103, -0.00616946, 0.4413572), (0.8118281, -0.008227935, 0.5838386), (0.8118281, 0.008227935, -0.5838386), (0.8973103, 0.00616946, -0.4413572), (0.9999207, 0.01241355, -0.002129855), (0.9999945, 0.003272431, 0.0005772504), (0.9445719, 0.00416251, 0.3282781), (0.8112409, 0.00174595, 0.5847094), (0.7668657, 0.376787, -0.5195657), (0.8559572, 0.3656073, -0.3656073), (0.8959345, 0.4441848, -0.001071095), (0.9451475, 0.3266429, 0.0007182076), (0.8844941, 0.3299016, 0.3299016), (0.7900625, 0.2590629, 0.5555967), (0.7745967, 0.4472136, -0.4472136), (0.7668657, 0.5195657, -0.376787), (0.8113493, 0.5845599, -0.001447023), (0.8112421, 0.5847103, 0.0002986903), (0.7900625, 0.5555967, 0.2590629), (0.7071068, 0.5, 0.5), (-0.4472136, -0.7745967, -0.4472136), (-0.376787, -0.7668657, -0.5195657), (-0.01472345, -0.8122511, -0.583122), (0.003210551, -0.811238, -0.5847073), (0.2590629, -0.7900625, -0.5555967), (0.5, -0.7071068, -0.5), (-0.5195657, -0.7668657, -0.376787), (-0.3656073, -0.8559572, -0.3656073), (-0.01117909, -0.8986308, -0.4385633), (0.007588915, -0.9439854, -0.3299), (0.3299016, -0.8844941, -0.3299016), (0.5555967, -0.7900625, -0.2590629), (-0.5845599, -0.8113493, -0.001447023), (-0.4441848, -0.8959345, -0.001071095), (-0.02203344, -0.9997551, -0.002061882), (0.005999379, -0.9999818, -0.0005930792), (0.3266429, -0.9451475, -0.0007182076), (0.5847103, -0.8112421, -0.0002986903), (-0.5847103, -0.8112421, 0.0002986903), (-0.3266429, -0.9451475, 0.0007182076), (-0.005999379, -0.9999818, 0.0005930792), (0.02203344, -0.9997551, 0.002061882), (0.4441848, -0.8959345, 0.001071095), (0.5845599, -0.8113493, 0.001447023), (-0.5555967, -0.7900625, 0.2590629), (-0.3299016, -0.8844941, 0.3299016), (-0.007588915, -0.9439854, 0.3299), (0.01117909, -0.8986308, 0.4385633), (0.3656073, -0.8559572, 0.3656073), (0.5195657, -0.7668657, 0.376787), (-0.5, -0.7071068, 0.5), (-0.2590629, -0.7900625, 0.5555967), (-0.003210551, -0.811238, 0.5847073), (0.01472345, -0.8122511, 0.583122), (0.376787, -0.7668657, 0.5195657), (0.4472136, -0.7745967, 0.4472136), (-0.5, 0.7071068, -0.5), (-0.2590629, 0.7900625, -0.5555967), (-0.003210551, 0.811238, -0.5847073), (0.01472345, 0.8122511, -0.583122), (0.376787, 0.7668657, -0.5195657), (0.4472136, 0.7745967, -0.4472136), (-0.5555967, 0.7900625, -0.2590629), (-0.3299016, 0.8844941, -0.3299016), (-0.007588915, 0.9439854, -0.3299), (0.01117909, 0.8986308, -0.4385633), (0.3656073, 0.8559572, -0.3656073), (0.5195657, 0.7668657, -0.376787), (-0.5847103, 0.8112421, -0.0002986903), (-0.3266429, 0.9451475, -0.0007182076), (-0.005999379, 0.9999818, -0.0005930792), (0.02203344, 0.9997551, -0.002061882), (0.4441848, 0.8959345, -0.001071095), (0.5845599, 0.8113493, -0.001447023), (-0.5845599, 0.8113493, 0.001447023), (-0.4441848, 0.8959345, 0.001071095), (-0.02203344, 0.9997551, 0.002061882), (0.005999379, 0.9999818, 0.0005930792), (0.3266429, 0.9451475, 0.0007182076), (0.5847103, 0.8112421, 0.0002986903), (-0.5195657, 0.7668657, 0.376787), (-0.3656073, 0.8559572, 0.3656073), (-0.01117909, 0.8986308, 0.4385633), (0.007588915, 0.9439854, 0.3299), (0.3299016, 0.8844941, 0.3299016), (0.5555967, 0.7900625, 0.2590629), (-0.4472136, 0.7745967, 0.4472136), (-0.376787, 0.7668657, 0.5195657), (-0.01472345, 0.8122511, 0.583122), (0.003210551, 0.811238, 0.5847073), (0.2590629, 0.7900625, 0.5555967), (0.5, 0.7071068, 0.5), (-0.4472136, -0.4472136, -0.7745967), (-0.5195657, -0.376787, -0.7668657), (-0.5838386, -0.008227935, -0.8118281), (-0.5847094, 0.00174595, -0.8112409), (-0.5555967, 0.2590629, -0.7900625), (-0.5, 0.5, -0.7071068), (-0.376787, -0.5195657, -0.7668657), (-0.3656073, -0.3656073, -0.8559572), (-0.4413572, -0.00616946, -0.8973103), (-0.3282781, 0.00416251, -0.9445719), (-0.3299016, 0.3299016, -0.8844941), (-0.2590629, 0.5555967, -0.7900625), (-0.01472345, -0.583122, -0.8122511), (-0.01117909, -0.4385633, -0.8986308), (-0.02137321, -0.01165728, -0.9997036), (-0.006163267, 0.003454011, -0.999975), (-0.007588915, 0.3299, -0.9439854), (-0.003210551, 0.5847073, -0.811238), (0.003210551, -0.5847073, -0.811238), (0.007588915, -0.3299, -0.9439854), (0.006163267, -0.003454011, -0.999975), (0.02137321, 0.01165728, -0.9997036), (0.01117909, 0.4385633, -0.8986308), (0.01472345, 0.583122, -0.8122511), (0.2590629, -0.5555967, -0.7900625), (0.3299016, -0.3299016, -0.8844941), (0.3282781, -0.00416251, -0.9445719), (0.4413572, 0.00616946, -0.8973103), (0.3656073, 0.3656073, -0.8559572), (0.376787, 0.5195657, -0.7668657), (0.5, -0.5, -0.7071068), (0.5555967, -0.2590629, -0.7900625), (0.5847094, -0.00174595, -0.8112409), (0.5838386, 0.008227935, -0.8118281), (0.5195657, 0.376787, -0.7668657), (0.4472136, 0.4472136, -0.7745967), (-0.5, -0.5, 0.7071068), (-0.5555967, -0.2590629, 0.7900625), (-0.5847094, -0.00174595, 0.8112409), (-0.5838386, 0.008227935, 0.8118281), (-0.5195657, 0.376787, 0.7668657), (-0.4472136, 0.4472136, 0.7745967), (-0.2590629, -0.5555967, 0.7900625), (-0.3299016, -0.3299016, 0.8844941), (-0.3282781, -0.00416251, 0.9445719), (-0.4413572, 0.00616946, 0.8973103), (-0.3656073, 0.3656073, 0.8559572), (-0.376787, 0.5195657, 0.7668657), (-0.003210551, -0.5847073, 0.811238), (-0.007588915, -0.3299, 0.9439854), (-0.006163267, -0.003454011, 0.999975), (-0.02137321, 0.01165728, 0.9997036), (-0.01117909, 0.4385633, 0.8986308), (-0.01472345, 0.583122, 0.8122511), (0.01472345, -0.583122, 0.8122511), (0.01117909, -0.4385633, 0.8986308), (0.02137321, -0.01165728, 0.9997036), (0.006163267, 0.003454011, 0.999975), (0.007588915, 0.3299, 0.9439854), (0.003210551, 0.5847073, 0.811238), (0.376787, -0.5195657, 0.7668657), (0.3656073, -0.3656073, 0.8559572), (0.4413572, -0.00616946, 0.8973103), (0.3282781, 0.00416251, 0.9445719), (0.3299016, 0.3299016, 0.8844941), (0.2590629, 0.5555967, 0.7900625), (0.4472136, -0.4472136, 0.7745967), (0.5195657, -0.376787, 0.7668657), (0.5838386, -0.008227935, 0.8118281), (0.5847094, 0.00174595, 0.8112409), (0.5555967, 0.2590629, 0.7900625), (0.5, 0.5, 0.7071068)] (interpolation = "vertex")
            float3[] extent = [(0.004651875, -0.000252, 0.003933), (0.004843125, 7.2e-05, 0.005667)]
            rel material:binding = </WorkbenchPart/Materials/solder>
        }
        def Mesh "ShieldSolderTab_01" (prepend apiSchemas = ["MaterialBindingAPI"])
        {
            uniform token subdivisionScheme = "none"
            uniform token orientation = "rightHanded"
            bool doubleSided = false
            point3f[] points = [(-0.005925622, -0.0001356218, -0.006355622), (-0.005935, -0.000145, -0.00633), (-0.005939246, -0.0001492462, -0.006295), (-0.005939246, -0.0001492462, -0.005705), (-0.005935, -0.000145, -0.00567), (-0.005925622, -0.0001356218, -0.005644378), (-0.005935, -0.00011, -0.006365), (-0.005950732, -0.0001178661, -0.006337866), (-0.005958915, -0.0001219574, -0.006295), (-0.005958915, -0.0001219574, -0.005705), (-0.005950732, -0.0001178661, -0.005662134), (-0.005935, -0.00011, -0.005635), (-0.005939246, -7.5e-05, -0.006369246), (-0.005958915, -7.5e-05, -0.006341957), (-0.00597, -7.5e-05, -0.006295), (-0.00597, -7.5e-05, -0.005705), (-0.005958915, -7.5e-05, -0.005658043), (-0.005939246, -7.5e-05, -0.005630754), (-0.005939246, 0.000195, -0.006369246), (-0.005958915, 0.000195, -0.006341957), (-0.00597, 0.000195, -0.006295), (-0.00597, 0.000195, -0.005705), (-0.005958915, 0.000195, -0.005658043), (-0.005939246, 0.000195, -0.005630754), (-0.005935, 0.00023, -0.006365), (-0.005950732, 0.0002378661, -0.006337866), (-0.005958915, 0.0002419574, -0.006295), (-0.005958915, 0.0002419574, -0.005705), (-0.005950732, 0.0002378661, -0.005662134), (-0.005935, 0.00023, -0.005635), (-0.005925622, 0.0002556218, -0.006355622), (-0.005935, 0.000265, -0.00633), (-0.005939246, 0.0002692462, -0.006295), (-0.005939246, 0.0002692462, -0.005705), (-0.005935, 0.000265, -0.00567), (-0.005925622, 0.0002556218, -0.005644378), (-0.005294378, -0.0001356218, -0.006355622), (-0.005285, -0.000145, -0.00633), (-0.005280754, -0.0001492462, -0.006295), (-0.005280754, -0.0001492462, -0.005705), (-0.005285, -0.000145, -0.00567), (-0.005294378, -0.0001356218, -0.005644378), (-0.005285, -0.00011, -0.006365), (-0.005269268, -0.0001178661, -0.006337866), (-0.005261085, -0.0001219574, -0.006295), (-0.005261085, -0.0001219574, -0.005705), (-0.005269268, -0.0001178661, -0.005662134), (-0.005285, -0.00011, -0.005635), (-0.005280754, -7.5e-05, -0.006369246), (-0.005261085, -7.5e-05, -0.006341957), (-0.00525, -7.5e-05, -0.006295), (-0.00525, -7.5e-05, -0.005705), (-0.005261085, -7.5e-05, -0.005658043), (-0.005280754, -7.5e-05, -0.005630754), (-0.005280754, 0.000195, -0.006369246), (-0.005261085, 0.000195, -0.006341957), (-0.00525, 0.000195, -0.006295), (-0.00525, 0.000195, -0.005705), (-0.005261085, 0.000195, -0.005658043), (-0.005280754, 0.000195, -0.005630754), (-0.005285, 0.00023, -0.006365), (-0.005269268, 0.0002378661, -0.006337866), (-0.005261085, 0.0002419574, -0.006295), (-0.005261085, 0.0002419574, -0.005705), (-0.005269268, 0.0002378661, -0.005662134), (-0.005285, 0.00023, -0.005635), (-0.005294378, 0.0002556218, -0.006355622), (-0.005285, 0.000265, -0.00633), (-0.005280754, 0.0002692462, -0.006295), (-0.005280754, 0.0002692462, -0.005705), (-0.005285, 0.000265, -0.00567), (-0.005294378, 0.0002556218, -0.005644378), (-0.005925622, -0.0001356218, -0.006355622), (-0.0059, -0.000145, -0.006365), (-0.005865, -0.0001492462, -0.006369246), (-0.005355, -0.0001492462, -0.006369246), (-0.00532, -0.000145, -0.006365), (-0.005294378, -0.0001356218, -0.006355622), (-0.005935, -0.000145, -0.00633), (-0.005907866, -0.0001607321, -0.006337866), (-0.005865, -0.0001689149, -0.006341957), (-0.005355, -0.0001689149, -0.006341957), (-0.005312134, -0.0001607321, -0.006337866), (-0.005285, -0.000145, -0.00633), (-0.005939246, -0.0001492462, -0.006295), (-0.005911957, -0.0001689149, -0.006295), (-0.005865, -0.00018, -0.006295), (-0.005355, -0.00018, -0.006295), (-0.005308043, -0.0001689149, -0.006295), (-0.005280754, -0.0001492462, -0.006295), (-0.005939246, -0.0001492462, -0.005705), (-0.005911957, -0.0001689149, -0.005705), (-0.005865, -0.00018, -0.005705), (-0.005355, -0.00018, -0.005705), (-0.005308043, -0.0001689149, -0.005705), (-0.005280754, -0.0001492462, -0.005705), (-0.005935, -0.000145, -0.00567), (-0.005907866, -0.0001607321, -0.005662134), (-0.005865, -0.0001689149, -0.005658043), (-0.005355, -0.0001689149, -0.005658043), (-0.005312134, -0.0001607321, -0.005662134), (-0.005285, -0.000145, -0.00567), (-0.005925622, -0.0001356218, -0.005644378), (-0.0059, -0.000145, -0.005635), (-0.005865, -0.0001492462, -0.005630754), (-0.005355, -0.0001492462, -0.005630754), (-0.00532, -0.000145, -0.005635), (-0.005294378, -0.0001356218, -0.005644378), (-0.005925622, 0.0002556218, -0.006355622), (-0.0059, 0.000265, -0.006365), (-0.005865, 0.0002692462, -0.006369246), (-0.005355, 0.0002692462, -0.006369246), (-0.00532, 0.000265, -0.006365), (-0.005294378, 0.0002556218, -0.006355622), (-0.005935, 0.000265, -0.00633), (-0.005907866, 0.0002807321, -0.006337866), (-0.005865, 0.0002889149, -0.006341957), (-0.005355, 0.0002889149, -0.006341957), (-0.005312134, 0.0002807321, -0.006337866), (-0.005285, 0.000265, -0.00633), (-0.005939246, 0.0002692462, -0.006295), (-0.005911957, 0.0002889149, -0.006295), (-0.005865, 0.0003, -0.006295), (-0.005355, 0.0003, -0.006295), (-0.005308043, 0.0002889149, -0.006295), (-0.005280754, 0.0002692462, -0.006295), (-0.005939246, 0.0002692462, -0.005705), (-0.005911957, 0.0002889149, -0.005705), (-0.005865, 0.0003, -0.005705), (-0.005355, 0.0003, -0.005705), (-0.005308043, 0.0002889149, -0.005705), (-0.005280754, 0.0002692462, -0.005705), (-0.005935, 0.000265, -0.00567), (-0.005907866, 0.0002807321, -0.005662134), (-0.005865, 0.0002889149, -0.005658043), (-0.005355, 0.0002889149, -0.005658043), (-0.005312134, 0.0002807321, -0.005662134), (-0.005285, 0.000265, -0.00567), (-0.005925622, 0.0002556218, -0.005644378), (-0.0059, 0.000265, -0.005635), (-0.005865, 0.0002692462, -0.005630754), (-0.005355, 0.0002692462, -0.005630754), (-0.00532, 0.000265, -0.005635), (-0.005294378, 0.0002556218, -0.005644378), (-0.005925622, -0.0001356218, -0.006355622), (-0.005935, -0.00011, -0.006365), (-0.005939246, -7.5e-05, -0.006369246), (-0.005939246, 0.000195, -0.006369246), (-0.005935, 0.00023, -0.006365), (-0.005925622, 0.0002556218, -0.006355622), (-0.0059, -0.000145, -0.006365), (-0.005907866, -0.0001178661, -0.006380732), (-0.005911957, -7.5e-05, -0.006388915), (-0.005911957, 0.000195, -0.006388915), (-0.005907866, 0.0002378661, -0.006380732), (-0.0059, 0.000265, -0.006365), (-0.005865, -0.0001492462, -0.006369246), (-0.005865, -0.0001219574, -0.006388915), (-0.005865, -7.5e-05, -0.0064), (-0.005865, 0.000195, -0.0064), (-0.005865, 0.0002419574, -0.006388915), (-0.005865, 0.0002692462, -0.006369246), (-0.005355, -0.0001492462, -0.006369246), (-0.005355, -0.0001219574, -0.006388915), (-0.005355, -7.5e-05, -0.0064), (-0.005355, 0.000195, -0.0064), (-0.005355, 0.0002419574, -0.006388915), (-0.005355, 0.0002692462, -0.006369246), (-0.00532, -0.000145, -0.006365), (-0.005312134, -0.0001178661, -0.006380732), (-0.005308043, -7.5e-05, -0.006388915), (-0.005308043, 0.000195, -0.006388915), (-0.005312134, 0.0002378661, -0.006380732), (-0.00532, 0.000265, -0.006365), (-0.005294378, -0.0001356218, -0.006355622), (-0.005285, -0.00011, -0.006365), (-0.005280754, -7.5e-05, -0.006369246), (-0.005280754, 0.000195, -0.006369246), (-0.005285, 0.00023, -0.006365), (-0.005294378, 0.0002556218, -0.006355622), (-0.005925622, -0.0001356218, -0.005644378), (-0.005935, -0.00011, -0.005635), (-0.005939246, -7.5e-05, -0.005630754), (-0.005939246, 0.000195, -0.005630754), (-0.005935, 0.00023, -0.005635), (-0.005925622, 0.0002556218, -0.005644378), (-0.0059, -0.000145, -0.005635), (-0.005907866, -0.0001178661, -0.005619268), (-0.005911957, -7.5e-05, -0.005611085), (-0.005911957, 0.000195, -0.005611085), (-0.005907866, 0.0002378661, -0.005619268), (-0.0059, 0.000265, -0.005635), (-0.005865, -0.0001492462, -0.005630754), (-0.005865, -0.0001219574, -0.005611085), (-0.005865, -7.5e-05, -0.0056), (-0.005865, 0.000195, -0.0056), (-0.005865, 0.0002419574, -0.005611085), (-0.005865, 0.0002692462, -0.005630754), (-0.005355, -0.0001492462, -0.005630754), (-0.005355, -0.0001219574, -0.005611085), (-0.005355, -7.5e-05, -0.0056), (-0.005355, 0.000195, -0.0056), (-0.005355, 0.0002419574, -0.005611085), (-0.005355, 0.0002692462, -0.005630754), (-0.00532, -0.000145, -0.005635), (-0.005312134, -0.0001178661, -0.005619268), (-0.005308043, -7.5e-05, -0.005611085), (-0.005308043, 0.000195, -0.005611085), (-0.005312134, 0.0002378661, -0.005619268), (-0.00532, 0.000265, -0.005635), (-0.005294378, -0.0001356218, -0.005644378), (-0.005285, -0.00011, -0.005635), (-0.005280754, -7.5e-05, -0.005630754), (-0.005280754, 0.000195, -0.005630754), (-0.005285, 0.00023, -0.005635), (-0.005294378, 0.0002556218, -0.005644378)]
            int[] faceVertexCounts = [3, 3, 3, 3, 3, 3, 3, 3, 3, 3, 3, 3, 3, 3, 3, 3, 3, 3, 3, 3, 3, 3, 3, 3, 3, 3, 3, 3, 3, 3, 3, 3, 3, 3, 3, 3, 3, 3, 3, 3, 3, 3, 3, 3, 3, 3, 3, 3, 3, 3, 3, 3, 3, 3, 3, 3, 3, 3, 3, 3, 3, 3, 3, 3, 3, 3, 3, 3, 3, 3, 3, 3, 3, 3, 3, 3, 3, 3, 3, 3, 3, 3, 3, 3, 3, 3, 3, 3, 3, 3, 3, 3, 3, 3, 3, 3, 3, 3, 3, 3, 3, 3, 3, 3, 3, 3, 3, 3, 3, 3, 3, 3, 3, 3, 3, 3, 3, 3, 3, 3, 3, 3, 3, 3, 3, 3, 3, 3, 3, 3, 3, 3, 3, 3, 3, 3, 3, 3, 3, 3, 3, 3, 3, 3, 3, 3, 3, 3, 3, 3, 3, 3, 3, 3, 3, 3, 3, 3, 3, 3, 3, 3, 3, 3, 3, 3, 3, 3, 3, 3, 3, 3, 3, 3, 3, 3, 3, 3, 3, 3, 3, 3, 3, 3, 3, 3, 3, 3, 3, 3, 3, 3, 3, 3, 3, 3, 3, 3, 3, 3, 3, 3, 3, 3, 3, 3, 3, 3, 3, 3, 3, 3, 3, 3, 3, 3, 3, 3, 3, 3, 3, 3, 3, 3, 3, 3, 3, 3, 3, 3, 3, 3, 3, 3, 3, 3, 3, 3, 3, 3, 3, 3, 3, 3, 3, 3, 3, 3, 3, 3, 3, 3, 3, 3, 3, 3, 3, 3, 3, 3, 3, 3, 3, 3, 3, 3, 3, 3, 3, 3, 3, 3, 3, 3, 3, 3, 3, 3, 3, 3, 3, 3, 3, 3, 3, 3, 3, 3, 3, 3, 3, 3, 3, 3, 3, 3, 3, 3, 3, 3]
            int[] faceVertexIndices = [1, 7, 6, 1, 6, 0, 2, 8, 7, 2, 7, 1, 3, 9, 8, 3, 8, 2, 4, 10, 9, 4, 9, 3, 5, 11, 10, 5, 10, 4, 7, 13, 12, 7, 12, 6, 8, 14, 13, 8, 13, 7, 9, 15, 14, 9, 14, 8, 10, 16, 15, 10, 15, 9, 11, 17, 16, 11, 16, 10, 13, 19, 18, 13, 18, 12, 14, 20, 19, 14, 19, 13, 15, 21, 20, 15, 20, 14, 16, 22, 21, 16, 21, 15, 17, 23, 22, 17, 22, 16, 19, 25, 24, 19, 24, 18, 20, 26, 25, 20, 25, 19, 21, 27, 26, 21, 26, 20, 22, 28, 27, 22, 27, 21, 23, 29, 28, 23, 28, 22, 25, 31, 30, 25, 30, 24, 26, 32, 31, 26, 31, 25, 27, 33, 32, 27, 32, 26, 28, 34, 33, 28, 33, 27, 29, 35, 34, 29, 34, 28, 36, 42, 43, 36, 43, 37, 37, 43, 44, 37, 44, 38, 38, 44, 45, 38, 45, 39, 39, 45, 46, 39, 46, 40, 40, 46, 47, 40, 47, 41, 42, 48, 49, 42, 49, 43, 43, 49, 50, 43, 50, 44, 44, 50, 51, 44, 51, 45, 45, 51, 52, 45, 52, 46, 46, 52, 53, 46, 53, 47, 48, 54, 55, 48, 55, 49, 49, 55, 56, 49, 56, 50, 50, 56, 57, 50, 57, 51, 51, 57, 58, 51, 58, 52, 52, 58, 59, 52, 59, 53, 54, 60, 61, 54, 61, 55, 55, 61, 62, 55, 62, 56, 56, 62, 63, 56, 63, 57, 57, 63, 64, 57, 64, 58, 58, 64, 65, 58, 65, 59, 60, 66, 67, 60, 67, 61, 61, 67, 68, 61, 68, 62, 62, 68, 69, 62, 69, 63, 63, 69, 70, 63, 70, 64, 64, 70, 71, 64, 71, 65, 73, 79, 78, 73, 78, 72, 74, 80, 79, 74, 79, 73, 75, 81, 80, 75, 80, 74, 76, 82, 81, 76, 81, 75, 77, 83, 82, 77, 82, 76, 79, 85, 84, 79, 84, 78, 80, 86, 85, 80, 85, 79, 81, 87, 86, 81, 86, 80, 82, 88, 87, 82, 87, 81, 83, 89, 88, 83, 88, 82, 85, 91, 90, 85, 90, 84, 86, 92, 91, 86, 91, 85, 87, 93, 92, 87, 92, 86, 88, 94, 93, 88, 93, 87, 89, 95, 94, 89, 94, 88, 91, 97, 96, 91, 96, 90, 92, 98, 97, 92, 97, 91, 93, 99, 98, 93, 98, 92, 94, 100, 99, 94, 99, 93, 95, 101, 100, 95, 100, 94, 97, 103, 102, 97, 102, 96, 98, 104, 103, 98, 103, 97, 99, 105, 104, 99, 104, 98, 100, 106, 105, 100, 105, 99, 101, 107, 106, 101, 106, 100, 108, 114, 115, 108, 115, 109, 109, 115, 116, 109, 116, 110, 110, 116, 117, 110, 117, 111, 111, 117, 118, 111, 118, 112, 112, 118, 119, 112, 119, 113, 114, 120, 121, 114, 121, 115, 115, 121, 122, 115, 122, 116, 116, 122, 123, 116, 123, 117, 117, 123, 124, 117, 124, 118, 118, 124, 125, 118, 125, 119, 120, 126, 127, 120, 127, 121, 121, 127, 128, 121, 128, 122, 122, 128, 129, 122, 129, 123, 123, 129, 130, 123, 130, 124, 124, 130, 131, 124, 131, 125, 126, 132, 133, 126, 133, 127, 127, 133, 134, 127, 134, 128, 128, 134, 135, 128, 135, 129, 129, 135, 136, 129, 136, 130, 130, 136, 137, 130, 137, 131, 132, 138, 139, 132, 139, 133, 133, 139, 140, 133, 140, 134, 134, 140, 141, 134, 141, 135, 135, 141, 142, 135, 142, 136, 136, 142, 143, 136, 143, 137, 145, 151, 150, 145, 150, 144, 146, 152, 151, 146, 151, 145, 147, 153, 152, 147, 152, 146, 148, 154, 153, 148, 153, 147, 149, 155, 154, 149, 154, 148, 151, 157, 156, 151, 156, 150, 152, 158, 157, 152, 157, 151, 153, 159, 158, 153, 158, 152, 154, 160, 159, 154, 159, 153, 155, 161, 160, 155, 160, 154, 157, 163, 162, 157, 162, 156, 158, 164, 163, 158, 163, 157, 159, 165, 164, 159, 164, 158, 160, 166, 165, 160, 165, 159, 161, 167, 166, 161, 166, 160, 163, 169, 168, 163, 168, 162, 164, 170, 169, 164, 169, 163, 165, 171, 170, 165, 170, 164, 166, 172, 171, 166, 171, 165, 167, 173, 172, 167, 172, 166, 169, 175, 174, 169, 174, 168, 170, 176, 175, 170, 175, 169, 171, 177, 176, 171, 176, 170, 172, 178, 177, 172, 177, 171, 173, 179, 178, 173, 178, 172, 180, 186, 187, 180, 187, 181, 181, 187, 188, 181, 188, 182, 182, 188, 189, 182, 189, 183, 183, 189, 190, 183, 190, 184, 184, 190, 191, 184, 191, 185, 186, 192, 193, 186, 193, 187, 187, 193, 194, 187, 194, 188, 188, 194, 195, 188, 195, 189, 189, 195, 196, 189, 196, 190, 190, 196, 197, 190, 197, 191, 192, 198, 199, 192, 199, 193, 193, 199, 200, 193, 200, 194, 194, 200, 201, 194, 201, 195, 195, 201, 202, 195, 202, 196, 196, 202, 203, 196, 203, 197, 198, 204, 205, 198, 205, 199, 199, 205, 206, 199, 206, 200, 200, 206, 207, 200, 207, 201, 201, 207, 208, 201, 208, 202, 202, 208, 209, 202, 209, 203, 204, 210, 211, 204, 211, 205, 205, 211, 212, 205, 212, 206, 206, 212, 213, 206, 213, 207, 207, 213, 214, 207, 214, 208, 208, 214, 215, 208, 215, 209]
            normal3f[] normals = [(-0.7745967, -0.4472136, -0.4472136), (-0.7668657, -0.5195657, -0.376787), (-0.8126672, -0.5823236, -0.02170753), (-0.8112325, -0.5847033, 0.004878551), (-0.7900625, -0.5555967, 0.2590629), (-0.7071068, -0.5, 0.5), (-0.7668657, -0.376787, -0.5195657), (-0.8559572, -0.3656073, -0.3656073), (-0.9000523, -0.4354615, -0.01670855), (-0.943313, -0.331708, 0.01142044), (-0.8844941, -0.3299016, 0.3299016), (-0.7900625, -0.2590629, 0.5555967), (-0.8136401, -0.04180815, -0.5798637), (-0.9041388, -0.0335077, -0.4259227), (-0.9980692, -0.05603104, -0.02680438), (-0.9997321, -0.02050364, 0.01073448), (-0.9410996, -0.02339411, 0.3373193), (-0.8111991, -0.01030817, 0.5846792), (-0.8111991, 0.01030817, -0.5846792), (-0.9410996, 0.02339411, -0.3373193), (-0.9997321, 0.02050364, -0.01073448), (-0.9980692, 0.05603104, 0.02680438), (-0.9041388, 0.0335077, 0.4259227), (-0.8136401, 0.04180815, 0.5798637), (-0.7900625, 0.2590629, -0.5555967), (-0.8844941, 0.3299016, -0.3299016), (-0.943313, 0.331708, -0.01142044), (-0.9000523, 0.4354615, 0.01670855), (-0.8559572, 0.3656073, 0.3656073), (-0.7668657, 0.376787, 0.5195657), (-0.7071068, 0.5, -0.5), (-0.7900625, 0.5555967, -0.2590629), (-0.8112325, 0.5847033, -0.004878551), (-0.8126672, 0.5823236, 0.02170753), (-0.7668657, 0.5195657, 0.376787), (-0.7745967, 0.4472136, 0.4472136), (0.7071068, -0.5, -0.5), (0.7900625, -0.5555967, -0.2590629), (0.8112325, -0.5847033, -0.004878551), (0.8126672, -0.5823236, 0.02170753), (0.7668657, -0.5195657, 0.376787), (0.7745967, -0.4472136, 0.4472136), (0.7900625, -0.2590629, -0.5555967), (0.8844941, -0.3299016, -0.3299016), (0.943313, -0.331708, -0.01142044), (0.9000523, -0.4354615, 0.01670855), (0.8559572, -0.3656073, 0.3656073), (0.7668657, -0.376787, 0.5195657), (0.8111991, -0.01030817, -0.5846792), (0.9410996, -0.02339411, -0.3373193), (0.9997321, -0.02050364, -0.01073448), (0.9980692, -0.05603104, 0.02680438), (0.9041388, -0.0335077, 0.4259227), (0.8136401, -0.04180815, 0.5798637), (0.8136401, 0.04180815, -0.5798637), (0.9041388, 0.0335077, -0.4259227), (0.9980692, 0.05603104, -0.02680438), (0.9997321, 0.02050364, 0.01073448), (0.9410996, 0.02339411, 0.3373193), (0.8111991, 0.01030817, 0.5846792), (0.7668657, 0.376787, -0.5195657), (0.8559572, 0.3656073, -0.3656073), (0.9000523, 0.4354615, -0.01670855), (0.943313, 0.331708, 0.01142044), (0.8844941, 0.3299016, 0.3299016), (0.7900625, 0.2590629, 0.5555967), (0.7745967, 0.4472136, -0.4472136), (0.7668657, 0.5195657, -0.376787), (0.8126672, 0.5823236, -0.02170753), (0.8112325, 0.5847033, 0.004878551), (0.7900625, 0.5555967, 0.2590629), (0.7071068, 0.5, 0.5), (-0.4472136, -0.7745967, -0.4472136), (-0.376787, -0.7668657, -0.5195657), (-0.02467377, -0.8128318, -0.5819757), (0.005618404, -0.8112294, -0.5847011), (0.2590629, -0.7900625, -0.5555967), (0.5, -0.7071068, -0.5), (-0.5195657, -0.7668657, -0.376787), (-0.3656073, -0.8559572, -0.3656073), (-0.01910332, -0.9006562, -0.4341123), (0.01309631, -0.9430134, -0.3324969), (0.3299016, -0.8844941, -0.3299016), (0.5555967, -0.7900625, -0.2590629), (-0.5823236, -0.8126672, -0.02170753), (-0.4354615, -0.9000523, -0.01670855), (-0.03343323, -0.999018, -0.02907341), (0.01132227, -0.9998862, -0.009973622), (0.331708, -0.943313, -0.01142044), (0.5847033, -0.8112325, -0.004878551), (-0.5847033, -0.8112325, 0.004878551), (-0.331708, -0.943313, 0.01142044), (-0.01132227, -0.9998862, 0.009973622), (0.03343323, -0.999018, 0.02907341), (0.4354615, -0.9000523, 0.01670855), (0.5823236, -0.8126672, 0.02170753), (-0.5555967, -0.7900625, 0.2590629), (-0.3299016, -0.8844941, 0.3299016), (-0.01309631, -0.9430134, 0.3324969), (0.01910332, -0.9006562, 0.4341123), (0.3656073, -0.8559572, 0.3656073), (0.5195657, -0.7668657, 0.376787), (-0.5, -0.7071068, 0.5), (-0.2590629, -0.7900625, 0.5555967), (-0.005618404, -0.8112294, 0.5847011), (0.02467377, -0.8128318, 0.5819757), (0.376787, -0.7668657, 0.5195657), (0.4472136, -0.7745967, 0.4472136), (-0.5, 0.7071068, -0.5), (-0.2590629, 0.7900625, -0.5555967), (-0.005618404, 0.8112294, -0.5847011), (0.02467377, 0.8128318, -0.5819757), (0.376787, 0.7668657, -0.5195657), (0.4472136, 0.7745967, -0.4472136), (-0.5555967, 0.7900625, -0.2590629), (-0.3299016, 0.8844941, -0.3299016), (-0.01309631, 0.9430134, -0.3324969), (0.01910332, 0.9006562, -0.4341123), (0.3656073, 0.8559572, -0.3656073), (0.5195657, 0.7668657, -0.376787), (-0.5847033, 0.8112325, -0.004878551), (-0.331708, 0.943313, -0.01142044), (-0.01132227, 0.9998862, -0.009973622), (0.03343323, 0.999018, -0.02907341), (0.4354615, 0.9000523, -0.01670855), (0.5823236, 0.8126672, -0.02170753), (-0.5823236, 0.8126672, 0.02170753), (-0.4354615, 0.9000523, 0.01670855), (-0.03343323, 0.999018, 0.02907341), (0.01132227, 0.9998862, 0.009973622), (0.331708, 0.943313, 0.01142044), (0.5847033, 0.8112325, 0.004878551), (-0.5195657, 0.7668657, 0.376787), (-0.3656073, 0.8559572, 0.3656073), (-0.01910332, 0.9006562, 0.4341123), (0.01309631, 0.9430134, 0.3324969), (0.3299016, 0.8844941, 0.3299016), (0.5555967, 0.7900625, 0.2590629), (-0.4472136, 0.7745967, 0.4472136), (-0.376787, 0.7668657, 0.5195657), (-0.02467377, 0.8128318, 0.5819757), (0.005618404, 0.8112294, 0.5847011), (0.2590629, 0.7900625, 0.5555967), (0.5, 0.7071068, 0.5), (-0.4472136, -0.4472136, -0.7745967), (-0.5195657, -0.376787, -0.7668657), (-0.5798637, -0.04180815, -0.8136401), (-0.5846792, 0.01030817, -0.8111991), (-0.5555967, 0.2590629, -0.7900625), (-0.5, 0.5, -0.7071068), (-0.376787, -0.5195657, -0.7668657), (-0.3656073, -0.3656073, -0.8559572), (-0.4259227, -0.0335077, -0.9041388), (-0.3373193, 0.02339411, -0.9410996), (-0.3299016, 0.3299016, -0.8844941), (-0.2590629, 0.5555967, -0.7900625), (-0.02467377, -0.5819757, -0.8128318), (-0.01910332, -0.4341123, -0.9006562), (-0.03046324, -0.05537535, -0.9980008), (-0.01232904, 0.02074428, -0.9997088), (-0.01309631, 0.3324969, -0.9430134), (-0.005618404, 0.5847011, -0.8112294), (0.005618404, -0.5847011, -0.8112294), (0.01309631, -0.3324969, -0.9430134), (0.01232904, -0.02074428, -0.9997088), (0.03046324, 0.05537535, -0.9980008), (0.01910332, 0.4341123, -0.9006562), (0.02467377, 0.5819757, -0.8128318), (0.2590629, -0.5555967, -0.7900625), (0.3299016, -0.3299016, -0.8844941), (0.3373193, -0.02339411, -0.9410996), (0.4259227, 0.0335077, -0.9041388), (0.3656073, 0.3656073, -0.8559572), (0.376787, 0.5195657, -0.7668657), (0.5, -0.5, -0.7071068), (0.5555967, -0.2590629, -0.7900625), (0.5846792, -0.01030817, -0.8111991), (0.5798637, 0.04180815, -0.8136401), (0.5195657, 0.376787, -0.7668657), (0.4472136, 0.4472136, -0.7745967), (-0.5, -0.5, 0.7071068), (-0.5555967, -0.2590629, 0.7900625), (-0.5846792, -0.01030817, 0.8111991), (-0.5798637, 0.04180815, 0.8136401), (-0.5195657, 0.376787, 0.7668657), (-0.4472136, 0.4472136, 0.7745967), (-0.2590629, -0.5555967, 0.7900625), (-0.3299016, -0.3299016, 0.8844941), (-0.3373193, -0.02339411, 0.9410996), (-0.4259227, 0.0335077, 0.9041388), (-0.3656073, 0.3656073, 0.8559572), (-0.376787, 0.5195657, 0.7668657), (-0.005618404, -0.5847011, 0.8112294), (-0.01309631, -0.3324969, 0.9430134), (-0.01232904, -0.02074428, 0.9997088), (-0.03046324, 0.05537535, 0.9980008), (-0.01910332, 0.4341123, 0.9006562), (-0.02467377, 0.5819757, 0.8128318), (0.02467377, -0.5819757, 0.8128318), (0.01910332, -0.4341123, 0.9006562), (0.03046324, -0.05537535, 0.9980008), (0.01232904, 0.02074428, 0.9997088), (0.01309631, 0.3324969, 0.9430134), (0.005618404, 0.5847011, 0.8112294), (0.376787, -0.5195657, 0.7668657), (0.3656073, -0.3656073, 0.8559572), (0.4259227, -0.0335077, 0.9041388), (0.3373193, 0.02339411, 0.9410996), (0.3299016, 0.3299016, 0.8844941), (0.2590629, 0.5555967, 0.7900625), (0.4472136, -0.4472136, 0.7745967), (0.5195657, -0.376787, 0.7668657), (0.5798637, -0.04180815, 0.8136401), (0.5846792, 0.01030817, 0.8111991), (0.5555967, 0.2590629, 0.7900625), (0.5, 0.5, 0.7071068)] (interpolation = "vertex")
            float3[] extent = [(-0.00597, -0.00018, -0.0064), (-0.00525, 0.0003, -0.0056)]
            rel material:binding = </WorkbenchPart/Materials/solder>
        }
        def Mesh "ShieldSolderTab_02" (prepend apiSchemas = ["MaterialBindingAPI"])
        {
            uniform token subdivisionScheme = "none"
            uniform token orientation = "rightHanded"
            bool doubleSided = false
            point3f[] points = [(-0.005925622, -0.0001356218, -0.003955622), (-0.005935, -0.000145, -0.00393), (-0.005939246, -0.0001492462, -0.003895), (-0.005939246, -0.0001492462, -0.003305), (-0.005935, -0.000145, -0.00327), (-0.005925622, -0.0001356218, -0.003244378), (-0.005935, -0.00011, -0.003965), (-0.005950732, -0.0001178661, -0.003937866), (-0.005958915, -0.0001219574, -0.003895), (-0.005958915, -0.0001219574, -0.003305), (-0.005950732, -0.0001178661, -0.003262134), (-0.005935, -0.00011, -0.003235), (-0.005939246, -7.5e-05, -0.003969246), (-0.005958915, -7.5e-05, -0.003941957), (-0.00597, -7.5e-05, -0.003895), (-0.00597, -7.5e-05, -0.003305), (-0.005958915, -7.5e-05, -0.003258043), (-0.005939246, -7.5e-05, -0.003230754), (-0.005939246, 0.000195, -0.003969246), (-0.005958915, 0.000195, -0.003941957), (-0.00597, 0.000195, -0.003895), (-0.00597, 0.000195, -0.003305), (-0.005958915, 0.000195, -0.003258043), (-0.005939246, 0.000195, -0.003230754), (-0.005935, 0.00023, -0.003965), (-0.005950732, 0.0002378661, -0.003937866), (-0.005958915, 0.0002419574, -0.003895), (-0.005958915, 0.0002419574, -0.003305), (-0.005950732, 0.0002378661, -0.003262134), (-0.005935, 0.00023, -0.003235), (-0.005925622, 0.0002556218, -0.003955622), (-0.005935, 0.000265, -0.00393), (-0.005939246, 0.0002692462, -0.003895), (-0.005939246, 0.0002692462, -0.003305), (-0.005935, 0.000265, -0.00327), (-0.005925622, 0.0002556218, -0.003244378), (-0.005294378, -0.0001356218, -0.003955622), (-0.005285, -0.000145, -0.00393), (-0.005280754, -0.0001492462, -0.003895), (-0.005280754, -0.0001492462, -0.003305), (-0.005285, -0.000145, -0.00327), (-0.005294378, -0.0001356218, -0.003244378), (-0.005285, -0.00011, -0.003965), (-0.005269268, -0.0001178661, -0.003937866), (-0.005261085, -0.0001219574, -0.003895), (-0.005261085, -0.0001219574, -0.003305), (-0.005269268, -0.0001178661, -0.003262134), (-0.005285, -0.00011, -0.003235), (-0.005280754, -7.5e-05, -0.003969246), (-0.005261085, -7.5e-05, -0.003941957), (-0.00525, -7.5e-05, -0.003895), (-0.00525, -7.5e-05, -0.003305), (-0.005261085, -7.5e-05, -0.003258043), (-0.005280754, -7.5e-05, -0.003230754), (-0.005280754, 0.000195, -0.003969246), (-0.005261085, 0.000195, -0.003941957), (-0.00525, 0.000195, -0.003895), (-0.00525, 0.000195, -0.003305), (-0.005261085, 0.000195, -0.003258043), (-0.005280754, 0.000195, -0.003230754), (-0.005285, 0.00023, -0.003965), (-0.005269268, 0.0002378661, -0.003937866), (-0.005261085, 0.0002419574, -0.003895), (-0.005261085, 0.0002419574, -0.003305), (-0.005269268, 0.0002378661, -0.003262134), (-0.005285, 0.00023, -0.003235), (-0.005294378, 0.0002556218, -0.003955622), (-0.005285, 0.000265, -0.00393), (-0.005280754, 0.0002692462, -0.003895), (-0.005280754, 0.0002692462, -0.003305), (-0.005285, 0.000265, -0.00327), (-0.005294378, 0.0002556218, -0.003244378), (-0.005925622, -0.0001356218, -0.003955622), (-0.0059, -0.000145, -0.003965), (-0.005865, -0.0001492462, -0.003969246), (-0.005355, -0.0001492462, -0.003969246), (-0.00532, -0.000145, -0.003965), (-0.005294378, -0.0001356218, -0.003955622), (-0.005935, -0.000145, -0.00393), (-0.005907866, -0.0001607321, -0.003937866), (-0.005865, -0.0001689149, -0.003941957), (-0.005355, -0.0001689149, -0.003941957), (-0.005312134, -0.0001607321, -0.003937866), (-0.005285, -0.000145, -0.00393), (-0.005939246, -0.0001492462, -0.003895), (-0.005911957, -0.0001689149, -0.003895), (-0.005865, -0.00018, -0.003895), (-0.005355, -0.00018, -0.003895), (-0.005308043, -0.0001689149, -0.003895), (-0.005280754, -0.0001492462, -0.003895), (-0.005939246, -0.0001492462, -0.003305), (-0.005911957, -0.0001689149, -0.003305), (-0.005865, -0.00018, -0.003305), (-0.005355, -0.00018, -0.003305), (-0.005308043, -0.0001689149, -0.003305), (-0.005280754, -0.0001492462, -0.003305), (-0.005935, -0.000145, -0.00327), (-0.005907866, -0.0001607321, -0.003262134), (-0.005865, -0.0001689149, -0.003258043), (-0.005355, -0.0001689149, -0.003258043), (-0.005312134, -0.0001607321, -0.003262134), (-0.005285, -0.000145, -0.00327), (-0.005925622, -0.0001356218, -0.003244378), (-0.0059, -0.000145, -0.003235), (-0.005865, -0.0001492462, -0.003230754), (-0.005355, -0.0001492462, -0.003230754), (-0.00532, -0.000145, -0.003235), (-0.005294378, -0.0001356218, -0.003244378), (-0.005925622, 0.0002556218, -0.003955622), (-0.0059, 0.000265, -0.003965), (-0.005865, 0.0002692462, -0.003969246), (-0.005355, 0.0002692462, -0.003969246), (-0.00532, 0.000265, -0.003965), (-0.005294378, 0.0002556218, -0.003955622), (-0.005935, 0.000265, -0.00393), (-0.005907866, 0.0002807321, -0.003937866), (-0.005865, 0.0002889149, -0.003941957), (-0.005355, 0.0002889149, -0.003941957), (-0.005312134, 0.0002807321, -0.003937866), (-0.005285, 0.000265, -0.00393), (-0.005939246, 0.0002692462, -0.003895), (-0.005911957, 0.0002889149, -0.003895), (-0.005865, 0.0003, -0.003895), (-0.005355, 0.0003, -0.003895), (-0.005308043, 0.0002889149, -0.003895), (-0.005280754, 0.0002692462, -0.003895), (-0.005939246, 0.0002692462, -0.003305), (-0.005911957, 0.0002889149, -0.003305), (-0.005865, 0.0003, -0.003305), (-0.005355, 0.0003, -0.003305), (-0.005308043, 0.0002889149, -0.003305), (-0.005280754, 0.0002692462, -0.003305), (-0.005935, 0.000265, -0.00327), (-0.005907866, 0.0002807321, -0.003262134), (-0.005865, 0.0002889149, -0.003258043), (-0.005355, 0.0002889149, -0.003258043), (-0.005312134, 0.0002807321, -0.003262134), (-0.005285, 0.000265, -0.00327), (-0.005925622, 0.0002556218, -0.003244378), (-0.0059, 0.000265, -0.003235), (-0.005865, 0.0002692462, -0.003230754), (-0.005355, 0.0002692462, -0.003230754), (-0.00532, 0.000265, -0.003235), (-0.005294378, 0.0002556218, -0.003244378), (-0.005925622, -0.0001356218, -0.003955622), (-0.005935, -0.00011, -0.003965), (-0.005939246, -7.5e-05, -0.003969246), (-0.005939246, 0.000195, -0.003969246), (-0.005935, 0.00023, -0.003965), (-0.005925622, 0.0002556218, -0.003955622), (-0.0059, -0.000145, -0.003965), (-0.005907866, -0.0001178661, -0.003980732), (-0.005911957, -7.5e-05, -0.003988915), (-0.005911957, 0.000195, -0.003988915), (-0.005907866, 0.0002378661, -0.003980732), (-0.0059, 0.000265, -0.003965), (-0.005865, -0.0001492462, -0.003969246), (-0.005865, -0.0001219574, -0.003988915), (-0.005865, -7.5e-05, -0.004), (-0.005865, 0.000195, -0.004), (-0.005865, 0.0002419574, -0.003988915), (-0.005865, 0.0002692462, -0.003969246), (-0.005355, -0.0001492462, -0.003969246), (-0.005355, -0.0001219574, -0.003988915), (-0.005355, -7.5e-05, -0.004), (-0.005355, 0.000195, -0.004), (-0.005355, 0.0002419574, -0.003988915), (-0.005355, 0.0002692462, -0.003969246), (-0.00532, -0.000145, -0.003965), (-0.005312134, -0.0001178661, -0.003980732), (-0.005308043, -7.5e-05, -0.003988915), (-0.005308043, 0.000195, -0.003988915), (-0.005312134, 0.0002378661, -0.003980732), (-0.00532, 0.000265, -0.003965), (-0.005294378, -0.0001356218, -0.003955622), (-0.005285, -0.00011, -0.003965), (-0.005280754, -7.5e-05, -0.003969246), (-0.005280754, 0.000195, -0.003969246), (-0.005285, 0.00023, -0.003965), (-0.005294378, 0.0002556218, -0.003955622), (-0.005925622, -0.0001356218, -0.003244378), (-0.005935, -0.00011, -0.003235), (-0.005939246, -7.5e-05, -0.003230754), (-0.005939246, 0.000195, -0.003230754), (-0.005935, 0.00023, -0.003235), (-0.005925622, 0.0002556218, -0.003244378), (-0.0059, -0.000145, -0.003235), (-0.005907866, -0.0001178661, -0.003219268), (-0.005911957, -7.5e-05, -0.003211085), (-0.005911957, 0.000195, -0.003211085), (-0.005907866, 0.0002378661, -0.003219268), (-0.0059, 0.000265, -0.003235), (-0.005865, -0.0001492462, -0.003230754), (-0.005865, -0.0001219574, -0.003211085), (-0.005865, -7.5e-05, -0.0032), (-0.005865, 0.000195, -0.0032), (-0.005865, 0.0002419574, -0.003211085), (-0.005865, 0.0002692462, -0.003230754), (-0.005355, -0.0001492462, -0.003230754), (-0.005355, -0.0001219574, -0.003211085), (-0.005355, -7.5e-05, -0.0032), (-0.005355, 0.000195, -0.0032), (-0.005355, 0.0002419574, -0.003211085), (-0.005355, 0.0002692462, -0.003230754), (-0.00532, -0.000145, -0.003235), (-0.005312134, -0.0001178661, -0.003219268), (-0.005308043, -7.5e-05, -0.003211085), (-0.005308043, 0.000195, -0.003211085), (-0.005312134, 0.0002378661, -0.003219268), (-0.00532, 0.000265, -0.003235), (-0.005294378, -0.0001356218, -0.003244378), (-0.005285, -0.00011, -0.003235), (-0.005280754, -7.5e-05, -0.003230754), (-0.005280754, 0.000195, -0.003230754), (-0.005285, 0.00023, -0.003235), (-0.005294378, 0.0002556218, -0.003244378)]
            int[] faceVertexCounts = [3, 3, 3, 3, 3, 3, 3, 3, 3, 3, 3, 3, 3, 3, 3, 3, 3, 3, 3, 3, 3, 3, 3, 3, 3, 3, 3, 3, 3, 3, 3, 3, 3, 3, 3, 3, 3, 3, 3, 3, 3, 3, 3, 3, 3, 3, 3, 3, 3, 3, 3, 3, 3, 3, 3, 3, 3, 3, 3, 3, 3, 3, 3, 3, 3, 3, 3, 3, 3, 3, 3, 3, 3, 3, 3, 3, 3, 3, 3, 3, 3, 3, 3, 3, 3, 3, 3, 3, 3, 3, 3, 3, 3, 3, 3, 3, 3, 3, 3, 3, 3, 3, 3, 3, 3, 3, 3, 3, 3, 3, 3, 3, 3, 3, 3, 3, 3, 3, 3, 3, 3, 3, 3, 3, 3, 3, 3, 3, 3, 3, 3, 3, 3, 3, 3, 3, 3, 3, 3, 3, 3, 3, 3, 3, 3, 3, 3, 3, 3, 3, 3, 3, 3, 3, 3, 3, 3, 3, 3, 3, 3, 3, 3, 3, 3, 3, 3, 3, 3, 3, 3, 3, 3, 3, 3, 3, 3, 3, 3, 3, 3, 3, 3, 3, 3, 3, 3, 3, 3, 3, 3, 3, 3, 3, 3, 3, 3, 3, 3, 3, 3, 3, 3, 3, 3, 3, 3, 3, 3, 3, 3, 3, 3, 3, 3, 3, 3, 3, 3, 3, 3, 3, 3, 3, 3, 3, 3, 3, 3, 3, 3, 3, 3, 3, 3, 3, 3, 3, 3, 3, 3, 3, 3, 3, 3, 3, 3, 3, 3, 3, 3, 3, 3, 3, 3, 3, 3, 3, 3, 3, 3, 3, 3, 3, 3, 3, 3, 3, 3, 3, 3, 3, 3, 3, 3, 3, 3, 3, 3, 3, 3, 3, 3, 3, 3, 3, 3, 3, 3, 3, 3, 3, 3, 3, 3, 3, 3, 3, 3, 3]
            int[] faceVertexIndices = [1, 7, 6, 1, 6, 0, 2, 8, 7, 2, 7, 1, 3, 9, 8, 3, 8, 2, 4, 10, 9, 4, 9, 3, 5, 11, 10, 5, 10, 4, 7, 13, 12, 7, 12, 6, 8, 14, 13, 8, 13, 7, 9, 15, 14, 9, 14, 8, 10, 16, 15, 10, 15, 9, 11, 17, 16, 11, 16, 10, 13, 19, 18, 13, 18, 12, 14, 20, 19, 14, 19, 13, 15, 21, 20, 15, 20, 14, 16, 22, 21, 16, 21, 15, 17, 23, 22, 17, 22, 16, 19, 25, 24, 19, 24, 18, 20, 26, 25, 20, 25, 19, 21, 27, 26, 21, 26, 20, 22, 28, 27, 22, 27, 21, 23, 29, 28, 23, 28, 22, 25, 31, 30, 25, 30, 24, 26, 32, 31, 26, 31, 25, 27, 33, 32, 27, 32, 26, 28, 34, 33, 28, 33, 27, 29, 35, 34, 29, 34, 28, 36, 42, 43, 36, 43, 37, 37, 43, 44, 37, 44, 38, 38, 44, 45, 38, 45, 39, 39, 45, 46, 39, 46, 40, 40, 46, 47, 40, 47, 41, 42, 48, 49, 42, 49, 43, 43, 49, 50, 43, 50, 44, 44, 50, 51, 44, 51, 45, 45, 51, 52, 45, 52, 46, 46, 52, 53, 46, 53, 47, 48, 54, 55, 48, 55, 49, 49, 55, 56, 49, 56, 50, 50, 56, 57, 50, 57, 51, 51, 57, 58, 51, 58, 52, 52, 58, 59, 52, 59, 53, 54, 60, 61, 54, 61, 55, 55, 61, 62, 55, 62, 56, 56, 62, 63, 56, 63, 57, 57, 63, 64, 57, 64, 58, 58, 64, 65, 58, 65, 59, 60, 66, 67, 60, 67, 61, 61, 67, 68, 61, 68, 62, 62, 68, 69, 62, 69, 63, 63, 69, 70, 63, 70, 64, 64, 70, 71, 64, 71, 65, 73, 79, 78, 73, 78, 72, 74, 80, 79, 74, 79, 73, 75, 81, 80, 75, 80, 74, 76, 82, 81, 76, 81, 75, 77, 83, 82, 77, 82, 76, 79, 85, 84, 79, 84, 78, 80, 86, 85, 80, 85, 79, 81, 87, 86, 81, 86, 80, 82, 88, 87, 82, 87, 81, 83, 89, 88, 83, 88, 82, 85, 91, 90, 85, 90, 84, 86, 92, 91, 86, 91, 85, 87, 93, 92, 87, 92, 86, 88, 94, 93, 88, 93, 87, 89, 95, 94, 89, 94, 88, 91, 97, 96, 91, 96, 90, 92, 98, 97, 92, 97, 91, 93, 99, 98, 93, 98, 92, 94, 100, 99, 94, 99, 93, 95, 101, 100, 95, 100, 94, 97, 103, 102, 97, 102, 96, 98, 104, 103, 98, 103, 97, 99, 105, 104, 99, 104, 98, 100, 106, 105, 100, 105, 99, 101, 107, 106, 101, 106, 100, 108, 114, 115, 108, 115, 109, 109, 115, 116, 109, 116, 110, 110, 116, 117, 110, 117, 111, 111, 117, 118, 111, 118, 112, 112, 118, 119, 112, 119, 113, 114, 120, 121, 114, 121, 115, 115, 121, 122, 115, 122, 116, 116, 122, 123, 116, 123, 117, 117, 123, 124, 117, 124, 118, 118, 124, 125, 118, 125, 119, 120, 126, 127, 120, 127, 121, 121, 127, 128, 121, 128, 122, 122, 128, 129, 122, 129, 123, 123, 129, 130, 123, 130, 124, 124, 130, 131, 124, 131, 125, 126, 132, 133, 126, 133, 127, 127, 133, 134, 127, 134, 128, 128, 134, 135, 128, 135, 129, 129, 135, 136, 129, 136, 130, 130, 136, 137, 130, 137, 131, 132, 138, 139, 132, 139, 133, 133, 139, 140, 133, 140, 134, 134, 140, 141, 134, 141, 135, 135, 141, 142, 135, 142, 136, 136, 142, 143, 136, 143, 137, 145, 151, 150, 145, 150, 144, 146, 152, 151, 146, 151, 145, 147, 153, 152, 147, 152, 146, 148, 154, 153, 148, 153, 147, 149, 155, 154, 149, 154, 148, 151, 157, 156, 151, 156, 150, 152, 158, 157, 152, 157, 151, 153, 159, 158, 153, 158, 152, 154, 160, 159, 154, 159, 153, 155, 161, 160, 155, 160, 154, 157, 163, 162, 157, 162, 156, 158, 164, 163, 158, 163, 157, 159, 165, 164, 159, 164, 158, 160, 166, 165, 160, 165, 159, 161, 167, 166, 161, 166, 160, 163, 169, 168, 163, 168, 162, 164, 170, 169, 164, 169, 163, 165, 171, 170, 165, 170, 164, 166, 172, 171, 166, 171, 165, 167, 173, 172, 167, 172, 166, 169, 175, 174, 169, 174, 168, 170, 176, 175, 170, 175, 169, 171, 177, 176, 171, 176, 170, 172, 178, 177, 172, 177, 171, 173, 179, 178, 173, 178, 172, 180, 186, 187, 180, 187, 181, 181, 187, 188, 181, 188, 182, 182, 188, 189, 182, 189, 183, 183, 189, 190, 183, 190, 184, 184, 190, 191, 184, 191, 185, 186, 192, 193, 186, 193, 187, 187, 193, 194, 187, 194, 188, 188, 194, 195, 188, 195, 189, 189, 195, 196, 189, 196, 190, 190, 196, 197, 190, 197, 191, 192, 198, 199, 192, 199, 193, 193, 199, 200, 193, 200, 194, 194, 200, 201, 194, 201, 195, 195, 201, 202, 195, 202, 196, 196, 202, 203, 196, 203, 197, 198, 204, 205, 198, 205, 199, 199, 205, 206, 199, 206, 200, 200, 206, 207, 200, 207, 201, 201, 207, 208, 201, 208, 202, 202, 208, 209, 202, 209, 203, 204, 210, 211, 204, 211, 205, 205, 211, 212, 205, 212, 206, 206, 212, 213, 206, 213, 207, 207, 213, 214, 207, 214, 208, 208, 214, 215, 208, 215, 209]
            normal3f[] normals = [(-0.7745967, -0.4472136, -0.4472136), (-0.7668657, -0.5195657, -0.376787), (-0.8126672, -0.5823236, -0.02170753), (-0.8112325, -0.5847033, 0.004878551), (-0.7900625, -0.5555967, 0.2590629), (-0.7071068, -0.5, 0.5), (-0.7668657, -0.376787, -0.5195657), (-0.8559572, -0.3656073, -0.3656073), (-0.9000523, -0.4354615, -0.01670855), (-0.943313, -0.331708, 0.01142044), (-0.8844941, -0.3299016, 0.3299016), (-0.7900625, -0.2590629, 0.5555967), (-0.8136401, -0.04180815, -0.5798637), (-0.9041388, -0.0335077, -0.4259227), (-0.9980692, -0.05603104, -0.02680438), (-0.9997321, -0.02050364, 0.01073448), (-0.9410996, -0.02339411, 0.3373193), (-0.8111991, -0.01030817, 0.5846792), (-0.8111991, 0.01030817, -0.5846792), (-0.9410996, 0.02339411, -0.3373193), (-0.9997321, 0.02050364, -0.01073448), (-0.9980692, 0.05603104, 0.02680438), (-0.9041388, 0.0335077, 0.4259227), (-0.8136401, 0.04180815, 0.5798637), (-0.7900625, 0.2590629, -0.5555967), (-0.8844941, 0.3299016, -0.3299016), (-0.943313, 0.331708, -0.01142044), (-0.9000523, 0.4354615, 0.01670855), (-0.8559572, 0.3656073, 0.3656073), (-0.7668657, 0.376787, 0.5195657), (-0.7071068, 0.5, -0.5), (-0.7900625, 0.5555967, -0.2590629), (-0.8112325, 0.5847033, -0.004878551), (-0.8126672, 0.5823236, 0.02170753), (-0.7668657, 0.5195657, 0.376787), (-0.7745967, 0.4472136, 0.4472136), (0.7071068, -0.5, -0.5), (0.7900625, -0.5555967, -0.2590629), (0.8112325, -0.5847033, -0.004878551), (0.8126672, -0.5823236, 0.02170753), (0.7668657, -0.5195657, 0.376787), (0.7745967, -0.4472136, 0.4472136), (0.7900625, -0.2590629, -0.5555967), (0.8844941, -0.3299016, -0.3299016), (0.943313, -0.331708, -0.01142044), (0.9000523, -0.4354615, 0.01670855), (0.8559572, -0.3656073, 0.3656073), (0.7668657, -0.376787, 0.5195657), (0.8111991, -0.01030817, -0.5846792), (0.9410996, -0.02339411, -0.3373193), (0.9997321, -0.02050364, -0.01073448), (0.9980692, -0.05603104, 0.02680438), (0.9041388, -0.0335077, 0.4259227), (0.8136401, -0.04180815, 0.5798637), (0.8136401, 0.04180815, -0.5798637), (0.9041388, 0.0335077, -0.4259227), (0.9980692, 0.05603104, -0.02680438), (0.9997321, 0.02050364, 0.01073448), (0.9410996, 0.02339411, 0.3373193), (0.8111991, 0.01030817, 0.5846792), (0.7668657, 0.376787, -0.5195657), (0.8559572, 0.3656073, -0.3656073), (0.9000523, 0.4354615, -0.01670855), (0.943313, 0.331708, 0.01142044), (0.8844941, 0.3299016, 0.3299016), (0.7900625, 0.2590629, 0.5555967), (0.7745967, 0.4472136, -0.4472136), (0.7668657, 0.5195657, -0.376787), (0.8126672, 0.5823236, -0.02170753), (0.8112325, 0.5847033, 0.004878551), (0.7900625, 0.5555967, 0.2590629), (0.7071068, 0.5, 0.5), (-0.4472136, -0.7745967, -0.4472136), (-0.376787, -0.7668657, -0.5195657), (-0.02467377, -0.8128318, -0.5819757), (0.005618404, -0.8112294, -0.5847011), (0.2590629, -0.7900625, -0.5555967), (0.5, -0.7071068, -0.5), (-0.5195657, -0.7668657, -0.376787), (-0.3656073, -0.8559572, -0.3656073), (-0.01910332, -0.9006562, -0.4341123), (0.01309631, -0.9430134, -0.3324969), (0.3299016, -0.8844941, -0.3299016), (0.5555967, -0.7900625, -0.2590629), (-0.5823236, -0.8126672, -0.02170753), (-0.4354615, -0.9000523, -0.01670855), (-0.03343323, -0.999018, -0.02907341), (0.01132227, -0.9998862, -0.009973622), (0.331708, -0.943313, -0.01142044), (0.5847033, -0.8112325, -0.004878551), (-0.5847033, -0.8112325, 0.004878551), (-0.331708, -0.943313, 0.01142044), (-0.01132227, -0.9998862, 0.009973622), (0.03343323, -0.999018, 0.02907341), (0.4354615, -0.9000523, 0.01670855), (0.5823236, -0.8126672, 0.02170753), (-0.5555967, -0.7900625, 0.2590629), (-0.3299016, -0.8844941, 0.3299016), (-0.01309631, -0.9430134, 0.3324969), (0.01910332, -0.9006562, 0.4341123), (0.3656073, -0.8559572, 0.3656073), (0.5195657, -0.7668657, 0.376787), (-0.5, -0.7071068, 0.5), (-0.2590629, -0.7900625, 0.5555967), (-0.005618404, -0.8112294, 0.5847011), (0.02467377, -0.8128318, 0.5819757), (0.376787, -0.7668657, 0.5195657), (0.4472136, -0.7745967, 0.4472136), (-0.5, 0.7071068, -0.5), (-0.2590629, 0.7900625, -0.5555967), (-0.005618404, 0.8112294, -0.5847011), (0.02467377, 0.8128318, -0.5819757), (0.376787, 0.7668657, -0.5195657), (0.4472136, 0.7745967, -0.4472136), (-0.5555967, 0.7900625, -0.2590629), (-0.3299016, 0.8844941, -0.3299016), (-0.01309631, 0.9430134, -0.3324969), (0.01910332, 0.9006562, -0.4341123), (0.3656073, 0.8559572, -0.3656073), (0.5195657, 0.7668657, -0.376787), (-0.5847033, 0.8112325, -0.004878551), (-0.331708, 0.943313, -0.01142044), (-0.01132227, 0.9998862, -0.009973622), (0.03343323, 0.999018, -0.02907341), (0.4354615, 0.9000523, -0.01670855), (0.5823236, 0.8126672, -0.02170753), (-0.5823236, 0.8126672, 0.02170753), (-0.4354615, 0.9000523, 0.01670855), (-0.03343323, 0.999018, 0.02907341), (0.01132227, 0.9998862, 0.009973622), (0.331708, 0.943313, 0.01142044), (0.5847033, 0.8112325, 0.004878551), (-0.5195657, 0.7668657, 0.376787), (-0.3656073, 0.8559572, 0.3656073), (-0.01910332, 0.9006562, 0.4341123), (0.01309631, 0.9430134, 0.3324969), (0.3299016, 0.8844941, 0.3299016), (0.5555967, 0.7900625, 0.2590629), (-0.4472136, 0.7745967, 0.4472136), (-0.376787, 0.7668657, 0.5195657), (-0.02467377, 0.8128318, 0.5819757), (0.005618404, 0.8112294, 0.5847011), (0.2590629, 0.7900625, 0.5555967), (0.5, 0.7071068, 0.5), (-0.4472136, -0.4472136, -0.7745967), (-0.5195657, -0.376787, -0.7668657), (-0.5798637, -0.04180815, -0.8136401), (-0.5846792, 0.01030817, -0.8111991), (-0.5555967, 0.2590629, -0.7900625), (-0.5, 0.5, -0.7071068), (-0.376787, -0.5195657, -0.7668657), (-0.3656073, -0.3656073, -0.8559572), (-0.4259227, -0.0335077, -0.9041388), (-0.3373193, 0.02339411, -0.9410996), (-0.3299016, 0.3299016, -0.8844941), (-0.2590629, 0.5555967, -0.7900625), (-0.02467377, -0.5819757, -0.8128318), (-0.01910332, -0.4341123, -0.9006562), (-0.03046324, -0.05537535, -0.9980008), (-0.01232904, 0.02074428, -0.9997088), (-0.01309631, 0.3324969, -0.9430134), (-0.005618404, 0.5847011, -0.8112294), (0.005618404, -0.5847011, -0.8112294), (0.01309631, -0.3324969, -0.9430134), (0.01232904, -0.02074428, -0.9997088), (0.03046324, 0.05537535, -0.9980008), (0.01910332, 0.4341123, -0.9006562), (0.02467377, 0.5819757, -0.8128318), (0.2590629, -0.5555967, -0.7900625), (0.3299016, -0.3299016, -0.8844941), (0.3373193, -0.02339411, -0.9410996), (0.4259227, 0.0335077, -0.9041388), (0.3656073, 0.3656073, -0.8559572), (0.376787, 0.5195657, -0.7668657), (0.5, -0.5, -0.7071068), (0.5555967, -0.2590629, -0.7900625), (0.5846792, -0.01030817, -0.8111991), (0.5798637, 0.04180815, -0.8136401), (0.5195657, 0.376787, -0.7668657), (0.4472136, 0.4472136, -0.7745967), (-0.5, -0.5, 0.7071068), (-0.5555967, -0.2590629, 0.7900625), (-0.5846792, -0.01030817, 0.8111991), (-0.5798637, 0.04180815, 0.8136401), (-0.5195657, 0.376787, 0.7668657), (-0.4472136, 0.4472136, 0.7745967), (-0.2590629, -0.5555967, 0.7900625), (-0.3299016, -0.3299016, 0.8844941), (-0.3373193, -0.02339411, 0.9410996), (-0.4259227, 0.0335077, 0.9041388), (-0.3656073, 0.3656073, 0.8559572), (-0.376787, 0.5195657, 0.7668657), (-0.005618404, -0.5847011, 0.8112294), (-0.01309631, -0.3324969, 0.9430134), (-0.01232904, -0.02074428, 0.9997088), (-0.03046324, 0.05537535, 0.9980008), (-0.01910332, 0.4341123, 0.9006562), (-0.02467377, 0.5819757, 0.8128318), (0.02467377, -0.5819757, 0.8128318), (0.01910332, -0.4341123, 0.9006562), (0.03046324, -0.05537535, 0.9980008), (0.01232904, 0.02074428, 0.9997088), (0.01309631, 0.3324969, 0.9430134), (0.005618404, 0.5847011, 0.8112294), (0.376787, -0.5195657, 0.7668657), (0.3656073, -0.3656073, 0.8559572), (0.4259227, -0.0335077, 0.9041388), (0.3373193, 0.02339411, 0.9410996), (0.3299016, 0.3299016, 0.8844941), (0.2590629, 0.5555967, 0.7900625), (0.4472136, -0.4472136, 0.7745967), (0.5195657, -0.376787, 0.7668657), (0.5798637, -0.04180815, 0.8136401), (0.5846792, 0.01030817, 0.8111991), (0.5555967, 0.2590629, 0.7900625), (0.5, 0.5, 0.7071068)] (interpolation = "vertex")
            float3[] extent = [(-0.00597, -0.00018, -0.004), (-0.00525, 0.0003, -0.0032)]
            rel material:binding = </WorkbenchPart/Materials/solder>
        }
        def Mesh "ShieldSolderTab_03" (prepend apiSchemas = ["MaterialBindingAPI"])
        {
            uniform token subdivisionScheme = "none"
            uniform token orientation = "rightHanded"
            bool doubleSided = false
            point3f[] points = [(-0.005925622, -0.0001356218, -0.001555622), (-0.005935, -0.000145, -0.00153), (-0.005939246, -0.0001492462, -0.001495), (-0.005939246, -0.0001492462, -0.000905), (-0.005935, -0.000145, -0.00087), (-0.005925622, -0.0001356218, -0.0008443782), (-0.005935, -0.00011, -0.001565), (-0.005950732, -0.0001178661, -0.001537866), (-0.005958915, -0.0001219574, -0.001495), (-0.005958915, -0.0001219574, -0.000905), (-0.005950732, -0.0001178661, -0.0008621339), (-0.005935, -0.00011, -0.000835), (-0.005939246, -7.5e-05, -0.001569246), (-0.005958915, -7.5e-05, -0.001541957), (-0.00597, -7.5e-05, -0.001495), (-0.00597, -7.5e-05, -0.000905), (-0.005958915, -7.5e-05, -0.0008580426), (-0.005939246, -7.5e-05, -0.0008307538), (-0.005939246, 0.000195, -0.001569246), (-0.005958915, 0.000195, -0.001541957), (-0.00597, 0.000195, -0.001495), (-0.00597, 0.000195, -0.000905), (-0.005958915, 0.000195, -0.0008580426), (-0.005939246, 0.000195, -0.0008307538), (-0.005935, 0.00023, -0.001565), (-0.005950732, 0.0002378661, -0.001537866), (-0.005958915, 0.0002419574, -0.001495), (-0.005958915, 0.0002419574, -0.000905), (-0.005950732, 0.0002378661, -0.0008621339), (-0.005935, 0.00023, -0.000835), (-0.005925622, 0.0002556218, -0.001555622), (-0.005935, 0.000265, -0.00153), (-0.005939246, 0.0002692462, -0.001495), (-0.005939246, 0.0002692462, -0.000905), (-0.005935, 0.000265, -0.00087), (-0.005925622, 0.0002556218, -0.0008443782), (-0.005294378, -0.0001356218, -0.001555622), (-0.005285, -0.000145, -0.00153), (-0.005280754, -0.0001492462, -0.001495), (-0.005280754, -0.0001492462, -0.000905), (-0.005285, -0.000145, -0.00087), (-0.005294378, -0.0001356218, -0.0008443782), (-0.005285, -0.00011, -0.001565), (-0.005269268, -0.0001178661, -0.001537866), (-0.005261085, -0.0001219574, -0.001495), (-0.005261085, -0.0001219574, -0.000905), (-0.005269268, -0.0001178661, -0.0008621339), (-0.005285, -0.00011, -0.000835), (-0.005280754, -7.5e-05, -0.001569246), (-0.005261085, -7.5e-05, -0.001541957), (-0.00525, -7.5e-05, -0.001495), (-0.00525, -7.5e-05, -0.000905), (-0.005261085, -7.5e-05, -0.0008580426), (-0.005280754, -7.5e-05, -0.0008307538), (-0.005280754, 0.000195, -0.001569246), (-0.005261085, 0.000195, -0.001541957), (-0.00525, 0.000195, -0.001495), (-0.00525, 0.000195, -0.000905), (-0.005261085, 0.000195, -0.0008580426), (-0.005280754, 0.000195, -0.0008307538), (-0.005285, 0.00023, -0.001565), (-0.005269268, 0.0002378661, -0.001537866), (-0.005261085, 0.0002419574, -0.001495), (-0.005261085, 0.0002419574, -0.000905), (-0.005269268, 0.0002378661, -0.0008621339), (-0.005285, 0.00023, -0.000835), (-0.005294378, 0.0002556218, -0.001555622), (-0.005285, 0.000265, -0.00153), (-0.005280754, 0.0002692462, -0.001495), (-0.005280754, 0.0002692462, -0.000905), (-0.005285, 0.000265, -0.00087), (-0.005294378, 0.0002556218, -0.0008443782), (-0.005925622, -0.0001356218, -0.001555622), (-0.0059, -0.000145, -0.001565), (-0.005865, -0.0001492462, -0.001569246), (-0.005355, -0.0001492462, -0.001569246), (-0.00532, -0.000145, -0.001565), (-0.005294378, -0.0001356218, -0.001555622), (-0.005935, -0.000145, -0.00153), (-0.005907866, -0.0001607321, -0.001537866), (-0.005865, -0.0001689149, -0.001541957), (-0.005355, -0.0001689149, -0.001541957), (-0.005312134, -0.0001607321, -0.001537866), (-0.005285, -0.000145, -0.00153), (-0.005939246, -0.0001492462, -0.001495), (-0.005911957, -0.0001689149, -0.001495), (-0.005865, -0.00018, -0.001495), (-0.005355, -0.00018, -0.001495), (-0.005308043, -0.0001689149, -0.001495), (-0.005280754, -0.0001492462, -0.001495), (-0.005939246, -0.0001492462, -0.000905), (-0.005911957, -0.0001689149, -0.000905), (-0.005865, -0.00018, -0.000905), (-0.005355, -0.00018, -0.000905), (-0.005308043, -0.0001689149, -0.000905), (-0.005280754, -0.0001492462, -0.000905), (-0.005935, -0.000145, -0.00087), (-0.005907866, -0.0001607321, -0.0008621339), (-0.005865, -0.0001689149, -0.0008580426), (-0.005355, -0.0001689149, -0.0008580426), (-0.005312134, -0.0001607321, -0.0008621339), (-0.005285, -0.000145, -0.00087), (-0.005925622, -0.0001356218, -0.0008443782), (-0.0059, -0.000145, -0.000835), (-0.005865, -0.0001492462, -0.0008307538), (-0.005355, -0.0001492462, -0.0008307538), (-0.00532, -0.000145, -0.000835), (-0.005294378, -0.0001356218, -0.0008443782), (-0.005925622, 0.0002556218, -0.001555622), (-0.0059, 0.000265, -0.001565), (-0.005865, 0.0002692462, -0.001569246), (-0.005355, 0.0002692462, -0.001569246), (-0.00532, 0.000265, -0.001565), (-0.005294378, 0.0002556218, -0.001555622), (-0.005935, 0.000265, -0.00153), (-0.005907866, 0.0002807321, -0.001537866), (-0.005865, 0.0002889149, -0.001541957), (-0.005355, 0.0002889149, -0.001541957), (-0.005312134, 0.0002807321, -0.001537866), (-0.005285, 0.000265, -0.00153), (-0.005939246, 0.0002692462, -0.001495), (-0.005911957, 0.0002889149, -0.001495), (-0.005865, 0.0003, -0.001495), (-0.005355, 0.0003, -0.001495), (-0.005308043, 0.0002889149, -0.001495), (-0.005280754, 0.0002692462, -0.001495), (-0.005939246, 0.0002692462, -0.000905), (-0.005911957, 0.0002889149, -0.000905), (-0.005865, 0.0003, -0.000905), (-0.005355, 0.0003, -0.000905), (-0.005308043, 0.0002889149, -0.000905), (-0.005280754, 0.0002692462, -0.000905), (-0.005935, 0.000265, -0.00087), (-0.005907866, 0.0002807321, -0.0008621339), (-0.005865, 0.0002889149, -0.0008580426), (-0.005355, 0.0002889149, -0.0008580426), (-0.005312134, 0.0002807321, -0.0008621339), (-0.005285, 0.000265, -0.00087), (-0.005925622, 0.0002556218, -0.0008443782), (-0.0059, 0.000265, -0.000835), (-0.005865, 0.0002692462, -0.0008307538), (-0.005355, 0.0002692462, -0.0008307538), (-0.00532, 0.000265, -0.000835), (-0.005294378, 0.0002556218, -0.0008443782), (-0.005925622, -0.0001356218, -0.001555622), (-0.005935, -0.00011, -0.001565), (-0.005939246, -7.5e-05, -0.001569246), (-0.005939246, 0.000195, -0.001569246), (-0.005935, 0.00023, -0.001565), (-0.005925622, 0.0002556218, -0.001555622), (-0.0059, -0.000145, -0.001565), (-0.005907866, -0.0001178661, -0.001580732), (-0.005911957, -7.5e-05, -0.001588915), (-0.005911957, 0.000195, -0.001588915), (-0.005907866, 0.0002378661, -0.001580732), (-0.0059, 0.000265, -0.001565), (-0.005865, -0.0001492462, -0.001569246), (-0.005865, -0.0001219574, -0.001588915), (-0.005865, -7.5e-05, -0.0016), (-0.005865, 0.000195, -0.0016), (-0.005865, 0.0002419574, -0.001588915), (-0.005865, 0.0002692462, -0.001569246), (-0.005355, -0.0001492462, -0.001569246), (-0.005355, -0.0001219574, -0.001588915), (-0.005355, -7.5e-05, -0.0016), (-0.005355, 0.000195, -0.0016), (-0.005355, 0.0002419574, -0.001588915), (-0.005355, 0.0002692462, -0.001569246), (-0.00532, -0.000145, -0.001565), (-0.005312134, -0.0001178661, -0.001580732), (-0.005308043, -7.5e-05, -0.001588915), (-0.005308043, 0.000195, -0.001588915), (-0.005312134, 0.0002378661, -0.001580732), (-0.00532, 0.000265, -0.001565), (-0.005294378, -0.0001356218, -0.001555622), (-0.005285, -0.00011, -0.001565), (-0.005280754, -7.5e-05, -0.001569246), (-0.005280754, 0.000195, -0.001569246), (-0.005285, 0.00023, -0.001565), (-0.005294378, 0.0002556218, -0.001555622), (-0.005925622, -0.0001356218, -0.0008443782), (-0.005935, -0.00011, -0.000835), (-0.005939246, -7.5e-05, -0.0008307538), (-0.005939246, 0.000195, -0.0008307538), (-0.005935, 0.00023, -0.000835), (-0.005925622, 0.0002556218, -0.0008443782), (-0.0059, -0.000145, -0.000835), (-0.005907866, -0.0001178661, -0.0008192679), (-0.005911957, -7.5e-05, -0.0008110851), (-0.005911957, 0.000195, -0.0008110851), (-0.005907866, 0.0002378661, -0.0008192679), (-0.0059, 0.000265, -0.000835), (-0.005865, -0.0001492462, -0.0008307538), (-0.005865, -0.0001219574, -0.0008110851), (-0.005865, -7.5e-05, -0.0008), (-0.005865, 0.000195, -0.0008), (-0.005865, 0.0002419574, -0.0008110851), (-0.005865, 0.0002692462, -0.0008307538), (-0.005355, -0.0001492462, -0.0008307538), (-0.005355, -0.0001219574, -0.0008110851), (-0.005355, -7.5e-05, -0.0008), (-0.005355, 0.000195, -0.0008), (-0.005355, 0.0002419574, -0.0008110851), (-0.005355, 0.0002692462, -0.0008307538), (-0.00532, -0.000145, -0.000835), (-0.005312134, -0.0001178661, -0.0008192679), (-0.005308043, -7.5e-05, -0.0008110851), (-0.005308043, 0.000195, -0.0008110851), (-0.005312134, 0.0002378661, -0.0008192679), (-0.00532, 0.000265, -0.000835), (-0.005294378, -0.0001356218, -0.0008443782), (-0.005285, -0.00011, -0.000835), (-0.005280754, -7.5e-05, -0.0008307538), (-0.005280754, 0.000195, -0.0008307538), (-0.005285, 0.00023, -0.000835), (-0.005294378, 0.0002556218, -0.0008443782)]
            int[] faceVertexCounts = [3, 3, 3, 3, 3, 3, 3, 3, 3, 3, 3, 3, 3, 3, 3, 3, 3, 3, 3, 3, 3, 3, 3, 3, 3, 3, 3, 3, 3, 3, 3, 3, 3, 3, 3, 3, 3, 3, 3, 3, 3, 3, 3, 3, 3, 3, 3, 3, 3, 3, 3, 3, 3, 3, 3, 3, 3, 3, 3, 3, 3, 3, 3, 3, 3, 3, 3, 3, 3, 3, 3, 3, 3, 3, 3, 3, 3, 3, 3, 3, 3, 3, 3, 3, 3, 3, 3, 3, 3, 3, 3, 3, 3, 3, 3, 3, 3, 3, 3, 3, 3, 3, 3, 3, 3, 3, 3, 3, 3, 3, 3, 3, 3, 3, 3, 3, 3, 3, 3, 3, 3, 3, 3, 3, 3, 3, 3, 3, 3, 3, 3, 3, 3, 3, 3, 3, 3, 3, 3, 3, 3, 3, 3, 3, 3, 3, 3, 3, 3, 3, 3, 3, 3, 3, 3, 3, 3, 3, 3, 3, 3, 3, 3, 3, 3, 3, 3, 3, 3, 3, 3, 3, 3, 3, 3, 3, 3, 3, 3, 3, 3, 3, 3, 3, 3, 3, 3, 3, 3, 3, 3, 3, 3, 3, 3, 3, 3, 3, 3, 3, 3, 3, 3, 3, 3, 3, 3, 3, 3, 3, 3, 3, 3, 3, 3, 3, 3, 3, 3, 3, 3, 3, 3, 3, 3, 3, 3, 3, 3, 3, 3, 3, 3, 3, 3, 3, 3, 3, 3, 3, 3, 3, 3, 3, 3, 3, 3, 3, 3, 3, 3, 3, 3, 3, 3, 3, 3, 3, 3, 3, 3, 3, 3, 3, 3, 3, 3, 3, 3, 3, 3, 3, 3, 3, 3, 3, 3, 3, 3, 3, 3, 3, 3, 3, 3, 3, 3, 3, 3, 3, 3, 3, 3, 3, 3, 3, 3, 3, 3, 3]
            int[] faceVertexIndices = [1, 7, 6, 1, 6, 0, 2, 8, 7, 2, 7, 1, 3, 9, 8, 3, 8, 2, 4, 10, 9, 4, 9, 3, 5, 11, 10, 5, 10, 4, 7, 13, 12, 7, 12, 6, 8, 14, 13, 8, 13, 7, 9, 15, 14, 9, 14, 8, 10, 16, 15, 10, 15, 9, 11, 17, 16, 11, 16, 10, 13, 19, 18, 13, 18, 12, 14, 20, 19, 14, 19, 13, 15, 21, 20, 15, 20, 14, 16, 22, 21, 16, 21, 15, 17, 23, 22, 17, 22, 16, 19, 25, 24, 19, 24, 18, 20, 26, 25, 20, 25, 19, 21, 27, 26, 21, 26, 20, 22, 28, 27, 22, 27, 21, 23, 29, 28, 23, 28, 22, 25, 31, 30, 25, 30, 24, 26, 32, 31, 26, 31, 25, 27, 33, 32, 27, 32, 26, 28, 34, 33, 28, 33, 27, 29, 35, 34, 29, 34, 28, 36, 42, 43, 36, 43, 37, 37, 43, 44, 37, 44, 38, 38, 44, 45, 38, 45, 39, 39, 45, 46, 39, 46, 40, 40, 46, 47, 40, 47, 41, 42, 48, 49, 42, 49, 43, 43, 49, 50, 43, 50, 44, 44, 50, 51, 44, 51, 45, 45, 51, 52, 45, 52, 46, 46, 52, 53, 46, 53, 47, 48, 54, 55, 48, 55, 49, 49, 55, 56, 49, 56, 50, 50, 56, 57, 50, 57, 51, 51, 57, 58, 51, 58, 52, 52, 58, 59, 52, 59, 53, 54, 60, 61, 54, 61, 55, 55, 61, 62, 55, 62, 56, 56, 62, 63, 56, 63, 57, 57, 63, 64, 57, 64, 58, 58, 64, 65, 58, 65, 59, 60, 66, 67, 60, 67, 61, 61, 67, 68, 61, 68, 62, 62, 68, 69, 62, 69, 63, 63, 69, 70, 63, 70, 64, 64, 70, 71, 64, 71, 65, 73, 79, 78, 73, 78, 72, 74, 80, 79, 74, 79, 73, 75, 81, 80, 75, 80, 74, 76, 82, 81, 76, 81, 75, 77, 83, 82, 77, 82, 76, 79, 85, 84, 79, 84, 78, 80, 86, 85, 80, 85, 79, 81, 87, 86, 81, 86, 80, 82, 88, 87, 82, 87, 81, 83, 89, 88, 83, 88, 82, 85, 91, 90, 85, 90, 84, 86, 92, 91, 86, 91, 85, 87, 93, 92, 87, 92, 86, 88, 94, 93, 88, 93, 87, 89, 95, 94, 89, 94, 88, 91, 97, 96, 91, 96, 90, 92, 98, 97, 92, 97, 91, 93, 99, 98, 93, 98, 92, 94, 100, 99, 94, 99, 93, 95, 101, 100, 95, 100, 94, 97, 103, 102, 97, 102, 96, 98, 104, 103, 98, 103, 97, 99, 105, 104, 99, 104, 98, 100, 106, 105, 100, 105, 99, 101, 107, 106, 101, 106, 100, 108, 114, 115, 108, 115, 109, 109, 115, 116, 109, 116, 110, 110, 116, 117, 110, 117, 111, 111, 117, 118, 111, 118, 112, 112, 118, 119, 112, 119, 113, 114, 120, 121, 114, 121, 115, 115, 121, 122, 115, 122, 116, 116, 122, 123, 116, 123, 117, 117, 123, 124, 117, 124, 118, 118, 124, 125, 118, 125, 119, 120, 126, 127, 120, 127, 121, 121, 127, 128, 121, 128, 122, 122, 128, 129, 122, 129, 123, 123, 129, 130, 123, 130, 124, 124, 130, 131, 124, 131, 125, 126, 132, 133, 126, 133, 127, 127, 133, 134, 127, 134, 128, 128, 134, 135, 128, 135, 129, 129, 135, 136, 129, 136, 130, 130, 136, 137, 130, 137, 131, 132, 138, 139, 132, 139, 133, 133, 139, 140, 133, 140, 134, 134, 140, 141, 134, 141, 135, 135, 141, 142, 135, 142, 136, 136, 142, 143, 136, 143, 137, 145, 151, 150, 145, 150, 144, 146, 152, 151, 146, 151, 145, 147, 153, 152, 147, 152, 146, 148, 154, 153, 148, 153, 147, 149, 155, 154, 149, 154, 148, 151, 157, 156, 151, 156, 150, 152, 158, 157, 152, 157, 151, 153, 159, 158, 153, 158, 152, 154, 160, 159, 154, 159, 153, 155, 161, 160, 155, 160, 154, 157, 163, 162, 157, 162, 156, 158, 164, 163, 158, 163, 157, 159, 165, 164, 159, 164, 158, 160, 166, 165, 160, 165, 159, 161, 167, 166, 161, 166, 160, 163, 169, 168, 163, 168, 162, 164, 170, 169, 164, 169, 163, 165, 171, 170, 165, 170, 164, 166, 172, 171, 166, 171, 165, 167, 173, 172, 167, 172, 166, 169, 175, 174, 169, 174, 168, 170, 176, 175, 170, 175, 169, 171, 177, 176, 171, 176, 170, 172, 178, 177, 172, 177, 171, 173, 179, 178, 173, 178, 172, 180, 186, 187, 180, 187, 181, 181, 187, 188, 181, 188, 182, 182, 188, 189, 182, 189, 183, 183, 189, 190, 183, 190, 184, 184, 190, 191, 184, 191, 185, 186, 192, 193, 186, 193, 187, 187, 193, 194, 187, 194, 188, 188, 194, 195, 188, 195, 189, 189, 195, 196, 189, 196, 190, 190, 196, 197, 190, 197, 191, 192, 198, 199, 192, 199, 193, 193, 199, 200, 193, 200, 194, 194, 200, 201, 194, 201, 195, 195, 201, 202, 195, 202, 196, 196, 202, 203, 196, 203, 197, 198, 204, 205, 198, 205, 199, 199, 205, 206, 199, 206, 200, 200, 206, 207, 200, 207, 201, 201, 207, 208, 201, 208, 202, 202, 208, 209, 202, 209, 203, 204, 210, 211, 204, 211, 205, 205, 211, 212, 205, 212, 206, 206, 212, 213, 206, 213, 207, 207, 213, 214, 207, 214, 208, 208, 214, 215, 208, 215, 209]
            normal3f[] normals = [(-0.7745967, -0.4472136, -0.4472136), (-0.7668657, -0.5195657, -0.376787), (-0.8126672, -0.5823236, -0.02170753), (-0.8112325, -0.5847033, 0.004878551), (-0.7900625, -0.5555967, 0.2590629), (-0.7071068, -0.5, 0.5), (-0.7668657, -0.376787, -0.5195657), (-0.8559572, -0.3656073, -0.3656073), (-0.9000523, -0.4354615, -0.01670855), (-0.943313, -0.331708, 0.01142044), (-0.8844941, -0.3299016, 0.3299016), (-0.7900625, -0.2590629, 0.5555967), (-0.8136401, -0.04180815, -0.5798637), (-0.9041388, -0.0335077, -0.4259227), (-0.9980692, -0.05603104, -0.02680438), (-0.9997321, -0.02050364, 0.01073448), (-0.9410996, -0.02339411, 0.3373193), (-0.8111991, -0.01030817, 0.5846792), (-0.8111991, 0.01030817, -0.5846792), (-0.9410996, 0.02339411, -0.3373193), (-0.9997321, 0.02050364, -0.01073448), (-0.9980692, 0.05603104, 0.02680438), (-0.9041388, 0.0335077, 0.4259227), (-0.8136401, 0.04180815, 0.5798637), (-0.7900625, 0.2590629, -0.5555967), (-0.8844941, 0.3299016, -0.3299016), (-0.943313, 0.331708, -0.01142044), (-0.9000523, 0.4354615, 0.01670855), (-0.8559572, 0.3656073, 0.3656073), (-0.7668657, 0.376787, 0.5195657), (-0.7071068, 0.5, -0.5), (-0.7900625, 0.5555967, -0.2590629), (-0.8112325, 0.5847033, -0.004878551), (-0.8126672, 0.5823236, 0.02170753), (-0.7668657, 0.5195657, 0.376787), (-0.7745967, 0.4472136, 0.4472136), (0.7071068, -0.5, -0.5), (0.7900625, -0.5555967, -0.2590629), (0.8112325, -0.5847033, -0.004878551), (0.8126672, -0.5823236, 0.02170753), (0.7668657, -0.5195657, 0.376787), (0.7745967, -0.4472136, 0.4472136), (0.7900625, -0.2590629, -0.5555967), (0.8844941, -0.3299016, -0.3299016), (0.943313, -0.331708, -0.01142044), (0.9000523, -0.4354615, 0.01670855), (0.8559572, -0.3656073, 0.3656073), (0.7668657, -0.376787, 0.5195657), (0.8111991, -0.01030817, -0.5846792), (0.9410996, -0.02339411, -0.3373193), (0.9997321, -0.02050364, -0.01073448), (0.9980692, -0.05603104, 0.02680438), (0.9041388, -0.0335077, 0.4259227), (0.8136401, -0.04180815, 0.5798637), (0.8136401, 0.04180815, -0.5798637), (0.9041388, 0.0335077, -0.4259227), (0.9980692, 0.05603104, -0.02680438), (0.9997321, 0.02050364, 0.01073448), (0.9410996, 0.02339411, 0.3373193), (0.8111991, 0.01030817, 0.5846792), (0.7668657, 0.376787, -0.5195657), (0.8559572, 0.3656073, -0.3656073), (0.9000523, 0.4354615, -0.01670855), (0.943313, 0.331708, 0.01142044), (0.8844941, 0.3299016, 0.3299016), (0.7900625, 0.2590629, 0.5555967), (0.7745967, 0.4472136, -0.4472136), (0.7668657, 0.5195657, -0.376787), (0.8126672, 0.5823236, -0.02170753), (0.8112325, 0.5847033, 0.004878551), (0.7900625, 0.5555967, 0.2590629), (0.7071068, 0.5, 0.5), (-0.4472136, -0.7745967, -0.4472136), (-0.376787, -0.7668657, -0.5195657), (-0.02467377, -0.8128318, -0.5819757), (0.005618404, -0.8112294, -0.5847011), (0.2590629, -0.7900625, -0.5555967), (0.5, -0.7071068, -0.5), (-0.5195657, -0.7668657, -0.376787), (-0.3656073, -0.8559572, -0.3656073), (-0.01910332, -0.9006562, -0.4341123), (0.01309631, -0.9430134, -0.3324969), (0.3299016, -0.8844941, -0.3299016), (0.5555967, -0.7900625, -0.2590629), (-0.5823236, -0.8126672, -0.02170753), (-0.4354615, -0.9000523, -0.01670855), (-0.03343323, -0.999018, -0.02907341), (0.01132227, -0.9998862, -0.009973622), (0.331708, -0.943313, -0.01142044), (0.5847033, -0.8112325, -0.004878551), (-0.5847033, -0.8112325, 0.004878551), (-0.331708, -0.943313, 0.01142044), (-0.01132227, -0.9998862, 0.009973622), (0.03343323, -0.999018, 0.02907341), (0.4354615, -0.9000523, 0.01670855), (0.5823236, -0.8126672, 0.02170753), (-0.5555967, -0.7900625, 0.2590629), (-0.3299016, -0.8844941, 0.3299016), (-0.01309631, -0.9430134, 0.3324969), (0.01910332, -0.9006562, 0.4341123), (0.3656073, -0.8559572, 0.3656073), (0.5195657, -0.7668657, 0.376787), (-0.5, -0.7071068, 0.5), (-0.2590629, -0.7900625, 0.5555967), (-0.005618404, -0.8112294, 0.5847011), (0.02467377, -0.8128318, 0.5819757), (0.376787, -0.7668657, 0.5195657), (0.4472136, -0.7745967, 0.4472136), (-0.5, 0.7071068, -0.5), (-0.2590629, 0.7900625, -0.5555967), (-0.005618404, 0.8112294, -0.5847011), (0.02467377, 0.8128318, -0.5819757), (0.376787, 0.7668657, -0.5195657), (0.4472136, 0.7745967, -0.4472136), (-0.5555967, 0.7900625, -0.2590629), (-0.3299016, 0.8844941, -0.3299016), (-0.01309631, 0.9430134, -0.3324969), (0.01910332, 0.9006562, -0.4341123), (0.3656073, 0.8559572, -0.3656073), (0.5195657, 0.7668657, -0.376787), (-0.5847033, 0.8112325, -0.004878551), (-0.331708, 0.943313, -0.01142044), (-0.01132227, 0.9998862, -0.009973622), (0.03343323, 0.999018, -0.02907341), (0.4354615, 0.9000523, -0.01670855), (0.5823236, 0.8126672, -0.02170753), (-0.5823236, 0.8126672, 0.02170753), (-0.4354615, 0.9000523, 0.01670855), (-0.03343323, 0.999018, 0.02907341), (0.01132227, 0.9998862, 0.009973622), (0.331708, 0.943313, 0.01142044), (0.5847033, 0.8112325, 0.004878551), (-0.5195657, 0.7668657, 0.376787), (-0.3656073, 0.8559572, 0.3656073), (-0.01910332, 0.9006562, 0.4341123), (0.01309631, 0.9430134, 0.3324969), (0.3299016, 0.8844941, 0.3299016), (0.5555967, 0.7900625, 0.2590629), (-0.4472136, 0.7745967, 0.4472136), (-0.376787, 0.7668657, 0.5195657), (-0.02467377, 0.8128318, 0.5819757), (0.005618404, 0.8112294, 0.5847011), (0.2590629, 0.7900625, 0.5555967), (0.5, 0.7071068, 0.5), (-0.4472136, -0.4472136, -0.7745967), (-0.5195657, -0.376787, -0.7668657), (-0.5798637, -0.04180815, -0.8136401), (-0.5846792, 0.01030817, -0.8111991), (-0.5555967, 0.2590629, -0.7900625), (-0.5, 0.5, -0.7071068), (-0.376787, -0.5195657, -0.7668657), (-0.3656073, -0.3656073, -0.8559572), (-0.4259227, -0.0335077, -0.9041388), (-0.3373193, 0.02339411, -0.9410996), (-0.3299016, 0.3299016, -0.8844941), (-0.2590629, 0.5555967, -0.7900625), (-0.02467377, -0.5819757, -0.8128318), (-0.01910332, -0.4341123, -0.9006562), (-0.03046324, -0.05537535, -0.9980008), (-0.01232904, 0.02074428, -0.9997088), (-0.01309631, 0.3324969, -0.9430134), (-0.005618404, 0.5847011, -0.8112294), (0.005618404, -0.5847011, -0.8112294), (0.01309631, -0.3324969, -0.9430134), (0.01232904, -0.02074428, -0.9997088), (0.03046324, 0.05537535, -0.9980008), (0.01910332, 0.4341123, -0.9006562), (0.02467377, 0.5819757, -0.8128318), (0.2590629, -0.5555967, -0.7900625), (0.3299016, -0.3299016, -0.8844941), (0.3373193, -0.02339411, -0.9410996), (0.4259227, 0.0335077, -0.9041388), (0.3656073, 0.3656073, -0.8559572), (0.376787, 0.5195657, -0.7668657), (0.5, -0.5, -0.7071068), (0.5555967, -0.2590629, -0.7900625), (0.5846792, -0.01030817, -0.8111991), (0.5798637, 0.04180815, -0.8136401), (0.5195657, 0.376787, -0.7668657), (0.4472136, 0.4472136, -0.7745967), (-0.5, -0.5, 0.7071068), (-0.5555967, -0.2590629, 0.7900625), (-0.5846792, -0.01030817, 0.8111991), (-0.5798637, 0.04180815, 0.8136401), (-0.5195657, 0.376787, 0.7668657), (-0.4472136, 0.4472136, 0.7745967), (-0.2590629, -0.5555967, 0.7900625), (-0.3299016, -0.3299016, 0.8844941), (-0.3373193, -0.02339411, 0.9410996), (-0.4259227, 0.0335077, 0.9041388), (-0.3656073, 0.3656073, 0.8559572), (-0.376787, 0.5195657, 0.7668657), (-0.005618404, -0.5847011, 0.8112294), (-0.01309631, -0.3324969, 0.9430134), (-0.01232904, -0.02074428, 0.9997088), (-0.03046324, 0.05537535, 0.9980008), (-0.01910332, 0.4341123, 0.9006562), (-0.02467377, 0.5819757, 0.8128318), (0.02467377, -0.5819757, 0.8128318), (0.01910332, -0.4341123, 0.9006562), (0.03046324, -0.05537535, 0.9980008), (0.01232904, 0.02074428, 0.9997088), (0.01309631, 0.3324969, 0.9430134), (0.005618404, 0.5847011, 0.8112294), (0.376787, -0.5195657, 0.7668657), (0.3656073, -0.3656073, 0.8559572), (0.4259227, -0.0335077, 0.9041388), (0.3373193, 0.02339411, 0.9410996), (0.3299016, 0.3299016, 0.8844941), (0.2590629, 0.5555967, 0.7900625), (0.4472136, -0.4472136, 0.7745967), (0.5195657, -0.376787, 0.7668657), (0.5798637, -0.04180815, 0.8136401), (0.5846792, 0.01030817, 0.8111991), (0.5555967, 0.2590629, 0.7900625), (0.5, 0.5, 0.7071068)] (interpolation = "vertex")
            float3[] extent = [(-0.00597, -0.00018, -0.0016), (-0.00525, 0.0003, -0.0008)]
            rel material:binding = </WorkbenchPart/Materials/solder>
        }
        def Mesh "ShieldSolderTab_04" (prepend apiSchemas = ["MaterialBindingAPI"])
        {
            uniform token subdivisionScheme = "none"
            uniform token orientation = "rightHanded"
            bool doubleSided = false
            point3f[] points = [(-0.005925622, -0.0001356218, 0.0008443782), (-0.005935, -0.000145, 0.00087), (-0.005939246, -0.0001492462, 0.000905), (-0.005939246, -0.0001492462, 0.001495), (-0.005935, -0.000145, 0.00153), (-0.005925622, -0.0001356218, 0.001555622), (-0.005935, -0.00011, 0.000835), (-0.005950732, -0.0001178661, 0.0008621339), (-0.005958915, -0.0001219574, 0.000905), (-0.005958915, -0.0001219574, 0.001495), (-0.005950732, -0.0001178661, 0.001537866), (-0.005935, -0.00011, 0.001565), (-0.005939246, -7.5e-05, 0.0008307538), (-0.005958915, -7.5e-05, 0.0008580426), (-0.00597, -7.5e-05, 0.000905), (-0.00597, -7.5e-05, 0.001495), (-0.005958915, -7.5e-05, 0.001541957), (-0.005939246, -7.5e-05, 0.001569246), (-0.005939246, 0.000195, 0.0008307538), (-0.005958915, 0.000195, 0.0008580426), (-0.00597, 0.000195, 0.000905), (-0.00597, 0.000195, 0.001495), (-0.005958915, 0.000195, 0.001541957), (-0.005939246, 0.000195, 0.001569246), (-0.005935, 0.00023, 0.000835), (-0.005950732, 0.0002378661, 0.0008621339), (-0.005958915, 0.0002419574, 0.000905), (-0.005958915, 0.0002419574, 0.001495), (-0.005950732, 0.0002378661, 0.001537866), (-0.005935, 0.00023, 0.001565), (-0.005925622, 0.0002556218, 0.0008443782), (-0.005935, 0.000265, 0.00087), (-0.005939246, 0.0002692462, 0.000905), (-0.005939246, 0.0002692462, 0.001495), (-0.005935, 0.000265, 0.00153), (-0.005925622, 0.0002556218, 0.001555622), (-0.005294378, -0.0001356218, 0.0008443782), (-0.005285, -0.000145, 0.00087), (-0.005280754, -0.0001492462, 0.000905), (-0.005280754, -0.0001492462, 0.001495), (-0.005285, -0.000145, 0.00153), (-0.005294378, -0.0001356218, 0.001555622), (-0.005285, -0.00011, 0.000835), (-0.005269268, -0.0001178661, 0.0008621339), (-0.005261085, -0.0001219574, 0.000905), (-0.005261085, -0.0001219574, 0.001495), (-0.005269268, -0.0001178661, 0.001537866), (-0.005285, -0.00011, 0.001565), (-0.005280754, -7.5e-05, 0.0008307538), (-0.005261085, -7.5e-05, 0.0008580426), (-0.00525, -7.5e-05, 0.000905), (-0.00525, -7.5e-05, 0.001495), (-0.005261085, -7.5e-05, 0.001541957), (-0.005280754, -7.5e-05, 0.001569246), (-0.005280754, 0.000195, 0.0008307538), (-0.005261085, 0.000195, 0.0008580426), (-0.00525, 0.000195, 0.000905), (-0.00525, 0.000195, 0.001495), (-0.005261085, 0.000195, 0.001541957), (-0.005280754, 0.000195, 0.001569246), (-0.005285, 0.00023, 0.000835), (-0.005269268, 0.0002378661, 0.0008621339), (-0.005261085, 0.0002419574, 0.000905), (-0.005261085, 0.0002419574, 0.001495), (-0.005269268, 0.0002378661, 0.001537866), (-0.005285, 0.00023, 0.001565), (-0.005294378, 0.0002556218, 0.0008443782), (-0.005285, 0.000265, 0.00087), (-0.005280754, 0.0002692462, 0.000905), (-0.005280754, 0.0002692462, 0.001495), (-0.005285, 0.000265, 0.00153), (-0.005294378, 0.0002556218, 0.001555622), (-0.005925622, -0.0001356218, 0.0008443782), (-0.0059, -0.000145, 0.000835), (-0.005865, -0.0001492462, 0.0008307538), (-0.005355, -0.0001492462, 0.0008307538), (-0.00532, -0.000145, 0.000835), (-0.005294378, -0.0001356218, 0.0008443782), (-0.005935, -0.000145, 0.00087), (-0.005907866, -0.0001607321, 0.0008621339), (-0.005865, -0.0001689149, 0.0008580426), (-0.005355, -0.0001689149, 0.0008580426), (-0.005312134, -0.0001607321, 0.0008621339), (-0.005285, -0.000145, 0.00087), (-0.005939246, -0.0001492462, 0.000905), (-0.005911957, -0.0001689149, 0.000905), (-0.005865, -0.00018, 0.000905), (-0.005355, -0.00018, 0.000905), (-0.005308043, -0.0001689149, 0.000905), (-0.005280754, -0.0001492462, 0.000905), (-0.005939246, -0.0001492462, 0.001495), (-0.005911957, -0.0001689149, 0.001495), (-0.005865, -0.00018, 0.001495), (-0.005355, -0.00018, 0.001495), (-0.005308043, -0.0001689149, 0.001495), (-0.005280754, -0.0001492462, 0.001495), (-0.005935, -0.000145, 0.00153), (-0.005907866, -0.0001607321, 0.001537866), (-0.005865, -0.0001689149, 0.001541957), (-0.005355, -0.0001689149, 0.001541957), (-0.005312134, -0.0001607321, 0.001537866), (-0.005285, -0.000145, 0.00153), (-0.005925622, -0.0001356218, 0.001555622), (-0.0059, -0.000145, 0.001565), (-0.005865, -0.0001492462, 0.001569246), (-0.005355, -0.0001492462, 0.001569246), (-0.00532, -0.000145, 0.001565), (-0.005294378, -0.0001356218, 0.001555622), (-0.005925622, 0.0002556218, 0.0008443782), (-0.0059, 0.000265, 0.000835), (-0.005865, 0.0002692462, 0.0008307538), (-0.005355, 0.0002692462, 0.0008307538), (-0.00532, 0.000265, 0.000835), (-0.005294378, 0.0002556218, 0.0008443782), (-0.005935, 0.000265, 0.00087), (-0.005907866, 0.0002807321, 0.0008621339), (-0.005865, 0.0002889149, 0.0008580426), (-0.005355, 0.0002889149, 0.0008580426), (-0.005312134, 0.0002807321, 0.0008621339), (-0.005285, 0.000265, 0.00087), (-0.005939246, 0.0002692462, 0.000905), (-0.005911957, 0.0002889149, 0.000905), (-0.005865, 0.0003, 0.000905), (-0.005355, 0.0003, 0.000905), (-0.005308043, 0.0002889149, 0.000905), (-0.005280754, 0.0002692462, 0.000905), (-0.005939246, 0.0002692462, 0.001495), (-0.005911957, 0.0002889149, 0.001495), (-0.005865, 0.0003, 0.001495), (-0.005355, 0.0003, 0.001495), (-0.005308043, 0.0002889149, 0.001495), (-0.005280754, 0.0002692462, 0.001495), (-0.005935, 0.000265, 0.00153), (-0.005907866, 0.0002807321, 0.001537866), (-0.005865, 0.0002889149, 0.001541957), (-0.005355, 0.0002889149, 0.001541957), (-0.005312134, 0.0002807321, 0.001537866), (-0.005285, 0.000265, 0.00153), (-0.005925622, 0.0002556218, 0.001555622), (-0.0059, 0.000265, 0.001565), (-0.005865, 0.0002692462, 0.001569246), (-0.005355, 0.0002692462, 0.001569246), (-0.00532, 0.000265, 0.001565), (-0.005294378, 0.0002556218, 0.001555622), (-0.005925622, -0.0001356218, 0.0008443782), (-0.005935, -0.00011, 0.000835), (-0.005939246, -7.5e-05, 0.0008307538), (-0.005939246, 0.000195, 0.0008307538), (-0.005935, 0.00023, 0.000835), (-0.005925622, 0.0002556218, 0.0008443782), (-0.0059, -0.000145, 0.000835), (-0.005907866, -0.0001178661, 0.0008192679), (-0.005911957, -7.5e-05, 0.0008110851), (-0.005911957, 0.000195, 0.0008110851), (-0.005907866, 0.0002378661, 0.0008192679), (-0.0059, 0.000265, 0.000835), (-0.005865, -0.0001492462, 0.0008307538), (-0.005865, -0.0001219574, 0.0008110851), (-0.005865, -7.5e-05, 0.0008), (-0.005865, 0.000195, 0.0008), (-0.005865, 0.0002419574, 0.0008110851), (-0.005865, 0.0002692462, 0.0008307538), (-0.005355, -0.0001492462, 0.0008307538), (-0.005355, -0.0001219574, 0.0008110851), (-0.005355, -7.5e-05, 0.0008), (-0.005355, 0.000195, 0.0008), (-0.005355, 0.0002419574, 0.0008110851), (-0.005355, 0.0002692462, 0.0008307538), (-0.00532, -0.000145, 0.000835), (-0.005312134, -0.0001178661, 0.0008192679), (-0.005308043, -7.5e-05, 0.0008110851), (-0.005308043, 0.000195, 0.0008110851), (-0.005312134, 0.0002378661, 0.0008192679), (-0.00532, 0.000265, 0.000835), (-0.005294378, -0.0001356218, 0.0008443782), (-0.005285, -0.00011, 0.000835), (-0.005280754, -7.5e-05, 0.0008307538), (-0.005280754, 0.000195, 0.0008307538), (-0.005285, 0.00023, 0.000835), (-0.005294378, 0.0002556218, 0.0008443782), (-0.005925622, -0.0001356218, 0.001555622), (-0.005935, -0.00011, 0.001565), (-0.005939246, -7.5e-05, 0.001569246), (-0.005939246, 0.000195, 0.001569246), (-0.005935, 0.00023, 0.001565), (-0.005925622, 0.0002556218, 0.001555622), (-0.0059, -0.000145, 0.001565), (-0.005907866, -0.0001178661, 0.001580732), (-0.005911957, -7.5e-05, 0.001588915), (-0.005911957, 0.000195, 0.001588915), (-0.005907866, 0.0002378661, 0.001580732), (-0.0059, 0.000265, 0.001565), (-0.005865, -0.0001492462, 0.001569246), (-0.005865, -0.0001219574, 0.001588915), (-0.005865, -7.5e-05, 0.0016), (-0.005865, 0.000195, 0.0016), (-0.005865, 0.0002419574, 0.001588915), (-0.005865, 0.0002692462, 0.001569246), (-0.005355, -0.0001492462, 0.001569246), (-0.005355, -0.0001219574, 0.001588915), (-0.005355, -7.5e-05, 0.0016), (-0.005355, 0.000195, 0.0016), (-0.005355, 0.0002419574, 0.001588915), (-0.005355, 0.0002692462, 0.001569246), (-0.00532, -0.000145, 0.001565), (-0.005312134, -0.0001178661, 0.001580732), (-0.005308043, -7.5e-05, 0.001588915), (-0.005308043, 0.000195, 0.001588915), (-0.005312134, 0.0002378661, 0.001580732), (-0.00532, 0.000265, 0.001565), (-0.005294378, -0.0001356218, 0.001555622), (-0.005285, -0.00011, 0.001565), (-0.005280754, -7.5e-05, 0.001569246), (-0.005280754, 0.000195, 0.001569246), (-0.005285, 0.00023, 0.001565), (-0.005294378, 0.0002556218, 0.001555622)]
            int[] faceVertexCounts = [3, 3, 3, 3, 3, 3, 3, 3, 3, 3, 3, 3, 3, 3, 3, 3, 3, 3, 3, 3, 3, 3, 3, 3, 3, 3, 3, 3, 3, 3, 3, 3, 3, 3, 3, 3, 3, 3, 3, 3, 3, 3, 3, 3, 3, 3, 3, 3, 3, 3, 3, 3, 3, 3, 3, 3, 3, 3, 3, 3, 3, 3, 3, 3, 3, 3, 3, 3, 3, 3, 3, 3, 3, 3, 3, 3, 3, 3, 3, 3, 3, 3, 3, 3, 3, 3, 3, 3, 3, 3, 3, 3, 3, 3, 3, 3, 3, 3, 3, 3, 3, 3, 3, 3, 3, 3, 3, 3, 3, 3, 3, 3, 3, 3, 3, 3, 3, 3, 3, 3, 3, 3, 3, 3, 3, 3, 3, 3, 3, 3, 3, 3, 3, 3, 3, 3, 3, 3, 3, 3, 3, 3, 3, 3, 3, 3, 3, 3, 3, 3, 3, 3, 3, 3, 3, 3, 3, 3, 3, 3, 3, 3, 3, 3, 3, 3, 3, 3, 3, 3, 3, 3, 3, 3, 3, 3, 3, 3, 3, 3, 3, 3, 3, 3, 3, 3, 3, 3, 3, 3, 3, 3, 3, 3, 3, 3, 3, 3, 3, 3, 3, 3, 3, 3, 3, 3, 3, 3, 3, 3, 3, 3, 3, 3, 3, 3, 3, 3, 3, 3, 3, 3, 3, 3, 3, 3, 3, 3, 3, 3, 3, 3, 3, 3, 3, 3, 3, 3, 3, 3, 3, 3, 3, 3, 3, 3, 3, 3, 3, 3, 3, 3, 3, 3, 3, 3, 3, 3, 3, 3, 3, 3, 3, 3, 3, 3, 3, 3, 3, 3, 3, 3, 3, 3, 3, 3, 3, 3, 3, 3, 3, 3, 3, 3, 3, 3, 3, 3, 3, 3, 3, 3, 3, 3, 3, 3, 3, 3, 3, 3]
            int[] faceVertexIndices = [1, 7, 6, 1, 6, 0, 2, 8, 7, 2, 7, 1, 3, 9, 8, 3, 8, 2, 4, 10, 9, 4, 9, 3, 5, 11, 10, 5, 10, 4, 7, 13, 12, 7, 12, 6, 8, 14, 13, 8, 13, 7, 9, 15, 14, 9, 14, 8, 10, 16, 15, 10, 15, 9, 11, 17, 16, 11, 16, 10, 13, 19, 18, 13, 18, 12, 14, 20, 19, 14, 19, 13, 15, 21, 20, 15, 20, 14, 16, 22, 21, 16, 21, 15, 17, 23, 22, 17, 22, 16, 19, 25, 24, 19, 24, 18, 20, 26, 25, 20, 25, 19, 21, 27, 26, 21, 26, 20, 22, 28, 27, 22, 27, 21, 23, 29, 28, 23, 28, 22, 25, 31, 30, 25, 30, 24, 26, 32, 31, 26, 31, 25, 27, 33, 32, 27, 32, 26, 28, 34, 33, 28, 33, 27, 29, 35, 34, 29, 34, 28, 36, 42, 43, 36, 43, 37, 37, 43, 44, 37, 44, 38, 38, 44, 45, 38, 45, 39, 39, 45, 46, 39, 46, 40, 40, 46, 47, 40, 47, 41, 42, 48, 49, 42, 49, 43, 43, 49, 50, 43, 50, 44, 44, 50, 51, 44, 51, 45, 45, 51, 52, 45, 52, 46, 46, 52, 53, 46, 53, 47, 48, 54, 55, 48, 55, 49, 49, 55, 56, 49, 56, 50, 50, 56, 57, 50, 57, 51, 51, 57, 58, 51, 58, 52, 52, 58, 59, 52, 59, 53, 54, 60, 61, 54, 61, 55, 55, 61, 62, 55, 62, 56, 56, 62, 63, 56, 63, 57, 57, 63, 64, 57, 64, 58, 58, 64, 65, 58, 65, 59, 60, 66, 67, 60, 67, 61, 61, 67, 68, 61, 68, 62, 62, 68, 69, 62, 69, 63, 63, 69, 70, 63, 70, 64, 64, 70, 71, 64, 71, 65, 73, 79, 78, 73, 78, 72, 74, 80, 79, 74, 79, 73, 75, 81, 80, 75, 80, 74, 76, 82, 81, 76, 81, 75, 77, 83, 82, 77, 82, 76, 79, 85, 84, 79, 84, 78, 80, 86, 85, 80, 85, 79, 81, 87, 86, 81, 86, 80, 82, 88, 87, 82, 87, 81, 83, 89, 88, 83, 88, 82, 85, 91, 90, 85, 90, 84, 86, 92, 91, 86, 91, 85, 87, 93, 92, 87, 92, 86, 88, 94, 93, 88, 93, 87, 89, 95, 94, 89, 94, 88, 91, 97, 96, 91, 96, 90, 92, 98, 97, 92, 97, 91, 93, 99, 98, 93, 98, 92, 94, 100, 99, 94, 99, 93, 95, 101, 100, 95, 100, 94, 97, 103, 102, 97, 102, 96, 98, 104, 103, 98, 103, 97, 99, 105, 104, 99, 104, 98, 100, 106, 105, 100, 105, 99, 101, 107, 106, 101, 106, 100, 108, 114, 115, 108, 115, 109, 109, 115, 116, 109, 116, 110, 110, 116, 117, 110, 117, 111, 111, 117, 118, 111, 118, 112, 112, 118, 119, 112, 119, 113, 114, 120, 121, 114, 121, 115, 115, 121, 122, 115, 122, 116, 116, 122, 123, 116, 123, 117, 117, 123, 124, 117, 124, 118, 118, 124, 125, 118, 125, 119, 120, 126, 127, 120, 127, 121, 121, 127, 128, 121, 128, 122, 122, 128, 129, 122, 129, 123, 123, 129, 130, 123, 130, 124, 124, 130, 131, 124, 131, 125, 126, 132, 133, 126, 133, 127, 127, 133, 134, 127, 134, 128, 128, 134, 135, 128, 135, 129, 129, 135, 136, 129, 136, 130, 130, 136, 137, 130, 137, 131, 132, 138, 139, 132, 139, 133, 133, 139, 140, 133, 140, 134, 134, 140, 141, 134, 141, 135, 135, 141, 142, 135, 142, 136, 136, 142, 143, 136, 143, 137, 145, 151, 150, 145, 150, 144, 146, 152, 151, 146, 151, 145, 147, 153, 152, 147, 152, 146, 148, 154, 153, 148, 153, 147, 149, 155, 154, 149, 154, 148, 151, 157, 156, 151, 156, 150, 152, 158, 157, 152, 157, 151, 153, 159, 158, 153, 158, 152, 154, 160, 159, 154, 159, 153, 155, 161, 160, 155, 160, 154, 157, 163, 162, 157, 162, 156, 158, 164, 163, 158, 163, 157, 159, 165, 164, 159, 164, 158, 160, 166, 165, 160, 165, 159, 161, 167, 166, 161, 166, 160, 163, 169, 168, 163, 168, 162, 164, 170, 169, 164, 169, 163, 165, 171, 170, 165, 170, 164, 166, 172, 171, 166, 171, 165, 167, 173, 172, 167, 172, 166, 169, 175, 174, 169, 174, 168, 170, 176, 175, 170, 175, 169, 171, 177, 176, 171, 176, 170, 172, 178, 177, 172, 177, 171, 173, 179, 178, 173, 178, 172, 180, 186, 187, 180, 187, 181, 181, 187, 188, 181, 188, 182, 182, 188, 189, 182, 189, 183, 183, 189, 190, 183, 190, 184, 184, 190, 191, 184, 191, 185, 186, 192, 193, 186, 193, 187, 187, 193, 194, 187, 194, 188, 188, 194, 195, 188, 195, 189, 189, 195, 196, 189, 196, 190, 190, 196, 197, 190, 197, 191, 192, 198, 199, 192, 199, 193, 193, 199, 200, 193, 200, 194, 194, 200, 201, 194, 201, 195, 195, 201, 202, 195, 202, 196, 196, 202, 203, 196, 203, 197, 198, 204, 205, 198, 205, 199, 199, 205, 206, 199, 206, 200, 200, 206, 207, 200, 207, 201, 201, 207, 208, 201, 208, 202, 202, 208, 209, 202, 209, 203, 204, 210, 211, 204, 211, 205, 205, 211, 212, 205, 212, 206, 206, 212, 213, 206, 213, 207, 207, 213, 214, 207, 214, 208, 208, 214, 215, 208, 215, 209]
            normal3f[] normals = [(-0.7745967, -0.4472136, -0.4472136), (-0.7668657, -0.5195657, -0.376787), (-0.8126672, -0.5823236, -0.02170753), (-0.8112325, -0.5847033, 0.004878551), (-0.7900625, -0.5555967, 0.2590629), (-0.7071068, -0.5, 0.5), (-0.7668657, -0.376787, -0.5195657), (-0.8559572, -0.3656073, -0.3656073), (-0.9000523, -0.4354615, -0.01670855), (-0.943313, -0.331708, 0.01142044), (-0.8844941, -0.3299016, 0.3299016), (-0.7900625, -0.2590629, 0.5555967), (-0.8136401, -0.04180815, -0.5798637), (-0.9041388, -0.0335077, -0.4259227), (-0.9980692, -0.05603104, -0.02680438), (-0.9997321, -0.02050364, 0.01073448), (-0.9410996, -0.02339411, 0.3373193), (-0.8111991, -0.01030817, 0.5846792), (-0.8111991, 0.01030817, -0.5846792), (-0.9410996, 0.02339411, -0.3373193), (-0.9997321, 0.02050364, -0.01073448), (-0.9980692, 0.05603104, 0.02680438), (-0.9041388, 0.0335077, 0.4259227), (-0.8136401, 0.04180815, 0.5798637), (-0.7900625, 0.2590629, -0.5555967), (-0.8844941, 0.3299016, -0.3299016), (-0.943313, 0.331708, -0.01142044), (-0.9000523, 0.4354615, 0.01670855), (-0.8559572, 0.3656073, 0.3656073), (-0.7668657, 0.376787, 0.5195657), (-0.7071068, 0.5, -0.5), (-0.7900625, 0.5555967, -0.2590629), (-0.8112325, 0.5847033, -0.004878551), (-0.8126672, 0.5823236, 0.02170753), (-0.7668657, 0.5195657, 0.376787), (-0.7745967, 0.4472136, 0.4472136), (0.7071068, -0.5, -0.5), (0.7900625, -0.5555967, -0.2590629), (0.8112325, -0.5847033, -0.004878551), (0.8126672, -0.5823236, 0.02170753), (0.7668657, -0.5195657, 0.376787), (0.7745967, -0.4472136, 0.4472136), (0.7900625, -0.2590629, -0.5555967), (0.8844941, -0.3299016, -0.3299016), (0.943313, -0.331708, -0.01142044), (0.9000523, -0.4354615, 0.01670855), (0.8559572, -0.3656073, 0.3656073), (0.7668657, -0.376787, 0.5195657), (0.8111991, -0.01030817, -0.5846792), (0.9410996, -0.02339411, -0.3373193), (0.9997321, -0.02050364, -0.01073448), (0.9980692, -0.05603104, 0.02680438), (0.9041388, -0.0335077, 0.4259227), (0.8136401, -0.04180815, 0.5798637), (0.8136401, 0.04180815, -0.5798637), (0.9041388, 0.0335077, -0.4259227), (0.9980692, 0.05603104, -0.02680438), (0.9997321, 0.02050364, 0.01073448), (0.9410996, 0.02339411, 0.3373193), (0.8111991, 0.01030817, 0.5846792), (0.7668657, 0.376787, -0.5195657), (0.8559572, 0.3656073, -0.3656073), (0.9000523, 0.4354615, -0.01670855), (0.943313, 0.331708, 0.01142044), (0.8844941, 0.3299016, 0.3299016), (0.7900625, 0.2590629, 0.5555967), (0.7745967, 0.4472136, -0.4472136), (0.7668657, 0.5195657, -0.376787), (0.8126672, 0.5823236, -0.02170753), (0.8112325, 0.5847033, 0.004878551), (0.7900625, 0.5555967, 0.2590629), (0.7071068, 0.5, 0.5), (-0.4472136, -0.7745967, -0.4472136), (-0.376787, -0.7668657, -0.5195657), (-0.02467377, -0.8128318, -0.5819757), (0.005618404, -0.8112294, -0.5847011), (0.2590629, -0.7900625, -0.5555967), (0.5, -0.7071068, -0.5), (-0.5195657, -0.7668657, -0.376787), (-0.3656073, -0.8559572, -0.3656073), (-0.01910332, -0.9006562, -0.4341123), (0.01309631, -0.9430134, -0.3324969), (0.3299016, -0.8844941, -0.3299016), (0.5555967, -0.7900625, -0.2590629), (-0.5823236, -0.8126672, -0.02170753), (-0.4354615, -0.9000523, -0.01670855), (-0.03343323, -0.999018, -0.02907341), (0.01132227, -0.9998862, -0.009973622), (0.331708, -0.943313, -0.01142044), (0.5847033, -0.8112325, -0.004878551), (-0.5847033, -0.8112325, 0.004878551), (-0.331708, -0.943313, 0.01142044), (-0.01132227, -0.9998862, 0.009973622), (0.03343323, -0.999018, 0.02907341), (0.4354615, -0.9000523, 0.01670855), (0.5823236, -0.8126672, 0.02170753), (-0.5555967, -0.7900625, 0.2590629), (-0.3299016, -0.8844941, 0.3299016), (-0.01309631, -0.9430134, 0.3324969), (0.01910332, -0.9006562, 0.4341123), (0.3656073, -0.8559572, 0.3656073), (0.5195657, -0.7668657, 0.376787), (-0.5, -0.7071068, 0.5), (-0.2590629, -0.7900625, 0.5555967), (-0.005618404, -0.8112294, 0.5847011), (0.02467377, -0.8128318, 0.5819757), (0.376787, -0.7668657, 0.5195657), (0.4472136, -0.7745967, 0.4472136), (-0.5, 0.7071068, -0.5), (-0.2590629, 0.7900625, -0.5555967), (-0.005618404, 0.8112294, -0.5847011), (0.02467377, 0.8128318, -0.5819757), (0.376787, 0.7668657, -0.5195657), (0.4472136, 0.7745967, -0.4472136), (-0.5555967, 0.7900625, -0.2590629), (-0.3299016, 0.8844941, -0.3299016), (-0.01309631, 0.9430134, -0.3324969), (0.01910332, 0.9006562, -0.4341123), (0.3656073, 0.8559572, -0.3656073), (0.5195657, 0.7668657, -0.376787), (-0.5847033, 0.8112325, -0.004878551), (-0.331708, 0.943313, -0.01142044), (-0.01132227, 0.9998862, -0.009973622), (0.03343323, 0.999018, -0.02907341), (0.4354615, 0.9000523, -0.01670855), (0.5823236, 0.8126672, -0.02170753), (-0.5823236, 0.8126672, 0.02170753), (-0.4354615, 0.9000523, 0.01670855), (-0.03343323, 0.999018, 0.02907341), (0.01132227, 0.9998862, 0.009973622), (0.331708, 0.943313, 0.01142044), (0.5847033, 0.8112325, 0.004878551), (-0.5195657, 0.7668657, 0.376787), (-0.3656073, 0.8559572, 0.3656073), (-0.01910332, 0.9006562, 0.4341123), (0.01309631, 0.9430134, 0.3324969), (0.3299016, 0.8844941, 0.3299016), (0.5555967, 0.7900625, 0.2590629), (-0.4472136, 0.7745967, 0.4472136), (-0.376787, 0.7668657, 0.5195657), (-0.02467377, 0.8128318, 0.5819757), (0.005618404, 0.8112294, 0.5847011), (0.2590629, 0.7900625, 0.5555967), (0.5, 0.7071068, 0.5), (-0.4472136, -0.4472136, -0.7745967), (-0.5195657, -0.376787, -0.7668657), (-0.5798637, -0.04180815, -0.8136401), (-0.5846792, 0.01030817, -0.8111991), (-0.5555967, 0.2590629, -0.7900625), (-0.5, 0.5, -0.7071068), (-0.376787, -0.5195657, -0.7668657), (-0.3656073, -0.3656073, -0.8559572), (-0.4259227, -0.0335077, -0.9041388), (-0.3373193, 0.02339411, -0.9410996), (-0.3299016, 0.3299016, -0.8844941), (-0.2590629, 0.5555967, -0.7900625), (-0.02467377, -0.5819757, -0.8128318), (-0.01910332, -0.4341123, -0.9006562), (-0.03046324, -0.05537535, -0.9980008), (-0.01232904, 0.02074428, -0.9997088), (-0.01309631, 0.3324969, -0.9430134), (-0.005618404, 0.5847011, -0.8112294), (0.005618404, -0.5847011, -0.8112294), (0.01309631, -0.3324969, -0.9430134), (0.01232904, -0.02074428, -0.9997088), (0.03046324, 0.05537535, -0.9980008), (0.01910332, 0.4341123, -0.9006562), (0.02467377, 0.5819757, -0.8128318), (0.2590629, -0.5555967, -0.7900625), (0.3299016, -0.3299016, -0.8844941), (0.3373193, -0.02339411, -0.9410996), (0.4259227, 0.0335077, -0.9041388), (0.3656073, 0.3656073, -0.8559572), (0.376787, 0.5195657, -0.7668657), (0.5, -0.5, -0.7071068), (0.5555967, -0.2590629, -0.7900625), (0.5846792, -0.01030817, -0.8111991), (0.5798637, 0.04180815, -0.8136401), (0.5195657, 0.376787, -0.7668657), (0.4472136, 0.4472136, -0.7745967), (-0.5, -0.5, 0.7071068), (-0.5555967, -0.2590629, 0.7900625), (-0.5846792, -0.01030817, 0.8111991), (-0.5798637, 0.04180815, 0.8136401), (-0.5195657, 0.376787, 0.7668657), (-0.4472136, 0.4472136, 0.7745967), (-0.2590629, -0.5555967, 0.7900625), (-0.3299016, -0.3299016, 0.8844941), (-0.3373193, -0.02339411, 0.9410996), (-0.4259227, 0.0335077, 0.9041388), (-0.3656073, 0.3656073, 0.8559572), (-0.376787, 0.5195657, 0.7668657), (-0.005618404, -0.5847011, 0.8112294), (-0.01309631, -0.3324969, 0.9430134), (-0.01232904, -0.02074428, 0.9997088), (-0.03046324, 0.05537535, 0.9980008), (-0.01910332, 0.4341123, 0.9006562), (-0.02467377, 0.5819757, 0.8128318), (0.02467377, -0.5819757, 0.8128318), (0.01910332, -0.4341123, 0.9006562), (0.03046324, -0.05537535, 0.9980008), (0.01232904, 0.02074428, 0.9997088), (0.01309631, 0.3324969, 0.9430134), (0.005618404, 0.5847011, 0.8112294), (0.376787, -0.5195657, 0.7668657), (0.3656073, -0.3656073, 0.8559572), (0.4259227, -0.0335077, 0.9041388), (0.3373193, 0.02339411, 0.9410996), (0.3299016, 0.3299016, 0.8844941), (0.2590629, 0.5555967, 0.7900625), (0.4472136, -0.4472136, 0.7745967), (0.5195657, -0.376787, 0.7668657), (0.5798637, -0.04180815, 0.8136401), (0.5846792, 0.01030817, 0.8111991), (0.5555967, 0.2590629, 0.7900625), (0.5, 0.5, 0.7071068)] (interpolation = "vertex")
            float3[] extent = [(-0.00597, -0.00018, 0.0008), (-0.00525, 0.0003, 0.0016)]
            rel material:binding = </WorkbenchPart/Materials/solder>
        }
        def Mesh "ShieldSolderTab_05" (prepend apiSchemas = ["MaterialBindingAPI"])
        {
            uniform token subdivisionScheme = "none"
            uniform token orientation = "rightHanded"
            bool doubleSided = false
            point3f[] points = [(-0.005925622, -0.0001356218, 0.003244378), (-0.005935, -0.000145, 0.00327), (-0.005939246, -0.0001492462, 0.003305), (-0.005939246, -0.0001492462, 0.003895), (-0.005935, -0.000145, 0.00393), (-0.005925622, -0.0001356218, 0.003955622), (-0.005935, -0.00011, 0.003235), (-0.005950732, -0.0001178661, 0.003262134), (-0.005958915, -0.0001219574, 0.003305), (-0.005958915, -0.0001219574, 0.003895), (-0.005950732, -0.0001178661, 0.003937866), (-0.005935, -0.00011, 0.003965), (-0.005939246, -7.5e-05, 0.003230754), (-0.005958915, -7.5e-05, 0.003258043), (-0.00597, -7.5e-05, 0.003305), (-0.00597, -7.5e-05, 0.003895), (-0.005958915, -7.5e-05, 0.003941957), (-0.005939246, -7.5e-05, 0.003969246), (-0.005939246, 0.000195, 0.003230754), (-0.005958915, 0.000195, 0.003258043), (-0.00597, 0.000195, 0.003305), (-0.00597, 0.000195, 0.003895), (-0.005958915, 0.000195, 0.003941957), (-0.005939246, 0.000195, 0.003969246), (-0.005935, 0.00023, 0.003235), (-0.005950732, 0.0002378661, 0.003262134), (-0.005958915, 0.0002419574, 0.003305), (-0.005958915, 0.0002419574, 0.003895), (-0.005950732, 0.0002378661, 0.003937866), (-0.005935, 0.00023, 0.003965), (-0.005925622, 0.0002556218, 0.003244378), (-0.005935, 0.000265, 0.00327), (-0.005939246, 0.0002692462, 0.003305), (-0.005939246, 0.0002692462, 0.003895), (-0.005935, 0.000265, 0.00393), (-0.005925622, 0.0002556218, 0.003955622), (-0.005294378, -0.0001356218, 0.003244378), (-0.005285, -0.000145, 0.00327), (-0.005280754, -0.0001492462, 0.003305), (-0.005280754, -0.0001492462, 0.003895), (-0.005285, -0.000145, 0.00393), (-0.005294378, -0.0001356218, 0.003955622), (-0.005285, -0.00011, 0.003235), (-0.005269268, -0.0001178661, 0.003262134), (-0.005261085, -0.0001219574, 0.003305), (-0.005261085, -0.0001219574, 0.003895), (-0.005269268, -0.0001178661, 0.003937866), (-0.005285, -0.00011, 0.003965), (-0.005280754, -7.5e-05, 0.003230754), (-0.005261085, -7.5e-05, 0.003258043), (-0.00525, -7.5e-05, 0.003305), (-0.00525, -7.5e-05, 0.003895), (-0.005261085, -7.5e-05, 0.003941957), (-0.005280754, -7.5e-05, 0.003969246), (-0.005280754, 0.000195, 0.003230754), (-0.005261085, 0.000195, 0.003258043), (-0.00525, 0.000195, 0.003305), (-0.00525, 0.000195, 0.003895), (-0.005261085, 0.000195, 0.003941957), (-0.005280754, 0.000195, 0.003969246), (-0.005285, 0.00023, 0.003235), (-0.005269268, 0.0002378661, 0.003262134), (-0.005261085, 0.0002419574, 0.003305), (-0.005261085, 0.0002419574, 0.003895), (-0.005269268, 0.0002378661, 0.003937866), (-0.005285, 0.00023, 0.003965), (-0.005294378, 0.0002556218, 0.003244378), (-0.005285, 0.000265, 0.00327), (-0.005280754, 0.0002692462, 0.003305), (-0.005280754, 0.0002692462, 0.003895), (-0.005285, 0.000265, 0.00393), (-0.005294378, 0.0002556218, 0.003955622), (-0.005925622, -0.0001356218, 0.003244378), (-0.0059, -0.000145, 0.003235), (-0.005865, -0.0001492462, 0.003230754), (-0.005355, -0.0001492462, 0.003230754), (-0.00532, -0.000145, 0.003235), (-0.005294378, -0.0001356218, 0.003244378), (-0.005935, -0.000145, 0.00327), (-0.005907866, -0.0001607321, 0.003262134), (-0.005865, -0.0001689149, 0.003258043), (-0.005355, -0.0001689149, 0.003258043), (-0.005312134, -0.0001607321, 0.003262134), (-0.005285, -0.000145, 0.00327), (-0.005939246, -0.0001492462, 0.003305), (-0.005911957, -0.0001689149, 0.003305), (-0.005865, -0.00018, 0.003305), (-0.005355, -0.00018, 0.003305), (-0.005308043, -0.0001689149, 0.003305), (-0.005280754, -0.0001492462, 0.003305), (-0.005939246, -0.0001492462, 0.003895), (-0.005911957, -0.0001689149, 0.003895), (-0.005865, -0.00018, 0.003895), (-0.005355, -0.00018, 0.003895), (-0.005308043, -0.0001689149, 0.003895), (-0.005280754, -0.0001492462, 0.003895), (-0.005935, -0.000145, 0.00393), (-0.005907866, -0.0001607321, 0.003937866), (-0.005865, -0.0001689149, 0.003941957), (-0.005355, -0.0001689149, 0.003941957), (-0.005312134, -0.0001607321, 0.003937866), (-0.005285, -0.000145, 0.00393), (-0.005925622, -0.0001356218, 0.003955622), (-0.0059, -0.000145, 0.003965), (-0.005865, -0.0001492462, 0.003969246), (-0.005355, -0.0001492462, 0.003969246), (-0.00532, -0.000145, 0.003965), (-0.005294378, -0.0001356218, 0.003955622), (-0.005925622, 0.0002556218, 0.003244378), (-0.0059, 0.000265, 0.003235), (-0.005865, 0.0002692462, 0.003230754), (-0.005355, 0.0002692462, 0.003230754), (-0.00532, 0.000265, 0.003235), (-0.005294378, 0.0002556218, 0.003244378), (-0.005935, 0.000265, 0.00327), (-0.005907866, 0.0002807321, 0.003262134), (-0.005865, 0.0002889149, 0.003258043), (-0.005355, 0.0002889149, 0.003258043), (-0.005312134, 0.0002807321, 0.003262134), (-0.005285, 0.000265, 0.00327), (-0.005939246, 0.0002692462, 0.003305), (-0.005911957, 0.0002889149, 0.003305), (-0.005865, 0.0003, 0.003305), (-0.005355, 0.0003, 0.003305), (-0.005308043, 0.0002889149, 0.003305), (-0.005280754, 0.0002692462, 0.003305), (-0.005939246, 0.0002692462, 0.003895), (-0.005911957, 0.0002889149, 0.003895), (-0.005865, 0.0003, 0.003895), (-0.005355, 0.0003, 0.003895), (-0.005308043, 0.0002889149, 0.003895), (-0.005280754, 0.0002692462, 0.003895), (-0.005935, 0.000265, 0.00393), (-0.005907866, 0.0002807321, 0.003937866), (-0.005865, 0.0002889149, 0.003941957), (-0.005355, 0.0002889149, 0.003941957), (-0.005312134, 0.0002807321, 0.003937866), (-0.005285, 0.000265, 0.00393), (-0.005925622, 0.0002556218, 0.003955622), (-0.0059, 0.000265, 0.003965), (-0.005865, 0.0002692462, 0.003969246), (-0.005355, 0.0002692462, 0.003969246), (-0.00532, 0.000265, 0.003965), (-0.005294378, 0.0002556218, 0.003955622), (-0.005925622, -0.0001356218, 0.003244378), (-0.005935, -0.00011, 0.003235), (-0.005939246, -7.5e-05, 0.003230754), (-0.005939246, 0.000195, 0.003230754), (-0.005935, 0.00023, 0.003235), (-0.005925622, 0.0002556218, 0.003244378), (-0.0059, -0.000145, 0.003235), (-0.005907866, -0.0001178661, 0.003219268), (-0.005911957, -7.5e-05, 0.003211085), (-0.005911957, 0.000195, 0.003211085), (-0.005907866, 0.0002378661, 0.003219268), (-0.0059, 0.000265, 0.003235), (-0.005865, -0.0001492462, 0.003230754), (-0.005865, -0.0001219574, 0.003211085), (-0.005865, -7.5e-05, 0.0032), (-0.005865, 0.000195, 0.0032), (-0.005865, 0.0002419574, 0.003211085), (-0.005865, 0.0002692462, 0.003230754), (-0.005355, -0.0001492462, 0.003230754), (-0.005355, -0.0001219574, 0.003211085), (-0.005355, -7.5e-05, 0.0032), (-0.005355, 0.000195, 0.0032), (-0.005355, 0.0002419574, 0.003211085), (-0.005355, 0.0002692462, 0.003230754), (-0.00532, -0.000145, 0.003235), (-0.005312134, -0.0001178661, 0.003219268), (-0.005308043, -7.5e-05, 0.003211085), (-0.005308043, 0.000195, 0.003211085), (-0.005312134, 0.0002378661, 0.003219268), (-0.00532, 0.000265, 0.003235), (-0.005294378, -0.0001356218, 0.003244378), (-0.005285, -0.00011, 0.003235), (-0.005280754, -7.5e-05, 0.003230754), (-0.005280754, 0.000195, 0.003230754), (-0.005285, 0.00023, 0.003235), (-0.005294378, 0.0002556218, 0.003244378), (-0.005925622, -0.0001356218, 0.003955622), (-0.005935, -0.00011, 0.003965), (-0.005939246, -7.5e-05, 0.003969246), (-0.005939246, 0.000195, 0.003969246), (-0.005935, 0.00023, 0.003965), (-0.005925622, 0.0002556218, 0.003955622), (-0.0059, -0.000145, 0.003965), (-0.005907866, -0.0001178661, 0.003980732), (-0.005911957, -7.5e-05, 0.003988915), (-0.005911957, 0.000195, 0.003988915), (-0.005907866, 0.0002378661, 0.003980732), (-0.0059, 0.000265, 0.003965), (-0.005865, -0.0001492462, 0.003969246), (-0.005865, -0.0001219574, 0.003988915), (-0.005865, -7.5e-05, 0.004), (-0.005865, 0.000195, 0.004), (-0.005865, 0.0002419574, 0.003988915), (-0.005865, 0.0002692462, 0.003969246), (-0.005355, -0.0001492462, 0.003969246), (-0.005355, -0.0001219574, 0.003988915), (-0.005355, -7.5e-05, 0.004), (-0.005355, 0.000195, 0.004), (-0.005355, 0.0002419574, 0.003988915), (-0.005355, 0.0002692462, 0.003969246), (-0.00532, -0.000145, 0.003965), (-0.005312134, -0.0001178661, 0.003980732), (-0.005308043, -7.5e-05, 0.003988915), (-0.005308043, 0.000195, 0.003988915), (-0.005312134, 0.0002378661, 0.003980732), (-0.00532, 0.000265, 0.003965), (-0.005294378, -0.0001356218, 0.003955622), (-0.005285, -0.00011, 0.003965), (-0.005280754, -7.5e-05, 0.003969246), (-0.005280754, 0.000195, 0.003969246), (-0.005285, 0.00023, 0.003965), (-0.005294378, 0.0002556218, 0.003955622)]
            int[] faceVertexCounts = [3, 3, 3, 3, 3, 3, 3, 3, 3, 3, 3, 3, 3, 3, 3, 3, 3, 3, 3, 3, 3, 3, 3, 3, 3, 3, 3, 3, 3, 3, 3, 3, 3, 3, 3, 3, 3, 3, 3, 3, 3, 3, 3, 3, 3, 3, 3, 3, 3, 3, 3, 3, 3, 3, 3, 3, 3, 3, 3, 3, 3, 3, 3, 3, 3, 3, 3, 3, 3, 3, 3, 3, 3, 3, 3, 3, 3, 3, 3, 3, 3, 3, 3, 3, 3, 3, 3, 3, 3, 3, 3, 3, 3, 3, 3, 3, 3, 3, 3, 3, 3, 3, 3, 3, 3, 3, 3, 3, 3, 3, 3, 3, 3, 3, 3, 3, 3, 3, 3, 3, 3, 3, 3, 3, 3, 3, 3, 3, 3, 3, 3, 3, 3, 3, 3, 3, 3, 3, 3, 3, 3, 3, 3, 3, 3, 3, 3, 3, 3, 3, 3, 3, 3, 3, 3, 3, 3, 3, 3, 3, 3, 3, 3, 3, 3, 3, 3, 3, 3, 3, 3, 3, 3, 3, 3, 3, 3, 3, 3, 3, 3, 3, 3, 3, 3, 3, 3, 3, 3, 3, 3, 3, 3, 3, 3, 3, 3, 3, 3, 3, 3, 3, 3, 3, 3, 3, 3, 3, 3, 3, 3, 3, 3, 3, 3, 3, 3, 3, 3, 3, 3, 3, 3, 3, 3, 3, 3, 3, 3, 3, 3, 3, 3, 3, 3, 3, 3, 3, 3, 3, 3, 3, 3, 3, 3, 3, 3, 3, 3, 3, 3, 3, 3, 3, 3, 3, 3, 3, 3, 3, 3, 3, 3, 3, 3, 3, 3, 3, 3, 3, 3, 3, 3, 3, 3, 3, 3, 3, 3, 3, 3, 3, 3, 3, 3, 3, 3, 3, 3, 3, 3, 3, 3, 3, 3, 3, 3, 3, 3, 3]
            int[] faceVertexIndices = [1, 7, 6, 1, 6, 0, 2, 8, 7, 2, 7, 1, 3, 9, 8, 3, 8, 2, 4, 10, 9, 4, 9, 3, 5, 11, 10, 5, 10, 4, 7, 13, 12, 7, 12, 6, 8, 14, 13, 8, 13, 7, 9, 15, 14, 9, 14, 8, 10, 16, 15, 10, 15, 9, 11, 17, 16, 11, 16, 10, 13, 19, 18, 13, 18, 12, 14, 20, 19, 14, 19, 13, 15, 21, 20, 15, 20, 14, 16, 22, 21, 16, 21, 15, 17, 23, 22, 17, 22, 16, 19, 25, 24, 19, 24, 18, 20, 26, 25, 20, 25, 19, 21, 27, 26, 21, 26, 20, 22, 28, 27, 22, 27, 21, 23, 29, 28, 23, 28, 22, 25, 31, 30, 25, 30, 24, 26, 32, 31, 26, 31, 25, 27, 33, 32, 27, 32, 26, 28, 34, 33, 28, 33, 27, 29, 35, 34, 29, 34, 28, 36, 42, 43, 36, 43, 37, 37, 43, 44, 37, 44, 38, 38, 44, 45, 38, 45, 39, 39, 45, 46, 39, 46, 40, 40, 46, 47, 40, 47, 41, 42, 48, 49, 42, 49, 43, 43, 49, 50, 43, 50, 44, 44, 50, 51, 44, 51, 45, 45, 51, 52, 45, 52, 46, 46, 52, 53, 46, 53, 47, 48, 54, 55, 48, 55, 49, 49, 55, 56, 49, 56, 50, 50, 56, 57, 50, 57, 51, 51, 57, 58, 51, 58, 52, 52, 58, 59, 52, 59, 53, 54, 60, 61, 54, 61, 55, 55, 61, 62, 55, 62, 56, 56, 62, 63, 56, 63, 57, 57, 63, 64, 57, 64, 58, 58, 64, 65, 58, 65, 59, 60, 66, 67, 60, 67, 61, 61, 67, 68, 61, 68, 62, 62, 68, 69, 62, 69, 63, 63, 69, 70, 63, 70, 64, 64, 70, 71, 64, 71, 65, 73, 79, 78, 73, 78, 72, 74, 80, 79, 74, 79, 73, 75, 81, 80, 75, 80, 74, 76, 82, 81, 76, 81, 75, 77, 83, 82, 77, 82, 76, 79, 85, 84, 79, 84, 78, 80, 86, 85, 80, 85, 79, 81, 87, 86, 81, 86, 80, 82, 88, 87, 82, 87, 81, 83, 89, 88, 83, 88, 82, 85, 91, 90, 85, 90, 84, 86, 92, 91, 86, 91, 85, 87, 93, 92, 87, 92, 86, 88, 94, 93, 88, 93, 87, 89, 95, 94, 89, 94, 88, 91, 97, 96, 91, 96, 90, 92, 98, 97, 92, 97, 91, 93, 99, 98, 93, 98, 92, 94, 100, 99, 94, 99, 93, 95, 101, 100, 95, 100, 94, 97, 103, 102, 97, 102, 96, 98, 104, 103, 98, 103, 97, 99, 105, 104, 99, 104, 98, 100, 106, 105, 100, 105, 99, 101, 107, 106, 101, 106, 100, 108, 114, 115, 108, 115, 109, 109, 115, 116, 109, 116, 110, 110, 116, 117, 110, 117, 111, 111, 117, 118, 111, 118, 112, 112, 118, 119, 112, 119, 113, 114, 120, 121, 114, 121, 115, 115, 121, 122, 115, 122, 116, 116, 122, 123, 116, 123, 117, 117, 123, 124, 117, 124, 118, 118, 124, 125, 118, 125, 119, 120, 126, 127, 120, 127, 121, 121, 127, 128, 121, 128, 122, 122, 128, 129, 122, 129, 123, 123, 129, 130, 123, 130, 124, 124, 130, 131, 124, 131, 125, 126, 132, 133, 126, 133, 127, 127, 133, 134, 127, 134, 128, 128, 134, 135, 128, 135, 129, 129, 135, 136, 129, 136, 130, 130, 136, 137, 130, 137, 131, 132, 138, 139, 132, 139, 133, 133, 139, 140, 133, 140, 134, 134, 140, 141, 134, 141, 135, 135, 141, 142, 135, 142, 136, 136, 142, 143, 136, 143, 137, 145, 151, 150, 145, 150, 144, 146, 152, 151, 146, 151, 145, 147, 153, 152, 147, 152, 146, 148, 154, 153, 148, 153, 147, 149, 155, 154, 149, 154, 148, 151, 157, 156, 151, 156, 150, 152, 158, 157, 152, 157, 151, 153, 159, 158, 153, 158, 152, 154, 160, 159, 154, 159, 153, 155, 161, 160, 155, 160, 154, 157, 163, 162, 157, 162, 156, 158, 164, 163, 158, 163, 157, 159, 165, 164, 159, 164, 158, 160, 166, 165, 160, 165, 159, 161, 167, 166, 161, 166, 160, 163, 169, 168, 163, 168, 162, 164, 170, 169, 164, 169, 163, 165, 171, 170, 165, 170, 164, 166, 172, 171, 166, 171, 165, 167, 173, 172, 167, 172, 166, 169, 175, 174, 169, 174, 168, 170, 176, 175, 170, 175, 169, 171, 177, 176, 171, 176, 170, 172, 178, 177, 172, 177, 171, 173, 179, 178, 173, 178, 172, 180, 186, 187, 180, 187, 181, 181, 187, 188, 181, 188, 182, 182, 188, 189, 182, 189, 183, 183, 189, 190, 183, 190, 184, 184, 190, 191, 184, 191, 185, 186, 192, 193, 186, 193, 187, 187, 193, 194, 187, 194, 188, 188, 194, 195, 188, 195, 189, 189, 195, 196, 189, 196, 190, 190, 196, 197, 190, 197, 191, 192, 198, 199, 192, 199, 193, 193, 199, 200, 193, 200, 194, 194, 200, 201, 194, 201, 195, 195, 201, 202, 195, 202, 196, 196, 202, 203, 196, 203, 197, 198, 204, 205, 198, 205, 199, 199, 205, 206, 199, 206, 200, 200, 206, 207, 200, 207, 201, 201, 207, 208, 201, 208, 202, 202, 208, 209, 202, 209, 203, 204, 210, 211, 204, 211, 205, 205, 211, 212, 205, 212, 206, 206, 212, 213, 206, 213, 207, 207, 213, 214, 207, 214, 208, 208, 214, 215, 208, 215, 209]
            normal3f[] normals = [(-0.7745967, -0.4472136, -0.4472136), (-0.7668657, -0.5195657, -0.376787), (-0.8126672, -0.5823236, -0.02170753), (-0.8112325, -0.5847033, 0.004878551), (-0.7900625, -0.5555967, 0.2590629), (-0.7071068, -0.5, 0.5), (-0.7668657, -0.376787, -0.5195657), (-0.8559572, -0.3656073, -0.3656073), (-0.9000523, -0.4354615, -0.01670855), (-0.943313, -0.331708, 0.01142044), (-0.8844941, -0.3299016, 0.3299016), (-0.7900625, -0.2590629, 0.5555967), (-0.8136401, -0.04180815, -0.5798637), (-0.9041388, -0.0335077, -0.4259227), (-0.9980692, -0.05603104, -0.02680438), (-0.9997321, -0.02050364, 0.01073448), (-0.9410996, -0.02339411, 0.3373193), (-0.8111991, -0.01030817, 0.5846792), (-0.8111991, 0.01030817, -0.5846792), (-0.9410996, 0.02339411, -0.3373193), (-0.9997321, 0.02050364, -0.01073448), (-0.9980692, 0.05603104, 0.02680438), (-0.9041388, 0.0335077, 0.4259227), (-0.8136401, 0.04180815, 0.5798637), (-0.7900625, 0.2590629, -0.5555967), (-0.8844941, 0.3299016, -0.3299016), (-0.943313, 0.331708, -0.01142044), (-0.9000523, 0.4354615, 0.01670855), (-0.8559572, 0.3656073, 0.3656073), (-0.7668657, 0.376787, 0.5195657), (-0.7071068, 0.5, -0.5), (-0.7900625, 0.5555967, -0.2590629), (-0.8112325, 0.5847033, -0.004878551), (-0.8126672, 0.5823236, 0.02170753), (-0.7668657, 0.5195657, 0.376787), (-0.7745967, 0.4472136, 0.4472136), (0.7071068, -0.5, -0.5), (0.7900625, -0.5555967, -0.2590629), (0.8112325, -0.5847033, -0.004878551), (0.8126672, -0.5823236, 0.02170753), (0.7668657, -0.5195657, 0.376787), (0.7745967, -0.4472136, 0.4472136), (0.7900625, -0.2590629, -0.5555967), (0.8844941, -0.3299016, -0.3299016), (0.943313, -0.331708, -0.01142044), (0.9000523, -0.4354615, 0.01670855), (0.8559572, -0.3656073, 0.3656073), (0.7668657, -0.376787, 0.5195657), (0.8111991, -0.01030817, -0.5846792), (0.9410996, -0.02339411, -0.3373193), (0.9997321, -0.02050364, -0.01073448), (0.9980692, -0.05603104, 0.02680438), (0.9041388, -0.0335077, 0.4259227), (0.8136401, -0.04180815, 0.5798637), (0.8136401, 0.04180815, -0.5798637), (0.9041388, 0.0335077, -0.4259227), (0.9980692, 0.05603104, -0.02680438), (0.9997321, 0.02050364, 0.01073448), (0.9410996, 0.02339411, 0.3373193), (0.8111991, 0.01030817, 0.5846792), (0.7668657, 0.376787, -0.5195657), (0.8559572, 0.3656073, -0.3656073), (0.9000523, 0.4354615, -0.01670855), (0.943313, 0.331708, 0.01142044), (0.8844941, 0.3299016, 0.3299016), (0.7900625, 0.2590629, 0.5555967), (0.7745967, 0.4472136, -0.4472136), (0.7668657, 0.5195657, -0.376787), (0.8126672, 0.5823236, -0.02170753), (0.8112325, 0.5847033, 0.004878551), (0.7900625, 0.5555967, 0.2590629), (0.7071068, 0.5, 0.5), (-0.4472136, -0.7745967, -0.4472136), (-0.376787, -0.7668657, -0.5195657), (-0.02467377, -0.8128318, -0.5819757), (0.005618404, -0.8112294, -0.5847011), (0.2590629, -0.7900625, -0.5555967), (0.5, -0.7071068, -0.5), (-0.5195657, -0.7668657, -0.376787), (-0.3656073, -0.8559572, -0.3656073), (-0.01910332, -0.9006562, -0.4341123), (0.01309631, -0.9430134, -0.3324969), (0.3299016, -0.8844941, -0.3299016), (0.5555967, -0.7900625, -0.2590629), (-0.5823236, -0.8126672, -0.02170753), (-0.4354615, -0.9000523, -0.01670855), (-0.03343323, -0.999018, -0.02907341), (0.01132227, -0.9998862, -0.009973622), (0.331708, -0.943313, -0.01142044), (0.5847033, -0.8112325, -0.004878551), (-0.5847033, -0.8112325, 0.004878551), (-0.331708, -0.943313, 0.01142044), (-0.01132227, -0.9998862, 0.009973622), (0.03343323, -0.999018, 0.02907341), (0.4354615, -0.9000523, 0.01670855), (0.5823236, -0.8126672, 0.02170753), (-0.5555967, -0.7900625, 0.2590629), (-0.3299016, -0.8844941, 0.3299016), (-0.01309631, -0.9430134, 0.3324969), (0.01910332, -0.9006562, 0.4341123), (0.3656073, -0.8559572, 0.3656073), (0.5195657, -0.7668657, 0.376787), (-0.5, -0.7071068, 0.5), (-0.2590629, -0.7900625, 0.5555967), (-0.005618404, -0.8112294, 0.5847011), (0.02467377, -0.8128318, 0.5819757), (0.376787, -0.7668657, 0.5195657), (0.4472136, -0.7745967, 0.4472136), (-0.5, 0.7071068, -0.5), (-0.2590629, 0.7900625, -0.5555967), (-0.005618404, 0.8112294, -0.5847011), (0.02467377, 0.8128318, -0.5819757), (0.376787, 0.7668657, -0.5195657), (0.4472136, 0.7745967, -0.4472136), (-0.5555967, 0.7900625, -0.2590629), (-0.3299016, 0.8844941, -0.3299016), (-0.01309631, 0.9430134, -0.3324969), (0.01910332, 0.9006562, -0.4341123), (0.3656073, 0.8559572, -0.3656073), (0.5195657, 0.7668657, -0.376787), (-0.5847033, 0.8112325, -0.004878551), (-0.331708, 0.943313, -0.01142044), (-0.01132227, 0.9998862, -0.009973622), (0.03343323, 0.999018, -0.02907341), (0.4354615, 0.9000523, -0.01670855), (0.5823236, 0.8126672, -0.02170753), (-0.5823236, 0.8126672, 0.02170753), (-0.4354615, 0.9000523, 0.01670855), (-0.03343323, 0.999018, 0.02907341), (0.01132227, 0.9998862, 0.009973622), (0.331708, 0.943313, 0.01142044), (0.5847033, 0.8112325, 0.004878551), (-0.5195657, 0.7668657, 0.376787), (-0.3656073, 0.8559572, 0.3656073), (-0.01910332, 0.9006562, 0.4341123), (0.01309631, 0.9430134, 0.3324969), (0.3299016, 0.8844941, 0.3299016), (0.5555967, 0.7900625, 0.2590629), (-0.4472136, 0.7745967, 0.4472136), (-0.376787, 0.7668657, 0.5195657), (-0.02467377, 0.8128318, 0.5819757), (0.005618404, 0.8112294, 0.5847011), (0.2590629, 0.7900625, 0.5555967), (0.5, 0.7071068, 0.5), (-0.4472136, -0.4472136, -0.7745967), (-0.5195657, -0.376787, -0.7668657), (-0.5798637, -0.04180815, -0.8136401), (-0.5846792, 0.01030817, -0.8111991), (-0.5555967, 0.2590629, -0.7900625), (-0.5, 0.5, -0.7071068), (-0.376787, -0.5195657, -0.7668657), (-0.3656073, -0.3656073, -0.8559572), (-0.4259227, -0.0335077, -0.9041388), (-0.3373193, 0.02339411, -0.9410996), (-0.3299016, 0.3299016, -0.8844941), (-0.2590629, 0.5555967, -0.7900625), (-0.02467377, -0.5819757, -0.8128318), (-0.01910332, -0.4341123, -0.9006562), (-0.03046324, -0.05537535, -0.9980008), (-0.01232904, 0.02074428, -0.9997088), (-0.01309631, 0.3324969, -0.9430134), (-0.005618404, 0.5847011, -0.8112294), (0.005618404, -0.5847011, -0.8112294), (0.01309631, -0.3324969, -0.9430134), (0.01232904, -0.02074428, -0.9997088), (0.03046324, 0.05537535, -0.9980008), (0.01910332, 0.4341123, -0.9006562), (0.02467377, 0.5819757, -0.8128318), (0.2590629, -0.5555967, -0.7900625), (0.3299016, -0.3299016, -0.8844941), (0.3373193, -0.02339411, -0.9410996), (0.4259227, 0.0335077, -0.9041388), (0.3656073, 0.3656073, -0.8559572), (0.376787, 0.5195657, -0.7668657), (0.5, -0.5, -0.7071068), (0.5555967, -0.2590629, -0.7900625), (0.5846792, -0.01030817, -0.8111991), (0.5798637, 0.04180815, -0.8136401), (0.5195657, 0.376787, -0.7668657), (0.4472136, 0.4472136, -0.7745967), (-0.5, -0.5, 0.7071068), (-0.5555967, -0.2590629, 0.7900625), (-0.5846792, -0.01030817, 0.8111991), (-0.5798637, 0.04180815, 0.8136401), (-0.5195657, 0.376787, 0.7668657), (-0.4472136, 0.4472136, 0.7745967), (-0.2590629, -0.5555967, 0.7900625), (-0.3299016, -0.3299016, 0.8844941), (-0.3373193, -0.02339411, 0.9410996), (-0.4259227, 0.0335077, 0.9041388), (-0.3656073, 0.3656073, 0.8559572), (-0.376787, 0.5195657, 0.7668657), (-0.005618404, -0.5847011, 0.8112294), (-0.01309631, -0.3324969, 0.9430134), (-0.01232904, -0.02074428, 0.9997088), (-0.03046324, 0.05537535, 0.9980008), (-0.01910332, 0.4341123, 0.9006562), (-0.02467377, 0.5819757, 0.8128318), (0.02467377, -0.5819757, 0.8128318), (0.01910332, -0.4341123, 0.9006562), (0.03046324, -0.05537535, 0.9980008), (0.01232904, 0.02074428, 0.9997088), (0.01309631, 0.3324969, 0.9430134), (0.005618404, 0.5847011, 0.8112294), (0.376787, -0.5195657, 0.7668657), (0.3656073, -0.3656073, 0.8559572), (0.4259227, -0.0335077, 0.9041388), (0.3373193, 0.02339411, 0.9410996), (0.3299016, 0.3299016, 0.8844941), (0.2590629, 0.5555967, 0.7900625), (0.4472136, -0.4472136, 0.7745967), (0.5195657, -0.376787, 0.7668657), (0.5798637, -0.04180815, 0.8136401), (0.5846792, 0.01030817, 0.8111991), (0.5555967, 0.2590629, 0.7900625), (0.5, 0.5, 0.7071068)] (interpolation = "vertex")
            float3[] extent = [(-0.00597, -0.00018, 0.0032), (-0.00525, 0.0003, 0.004)]
            rel material:binding = </WorkbenchPart/Materials/solder>
        }
        def Mesh "ShieldSolderTab_06" (prepend apiSchemas = ["MaterialBindingAPI"])
        {
            uniform token subdivisionScheme = "none"
            uniform token orientation = "rightHanded"
            bool doubleSided = false
            point3f[] points = [(0.005294378, -0.0001356218, -0.006355622), (0.005285, -0.000145, -0.00633), (0.005280754, -0.0001492462, -0.006295), (0.005280754, -0.0001492462, -0.005705), (0.005285, -0.000145, -0.00567), (0.005294378, -0.0001356218, -0.005644378), (0.005285, -0.00011, -0.006365), (0.005269268, -0.0001178661, -0.006337866), (0.005261085, -0.0001219574, -0.006295), (0.005261085, -0.0001219574, -0.005705), (0.005269268, -0.0001178661, -0.005662134), (0.005285, -0.00011, -0.005635), (0.005280754, -7.5e-05, -0.006369246), (0.005261085, -7.5e-05, -0.006341957), (0.00525, -7.5e-05, -0.006295), (0.00525, -7.5e-05, -0.005705), (0.005261085, -7.5e-05, -0.005658043), (0.005280754, -7.5e-05, -0.005630754), (0.005280754, 0.000195, -0.006369246), (0.005261085, 0.000195, -0.006341957), (0.00525, 0.000195, -0.006295), (0.00525, 0.000195, -0.005705), (0.005261085, 0.000195, -0.005658043), (0.005280754, 0.000195, -0.005630754), (0.005285, 0.00023, -0.006365), (0.005269268, 0.0002378661, -0.006337866), (0.005261085, 0.0002419574, -0.006295), (0.005261085, 0.0002419574, -0.005705), (0.005269268, 0.0002378661, -0.005662134), (0.005285, 0.00023, -0.005635), (0.005294378, 0.0002556218, -0.006355622), (0.005285, 0.000265, -0.00633), (0.005280754, 0.0002692462, -0.006295), (0.005280754, 0.0002692462, -0.005705), (0.005285, 0.000265, -0.00567), (0.005294378, 0.0002556218, -0.005644378), (0.005925622, -0.0001356218, -0.006355622), (0.005935, -0.000145, -0.00633), (0.005939246, -0.0001492462, -0.006295), (0.005939246, -0.0001492462, -0.005705), (0.005935, -0.000145, -0.00567), (0.005925622, -0.0001356218, -0.005644378), (0.005935, -0.00011, -0.006365), (0.005950732, -0.0001178661, -0.006337866), (0.005958915, -0.0001219574, -0.006295), (0.005958915, -0.0001219574, -0.005705), (0.005950732, -0.0001178661, -0.005662134), (0.005935, -0.00011, -0.005635), (0.005939246, -7.5e-05, -0.006369246), (0.005958915, -7.5e-05, -0.006341957), (0.00597, -7.5e-05, -0.006295), (0.00597, -7.5e-05, -0.005705), (0.005958915, -7.5e-05, -0.005658043), (0.005939246, -7.5e-05, -0.005630754), (0.005939246, 0.000195, -0.006369246), (0.005958915, 0.000195, -0.006341957), (0.00597, 0.000195, -0.006295), (0.00597, 0.000195, -0.005705), (0.005958915, 0.000195, -0.005658043), (0.005939246, 0.000195, -0.005630754), (0.005935, 0.00023, -0.006365), (0.005950732, 0.0002378661, -0.006337866), (0.005958915, 0.0002419574, -0.006295), (0.005958915, 0.0002419574, -0.005705), (0.005950732, 0.0002378661, -0.005662134), (0.005935, 0.00023, -0.005635), (0.005925622, 0.0002556218, -0.006355622), (0.005935, 0.000265, -0.00633), (0.005939246, 0.0002692462, -0.006295), (0.005939246, 0.0002692462, -0.005705), (0.005935, 0.000265, -0.00567), (0.005925622, 0.0002556218, -0.005644378), (0.005294378, -0.0001356218, -0.006355622), (0.00532, -0.000145, -0.006365), (0.005355, -0.0001492462, -0.006369246), (0.005865, -0.0001492462, -0.006369246), (0.0059, -0.000145, -0.006365), (0.005925622, -0.0001356218, -0.006355622), (0.005285, -0.000145, -0.00633), (0.005312134, -0.0001607321, -0.006337866), (0.005355, -0.0001689149, -0.006341957), (0.005865, -0.0001689149, -0.006341957), (0.005907866, -0.0001607321, -0.006337866), (0.005935, -0.000145, -0.00633), (0.005280754, -0.0001492462, -0.006295), (0.005308043, -0.0001689149, -0.006295), (0.005355, -0.00018, -0.006295), (0.005865, -0.00018, -0.006295), (0.005911957, -0.0001689149, -0.006295), (0.005939246, -0.0001492462, -0.006295), (0.005280754, -0.0001492462, -0.005705), (0.005308043, -0.0001689149, -0.005705), (0.005355, -0.00018, -0.005705), (0.005865, -0.00018, -0.005705), (0.005911957, -0.0001689149, -0.005705), (0.005939246, -0.0001492462, -0.005705), (0.005285, -0.000145, -0.00567), (0.005312134, -0.0001607321, -0.005662134), (0.005355, -0.0001689149, -0.005658043), (0.005865, -0.0001689149, -0.005658043), (0.005907866, -0.0001607321, -0.005662134), (0.005935, -0.000145, -0.00567), (0.005294378, -0.0001356218, -0.005644378), (0.00532, -0.000145, -0.005635), (0.005355, -0.0001492462, -0.005630754), (0.005865, -0.0001492462, -0.005630754), (0.0059, -0.000145, -0.005635), (0.005925622, -0.0001356218, -0.005644378), (0.005294378, 0.0002556218, -0.006355622), (0.00532, 0.000265, -0.006365), (0.005355, 0.0002692462, -0.006369246), (0.005865, 0.0002692462, -0.006369246), (0.0059, 0.000265, -0.006365), (0.005925622, 0.0002556218, -0.006355622), (0.005285, 0.000265, -0.00633), (0.005312134, 0.0002807321, -0.006337866), (0.005355, 0.0002889149, -0.006341957), (0.005865, 0.0002889149, -0.006341957), (0.005907866, 0.0002807321, -0.006337866), (0.005935, 0.000265, -0.00633), (0.005280754, 0.0002692462, -0.006295), (0.005308043, 0.0002889149, -0.006295), (0.005355, 0.0003, -0.006295), (0.005865, 0.0003, -0.006295), (0.005911957, 0.0002889149, -0.006295), (0.005939246, 0.0002692462, -0.006295), (0.005280754, 0.0002692462, -0.005705), (0.005308043, 0.0002889149, -0.005705), (0.005355, 0.0003, -0.005705), (0.005865, 0.0003, -0.005705), (0.005911957, 0.0002889149, -0.005705), (0.005939246, 0.0002692462, -0.005705), (0.005285, 0.000265, -0.00567), (0.005312134, 0.0002807321, -0.005662134), (0.005355, 0.0002889149, -0.005658043), (0.005865, 0.0002889149, -0.005658043), (0.005907866, 0.0002807321, -0.005662134), (0.005935, 0.000265, -0.00567), (0.005294378, 0.0002556218, -0.005644378), (0.00532, 0.000265, -0.005635), (0.005355, 0.0002692462, -0.005630754), (0.005865, 0.0002692462, -0.005630754), (0.0059, 0.000265, -0.005635), (0.005925622, 0.0002556218, -0.005644378), (0.005294378, -0.0001356218, -0.006355622), (0.005285, -0.00011, -0.006365), (0.005280754, -7.5e-05, -0.006369246), (0.005280754, 0.000195, -0.006369246), (0.005285, 0.00023, -0.006365), (0.005294378, 0.0002556218, -0.006355622), (0.00532, -0.000145, -0.006365), (0.005312134, -0.0001178661, -0.006380732), (0.005308043, -7.5e-05, -0.006388915), (0.005308043, 0.000195, -0.006388915), (0.005312134, 0.0002378661, -0.006380732), (0.00532, 0.000265, -0.006365), (0.005355, -0.0001492462, -0.006369246), (0.005355, -0.0001219574, -0.006388915), (0.005355, -7.5e-05, -0.0064), (0.005355, 0.000195, -0.0064), (0.005355, 0.0002419574, -0.006388915), (0.005355, 0.0002692462, -0.006369246), (0.005865, -0.0001492462, -0.006369246), (0.005865, -0.0001219574, -0.006388915), (0.005865, -7.5e-05, -0.0064), (0.005865, 0.000195, -0.0064), (0.005865, 0.0002419574, -0.006388915), (0.005865, 0.0002692462, -0.006369246), (0.0059, -0.000145, -0.006365), (0.005907866, -0.0001178661, -0.006380732), (0.005911957, -7.5e-05, -0.006388915), (0.005911957, 0.000195, -0.006388915), (0.005907866, 0.0002378661, -0.006380732), (0.0059, 0.000265, -0.006365), (0.005925622, -0.0001356218, -0.006355622), (0.005935, -0.00011, -0.006365), (0.005939246, -7.5e-05, -0.006369246), (0.005939246, 0.000195, -0.006369246), (0.005935, 0.00023, -0.006365), (0.005925622, 0.0002556218, -0.006355622), (0.005294378, -0.0001356218, -0.005644378), (0.005285, -0.00011, -0.005635), (0.005280754, -7.5e-05, -0.005630754), (0.005280754, 0.000195, -0.005630754), (0.005285, 0.00023, -0.005635), (0.005294378, 0.0002556218, -0.005644378), (0.00532, -0.000145, -0.005635), (0.005312134, -0.0001178661, -0.005619268), (0.005308043, -7.5e-05, -0.005611085), (0.005308043, 0.000195, -0.005611085), (0.005312134, 0.0002378661, -0.005619268), (0.00532, 0.000265, -0.005635), (0.005355, -0.0001492462, -0.005630754), (0.005355, -0.0001219574, -0.005611085), (0.005355, -7.5e-05, -0.0056), (0.005355, 0.000195, -0.0056), (0.005355, 0.0002419574, -0.005611085), (0.005355, 0.0002692462, -0.005630754), (0.005865, -0.0001492462, -0.005630754), (0.005865, -0.0001219574, -0.005611085), (0.005865, -7.5e-05, -0.0056), (0.005865, 0.000195, -0.0056), (0.005865, 0.0002419574, -0.005611085), (0.005865, 0.0002692462, -0.005630754), (0.0059, -0.000145, -0.005635), (0.005907866, -0.0001178661, -0.005619268), (0.005911957, -7.5e-05, -0.005611085), (0.005911957, 0.000195, -0.005611085), (0.005907866, 0.0002378661, -0.005619268), (0.0059, 0.000265, -0.005635), (0.005925622, -0.0001356218, -0.005644378), (0.005935, -0.00011, -0.005635), (0.005939246, -7.5e-05, -0.005630754), (0.005939246, 0.000195, -0.005630754), (0.005935, 0.00023, -0.005635), (0.005925622, 0.0002556218, -0.005644378)]
            int[] faceVertexCounts = [3, 3, 3, 3, 3, 3, 3, 3, 3, 3, 3, 3, 3, 3, 3, 3, 3, 3, 3, 3, 3, 3, 3, 3, 3, 3, 3, 3, 3, 3, 3, 3, 3, 3, 3, 3, 3, 3, 3, 3, 3, 3, 3, 3, 3, 3, 3, 3, 3, 3, 3, 3, 3, 3, 3, 3, 3, 3, 3, 3, 3, 3, 3, 3, 3, 3, 3, 3, 3, 3, 3, 3, 3, 3, 3, 3, 3, 3, 3, 3, 3, 3, 3, 3, 3, 3, 3, 3, 3, 3, 3, 3, 3, 3, 3, 3, 3, 3, 3, 3, 3, 3, 3, 3, 3, 3, 3, 3, 3, 3, 3, 3, 3, 3, 3, 3, 3, 3, 3, 3, 3, 3, 3, 3, 3, 3, 3, 3, 3, 3, 3, 3, 3, 3, 3, 3, 3, 3, 3, 3, 3, 3, 3, 3, 3, 3, 3, 3, 3, 3, 3, 3, 3, 3, 3, 3, 3, 3, 3, 3, 3, 3, 3, 3, 3, 3, 3, 3, 3, 3, 3, 3, 3, 3, 3, 3, 3, 3, 3, 3, 3, 3, 3, 3, 3, 3, 3, 3, 3, 3, 3, 3, 3, 3, 3, 3, 3, 3, 3, 3, 3, 3, 3, 3, 3, 3, 3, 3, 3, 3, 3, 3, 3, 3, 3, 3, 3, 3, 3, 3, 3, 3, 3, 3, 3, 3, 3, 3, 3, 3, 3, 3, 3, 3, 3, 3, 3, 3, 3, 3, 3, 3, 3, 3, 3, 3, 3, 3, 3, 3, 3, 3, 3, 3, 3, 3, 3, 3, 3, 3, 3, 3, 3, 3, 3, 3, 3, 3, 3, 3, 3, 3, 3, 3, 3, 3, 3, 3, 3, 3, 3, 3, 3, 3, 3, 3, 3, 3, 3, 3, 3, 3, 3, 3, 3, 3, 3, 3, 3, 3]
            int[] faceVertexIndices = [1, 7, 6, 1, 6, 0, 2, 8, 7, 2, 7, 1, 3, 9, 8, 3, 8, 2, 4, 10, 9, 4, 9, 3, 5, 11, 10, 5, 10, 4, 7, 13, 12, 7, 12, 6, 8, 14, 13, 8, 13, 7, 9, 15, 14, 9, 14, 8, 10, 16, 15, 10, 15, 9, 11, 17, 16, 11, 16, 10, 13, 19, 18, 13, 18, 12, 14, 20, 19, 14, 19, 13, 15, 21, 20, 15, 20, 14, 16, 22, 21, 16, 21, 15, 17, 23, 22, 17, 22, 16, 19, 25, 24, 19, 24, 18, 20, 26, 25, 20, 25, 19, 21, 27, 26, 21, 26, 20, 22, 28, 27, 22, 27, 21, 23, 29, 28, 23, 28, 22, 25, 31, 30, 25, 30, 24, 26, 32, 31, 26, 31, 25, 27, 33, 32, 27, 32, 26, 28, 34, 33, 28, 33, 27, 29, 35, 34, 29, 34, 28, 36, 42, 43, 36, 43, 37, 37, 43, 44, 37, 44, 38, 38, 44, 45, 38, 45, 39, 39, 45, 46, 39, 46, 40, 40, 46, 47, 40, 47, 41, 42, 48, 49, 42, 49, 43, 43, 49, 50, 43, 50, 44, 44, 50, 51, 44, 51, 45, 45, 51, 52, 45, 52, 46, 46, 52, 53, 46, 53, 47, 48, 54, 55, 48, 55, 49, 49, 55, 56, 49, 56, 50, 50, 56, 57, 50, 57, 51, 51, 57, 58, 51, 58, 52, 52, 58, 59, 52, 59, 53, 54, 60, 61, 54, 61, 55, 55, 61, 62, 55, 62, 56, 56, 62, 63, 56, 63, 57, 57, 63, 64, 57, 64, 58, 58, 64, 65, 58, 65, 59, 60, 66, 67, 60, 67, 61, 61, 67, 68, 61, 68, 62, 62, 68, 69, 62, 69, 63, 63, 69, 70, 63, 70, 64, 64, 70, 71, 64, 71, 65, 73, 79, 78, 73, 78, 72, 74, 80, 79, 74, 79, 73, 75, 81, 80, 75, 80, 74, 76, 82, 81, 76, 81, 75, 77, 83, 82, 77, 82, 76, 79, 85, 84, 79, 84, 78, 80, 86, 85, 80, 85, 79, 81, 87, 86, 81, 86, 80, 82, 88, 87, 82, 87, 81, 83, 89, 88, 83, 88, 82, 85, 91, 90, 85, 90, 84, 86, 92, 91, 86, 91, 85, 87, 93, 92, 87, 92, 86, 88, 94, 93, 88, 93, 87, 89, 95, 94, 89, 94, 88, 91, 97, 96, 91, 96, 90, 92, 98, 97, 92, 97, 91, 93, 99, 98, 93, 98, 92, 94, 100, 99, 94, 99, 93, 95, 101, 100, 95, 100, 94, 97, 103, 102, 97, 102, 96, 98, 104, 103, 98, 103, 97, 99, 105, 104, 99, 104, 98, 100, 106, 105, 100, 105, 99, 101, 107, 106, 101, 106, 100, 108, 114, 115, 108, 115, 109, 109, 115, 116, 109, 116, 110, 110, 116, 117, 110, 117, 111, 111, 117, 118, 111, 118, 112, 112, 118, 119, 112, 119, 113, 114, 120, 121, 114, 121, 115, 115, 121, 122, 115, 122, 116, 116, 122, 123, 116, 123, 117, 117, 123, 124, 117, 124, 118, 118, 124, 125, 118, 125, 119, 120, 126, 127, 120, 127, 121, 121, 127, 128, 121, 128, 122, 122, 128, 129, 122, 129, 123, 123, 129, 130, 123, 130, 124, 124, 130, 131, 124, 131, 125, 126, 132, 133, 126, 133, 127, 127, 133, 134, 127, 134, 128, 128, 134, 135, 128, 135, 129, 129, 135, 136, 129, 136, 130, 130, 136, 137, 130, 137, 131, 132, 138, 139, 132, 139, 133, 133, 139, 140, 133, 140, 134, 134, 140, 141, 134, 141, 135, 135, 141, 142, 135, 142, 136, 136, 142, 143, 136, 143, 137, 145, 151, 150, 145, 150, 144, 146, 152, 151, 146, 151, 145, 147, 153, 152, 147, 152, 146, 148, 154, 153, 148, 153, 147, 149, 155, 154, 149, 154, 148, 151, 157, 156, 151, 156, 150, 152, 158, 157, 152, 157, 151, 153, 159, 158, 153, 158, 152, 154, 160, 159, 154, 159, 153, 155, 161, 160, 155, 160, 154, 157, 163, 162, 157, 162, 156, 158, 164, 163, 158, 163, 157, 159, 165, 164, 159, 164, 158, 160, 166, 165, 160, 165, 159, 161, 167, 166, 161, 166, 160, 163, 169, 168, 163, 168, 162, 164, 170, 169, 164, 169, 163, 165, 171, 170, 165, 170, 164, 166, 172, 171, 166, 171, 165, 167, 173, 172, 167, 172, 166, 169, 175, 174, 169, 174, 168, 170, 176, 175, 170, 175, 169, 171, 177, 176, 171, 176, 170, 172, 178, 177, 172, 177, 171, 173, 179, 178, 173, 178, 172, 180, 186, 187, 180, 187, 181, 181, 187, 188, 181, 188, 182, 182, 188, 189, 182, 189, 183, 183, 189, 190, 183, 190, 184, 184, 190, 191, 184, 191, 185, 186, 192, 193, 186, 193, 187, 187, 193, 194, 187, 194, 188, 188, 194, 195, 188, 195, 189, 189, 195, 196, 189, 196, 190, 190, 196, 197, 190, 197, 191, 192, 198, 199, 192, 199, 193, 193, 199, 200, 193, 200, 194, 194, 200, 201, 194, 201, 195, 195, 201, 202, 195, 202, 196, 196, 202, 203, 196, 203, 197, 198, 204, 205, 198, 205, 199, 199, 205, 206, 199, 206, 200, 200, 206, 207, 200, 207, 201, 201, 207, 208, 201, 208, 202, 202, 208, 209, 202, 209, 203, 204, 210, 211, 204, 211, 205, 205, 211, 212, 205, 212, 206, 206, 212, 213, 206, 213, 207, 207, 213, 214, 207, 214, 208, 208, 214, 215, 208, 215, 209]
            normal3f[] normals = [(-0.7745967, -0.4472136, -0.4472136), (-0.7668657, -0.5195657, -0.376787), (-0.8126672, -0.5823236, -0.02170753), (-0.8112325, -0.5847033, 0.004878551), (-0.7900625, -0.5555967, 0.2590629), (-0.7071068, -0.5, 0.5), (-0.7668657, -0.376787, -0.5195657), (-0.8559572, -0.3656073, -0.3656073), (-0.9000523, -0.4354615, -0.01670855), (-0.943313, -0.331708, 0.01142044), (-0.8844941, -0.3299016, 0.3299016), (-0.7900625, -0.2590629, 0.5555967), (-0.8136401, -0.04180815, -0.5798637), (-0.9041388, -0.0335077, -0.4259227), (-0.9980692, -0.05603104, -0.02680438), (-0.9997321, -0.02050364, 0.01073448), (-0.9410996, -0.02339411, 0.3373193), (-0.8111991, -0.01030817, 0.5846792), (-0.8111991, 0.01030817, -0.5846792), (-0.9410996, 0.02339411, -0.3373193), (-0.9997321, 0.02050364, -0.01073448), (-0.9980692, 0.05603104, 0.02680438), (-0.9041388, 0.0335077, 0.4259227), (-0.8136401, 0.04180815, 0.5798637), (-0.7900625, 0.2590629, -0.5555967), (-0.8844941, 0.3299016, -0.3299016), (-0.943313, 0.331708, -0.01142044), (-0.9000523, 0.4354615, 0.01670855), (-0.8559572, 0.3656073, 0.3656073), (-0.7668657, 0.376787, 0.5195657), (-0.7071068, 0.5, -0.5), (-0.7900625, 0.5555967, -0.2590629), (-0.8112325, 0.5847033, -0.004878551), (-0.8126672, 0.5823236, 0.02170753), (-0.7668657, 0.5195657, 0.376787), (-0.7745967, 0.4472136, 0.4472136), (0.7071068, -0.5, -0.5), (0.7900625, -0.5555967, -0.2590629), (0.8112325, -0.5847033, -0.004878551), (0.8126672, -0.5823236, 0.02170753), (0.7668657, -0.5195657, 0.376787), (0.7745967, -0.4472136, 0.4472136), (0.7900625, -0.2590629, -0.5555967), (0.8844941, -0.3299016, -0.3299016), (0.943313, -0.331708, -0.01142044), (0.9000523, -0.4354615, 0.01670855), (0.8559572, -0.3656073, 0.3656073), (0.7668657, -0.376787, 0.5195657), (0.8111991, -0.01030817, -0.5846792), (0.9410996, -0.02339411, -0.3373193), (0.9997321, -0.02050364, -0.01073448), (0.9980692, -0.05603104, 0.02680438), (0.9041388, -0.0335077, 0.4259227), (0.8136401, -0.04180815, 0.5798637), (0.8136401, 0.04180815, -0.5798637), (0.9041388, 0.0335077, -0.4259227), (0.9980692, 0.05603104, -0.02680438), (0.9997321, 0.02050364, 0.01073448), (0.9410996, 0.02339411, 0.3373193), (0.8111991, 0.01030817, 0.5846792), (0.7668657, 0.376787, -0.5195657), (0.8559572, 0.3656073, -0.3656073), (0.9000523, 0.4354615, -0.01670855), (0.943313, 0.331708, 0.01142044), (0.8844941, 0.3299016, 0.3299016), (0.7900625, 0.2590629, 0.5555967), (0.7745967, 0.4472136, -0.4472136), (0.7668657, 0.5195657, -0.376787), (0.8126672, 0.5823236, -0.02170753), (0.8112325, 0.5847033, 0.004878551), (0.7900625, 0.5555967, 0.2590629), (0.7071068, 0.5, 0.5), (-0.4472136, -0.7745967, -0.4472136), (-0.376787, -0.7668657, -0.5195657), (-0.02467377, -0.8128318, -0.5819757), (0.005618404, -0.8112294, -0.5847011), (0.2590629, -0.7900625, -0.5555967), (0.5, -0.7071068, -0.5), (-0.5195657, -0.7668657, -0.376787), (-0.3656073, -0.8559572, -0.3656073), (-0.01910332, -0.9006562, -0.4341123), (0.01309631, -0.9430134, -0.3324969), (0.3299016, -0.8844941, -0.3299016), (0.5555967, -0.7900625, -0.2590629), (-0.5823236, -0.8126672, -0.02170753), (-0.4354615, -0.9000523, -0.01670855), (-0.03343323, -0.999018, -0.02907341), (0.01132227, -0.9998862, -0.009973622), (0.331708, -0.943313, -0.01142044), (0.5847033, -0.8112325, -0.004878551), (-0.5847033, -0.8112325, 0.004878551), (-0.331708, -0.943313, 0.01142044), (-0.01132227, -0.9998862, 0.009973622), (0.03343323, -0.999018, 0.02907341), (0.4354615, -0.9000523, 0.01670855), (0.5823236, -0.8126672, 0.02170753), (-0.5555967, -0.7900625, 0.2590629), (-0.3299016, -0.8844941, 0.3299016), (-0.01309631, -0.9430134, 0.3324969), (0.01910332, -0.9006562, 0.4341123), (0.3656073, -0.8559572, 0.3656073), (0.5195657, -0.7668657, 0.376787), (-0.5, -0.7071068, 0.5), (-0.2590629, -0.7900625, 0.5555967), (-0.005618404, -0.8112294, 0.5847011), (0.02467377, -0.8128318, 0.5819757), (0.376787, -0.7668657, 0.5195657), (0.4472136, -0.7745967, 0.4472136), (-0.5, 0.7071068, -0.5), (-0.2590629, 0.7900625, -0.5555967), (-0.005618404, 0.8112294, -0.5847011), (0.02467377, 0.8128318, -0.5819757), (0.376787, 0.7668657, -0.5195657), (0.4472136, 0.7745967, -0.4472136), (-0.5555967, 0.7900625, -0.2590629), (-0.3299016, 0.8844941, -0.3299016), (-0.01309631, 0.9430134, -0.3324969), (0.01910332, 0.9006562, -0.4341123), (0.3656073, 0.8559572, -0.3656073), (0.5195657, 0.7668657, -0.376787), (-0.5847033, 0.8112325, -0.004878551), (-0.331708, 0.943313, -0.01142044), (-0.01132227, 0.9998862, -0.009973622), (0.03343323, 0.999018, -0.02907341), (0.4354615, 0.9000523, -0.01670855), (0.5823236, 0.8126672, -0.02170753), (-0.5823236, 0.8126672, 0.02170753), (-0.4354615, 0.9000523, 0.01670855), (-0.03343323, 0.999018, 0.02907341), (0.01132227, 0.9998862, 0.009973622), (0.331708, 0.943313, 0.01142044), (0.5847033, 0.8112325, 0.004878551), (-0.5195657, 0.7668657, 0.376787), (-0.3656073, 0.8559572, 0.3656073), (-0.01910332, 0.9006562, 0.4341123), (0.01309631, 0.9430134, 0.3324969), (0.3299016, 0.8844941, 0.3299016), (0.5555967, 0.7900625, 0.2590629), (-0.4472136, 0.7745967, 0.4472136), (-0.376787, 0.7668657, 0.5195657), (-0.02467377, 0.8128318, 0.5819757), (0.005618404, 0.8112294, 0.5847011), (0.2590629, 0.7900625, 0.5555967), (0.5, 0.7071068, 0.5), (-0.4472136, -0.4472136, -0.7745967), (-0.5195657, -0.376787, -0.7668657), (-0.5798637, -0.04180815, -0.8136401), (-0.5846792, 0.01030817, -0.8111991), (-0.5555967, 0.2590629, -0.7900625), (-0.5, 0.5, -0.7071068), (-0.376787, -0.5195657, -0.7668657), (-0.3656073, -0.3656073, -0.8559572), (-0.4259227, -0.0335077, -0.9041388), (-0.3373193, 0.02339411, -0.9410996), (-0.3299016, 0.3299016, -0.8844941), (-0.2590629, 0.5555967, -0.7900625), (-0.02467377, -0.5819757, -0.8128318), (-0.01910332, -0.4341123, -0.9006562), (-0.03046324, -0.05537535, -0.9980008), (-0.01232904, 0.02074428, -0.9997088), (-0.01309631, 0.3324969, -0.9430134), (-0.005618404, 0.5847011, -0.8112294), (0.005618404, -0.5847011, -0.8112294), (0.01309631, -0.3324969, -0.9430134), (0.01232904, -0.02074428, -0.9997088), (0.03046324, 0.05537535, -0.9980008), (0.01910332, 0.4341123, -0.9006562), (0.02467377, 0.5819757, -0.8128318), (0.2590629, -0.5555967, -0.7900625), (0.3299016, -0.3299016, -0.8844941), (0.3373193, -0.02339411, -0.9410996), (0.4259227, 0.0335077, -0.9041388), (0.3656073, 0.3656073, -0.8559572), (0.376787, 0.5195657, -0.7668657), (0.5, -0.5, -0.7071068), (0.5555967, -0.2590629, -0.7900625), (0.5846792, -0.01030817, -0.8111991), (0.5798637, 0.04180815, -0.8136401), (0.5195657, 0.376787, -0.7668657), (0.4472136, 0.4472136, -0.7745967), (-0.5, -0.5, 0.7071068), (-0.5555967, -0.2590629, 0.7900625), (-0.5846792, -0.01030817, 0.8111991), (-0.5798637, 0.04180815, 0.8136401), (-0.5195657, 0.376787, 0.7668657), (-0.4472136, 0.4472136, 0.7745967), (-0.2590629, -0.5555967, 0.7900625), (-0.3299016, -0.3299016, 0.8844941), (-0.3373193, -0.02339411, 0.9410996), (-0.4259227, 0.0335077, 0.9041388), (-0.3656073, 0.3656073, 0.8559572), (-0.376787, 0.5195657, 0.7668657), (-0.005618404, -0.5847011, 0.8112294), (-0.01309631, -0.3324969, 0.9430134), (-0.01232904, -0.02074428, 0.9997088), (-0.03046324, 0.05537535, 0.9980008), (-0.01910332, 0.4341123, 0.9006562), (-0.02467377, 0.5819757, 0.8128318), (0.02467377, -0.5819757, 0.8128318), (0.01910332, -0.4341123, 0.9006562), (0.03046324, -0.05537535, 0.9980008), (0.01232904, 0.02074428, 0.9997088), (0.01309631, 0.3324969, 0.9430134), (0.005618404, 0.5847011, 0.8112294), (0.376787, -0.5195657, 0.7668657), (0.3656073, -0.3656073, 0.8559572), (0.4259227, -0.0335077, 0.9041388), (0.3373193, 0.02339411, 0.9410996), (0.3299016, 0.3299016, 0.8844941), (0.2590629, 0.5555967, 0.7900625), (0.4472136, -0.4472136, 0.7745967), (0.5195657, -0.376787, 0.7668657), (0.5798637, -0.04180815, 0.8136401), (0.5846792, 0.01030817, 0.8111991), (0.5555967, 0.2590629, 0.7900625), (0.5, 0.5, 0.7071068)] (interpolation = "vertex")
            float3[] extent = [(0.00525, -0.00018, -0.0064), (0.00597, 0.0003, -0.0056)]
            rel material:binding = </WorkbenchPart/Materials/solder>
        }
        def Mesh "ShieldSolderTab_07" (prepend apiSchemas = ["MaterialBindingAPI"])
        {
            uniform token subdivisionScheme = "none"
            uniform token orientation = "rightHanded"
            bool doubleSided = false
            point3f[] points = [(0.005294378, -0.0001356218, -0.003955622), (0.005285, -0.000145, -0.00393), (0.005280754, -0.0001492462, -0.003895), (0.005280754, -0.0001492462, -0.003305), (0.005285, -0.000145, -0.00327), (0.005294378, -0.0001356218, -0.003244378), (0.005285, -0.00011, -0.003965), (0.005269268, -0.0001178661, -0.003937866), (0.005261085, -0.0001219574, -0.003895), (0.005261085, -0.0001219574, -0.003305), (0.005269268, -0.0001178661, -0.003262134), (0.005285, -0.00011, -0.003235), (0.005280754, -7.5e-05, -0.003969246), (0.005261085, -7.5e-05, -0.003941957), (0.00525, -7.5e-05, -0.003895), (0.00525, -7.5e-05, -0.003305), (0.005261085, -7.5e-05, -0.003258043), (0.005280754, -7.5e-05, -0.003230754), (0.005280754, 0.000195, -0.003969246), (0.005261085, 0.000195, -0.003941957), (0.00525, 0.000195, -0.003895), (0.00525, 0.000195, -0.003305), (0.005261085, 0.000195, -0.003258043), (0.005280754, 0.000195, -0.003230754), (0.005285, 0.00023, -0.003965), (0.005269268, 0.0002378661, -0.003937866), (0.005261085, 0.0002419574, -0.003895), (0.005261085, 0.0002419574, -0.003305), (0.005269268, 0.0002378661, -0.003262134), (0.005285, 0.00023, -0.003235), (0.005294378, 0.0002556218, -0.003955622), (0.005285, 0.000265, -0.00393), (0.005280754, 0.0002692462, -0.003895), (0.005280754, 0.0002692462, -0.003305), (0.005285, 0.000265, -0.00327), (0.005294378, 0.0002556218, -0.003244378), (0.005925622, -0.0001356218, -0.003955622), (0.005935, -0.000145, -0.00393), (0.005939246, -0.0001492462, -0.003895), (0.005939246, -0.0001492462, -0.003305), (0.005935, -0.000145, -0.00327), (0.005925622, -0.0001356218, -0.003244378), (0.005935, -0.00011, -0.003965), (0.005950732, -0.0001178661, -0.003937866), (0.005958915, -0.0001219574, -0.003895), (0.005958915, -0.0001219574, -0.003305), (0.005950732, -0.0001178661, -0.003262134), (0.005935, -0.00011, -0.003235), (0.005939246, -7.5e-05, -0.003969246), (0.005958915, -7.5e-05, -0.003941957), (0.00597, -7.5e-05, -0.003895), (0.00597, -7.5e-05, -0.003305), (0.005958915, -7.5e-05, -0.003258043), (0.005939246, -7.5e-05, -0.003230754), (0.005939246, 0.000195, -0.003969246), (0.005958915, 0.000195, -0.003941957), (0.00597, 0.000195, -0.003895), (0.00597, 0.000195, -0.003305), (0.005958915, 0.000195, -0.003258043), (0.005939246, 0.000195, -0.003230754), (0.005935, 0.00023, -0.003965), (0.005950732, 0.0002378661, -0.003937866), (0.005958915, 0.0002419574, -0.003895), (0.005958915, 0.0002419574, -0.003305), (0.005950732, 0.0002378661, -0.003262134), (0.005935, 0.00023, -0.003235), (0.005925622, 0.0002556218, -0.003955622), (0.005935, 0.000265, -0.00393), (0.005939246, 0.0002692462, -0.003895), (0.005939246, 0.0002692462, -0.003305), (0.005935, 0.000265, -0.00327), (0.005925622, 0.0002556218, -0.003244378), (0.005294378, -0.0001356218, -0.003955622), (0.00532, -0.000145, -0.003965), (0.005355, -0.0001492462, -0.003969246), (0.005865, -0.0001492462, -0.003969246), (0.0059, -0.000145, -0.003965), (0.005925622, -0.0001356218, -0.003955622), (0.005285, -0.000145, -0.00393), (0.005312134, -0.0001607321, -0.003937866), (0.005355, -0.0001689149, -0.003941957), (0.005865, -0.0001689149, -0.003941957), (0.005907866, -0.0001607321, -0.003937866), (0.005935, -0.000145, -0.00393), (0.005280754, -0.0001492462, -0.003895), (0.005308043, -0.0001689149, -0.003895), (0.005355, -0.00018, -0.003895), (0.005865, -0.00018, -0.003895), (0.005911957, -0.0001689149, -0.003895), (0.005939246, -0.0001492462, -0.003895), (0.005280754, -0.0001492462, -0.003305), (0.005308043, -0.0001689149, -0.003305), (0.005355, -0.00018, -0.003305), (0.005865, -0.00018, -0.003305), (0.005911957, -0.0001689149, -0.003305), (0.005939246, -0.0001492462, -0.003305), (0.005285, -0.000145, -0.00327), (0.005312134, -0.0001607321, -0.003262134), (0.005355, -0.0001689149, -0.003258043), (0.005865, -0.0001689149, -0.003258043), (0.005907866, -0.0001607321, -0.003262134), (0.005935, -0.000145, -0.00327), (0.005294378, -0.0001356218, -0.003244378), (0.00532, -0.000145, -0.003235), (0.005355, -0.0001492462, -0.003230754), (0.005865, -0.0001492462, -0.003230754), (0.0059, -0.000145, -0.003235), (0.005925622, -0.0001356218, -0.003244378), (0.005294378, 0.0002556218, -0.003955622), (0.00532, 0.000265, -0.003965), (0.005355, 0.0002692462, -0.003969246), (0.005865, 0.0002692462, -0.003969246), (0.0059, 0.000265, -0.003965), (0.005925622, 0.0002556218, -0.003955622), (0.005285, 0.000265, -0.00393), (0.005312134, 0.0002807321, -0.003937866), (0.005355, 0.0002889149, -0.003941957), (0.005865, 0.0002889149, -0.003941957), (0.005907866, 0.0002807321, -0.003937866), (0.005935, 0.000265, -0.00393), (0.005280754, 0.0002692462, -0.003895), (0.005308043, 0.0002889149, -0.003895), (0.005355, 0.0003, -0.003895), (0.005865, 0.0003, -0.003895), (0.005911957, 0.0002889149, -0.003895), (0.005939246, 0.0002692462, -0.003895), (0.005280754, 0.0002692462, -0.003305), (0.005308043, 0.0002889149, -0.003305), (0.005355, 0.0003, -0.003305), (0.005865, 0.0003, -0.003305), (0.005911957, 0.0002889149, -0.003305), (0.005939246, 0.0002692462, -0.003305), (0.005285, 0.000265, -0.00327), (0.005312134, 0.0002807321, -0.003262134), (0.005355, 0.0002889149, -0.003258043), (0.005865, 0.0002889149, -0.003258043), (0.005907866, 0.0002807321, -0.003262134), (0.005935, 0.000265, -0.00327), (0.005294378, 0.0002556218, -0.003244378), (0.00532, 0.000265, -0.003235), (0.005355, 0.0002692462, -0.003230754), (0.005865, 0.0002692462, -0.003230754), (0.0059, 0.000265, -0.003235), (0.005925622, 0.0002556218, -0.003244378), (0.005294378, -0.0001356218, -0.003955622), (0.005285, -0.00011, -0.003965), (0.005280754, -7.5e-05, -0.003969246), (0.005280754, 0.000195, -0.003969246), (0.005285, 0.00023, -0.003965), (0.005294378, 0.0002556218, -0.003955622), (0.00532, -0.000145, -0.003965), (0.005312134, -0.0001178661, -0.003980732), (0.005308043, -7.5e-05, -0.003988915), (0.005308043, 0.000195, -0.003988915), (0.005312134, 0.0002378661, -0.003980732), (0.00532, 0.000265, -0.003965), (0.005355, -0.0001492462, -0.003969246), (0.005355, -0.0001219574, -0.003988915), (0.005355, -7.5e-05, -0.004), (0.005355, 0.000195, -0.004), (0.005355, 0.0002419574, -0.003988915), (0.005355, 0.0002692462, -0.003969246), (0.005865, -0.0001492462, -0.003969246), (0.005865, -0.0001219574, -0.003988915), (0.005865, -7.5e-05, -0.004), (0.005865, 0.000195, -0.004), (0.005865, 0.0002419574, -0.003988915), (0.005865, 0.0002692462, -0.003969246), (0.0059, -0.000145, -0.003965), (0.005907866, -0.0001178661, -0.003980732), (0.005911957, -7.5e-05, -0.003988915), (0.005911957, 0.000195, -0.003988915), (0.005907866, 0.0002378661, -0.003980732), (0.0059, 0.000265, -0.003965), (0.005925622, -0.0001356218, -0.003955622), (0.005935, -0.00011, -0.003965), (0.005939246, -7.5e-05, -0.003969246), (0.005939246, 0.000195, -0.003969246), (0.005935, 0.00023, -0.003965), (0.005925622, 0.0002556218, -0.003955622), (0.005294378, -0.0001356218, -0.003244378), (0.005285, -0.00011, -0.003235), (0.005280754, -7.5e-05, -0.003230754), (0.005280754, 0.000195, -0.003230754), (0.005285, 0.00023, -0.003235), (0.005294378, 0.0002556218, -0.003244378), (0.00532, -0.000145, -0.003235), (0.005312134, -0.0001178661, -0.003219268), (0.005308043, -7.5e-05, -0.003211085), (0.005308043, 0.000195, -0.003211085), (0.005312134, 0.0002378661, -0.003219268), (0.00532, 0.000265, -0.003235), (0.005355, -0.0001492462, -0.003230754), (0.005355, -0.0001219574, -0.003211085), (0.005355, -7.5e-05, -0.0032), (0.005355, 0.000195, -0.0032), (0.005355, 0.0002419574, -0.003211085), (0.005355, 0.0002692462, -0.003230754), (0.005865, -0.0001492462, -0.003230754), (0.005865, -0.0001219574, -0.003211085), (0.005865, -7.5e-05, -0.0032), (0.005865, 0.000195, -0.0032), (0.005865, 0.0002419574, -0.003211085), (0.005865, 0.0002692462, -0.003230754), (0.0059, -0.000145, -0.003235), (0.005907866, -0.0001178661, -0.003219268), (0.005911957, -7.5e-05, -0.003211085), (0.005911957, 0.000195, -0.003211085), (0.005907866, 0.0002378661, -0.003219268), (0.0059, 0.000265, -0.003235), (0.005925622, -0.0001356218, -0.003244378), (0.005935, -0.00011, -0.003235), (0.005939246, -7.5e-05, -0.003230754), (0.005939246, 0.000195, -0.003230754), (0.005935, 0.00023, -0.003235), (0.005925622, 0.0002556218, -0.003244378)]
            int[] faceVertexCounts = [3, 3, 3, 3, 3, 3, 3, 3, 3, 3, 3, 3, 3, 3, 3, 3, 3, 3, 3, 3, 3, 3, 3, 3, 3, 3, 3, 3, 3, 3, 3, 3, 3, 3, 3, 3, 3, 3, 3, 3, 3, 3, 3, 3, 3, 3, 3, 3, 3, 3, 3, 3, 3, 3, 3, 3, 3, 3, 3, 3, 3, 3, 3, 3, 3, 3, 3, 3, 3, 3, 3, 3, 3, 3, 3, 3, 3, 3, 3, 3, 3, 3, 3, 3, 3, 3, 3, 3, 3, 3, 3, 3, 3, 3, 3, 3, 3, 3, 3, 3, 3, 3, 3, 3, 3, 3, 3, 3, 3, 3, 3, 3, 3, 3, 3, 3, 3, 3, 3, 3, 3, 3, 3, 3, 3, 3, 3, 3, 3, 3, 3, 3, 3, 3, 3, 3, 3, 3, 3, 3, 3, 3, 3, 3, 3, 3, 3, 3, 3, 3, 3, 3, 3, 3, 3, 3, 3, 3, 3, 3, 3, 3, 3, 3, 3, 3, 3, 3, 3, 3, 3, 3, 3, 3, 3, 3, 3, 3, 3, 3, 3, 3, 3, 3, 3, 3, 3, 3, 3, 3, 3, 3, 3, 3, 3, 3, 3, 3, 3, 3, 3, 3, 3, 3, 3, 3, 3, 3, 3, 3, 3, 3, 3, 3, 3, 3, 3, 3, 3, 3, 3, 3, 3, 3, 3, 3, 3, 3, 3, 3, 3, 3, 3, 3, 3, 3, 3, 3, 3, 3, 3, 3, 3, 3, 3, 3, 3, 3, 3, 3, 3, 3, 3, 3, 3, 3, 3, 3, 3, 3, 3, 3, 3, 3, 3, 3, 3, 3, 3, 3, 3, 3, 3, 3, 3, 3, 3, 3, 3, 3, 3, 3, 3, 3, 3, 3, 3, 3, 3, 3, 3, 3, 3, 3, 3, 3, 3, 3, 3, 3]
            int[] faceVertexIndices = [1, 7, 6, 1, 6, 0, 2, 8, 7, 2, 7, 1, 3, 9, 8, 3, 8, 2, 4, 10, 9, 4, 9, 3, 5, 11, 10, 5, 10, 4, 7, 13, 12, 7, 12, 6, 8, 14, 13, 8, 13, 7, 9, 15, 14, 9, 14, 8, 10, 16, 15, 10, 15, 9, 11, 17, 16, 11, 16, 10, 13, 19, 18, 13, 18, 12, 14, 20, 19, 14, 19, 13, 15, 21, 20, 15, 20, 14, 16, 22, 21, 16, 21, 15, 17, 23, 22, 17, 22, 16, 19, 25, 24, 19, 24, 18, 20, 26, 25, 20, 25, 19, 21, 27, 26, 21, 26, 20, 22, 28, 27, 22, 27, 21, 23, 29, 28, 23, 28, 22, 25, 31, 30, 25, 30, 24, 26, 32, 31, 26, 31, 25, 27, 33, 32, 27, 32, 26, 28, 34, 33, 28, 33, 27, 29, 35, 34, 29, 34, 28, 36, 42, 43, 36, 43, 37, 37, 43, 44, 37, 44, 38, 38, 44, 45, 38, 45, 39, 39, 45, 46, 39, 46, 40, 40, 46, 47, 40, 47, 41, 42, 48, 49, 42, 49, 43, 43, 49, 50, 43, 50, 44, 44, 50, 51, 44, 51, 45, 45, 51, 52, 45, 52, 46, 46, 52, 53, 46, 53, 47, 48, 54, 55, 48, 55, 49, 49, 55, 56, 49, 56, 50, 50, 56, 57, 50, 57, 51, 51, 57, 58, 51, 58, 52, 52, 58, 59, 52, 59, 53, 54, 60, 61, 54, 61, 55, 55, 61, 62, 55, 62, 56, 56, 62, 63, 56, 63, 57, 57, 63, 64, 57, 64, 58, 58, 64, 65, 58, 65, 59, 60, 66, 67, 60, 67, 61, 61, 67, 68, 61, 68, 62, 62, 68, 69, 62, 69, 63, 63, 69, 70, 63, 70, 64, 64, 70, 71, 64, 71, 65, 73, 79, 78, 73, 78, 72, 74, 80, 79, 74, 79, 73, 75, 81, 80, 75, 80, 74, 76, 82, 81, 76, 81, 75, 77, 83, 82, 77, 82, 76, 79, 85, 84, 79, 84, 78, 80, 86, 85, 80, 85, 79, 81, 87, 86, 81, 86, 80, 82, 88, 87, 82, 87, 81, 83, 89, 88, 83, 88, 82, 85, 91, 90, 85, 90, 84, 86, 92, 91, 86, 91, 85, 87, 93, 92, 87, 92, 86, 88, 94, 93, 88, 93, 87, 89, 95, 94, 89, 94, 88, 91, 97, 96, 91, 96, 90, 92, 98, 97, 92, 97, 91, 93, 99, 98, 93, 98, 92, 94, 100, 99, 94, 99, 93, 95, 101, 100, 95, 100, 94, 97, 103, 102, 97, 102, 96, 98, 104, 103, 98, 103, 97, 99, 105, 104, 99, 104, 98, 100, 106, 105, 100, 105, 99, 101, 107, 106, 101, 106, 100, 108, 114, 115, 108, 115, 109, 109, 115, 116, 109, 116, 110, 110, 116, 117, 110, 117, 111, 111, 117, 118, 111, 118, 112, 112, 118, 119, 112, 119, 113, 114, 120, 121, 114, 121, 115, 115, 121, 122, 115, 122, 116, 116, 122, 123, 116, 123, 117, 117, 123, 124, 117, 124, 118, 118, 124, 125, 118, 125, 119, 120, 126, 127, 120, 127, 121, 121, 127, 128, 121, 128, 122, 122, 128, 129, 122, 129, 123, 123, 129, 130, 123, 130, 124, 124, 130, 131, 124, 131, 125, 126, 132, 133, 126, 133, 127, 127, 133, 134, 127, 134, 128, 128, 134, 135, 128, 135, 129, 129, 135, 136, 129, 136, 130, 130, 136, 137, 130, 137, 131, 132, 138, 139, 132, 139, 133, 133, 139, 140, 133, 140, 134, 134, 140, 141, 134, 141, 135, 135, 141, 142, 135, 142, 136, 136, 142, 143, 136, 143, 137, 145, 151, 150, 145, 150, 144, 146, 152, 151, 146, 151, 145, 147, 153, 152, 147, 152, 146, 148, 154, 153, 148, 153, 147, 149, 155, 154, 149, 154, 148, 151, 157, 156, 151, 156, 150, 152, 158, 157, 152, 157, 151, 153, 159, 158, 153, 158, 152, 154, 160, 159, 154, 159, 153, 155, 161, 160, 155, 160, 154, 157, 163, 162, 157, 162, 156, 158, 164, 163, 158, 163, 157, 159, 165, 164, 159, 164, 158, 160, 166, 165, 160, 165, 159, 161, 167, 166, 161, 166, 160, 163, 169, 168, 163, 168, 162, 164, 170, 169, 164, 169, 163, 165, 171, 170, 165, 170, 164, 166, 172, 171, 166, 171, 165, 167, 173, 172, 167, 172, 166, 169, 175, 174, 169, 174, 168, 170, 176, 175, 170, 175, 169, 171, 177, 176, 171, 176, 170, 172, 178, 177, 172, 177, 171, 173, 179, 178, 173, 178, 172, 180, 186, 187, 180, 187, 181, 181, 187, 188, 181, 188, 182, 182, 188, 189, 182, 189, 183, 183, 189, 190, 183, 190, 184, 184, 190, 191, 184, 191, 185, 186, 192, 193, 186, 193, 187, 187, 193, 194, 187, 194, 188, 188, 194, 195, 188, 195, 189, 189, 195, 196, 189, 196, 190, 190, 196, 197, 190, 197, 191, 192, 198, 199, 192, 199, 193, 193, 199, 200, 193, 200, 194, 194, 200, 201, 194, 201, 195, 195, 201, 202, 195, 202, 196, 196, 202, 203, 196, 203, 197, 198, 204, 205, 198, 205, 199, 199, 205, 206, 199, 206, 200, 200, 206, 207, 200, 207, 201, 201, 207, 208, 201, 208, 202, 202, 208, 209, 202, 209, 203, 204, 210, 211, 204, 211, 205, 205, 211, 212, 205, 212, 206, 206, 212, 213, 206, 213, 207, 207, 213, 214, 207, 214, 208, 208, 214, 215, 208, 215, 209]
            normal3f[] normals = [(-0.7745967, -0.4472136, -0.4472136), (-0.7668657, -0.5195657, -0.376787), (-0.8126672, -0.5823236, -0.02170753), (-0.8112325, -0.5847033, 0.004878551), (-0.7900625, -0.5555967, 0.2590629), (-0.7071068, -0.5, 0.5), (-0.7668657, -0.376787, -0.5195657), (-0.8559572, -0.3656073, -0.3656073), (-0.9000523, -0.4354615, -0.01670855), (-0.943313, -0.331708, 0.01142044), (-0.8844941, -0.3299016, 0.3299016), (-0.7900625, -0.2590629, 0.5555967), (-0.8136401, -0.04180815, -0.5798637), (-0.9041388, -0.0335077, -0.4259227), (-0.9980692, -0.05603104, -0.02680438), (-0.9997321, -0.02050364, 0.01073448), (-0.9410996, -0.02339411, 0.3373193), (-0.8111991, -0.01030817, 0.5846792), (-0.8111991, 0.01030817, -0.5846792), (-0.9410996, 0.02339411, -0.3373193), (-0.9997321, 0.02050364, -0.01073448), (-0.9980692, 0.05603104, 0.02680438), (-0.9041388, 0.0335077, 0.4259227), (-0.8136401, 0.04180815, 0.5798637), (-0.7900625, 0.2590629, -0.5555967), (-0.8844941, 0.3299016, -0.3299016), (-0.943313, 0.331708, -0.01142044), (-0.9000523, 0.4354615, 0.01670855), (-0.8559572, 0.3656073, 0.3656073), (-0.7668657, 0.376787, 0.5195657), (-0.7071068, 0.5, -0.5), (-0.7900625, 0.5555967, -0.2590629), (-0.8112325, 0.5847033, -0.004878551), (-0.8126672, 0.5823236, 0.02170753), (-0.7668657, 0.5195657, 0.376787), (-0.7745967, 0.4472136, 0.4472136), (0.7071068, -0.5, -0.5), (0.7900625, -0.5555967, -0.2590629), (0.8112325, -0.5847033, -0.004878551), (0.8126672, -0.5823236, 0.02170753), (0.7668657, -0.5195657, 0.376787), (0.7745967, -0.4472136, 0.4472136), (0.7900625, -0.2590629, -0.5555967), (0.8844941, -0.3299016, -0.3299016), (0.943313, -0.331708, -0.01142044), (0.9000523, -0.4354615, 0.01670855), (0.8559572, -0.3656073, 0.3656073), (0.7668657, -0.376787, 0.5195657), (0.8111991, -0.01030817, -0.5846792), (0.9410996, -0.02339411, -0.3373193), (0.9997321, -0.02050364, -0.01073448), (0.9980692, -0.05603104, 0.02680438), (0.9041388, -0.0335077, 0.4259227), (0.8136401, -0.04180815, 0.5798637), (0.8136401, 0.04180815, -0.5798637), (0.9041388, 0.0335077, -0.4259227), (0.9980692, 0.05603104, -0.02680438), (0.9997321, 0.02050364, 0.01073448), (0.9410996, 0.02339411, 0.3373193), (0.8111991, 0.01030817, 0.5846792), (0.7668657, 0.376787, -0.5195657), (0.8559572, 0.3656073, -0.3656073), (0.9000523, 0.4354615, -0.01670855), (0.943313, 0.331708, 0.01142044), (0.8844941, 0.3299016, 0.3299016), (0.7900625, 0.2590629, 0.5555967), (0.7745967, 0.4472136, -0.4472136), (0.7668657, 0.5195657, -0.376787), (0.8126672, 0.5823236, -0.02170753), (0.8112325, 0.5847033, 0.004878551), (0.7900625, 0.5555967, 0.2590629), (0.7071068, 0.5, 0.5), (-0.4472136, -0.7745967, -0.4472136), (-0.376787, -0.7668657, -0.5195657), (-0.02467377, -0.8128318, -0.5819757), (0.005618404, -0.8112294, -0.5847011), (0.2590629, -0.7900625, -0.5555967), (0.5, -0.7071068, -0.5), (-0.5195657, -0.7668657, -0.376787), (-0.3656073, -0.8559572, -0.3656073), (-0.01910332, -0.9006562, -0.4341123), (0.01309631, -0.9430134, -0.3324969), (0.3299016, -0.8844941, -0.3299016), (0.5555967, -0.7900625, -0.2590629), (-0.5823236, -0.8126672, -0.02170753), (-0.4354615, -0.9000523, -0.01670855), (-0.03343323, -0.999018, -0.02907341), (0.01132227, -0.9998862, -0.009973622), (0.331708, -0.943313, -0.01142044), (0.5847033, -0.8112325, -0.004878551), (-0.5847033, -0.8112325, 0.004878551), (-0.331708, -0.943313, 0.01142044), (-0.01132227, -0.9998862, 0.009973622), (0.03343323, -0.999018, 0.02907341), (0.4354615, -0.9000523, 0.01670855), (0.5823236, -0.8126672, 0.02170753), (-0.5555967, -0.7900625, 0.2590629), (-0.3299016, -0.8844941, 0.3299016), (-0.01309631, -0.9430134, 0.3324969), (0.01910332, -0.9006562, 0.4341123), (0.3656073, -0.8559572, 0.3656073), (0.5195657, -0.7668657, 0.376787), (-0.5, -0.7071068, 0.5), (-0.2590629, -0.7900625, 0.5555967), (-0.005618404, -0.8112294, 0.5847011), (0.02467377, -0.8128318, 0.5819757), (0.376787, -0.7668657, 0.5195657), (0.4472136, -0.7745967, 0.4472136), (-0.5, 0.7071068, -0.5), (-0.2590629, 0.7900625, -0.5555967), (-0.005618404, 0.8112294, -0.5847011), (0.02467377, 0.8128318, -0.5819757), (0.376787, 0.7668657, -0.5195657), (0.4472136, 0.7745967, -0.4472136), (-0.5555967, 0.7900625, -0.2590629), (-0.3299016, 0.8844941, -0.3299016), (-0.01309631, 0.9430134, -0.3324969), (0.01910332, 0.9006562, -0.4341123), (0.3656073, 0.8559572, -0.3656073), (0.5195657, 0.7668657, -0.376787), (-0.5847033, 0.8112325, -0.004878551), (-0.331708, 0.943313, -0.01142044), (-0.01132227, 0.9998862, -0.009973622), (0.03343323, 0.999018, -0.02907341), (0.4354615, 0.9000523, -0.01670855), (0.5823236, 0.8126672, -0.02170753), (-0.5823236, 0.8126672, 0.02170753), (-0.4354615, 0.9000523, 0.01670855), (-0.03343323, 0.999018, 0.02907341), (0.01132227, 0.9998862, 0.009973622), (0.331708, 0.943313, 0.01142044), (0.5847033, 0.8112325, 0.004878551), (-0.5195657, 0.7668657, 0.376787), (-0.3656073, 0.8559572, 0.3656073), (-0.01910332, 0.9006562, 0.4341123), (0.01309631, 0.9430134, 0.3324969), (0.3299016, 0.8844941, 0.3299016), (0.5555967, 0.7900625, 0.2590629), (-0.4472136, 0.7745967, 0.4472136), (-0.376787, 0.7668657, 0.5195657), (-0.02467377, 0.8128318, 0.5819757), (0.005618404, 0.8112294, 0.5847011), (0.2590629, 0.7900625, 0.5555967), (0.5, 0.7071068, 0.5), (-0.4472136, -0.4472136, -0.7745967), (-0.5195657, -0.376787, -0.7668657), (-0.5798637, -0.04180815, -0.8136401), (-0.5846792, 0.01030817, -0.8111991), (-0.5555967, 0.2590629, -0.7900625), (-0.5, 0.5, -0.7071068), (-0.376787, -0.5195657, -0.7668657), (-0.3656073, -0.3656073, -0.8559572), (-0.4259227, -0.0335077, -0.9041388), (-0.3373193, 0.02339411, -0.9410996), (-0.3299016, 0.3299016, -0.8844941), (-0.2590629, 0.5555967, -0.7900625), (-0.02467377, -0.5819757, -0.8128318), (-0.01910332, -0.4341123, -0.9006562), (-0.03046324, -0.05537535, -0.9980008), (-0.01232904, 0.02074428, -0.9997088), (-0.01309631, 0.3324969, -0.9430134), (-0.005618404, 0.5847011, -0.8112294), (0.005618404, -0.5847011, -0.8112294), (0.01309631, -0.3324969, -0.9430134), (0.01232904, -0.02074428, -0.9997088), (0.03046324, 0.05537535, -0.9980008), (0.01910332, 0.4341123, -0.9006562), (0.02467377, 0.5819757, -0.8128318), (0.2590629, -0.5555967, -0.7900625), (0.3299016, -0.3299016, -0.8844941), (0.3373193, -0.02339411, -0.9410996), (0.4259227, 0.0335077, -0.9041388), (0.3656073, 0.3656073, -0.8559572), (0.376787, 0.5195657, -0.7668657), (0.5, -0.5, -0.7071068), (0.5555967, -0.2590629, -0.7900625), (0.5846792, -0.01030817, -0.8111991), (0.5798637, 0.04180815, -0.8136401), (0.5195657, 0.376787, -0.7668657), (0.4472136, 0.4472136, -0.7745967), (-0.5, -0.5, 0.7071068), (-0.5555967, -0.2590629, 0.7900625), (-0.5846792, -0.01030817, 0.8111991), (-0.5798637, 0.04180815, 0.8136401), (-0.5195657, 0.376787, 0.7668657), (-0.4472136, 0.4472136, 0.7745967), (-0.2590629, -0.5555967, 0.7900625), (-0.3299016, -0.3299016, 0.8844941), (-0.3373193, -0.02339411, 0.9410996), (-0.4259227, 0.0335077, 0.9041388), (-0.3656073, 0.3656073, 0.8559572), (-0.376787, 0.5195657, 0.7668657), (-0.005618404, -0.5847011, 0.8112294), (-0.01309631, -0.3324969, 0.9430134), (-0.01232904, -0.02074428, 0.9997088), (-0.03046324, 0.05537535, 0.9980008), (-0.01910332, 0.4341123, 0.9006562), (-0.02467377, 0.5819757, 0.8128318), (0.02467377, -0.5819757, 0.8128318), (0.01910332, -0.4341123, 0.9006562), (0.03046324, -0.05537535, 0.9980008), (0.01232904, 0.02074428, 0.9997088), (0.01309631, 0.3324969, 0.9430134), (0.005618404, 0.5847011, 0.8112294), (0.376787, -0.5195657, 0.7668657), (0.3656073, -0.3656073, 0.8559572), (0.4259227, -0.0335077, 0.9041388), (0.3373193, 0.02339411, 0.9410996), (0.3299016, 0.3299016, 0.8844941), (0.2590629, 0.5555967, 0.7900625), (0.4472136, -0.4472136, 0.7745967), (0.5195657, -0.376787, 0.7668657), (0.5798637, -0.04180815, 0.8136401), (0.5846792, 0.01030817, 0.8111991), (0.5555967, 0.2590629, 0.7900625), (0.5, 0.5, 0.7071068)] (interpolation = "vertex")
            float3[] extent = [(0.00525, -0.00018, -0.004), (0.00597, 0.0003, -0.0032)]
            rel material:binding = </WorkbenchPart/Materials/solder>
        }
        def Mesh "ShieldSolderTab_08" (prepend apiSchemas = ["MaterialBindingAPI"])
        {
            uniform token subdivisionScheme = "none"
            uniform token orientation = "rightHanded"
            bool doubleSided = false
            point3f[] points = [(0.005294378, -0.0001356218, -0.001555622), (0.005285, -0.000145, -0.00153), (0.005280754, -0.0001492462, -0.001495), (0.005280754, -0.0001492462, -0.000905), (0.005285, -0.000145, -0.00087), (0.005294378, -0.0001356218, -0.0008443782), (0.005285, -0.00011, -0.001565), (0.005269268, -0.0001178661, -0.001537866), (0.005261085, -0.0001219574, -0.001495), (0.005261085, -0.0001219574, -0.000905), (0.005269268, -0.0001178661, -0.0008621339), (0.005285, -0.00011, -0.000835), (0.005280754, -7.5e-05, -0.001569246), (0.005261085, -7.5e-05, -0.001541957), (0.00525, -7.5e-05, -0.001495), (0.00525, -7.5e-05, -0.000905), (0.005261085, -7.5e-05, -0.0008580426), (0.005280754, -7.5e-05, -0.0008307538), (0.005280754, 0.000195, -0.001569246), (0.005261085, 0.000195, -0.001541957), (0.00525, 0.000195, -0.001495), (0.00525, 0.000195, -0.000905), (0.005261085, 0.000195, -0.0008580426), (0.005280754, 0.000195, -0.0008307538), (0.005285, 0.00023, -0.001565), (0.005269268, 0.0002378661, -0.001537866), (0.005261085, 0.0002419574, -0.001495), (0.005261085, 0.0002419574, -0.000905), (0.005269268, 0.0002378661, -0.0008621339), (0.005285, 0.00023, -0.000835), (0.005294378, 0.0002556218, -0.001555622), (0.005285, 0.000265, -0.00153), (0.005280754, 0.0002692462, -0.001495), (0.005280754, 0.0002692462, -0.000905), (0.005285, 0.000265, -0.00087), (0.005294378, 0.0002556218, -0.0008443782), (0.005925622, -0.0001356218, -0.001555622), (0.005935, -0.000145, -0.00153), (0.005939246, -0.0001492462, -0.001495), (0.005939246, -0.0001492462, -0.000905), (0.005935, -0.000145, -0.00087), (0.005925622, -0.0001356218, -0.0008443782), (0.005935, -0.00011, -0.001565), (0.005950732, -0.0001178661, -0.001537866), (0.005958915, -0.0001219574, -0.001495), (0.005958915, -0.0001219574, -0.000905), (0.005950732, -0.0001178661, -0.0008621339), (0.005935, -0.00011, -0.000835), (0.005939246, -7.5e-05, -0.001569246), (0.005958915, -7.5e-05, -0.001541957), (0.00597, -7.5e-05, -0.001495), (0.00597, -7.5e-05, -0.000905), (0.005958915, -7.5e-05, -0.0008580426), (0.005939246, -7.5e-05, -0.0008307538), (0.005939246, 0.000195, -0.001569246), (0.005958915, 0.000195, -0.001541957), (0.00597, 0.000195, -0.001495), (0.00597, 0.000195, -0.000905), (0.005958915, 0.000195, -0.0008580426), (0.005939246, 0.000195, -0.0008307538), (0.005935, 0.00023, -0.001565), (0.005950732, 0.0002378661, -0.001537866), (0.005958915, 0.0002419574, -0.001495), (0.005958915, 0.0002419574, -0.000905), (0.005950732, 0.0002378661, -0.0008621339), (0.005935, 0.00023, -0.000835), (0.005925622, 0.0002556218, -0.001555622), (0.005935, 0.000265, -0.00153), (0.005939246, 0.0002692462, -0.001495), (0.005939246, 0.0002692462, -0.000905), (0.005935, 0.000265, -0.00087), (0.005925622, 0.0002556218, -0.0008443782), (0.005294378, -0.0001356218, -0.001555622), (0.00532, -0.000145, -0.001565), (0.005355, -0.0001492462, -0.001569246), (0.005865, -0.0001492462, -0.001569246), (0.0059, -0.000145, -0.001565), (0.005925622, -0.0001356218, -0.001555622), (0.005285, -0.000145, -0.00153), (0.005312134, -0.0001607321, -0.001537866), (0.005355, -0.0001689149, -0.001541957), (0.005865, -0.0001689149, -0.001541957), (0.005907866, -0.0001607321, -0.001537866), (0.005935, -0.000145, -0.00153), (0.005280754, -0.0001492462, -0.001495), (0.005308043, -0.0001689149, -0.001495), (0.005355, -0.00018, -0.001495), (0.005865, -0.00018, -0.001495), (0.005911957, -0.0001689149, -0.001495), (0.005939246, -0.0001492462, -0.001495), (0.005280754, -0.0001492462, -0.000905), (0.005308043, -0.0001689149, -0.000905), (0.005355, -0.00018, -0.000905), (0.005865, -0.00018, -0.000905), (0.005911957, -0.0001689149, -0.000905), (0.005939246, -0.0001492462, -0.000905), (0.005285, -0.000145, -0.00087), (0.005312134, -0.0001607321, -0.0008621339), (0.005355, -0.0001689149, -0.0008580426), (0.005865, -0.0001689149, -0.0008580426), (0.005907866, -0.0001607321, -0.0008621339), (0.005935, -0.000145, -0.00087), (0.005294378, -0.0001356218, -0.0008443782), (0.00532, -0.000145, -0.000835), (0.005355, -0.0001492462, -0.0008307538), (0.005865, -0.0001492462, -0.0008307538), (0.0059, -0.000145, -0.000835), (0.005925622, -0.0001356218, -0.0008443782), (0.005294378, 0.0002556218, -0.001555622), (0.00532, 0.000265, -0.001565), (0.005355, 0.0002692462, -0.001569246), (0.005865, 0.0002692462, -0.001569246), (0.0059, 0.000265, -0.001565), (0.005925622, 0.0002556218, -0.001555622), (0.005285, 0.000265, -0.00153), (0.005312134, 0.0002807321, -0.001537866), (0.005355, 0.0002889149, -0.001541957), (0.005865, 0.0002889149, -0.001541957), (0.005907866, 0.0002807321, -0.001537866), (0.005935, 0.000265, -0.00153), (0.005280754, 0.0002692462, -0.001495), (0.005308043, 0.0002889149, -0.001495), (0.005355, 0.0003, -0.001495), (0.005865, 0.0003, -0.001495), (0.005911957, 0.0002889149, -0.001495), (0.005939246, 0.0002692462, -0.001495), (0.005280754, 0.0002692462, -0.000905), (0.005308043, 0.0002889149, -0.000905), (0.005355, 0.0003, -0.000905), (0.005865, 0.0003, -0.000905), (0.005911957, 0.0002889149, -0.000905), (0.005939246, 0.0002692462, -0.000905), (0.005285, 0.000265, -0.00087), (0.005312134, 0.0002807321, -0.0008621339), (0.005355, 0.0002889149, -0.0008580426), (0.005865, 0.0002889149, -0.0008580426), (0.005907866, 0.0002807321, -0.0008621339), (0.005935, 0.000265, -0.00087), (0.005294378, 0.0002556218, -0.0008443782), (0.00532, 0.000265, -0.000835), (0.005355, 0.0002692462, -0.0008307538), (0.005865, 0.0002692462, -0.0008307538), (0.0059, 0.000265, -0.000835), (0.005925622, 0.0002556218, -0.0008443782), (0.005294378, -0.0001356218, -0.001555622), (0.005285, -0.00011, -0.001565), (0.005280754, -7.5e-05, -0.001569246), (0.005280754, 0.000195, -0.001569246), (0.005285, 0.00023, -0.001565), (0.005294378, 0.0002556218, -0.001555622), (0.00532, -0.000145, -0.001565), (0.005312134, -0.0001178661, -0.001580732), (0.005308043, -7.5e-05, -0.001588915), (0.005308043, 0.000195, -0.001588915), (0.005312134, 0.0002378661, -0.001580732), (0.00532, 0.000265, -0.001565), (0.005355, -0.0001492462, -0.001569246), (0.005355, -0.0001219574, -0.001588915), (0.005355, -7.5e-05, -0.0016), (0.005355, 0.000195, -0.0016), (0.005355, 0.0002419574, -0.001588915), (0.005355, 0.0002692462, -0.001569246), (0.005865, -0.0001492462, -0.001569246), (0.005865, -0.0001219574, -0.001588915), (0.005865, -7.5e-05, -0.0016), (0.005865, 0.000195, -0.0016), (0.005865, 0.0002419574, -0.001588915), (0.005865, 0.0002692462, -0.001569246), (0.0059, -0.000145, -0.001565), (0.005907866, -0.0001178661, -0.001580732), (0.005911957, -7.5e-05, -0.001588915), (0.005911957, 0.000195, -0.001588915), (0.005907866, 0.0002378661, -0.001580732), (0.0059, 0.000265, -0.001565), (0.005925622, -0.0001356218, -0.001555622), (0.005935, -0.00011, -0.001565), (0.005939246, -7.5e-05, -0.001569246), (0.005939246, 0.000195, -0.001569246), (0.005935, 0.00023, -0.001565), (0.005925622, 0.0002556218, -0.001555622), (0.005294378, -0.0001356218, -0.0008443782), (0.005285, -0.00011, -0.000835), (0.005280754, -7.5e-05, -0.0008307538), (0.005280754, 0.000195, -0.0008307538), (0.005285, 0.00023, -0.000835), (0.005294378, 0.0002556218, -0.0008443782), (0.00532, -0.000145, -0.000835), (0.005312134, -0.0001178661, -0.0008192679), (0.005308043, -7.5e-05, -0.0008110851), (0.005308043, 0.000195, -0.0008110851), (0.005312134, 0.0002378661, -0.0008192679), (0.00532, 0.000265, -0.000835), (0.005355, -0.0001492462, -0.0008307538), (0.005355, -0.0001219574, -0.0008110851), (0.005355, -7.5e-05, -0.0008), (0.005355, 0.000195, -0.0008), (0.005355, 0.0002419574, -0.0008110851), (0.005355, 0.0002692462, -0.0008307538), (0.005865, -0.0001492462, -0.0008307538), (0.005865, -0.0001219574, -0.0008110851), (0.005865, -7.5e-05, -0.0008), (0.005865, 0.000195, -0.0008), (0.005865, 0.0002419574, -0.0008110851), (0.005865, 0.0002692462, -0.0008307538), (0.0059, -0.000145, -0.000835), (0.005907866, -0.0001178661, -0.0008192679), (0.005911957, -7.5e-05, -0.0008110851), (0.005911957, 0.000195, -0.0008110851), (0.005907866, 0.0002378661, -0.0008192679), (0.0059, 0.000265, -0.000835), (0.005925622, -0.0001356218, -0.0008443782), (0.005935, -0.00011, -0.000835), (0.005939246, -7.5e-05, -0.0008307538), (0.005939246, 0.000195, -0.0008307538), (0.005935, 0.00023, -0.000835), (0.005925622, 0.0002556218, -0.0008443782)]
            int[] faceVertexCounts = [3, 3, 3, 3, 3, 3, 3, 3, 3, 3, 3, 3, 3, 3, 3, 3, 3, 3, 3, 3, 3, 3, 3, 3, 3, 3, 3, 3, 3, 3, 3, 3, 3, 3, 3, 3, 3, 3, 3, 3, 3, 3, 3, 3, 3, 3, 3, 3, 3, 3, 3, 3, 3, 3, 3, 3, 3, 3, 3, 3, 3, 3, 3, 3, 3, 3, 3, 3, 3, 3, 3, 3, 3, 3, 3, 3, 3, 3, 3, 3, 3, 3, 3, 3, 3, 3, 3, 3, 3, 3, 3, 3, 3, 3, 3, 3, 3, 3, 3, 3, 3, 3, 3, 3, 3, 3, 3, 3, 3, 3, 3, 3, 3, 3, 3, 3, 3, 3, 3, 3, 3, 3, 3, 3, 3, 3, 3, 3, 3, 3, 3, 3, 3, 3, 3, 3, 3, 3, 3, 3, 3, 3, 3, 3, 3, 3, 3, 3, 3, 3, 3, 3, 3, 3, 3, 3, 3, 3, 3, 3, 3, 3, 3, 3, 3, 3, 3, 3, 3, 3, 3, 3, 3, 3, 3, 3, 3, 3, 3, 3, 3, 3, 3, 3, 3, 3, 3, 3, 3, 3, 3, 3, 3, 3, 3, 3, 3, 3, 3, 3, 3, 3, 3, 3, 3, 3, 3, 3, 3, 3, 3, 3, 3, 3, 3, 3, 3, 3, 3, 3, 3, 3, 3, 3, 3, 3, 3, 3, 3, 3, 3, 3, 3, 3, 3, 3, 3, 3, 3, 3, 3, 3, 3, 3, 3, 3, 3, 3, 3, 3, 3, 3, 3, 3, 3, 3, 3, 3, 3, 3, 3, 3, 3, 3, 3, 3, 3, 3, 3, 3, 3, 3, 3, 3, 3, 3, 3, 3, 3, 3, 3, 3, 3, 3, 3, 3, 3, 3, 3, 3, 3, 3, 3, 3, 3, 3, 3, 3, 3, 3]
            int[] faceVertexIndices = [1, 7, 6, 1, 6, 0, 2, 8, 7, 2, 7, 1, 3, 9, 8, 3, 8, 2, 4, 10, 9, 4, 9, 3, 5, 11, 10, 5, 10, 4, 7, 13, 12, 7, 12, 6, 8, 14, 13, 8, 13, 7, 9, 15, 14, 9, 14, 8, 10, 16, 15, 10, 15, 9, 11, 17, 16, 11, 16, 10, 13, 19, 18, 13, 18, 12, 14, 20, 19, 14, 19, 13, 15, 21, 20, 15, 20, 14, 16, 22, 21, 16, 21, 15, 17, 23, 22, 17, 22, 16, 19, 25, 24, 19, 24, 18, 20, 26, 25, 20, 25, 19, 21, 27, 26, 21, 26, 20, 22, 28, 27, 22, 27, 21, 23, 29, 28, 23, 28, 22, 25, 31, 30, 25, 30, 24, 26, 32, 31, 26, 31, 25, 27, 33, 32, 27, 32, 26, 28, 34, 33, 28, 33, 27, 29, 35, 34, 29, 34, 28, 36, 42, 43, 36, 43, 37, 37, 43, 44, 37, 44, 38, 38, 44, 45, 38, 45, 39, 39, 45, 46, 39, 46, 40, 40, 46, 47, 40, 47, 41, 42, 48, 49, 42, 49, 43, 43, 49, 50, 43, 50, 44, 44, 50, 51, 44, 51, 45, 45, 51, 52, 45, 52, 46, 46, 52, 53, 46, 53, 47, 48, 54, 55, 48, 55, 49, 49, 55, 56, 49, 56, 50, 50, 56, 57, 50, 57, 51, 51, 57, 58, 51, 58, 52, 52, 58, 59, 52, 59, 53, 54, 60, 61, 54, 61, 55, 55, 61, 62, 55, 62, 56, 56, 62, 63, 56, 63, 57, 57, 63, 64, 57, 64, 58, 58, 64, 65, 58, 65, 59, 60, 66, 67, 60, 67, 61, 61, 67, 68, 61, 68, 62, 62, 68, 69, 62, 69, 63, 63, 69, 70, 63, 70, 64, 64, 70, 71, 64, 71, 65, 73, 79, 78, 73, 78, 72, 74, 80, 79, 74, 79, 73, 75, 81, 80, 75, 80, 74, 76, 82, 81, 76, 81, 75, 77, 83, 82, 77, 82, 76, 79, 85, 84, 79, 84, 78, 80, 86, 85, 80, 85, 79, 81, 87, 86, 81, 86, 80, 82, 88, 87, 82, 87, 81, 83, 89, 88, 83, 88, 82, 85, 91, 90, 85, 90, 84, 86, 92, 91, 86, 91, 85, 87, 93, 92, 87, 92, 86, 88, 94, 93, 88, 93, 87, 89, 95, 94, 89, 94, 88, 91, 97, 96, 91, 96, 90, 92, 98, 97, 92, 97, 91, 93, 99, 98, 93, 98, 92, 94, 100, 99, 94, 99, 93, 95, 101, 100, 95, 100, 94, 97, 103, 102, 97, 102, 96, 98, 104, 103, 98, 103, 97, 99, 105, 104, 99, 104, 98, 100, 106, 105, 100, 105, 99, 101, 107, 106, 101, 106, 100, 108, 114, 115, 108, 115, 109, 109, 115, 116, 109, 116, 110, 110, 116, 117, 110, 117, 111, 111, 117, 118, 111, 118, 112, 112, 118, 119, 112, 119, 113, 114, 120, 121, 114, 121, 115, 115, 121, 122, 115, 122, 116, 116, 122, 123, 116, 123, 117, 117, 123, 124, 117, 124, 118, 118, 124, 125, 118, 125, 119, 120, 126, 127, 120, 127, 121, 121, 127, 128, 121, 128, 122, 122, 128, 129, 122, 129, 123, 123, 129, 130, 123, 130, 124, 124, 130, 131, 124, 131, 125, 126, 132, 133, 126, 133, 127, 127, 133, 134, 127, 134, 128, 128, 134, 135, 128, 135, 129, 129, 135, 136, 129, 136, 130, 130, 136, 137, 130, 137, 131, 132, 138, 139, 132, 139, 133, 133, 139, 140, 133, 140, 134, 134, 140, 141, 134, 141, 135, 135, 141, 142, 135, 142, 136, 136, 142, 143, 136, 143, 137, 145, 151, 150, 145, 150, 144, 146, 152, 151, 146, 151, 145, 147, 153, 152, 147, 152, 146, 148, 154, 153, 148, 153, 147, 149, 155, 154, 149, 154, 148, 151, 157, 156, 151, 156, 150, 152, 158, 157, 152, 157, 151, 153, 159, 158, 153, 158, 152, 154, 160, 159, 154, 159, 153, 155, 161, 160, 155, 160, 154, 157, 163, 162, 157, 162, 156, 158, 164, 163, 158, 163, 157, 159, 165, 164, 159, 164, 158, 160, 166, 165, 160, 165, 159, 161, 167, 166, 161, 166, 160, 163, 169, 168, 163, 168, 162, 164, 170, 169, 164, 169, 163, 165, 171, 170, 165, 170, 164, 166, 172, 171, 166, 171, 165, 167, 173, 172, 167, 172, 166, 169, 175, 174, 169, 174, 168, 170, 176, 175, 170, 175, 169, 171, 177, 176, 171, 176, 170, 172, 178, 177, 172, 177, 171, 173, 179, 178, 173, 178, 172, 180, 186, 187, 180, 187, 181, 181, 187, 188, 181, 188, 182, 182, 188, 189, 182, 189, 183, 183, 189, 190, 183, 190, 184, 184, 190, 191, 184, 191, 185, 186, 192, 193, 186, 193, 187, 187, 193, 194, 187, 194, 188, 188, 194, 195, 188, 195, 189, 189, 195, 196, 189, 196, 190, 190, 196, 197, 190, 197, 191, 192, 198, 199, 192, 199, 193, 193, 199, 200, 193, 200, 194, 194, 200, 201, 194, 201, 195, 195, 201, 202, 195, 202, 196, 196, 202, 203, 196, 203, 197, 198, 204, 205, 198, 205, 199, 199, 205, 206, 199, 206, 200, 200, 206, 207, 200, 207, 201, 201, 207, 208, 201, 208, 202, 202, 208, 209, 202, 209, 203, 204, 210, 211, 204, 211, 205, 205, 211, 212, 205, 212, 206, 206, 212, 213, 206, 213, 207, 207, 213, 214, 207, 214, 208, 208, 214, 215, 208, 215, 209]
            normal3f[] normals = [(-0.7745967, -0.4472136, -0.4472136), (-0.7668657, -0.5195657, -0.376787), (-0.8126672, -0.5823236, -0.02170753), (-0.8112325, -0.5847033, 0.004878551), (-0.7900625, -0.5555967, 0.2590629), (-0.7071068, -0.5, 0.5), (-0.7668657, -0.376787, -0.5195657), (-0.8559572, -0.3656073, -0.3656073), (-0.9000523, -0.4354615, -0.01670855), (-0.943313, -0.331708, 0.01142044), (-0.8844941, -0.3299016, 0.3299016), (-0.7900625, -0.2590629, 0.5555967), (-0.8136401, -0.04180815, -0.5798637), (-0.9041388, -0.0335077, -0.4259227), (-0.9980692, -0.05603104, -0.02680438), (-0.9997321, -0.02050364, 0.01073448), (-0.9410996, -0.02339411, 0.3373193), (-0.8111991, -0.01030817, 0.5846792), (-0.8111991, 0.01030817, -0.5846792), (-0.9410996, 0.02339411, -0.3373193), (-0.9997321, 0.02050364, -0.01073448), (-0.9980692, 0.05603104, 0.02680438), (-0.9041388, 0.0335077, 0.4259227), (-0.8136401, 0.04180815, 0.5798637), (-0.7900625, 0.2590629, -0.5555967), (-0.8844941, 0.3299016, -0.3299016), (-0.943313, 0.331708, -0.01142044), (-0.9000523, 0.4354615, 0.01670855), (-0.8559572, 0.3656073, 0.3656073), (-0.7668657, 0.376787, 0.5195657), (-0.7071068, 0.5, -0.5), (-0.7900625, 0.5555967, -0.2590629), (-0.8112325, 0.5847033, -0.004878551), (-0.8126672, 0.5823236, 0.02170753), (-0.7668657, 0.5195657, 0.376787), (-0.7745967, 0.4472136, 0.4472136), (0.7071068, -0.5, -0.5), (0.7900625, -0.5555967, -0.2590629), (0.8112325, -0.5847033, -0.004878551), (0.8126672, -0.5823236, 0.02170753), (0.7668657, -0.5195657, 0.376787), (0.7745967, -0.4472136, 0.4472136), (0.7900625, -0.2590629, -0.5555967), (0.8844941, -0.3299016, -0.3299016), (0.943313, -0.331708, -0.01142044), (0.9000523, -0.4354615, 0.01670855), (0.8559572, -0.3656073, 0.3656073), (0.7668657, -0.376787, 0.5195657), (0.8111991, -0.01030817, -0.5846792), (0.9410996, -0.02339411, -0.3373193), (0.9997321, -0.02050364, -0.01073448), (0.9980692, -0.05603104, 0.02680438), (0.9041388, -0.0335077, 0.4259227), (0.8136401, -0.04180815, 0.5798637), (0.8136401, 0.04180815, -0.5798637), (0.9041388, 0.0335077, -0.4259227), (0.9980692, 0.05603104, -0.02680438), (0.9997321, 0.02050364, 0.01073448), (0.9410996, 0.02339411, 0.3373193), (0.8111991, 0.01030817, 0.5846792), (0.7668657, 0.376787, -0.5195657), (0.8559572, 0.3656073, -0.3656073), (0.9000523, 0.4354615, -0.01670855), (0.943313, 0.331708, 0.01142044), (0.8844941, 0.3299016, 0.3299016), (0.7900625, 0.2590629, 0.5555967), (0.7745967, 0.4472136, -0.4472136), (0.7668657, 0.5195657, -0.376787), (0.8126672, 0.5823236, -0.02170753), (0.8112325, 0.5847033, 0.004878551), (0.7900625, 0.5555967, 0.2590629), (0.7071068, 0.5, 0.5), (-0.4472136, -0.7745967, -0.4472136), (-0.376787, -0.7668657, -0.5195657), (-0.02467377, -0.8128318, -0.5819757), (0.005618404, -0.8112294, -0.5847011), (0.2590629, -0.7900625, -0.5555967), (0.5, -0.7071068, -0.5), (-0.5195657, -0.7668657, -0.376787), (-0.3656073, -0.8559572, -0.3656073), (-0.01910332, -0.9006562, -0.4341123), (0.01309631, -0.9430134, -0.3324969), (0.3299016, -0.8844941, -0.3299016), (0.5555967, -0.7900625, -0.2590629), (-0.5823236, -0.8126672, -0.02170753), (-0.4354615, -0.9000523, -0.01670855), (-0.03343323, -0.999018, -0.02907341), (0.01132227, -0.9998862, -0.009973622), (0.331708, -0.943313, -0.01142044), (0.5847033, -0.8112325, -0.004878551), (-0.5847033, -0.8112325, 0.004878551), (-0.331708, -0.943313, 0.01142044), (-0.01132227, -0.9998862, 0.009973622), (0.03343323, -0.999018, 0.02907341), (0.4354615, -0.9000523, 0.01670855), (0.5823236, -0.8126672, 0.02170753), (-0.5555967, -0.7900625, 0.2590629), (-0.3299016, -0.8844941, 0.3299016), (-0.01309631, -0.9430134, 0.3324969), (0.01910332, -0.9006562, 0.4341123), (0.3656073, -0.8559572, 0.3656073), (0.5195657, -0.7668657, 0.376787), (-0.5, -0.7071068, 0.5), (-0.2590629, -0.7900625, 0.5555967), (-0.005618404, -0.8112294, 0.5847011), (0.02467377, -0.8128318, 0.5819757), (0.376787, -0.7668657, 0.5195657), (0.4472136, -0.7745967, 0.4472136), (-0.5, 0.7071068, -0.5), (-0.2590629, 0.7900625, -0.5555967), (-0.005618404, 0.8112294, -0.5847011), (0.02467377, 0.8128318, -0.5819757), (0.376787, 0.7668657, -0.5195657), (0.4472136, 0.7745967, -0.4472136), (-0.5555967, 0.7900625, -0.2590629), (-0.3299016, 0.8844941, -0.3299016), (-0.01309631, 0.9430134, -0.3324969), (0.01910332, 0.9006562, -0.4341123), (0.3656073, 0.8559572, -0.3656073), (0.5195657, 0.7668657, -0.376787), (-0.5847033, 0.8112325, -0.004878551), (-0.331708, 0.943313, -0.01142044), (-0.01132227, 0.9998862, -0.009973622), (0.03343323, 0.999018, -0.02907341), (0.4354615, 0.9000523, -0.01670855), (0.5823236, 0.8126672, -0.02170753), (-0.5823236, 0.8126672, 0.02170753), (-0.4354615, 0.9000523, 0.01670855), (-0.03343323, 0.999018, 0.02907341), (0.01132227, 0.9998862, 0.009973622), (0.331708, 0.943313, 0.01142044), (0.5847033, 0.8112325, 0.004878551), (-0.5195657, 0.7668657, 0.376787), (-0.3656073, 0.8559572, 0.3656073), (-0.01910332, 0.9006562, 0.4341123), (0.01309631, 0.9430134, 0.3324969), (0.3299016, 0.8844941, 0.3299016), (0.5555967, 0.7900625, 0.2590629), (-0.4472136, 0.7745967, 0.4472136), (-0.376787, 0.7668657, 0.5195657), (-0.02467377, 0.8128318, 0.5819757), (0.005618404, 0.8112294, 0.5847011), (0.2590629, 0.7900625, 0.5555967), (0.5, 0.7071068, 0.5), (-0.4472136, -0.4472136, -0.7745967), (-0.5195657, -0.376787, -0.7668657), (-0.5798637, -0.04180815, -0.8136401), (-0.5846792, 0.01030817, -0.8111991), (-0.5555967, 0.2590629, -0.7900625), (-0.5, 0.5, -0.7071068), (-0.376787, -0.5195657, -0.7668657), (-0.3656073, -0.3656073, -0.8559572), (-0.4259227, -0.0335077, -0.9041388), (-0.3373193, 0.02339411, -0.9410996), (-0.3299016, 0.3299016, -0.8844941), (-0.2590629, 0.5555967, -0.7900625), (-0.02467377, -0.5819757, -0.8128318), (-0.01910332, -0.4341123, -0.9006562), (-0.03046324, -0.05537535, -0.9980008), (-0.01232904, 0.02074428, -0.9997088), (-0.01309631, 0.3324969, -0.9430134), (-0.005618404, 0.5847011, -0.8112294), (0.005618404, -0.5847011, -0.8112294), (0.01309631, -0.3324969, -0.9430134), (0.01232904, -0.02074428, -0.9997088), (0.03046324, 0.05537535, -0.9980008), (0.01910332, 0.4341123, -0.9006562), (0.02467377, 0.5819757, -0.8128318), (0.2590629, -0.5555967, -0.7900625), (0.3299016, -0.3299016, -0.8844941), (0.3373193, -0.02339411, -0.9410996), (0.4259227, 0.0335077, -0.9041388), (0.3656073, 0.3656073, -0.8559572), (0.376787, 0.5195657, -0.7668657), (0.5, -0.5, -0.7071068), (0.5555967, -0.2590629, -0.7900625), (0.5846792, -0.01030817, -0.8111991), (0.5798637, 0.04180815, -0.8136401), (0.5195657, 0.376787, -0.7668657), (0.4472136, 0.4472136, -0.7745967), (-0.5, -0.5, 0.7071068), (-0.5555967, -0.2590629, 0.7900625), (-0.5846792, -0.01030817, 0.8111991), (-0.5798637, 0.04180815, 0.8136401), (-0.5195657, 0.376787, 0.7668657), (-0.4472136, 0.4472136, 0.7745967), (-0.2590629, -0.5555967, 0.7900625), (-0.3299016, -0.3299016, 0.8844941), (-0.3373193, -0.02339411, 0.9410996), (-0.4259227, 0.0335077, 0.9041388), (-0.3656073, 0.3656073, 0.8559572), (-0.376787, 0.5195657, 0.7668657), (-0.005618404, -0.5847011, 0.8112294), (-0.01309631, -0.3324969, 0.9430134), (-0.01232904, -0.02074428, 0.9997088), (-0.03046324, 0.05537535, 0.9980008), (-0.01910332, 0.4341123, 0.9006562), (-0.02467377, 0.5819757, 0.8128318), (0.02467377, -0.5819757, 0.8128318), (0.01910332, -0.4341123, 0.9006562), (0.03046324, -0.05537535, 0.9980008), (0.01232904, 0.02074428, 0.9997088), (0.01309631, 0.3324969, 0.9430134), (0.005618404, 0.5847011, 0.8112294), (0.376787, -0.5195657, 0.7668657), (0.3656073, -0.3656073, 0.8559572), (0.4259227, -0.0335077, 0.9041388), (0.3373193, 0.02339411, 0.9410996), (0.3299016, 0.3299016, 0.8844941), (0.2590629, 0.5555967, 0.7900625), (0.4472136, -0.4472136, 0.7745967), (0.5195657, -0.376787, 0.7668657), (0.5798637, -0.04180815, 0.8136401), (0.5846792, 0.01030817, 0.8111991), (0.5555967, 0.2590629, 0.7900625), (0.5, 0.5, 0.7071068)] (interpolation = "vertex")
            float3[] extent = [(0.00525, -0.00018, -0.0016), (0.00597, 0.0003, -0.0008)]
            rel material:binding = </WorkbenchPart/Materials/solder>
        }
        def Mesh "ShieldSolderTab_09" (prepend apiSchemas = ["MaterialBindingAPI"])
        {
            uniform token subdivisionScheme = "none"
            uniform token orientation = "rightHanded"
            bool doubleSided = false
            point3f[] points = [(0.005294378, -0.0001356218, 0.0008443782), (0.005285, -0.000145, 0.00087), (0.005280754, -0.0001492462, 0.000905), (0.005280754, -0.0001492462, 0.001495), (0.005285, -0.000145, 0.00153), (0.005294378, -0.0001356218, 0.001555622), (0.005285, -0.00011, 0.000835), (0.005269268, -0.0001178661, 0.0008621339), (0.005261085, -0.0001219574, 0.000905), (0.005261085, -0.0001219574, 0.001495), (0.005269268, -0.0001178661, 0.001537866), (0.005285, -0.00011, 0.001565), (0.005280754, -7.5e-05, 0.0008307538), (0.005261085, -7.5e-05, 0.0008580426), (0.00525, -7.5e-05, 0.000905), (0.00525, -7.5e-05, 0.001495), (0.005261085, -7.5e-05, 0.001541957), (0.005280754, -7.5e-05, 0.001569246), (0.005280754, 0.000195, 0.0008307538), (0.005261085, 0.000195, 0.0008580426), (0.00525, 0.000195, 0.000905), (0.00525, 0.000195, 0.001495), (0.005261085, 0.000195, 0.001541957), (0.005280754, 0.000195, 0.001569246), (0.005285, 0.00023, 0.000835), (0.005269268, 0.0002378661, 0.0008621339), (0.005261085, 0.0002419574, 0.000905), (0.005261085, 0.0002419574, 0.001495), (0.005269268, 0.0002378661, 0.001537866), (0.005285, 0.00023, 0.001565), (0.005294378, 0.0002556218, 0.0008443782), (0.005285, 0.000265, 0.00087), (0.005280754, 0.0002692462, 0.000905), (0.005280754, 0.0002692462, 0.001495), (0.005285, 0.000265, 0.00153), (0.005294378, 0.0002556218, 0.001555622), (0.005925622, -0.0001356218, 0.0008443782), (0.005935, -0.000145, 0.00087), (0.005939246, -0.0001492462, 0.000905), (0.005939246, -0.0001492462, 0.001495), (0.005935, -0.000145, 0.00153), (0.005925622, -0.0001356218, 0.001555622), (0.005935, -0.00011, 0.000835), (0.005950732, -0.0001178661, 0.0008621339), (0.005958915, -0.0001219574, 0.000905), (0.005958915, -0.0001219574, 0.001495), (0.005950732, -0.0001178661, 0.001537866), (0.005935, -0.00011, 0.001565), (0.005939246, -7.5e-05, 0.0008307538), (0.005958915, -7.5e-05, 0.0008580426), (0.00597, -7.5e-05, 0.000905), (0.00597, -7.5e-05, 0.001495), (0.005958915, -7.5e-05, 0.001541957), (0.005939246, -7.5e-05, 0.001569246), (0.005939246, 0.000195, 0.0008307538), (0.005958915, 0.000195, 0.0008580426), (0.00597, 0.000195, 0.000905), (0.00597, 0.000195, 0.001495), (0.005958915, 0.000195, 0.001541957), (0.005939246, 0.000195, 0.001569246), (0.005935, 0.00023, 0.000835), (0.005950732, 0.0002378661, 0.0008621339), (0.005958915, 0.0002419574, 0.000905), (0.005958915, 0.0002419574, 0.001495), (0.005950732, 0.0002378661, 0.001537866), (0.005935, 0.00023, 0.001565), (0.005925622, 0.0002556218, 0.0008443782), (0.005935, 0.000265, 0.00087), (0.005939246, 0.0002692462, 0.000905), (0.005939246, 0.0002692462, 0.001495), (0.005935, 0.000265, 0.00153), (0.005925622, 0.0002556218, 0.001555622), (0.005294378, -0.0001356218, 0.0008443782), (0.00532, -0.000145, 0.000835), (0.005355, -0.0001492462, 0.0008307538), (0.005865, -0.0001492462, 0.0008307538), (0.0059, -0.000145, 0.000835), (0.005925622, -0.0001356218, 0.0008443782), (0.005285, -0.000145, 0.00087), (0.005312134, -0.0001607321, 0.0008621339), (0.005355, -0.0001689149, 0.0008580426), (0.005865, -0.0001689149, 0.0008580426), (0.005907866, -0.0001607321, 0.0008621339), (0.005935, -0.000145, 0.00087), (0.005280754, -0.0001492462, 0.000905), (0.005308043, -0.0001689149, 0.000905), (0.005355, -0.00018, 0.000905), (0.005865, -0.00018, 0.000905), (0.005911957, -0.0001689149, 0.000905), (0.005939246, -0.0001492462, 0.000905), (0.005280754, -0.0001492462, 0.001495), (0.005308043, -0.0001689149, 0.001495), (0.005355, -0.00018, 0.001495), (0.005865, -0.00018, 0.001495), (0.005911957, -0.0001689149, 0.001495), (0.005939246, -0.0001492462, 0.001495), (0.005285, -0.000145, 0.00153), (0.005312134, -0.0001607321, 0.001537866), (0.005355, -0.0001689149, 0.001541957), (0.005865, -0.0001689149, 0.001541957), (0.005907866, -0.0001607321, 0.001537866), (0.005935, -0.000145, 0.00153), (0.005294378, -0.0001356218, 0.001555622), (0.00532, -0.000145, 0.001565), (0.005355, -0.0001492462, 0.001569246), (0.005865, -0.0001492462, 0.001569246), (0.0059, -0.000145, 0.001565), (0.005925622, -0.0001356218, 0.001555622), (0.005294378, 0.0002556218, 0.0008443782), (0.00532, 0.000265, 0.000835), (0.005355, 0.0002692462, 0.0008307538), (0.005865, 0.0002692462, 0.0008307538), (0.0059, 0.000265, 0.000835), (0.005925622, 0.0002556218, 0.0008443782), (0.005285, 0.000265, 0.00087), (0.005312134, 0.0002807321, 0.0008621339), (0.005355, 0.0002889149, 0.0008580426), (0.005865, 0.0002889149, 0.0008580426), (0.005907866, 0.0002807321, 0.0008621339), (0.005935, 0.000265, 0.00087), (0.005280754, 0.0002692462, 0.000905), (0.005308043, 0.0002889149, 0.000905), (0.005355, 0.0003, 0.000905), (0.005865, 0.0003, 0.000905), (0.005911957, 0.0002889149, 0.000905), (0.005939246, 0.0002692462, 0.000905), (0.005280754, 0.0002692462, 0.001495), (0.005308043, 0.0002889149, 0.001495), (0.005355, 0.0003, 0.001495), (0.005865, 0.0003, 0.001495), (0.005911957, 0.0002889149, 0.001495), (0.005939246, 0.0002692462, 0.001495), (0.005285, 0.000265, 0.00153), (0.005312134, 0.0002807321, 0.001537866), (0.005355, 0.0002889149, 0.001541957), (0.005865, 0.0002889149, 0.001541957), (0.005907866, 0.0002807321, 0.001537866), (0.005935, 0.000265, 0.00153), (0.005294378, 0.0002556218, 0.001555622), (0.00532, 0.000265, 0.001565), (0.005355, 0.0002692462, 0.001569246), (0.005865, 0.0002692462, 0.001569246), (0.0059, 0.000265, 0.001565), (0.005925622, 0.0002556218, 0.001555622), (0.005294378, -0.0001356218, 0.0008443782), (0.005285, -0.00011, 0.000835), (0.005280754, -7.5e-05, 0.0008307538), (0.005280754, 0.000195, 0.0008307538), (0.005285, 0.00023, 0.000835), (0.005294378, 0.0002556218, 0.0008443782), (0.00532, -0.000145, 0.000835), (0.005312134, -0.0001178661, 0.0008192679), (0.005308043, -7.5e-05, 0.0008110851), (0.005308043, 0.000195, 0.0008110851), (0.005312134, 0.0002378661, 0.0008192679), (0.00532, 0.000265, 0.000835), (0.005355, -0.0001492462, 0.0008307538), (0.005355, -0.0001219574, 0.0008110851), (0.005355, -7.5e-05, 0.0008), (0.005355, 0.000195, 0.0008), (0.005355, 0.0002419574, 0.0008110851), (0.005355, 0.0002692462, 0.0008307538), (0.005865, -0.0001492462, 0.0008307538), (0.005865, -0.0001219574, 0.0008110851), (0.005865, -7.5e-05, 0.0008), (0.005865, 0.000195, 0.0008), (0.005865, 0.0002419574, 0.0008110851), (0.005865, 0.0002692462, 0.0008307538), (0.0059, -0.000145, 0.000835), (0.005907866, -0.0001178661, 0.0008192679), (0.005911957, -7.5e-05, 0.0008110851), (0.005911957, 0.000195, 0.0008110851), (0.005907866, 0.0002378661, 0.0008192679), (0.0059, 0.000265, 0.000835), (0.005925622, -0.0001356218, 0.0008443782), (0.005935, -0.00011, 0.000835), (0.005939246, -7.5e-05, 0.0008307538), (0.005939246, 0.000195, 0.0008307538), (0.005935, 0.00023, 0.000835), (0.005925622, 0.0002556218, 0.0008443782), (0.005294378, -0.0001356218, 0.001555622), (0.005285, -0.00011, 0.001565), (0.005280754, -7.5e-05, 0.001569246), (0.005280754, 0.000195, 0.001569246), (0.005285, 0.00023, 0.001565), (0.005294378, 0.0002556218, 0.001555622), (0.00532, -0.000145, 0.001565), (0.005312134, -0.0001178661, 0.001580732), (0.005308043, -7.5e-05, 0.001588915), (0.005308043, 0.000195, 0.001588915), (0.005312134, 0.0002378661, 0.001580732), (0.00532, 0.000265, 0.001565), (0.005355, -0.0001492462, 0.001569246), (0.005355, -0.0001219574, 0.001588915), (0.005355, -7.5e-05, 0.0016), (0.005355, 0.000195, 0.0016), (0.005355, 0.0002419574, 0.001588915), (0.005355, 0.0002692462, 0.001569246), (0.005865, -0.0001492462, 0.001569246), (0.005865, -0.0001219574, 0.001588915), (0.005865, -7.5e-05, 0.0016), (0.005865, 0.000195, 0.0016), (0.005865, 0.0002419574, 0.001588915), (0.005865, 0.0002692462, 0.001569246), (0.0059, -0.000145, 0.001565), (0.005907866, -0.0001178661, 0.001580732), (0.005911957, -7.5e-05, 0.001588915), (0.005911957, 0.000195, 0.001588915), (0.005907866, 0.0002378661, 0.001580732), (0.0059, 0.000265, 0.001565), (0.005925622, -0.0001356218, 0.001555622), (0.005935, -0.00011, 0.001565), (0.005939246, -7.5e-05, 0.001569246), (0.005939246, 0.000195, 0.001569246), (0.005935, 0.00023, 0.001565), (0.005925622, 0.0002556218, 0.001555622)]
            int[] faceVertexCounts = [3, 3, 3, 3, 3, 3, 3, 3, 3, 3, 3, 3, 3, 3, 3, 3, 3, 3, 3, 3, 3, 3, 3, 3, 3, 3, 3, 3, 3, 3, 3, 3, 3, 3, 3, 3, 3, 3, 3, 3, 3, 3, 3, 3, 3, 3, 3, 3, 3, 3, 3, 3, 3, 3, 3, 3, 3, 3, 3, 3, 3, 3, 3, 3, 3, 3, 3, 3, 3, 3, 3, 3, 3, 3, 3, 3, 3, 3, 3, 3, 3, 3, 3, 3, 3, 3, 3, 3, 3, 3, 3, 3, 3, 3, 3, 3, 3, 3, 3, 3, 3, 3, 3, 3, 3, 3, 3, 3, 3, 3, 3, 3, 3, 3, 3, 3, 3, 3, 3, 3, 3, 3, 3, 3, 3, 3, 3, 3, 3, 3, 3, 3, 3, 3, 3, 3, 3, 3, 3, 3, 3, 3, 3, 3, 3, 3, 3, 3, 3, 3, 3, 3, 3, 3, 3, 3, 3, 3, 3, 3, 3, 3, 3, 3, 3, 3, 3, 3, 3, 3, 3, 3, 3, 3, 3, 3, 3, 3, 3, 3, 3, 3, 3, 3, 3, 3, 3, 3, 3, 3, 3, 3, 3, 3, 3, 3, 3, 3, 3, 3, 3, 3, 3, 3, 3, 3, 3, 3, 3, 3, 3, 3, 3, 3, 3, 3, 3, 3, 3, 3, 3, 3, 3, 3, 3, 3, 3, 3, 3, 3, 3, 3, 3, 3, 3, 3, 3, 3, 3, 3, 3, 3, 3, 3, 3, 3, 3, 3, 3, 3, 3, 3, 3, 3, 3, 3, 3, 3, 3, 3, 3, 3, 3, 3, 3, 3, 3, 3, 3, 3, 3, 3, 3, 3, 3, 3, 3, 3, 3, 3, 3, 3, 3, 3, 3, 3, 3, 3, 3, 3, 3, 3, 3, 3, 3, 3, 3, 3, 3, 3]
            int[] faceVertexIndices = [1, 7, 6, 1, 6, 0, 2, 8, 7, 2, 7, 1, 3, 9, 8, 3, 8, 2, 4, 10, 9, 4, 9, 3, 5, 11, 10, 5, 10, 4, 7, 13, 12, 7, 12, 6, 8, 14, 13, 8, 13, 7, 9, 15, 14, 9, 14, 8, 10, 16, 15, 10, 15, 9, 11, 17, 16, 11, 16, 10, 13, 19, 18, 13, 18, 12, 14, 20, 19, 14, 19, 13, 15, 21, 20, 15, 20, 14, 16, 22, 21, 16, 21, 15, 17, 23, 22, 17, 22, 16, 19, 25, 24, 19, 24, 18, 20, 26, 25, 20, 25, 19, 21, 27, 26, 21, 26, 20, 22, 28, 27, 22, 27, 21, 23, 29, 28, 23, 28, 22, 25, 31, 30, 25, 30, 24, 26, 32, 31, 26, 31, 25, 27, 33, 32, 27, 32, 26, 28, 34, 33, 28, 33, 27, 29, 35, 34, 29, 34, 28, 36, 42, 43, 36, 43, 37, 37, 43, 44, 37, 44, 38, 38, 44, 45, 38, 45, 39, 39, 45, 46, 39, 46, 40, 40, 46, 47, 40, 47, 41, 42, 48, 49, 42, 49, 43, 43, 49, 50, 43, 50, 44, 44, 50, 51, 44, 51, 45, 45, 51, 52, 45, 52, 46, 46, 52, 53, 46, 53, 47, 48, 54, 55, 48, 55, 49, 49, 55, 56, 49, 56, 50, 50, 56, 57, 50, 57, 51, 51, 57, 58, 51, 58, 52, 52, 58, 59, 52, 59, 53, 54, 60, 61, 54, 61, 55, 55, 61, 62, 55, 62, 56, 56, 62, 63, 56, 63, 57, 57, 63, 64, 57, 64, 58, 58, 64, 65, 58, 65, 59, 60, 66, 67, 60, 67, 61, 61, 67, 68, 61, 68, 62, 62, 68, 69, 62, 69, 63, 63, 69, 70, 63, 70, 64, 64, 70, 71, 64, 71, 65, 73, 79, 78, 73, 78, 72, 74, 80, 79, 74, 79, 73, 75, 81, 80, 75, 80, 74, 76, 82, 81, 76, 81, 75, 77, 83, 82, 77, 82, 76, 79, 85, 84, 79, 84, 78, 80, 86, 85, 80, 85, 79, 81, 87, 86, 81, 86, 80, 82, 88, 87, 82, 87, 81, 83, 89, 88, 83, 88, 82, 85, 91, 90, 85, 90, 84, 86, 92, 91, 86, 91, 85, 87, 93, 92, 87, 92, 86, 88, 94, 93, 88, 93, 87, 89, 95, 94, 89, 94, 88, 91, 97, 96, 91, 96, 90, 92, 98, 97, 92, 97, 91, 93, 99, 98, 93, 98, 92, 94, 100, 99, 94, 99, 93, 95, 101, 100, 95, 100, 94, 97, 103, 102, 97, 102, 96, 98, 104, 103, 98, 103, 97, 99, 105, 104, 99, 104, 98, 100, 106, 105, 100, 105, 99, 101, 107, 106, 101, 106, 100, 108, 114, 115, 108, 115, 109, 109, 115, 116, 109, 116, 110, 110, 116, 117, 110, 117, 111, 111, 117, 118, 111, 118, 112, 112, 118, 119, 112, 119, 113, 114, 120, 121, 114, 121, 115, 115, 121, 122, 115, 122, 116, 116, 122, 123, 116, 123, 117, 117, 123, 124, 117, 124, 118, 118, 124, 125, 118, 125, 119, 120, 126, 127, 120, 127, 121, 121, 127, 128, 121, 128, 122, 122, 128, 129, 122, 129, 123, 123, 129, 130, 123, 130, 124, 124, 130, 131, 124, 131, 125, 126, 132, 133, 126, 133, 127, 127, 133, 134, 127, 134, 128, 128, 134, 135, 128, 135, 129, 129, 135, 136, 129, 136, 130, 130, 136, 137, 130, 137, 131, 132, 138, 139, 132, 139, 133, 133, 139, 140, 133, 140, 134, 134, 140, 141, 134, 141, 135, 135, 141, 142, 135, 142, 136, 136, 142, 143, 136, 143, 137, 145, 151, 150, 145, 150, 144, 146, 152, 151, 146, 151, 145, 147, 153, 152, 147, 152, 146, 148, 154, 153, 148, 153, 147, 149, 155, 154, 149, 154, 148, 151, 157, 156, 151, 156, 150, 152, 158, 157, 152, 157, 151, 153, 159, 158, 153, 158, 152, 154, 160, 159, 154, 159, 153, 155, 161, 160, 155, 160, 154, 157, 163, 162, 157, 162, 156, 158, 164, 163, 158, 163, 157, 159, 165, 164, 159, 164, 158, 160, 166, 165, 160, 165, 159, 161, 167, 166, 161, 166, 160, 163, 169, 168, 163, 168, 162, 164, 170, 169, 164, 169, 163, 165, 171, 170, 165, 170, 164, 166, 172, 171, 166, 171, 165, 167, 173, 172, 167, 172, 166, 169, 175, 174, 169, 174, 168, 170, 176, 175, 170, 175, 169, 171, 177, 176, 171, 176, 170, 172, 178, 177, 172, 177, 171, 173, 179, 178, 173, 178, 172, 180, 186, 187, 180, 187, 181, 181, 187, 188, 181, 188, 182, 182, 188, 189, 182, 189, 183, 183, 189, 190, 183, 190, 184, 184, 190, 191, 184, 191, 185, 186, 192, 193, 186, 193, 187, 187, 193, 194, 187, 194, 188, 188, 194, 195, 188, 195, 189, 189, 195, 196, 189, 196, 190, 190, 196, 197, 190, 197, 191, 192, 198, 199, 192, 199, 193, 193, 199, 200, 193, 200, 194, 194, 200, 201, 194, 201, 195, 195, 201, 202, 195, 202, 196, 196, 202, 203, 196, 203, 197, 198, 204, 205, 198, 205, 199, 199, 205, 206, 199, 206, 200, 200, 206, 207, 200, 207, 201, 201, 207, 208, 201, 208, 202, 202, 208, 209, 202, 209, 203, 204, 210, 211, 204, 211, 205, 205, 211, 212, 205, 212, 206, 206, 212, 213, 206, 213, 207, 207, 213, 214, 207, 214, 208, 208, 214, 215, 208, 215, 209]
            normal3f[] normals = [(-0.7745967, -0.4472136, -0.4472136), (-0.7668657, -0.5195657, -0.376787), (-0.8126672, -0.5823236, -0.02170753), (-0.8112325, -0.5847033, 0.004878551), (-0.7900625, -0.5555967, 0.2590629), (-0.7071068, -0.5, 0.5), (-0.7668657, -0.376787, -0.5195657), (-0.8559572, -0.3656073, -0.3656073), (-0.9000523, -0.4354615, -0.01670855), (-0.943313, -0.331708, 0.01142044), (-0.8844941, -0.3299016, 0.3299016), (-0.7900625, -0.2590629, 0.5555967), (-0.8136401, -0.04180815, -0.5798637), (-0.9041388, -0.0335077, -0.4259227), (-0.9980692, -0.05603104, -0.02680438), (-0.9997321, -0.02050364, 0.01073448), (-0.9410996, -0.02339411, 0.3373193), (-0.8111991, -0.01030817, 0.5846792), (-0.8111991, 0.01030817, -0.5846792), (-0.9410996, 0.02339411, -0.3373193), (-0.9997321, 0.02050364, -0.01073448), (-0.9980692, 0.05603104, 0.02680438), (-0.9041388, 0.0335077, 0.4259227), (-0.8136401, 0.04180815, 0.5798637), (-0.7900625, 0.2590629, -0.5555967), (-0.8844941, 0.3299016, -0.3299016), (-0.943313, 0.331708, -0.01142044), (-0.9000523, 0.4354615, 0.01670855), (-0.8559572, 0.3656073, 0.3656073), (-0.7668657, 0.376787, 0.5195657), (-0.7071068, 0.5, -0.5), (-0.7900625, 0.5555967, -0.2590629), (-0.8112325, 0.5847033, -0.004878551), (-0.8126672, 0.5823236, 0.02170753), (-0.7668657, 0.5195657, 0.376787), (-0.7745967, 0.4472136, 0.4472136), (0.7071068, -0.5, -0.5), (0.7900625, -0.5555967, -0.2590629), (0.8112325, -0.5847033, -0.004878551), (0.8126672, -0.5823236, 0.02170753), (0.7668657, -0.5195657, 0.376787), (0.7745967, -0.4472136, 0.4472136), (0.7900625, -0.2590629, -0.5555967), (0.8844941, -0.3299016, -0.3299016), (0.943313, -0.331708, -0.01142044), (0.9000523, -0.4354615, 0.01670855), (0.8559572, -0.3656073, 0.3656073), (0.7668657, -0.376787, 0.5195657), (0.8111991, -0.01030817, -0.5846792), (0.9410996, -0.02339411, -0.3373193), (0.9997321, -0.02050364, -0.01073448), (0.9980692, -0.05603104, 0.02680438), (0.9041388, -0.0335077, 0.4259227), (0.8136401, -0.04180815, 0.5798637), (0.8136401, 0.04180815, -0.5798637), (0.9041388, 0.0335077, -0.4259227), (0.9980692, 0.05603104, -0.02680438), (0.9997321, 0.02050364, 0.01073448), (0.9410996, 0.02339411, 0.3373193), (0.8111991, 0.01030817, 0.5846792), (0.7668657, 0.376787, -0.5195657), (0.8559572, 0.3656073, -0.3656073), (0.9000523, 0.4354615, -0.01670855), (0.943313, 0.331708, 0.01142044), (0.8844941, 0.3299016, 0.3299016), (0.7900625, 0.2590629, 0.5555967), (0.7745967, 0.4472136, -0.4472136), (0.7668657, 0.5195657, -0.376787), (0.8126672, 0.5823236, -0.02170753), (0.8112325, 0.5847033, 0.004878551), (0.7900625, 0.5555967, 0.2590629), (0.7071068, 0.5, 0.5), (-0.4472136, -0.7745967, -0.4472136), (-0.376787, -0.7668657, -0.5195657), (-0.02467377, -0.8128318, -0.5819757), (0.005618404, -0.8112294, -0.5847011), (0.2590629, -0.7900625, -0.5555967), (0.5, -0.7071068, -0.5), (-0.5195657, -0.7668657, -0.376787), (-0.3656073, -0.8559572, -0.3656073), (-0.01910332, -0.9006562, -0.4341123), (0.01309631, -0.9430134, -0.3324969), (0.3299016, -0.8844941, -0.3299016), (0.5555967, -0.7900625, -0.2590629), (-0.5823236, -0.8126672, -0.02170753), (-0.4354615, -0.9000523, -0.01670855), (-0.03343323, -0.999018, -0.02907341), (0.01132227, -0.9998862, -0.009973622), (0.331708, -0.943313, -0.01142044), (0.5847033, -0.8112325, -0.004878551), (-0.5847033, -0.8112325, 0.004878551), (-0.331708, -0.943313, 0.01142044), (-0.01132227, -0.9998862, 0.009973622), (0.03343323, -0.999018, 0.02907341), (0.4354615, -0.9000523, 0.01670855), (0.5823236, -0.8126672, 0.02170753), (-0.5555967, -0.7900625, 0.2590629), (-0.3299016, -0.8844941, 0.3299016), (-0.01309631, -0.9430134, 0.3324969), (0.01910332, -0.9006562, 0.4341123), (0.3656073, -0.8559572, 0.3656073), (0.5195657, -0.7668657, 0.376787), (-0.5, -0.7071068, 0.5), (-0.2590629, -0.7900625, 0.5555967), (-0.005618404, -0.8112294, 0.5847011), (0.02467377, -0.8128318, 0.5819757), (0.376787, -0.7668657, 0.5195657), (0.4472136, -0.7745967, 0.4472136), (-0.5, 0.7071068, -0.5), (-0.2590629, 0.7900625, -0.5555967), (-0.005618404, 0.8112294, -0.5847011), (0.02467377, 0.8128318, -0.5819757), (0.376787, 0.7668657, -0.5195657), (0.4472136, 0.7745967, -0.4472136), (-0.5555967, 0.7900625, -0.2590629), (-0.3299016, 0.8844941, -0.3299016), (-0.01309631, 0.9430134, -0.3324969), (0.01910332, 0.9006562, -0.4341123), (0.3656073, 0.8559572, -0.3656073), (0.5195657, 0.7668657, -0.376787), (-0.5847033, 0.8112325, -0.004878551), (-0.331708, 0.943313, -0.01142044), (-0.01132227, 0.9998862, -0.009973622), (0.03343323, 0.999018, -0.02907341), (0.4354615, 0.9000523, -0.01670855), (0.5823236, 0.8126672, -0.02170753), (-0.5823236, 0.8126672, 0.02170753), (-0.4354615, 0.9000523, 0.01670855), (-0.03343323, 0.999018, 0.02907341), (0.01132227, 0.9998862, 0.009973622), (0.331708, 0.943313, 0.01142044), (0.5847033, 0.8112325, 0.004878551), (-0.5195657, 0.7668657, 0.376787), (-0.3656073, 0.8559572, 0.3656073), (-0.01910332, 0.9006562, 0.4341123), (0.01309631, 0.9430134, 0.3324969), (0.3299016, 0.8844941, 0.3299016), (0.5555967, 0.7900625, 0.2590629), (-0.4472136, 0.7745967, 0.4472136), (-0.376787, 0.7668657, 0.5195657), (-0.02467377, 0.8128318, 0.5819757), (0.005618404, 0.8112294, 0.5847011), (0.2590629, 0.7900625, 0.5555967), (0.5, 0.7071068, 0.5), (-0.4472136, -0.4472136, -0.7745967), (-0.5195657, -0.376787, -0.7668657), (-0.5798637, -0.04180815, -0.8136401), (-0.5846792, 0.01030817, -0.8111991), (-0.5555967, 0.2590629, -0.7900625), (-0.5, 0.5, -0.7071068), (-0.376787, -0.5195657, -0.7668657), (-0.3656073, -0.3656073, -0.8559572), (-0.4259227, -0.0335077, -0.9041388), (-0.3373193, 0.02339411, -0.9410996), (-0.3299016, 0.3299016, -0.8844941), (-0.2590629, 0.5555967, -0.7900625), (-0.02467377, -0.5819757, -0.8128318), (-0.01910332, -0.4341123, -0.9006562), (-0.03046324, -0.05537535, -0.9980008), (-0.01232904, 0.02074428, -0.9997088), (-0.01309631, 0.3324969, -0.9430134), (-0.005618404, 0.5847011, -0.8112294), (0.005618404, -0.5847011, -0.8112294), (0.01309631, -0.3324969, -0.9430134), (0.01232904, -0.02074428, -0.9997088), (0.03046324, 0.05537535, -0.9980008), (0.01910332, 0.4341123, -0.9006562), (0.02467377, 0.5819757, -0.8128318), (0.2590629, -0.5555967, -0.7900625), (0.3299016, -0.3299016, -0.8844941), (0.3373193, -0.02339411, -0.9410996), (0.4259227, 0.0335077, -0.9041388), (0.3656073, 0.3656073, -0.8559572), (0.376787, 0.5195657, -0.7668657), (0.5, -0.5, -0.7071068), (0.5555967, -0.2590629, -0.7900625), (0.5846792, -0.01030817, -0.8111991), (0.5798637, 0.04180815, -0.8136401), (0.5195657, 0.376787, -0.7668657), (0.4472136, 0.4472136, -0.7745967), (-0.5, -0.5, 0.7071068), (-0.5555967, -0.2590629, 0.7900625), (-0.5846792, -0.01030817, 0.8111991), (-0.5798637, 0.04180815, 0.8136401), (-0.5195657, 0.376787, 0.7668657), (-0.4472136, 0.4472136, 0.7745967), (-0.2590629, -0.5555967, 0.7900625), (-0.3299016, -0.3299016, 0.8844941), (-0.3373193, -0.02339411, 0.9410996), (-0.4259227, 0.0335077, 0.9041388), (-0.3656073, 0.3656073, 0.8559572), (-0.376787, 0.5195657, 0.7668657), (-0.005618404, -0.5847011, 0.8112294), (-0.01309631, -0.3324969, 0.9430134), (-0.01232904, -0.02074428, 0.9997088), (-0.03046324, 0.05537535, 0.9980008), (-0.01910332, 0.4341123, 0.9006562), (-0.02467377, 0.5819757, 0.8128318), (0.02467377, -0.5819757, 0.8128318), (0.01910332, -0.4341123, 0.9006562), (0.03046324, -0.05537535, 0.9980008), (0.01232904, 0.02074428, 0.9997088), (0.01309631, 0.3324969, 0.9430134), (0.005618404, 0.5847011, 0.8112294), (0.376787, -0.5195657, 0.7668657), (0.3656073, -0.3656073, 0.8559572), (0.4259227, -0.0335077, 0.9041388), (0.3373193, 0.02339411, 0.9410996), (0.3299016, 0.3299016, 0.8844941), (0.2590629, 0.5555967, 0.7900625), (0.4472136, -0.4472136, 0.7745967), (0.5195657, -0.376787, 0.7668657), (0.5798637, -0.04180815, 0.8136401), (0.5846792, 0.01030817, 0.8111991), (0.5555967, 0.2590629, 0.7900625), (0.5, 0.5, 0.7071068)] (interpolation = "vertex")
            float3[] extent = [(0.00525, -0.00018, 0.0008), (0.00597, 0.0003, 0.0016)]
            rel material:binding = </WorkbenchPart/Materials/solder>
        }
        def Mesh "ShieldSolderTab_10" (prepend apiSchemas = ["MaterialBindingAPI"])
        {
            uniform token subdivisionScheme = "none"
            uniform token orientation = "rightHanded"
            bool doubleSided = false
            point3f[] points = [(0.005294378, -0.0001356218, 0.003244378), (0.005285, -0.000145, 0.00327), (0.005280754, -0.0001492462, 0.003305), (0.005280754, -0.0001492462, 0.003895), (0.005285, -0.000145, 0.00393), (0.005294378, -0.0001356218, 0.003955622), (0.005285, -0.00011, 0.003235), (0.005269268, -0.0001178661, 0.003262134), (0.005261085, -0.0001219574, 0.003305), (0.005261085, -0.0001219574, 0.003895), (0.005269268, -0.0001178661, 0.003937866), (0.005285, -0.00011, 0.003965), (0.005280754, -7.5e-05, 0.003230754), (0.005261085, -7.5e-05, 0.003258043), (0.00525, -7.5e-05, 0.003305), (0.00525, -7.5e-05, 0.003895), (0.005261085, -7.5e-05, 0.003941957), (0.005280754, -7.5e-05, 0.003969246), (0.005280754, 0.000195, 0.003230754), (0.005261085, 0.000195, 0.003258043), (0.00525, 0.000195, 0.003305), (0.00525, 0.000195, 0.003895), (0.005261085, 0.000195, 0.003941957), (0.005280754, 0.000195, 0.003969246), (0.005285, 0.00023, 0.003235), (0.005269268, 0.0002378661, 0.003262134), (0.005261085, 0.0002419574, 0.003305), (0.005261085, 0.0002419574, 0.003895), (0.005269268, 0.0002378661, 0.003937866), (0.005285, 0.00023, 0.003965), (0.005294378, 0.0002556218, 0.003244378), (0.005285, 0.000265, 0.00327), (0.005280754, 0.0002692462, 0.003305), (0.005280754, 0.0002692462, 0.003895), (0.005285, 0.000265, 0.00393), (0.005294378, 0.0002556218, 0.003955622), (0.005925622, -0.0001356218, 0.003244378), (0.005935, -0.000145, 0.00327), (0.005939246, -0.0001492462, 0.003305), (0.005939246, -0.0001492462, 0.003895), (0.005935, -0.000145, 0.00393), (0.005925622, -0.0001356218, 0.003955622), (0.005935, -0.00011, 0.003235), (0.005950732, -0.0001178661, 0.003262134), (0.005958915, -0.0001219574, 0.003305), (0.005958915, -0.0001219574, 0.003895), (0.005950732, -0.0001178661, 0.003937866), (0.005935, -0.00011, 0.003965), (0.005939246, -7.5e-05, 0.003230754), (0.005958915, -7.5e-05, 0.003258043), (0.00597, -7.5e-05, 0.003305), (0.00597, -7.5e-05, 0.003895), (0.005958915, -7.5e-05, 0.003941957), (0.005939246, -7.5e-05, 0.003969246), (0.005939246, 0.000195, 0.003230754), (0.005958915, 0.000195, 0.003258043), (0.00597, 0.000195, 0.003305), (0.00597, 0.000195, 0.003895), (0.005958915, 0.000195, 0.003941957), (0.005939246, 0.000195, 0.003969246), (0.005935, 0.00023, 0.003235), (0.005950732, 0.0002378661, 0.003262134), (0.005958915, 0.0002419574, 0.003305), (0.005958915, 0.0002419574, 0.003895), (0.005950732, 0.0002378661, 0.003937866), (0.005935, 0.00023, 0.003965), (0.005925622, 0.0002556218, 0.003244378), (0.005935, 0.000265, 0.00327), (0.005939246, 0.0002692462, 0.003305), (0.005939246, 0.0002692462, 0.003895), (0.005935, 0.000265, 0.00393), (0.005925622, 0.0002556218, 0.003955622), (0.005294378, -0.0001356218, 0.003244378), (0.00532, -0.000145, 0.003235), (0.005355, -0.0001492462, 0.003230754), (0.005865, -0.0001492462, 0.003230754), (0.0059, -0.000145, 0.003235), (0.005925622, -0.0001356218, 0.003244378), (0.005285, -0.000145, 0.00327), (0.005312134, -0.0001607321, 0.003262134), (0.005355, -0.0001689149, 0.003258043), (0.005865, -0.0001689149, 0.003258043), (0.005907866, -0.0001607321, 0.003262134), (0.005935, -0.000145, 0.00327), (0.005280754, -0.0001492462, 0.003305), (0.005308043, -0.0001689149, 0.003305), (0.005355, -0.00018, 0.003305), (0.005865, -0.00018, 0.003305), (0.005911957, -0.0001689149, 0.003305), (0.005939246, -0.0001492462, 0.003305), (0.005280754, -0.0001492462, 0.003895), (0.005308043, -0.0001689149, 0.003895), (0.005355, -0.00018, 0.003895), (0.005865, -0.00018, 0.003895), (0.005911957, -0.0001689149, 0.003895), (0.005939246, -0.0001492462, 0.003895), (0.005285, -0.000145, 0.00393), (0.005312134, -0.0001607321, 0.003937866), (0.005355, -0.0001689149, 0.003941957), (0.005865, -0.0001689149, 0.003941957), (0.005907866, -0.0001607321, 0.003937866), (0.005935, -0.000145, 0.00393), (0.005294378, -0.0001356218, 0.003955622), (0.00532, -0.000145, 0.003965), (0.005355, -0.0001492462, 0.003969246), (0.005865, -0.0001492462, 0.003969246), (0.0059, -0.000145, 0.003965), (0.005925622, -0.0001356218, 0.003955622), (0.005294378, 0.0002556218, 0.003244378), (0.00532, 0.000265, 0.003235), (0.005355, 0.0002692462, 0.003230754), (0.005865, 0.0002692462, 0.003230754), (0.0059, 0.000265, 0.003235), (0.005925622, 0.0002556218, 0.003244378), (0.005285, 0.000265, 0.00327), (0.005312134, 0.0002807321, 0.003262134), (0.005355, 0.0002889149, 0.003258043), (0.005865, 0.0002889149, 0.003258043), (0.005907866, 0.0002807321, 0.003262134), (0.005935, 0.000265, 0.00327), (0.005280754, 0.0002692462, 0.003305), (0.005308043, 0.0002889149, 0.003305), (0.005355, 0.0003, 0.003305), (0.005865, 0.0003, 0.003305), (0.005911957, 0.0002889149, 0.003305), (0.005939246, 0.0002692462, 0.003305), (0.005280754, 0.0002692462, 0.003895), (0.005308043, 0.0002889149, 0.003895), (0.005355, 0.0003, 0.003895), (0.005865, 0.0003, 0.003895), (0.005911957, 0.0002889149, 0.003895), (0.005939246, 0.0002692462, 0.003895), (0.005285, 0.000265, 0.00393), (0.005312134, 0.0002807321, 0.003937866), (0.005355, 0.0002889149, 0.003941957), (0.005865, 0.0002889149, 0.003941957), (0.005907866, 0.0002807321, 0.003937866), (0.005935, 0.000265, 0.00393), (0.005294378, 0.0002556218, 0.003955622), (0.00532, 0.000265, 0.003965), (0.005355, 0.0002692462, 0.003969246), (0.005865, 0.0002692462, 0.003969246), (0.0059, 0.000265, 0.003965), (0.005925622, 0.0002556218, 0.003955622), (0.005294378, -0.0001356218, 0.003244378), (0.005285, -0.00011, 0.003235), (0.005280754, -7.5e-05, 0.003230754), (0.005280754, 0.000195, 0.003230754), (0.005285, 0.00023, 0.003235), (0.005294378, 0.0002556218, 0.003244378), (0.00532, -0.000145, 0.003235), (0.005312134, -0.0001178661, 0.003219268), (0.005308043, -7.5e-05, 0.003211085), (0.005308043, 0.000195, 0.003211085), (0.005312134, 0.0002378661, 0.003219268), (0.00532, 0.000265, 0.003235), (0.005355, -0.0001492462, 0.003230754), (0.005355, -0.0001219574, 0.003211085), (0.005355, -7.5e-05, 0.0032), (0.005355, 0.000195, 0.0032), (0.005355, 0.0002419574, 0.003211085), (0.005355, 0.0002692462, 0.003230754), (0.005865, -0.0001492462, 0.003230754), (0.005865, -0.0001219574, 0.003211085), (0.005865, -7.5e-05, 0.0032), (0.005865, 0.000195, 0.0032), (0.005865, 0.0002419574, 0.003211085), (0.005865, 0.0002692462, 0.003230754), (0.0059, -0.000145, 0.003235), (0.005907866, -0.0001178661, 0.003219268), (0.005911957, -7.5e-05, 0.003211085), (0.005911957, 0.000195, 0.003211085), (0.005907866, 0.0002378661, 0.003219268), (0.0059, 0.000265, 0.003235), (0.005925622, -0.0001356218, 0.003244378), (0.005935, -0.00011, 0.003235), (0.005939246, -7.5e-05, 0.003230754), (0.005939246, 0.000195, 0.003230754), (0.005935, 0.00023, 0.003235), (0.005925622, 0.0002556218, 0.003244378), (0.005294378, -0.0001356218, 0.003955622), (0.005285, -0.00011, 0.003965), (0.005280754, -7.5e-05, 0.003969246), (0.005280754, 0.000195, 0.003969246), (0.005285, 0.00023, 0.003965), (0.005294378, 0.0002556218, 0.003955622), (0.00532, -0.000145, 0.003965), (0.005312134, -0.0001178661, 0.003980732), (0.005308043, -7.5e-05, 0.003988915), (0.005308043, 0.000195, 0.003988915), (0.005312134, 0.0002378661, 0.003980732), (0.00532, 0.000265, 0.003965), (0.005355, -0.0001492462, 0.003969246), (0.005355, -0.0001219574, 0.003988915), (0.005355, -7.5e-05, 0.004), (0.005355, 0.000195, 0.004), (0.005355, 0.0002419574, 0.003988915), (0.005355, 0.0002692462, 0.003969246), (0.005865, -0.0001492462, 0.003969246), (0.005865, -0.0001219574, 0.003988915), (0.005865, -7.5e-05, 0.004), (0.005865, 0.000195, 0.004), (0.005865, 0.0002419574, 0.003988915), (0.005865, 0.0002692462, 0.003969246), (0.0059, -0.000145, 0.003965), (0.005907866, -0.0001178661, 0.003980732), (0.005911957, -7.5e-05, 0.003988915), (0.005911957, 0.000195, 0.003988915), (0.005907866, 0.0002378661, 0.003980732), (0.0059, 0.000265, 0.003965), (0.005925622, -0.0001356218, 0.003955622), (0.005935, -0.00011, 0.003965), (0.005939246, -7.5e-05, 0.003969246), (0.005939246, 0.000195, 0.003969246), (0.005935, 0.00023, 0.003965), (0.005925622, 0.0002556218, 0.003955622)]
            int[] faceVertexCounts = [3, 3, 3, 3, 3, 3, 3, 3, 3, 3, 3, 3, 3, 3, 3, 3, 3, 3, 3, 3, 3, 3, 3, 3, 3, 3, 3, 3, 3, 3, 3, 3, 3, 3, 3, 3, 3, 3, 3, 3, 3, 3, 3, 3, 3, 3, 3, 3, 3, 3, 3, 3, 3, 3, 3, 3, 3, 3, 3, 3, 3, 3, 3, 3, 3, 3, 3, 3, 3, 3, 3, 3, 3, 3, 3, 3, 3, 3, 3, 3, 3, 3, 3, 3, 3, 3, 3, 3, 3, 3, 3, 3, 3, 3, 3, 3, 3, 3, 3, 3, 3, 3, 3, 3, 3, 3, 3, 3, 3, 3, 3, 3, 3, 3, 3, 3, 3, 3, 3, 3, 3, 3, 3, 3, 3, 3, 3, 3, 3, 3, 3, 3, 3, 3, 3, 3, 3, 3, 3, 3, 3, 3, 3, 3, 3, 3, 3, 3, 3, 3, 3, 3, 3, 3, 3, 3, 3, 3, 3, 3, 3, 3, 3, 3, 3, 3, 3, 3, 3, 3, 3, 3, 3, 3, 3, 3, 3, 3, 3, 3, 3, 3, 3, 3, 3, 3, 3, 3, 3, 3, 3, 3, 3, 3, 3, 3, 3, 3, 3, 3, 3, 3, 3, 3, 3, 3, 3, 3, 3, 3, 3, 3, 3, 3, 3, 3, 3, 3, 3, 3, 3, 3, 3, 3, 3, 3, 3, 3, 3, 3, 3, 3, 3, 3, 3, 3, 3, 3, 3, 3, 3, 3, 3, 3, 3, 3, 3, 3, 3, 3, 3, 3, 3, 3, 3, 3, 3, 3, 3, 3, 3, 3, 3, 3, 3, 3, 3, 3, 3, 3, 3, 3, 3, 3, 3, 3, 3, 3, 3, 3, 3, 3, 3, 3, 3, 3, 3, 3, 3, 3, 3, 3, 3, 3, 3, 3, 3, 3, 3, 3]
            int[] faceVertexIndices = [1, 7, 6, 1, 6, 0, 2, 8, 7, 2, 7, 1, 3, 9, 8, 3, 8, 2, 4, 10, 9, 4, 9, 3, 5, 11, 10, 5, 10, 4, 7, 13, 12, 7, 12, 6, 8, 14, 13, 8, 13, 7, 9, 15, 14, 9, 14, 8, 10, 16, 15, 10, 15, 9, 11, 17, 16, 11, 16, 10, 13, 19, 18, 13, 18, 12, 14, 20, 19, 14, 19, 13, 15, 21, 20, 15, 20, 14, 16, 22, 21, 16, 21, 15, 17, 23, 22, 17, 22, 16, 19, 25, 24, 19, 24, 18, 20, 26, 25, 20, 25, 19, 21, 27, 26, 21, 26, 20, 22, 28, 27, 22, 27, 21, 23, 29, 28, 23, 28, 22, 25, 31, 30, 25, 30, 24, 26, 32, 31, 26, 31, 25, 27, 33, 32, 27, 32, 26, 28, 34, 33, 28, 33, 27, 29, 35, 34, 29, 34, 28, 36, 42, 43, 36, 43, 37, 37, 43, 44, 37, 44, 38, 38, 44, 45, 38, 45, 39, 39, 45, 46, 39, 46, 40, 40, 46, 47, 40, 47, 41, 42, 48, 49, 42, 49, 43, 43, 49, 50, 43, 50, 44, 44, 50, 51, 44, 51, 45, 45, 51, 52, 45, 52, 46, 46, 52, 53, 46, 53, 47, 48, 54, 55, 48, 55, 49, 49, 55, 56, 49, 56, 50, 50, 56, 57, 50, 57, 51, 51, 57, 58, 51, 58, 52, 52, 58, 59, 52, 59, 53, 54, 60, 61, 54, 61, 55, 55, 61, 62, 55, 62, 56, 56, 62, 63, 56, 63, 57, 57, 63, 64, 57, 64, 58, 58, 64, 65, 58, 65, 59, 60, 66, 67, 60, 67, 61, 61, 67, 68, 61, 68, 62, 62, 68, 69, 62, 69, 63, 63, 69, 70, 63, 70, 64, 64, 70, 71, 64, 71, 65, 73, 79, 78, 73, 78, 72, 74, 80, 79, 74, 79, 73, 75, 81, 80, 75, 80, 74, 76, 82, 81, 76, 81, 75, 77, 83, 82, 77, 82, 76, 79, 85, 84, 79, 84, 78, 80, 86, 85, 80, 85, 79, 81, 87, 86, 81, 86, 80, 82, 88, 87, 82, 87, 81, 83, 89, 88, 83, 88, 82, 85, 91, 90, 85, 90, 84, 86, 92, 91, 86, 91, 85, 87, 93, 92, 87, 92, 86, 88, 94, 93, 88, 93, 87, 89, 95, 94, 89, 94, 88, 91, 97, 96, 91, 96, 90, 92, 98, 97, 92, 97, 91, 93, 99, 98, 93, 98, 92, 94, 100, 99, 94, 99, 93, 95, 101, 100, 95, 100, 94, 97, 103, 102, 97, 102, 96, 98, 104, 103, 98, 103, 97, 99, 105, 104, 99, 104, 98, 100, 106, 105, 100, 105, 99, 101, 107, 106, 101, 106, 100, 108, 114, 115, 108, 115, 109, 109, 115, 116, 109, 116, 110, 110, 116, 117, 110, 117, 111, 111, 117, 118, 111, 118, 112, 112, 118, 119, 112, 119, 113, 114, 120, 121, 114, 121, 115, 115, 121, 122, 115, 122, 116, 116, 122, 123, 116, 123, 117, 117, 123, 124, 117, 124, 118, 118, 124, 125, 118, 125, 119, 120, 126, 127, 120, 127, 121, 121, 127, 128, 121, 128, 122, 122, 128, 129, 122, 129, 123, 123, 129, 130, 123, 130, 124, 124, 130, 131, 124, 131, 125, 126, 132, 133, 126, 133, 127, 127, 133, 134, 127, 134, 128, 128, 134, 135, 128, 135, 129, 129, 135, 136, 129, 136, 130, 130, 136, 137, 130, 137, 131, 132, 138, 139, 132, 139, 133, 133, 139, 140, 133, 140, 134, 134, 140, 141, 134, 141, 135, 135, 141, 142, 135, 142, 136, 136, 142, 143, 136, 143, 137, 145, 151, 150, 145, 150, 144, 146, 152, 151, 146, 151, 145, 147, 153, 152, 147, 152, 146, 148, 154, 153, 148, 153, 147, 149, 155, 154, 149, 154, 148, 151, 157, 156, 151, 156, 150, 152, 158, 157, 152, 157, 151, 153, 159, 158, 153, 158, 152, 154, 160, 159, 154, 159, 153, 155, 161, 160, 155, 160, 154, 157, 163, 162, 157, 162, 156, 158, 164, 163, 158, 163, 157, 159, 165, 164, 159, 164, 158, 160, 166, 165, 160, 165, 159, 161, 167, 166, 161, 166, 160, 163, 169, 168, 163, 168, 162, 164, 170, 169, 164, 169, 163, 165, 171, 170, 165, 170, 164, 166, 172, 171, 166, 171, 165, 167, 173, 172, 167, 172, 166, 169, 175, 174, 169, 174, 168, 170, 176, 175, 170, 175, 169, 171, 177, 176, 171, 176, 170, 172, 178, 177, 172, 177, 171, 173, 179, 178, 173, 178, 172, 180, 186, 187, 180, 187, 181, 181, 187, 188, 181, 188, 182, 182, 188, 189, 182, 189, 183, 183, 189, 190, 183, 190, 184, 184, 190, 191, 184, 191, 185, 186, 192, 193, 186, 193, 187, 187, 193, 194, 187, 194, 188, 188, 194, 195, 188, 195, 189, 189, 195, 196, 189, 196, 190, 190, 196, 197, 190, 197, 191, 192, 198, 199, 192, 199, 193, 193, 199, 200, 193, 200, 194, 194, 200, 201, 194, 201, 195, 195, 201, 202, 195, 202, 196, 196, 202, 203, 196, 203, 197, 198, 204, 205, 198, 205, 199, 199, 205, 206, 199, 206, 200, 200, 206, 207, 200, 207, 201, 201, 207, 208, 201, 208, 202, 202, 208, 209, 202, 209, 203, 204, 210, 211, 204, 211, 205, 205, 211, 212, 205, 212, 206, 206, 212, 213, 206, 213, 207, 207, 213, 214, 207, 214, 208, 208, 214, 215, 208, 215, 209]
            normal3f[] normals = [(-0.7745967, -0.4472136, -0.4472136), (-0.7668657, -0.5195657, -0.376787), (-0.8126672, -0.5823236, -0.02170753), (-0.8112325, -0.5847033, 0.004878551), (-0.7900625, -0.5555967, 0.2590629), (-0.7071068, -0.5, 0.5), (-0.7668657, -0.376787, -0.5195657), (-0.8559572, -0.3656073, -0.3656073), (-0.9000523, -0.4354615, -0.01670855), (-0.943313, -0.331708, 0.01142044), (-0.8844941, -0.3299016, 0.3299016), (-0.7900625, -0.2590629, 0.5555967), (-0.8136401, -0.04180815, -0.5798637), (-0.9041388, -0.0335077, -0.4259227), (-0.9980692, -0.05603104, -0.02680438), (-0.9997321, -0.02050364, 0.01073448), (-0.9410996, -0.02339411, 0.3373193), (-0.8111991, -0.01030817, 0.5846792), (-0.8111991, 0.01030817, -0.5846792), (-0.9410996, 0.02339411, -0.3373193), (-0.9997321, 0.02050364, -0.01073448), (-0.9980692, 0.05603104, 0.02680438), (-0.9041388, 0.0335077, 0.4259227), (-0.8136401, 0.04180815, 0.5798637), (-0.7900625, 0.2590629, -0.5555967), (-0.8844941, 0.3299016, -0.3299016), (-0.943313, 0.331708, -0.01142044), (-0.9000523, 0.4354615, 0.01670855), (-0.8559572, 0.3656073, 0.3656073), (-0.7668657, 0.376787, 0.5195657), (-0.7071068, 0.5, -0.5), (-0.7900625, 0.5555967, -0.2590629), (-0.8112325, 0.5847033, -0.004878551), (-0.8126672, 0.5823236, 0.02170753), (-0.7668657, 0.5195657, 0.376787), (-0.7745967, 0.4472136, 0.4472136), (0.7071068, -0.5, -0.5), (0.7900625, -0.5555967, -0.2590629), (0.8112325, -0.5847033, -0.004878551), (0.8126672, -0.5823236, 0.02170753), (0.7668657, -0.5195657, 0.376787), (0.7745967, -0.4472136, 0.4472136), (0.7900625, -0.2590629, -0.5555967), (0.8844941, -0.3299016, -0.3299016), (0.943313, -0.331708, -0.01142044), (0.9000523, -0.4354615, 0.01670855), (0.8559572, -0.3656073, 0.3656073), (0.7668657, -0.376787, 0.5195657), (0.8111991, -0.01030817, -0.5846792), (0.9410996, -0.02339411, -0.3373193), (0.9997321, -0.02050364, -0.01073448), (0.9980692, -0.05603104, 0.02680438), (0.9041388, -0.0335077, 0.4259227), (0.8136401, -0.04180815, 0.5798637), (0.8136401, 0.04180815, -0.5798637), (0.9041388, 0.0335077, -0.4259227), (0.9980692, 0.05603104, -0.02680438), (0.9997321, 0.02050364, 0.01073448), (0.9410996, 0.02339411, 0.3373193), (0.8111991, 0.01030817, 0.5846792), (0.7668657, 0.376787, -0.5195657), (0.8559572, 0.3656073, -0.3656073), (0.9000523, 0.4354615, -0.01670855), (0.943313, 0.331708, 0.01142044), (0.8844941, 0.3299016, 0.3299016), (0.7900625, 0.2590629, 0.5555967), (0.7745967, 0.4472136, -0.4472136), (0.7668657, 0.5195657, -0.376787), (0.8126672, 0.5823236, -0.02170753), (0.8112325, 0.5847033, 0.004878551), (0.7900625, 0.5555967, 0.2590629), (0.7071068, 0.5, 0.5), (-0.4472136, -0.7745967, -0.4472136), (-0.376787, -0.7668657, -0.5195657), (-0.02467377, -0.8128318, -0.5819757), (0.005618404, -0.8112294, -0.5847011), (0.2590629, -0.7900625, -0.5555967), (0.5, -0.7071068, -0.5), (-0.5195657, -0.7668657, -0.376787), (-0.3656073, -0.8559572, -0.3656073), (-0.01910332, -0.9006562, -0.4341123), (0.01309631, -0.9430134, -0.3324969), (0.3299016, -0.8844941, -0.3299016), (0.5555967, -0.7900625, -0.2590629), (-0.5823236, -0.8126672, -0.02170753), (-0.4354615, -0.9000523, -0.01670855), (-0.03343323, -0.999018, -0.02907341), (0.01132227, -0.9998862, -0.009973622), (0.331708, -0.943313, -0.01142044), (0.5847033, -0.8112325, -0.004878551), (-0.5847033, -0.8112325, 0.004878551), (-0.331708, -0.943313, 0.01142044), (-0.01132227, -0.9998862, 0.009973622), (0.03343323, -0.999018, 0.02907341), (0.4354615, -0.9000523, 0.01670855), (0.5823236, -0.8126672, 0.02170753), (-0.5555967, -0.7900625, 0.2590629), (-0.3299016, -0.8844941, 0.3299016), (-0.01309631, -0.9430134, 0.3324969), (0.01910332, -0.9006562, 0.4341123), (0.3656073, -0.8559572, 0.3656073), (0.5195657, -0.7668657, 0.376787), (-0.5, -0.7071068, 0.5), (-0.2590629, -0.7900625, 0.5555967), (-0.005618404, -0.8112294, 0.5847011), (0.02467377, -0.8128318, 0.5819757), (0.376787, -0.7668657, 0.5195657), (0.4472136, -0.7745967, 0.4472136), (-0.5, 0.7071068, -0.5), (-0.2590629, 0.7900625, -0.5555967), (-0.005618404, 0.8112294, -0.5847011), (0.02467377, 0.8128318, -0.5819757), (0.376787, 0.7668657, -0.5195657), (0.4472136, 0.7745967, -0.4472136), (-0.5555967, 0.7900625, -0.2590629), (-0.3299016, 0.8844941, -0.3299016), (-0.01309631, 0.9430134, -0.3324969), (0.01910332, 0.9006562, -0.4341123), (0.3656073, 0.8559572, -0.3656073), (0.5195657, 0.7668657, -0.376787), (-0.5847033, 0.8112325, -0.004878551), (-0.331708, 0.943313, -0.01142044), (-0.01132227, 0.9998862, -0.009973622), (0.03343323, 0.999018, -0.02907341), (0.4354615, 0.9000523, -0.01670855), (0.5823236, 0.8126672, -0.02170753), (-0.5823236, 0.8126672, 0.02170753), (-0.4354615, 0.9000523, 0.01670855), (-0.03343323, 0.999018, 0.02907341), (0.01132227, 0.9998862, 0.009973622), (0.331708, 0.943313, 0.01142044), (0.5847033, 0.8112325, 0.004878551), (-0.5195657, 0.7668657, 0.376787), (-0.3656073, 0.8559572, 0.3656073), (-0.01910332, 0.9006562, 0.4341123), (0.01309631, 0.9430134, 0.3324969), (0.3299016, 0.8844941, 0.3299016), (0.5555967, 0.7900625, 0.2590629), (-0.4472136, 0.7745967, 0.4472136), (-0.376787, 0.7668657, 0.5195657), (-0.02467377, 0.8128318, 0.5819757), (0.005618404, 0.8112294, 0.5847011), (0.2590629, 0.7900625, 0.5555967), (0.5, 0.7071068, 0.5), (-0.4472136, -0.4472136, -0.7745967), (-0.5195657, -0.376787, -0.7668657), (-0.5798637, -0.04180815, -0.8136401), (-0.5846792, 0.01030817, -0.8111991), (-0.5555967, 0.2590629, -0.7900625), (-0.5, 0.5, -0.7071068), (-0.376787, -0.5195657, -0.7668657), (-0.3656073, -0.3656073, -0.8559572), (-0.4259227, -0.0335077, -0.9041388), (-0.3373193, 0.02339411, -0.9410996), (-0.3299016, 0.3299016, -0.8844941), (-0.2590629, 0.5555967, -0.7900625), (-0.02467377, -0.5819757, -0.8128318), (-0.01910332, -0.4341123, -0.9006562), (-0.03046324, -0.05537535, -0.9980008), (-0.01232904, 0.02074428, -0.9997088), (-0.01309631, 0.3324969, -0.9430134), (-0.005618404, 0.5847011, -0.8112294), (0.005618404, -0.5847011, -0.8112294), (0.01309631, -0.3324969, -0.9430134), (0.01232904, -0.02074428, -0.9997088), (0.03046324, 0.05537535, -0.9980008), (0.01910332, 0.4341123, -0.9006562), (0.02467377, 0.5819757, -0.8128318), (0.2590629, -0.5555967, -0.7900625), (0.3299016, -0.3299016, -0.8844941), (0.3373193, -0.02339411, -0.9410996), (0.4259227, 0.0335077, -0.9041388), (0.3656073, 0.3656073, -0.8559572), (0.376787, 0.5195657, -0.7668657), (0.5, -0.5, -0.7071068), (0.5555967, -0.2590629, -0.7900625), (0.5846792, -0.01030817, -0.8111991), (0.5798637, 0.04180815, -0.8136401), (0.5195657, 0.376787, -0.7668657), (0.4472136, 0.4472136, -0.7745967), (-0.5, -0.5, 0.7071068), (-0.5555967, -0.2590629, 0.7900625), (-0.5846792, -0.01030817, 0.8111991), (-0.5798637, 0.04180815, 0.8136401), (-0.5195657, 0.376787, 0.7668657), (-0.4472136, 0.4472136, 0.7745967), (-0.2590629, -0.5555967, 0.7900625), (-0.3299016, -0.3299016, 0.8844941), (-0.3373193, -0.02339411, 0.9410996), (-0.4259227, 0.0335077, 0.9041388), (-0.3656073, 0.3656073, 0.8559572), (-0.376787, 0.5195657, 0.7668657), (-0.005618404, -0.5847011, 0.8112294), (-0.01309631, -0.3324969, 0.9430134), (-0.01232904, -0.02074428, 0.9997088), (-0.03046324, 0.05537535, 0.9980008), (-0.01910332, 0.4341123, 0.9006562), (-0.02467377, 0.5819757, 0.8128318), (0.02467377, -0.5819757, 0.8128318), (0.01910332, -0.4341123, 0.9006562), (0.03046324, -0.05537535, 0.9980008), (0.01232904, 0.02074428, 0.9997088), (0.01309631, 0.3324969, 0.9430134), (0.005618404, 0.5847011, 0.8112294), (0.376787, -0.5195657, 0.7668657), (0.3656073, -0.3656073, 0.8559572), (0.4259227, -0.0335077, 0.9041388), (0.3373193, 0.02339411, 0.9410996), (0.3299016, 0.3299016, 0.8844941), (0.2590629, 0.5555967, 0.7900625), (0.4472136, -0.4472136, 0.7745967), (0.5195657, -0.376787, 0.7668657), (0.5798637, -0.04180815, 0.8136401), (0.5846792, 0.01030817, 0.8111991), (0.5555967, 0.2590629, 0.7900625), (0.5, 0.5, 0.7071068)] (interpolation = "vertex")
            float3[] extent = [(0.00525, -0.00018, 0.0032), (0.00597, 0.0003, 0.004)]
            rel material:binding = </WorkbenchPart/Materials/solder>
        }
        def Mesh "LinkLED_01" (prepend apiSchemas = ["MaterialBindingAPI"])
        {
            uniform token subdivisionScheme = "none"
            uniform token orientation = "rightHanded"
            bool doubleSided = false
            point3f[] points = [(0.0057, -7.5e-05, 0.00483), (0.005588799, -7.5e-05, 0.004840952), (0.00548187, -7.5e-05, 0.004873389), (0.005383325, -7.5e-05, 0.004926062), (0.005296949, -7.5e-05, 0.004996949), (0.005226062, -7.5e-05, 0.005083325), (0.005173389, -7.5e-05, 0.00518187), (0.005140952, -7.5e-05, 0.005288799), (0.00513, -7.5e-05, 0.0054), (0.005140952, -7.5e-05, 0.005511201), (0.005173389, -7.5e-05, 0.00561813), (0.005226062, -7.5e-05, 0.005716675), (0.005296949, -7.5e-05, 0.005803051), (0.005383325, -7.5e-05, 0.005873938), (0.00548187, -7.5e-05, 0.005926611), (0.005588799, -7.5e-05, 0.005959048), (0.0057, -7.5e-05, 0.00597), (0.005811201, -7.5e-05, 0.005959048), (0.00591813, -7.5e-05, 0.005926611), (0.006016675, -7.5e-05, 0.005873938), (0.006103051, -7.5e-05, 0.005803051), (0.006173938, -7.5e-05, 0.005716675), (0.006226611, -7.5e-05, 0.00561813), (0.006259048, -7.5e-05, 0.005511201), (0.00627, -7.5e-05, 0.0054), (0.006259048, -7.5e-05, 0.005288799), (0.006226611, -7.5e-05, 0.00518187), (0.006173938, -7.5e-05, 0.005083325), (0.006103051, -7.5e-05, 0.004996949), (0.006016675, -7.5e-05, 0.004926062), (0.00591813, -7.5e-05, 0.004873389), (0.005811201, -7.5e-05, 0.004840952), (0.0057, 0.000195, 0.00483), (0.005588799, 0.000195, 0.004840952), (0.00548187, 0.000195, 0.004873389), (0.005383325, 0.000195, 0.004926062), (0.005296949, 0.000195, 0.004996949), (0.005226062, 0.000195, 0.005083325), (0.005173389, 0.000195, 0.00518187), (0.005140952, 0.000195, 0.005288799), (0.00513, 0.000195, 0.0054), (0.005140952, 0.000195, 0.005511201), (0.005173389, 0.000195, 0.00561813), (0.005226062, 0.000195, 0.005716675), (0.005296949, 0.000195, 0.005803051), (0.005383325, 0.000195, 0.005873938), (0.00548187, 0.000195, 0.005926611), (0.005588799, 0.000195, 0.005959048), (0.0057, 0.000195, 0.00597), (0.005811201, 0.000195, 0.005959048), (0.00591813, 0.000195, 0.005926611), (0.006016675, 0.000195, 0.005873938), (0.006103051, 0.000195, 0.005803051), (0.006173938, 0.000195, 0.005716675), (0.006226611, 0.000195, 0.00561813), (0.006259048, 0.000195, 0.005511201), (0.00627, 0.000195, 0.0054), (0.006259048, 0.000195, 0.005288799), (0.006226611, 0.000195, 0.00518187), (0.006173938, 0.000195, 0.005083325), (0.006103051, 0.000195, 0.004996949), (0.006016675, 0.000195, 0.004926062), (0.00591813, 0.000195, 0.004873389), (0.005811201, 0.000195, 0.004840952), (0.0057, -7.5e-05, 0.00483), (0.005588799, -7.5e-05, 0.004840952), (0.00548187, -7.5e-05, 0.004873389), (0.005383325, -7.5e-05, 0.004926062), (0.005296949, -7.5e-05, 0.004996949), (0.005226062, -7.5e-05, 0.005083325), (0.005173389, -7.5e-05, 0.00518187), (0.005140952, -7.5e-05, 0.005288799), (0.00513, -7.5e-05, 0.0054), (0.005140952, -7.5e-05, 0.005511201), (0.005173389, -7.5e-05, 0.00561813), (0.005226062, -7.5e-05, 0.005716675), (0.005296949, -7.5e-05, 0.005803051), (0.005383325, -7.5e-05, 0.005873938), (0.00548187, -7.5e-05, 0.005926611), (0.005588799, -7.5e-05, 0.005959048), (0.0057, -7.5e-05, 0.00597), (0.005811201, -7.5e-05, 0.005959048), (0.00591813, -7.5e-05, 0.005926611), (0.006016675, -7.5e-05, 0.005873938), (0.006103051, -7.5e-05, 0.005803051), (0.006173938, -7.5e-05, 0.005716675), (0.006226611, -7.5e-05, 0.00561813), (0.006259048, -7.5e-05, 0.005511201), (0.00627, -7.5e-05, 0.0054), (0.006259048, -7.5e-05, 0.005288799), (0.006226611, -7.5e-05, 0.00518187), (0.006173938, -7.5e-05, 0.005083325), (0.006103051, -7.5e-05, 0.004996949), (0.006016675, -7.5e-05, 0.004926062), (0.00591813, -7.5e-05, 0.004873389), (0.005811201, -7.5e-05, 0.004840952), (0.0057, 0.000195, 0.00483), (0.005588799, 0.000195, 0.004840952), (0.00548187, 0.000195, 0.004873389), (0.005383325, 0.000195, 0.004926062), (0.005296949, 0.000195, 0.004996949), (0.005226062, 0.000195, 0.005083325), (0.005173389, 0.000195, 0.00518187), (0.005140952, 0.000195, 0.005288799), (0.00513, 0.000195, 0.0054), (0.005140952, 0.000195, 0.005511201), (0.005173389, 0.000195, 0.00561813), (0.005226062, 0.000195, 0.005716675), (0.005296949, 0.000195, 0.005803051), (0.005383325, 0.000195, 0.005873938), (0.00548187, 0.000195, 0.005926611), (0.005588799, 0.000195, 0.005959048), (0.0057, 0.000195, 0.00597), (0.005811201, 0.000195, 0.005959048), (0.00591813, 0.000195, 0.005926611), (0.006016675, 0.000195, 0.005873938), (0.006103051, 0.000195, 0.005803051), (0.006173938, 0.000195, 0.005716675), (0.006226611, 0.000195, 0.00561813), (0.006259048, 0.000195, 0.005511201), (0.00627, 0.000195, 0.0054), (0.006259048, 0.000195, 0.005288799), (0.006226611, 0.000195, 0.00518187), (0.006173938, 0.000195, 0.005083325), (0.006103051, 0.000195, 0.004996949), (0.006016675, 0.000195, 0.004926062), (0.00591813, 0.000195, 0.004873389), (0.005811201, 0.000195, 0.004840952)]
            int[] faceVertexCounts = [3, 3, 3, 3, 3, 3, 3, 3, 3, 3, 3, 3, 3, 3, 3, 3, 3, 3, 3, 3, 3, 3, 3, 3, 3, 3, 3, 3, 3, 3, 3, 3, 3, 3, 3, 3, 3, 3, 3, 3, 3, 3, 3, 3, 3, 3, 3, 3, 3, 3, 3, 3, 3, 3, 3, 3, 3, 3, 3, 3, 3, 3, 3, 3, 3, 3, 3, 3, 3, 3, 3, 3, 3, 3, 3, 3, 3, 3, 3, 3, 3, 3, 3, 3, 3, 3, 3, 3, 3, 3, 3, 3, 3, 3, 3, 3, 3, 3, 3, 3, 3, 3, 3, 3, 3, 3, 3, 3, 3, 3, 3, 3, 3, 3, 3, 3, 3, 3, 3, 3, 3, 3, 3, 3]
            int[] faceVertexIndices = [95, 94, 93, 95, 93, 92, 95, 92, 91, 95, 91, 90, 95, 90, 89, 95, 89, 88, 95, 88, 87, 95, 87, 86, 95, 86, 85, 95, 85, 84, 95, 84, 83, 95, 83, 82, 95, 82, 81, 95, 81, 80, 95, 80, 79, 95, 79, 78, 95, 78, 77, 95, 77, 76, 95, 76, 75, 95, 75, 74, 95, 74, 73, 95, 73, 72, 95, 72, 71, 95, 71, 70, 95, 70, 69, 95, 69, 68, 95, 68, 67, 95, 67, 66, 95, 66, 65, 95, 65, 64, 96, 97, 98, 96, 98, 99, 96, 99, 100, 96, 100, 101, 96, 101, 102, 96, 102, 103, 96, 103, 104, 96, 104, 105, 96, 105, 106, 96, 106, 107, 96, 107, 108, 96, 108, 109, 96, 109, 110, 96, 110, 111, 96, 111, 112, 96, 112, 113, 96, 113, 114, 96, 114, 115, 96, 115, 116, 96, 116, 117, 96, 117, 118, 96, 118, 119, 96, 119, 120, 96, 120, 121, 96, 121, 122, 96, 122, 123, 96, 123, 124, 96, 124, 125, 96, 125, 126, 96, 126, 127, 0, 1, 33, 0, 33, 32, 1, 2, 34, 1, 34, 33, 2, 3, 35, 2, 35, 34, 3, 4, 36, 3, 36, 35, 4, 5, 37, 4, 37, 36, 5, 6, 38, 5, 38, 37, 6, 7, 39, 6, 39, 38, 7, 8, 40, 7, 40, 39, 8, 9, 41, 8, 41, 40, 9, 10, 42, 9, 42, 41, 10, 11, 43, 10, 43, 42, 11, 12, 44, 11, 44, 43, 12, 13, 45, 12, 45, 44, 13, 14, 46, 13, 46, 45, 14, 15, 47, 14, 47, 46, 15, 16, 48, 15, 48, 47, 16, 17, 49, 16, 49, 48, 17, 18, 50, 17, 50, 49, 18, 19, 51, 18, 51, 50, 19, 20, 52, 19, 52, 51, 20, 21, 53, 20, 53, 52, 21, 22, 54, 21, 54, 53, 22, 23, 55, 22, 55, 54, 23, 24, 56, 23, 56, 55, 24, 25, 57, 24, 57, 56, 25, 26, 58, 25, 58, 57, 26, 27, 59, 26, 59, 58, 27, 28, 60, 27, 60, 59, 28, 29, 61, 28, 61, 60, 29, 30, 62, 29, 62, 61, 30, 31, 63, 30, 63, 62, 31, 0, 32, 31, 32, 63]
            normal3f[] normals = [(-0.03281279, 0, -0.9994615), (-0.2271676, 0, -0.9738557), (-0.4127924, 0, -0.9108251), (-0.5825539, 0, -0.8127921), (-0.7299282, 0, -0.6835239), (-0.8492517, 0, -0.5279882), (-0.9359389, 0, -0.3521623), (-0.9866586, 0, -0.162803), (-0.9994615, 0, 0.03281279), (-0.9738557, 0, 0.2271676), (-0.9108251, 0, 0.4127924), (-0.8127921, 0, 0.5825539), (-0.6835239, 0, 0.7299282), (-0.5279882, 0, 0.8492517), (-0.3521623, 0, 0.9359389), (-0.162803, 0, 0.9866586), (0.03281279, 0, 0.9994615), (0.2271676, 0, 0.9738557), (0.4127924, 0, 0.9108251), (0.5825539, 0, 0.8127921), (0.7299282, 0, 0.6835239), (0.8492517, 0, 0.5279882), (0.9359389, 0, 0.3521623), (0.9866586, 0, 0.162803), (0.9994615, 0, -0.03281279), (0.9738557, 0, -0.2271676), (0.9108251, 0, -0.4127924), (0.8127921, 0, -0.5825539), (0.6835239, 0, -0.7299282), (0.5279882, 0, -0.8492517), (0.3521623, 0, -0.9359389), (0.162803, 0, -0.9866586), (0.03281279, 0, -0.9994615), (-0.162803, 0, -0.9866586), (-0.3521623, 0, -0.9359389), (-0.5279882, 0, -0.8492517), (-0.6835239, 0, -0.7299282), (-0.8127921, 0, -0.5825539), (-0.9108251, 0, -0.4127924), (-0.9738557, 0, -0.2271676), (-0.9994615, 0, -0.03281279), (-0.9866586, 0, 0.162803), (-0.9359389, 0, 0.3521623), (-0.8492517, 0, 0.5279882), (-0.7299282, 0, 0.6835239), (-0.5825539, 0, 0.8127921), (-0.4127924, 0, 0.9108251), (-0.2271676, 0, 0.9738557), (-0.03281279, 0, 0.9994615), (0.162803, 0, 0.9866586), (0.3521623, 0, 0.9359389), (0.5279882, 0, 0.8492517), (0.6835239, 0, 0.7299282), (0.8127921, 0, 0.5825539), (0.9108251, 0, 0.4127924), (0.9738557, 0, 0.2271676), (0.9994615, 0, 0.03281279), (0.9866586, 0, -0.162803), (0.9359389, 0, -0.3521623), (0.8492517, 0, -0.5279882), (0.7299282, 0, -0.6835239), (0.5825539, 0, -0.8127921), (0.4127924, 0, -0.9108251), (0.2271676, 0, -0.9738557), (0, -1, 0), (0, -1, 0), (0, -1, 0), (0, -1, 0), (0, -1, 0), (0, -1, 0), (0, -1, 0), (0, -1, 0), (0, -1, 0), (0, -1, 0), (0, -1, 0), (0, -1, 0), (0, -1, 0), (0, -1, 0), (0, -1, 0), (0, -1, 0), (0, -1, 0), (0, -1, 0), (0, -1, 0), (0, -1, 0), (0, -1, 0), (0, -1, 0), (0, -1, 0), (0, -1, 0), (0, -1, 0), (0, -1, 0), (0, -1, 0), (0, -1, 0), (0, -1, 0), (0, -1, 0), (0, -1, 0), (0, -1, 0), (0, 1, 0), (0, 1, 0), (0, 1, 0), (0, 1, 0), (0, 1, 0), (0, 1, 0), (0, 1, 0), (0, 1, 0), (0, 1, 0), (0, 1, 0), (0, 1, 0), (0, 1, 0), (0, 1, 0), (0, 1, 0), (0, 1, 0), (0, 1, 0), (0, 1, 0), (0, 1, 0), (0, 1, 0), (0, 1, 0), (0, 1, 0), (0, 1, 0), (0, 1, 0), (0, 1, 0), (0, 1, 0), (0, 1, 0), (0, 1, 0), (0, 1, 0), (0, 1, 0), (0, 1, 0), (0, 1, 0), (0, 1, 0)] (interpolation = "vertex")
            float3[] extent = [(0.00513, -7.5e-05, 0.00483), (0.00627, 0.000195, 0.00597)]
            rel material:binding = </WorkbenchPart/Materials/led>
        }
        def Mesh "BindButton_01" (prepend apiSchemas = ["MaterialBindingAPI"])
        {
            uniform token subdivisionScheme = "none"
            uniform token orientation = "rightHanded"
            bool doubleSided = false
            point3f[] points = [(-0.006399282, -0.000144282, 0.004750718), (-0.00641, -0.000155, 0.00478), (-0.006414853, -0.0001598528, 0.00482), (-0.006414853, -0.0001598528, 0.00678), (-0.00641, -0.000155, 0.00682), (-0.006399282, -0.000144282, 0.006849282), (-0.00641, -0.000115, 0.00474), (-0.00642798, -0.0001239898, 0.00477101), (-0.006437331, -0.0001286656, 0.00482), (-0.006437331, -0.0001286656, 0.00678), (-0.00642798, -0.0001239898, 0.00682899), (-0.00641, -0.000115, 0.00686), (-0.006414853, -7.5e-05, 0.004735147), (-0.006437331, -7.5e-05, 0.004766334), (-0.00645, -7.5e-05, 0.00482), (-0.00645, -7.5e-05, 0.00678), (-0.006437331, -7.5e-05, 0.006833666), (-0.006414853, -7.5e-05, 0.006864853), (-0.006414853, 0.000285, 0.004735147), (-0.006437331, 0.000285, 0.004766334), (-0.00645, 0.000285, 0.00482), (-0.00645, 0.000285, 0.00678), (-0.006437331, 0.000285, 0.006833666), (-0.006414853, 0.000285, 0.006864853), (-0.00641, 0.000325, 0.00474), (-0.00642798, 0.0003339898, 0.00477101), (-0.006437331, 0.0003386656, 0.00482), (-0.006437331, 0.0003386656, 0.00678), (-0.00642798, 0.0003339898, 0.00682899), (-0.00641, 0.000325, 0.00686), (-0.006399282, 0.000354282, 0.004750718), (-0.00641, 0.000365, 0.00478), (-0.006414853, 0.0003698528, 0.00482), (-0.006414853, 0.0003698528, 0.00678), (-0.00641, 0.000365, 0.00682), (-0.006399282, 0.000354282, 0.006849282), (-0.004400718, -0.000144282, 0.004750718), (-0.00439, -0.000155, 0.00478), (-0.004385147, -0.0001598528, 0.00482), (-0.004385147, -0.0001598528, 0.00678), (-0.00439, -0.000155, 0.00682), (-0.004400718, -0.000144282, 0.006849282), (-0.00439, -0.000115, 0.00474), (-0.00437202, -0.0001239898, 0.00477101), (-0.004362669, -0.0001286656, 0.00482), (-0.004362669, -0.0001286656, 0.00678), (-0.00437202, -0.0001239898, 0.00682899), (-0.00439, -0.000115, 0.00686), (-0.004385147, -7.5e-05, 0.004735147), (-0.004362669, -7.5e-05, 0.004766334), (-0.00435, -7.5e-05, 0.00482), (-0.00435, -7.5e-05, 0.00678), (-0.004362669, -7.5e-05, 0.006833666), (-0.004385147, -7.5e-05, 0.006864853), (-0.004385147, 0.000285, 0.004735147), (-0.004362669, 0.000285, 0.004766334), (-0.00435, 0.000285, 0.00482), (-0.00435, 0.000285, 0.00678), (-0.004362669, 0.000285, 0.006833666), (-0.004385147, 0.000285, 0.006864853), (-0.00439, 0.000325, 0.00474), (-0.00437202, 0.0003339898, 0.00477101), (-0.004362669, 0.0003386656, 0.00482), (-0.004362669, 0.0003386656, 0.00678), (-0.00437202, 0.0003339898, 0.00682899), (-0.00439, 0.000325, 0.00686), (-0.004400718, 0.000354282, 0.004750718), (-0.00439, 0.000365, 0.00478), (-0.004385147, 0.0003698528, 0.00482), (-0.004385147, 0.0003698528, 0.00678), (-0.00439, 0.000365, 0.00682), (-0.004400718, 0.000354282, 0.006849282), (-0.006399282, -0.000144282, 0.004750718), (-0.00637, -0.000155, 0.00474), (-0.00633, -0.0001598528, 0.004735147), (-0.00447, -0.0001598528, 0.004735147), (-0.00443, -0.000155, 0.00474), (-0.004400718, -0.000144282, 0.004750718), (-0.00641, -0.000155, 0.00478), (-0.00637899, -0.0001729796, 0.00477101), (-0.00633, -0.0001823313, 0.004766334), (-0.00447, -0.0001823313, 0.004766334), (-0.00442101, -0.0001729796, 0.00477101), (-0.00439, -0.000155, 0.00478), (-0.006414853, -0.0001598528, 0.00482), (-0.006383666, -0.0001823313, 0.00482), (-0.00633, -0.000195, 0.00482), (-0.00447, -0.000195, 0.00482), (-0.004416334, -0.0001823313, 0.00482), (-0.004385147, -0.0001598528, 0.00482), (-0.006414853, -0.0001598528, 0.00678), (-0.006383666, -0.0001823313, 0.00678), (-0.00633, -0.000195, 0.00678), (-0.00447, -0.000195, 0.00678), (-0.004416334, -0.0001823313, 0.00678), (-0.004385147, -0.0001598528, 0.00678), (-0.00641, -0.000155, 0.00682), (-0.00637899, -0.0001729796, 0.00682899), (-0.00633, -0.0001823313, 0.006833666), (-0.00447, -0.0001823313, 0.006833666), (-0.00442101, -0.0001729796, 0.00682899), (-0.00439, -0.000155, 0.00682), (-0.006399282, -0.000144282, 0.006849282), (-0.00637, -0.000155, 0.00686), (-0.00633, -0.0001598528, 0.006864853), (-0.00447, -0.0001598528, 0.006864853), (-0.00443, -0.000155, 0.00686), (-0.004400718, -0.000144282, 0.006849282), (-0.006399282, 0.000354282, 0.004750718), (-0.00637, 0.000365, 0.00474), (-0.00633, 0.0003698528, 0.004735147), (-0.00447, 0.0003698528, 0.004735147), (-0.00443, 0.000365, 0.00474), (-0.004400718, 0.000354282, 0.004750718), (-0.00641, 0.000365, 0.00478), (-0.00637899, 0.0003829796, 0.00477101), (-0.00633, 0.0003923313, 0.004766334), (-0.00447, 0.0003923313, 0.004766334), (-0.00442101, 0.0003829796, 0.00477101), (-0.00439, 0.000365, 0.00478), (-0.006414853, 0.0003698528, 0.00482), (-0.006383666, 0.0003923313, 0.00482), (-0.00633, 0.000405, 0.00482), (-0.00447, 0.000405, 0.00482), (-0.004416334, 0.0003923313, 0.00482), (-0.004385147, 0.0003698528, 0.00482), (-0.006414853, 0.0003698528, 0.00678), (-0.006383666, 0.0003923313, 0.00678), (-0.00633, 0.000405, 0.00678), (-0.00447, 0.000405, 0.00678), (-0.004416334, 0.0003923313, 0.00678), (-0.004385147, 0.0003698528, 0.00678), (-0.00641, 0.000365, 0.00682), (-0.00637899, 0.0003829796, 0.00682899), (-0.00633, 0.0003923313, 0.006833666), (-0.00447, 0.0003923313, 0.006833666), (-0.00442101, 0.0003829796, 0.00682899), (-0.00439, 0.000365, 0.00682), (-0.006399282, 0.000354282, 0.006849282), (-0.00637, 0.000365, 0.00686), (-0.00633, 0.0003698528, 0.006864853), (-0.00447, 0.0003698528, 0.006864853), (-0.00443, 0.000365, 0.00686), (-0.004400718, 0.000354282, 0.006849282), (-0.006399282, -0.000144282, 0.004750718), (-0.00641, -0.000115, 0.00474), (-0.006414853, -7.5e-05, 0.004735147), (-0.006414853, 0.000285, 0.004735147), (-0.00641, 0.000325, 0.00474), (-0.006399282, 0.000354282, 0.004750718), (-0.00637, -0.000155, 0.00474), (-0.00637899, -0.0001239898, 0.00472202), (-0.006383666, -7.5e-05, 0.004712669), (-0.006383666, 0.000285, 0.004712669), (-0.00637899, 0.0003339898, 0.00472202), (-0.00637, 0.000365, 0.00474), (-0.00633, -0.0001598528, 0.004735147), (-0.00633, -0.0001286656, 0.004712669), (-0.00633, -7.5e-05, 0.0047), (-0.00633, 0.000285, 0.0047), (-0.00633, 0.0003386656, 0.004712669), (-0.00633, 0.0003698528, 0.004735147), (-0.00447, -0.0001598528, 0.004735147), (-0.00447, -0.0001286656, 0.004712669), (-0.00447, -7.5e-05, 0.0047), (-0.00447, 0.000285, 0.0047), (-0.00447, 0.0003386656, 0.004712669), (-0.00447, 0.0003698528, 0.004735147), (-0.00443, -0.000155, 0.00474), (-0.00442101, -0.0001239898, 0.00472202), (-0.004416334, -7.5e-05, 0.004712669), (-0.004416334, 0.000285, 0.004712669), (-0.00442101, 0.0003339898, 0.00472202), (-0.00443, 0.000365, 0.00474), (-0.004400718, -0.000144282, 0.004750718), (-0.00439, -0.000115, 0.00474), (-0.004385147, -7.5e-05, 0.004735147), (-0.004385147, 0.000285, 0.004735147), (-0.00439, 0.000325, 0.00474), (-0.004400718, 0.000354282, 0.004750718), (-0.006399282, -0.000144282, 0.006849282), (-0.00641, -0.000115, 0.00686), (-0.006414853, -7.5e-05, 0.006864853), (-0.006414853, 0.000285, 0.006864853), (-0.00641, 0.000325, 0.00686), (-0.006399282, 0.000354282, 0.006849282), (-0.00637, -0.000155, 0.00686), (-0.00637899, -0.0001239898, 0.00687798), (-0.006383666, -7.5e-05, 0.006887331), (-0.006383666, 0.000285, 0.006887331), (-0.00637899, 0.0003339898, 0.00687798), (-0.00637, 0.000365, 0.00686), (-0.00633, -0.0001598528, 0.006864853), (-0.00633, -0.0001286656, 0.006887331), (-0.00633, -7.5e-05, 0.0069), (-0.00633, 0.000285, 0.0069), (-0.00633, 0.0003386656, 0.006887331), (-0.00633, 0.0003698528, 0.006864853), (-0.00447, -0.0001598528, 0.006864853), (-0.00447, -0.0001286656, 0.006887331), (-0.00447, -7.5e-05, 0.0069), (-0.00447, 0.000285, 0.0069), (-0.00447, 0.0003386656, 0.006887331), (-0.00447, 0.0003698528, 0.006864853), (-0.00443, -0.000155, 0.00686), (-0.00442101, -0.0001239898, 0.00687798), (-0.004416334, -7.5e-05, 0.006887331), (-0.004416334, 0.000285, 0.006887331), (-0.00442101, 0.0003339898, 0.00687798), (-0.00443, 0.000365, 0.00686), (-0.004400718, -0.000144282, 0.006849282), (-0.00439, -0.000115, 0.00686), (-0.004385147, -7.5e-05, 0.006864853), (-0.004385147, 0.000285, 0.006864853), (-0.00439, 0.000325, 0.00686), (-0.004400718, 0.000354282, 0.006849282)]
            int[] faceVertexCounts = [3, 3, 3, 3, 3, 3, 3, 3, 3, 3, 3, 3, 3, 3, 3, 3, 3, 3, 3, 3, 3, 3, 3, 3, 3, 3, 3, 3, 3, 3, 3, 3, 3, 3, 3, 3, 3, 3, 3, 3, 3, 3, 3, 3, 3, 3, 3, 3, 3, 3, 3, 3, 3, 3, 3, 3, 3, 3, 3, 3, 3, 3, 3, 3, 3, 3, 3, 3, 3, 3, 3, 3, 3, 3, 3, 3, 3, 3, 3, 3, 3, 3, 3, 3, 3, 3, 3, 3, 3, 3, 3, 3, 3, 3, 3, 3, 3, 3, 3, 3, 3, 3, 3, 3, 3, 3, 3, 3, 3, 3, 3, 3, 3, 3, 3, 3, 3, 3, 3, 3, 3, 3, 3, 3, 3, 3, 3, 3, 3, 3, 3, 3, 3, 3, 3, 3, 3, 3, 3, 3, 3, 3, 3, 3, 3, 3, 3, 3, 3, 3, 3, 3, 3, 3, 3, 3, 3, 3, 3, 3, 3, 3, 3, 3, 3, 3, 3, 3, 3, 3, 3, 3, 3, 3, 3, 3, 3, 3, 3, 3, 3, 3, 3, 3, 3, 3, 3, 3, 3, 3, 3, 3, 3, 3, 3, 3, 3, 3, 3, 3, 3, 3, 3, 3, 3, 3, 3, 3, 3, 3, 3, 3, 3, 3, 3, 3, 3, 3, 3, 3, 3, 3, 3, 3, 3, 3, 3, 3, 3, 3, 3, 3, 3, 3, 3, 3, 3, 3, 3, 3, 3, 3, 3, 3, 3, 3, 3, 3, 3, 3, 3, 3, 3, 3, 3, 3, 3, 3, 3, 3, 3, 3, 3, 3, 3, 3, 3, 3, 3, 3, 3, 3, 3, 3, 3, 3, 3, 3, 3, 3, 3, 3, 3, 3, 3, 3, 3, 3, 3, 3, 3, 3, 3, 3, 3, 3, 3, 3, 3, 3]
            int[] faceVertexIndices = [1, 7, 6, 1, 6, 0, 2, 8, 7, 2, 7, 1, 3, 9, 8, 3, 8, 2, 4, 10, 9, 4, 9, 3, 5, 11, 10, 5, 10, 4, 7, 13, 12, 7, 12, 6, 8, 14, 13, 8, 13, 7, 9, 15, 14, 9, 14, 8, 10, 16, 15, 10, 15, 9, 11, 17, 16, 11, 16, 10, 13, 19, 18, 13, 18, 12, 14, 20, 19, 14, 19, 13, 15, 21, 20, 15, 20, 14, 16, 22, 21, 16, 21, 15, 17, 23, 22, 17, 22, 16, 19, 25, 24, 19, 24, 18, 20, 26, 25, 20, 25, 19, 21, 27, 26, 21, 26, 20, 22, 28, 27, 22, 27, 21, 23, 29, 28, 23, 28, 22, 25, 31, 30, 25, 30, 24, 26, 32, 31, 26, 31, 25, 27, 33, 32, 27, 32, 26, 28, 34, 33, 28, 33, 27, 29, 35, 34, 29, 34, 28, 36, 42, 43, 36, 43, 37, 37, 43, 44, 37, 44, 38, 38, 44, 45, 38, 45, 39, 39, 45, 46, 39, 46, 40, 40, 46, 47, 40, 47, 41, 42, 48, 49, 42, 49, 43, 43, 49, 50, 43, 50, 44, 44, 50, 51, 44, 51, 45, 45, 51, 52, 45, 52, 46, 46, 52, 53, 46, 53, 47, 48, 54, 55, 48, 55, 49, 49, 55, 56, 49, 56, 50, 50, 56, 57, 50, 57, 51, 51, 57, 58, 51, 58, 52, 52, 58, 59, 52, 59, 53, 54, 60, 61, 54, 61, 55, 55, 61, 62, 55, 62, 56, 56, 62, 63, 56, 63, 57, 57, 63, 64, 57, 64, 58, 58, 64, 65, 58, 65, 59, 60, 66, 67, 60, 67, 61, 61, 67, 68, 61, 68, 62, 62, 68, 69, 62, 69, 63, 63, 69, 70, 63, 70, 64, 64, 70, 71, 64, 71, 65, 73, 79, 78, 73, 78, 72, 74, 80, 79, 74, 79, 73, 75, 81, 80, 75, 80, 74, 76, 82, 81, 76, 81, 75, 77, 83, 82, 77, 82, 76, 79, 85, 84, 79, 84, 78, 80, 86, 85, 80, 85, 79, 81, 87, 86, 81, 86, 80, 82, 88, 87, 82, 87, 81, 83, 89, 88, 83, 88, 82, 85, 91, 90, 85, 90, 84, 86, 92, 91, 86, 91, 85, 87, 93, 92, 87, 92, 86, 88, 94, 93, 88, 93, 87, 89, 95, 94, 89, 94, 88, 91, 97, 96, 91, 96, 90, 92, 98, 97, 92, 97, 91, 93, 99, 98, 93, 98, 92, 94, 100, 99, 94, 99, 93, 95, 101, 100, 95, 100, 94, 97, 103, 102, 97, 102, 96, 98, 104, 103, 98, 103, 97, 99, 105, 104, 99, 104, 98, 100, 106, 105, 100, 105, 99, 101, 107, 106, 101, 106, 100, 108, 114, 115, 108, 115, 109, 109, 115, 116, 109, 116, 110, 110, 116, 117, 110, 117, 111, 111, 117, 118, 111, 118, 112, 112, 118, 119, 112, 119, 113, 114, 120, 121, 114, 121, 115, 115, 121, 122, 115, 122, 116, 116, 122, 123, 116, 123, 117, 117, 123, 124, 117, 124, 118, 118, 124, 125, 118, 125, 119, 120, 126, 127, 120, 127, 121, 121, 127, 128, 121, 128, 122, 122, 128, 129, 122, 129, 123, 123, 129, 130, 123, 130, 124, 124, 130, 131, 124, 131, 125, 126, 132, 133, 126, 133, 127, 127, 133, 134, 127, 134, 128, 128, 134, 135, 128, 135, 129, 129, 135, 136, 129, 136, 130, 130, 136, 137, 130, 137, 131, 132, 138, 139, 132, 139, 133, 133, 139, 140, 133, 140, 134, 134, 140, 141, 134, 141, 135, 135, 141, 142, 135, 142, 136, 136, 142, 143, 136, 143, 137, 145, 151, 150, 145, 150, 144, 146, 152, 151, 146, 151, 145, 147, 153, 152, 147, 152, 146, 148, 154, 153, 148, 153, 147, 149, 155, 154, 149, 154, 148, 151, 157, 156, 151, 156, 150, 152, 158, 157, 152, 157, 151, 153, 159, 158, 153, 158, 152, 154, 160, 159, 154, 159, 153, 155, 161, 160, 155, 160, 154, 157, 163, 162, 157, 162, 156, 158, 164, 163, 158, 163, 157, 159, 165, 164, 159, 164, 158, 160, 166, 165, 160, 165, 159, 161, 167, 166, 161, 166, 160, 163, 169, 168, 163, 168, 162, 164, 170, 169, 164, 169, 163, 165, 171, 170, 165, 170, 164, 166, 172, 171, 166, 171, 165, 167, 173, 172, 167, 172, 166, 169, 175, 174, 169, 174, 168, 170, 176, 175, 170, 175, 169, 171, 177, 176, 171, 176, 170, 172, 178, 177, 172, 177, 171, 173, 179, 178, 173, 178, 172, 180, 186, 187, 180, 187, 181, 181, 187, 188, 181, 188, 182, 182, 188, 189, 182, 189, 183, 183, 189, 190, 183, 190, 184, 184, 190, 191, 184, 191, 185, 186, 192, 193, 186, 193, 187, 187, 193, 194, 187, 194, 188, 188, 194, 195, 188, 195, 189, 189, 195, 196, 189, 196, 190, 190, 196, 197, 190, 197, 191, 192, 198, 199, 192, 199, 193, 193, 199, 200, 193, 200, 194, 194, 200, 201, 194, 201, 195, 195, 201, 202, 195, 202, 196, 196, 202, 203, 196, 203, 197, 198, 204, 205, 198, 205, 199, 199, 205, 206, 199, 206, 200, 200, 206, 207, 200, 207, 201, 201, 207, 208, 201, 208, 202, 202, 208, 209, 202, 209, 203, 204, 210, 211, 204, 211, 205, 205, 211, 212, 205, 212, 206, 206, 212, 213, 206, 213, 207, 207, 213, 214, 207, 214, 208, 208, 214, 215, 208, 215, 209]
            normal3f[] normals = [(-0.7745967, -0.4472136, -0.4472136), (-0.7668657, -0.5195657, -0.376787), (-0.8118171, -0.583856, -0.008067075), (-0.811241, -0.5847094, 0.001710679), (-0.7900625, -0.5555967, 0.2590629), (-0.7071068, -0.5, 0.5), (-0.7668657, -0.376787, -0.5195657), (-0.8559572, -0.3656073, -0.3656073), (-0.8972776, -0.4414253, -0.00604698), (-0.944586, -0.3282387, 0.004079265), (-0.8844941, -0.3299016, 0.3299016), (-0.7900625, -0.2590629, 0.5555967), (-0.8134374, -0.0369927, -0.5804749), (-0.9031619, -0.02935805, -0.4282951), (-0.9985685, -0.05250117, -0.01022188), (-0.9998506, -0.01687814, 0.003726001), (-0.9416712, -0.02038848, 0.3359162), (-0.81121, -0.008913195, 0.5846871), (-0.81121, 0.008913195, -0.5846871), (-0.9416712, 0.02038848, -0.3359162), (-0.9998506, 0.01687814, -0.003726001), (-0.9985685, 0.05250117, 0.01022188), (-0.9031619, 0.02935805, 0.4282951), (-0.8134374, 0.0369927, 0.5804749), (-0.7900625, 0.2590629, -0.5555967), (-0.8844941, 0.3299016, -0.3299016), (-0.944586, 0.3282387, -0.004079265), (-0.8972776, 0.4414253, 0.00604698), (-0.8559572, 0.3656073, 0.3656073), (-0.7668657, 0.376787, 0.5195657), (-0.7071068, 0.5, -0.5), (-0.7900625, 0.5555967, -0.2590629), (-0.811241, 0.5847094, -0.001710679), (-0.8118171, 0.583856, 0.008067075), (-0.7668657, 0.5195657, 0.376787), (-0.7745967, 0.4472136, 0.4472136), (0.7071068, -0.5, -0.5), (0.7900625, -0.5555967, -0.2590629), (0.811241, -0.5847094, -0.001710679), (0.8118171, -0.583856, 0.008067075), (0.7668657, -0.5195657, 0.376787), (0.7745967, -0.4472136, 0.4472136), (0.7900625, -0.2590629, -0.5555967), (0.8844941, -0.3299016, -0.3299016), (0.944586, -0.3282387, -0.004079265), (0.8972776, -0.4414253, 0.00604698), (0.8559572, -0.3656073, 0.3656073), (0.7668657, -0.376787, 0.5195657), (0.81121, -0.008913195, -0.5846871), (0.9416712, -0.02038848, -0.3359162), (0.9998506, -0.01687814, -0.003726001), (0.9985685, -0.05250117, 0.01022188), (0.9031619, -0.02935805, 0.4282951), (0.8134374, -0.0369927, 0.5804749), (0.8134374, 0.0369927, -0.5804749), (0.9031619, 0.02935805, -0.4282951), (0.9985685, 0.05250117, -0.01022188), (0.9998506, 0.01687814, 0.003726001), (0.9416712, 0.02038848, 0.3359162), (0.81121, 0.008913195, 0.5846871), (0.7668657, 0.376787, -0.5195657), (0.8559572, 0.3656073, -0.3656073), (0.8972776, 0.4414253, -0.00604698), (0.944586, 0.3282387, 0.004079265), (0.8844941, 0.3299016, 0.3299016), (0.7900625, 0.2590629, 0.5555967), (0.7745967, 0.4472136, -0.4472136), (0.7668657, 0.5195657, -0.376787), (0.8118171, 0.583856, -0.008067075), (0.811241, 0.5847094, 0.001710679), (0.7900625, 0.5555967, 0.2590629), (0.7071068, 0.5, 0.5), (-0.4472136, -0.7745967, -0.4472136), (-0.376787, -0.7668657, -0.5195657), (-0.008481624, -0.8118452, -0.5838111), (0.001801672, -0.8112409, -0.5847093), (0.2590629, -0.7900625, -0.5555967), (0.5, -0.7071068, -0.5), (-0.5195657, -0.7668657, -0.376787), (-0.3656073, -0.8559572, -0.3656073), (-0.006362773, -0.8973618, -0.4412497), (0.00429395, -0.9445497, -0.3283405), (0.3299016, -0.8844941, -0.3299016), (0.5555967, -0.7900625, -0.2590629), (-0.583856, -0.8118171, -0.008067075), (-0.4414253, -0.8972776, -0.00604698), (-0.01240215, -0.9998537, -0.01177794), (0.003467613, -0.9999885, -0.003298732), (0.3282387, -0.944586, -0.004079265), (0.5847094, -0.811241, -0.001710679), (-0.5847094, -0.811241, 0.001710679), (-0.3282387, -0.944586, 0.004079265), (-0.003467613, -0.9999885, 0.003298732), (0.01240215, -0.9998537, 0.01177794), (0.4414253, -0.8972776, 0.00604698), (0.583856, -0.8118171, 0.008067075), (-0.5555967, -0.7900625, 0.2590629), (-0.3299016, -0.8844941, 0.3299016), (-0.00429395, -0.9445497, 0.3283405), (0.006362773, -0.8973618, 0.4412497), (0.3656073, -0.8559572, 0.3656073), (0.5195657, -0.7668657, 0.376787), (-0.5, -0.7071068, 0.5), (-0.2590629, -0.7900625, 0.5555967), (-0.001801672, -0.8112409, 0.5847093), (0.008481624, -0.8118452, 0.5838111), (0.376787, -0.7668657, 0.5195657), (0.4472136, -0.7745967, 0.4472136), (-0.5, 0.7071068, -0.5), (-0.2590629, 0.7900625, -0.5555967), (-0.001801672, 0.8112409, -0.5847093), (0.008481624, 0.8118452, -0.5838111), (0.376787, 0.7668657, -0.5195657), (0.4472136, 0.7745967, -0.4472136), (-0.5555967, 0.7900625, -0.2590629), (-0.3299016, 0.8844941, -0.3299016), (-0.00429395, 0.9445497, -0.3283405), (0.006362773, 0.8973618, -0.4412497), (0.3656073, 0.8559572, -0.3656073), (0.5195657, 0.7668657, -0.376787), (-0.5847094, 0.811241, -0.001710679), (-0.3282387, 0.944586, -0.004079265), (-0.003467613, 0.9999885, -0.003298732), (0.01240215, 0.9998537, -0.01177794), (0.4414253, 0.8972776, -0.00604698), (0.583856, 0.8118171, -0.008067075), (-0.583856, 0.8118171, 0.008067075), (-0.4414253, 0.8972776, 0.00604698), (-0.01240215, 0.9998537, 0.01177794), (0.003467613, 0.9999885, 0.003298732), (0.3282387, 0.944586, 0.004079265), (0.5847094, 0.811241, 0.001710679), (-0.5195657, 0.7668657, 0.376787), (-0.3656073, 0.8559572, 0.3656073), (-0.006362773, 0.8973618, 0.4412497), (0.00429395, 0.9445497, 0.3283405), (0.3299016, 0.8844941, 0.3299016), (0.5555967, 0.7900625, 0.2590629), (-0.4472136, 0.7745967, 0.4472136), (-0.376787, 0.7668657, 0.5195657), (-0.008481624, 0.8118452, 0.5838111), (0.001801672, 0.8112409, 0.5847093), (0.2590629, 0.7900625, 0.5555967), (0.5, 0.7071068, 0.5), (-0.4472136, -0.4472136, -0.7745967), (-0.5195657, -0.376787, -0.7668657), (-0.5804749, -0.0369927, -0.8134374), (-0.5846871, 0.008913195, -0.81121), (-0.5555967, 0.2590629, -0.7900625), (-0.5, 0.5, -0.7071068), (-0.376787, -0.5195657, -0.7668657), (-0.3656073, -0.3656073, -0.8559572), (-0.4282951, -0.02935805, -0.9031619), (-0.3359162, 0.02038848, -0.9416712), (-0.3299016, 0.3299016, -0.8844941), (-0.2590629, 0.5555967, -0.7900625), (-0.008481624, -0.5838111, -0.8118452), (-0.006362773, -0.4412497, -0.8973618), (-0.01074638, -0.05241703, -0.9985675), (-0.003922954, 0.01690485, -0.9998494), (-0.00429395, 0.3283405, -0.9445497), (-0.001801672, 0.5847093, -0.8112409), (0.001801672, -0.5847093, -0.8112409), (0.00429395, -0.3283405, -0.9445497), (0.003922954, -0.01690485, -0.9998494), (0.01074638, 0.05241703, -0.9985675), (0.006362773, 0.4412497, -0.8973618), (0.008481624, 0.5838111, -0.8118452), (0.2590629, -0.5555967, -0.7900625), (0.3299016, -0.3299016, -0.8844941), (0.3359162, -0.02038848, -0.9416712), (0.4282951, 0.02935805, -0.9031619), (0.3656073, 0.3656073, -0.8559572), (0.376787, 0.5195657, -0.7668657), (0.5, -0.5, -0.7071068), (0.5555967, -0.2590629, -0.7900625), (0.5846871, -0.008913195, -0.81121), (0.5804749, 0.0369927, -0.8134374), (0.5195657, 0.376787, -0.7668657), (0.4472136, 0.4472136, -0.7745967), (-0.5, -0.5, 0.7071068), (-0.5555967, -0.2590629, 0.7900625), (-0.5846871, -0.008913195, 0.81121), (-0.5804749, 0.0369927, 0.8134374), (-0.5195657, 0.376787, 0.7668657), (-0.4472136, 0.4472136, 0.7745967), (-0.2590629, -0.5555967, 0.7900625), (-0.3299016, -0.3299016, 0.8844941), (-0.3359162, -0.02038848, 0.9416712), (-0.4282951, 0.02935805, 0.9031619), (-0.3656073, 0.3656073, 0.8559572), (-0.376787, 0.5195657, 0.7668657), (-0.001801672, -0.5847093, 0.8112409), (-0.00429395, -0.3283405, 0.9445497), (-0.003922954, -0.01690485, 0.9998494), (-0.01074638, 0.05241703, 0.9985675), (-0.006362773, 0.4412497, 0.8973618), (-0.008481624, 0.5838111, 0.8118452), (0.008481624, -0.5838111, 0.8118452), (0.006362773, -0.4412497, 0.8973618), (0.01074638, -0.05241703, 0.9985675), (0.003922954, 0.01690485, 0.9998494), (0.00429395, 0.3283405, 0.9445497), (0.001801672, 0.5847093, 0.8112409), (0.376787, -0.5195657, 0.7668657), (0.3656073, -0.3656073, 0.8559572), (0.4282951, -0.02935805, 0.9031619), (0.3359162, 0.02038848, 0.9416712), (0.3299016, 0.3299016, 0.8844941), (0.2590629, 0.5555967, 0.7900625), (0.4472136, -0.4472136, 0.7745967), (0.5195657, -0.376787, 0.7668657), (0.5804749, -0.0369927, 0.8134374), (0.5846871, 0.008913195, 0.81121), (0.5555967, 0.2590629, 0.7900625), (0.5, 0.5, 0.7071068)] (interpolation = "vertex")
            float3[] extent = [(-0.00645, -0.000195, 0.0047), (-0.00435, 0.000405, 0.0069)]
            rel material:binding = </WorkbenchPart/Materials/ceramic>
            texCoord2f[] primvars:st = [(-0.01722222, 0.5311111), (-0.01377664, 0.5301122), (-0.01277778, 0.5266667), (-0.01722222, 0.5311111), (-0.01277778, 0.5266667), (-0.01603134, 0.5278576), (-0.01776142, 0.5355556), (-0.01429618, 0.5355556), (-0.01377664, 0.5301122), (-0.01776142, 0.5355556), (-0.01377664, 0.5301122), (-0.01722222, 0.5311111), (-0.01776142, 0.7533333), (-0.01429618, 0.7533333), (-0.01429618, 0.5355556), (-0.01776142, 0.7533333), (-0.01429618, 0.5355556), (-0.01776142, 0.5355556), (-0.01722222, 0.7577778), (-0.01377664, 0.7587766), (-0.01429618, 0.7533333), (-0.01722222, 0.7577778), (-0.01429618, 0.7533333), (-0.01776142, 0.7533333), (-0.01603134, 0.7610313), (-0.01277778, 0.7622222), (-0.01377664, 0.7587766), (-0.01603134, 0.7610313), (-0.01377664, 0.7587766), (-0.01722222, 0.7577778), (-0.01377664, 0.5301122), (-0.008333333, 0.5295927), (-0.008333333, 0.5261275), (-0.01377664, 0.5301122), (-0.008333333, 0.5261275), (-0.01277778, 0.5266667), (-0.01429618, 0.5355556), (-0.008333333, 0.5355556), (-0.008333333, 0.5295927), (-0.01429618, 0.5355556), (-0.008333333, 0.5295927), (-0.01377664, 0.5301122), (-0.01429618, 0.7533333), (-0.008333333, 0.7533333), (-0.008333333, 0.5355556), (-0.01429618, 0.7533333), (-0.008333333, 0.5355556), (-0.01429618, 0.5355556), (-0.01377664, 0.7587766), (-0.008333333, 0.7592962), (-0.008333333, 0.7533333), (-0.01377664, 0.7587766), (-0.008333333, 0.7533333), (-0.01429618, 0.7533333), (-0.01277778, 0.7622222), (-0.008333333, 0.7627614), (-0.008333333, 0.7592962), (-0.01277778, 0.7622222), (-0.008333333, 0.7592962), (-0.01377664, 0.7587766), (-0.008333333, 0.5295927), (0.03166667, 0.5295927), (0.03166667, 0.5261275), (-0.008333333, 0.5295927), (0.03166667, 0.5261275), (-0.008333333, 0.5261275), (-0.008333333, 0.5355556), (0.03166667, 0.5355556), (0.03166667, 0.5295927), (-0.008333333, 0.5355556), (0.03166667, 0.5295927), (-0.008333333, 0.5295927), (-0.008333333, 0.7533333), (0.03166667, 0.7533333), (0.03166667, 0.5355556), (-0.008333333, 0.7533333), (0.03166667, 0.5355556), (-0.008333333, 0.5355556), (-0.008333333, 0.7592962), (0.03166667, 0.7592962), (0.03166667, 0.7533333), (-0.008333333, 0.7592962), (0.03166667, 0.7533333), (-0.008333333, 0.7533333), (-0.008333333, 0.7627614), (0.03166667, 0.7627614), (0.03166667, 0.7592962), (-0.008333333, 0.7627614), (0.03166667, 0.7592962), (-0.008333333, 0.7592962), (0.03166667, 0.5295927), (0.03710998, 0.5301122), (0.03611111, 0.5266667), (0.03166667, 0.5295927), (0.03611111, 0.5266667), (0.03166667, 0.5261275), (0.03166667, 0.5355556), (0.03762951, 0.5355556), (0.03710998, 0.5301122), (0.03166667, 0.5355556), (0.03710998, 0.5301122), (0.03166667, 0.5295927), (0.03166667, 0.7533333), (0.03762951, 0.7533333), (0.03762951, 0.5355556), (0.03166667, 0.7533333), (0.03762951, 0.5355556), (0.03166667, 0.5355556), (0.03166667, 0.7592962), (0.03710998, 0.7587766), (0.03762951, 0.7533333), (0.03166667, 0.7592962), (0.03762951, 0.7533333), (0.03166667, 0.7533333), (0.03166667, 0.7627614), (0.03611111, 0.7622222), (0.03710998, 0.7587766), (0.03166667, 0.7627614), (0.03710998, 0.7587766), (0.03166667, 0.7592962), (0.03710998, 0.5301122), (0.04055556, 0.5311111), (0.03936467, 0.5278576), (0.03710998, 0.5301122), (0.03936467, 0.5278576), (0.03611111, 0.5266667), (0.03762951, 0.5355556), (0.04109476, 0.5355556), (0.04055556, 0.5311111), (0.03762951, 0.5355556), (0.04055556, 0.5311111), (0.03710998, 0.5301122), (0.03762951, 0.7533333), (0.04109476, 0.7533333), (0.04109476, 0.5355556), (0.03762951, 0.7533333), (0.04109476, 0.5355556), (0.03762951, 0.5355556), (0.03710998, 0.7587766), (0.04055556, 0.7577778), (0.04109476, 0.7533333), (0.03710998, 0.7587766), (0.04109476, 0.7533333), (0.03762951, 0.7533333), (0.03611111, 0.7622222), (0.03936467, 0.7610313), (0.04055556, 0.7577778), (0.03611111, 0.7622222), (0.04055556, 0.7577778), (0.03710998, 0.7587766), (-0.01603134, 0.5278576), (-0.01277778, 0.5266667), (-0.01377664, 0.5301122), (-0.01603134, 0.5278576), (-0.01377664, 0.5301122), (-0.01722222, 0.5311111), (-0.01722222, 0.5311111), (-0.01377664, 0.5301122), (-0.01429618, 0.5355556), (-0.01722222, 0.5311111), (-0.01429618, 0.5355556), (-0.01776142, 0.5355556), (-0.01776142, 0.5355556), (-0.01429618, 0.5355556), (-0.01429618, 0.7533333), (-0.01776142, 0.5355556), (-0.01429618, 0.7533333), (-0.01776142, 0.7533333), (-0.01776142, 0.7533333), (-0.01429618, 0.7533333), (-0.01377664, 0.7587766), (-0.01776142, 0.7533333), (-0.01377664, 0.7587766), (-0.01722222, 0.7577778), (-0.01722222, 0.7577778), (-0.01377664, 0.7587766), (-0.01277778, 0.7622222), (-0.01722222, 0.7577778), (-0.01277778, 0.7622222), (-0.01603134, 0.7610313), (-0.01277778, 0.5266667), (-0.008333333, 0.5261275), (-0.008333333, 0.5295927), (-0.01277778, 0.5266667), (-0.008333333, 0.5295927), (-0.01377664, 0.5301122), (-0.01377664, 0.5301122), (-0.008333333, 0.5295927), (-0.008333333, 0.5355556), (-0.01377664, 0.5301122), (-0.008333333, 0.5355556), (-0.01429618, 0.5355556), (-0.01429618, 0.5355556), (-0.008333333, 0.5355556), (-0.008333333, 0.7533333), (-0.01429618, 0.5355556), (-0.008333333, 0.7533333), (-0.01429618, 0.7533333), (-0.01429618, 0.7533333), (-0.008333333, 0.7533333), (-0.008333333, 0.7592962), (-0.01429618, 0.7533333), (-0.008333333, 0.7592962), (-0.01377664, 0.7587766), (-0.01377664, 0.7587766), (-0.008333333, 0.7592962), (-0.008333333, 0.7627614), (-0.01377664, 0.7587766), (-0.008333333, 0.7627614), (-0.01277778, 0.7622222), (-0.008333333, 0.5261275), (0.03166667, 0.5261275), (0.03166667, 0.5295927), (-0.008333333, 0.5261275), (0.03166667, 0.5295927), (-0.008333333, 0.5295927), (-0.008333333, 0.5295927), (0.03166667, 0.5295927), (0.03166667, 0.5355556), (-0.008333333, 0.5295927), (0.03166667, 0.5355556), (-0.008333333, 0.5355556), (-0.008333333, 0.5355556), (0.03166667, 0.5355556), (0.03166667, 0.7533333), (-0.008333333, 0.5355556), (0.03166667, 0.7533333), (-0.008333333, 0.7533333), (-0.008333333, 0.7533333), (0.03166667, 0.7533333), (0.03166667, 0.7592962), (-0.008333333, 0.7533333), (0.03166667, 0.7592962), (-0.008333333, 0.7592962), (-0.008333333, 0.7592962), (0.03166667, 0.7592962), (0.03166667, 0.7627614), (-0.008333333, 0.7592962), (0.03166667, 0.7627614), (-0.008333333, 0.7627614), (0.03166667, 0.5261275), (0.03611111, 0.5266667), (0.03710998, 0.5301122), (0.03166667, 0.5261275), (0.03710998, 0.5301122), (0.03166667, 0.5295927), (0.03166667, 0.5295927), (0.03710998, 0.5301122), (0.03762951, 0.5355556), (0.03166667, 0.5295927), (0.03762951, 0.5355556), (0.03166667, 0.5355556), (0.03166667, 0.5355556), (0.03762951, 0.5355556), (0.03762951, 0.7533333), (0.03166667, 0.5355556), (0.03762951, 0.7533333), (0.03166667, 0.7533333), (0.03166667, 0.7533333), (0.03762951, 0.7533333), (0.03710998, 0.7587766), (0.03166667, 0.7533333), (0.03710998, 0.7587766), (0.03166667, 0.7592962), (0.03166667, 0.7592962), (0.03710998, 0.7587766), (0.03611111, 0.7622222), (0.03166667, 0.7592962), (0.03611111, 0.7622222), (0.03166667, 0.7627614), (0.03611111, 0.5266667), (0.03936467, 0.5278576), (0.04055556, 0.5311111), (0.03611111, 0.5266667), (0.04055556, 0.5311111), (0.03710998, 0.5301122), (0.03710998, 0.5301122), (0.04055556, 0.5311111), (0.04109476, 0.5355556), (0.03710998, 0.5301122), (0.04109476, 0.5355556), (0.03762951, 0.5355556), (0.03762951, 0.5355556), (0.04109476, 0.5355556), (0.04109476, 0.7533333), (0.03762951, 0.5355556), (0.04109476, 0.7533333), (0.03762951, 0.7533333), (0.03762951, 0.7533333), (0.04109476, 0.7533333), (0.04055556, 0.7577778), (0.03762951, 0.7533333), (0.04055556, 0.7577778), (0.03710998, 0.7587766), (0.03710998, 0.7587766), (0.04055556, 0.7577778), (0.03936467, 0.7610313), (0.03710998, 0.7587766), (0.03936467, 0.7610313), (0.03611111, 0.7622222), (-0.7077778, 0.5266667), (-0.7087766, 0.5301122), (-0.7122222, 0.5311111), (-0.7077778, 0.5266667), (-0.7122222, 0.5311111), (-0.7110313, 0.5278576), (-0.7033333, 0.5261275), (-0.7033333, 0.5295927), (-0.7087766, 0.5301122), (-0.7033333, 0.5261275), (-0.7087766, 0.5301122), (-0.7077778, 0.5266667), (-0.4966667, 0.5261275), (-0.4966667, 0.5295927), (-0.7033333, 0.5295927), (-0.4966667, 0.5261275), (-0.7033333, 0.5295927), (-0.7033333, 0.5261275), (-0.4922222, 0.5266667), (-0.4912234, 0.5301122), (-0.4966667, 0.5295927), (-0.4922222, 0.5266667), (-0.4966667, 0.5295927), (-0.4966667, 0.5261275), (-0.4889687, 0.5278576), (-0.4877778, 0.5311111), (-0.4912234, 0.5301122), (-0.4889687, 0.5278576), (-0.4912234, 0.5301122), (-0.4922222, 0.5266667), (-0.7087766, 0.5301122), (-0.7092962, 0.5355556), (-0.7127614, 0.5355556), (-0.7087766, 0.5301122), (-0.7127614, 0.5355556), (-0.7122222, 0.5311111), (-0.7033333, 0.5295927), (-0.7033333, 0.5355556), (-0.7092962, 0.5355556), (-0.7033333, 0.5295927), (-0.7092962, 0.5355556), (-0.7087766, 0.5301122), (-0.4966667, 0.5295927), (-0.4966667, 0.5355556), (-0.7033333, 0.5355556), (-0.4966667, 0.5295927), (-0.7033333, 0.5355556), (-0.7033333, 0.5295927), (-0.4912234, 0.5301122), (-0.4907038, 0.5355556), (-0.4966667, 0.5355556), (-0.4912234, 0.5301122), (-0.4966667, 0.5355556), (-0.4966667, 0.5295927), (-0.4877778, 0.5311111), (-0.4872386, 0.5355556), (-0.4907038, 0.5355556), (-0.4877778, 0.5311111), (-0.4907038, 0.5355556), (-0.4912234, 0.5301122), (-0.7092962, 0.5355556), (-0.7092962, 0.7533333), (-0.7127614, 0.7533333), (-0.7092962, 0.5355556), (-0.7127614, 0.7533333), (-0.7127614, 0.5355556), (-0.7033333, 0.5355556), (-0.7033333, 0.7533333), (-0.7092962, 0.7533333), (-0.7033333, 0.5355556), (-0.7092962, 0.7533333), (-0.7092962, 0.5355556), (-0.4966667, 0.5355556), (-0.4966667, 0.7533333), (-0.7033333, 0.7533333), (-0.4966667, 0.5355556), (-0.7033333, 0.7533333), (-0.7033333, 0.5355556), (-0.4907038, 0.5355556), (-0.4907038, 0.7533333), (-0.4966667, 0.7533333), (-0.4907038, 0.5355556), (-0.4966667, 0.7533333), (-0.4966667, 0.5355556), (-0.4872386, 0.5355556), (-0.4872386, 0.7533333), (-0.4907038, 0.7533333), (-0.4872386, 0.5355556), (-0.4907038, 0.7533333), (-0.4907038, 0.5355556), (-0.7092962, 0.7533333), (-0.7087766, 0.7587766), (-0.7122222, 0.7577778), (-0.7092962, 0.7533333), (-0.7122222, 0.7577778), (-0.7127614, 0.7533333), (-0.7033333, 0.7533333), (-0.7033333, 0.7592962), (-0.7087766, 0.7587766), (-0.7033333, 0.7533333), (-0.7087766, 0.7587766), (-0.7092962, 0.7533333), (-0.4966667, 0.7533333), (-0.4966667, 0.7592962), (-0.7033333, 0.7592962), (-0.4966667, 0.7533333), (-0.7033333, 0.7592962), (-0.7033333, 0.7533333), (-0.4907038, 0.7533333), (-0.4912234, 0.7587766), (-0.4966667, 0.7592962), (-0.4907038, 0.7533333), (-0.4966667, 0.7592962), (-0.4966667, 0.7533333), (-0.4872386, 0.7533333), (-0.4877778, 0.7577778), (-0.4912234, 0.7587766), (-0.4872386, 0.7533333), (-0.4912234, 0.7587766), (-0.4907038, 0.7533333), (-0.7087766, 0.7587766), (-0.7077778, 0.7622222), (-0.7110313, 0.7610313), (-0.7087766, 0.7587766), (-0.7110313, 0.7610313), (-0.7122222, 0.7577778), (-0.7033333, 0.7592962), (-0.7033333, 0.7627614), (-0.7077778, 0.7622222), (-0.7033333, 0.7592962), (-0.7077778, 0.7622222), (-0.7087766, 0.7587766), (-0.4966667, 0.7592962), (-0.4966667, 0.7627614), (-0.7033333, 0.7627614), (-0.4966667, 0.7592962), (-0.7033333, 0.7627614), (-0.7033333, 0.7592962), (-0.4912234, 0.7587766), (-0.4922222, 0.7622222), (-0.4966667, 0.7627614), (-0.4912234, 0.7587766), (-0.4966667, 0.7627614), (-0.4966667, 0.7592962), (-0.4877778, 0.7577778), (-0.4889687, 0.7610313), (-0.4922222, 0.7622222), (-0.4877778, 0.7577778), (-0.4922222, 0.7622222), (-0.4912234, 0.7587766), (-0.7110313, 0.5278576), (-0.7122222, 0.5311111), (-0.7087766, 0.5301122), (-0.7110313, 0.5278576), (-0.7087766, 0.5301122), (-0.7077778, 0.5266667), (-0.7077778, 0.5266667), (-0.7087766, 0.5301122), (-0.7033333, 0.5295927), (-0.7077778, 0.5266667), (-0.7033333, 0.5295927), (-0.7033333, 0.5261275), (-0.7033333, 0.5261275), (-0.7033333, 0.5295927), (-0.4966667, 0.5295927), (-0.7033333, 0.5261275), (-0.4966667, 0.5295927), (-0.4966667, 0.5261275), (-0.4966667, 0.5261275), (-0.4966667, 0.5295927), (-0.4912234, 0.5301122), (-0.4966667, 0.5261275), (-0.4912234, 0.5301122), (-0.4922222, 0.5266667), (-0.4922222, 0.5266667), (-0.4912234, 0.5301122), (-0.4877778, 0.5311111), (-0.4922222, 0.5266667), (-0.4877778, 0.5311111), (-0.4889687, 0.5278576), (-0.7122222, 0.5311111), (-0.7127614, 0.5355556), (-0.7092962, 0.5355556), (-0.7122222, 0.5311111), (-0.7092962, 0.5355556), (-0.7087766, 0.5301122), (-0.7087766, 0.5301122), (-0.7092962, 0.5355556), (-0.7033333, 0.5355556), (-0.7087766, 0.5301122), (-0.7033333, 0.5355556), (-0.7033333, 0.5295927), (-0.7033333, 0.5295927), (-0.7033333, 0.5355556), (-0.4966667, 0.5355556), (-0.7033333, 0.5295927), (-0.4966667, 0.5355556), (-0.4966667, 0.5295927), (-0.4966667, 0.5295927), (-0.4966667, 0.5355556), (-0.4907038, 0.5355556), (-0.4966667, 0.5295927), (-0.4907038, 0.5355556), (-0.4912234, 0.5301122), (-0.4912234, 0.5301122), (-0.4907038, 0.5355556), (-0.4872386, 0.5355556), (-0.4912234, 0.5301122), (-0.4872386, 0.5355556), (-0.4877778, 0.5311111), (-0.7127614, 0.5355556), (-0.7127614, 0.7533333), (-0.7092962, 0.7533333), (-0.7127614, 0.5355556), (-0.7092962, 0.7533333), (-0.7092962, 0.5355556), (-0.7092962, 0.5355556), (-0.7092962, 0.7533333), (-0.7033333, 0.7533333), (-0.7092962, 0.5355556), (-0.7033333, 0.7533333), (-0.7033333, 0.5355556), (-0.7033333, 0.5355556), (-0.7033333, 0.7533333), (-0.4966667, 0.7533333), (-0.7033333, 0.5355556), (-0.4966667, 0.7533333), (-0.4966667, 0.5355556), (-0.4966667, 0.5355556), (-0.4966667, 0.7533333), (-0.4907038, 0.7533333), (-0.4966667, 0.5355556), (-0.4907038, 0.7533333), (-0.4907038, 0.5355556), (-0.4907038, 0.5355556), (-0.4907038, 0.7533333), (-0.4872386, 0.7533333), (-0.4907038, 0.5355556), (-0.4872386, 0.7533333), (-0.4872386, 0.5355556), (-0.7127614, 0.7533333), (-0.7122222, 0.7577778), (-0.7087766, 0.7587766), (-0.7127614, 0.7533333), (-0.7087766, 0.7587766), (-0.7092962, 0.7533333), (-0.7092962, 0.7533333), (-0.7087766, 0.7587766), (-0.7033333, 0.7592962), (-0.7092962, 0.7533333), (-0.7033333, 0.7592962), (-0.7033333, 0.7533333), (-0.7033333, 0.7533333), (-0.7033333, 0.7592962), (-0.4966667, 0.7592962), (-0.7033333, 0.7533333), (-0.4966667, 0.7592962), (-0.4966667, 0.7533333), (-0.4966667, 0.7533333), (-0.4966667, 0.7592962), (-0.4912234, 0.7587766), (-0.4966667, 0.7533333), (-0.4912234, 0.7587766), (-0.4907038, 0.7533333), (-0.4907038, 0.7533333), (-0.4912234, 0.7587766), (-0.4877778, 0.7577778), (-0.4907038, 0.7533333), (-0.4877778, 0.7577778), (-0.4872386, 0.7533333), (-0.7122222, 0.7577778), (-0.7110313, 0.7610313), (-0.7077778, 0.7622222), (-0.7122222, 0.7577778), (-0.7077778, 0.7622222), (-0.7087766, 0.7587766), (-0.7087766, 0.7587766), (-0.7077778, 0.7622222), (-0.7033333, 0.7627614), (-0.7087766, 0.7587766), (-0.7033333, 0.7627614), (-0.7033333, 0.7592962), (-0.7033333, 0.7592962), (-0.7033333, 0.7627614), (-0.4966667, 0.7627614), (-0.7033333, 0.7592962), (-0.4966667, 0.7627614), (-0.4966667, 0.7592962), (-0.4966667, 0.7592962), (-0.4966667, 0.7627614), (-0.4922222, 0.7622222), (-0.4966667, 0.7592962), (-0.4922222, 0.7622222), (-0.4912234, 0.7587766), (-0.4912234, 0.7587766), (-0.4922222, 0.7622222), (-0.4889687, 0.7610313), (-0.4912234, 0.7587766), (-0.4889687, 0.7610313), (-0.4877778, 0.7577778), (-0.7122222, -0.01277778), (-0.7087766, -0.01377664), (-0.7077778, -0.01722222), (-0.7122222, -0.01277778), (-0.7077778, -0.01722222), (-0.7110313, -0.01603134), (-0.7127614, -0.008333333), (-0.7092962, -0.008333333), (-0.7087766, -0.01377664), (-0.7127614, -0.008333333), (-0.7087766, -0.01377664), (-0.7122222, -0.01277778), (-0.7127614, 0.03166667), (-0.7092962, 0.03166667), (-0.7092962, -0.008333333), (-0.7127614, 0.03166667), (-0.7092962, -0.008333333), (-0.7127614, -0.008333333), (-0.7122222, 0.03611111), (-0.7087766, 0.03710998), (-0.7092962, 0.03166667), (-0.7122222, 0.03611111), (-0.7092962, 0.03166667), (-0.7127614, 0.03166667), (-0.7110313, 0.03936467), (-0.7077778, 0.04055556), (-0.7087766, 0.03710998), (-0.7110313, 0.03936467), (-0.7087766, 0.03710998), (-0.7122222, 0.03611111), (-0.7087766, -0.01377664), (-0.7033333, -0.01429618), (-0.7033333, -0.01776142), (-0.7087766, -0.01377664), (-0.7033333, -0.01776142), (-0.7077778, -0.01722222), (-0.7092962, -0.008333333), (-0.7033333, -0.008333333), (-0.7033333, -0.01429618), (-0.7092962, -0.008333333), (-0.7033333, -0.01429618), (-0.7087766, -0.01377664), (-0.7092962, 0.03166667), (-0.7033333, 0.03166667), (-0.7033333, -0.008333333), (-0.7092962, 0.03166667), (-0.7033333, -0.008333333), (-0.7092962, -0.008333333), (-0.7087766, 0.03710998), (-0.7033333, 0.03762951), (-0.7033333, 0.03166667), (-0.7087766, 0.03710998), (-0.7033333, 0.03166667), (-0.7092962, 0.03166667), (-0.7077778, 0.04055556), (-0.7033333, 0.04109476), (-0.7033333, 0.03762951), (-0.7077778, 0.04055556), (-0.7033333, 0.03762951), (-0.7087766, 0.03710998), (-0.7033333, -0.01429618), (-0.4966667, -0.01429618), (-0.4966667, -0.01776142), (-0.7033333, -0.01429618), (-0.4966667, -0.01776142), (-0.7033333, -0.01776142), (-0.7033333, -0.008333333), (-0.4966667, -0.008333333), (-0.4966667, -0.01429618), (-0.7033333, -0.008333333), (-0.4966667, -0.01429618), (-0.7033333, -0.01429618), (-0.7033333, 0.03166667), (-0.4966667, 0.03166667), (-0.4966667, -0.008333333), (-0.7033333, 0.03166667), (-0.4966667, -0.008333333), (-0.7033333, -0.008333333), (-0.7033333, 0.03762951), (-0.4966667, 0.03762951), (-0.4966667, 0.03166667), (-0.7033333, 0.03762951), (-0.4966667, 0.03166667), (-0.7033333, 0.03166667), (-0.7033333, 0.04109476), (-0.4966667, 0.04109476), (-0.4966667, 0.03762951), (-0.7033333, 0.04109476), (-0.4966667, 0.03762951), (-0.7033333, 0.03762951), (-0.4966667, -0.01429618), (-0.4912234, -0.01377664), (-0.4922222, -0.01722222), (-0.4966667, -0.01429618), (-0.4922222, -0.01722222), (-0.4966667, -0.01776142), (-0.4966667, -0.008333333), (-0.4907038, -0.008333333), (-0.4912234, -0.01377664), (-0.4966667, -0.008333333), (-0.4912234, -0.01377664), (-0.4966667, -0.01429618), (-0.4966667, 0.03166667), (-0.4907038, 0.03166667), (-0.4907038, -0.008333333), (-0.4966667, 0.03166667), (-0.4907038, -0.008333333), (-0.4966667, -0.008333333), (-0.4966667, 0.03762951), (-0.4912234, 0.03710998), (-0.4907038, 0.03166667), (-0.4966667, 0.03762951), (-0.4907038, 0.03166667), (-0.4966667, 0.03166667), (-0.4966667, 0.04109476), (-0.4922222, 0.04055556), (-0.4912234, 0.03710998), (-0.4966667, 0.04109476), (-0.4912234, 0.03710998), (-0.4966667, 0.03762951), (-0.4912234, -0.01377664), (-0.4877778, -0.01277778), (-0.4889687, -0.01603134), (-0.4912234, -0.01377664), (-0.4889687, -0.01603134), (-0.4922222, -0.01722222), (-0.4907038, -0.008333333), (-0.4872386, -0.008333333), (-0.4877778, -0.01277778), (-0.4907038, -0.008333333), (-0.4877778, -0.01277778), (-0.4912234, -0.01377664), (-0.4907038, 0.03166667), (-0.4872386, 0.03166667), (-0.4872386, -0.008333333), (-0.4907038, 0.03166667), (-0.4872386, -0.008333333), (-0.4907038, -0.008333333), (-0.4912234, 0.03710998), (-0.4877778, 0.03611111), (-0.4872386, 0.03166667), (-0.4912234, 0.03710998), (-0.4872386, 0.03166667), (-0.4907038, 0.03166667), (-0.4922222, 0.04055556), (-0.4889687, 0.03936467), (-0.4877778, 0.03611111), (-0.4922222, 0.04055556), (-0.4877778, 0.03611111), (-0.4912234, 0.03710998), (-0.7110313, -0.01603134), (-0.7077778, -0.01722222), (-0.7087766, -0.01377664), (-0.7110313, -0.01603134), (-0.7087766, -0.01377664), (-0.7122222, -0.01277778), (-0.7122222, -0.01277778), (-0.7087766, -0.01377664), (-0.7092962, -0.008333333), (-0.7122222, -0.01277778), (-0.7092962, -0.008333333), (-0.7127614, -0.008333333), (-0.7127614, -0.008333333), (-0.7092962, -0.008333333), (-0.7092962, 0.03166667), (-0.7127614, -0.008333333), (-0.7092962, 0.03166667), (-0.7127614, 0.03166667), (-0.7127614, 0.03166667), (-0.7092962, 0.03166667), (-0.7087766, 0.03710998), (-0.7127614, 0.03166667), (-0.7087766, 0.03710998), (-0.7122222, 0.03611111), (-0.7122222, 0.03611111), (-0.7087766, 0.03710998), (-0.7077778, 0.04055556), (-0.7122222, 0.03611111), (-0.7077778, 0.04055556), (-0.7110313, 0.03936467), (-0.7077778, -0.01722222), (-0.7033333, -0.01776142), (-0.7033333, -0.01429618), (-0.7077778, -0.01722222), (-0.7033333, -0.01429618), (-0.7087766, -0.01377664), (-0.7087766, -0.01377664), (-0.7033333, -0.01429618), (-0.7033333, -0.008333333), (-0.7087766, -0.01377664), (-0.7033333, -0.008333333), (-0.7092962, -0.008333333), (-0.7092962, -0.008333333), (-0.7033333, -0.008333333), (-0.7033333, 0.03166667), (-0.7092962, -0.008333333), (-0.7033333, 0.03166667), (-0.7092962, 0.03166667), (-0.7092962, 0.03166667), (-0.7033333, 0.03166667), (-0.7033333, 0.03762951), (-0.7092962, 0.03166667), (-0.7033333, 0.03762951), (-0.7087766, 0.03710998), (-0.7087766, 0.03710998), (-0.7033333, 0.03762951), (-0.7033333, 0.04109476), (-0.7087766, 0.03710998), (-0.7033333, 0.04109476), (-0.7077778, 0.04055556), (-0.7033333, -0.01776142), (-0.4966667, -0.01776142), (-0.4966667, -0.01429618), (-0.7033333, -0.01776142), (-0.4966667, -0.01429618), (-0.7033333, -0.01429618), (-0.7033333, -0.01429618), (-0.4966667, -0.01429618), (-0.4966667, -0.008333333), (-0.7033333, -0.01429618), (-0.4966667, -0.008333333), (-0.7033333, -0.008333333), (-0.7033333, -0.008333333), (-0.4966667, -0.008333333), (-0.4966667, 0.03166667), (-0.7033333, -0.008333333), (-0.4966667, 0.03166667), (-0.7033333, 0.03166667), (-0.7033333, 0.03166667), (-0.4966667, 0.03166667), (-0.4966667, 0.03762951), (-0.7033333, 0.03166667), (-0.4966667, 0.03762951), (-0.7033333, 0.03762951), (-0.7033333, 0.03762951), (-0.4966667, 0.03762951), (-0.4966667, 0.04109476), (-0.7033333, 0.03762951), (-0.4966667, 0.04109476), (-0.7033333, 0.04109476), (-0.4966667, -0.01776142), (-0.4922222, -0.01722222), (-0.4912234, -0.01377664), (-0.4966667, -0.01776142), (-0.4912234, -0.01377664), (-0.4966667, -0.01429618), (-0.4966667, -0.01429618), (-0.4912234, -0.01377664), (-0.4907038, -0.008333333), (-0.4966667, -0.01429618), (-0.4907038, -0.008333333), (-0.4966667, -0.008333333), (-0.4966667, -0.008333333), (-0.4907038, -0.008333333), (-0.4907038, 0.03166667), (-0.4966667, -0.008333333), (-0.4907038, 0.03166667), (-0.4966667, 0.03166667), (-0.4966667, 0.03166667), (-0.4907038, 0.03166667), (-0.4912234, 0.03710998), (-0.4966667, 0.03166667), (-0.4912234, 0.03710998), (-0.4966667, 0.03762951), (-0.4966667, 0.03762951), (-0.4912234, 0.03710998), (-0.4922222, 0.04055556), (-0.4966667, 0.03762951), (-0.4922222, 0.04055556), (-0.4966667, 0.04109476), (-0.4922222, -0.01722222), (-0.4889687, -0.01603134), (-0.4877778, -0.01277778), (-0.4922222, -0.01722222), (-0.4877778, -0.01277778), (-0.4912234, -0.01377664), (-0.4912234, -0.01377664), (-0.4877778, -0.01277778), (-0.4872386, -0.008333333), (-0.4912234, -0.01377664), (-0.4872386, -0.008333333), (-0.4907038, -0.008333333), (-0.4907038, -0.008333333), (-0.4872386, -0.008333333), (-0.4872386, 0.03166667), (-0.4907038, -0.008333333), (-0.4872386, 0.03166667), (-0.4907038, 0.03166667), (-0.4907038, 0.03166667), (-0.4872386, 0.03166667), (-0.4877778, 0.03611111), (-0.4907038, 0.03166667), (-0.4877778, 0.03611111), (-0.4912234, 0.03710998), (-0.4912234, 0.03710998), (-0.4877778, 0.03611111), (-0.4889687, 0.03936467), (-0.4912234, 0.03710998), (-0.4889687, 0.03936467), (-0.4922222, 0.04055556)] (interpolation = "faceVarying")
        }
        def Mesh "IdentificationLabel_01" (prepend apiSchemas = ["MaterialBindingAPI"])
        {
            uniform token subdivisionScheme = "none"
            uniform token orientation = "rightHanded"
            bool doubleSided = true
            point3f[] points = [(-0.00465, 0.001185, -0.005), (-0.00465, 0.001185, -0.0041), (-0.00465, 0.001185, -0.0032), (-0.00465, 0.001185, -0.0023), (-0.00465, 0.001185, -0.0014), (-0.00465, 0.001185, -0.0005), (-0.00465, 0.001185, 0.0004), (-0.00465, 0.001185, 0.0013), (-0.00465, 0.001185, 0.0022), (-0.0034875, 0.001185, -0.005), (-0.0034875, 0.001185, -0.0041), (-0.0034875, 0.001185, -0.0032), (-0.0034875, 0.001185, -0.0023), (-0.0034875, 0.001185, -0.0014), (-0.0034875, 0.001185, -0.0005), (-0.0034875, 0.001185, 0.0004), (-0.0034875, 0.001185, 0.0013), (-0.0034875, 0.001185, 0.0022), (-0.002325, 0.001185, -0.005), (-0.002325, 0.001185, -0.0041), (-0.002325, 0.001185, -0.0032), (-0.002325, 0.001185, -0.0023), (-0.002325, 0.001185, -0.0014), (-0.002325, 0.001185, -0.0005), (-0.002325, 0.001185, 0.0004), (-0.002325, 0.001185, 0.0013), (-0.002325, 0.001185, 0.0022), (-0.0011625, 0.001185, -0.005), (-0.0011625, 0.001185, -0.0041), (-0.0011625, 0.001185, -0.0032), (-0.0011625, 0.001185, -0.0023), (-0.0011625, 0.001185, -0.0014), (-0.0011625, 0.001185, -0.0005), (-0.0011625, 0.001185, 0.0004), (-0.0011625, 0.001185, 0.0013), (-0.0011625, 0.001185, 0.0022), (0, 0.001185, -0.005), (0, 0.001185, -0.0041), (0, 0.001185, -0.0032), (0, 0.001185, -0.0023), (0, 0.001185, -0.0014), (0, 0.001185, -0.0005), (0, 0.001185, 0.0004), (0, 0.001185, 0.0013), (0, 0.001185, 0.0022), (0.0011625, 0.001185, -0.005), (0.0011625, 0.001185, -0.0041), (0.0011625, 0.001185, -0.0032), (0.0011625, 0.001185, -0.0023), (0.0011625, 0.001185, -0.0014), (0.0011625, 0.001185, -0.0005), (0.0011625, 0.001185, 0.0004), (0.0011625, 0.001185, 0.0013), (0.0011625, 0.001185, 0.0022), (0.002325, 0.001185, -0.005), (0.002325, 0.001185, -0.0041), (0.002325, 0.001185, -0.0032), (0.002325, 0.001185, -0.0023), (0.002325, 0.001185, -0.0014), (0.002325, 0.001185, -0.0005), (0.002325, 0.001185, 0.0004), (0.002325, 0.001185, 0.0013), (0.002325, 0.001185, 0.0022), (0.0034875, 0.001185, -0.005), (0.0034875, 0.001185, -0.0041), (0.0034875, 0.001185, -0.0032), (0.0034875, 0.001185, -0.0023), (0.0034875, 0.001185, -0.0014), (0.0034875, 0.001185, -0.0005), (0.0034875, 0.001185, 0.0004), (0.0034875, 0.001185, 0.0013), (0.0034875, 0.001185, 0.0022), (0.00465, 0.001185, -0.005), (0.00465, 0.001185, -0.0041), (0.00465, 0.001185, -0.0032), (0.00465, 0.001185, -0.0023), (0.00465, 0.001185, -0.0014), (0.00465, 0.001185, -0.0005), (0.00465, 0.001185, 0.0004), (0.00465, 0.001185, 0.0013), (0.00465, 0.001185, 0.0022)]
            int[] faceVertexCounts = [3, 3, 3, 3, 3, 3, 3, 3, 3, 3, 3, 3, 3, 3, 3, 3, 3, 3, 3, 3, 3, 3, 3, 3, 3, 3, 3, 3, 3, 3, 3, 3, 3, 3, 3, 3, 3, 3, 3, 3, 3, 3, 3, 3, 3, 3, 3, 3, 3, 3, 3, 3, 3, 3, 3, 3, 3, 3, 3, 3, 3, 3, 3, 3, 3, 3, 3, 3, 3, 3, 3, 3, 3, 3, 3, 3, 3, 3, 3, 3, 3, 3, 3, 3, 3, 3, 3, 3, 3, 3, 3, 3, 3, 3, 3, 3, 3, 3, 3, 3, 3, 3, 3, 3, 3, 3, 3, 3, 3, 3, 3, 3, 3, 3, 3, 3, 3, 3, 3, 3, 3, 3, 3, 3, 3, 3, 3, 3]
            int[] faceVertexIndices = [0, 1, 10, 0, 10, 9, 1, 2, 11, 1, 11, 10, 2, 3, 12, 2, 12, 11, 3, 4, 13, 3, 13, 12, 4, 5, 14, 4, 14, 13, 5, 6, 15, 5, 15, 14, 6, 7, 16, 6, 16, 15, 7, 8, 17, 7, 17, 16, 9, 10, 19, 9, 19, 18, 10, 11, 20, 10, 20, 19, 11, 12, 21, 11, 21, 20, 12, 13, 22, 12, 22, 21, 13, 14, 23, 13, 23, 22, 14, 15, 24, 14, 24, 23, 15, 16, 25, 15, 25, 24, 16, 17, 26, 16, 26, 25, 18, 19, 28, 18, 28, 27, 19, 20, 29, 19, 29, 28, 20, 21, 30, 20, 30, 29, 21, 22, 31, 21, 31, 30, 22, 23, 32, 22, 32, 31, 23, 24, 33, 23, 33, 32, 24, 25, 34, 24, 34, 33, 25, 26, 35, 25, 35, 34, 27, 28, 37, 27, 37, 36, 28, 29, 38, 28, 38, 37, 29, 30, 39, 29, 39, 38, 30, 31, 40, 30, 40, 39, 31, 32, 41, 31, 41, 40, 32, 33, 42, 32, 42, 41, 33, 34, 43, 33, 43, 42, 34, 35, 44, 34, 44, 43, 36, 37, 46, 36, 46, 45, 37, 38, 47, 37, 47, 46, 38, 39, 48, 38, 48, 47, 39, 40, 49, 39, 49, 48, 40, 41, 50, 40, 50, 49, 41, 42, 51, 41, 51, 50, 42, 43, 52, 42, 52, 51, 43, 44, 53, 43, 53, 52, 45, 46, 55, 45, 55, 54, 46, 47, 56, 46, 56, 55, 47, 48, 57, 47, 57, 56, 48, 49, 58, 48, 58, 57, 49, 50, 59, 49, 59, 58, 50, 51, 60, 50, 60, 59, 51, 52, 61, 51, 61, 60, 52, 53, 62, 52, 62, 61, 54, 55, 64, 54, 64, 63, 55, 56, 65, 55, 65, 64, 56, 57, 66, 56, 66, 65, 57, 58, 67, 57, 67, 66, 58, 59, 68, 58, 68, 67, 59, 60, 69, 59, 69, 68, 60, 61, 70, 60, 70, 69, 61, 62, 71, 61, 71, 70, 63, 64, 73, 63, 73, 72, 64, 65, 74, 64, 74, 73, 65, 66, 75, 65, 75, 74, 66, 67, 76, 66, 76, 75, 67, 68, 77, 67, 77, 76, 68, 69, 78, 68, 78, 77, 69, 70, 79, 69, 79, 78, 70, 71, 80, 70, 80, 79]
            normal3f[] normals = [(-0, 1, -0), (-0, 1, -0), (-0, 1, -0), (-0, 1, -0), (-0, 1, -0), (-0, 1, -0), (-0, 1, -0), (-0, 1, -0), (-0, 1, -0), (-0, 1, -0), (-0, 1, -0), (-0, 1, -0), (-0, 1, -0), (-0, 1, -0), (-0, 1, -0), (-0, 1, -0), (-0, 1, -0), (-0, 1, -0), (-0, 1, -0), (-0, 1, -0), (-0, 1, -0), (-0, 1, -0), (-0, 1, -0), (-0, 1, -0), (-0, 1, -0), (-0, 1, -0), (-0, 1, -0), (-0, 1, -0), (-0, 1, -0), (-0, 1, -0), (-0, 1, -0), (-0, 1, -0), (-0, 1, -0), (-0, 1, -0), (-0, 1, -0), (-0, 1, -0), (-0, 1, -0), (-0, 1, -0), (-0, 1, -0), (-0, 1, -0), (-0, 1, -0), (-0, 1, -0), (-0, 1, -0), (-0, 1, -0), (-0, 1, -0), (-0, 1, -0), (-0, 1, -0), (-0, 1, -0), (-0, 1, -0), (-0, 1, -0), (-0, 1, -0), (-0, 1, -0), (-0, 1, -0), (-0, 1, -0), (-0, 1, -0), (-0, 1, -0), (-0, 1, -0), (-0, 1, -0), (-0, 1, -0), (-0, 1, -0), (-0, 1, -0), (-0, 1, -0), (-0, 1, -0), (-0, 1, -0), (-0, 1, -0), (-0, 1, -0), (-0, 1, -0), (-0, 1, -0), (-0, 1, -0), (-0, 1, -0), (-0, 1, -0), (-0, 1, -0), (-0, 1, -0), (-0, 1, -0), (-0, 1, -0), (-0, 1, -0), (-0, 1, -0), (-0, 1, -0), (-0, 1, -0), (-0, 1, -0), (-0, 1, -0)] (interpolation = "vertex")
            float3[] extent = [(-0.00465, 0.001185, -0.005), (0.00465, 0.001185, 0.0022)]
            rel material:binding = </WorkbenchPart/Materials/label_rx_elrs_2_4_GHz>
            texCoord2f[] primvars:st = [(0, 1), (0, 0.875), (0, 0.75), (0, 0.625), (0, 0.5), (0, 0.375), (0, 0.25), (0, 0.125), (0, 0), (0.125, 1), (0.125, 0.875), (0.125, 0.75), (0.125, 0.625), (0.125, 0.5), (0.125, 0.375), (0.125, 0.25), (0.125, 0.125), (0.125, 0), (0.25, 1), (0.25, 0.875), (0.25, 0.75), (0.25, 0.625), (0.25, 0.5), (0.25, 0.375), (0.25, 0.25), (0.25, 0.125), (0.25, 0), (0.375, 1), (0.375, 0.875), (0.375, 0.75), (0.375, 0.625), (0.375, 0.5), (0.375, 0.375), (0.375, 0.25), (0.375, 0.125), (0.375, 0), (0.5, 1), (0.5, 0.875), (0.5, 0.75), (0.5, 0.625), (0.5, 0.5), (0.5, 0.375), (0.5, 0.25), (0.5, 0.125), (0.5, 0), (0.625, 1), (0.625, 0.875), (0.625, 0.75), (0.625, 0.625), (0.625, 0.5), (0.625, 0.375), (0.625, 0.25), (0.625, 0.125), (0.625, 0), (0.75, 1), (0.75, 0.875), (0.75, 0.75), (0.75, 0.625), (0.75, 0.5), (0.75, 0.375), (0.75, 0.25), (0.75, 0.125), (0.75, 0), (0.875, 1), (0.875, 0.875), (0.875, 0.75), (0.875, 0.625), (0.875, 0.5), (0.875, 0.375), (0.875, 0.25), (0.875, 0.125), (0.875, 0), (1, 1), (1, 0.875), (1, 0.75), (1, 0.625), (1, 0.5), (1, 0.375), (1, 0.25), (1, 0.125), (1, 0)] (interpolation = "vertex")
        }
    }
}
